discipline_root,candidate_approval_number,approval_year,project_type_contexts,discipline_scope_contexts,segment_ids,max_segment_density,priority,context_risk,next_probe_policy,exact_web_query,funding_web_query,crossref_filter,institution_site_query,status,selected_for_first_batch,warning,crossref_strict_http_status,crossref_strict_total_results,crossref_strict_exact_nsfc_work_count,crossref_fallback_http_status,crossref_fallback_total_results,crossref_fallback_exact_award_count,openalex_award_count,openalex_work_count,openalex_award_http_statuses,openalex_work_http_statuses,confirmed_sources,publication_evidence_count,existence_status,evidence_level,project_title_candidate,lead_investigator_candidate,institution_candidate,candidate_identity_source,official_confirmation_status,requires_web_review,next_action,source_errors,retrieved_at,warning,batch_source_directory
B,20001007,2000,youth_c,B01,2000|youth_c|B01|20001|3,0.875000,P3,true,manual_context_review_before_probe,"""20001007""","""20001007"" ""National Natural Science Foundation of China""","award.number:20001007,award.funder:501100001809","site:edu.cn OR site:ac.cn ""20001007""",queued,false,bibliographic/aggregator evidence only; API channels may share provenance; no PI or project fact inferred,200,0,0,200,16,16,0,0,200,200,,0,award_number_only,D_award_only,,,,,not_checked,true,exact_web_and_institution_search,,2026-08-27T07:50:51+00:00,bibliographic/aggregator evidence only; API channels may share provenance; no PI or project fact inferred,/home/runner/work/PolyFT/PolyFT/downloaded-remaining/nsfc-be-probe-batch-003
B,20007002,2000,youth_c,B06,2000|youth_c|B06|20007|3,0.833333,P3,false,low_rate_probe,"""20007002""","""20007002"" ""National Natural Science Foundation of China""","award.number:20007002,award.funder:501100001809","site:edu.cn OR site:ac.cn ""20007002""",queued,false,bibliographic/aggregator evidence only; API channels may share provenance; no PI or project fact inferred,200,0,0,200,0,0,0,0,200,200,,0,no_match_all_sources,E_negative_probe_only,,,,,not_checked,true,exact_web_and_institution_search,,2026-08-27T07:57:16+00:00,bibliographic/aggregator evidence only; API channels may share provenance; no PI or project fact inferred,/home/runner/work/PolyFT/PolyFT/downloaded-remaining/nsfc-be-probe-batch-004
B,20075019,2000,general,B04,2000|general|B04|20075|3,0.885714,P3,true,manual_context_review_before_probe,"""20075019""","""20075019"" ""National Natural Science Foundation of China""","award.number:20075019,award.funder:501100001809","site:edu.cn OR site:ac.cn ""20075019""",queued,false,bibliographic/aggregator evidence only; API channels may share provenance; no PI or project fact inferred,200,0,0,200,0,0,0,0,200,200,,0,no_match_all_sources,E_negative_probe_only,,,,,not_checked,true,exact_web_and_institution_search,,2026-08-27T07:50:51+00:00,bibliographic/aggregator evidence only; API channels may share provenance; no PI or project fact inferred,/home/runner/work/PolyFT/PolyFT/downloaded-remaining/nsfc-be-probe-batch-003
B,20075021,2000,general,B04,2000|general|B04|20075|3,0.885714,P3,true,manual_context_review_before_probe,"""20075021""","""20075021"" ""National Natural Science Foundation of China""","award.number:20075021,award.funder:501100001809","site:edu.cn OR site:ac.cn ""20075021""",queued,false,bibliographic/aggregator evidence only; API channels may share provenance; no PI or project fact inferred,200,0,0,200,1,1,0,0,200,200,,0,award_number_only,D_award_only,,,,,not_checked,true,exact_web_and_institution_search,,2026-08-27T07:50:51+00:00,bibliographic/aggregator evidence only; API channels may share provenance; no PI or project fact inferred,/home/runner/work/PolyFT/PolyFT/downloaded-remaining/nsfc-be-probe-batch-003
B,20075023,2000,general,B04,2000|general|B04|20075|3,0.885714,P3,true,manual_context_review_before_probe,"""20075023""","""20075023"" ""National Natural Science Foundation of China""","award.number:20075023,award.funder:501100001809","site:edu.cn OR site:ac.cn ""20075023""",queued,false,bibliographic/aggregator evidence only; API channels may share provenance; no PI or project fact inferred,200,0,0,200,0,0,0,0,200,200,,0,no_match_all_sources,E_negative_probe_only,,,,,not_checked,true,exact_web_and_institution_search,,2026-08-27T07:50:51+00:00,bibliographic/aggregator evidence only; API channels may share provenance; no PI or project fact inferred,/home/runner/work/PolyFT/PolyFT/downloaded-remaining/nsfc-be-probe-batch-003
B,20075026,2000,general,B04,2000|general|B04|20075|3,0.885714,P3,true,manual_context_review_before_probe,"""20075026""","""20075026"" ""National Natural Science Foundation of China""","award.number:20075026,award.funder:501100001809","site:edu.cn OR site:ac.cn ""20075026""",queued,false,bibliographic/aggregator evidence only; API channels may share provenance; no PI or project fact inferred,200,0,0,200,0,0,0,0,200,200,,0,no_match_all_sources,E_negative_probe_only,,,,,not_checked,true,exact_web_and_institution_search,,2026-08-27T07:50:51+00:00,bibliographic/aggregator evidence only; API channels may share provenance; no PI or project fact inferred,/home/runner/work/PolyFT/PolyFT/downloaded-remaining/nsfc-be-probe-batch-003
B,20102007,2001,youth_c,B01,2001|youth_c|B01|20102|3,0.875000,P3,true,manual_context_review_before_probe,"""20102007""","""20102007"" ""National Natural Science Foundation of China""","award.number:20102007,award.funder:501100001809","site:edu.cn OR site:ac.cn ""20102007""",queued,false,bibliographic/aggregator evidence only; API channels may share provenance; no PI or project fact inferred,200,1,1,,0,0,0,0,200,200,crossref,1,confirmed_bibliographic,C_bibliographic,,,,,not_checked,true,official_or_institutional_confirmation,,2026-08-27T07:50:51+00:00,bibliographic/aggregator evidence only; API channels may share provenance; no PI or project fact inferred,/home/runner/work/PolyFT/PolyFT/downloaded-remaining/nsfc-be-probe-batch-003
B,20103005,2001,youth_c,B03,2001|youth_c|B03|20103|3,0.800000,P3,true,manual_context_review_before_probe,"""20103005""","""20103005"" ""National Natural Science Foundation of China""","award.number:20103005,award.funder:501100001809","site:edu.cn OR site:ac.cn ""20103005""",queued,false,bibliographic/aggregator evidence only; API channels may share provenance; no PI or project fact inferred,200,0,0,200,1,1,0,0,200,200,,0,award_number_only,D_award_only,,,,,not_checked,true,exact_web_and_institution_search,,2026-08-27T07:58:42+00:00,bibliographic/aggregator evidence only; API channels may share provenance; no PI or project fact inferred,/home/runner/work/PolyFT/PolyFT/downloaded-remaining/nsfc-be-probe-batch-005
B,20103006,2001,youth_c,B03,2001|youth_c|B03|20103|3,0.800000,P3,true,manual_context_review_before_probe,"""20103006""","""20103006"" ""National Natural Science Foundation of China""","award.number:20103006,award.funder:501100001809","site:edu.cn OR site:ac.cn ""20103006""",queued,false,bibliographic/aggregator evidence only; API channels may share provenance; no PI or project fact inferred,200,1,0,200,2,2,0,0,200,200,,0,award_number_only,D_award_only,,,,,not_checked,true,exact_web_and_institution_search,,2026-08-27T07:58:42+00:00,bibliographic/aggregator evidence only; API channels may share provenance; no PI or project fact inferred,/home/runner/work/PolyFT/PolyFT/downloaded-remaining/nsfc-be-probe-batch-005
B,20106002,2001,youth_c,B08,2001|youth_c|B08|20106|3,0.812500,P3,true,manual_context_review_before_probe,"""20106002""","""20106002"" ""National Natural Science Foundation of China""","award.number:20106002,award.funder:501100001809","site:edu.cn OR site:ac.cn ""20106002""",queued,false,bibliographic/aggregator evidence only; API channels may share provenance; no PI or project fact inferred,200,6,0,200,7,7,0,0,200,200,,0,award_number_only,D_award_only,,,,,not_checked,true,exact_web_and_institution_search,,2026-08-27T07:58:42+00:00,bibliographic/aggregator evidence only; API channels may share provenance; no PI or project fact inferred,/home/runner/work/PolyFT/PolyFT/downloaded-remaining/nsfc-be-probe-batch-005
B,20106004,2001,youth_c,B08,2001|youth_c|B08|20106|3,0.812500,P3,true,manual_context_review_before_probe,"""20106004""","""20106004"" ""National Natural Science Foundation of China""","award.number:20106004,award.funder:501100001809","site:edu.cn OR site:ac.cn ""20106004""",queued,false,bibliographic/aggregator evidence only; API channels may share provenance; no PI or project fact inferred,200,0,0,200,3,3,0,0,200,200,,0,award_number_only,D_award_only,,,,,not_checked,true,exact_web_and_institution_search,,2026-08-27T07:58:42+00:00,bibliographic/aggregator evidence only; API channels may share provenance; no PI or project fact inferred,/home/runner/work/PolyFT/PolyFT/downloaded-remaining/nsfc-be-probe-batch-005
B,20106009,2001,youth_c,B08,2001|youth_c|B08|20106|3,0.812500,P3,true,manual_context_review_before_probe,"""20106009""","""20106009"" ""National Natural Science Foundation of China""","award.number:20106009,award.funder:501100001809","site:edu.cn OR site:ac.cn ""20106009""",queued,false,bibliographic/aggregator evidence only; API channels may share provenance; no PI or project fact inferred,200,0,0,200,0,0,0,0,200,200,,0,no_match_all_sources,E_negative_probe_only,,,,,not_checked,true,exact_web_and_institution_search,,2026-08-27T07:58:42+00:00,bibliographic/aggregator evidence only; API channels may share provenance; no PI or project fact inferred,/home/runner/work/PolyFT/PolyFT/downloaded-remaining/nsfc-be-probe-batch-005
B,20175013,2001,general,B04,2001|general|B04|20175|3,0.948718,P3,true,manual_context_review_before_probe,"""20175013""","""20175013"" ""National Natural Science Foundation of China""","award.number:20175013,award.funder:501100001809","site:edu.cn OR site:ac.cn ""20175013""",queued,false,bibliographic/aggregator evidence only; API channels may share provenance; no PI or project fact inferred,200,0,0,200,2,2,0,0,200,200,,0,award_number_only,D_award_only,,,,,not_checked,true,exact_web_and_institution_search,,2026-08-27T07:50:12+00:00,bibliographic/aggregator evidence only; API channels may share provenance; no PI or project fact inferred,/home/runner/work/PolyFT/PolyFT/downloaded-remaining/nsfc-be-probe-batch-002
B,20175036,2001,general,B04,2001|general|B04|20175|3,0.948718,P3,true,manual_context_review_before_probe,"""20175036""","""20175036"" ""National Natural Science Foundation of China""","award.number:20175036,award.funder:501100001809","site:edu.cn OR site:ac.cn ""20175036""",queued,false,bibliographic/aggregator evidence only; API channels may share provenance; no PI or project fact inferred,200,1,1,,0,0,0,0,200,200,crossref,1,confirmed_bibliographic,C_bibliographic,,,,,not_checked,true,official_or_institutional_confirmation,,2026-08-27T07:50:12+00:00,bibliographic/aggregator evidence only; API channels may share provenance; no PI or project fact inferred,/home/runner/work/PolyFT/PolyFT/downloaded-remaining/nsfc-be-probe-batch-002
B,20176025,2001,general,B08,2001|general|B08|20176|3,0.954545,P3,true,manual_context_review_before_probe,"""20176025""","""20176025"" ""National Natural Science Foundation of China""","award.number:20176025,award.funder:501100001809","site:edu.cn OR site:ac.cn ""20176025""",queued,false,bibliographic/aggregator evidence only; API channels may share provenance; no PI or project fact inferred,200,1,1,,0,0,0,0,200,200,crossref,1,confirmed_bibliographic,C_bibliographic,,,,,not_checked,true,official_or_institutional_confirmation,,2026-08-27T07:50:12+00:00,bibliographic/aggregator evidence only; API channels may share provenance; no PI or project fact inferred,/home/runner/work/PolyFT/PolyFT/downloaded-remaining/nsfc-be-probe-batch-002
B,20176034,2001,general,B08,2001|general|B08|20176|3,0.954545,P3,true,manual_context_review_before_probe,"""20176034""","""20176034"" ""National Natural Science Foundation of China""","award.number:20176034,award.funder:501100001809","site:edu.cn OR site:ac.cn ""20176034""",queued,false,bibliographic/aggregator evidence only; API channels may share provenance; no PI or project fact inferred,200,1,1,,0,0,0,0,200,200,crossref,1,confirmed_bibliographic,C_bibliographic,,,,,not_checked,true,official_or_institutional_confirmation,,2026-08-27T07:50:12+00:00,bibliographic/aggregator evidence only; API channels may share provenance; no PI or project fact inferred,/home/runner/work/PolyFT/PolyFT/downloaded-remaining/nsfc-be-probe-batch-002
B,20176053,2001,general,B08,2001|general|B08|20176|3,0.954545,P3,true,manual_context_review_before_probe,"""20176053""","""20176053"" ""National Natural Science Foundation of China""","award.number:20176053,award.funder:501100001809","site:edu.cn OR site:ac.cn ""20176053""",queued,false,bibliographic/aggregator evidence only; API channels may share provenance; no PI or project fact inferred,200,0,0,200,0,0,0,0,200,200,,0,no_match_all_sources,E_negative_probe_only,,,,,not_checked,true,exact_web_and_institution_search,,2026-08-27T07:50:12+00:00,bibliographic/aggregator evidence only; API channels may share provenance; no PI or project fact inferred,/home/runner/work/PolyFT/PolyFT/downloaded-remaining/nsfc-be-probe-batch-002
B,20202005,2002,youth_c,B01,2002|youth_c|B01|20202|3,0.846154,P3,true,manual_context_review_before_probe,"""20202005""","""20202005"" ""National Natural Science Foundation of China""","award.number:20202005,award.funder:501100001809","site:edu.cn OR site:ac.cn ""20202005""",queued,false,bibliographic/aggregator evidence only; API channels may share provenance; no PI or project fact inferred,200,0,0,200,2,3,0,0,200,200,,0,award_number_only,D_award_only,,,,,not_checked,true,exact_web_and_institution_search,,2026-08-27T07:57:16+00:00,bibliographic/aggregator evidence only; API channels may share provenance; no PI or project fact inferred,/home/runner/work/PolyFT/PolyFT/downloaded-remaining/nsfc-be-probe-batch-004
B,20202008,2002,youth_c,B01,2002|youth_c|B01|20202|3,0.846154,P3,true,manual_context_review_before_probe,"""20202008""","""20202008"" ""National Natural Science Foundation of China""","award.number:20202008,award.funder:501100001809","site:edu.cn OR site:ac.cn ""20202008""",queued,false,bibliographic/aggregator evidence only; API channels may share provenance; no PI or project fact inferred,200,0,0,200,2,2,0,0,200,200,,0,award_number_only,D_award_only,,,,,not_checked,true,exact_web_and_institution_search,,2026-08-27T07:57:16+00:00,bibliographic/aggregator evidence only; API channels may share provenance; no PI or project fact inferred,/home/runner/work/PolyFT/PolyFT/downloaded-remaining/nsfc-be-probe-batch-004
B,20261006,2002,regional,B01,2002|regional|B01|20261|3,0.833333,P3,true,manual_context_review_before_probe,"""20261006""","""20261006"" ""National Natural Science Foundation of China""","award.number:20261006,award.funder:501100001809","site:edu.cn OR site:ac.cn ""20261006""",queued,false,bibliographic/aggregator evidence only; API channels may share provenance; no PI or project fact inferred,200,0,0,200,1,1,0,0,200,200,,0,award_number_only,D_award_only,,,,,not_checked,true,exact_web_and_institution_search,,2026-08-27T07:57:16+00:00,bibliographic/aggregator evidence only; API channels may share provenance; no PI or project fact inferred,/home/runner/work/PolyFT/PolyFT/downloaded-remaining/nsfc-be-probe-batch-004
B,20275026,2002,general,B04,2002|general|B04|20275|3,0.978261,P3,true,manual_context_review_before_probe,"""20275026""","""20275026"" ""National Natural Science Foundation of China""","award.number:20275026,award.funder:501100001809","site:edu.cn OR site:ac.cn ""20275026""",queued,false,bibliographic/aggregator evidence only; API channels may share provenance; no PI or project fact inferred,200,0,0,200,0,0,0,0,200,200,,0,no_match_all_sources,E_negative_probe_only,,,,,not_checked,true,exact_web_and_institution_search,,2026-08-27T07:50:12+00:00,bibliographic/aggregator evidence only; API channels may share provenance; no PI or project fact inferred,/home/runner/work/PolyFT/PolyFT/downloaded-remaining/nsfc-be-probe-batch-002
B,20306003,2003,youth_c,B08,2003|youth_c|B08|20306|3,0.968750,P3,true,manual_context_review_before_probe,"""20306003""","""20306003"" ""National Natural Science Foundation of China""","award.number:20306003,award.funder:501100001809","site:edu.cn OR site:ac.cn ""20306003""",queued,false,bibliographic/aggregator evidence only; API channels may share provenance; no PI or project fact inferred,200,0,0,200,0,0,0,0,200,200,,0,no_match_all_sources,E_negative_probe_only,,,,,not_checked,true,exact_web_and_institution_search,,2026-08-27T07:50:12+00:00,bibliographic/aggregator evidence only; API channels may share provenance; no PI or project fact inferred,/home/runner/work/PolyFT/PolyFT/downloaded-remaining/nsfc-be-probe-batch-002
B,20341003,2003,special,B01,2003|special|B01|20341|3,0.833333,P3,true,manual_context_review_before_probe,"""20341003""","""20341003"" ""National Natural Science Foundation of China""","award.number:20341003,award.funder:501100001809","site:edu.cn OR site:ac.cn ""20341003""",queued,false,bibliographic/aggregator evidence only; API channels may share provenance; no PI or project fact inferred,200,0,0,200,0,0,0,0,200,200,,0,no_match_all_sources,E_negative_probe_only,,,,,not_checked,true,exact_web_and_institution_search,,2026-08-27T07:57:16+00:00,bibliographic/aggregator evidence only; API channels may share provenance; no PI or project fact inferred,/home/runner/work/PolyFT/PolyFT/downloaded-remaining/nsfc-be-probe-batch-004
B,20343004,2003,special,B02,2003|special|B02|20343|3,0.800000,P3,true,manual_context_review_before_probe,"""20343004""","""20343004"" ""National Natural Science Foundation of China""","award.number:20343004,award.funder:501100001809","site:edu.cn OR site:ac.cn ""20343004""",queued,false,bibliographic/aggregator evidence only; API channels may share provenance; no PI or project fact inferred,200,0,0,200,0,0,0,0,200,200,,0,no_match_all_sources,E_negative_probe_only,,,,,not_checked,true,exact_web_and_institution_search,,2026-08-27T07:58:42+00:00,bibliographic/aggregator evidence only; API channels may share provenance; no PI or project fact inferred,/home/runner/work/PolyFT/PolyFT/downloaded-remaining/nsfc-be-probe-batch-005
B,20366004,2003,regional,B08,2003|regional|B08|20366|3,0.800000,P3,true,manual_context_review_before_probe,"""20366004""","""20366004"" ""National Natural Science Foundation of China""","award.number:20366004,award.funder:501100001809","site:edu.cn OR site:ac.cn ""20366004""",queued,false,bibliographic/aggregator evidence only; API channels may share provenance; no PI or project fact inferred,200,0,0,200,0,0,0,0,200,200,,0,no_match_all_sources,E_negative_probe_only,,,,,not_checked,true,exact_web_and_institution_search,,2026-08-27T07:58:42+00:00,bibliographic/aggregator evidence only; API channels may share provenance; no PI or project fact inferred,/home/runner/work/PolyFT/PolyFT/downloaded-remaining/nsfc-be-probe-batch-005
B,20375012,2003,general,B04,2003|general|B04|20375|3,0.980392,P3,true,manual_context_review_before_probe,"""20375012""","""20375012"" ""National Natural Science Foundation of China""","award.number:20375012,award.funder:501100001809","site:edu.cn OR site:ac.cn ""20375012""",queued,false,bibliographic/aggregator evidence only; API channels may share provenance; no PI or project fact inferred,200,14,14,,0,0,0,0,200,200,crossref,14,confirmed_bibliographic,C_bibliographic,,,,,not_checked,true,official_or_institutional_confirmation,,2026-08-27T07:50:12+00:00,bibliographic/aggregator evidence only; API channels may share provenance; no PI or project fact inferred,/home/runner/work/PolyFT/PolyFT/downloaded-remaining/nsfc-be-probe-batch-002
B,20401004,2004,youth_c,B01,2004|youth_c|B01|20401|3,0.857143,P3,true,manual_context_review_before_probe,"""20401004""","""20401004"" ""National Natural Science Foundation of China""","award.number:20401004,award.funder:501100001809","site:edu.cn OR site:ac.cn ""20401004""",queued,false,bibliographic/aggregator evidence only; API channels may share provenance; no PI or project fact inferred,200,0,0,200,0,0,0,0,200,200,,0,no_match_all_sources,E_negative_probe_only,,,,,not_checked,true,exact_web_and_institution_search,,2026-08-27T07:57:16+00:00,bibliographic/aggregator evidence only; API channels may share provenance; no PI or project fact inferred,/home/runner/work/PolyFT/PolyFT/downloaded-remaining/nsfc-be-probe-batch-004
B,20401007,2004,youth_c,B01,2004|youth_c|B01|20401|3,0.857143,P3,true,manual_context_review_before_probe,"""20401007""","""20401007"" ""National Natural Science Foundation of China""","award.number:20401007,award.funder:501100001809","site:edu.cn OR site:ac.cn ""20401007""",queued,false,bibliographic/aggregator evidence only; API channels may share provenance; no PI or project fact inferred,200,0,0,200,1,1,0,0,200,200,,0,award_number_only,D_award_only,,,,,not_checked,true,exact_web_and_institution_search,,2026-08-27T07:57:16+00:00,bibliographic/aggregator evidence only; API channels may share provenance; no PI or project fact inferred,/home/runner/work/PolyFT/PolyFT/downloaded-remaining/nsfc-be-probe-batch-004
B,20443007,2004,special,B02,2004|special|B02|20443|3,0.875000,P3,true,manual_context_review_before_probe,"""20443007""","""20443007"" ""National Natural Science Foundation of China""","award.number:20443007,award.funder:501100001809","site:edu.cn OR site:ac.cn ""20443007""",queued,false,bibliographic/aggregator evidence only; API channels may share provenance; no PI or project fact inferred,200,0,0,200,0,0,0,0,200,200,,0,no_match_all_sources,E_negative_probe_only,,,,,not_checked,true,exact_web_and_institution_search,,2026-08-27T07:50:51+00:00,bibliographic/aggregator evidence only; API channels may share provenance; no PI or project fact inferred,/home/runner/work/PolyFT/PolyFT/downloaded-remaining/nsfc-be-probe-batch-003
B,20475044,2004,general,B04,2004|general|B04|20475|3,0.927536,P3,true,manual_context_review_before_probe,"""20475044""","""20475044"" ""National Natural Science Foundation of China""","award.number:20475044,award.funder:501100001809","site:edu.cn OR site:ac.cn ""20475044""",queued,false,bibliographic/aggregator evidence only; API channels may share provenance; no PI or project fact inferred,200,0,0,200,0,0,0,0,200,200,,0,no_match_all_sources,E_negative_probe_only,,,,,not_checked,true,exact_web_and_institution_search,,2026-08-27T07:50:51+00:00,bibliographic/aggregator evidence only; API channels may share provenance; no PI or project fact inferred,/home/runner/work/PolyFT/PolyFT/downloaded-remaining/nsfc-be-probe-batch-003
B,20475062,2004,general,B04,2004|general|B04|20475|3,0.927536,P3,true,manual_context_review_before_probe,"""20475062""","""20475062"" ""National Natural Science Foundation of China""","award.number:20475062,award.funder:501100001809","site:edu.cn OR site:ac.cn ""20475062""",queued,false,bibliographic/aggregator evidence only; API channels may share provenance; no PI or project fact inferred,200,0,0,200,0,0,0,0,200,200,,0,no_match_all_sources,E_negative_probe_only,,,,,not_checked,true,exact_web_and_institution_search,,2026-08-27T07:50:51+00:00,bibliographic/aggregator evidence only; API channels may share provenance; no PI or project fact inferred,/home/runner/work/PolyFT/PolyFT/downloaded-remaining/nsfc-be-probe-batch-003
B,20475066,2004,general,B04,2004|general|B04|20475|3,0.927536,P3,true,manual_context_review_before_probe,"""20475066""","""20475066"" ""National Natural Science Foundation of China""","award.number:20475066,award.funder:501100001809","site:edu.cn OR site:ac.cn ""20475066""",queued,false,bibliographic/aggregator evidence only; API channels may share provenance; no PI or project fact inferred,200,4,5,,0,0,0,0,200,200,crossref,3,confirmed_bibliographic,C_bibliographic,,,,,not_checked,true,official_or_institutional_confirmation,,2026-08-27T07:50:51+00:00,bibliographic/aggregator evidence only; API channels may share provenance; no PI or project fact inferred,/home/runner/work/PolyFT/PolyFT/downloaded-remaining/nsfc-be-probe-batch-003
B,20475067,2004,general,B04,2004|general|B04|20475|3,0.927536,P3,true,manual_context_review_before_probe,"""20475067""","""20475067"" ""National Natural Science Foundation of China""","award.number:20475067,award.funder:501100001809","site:edu.cn OR site:ac.cn ""20475067""",queued,false,bibliographic/aggregator evidence only; API channels may share provenance; no PI or project fact inferred,200,0,0,200,0,0,0,0,200,200,,0,no_match_all_sources,E_negative_probe_only,,,,,not_checked,true,exact_web_and_institution_search,,2026-08-27T07:50:51+00:00,bibliographic/aggregator evidence only; API channels may share provenance; no PI or project fact inferred,/home/runner/work/PolyFT/PolyFT/downloaded-remaining/nsfc-be-probe-batch-003
B,20475068,2004,general,B04,2004|general|B04|20475|3,0.927536,P3,true,manual_context_review_before_probe,"""20475068""","""20475068"" ""National Natural Science Foundation of China""","award.number:20475068,award.funder:501100001809","site:edu.cn OR site:ac.cn ""20475068""",queued,false,bibliographic/aggregator evidence only; API channels may share provenance; no PI or project fact inferred,200,1,1,,0,0,0,0,200,200,crossref,1,confirmed_bibliographic,C_bibliographic,,,,,not_checked,true,official_or_institutional_confirmation,,2026-08-27T07:50:51+00:00,bibliographic/aggregator evidence only; API channels may share provenance; no PI or project fact inferred,/home/runner/work/PolyFT/PolyFT/downloaded-remaining/nsfc-be-probe-batch-003
B,20476002,2004,general,B08,2004|general|B08|20476|3,0.972477,P3,true,manual_context_review_before_probe,"""20476002""","""20476002"" ""National Natural Science Foundation of China""","award.number:20476002,award.funder:501100001809","site:edu.cn OR site:ac.cn ""20476002""",queued,false,bibliographic/aggregator evidence only; API channels may share provenance; no PI or project fact inferred,200,1,1,,0,0,0,0,200,200,crossref,1,confirmed_bibliographic,C_bibliographic,,,,,not_checked,true,official_or_institutional_confirmation,,2026-08-27T07:50:12+00:00,bibliographic/aggregator evidence only; API channels may share provenance; no PI or project fact inferred,/home/runner/work/PolyFT/PolyFT/downloaded-remaining/nsfc-be-probe-batch-002
B,20476011,2004,general,B08,2004|general|B08|20476|3,0.972477,P3,true,manual_context_review_before_probe,"""20476011""","""20476011"" ""National Natural Science Foundation of China""","award.number:20476011,award.funder:501100001809","site:edu.cn OR site:ac.cn ""20476011""",queued,false,bibliographic/aggregator evidence only; API channels may share provenance; no PI or project fact inferred,200,0,0,200,0,0,0,0,200,200,,0,no_match_all_sources,E_negative_probe_only,,,,,not_checked,true,exact_web_and_institution_search,,2026-08-27T07:50:12+00:00,bibliographic/aggregator evidence only; API channels may share provenance; no PI or project fact inferred,/home/runner/work/PolyFT/PolyFT/downloaded-remaining/nsfc-be-probe-batch-002
B,20476060,2004,general,B08,2004|general|B08|20476|3,0.972477,P3,true,manual_context_review_before_probe,"""20476060""","""20476060"" ""National Natural Science Foundation of China""","award.number:20476060,award.funder:501100001809","site:edu.cn OR site:ac.cn ""20476060""",queued,false,bibliographic/aggregator evidence only; API channels may share provenance; no PI or project fact inferred,200,0,0,200,0,0,0,0,200,200,,0,no_match_all_sources,E_negative_probe_only,,,,,not_checked,true,exact_web_and_institution_search,,2026-08-27T07:50:12+00:00,bibliographic/aggregator evidence only; API channels may share provenance; no PI or project fact inferred,/home/runner/work/PolyFT/PolyFT/downloaded-remaining/nsfc-be-probe-batch-002
B,20505013,2005,youth_c,B04,2005|youth_c|B04|20505|3,0.900000,P3,true,manual_context_review_before_probe,"""20505013""","""20505013"" ""National Natural Science Foundation of China""","award.number:20505013,award.funder:501100001809","site:edu.cn OR site:ac.cn ""20505013""",queued,false,bibliographic/aggregator evidence only; API channels may share provenance; no PI or project fact inferred,200,0,0,200,0,0,0,0,200,200,,0,no_match_all_sources,E_negative_probe_only,,,,,not_checked,true,exact_web_and_institution_search,,2026-08-27T07:50:51+00:00,bibliographic/aggregator evidence only; API channels may share provenance; no PI or project fact inferred,/home/runner/work/PolyFT/PolyFT/downloaded-remaining/nsfc-be-probe-batch-003
B,20505015,2005,youth_c,B04,2005|youth_c|B04|20505|3,0.900000,P3,true,manual_context_review_before_probe,"""20505015""","""20505015"" ""National Natural Science Foundation of China""","award.number:20505015,award.funder:501100001809","site:edu.cn OR site:ac.cn ""20505015""",queued,false,bibliographic/aggregator evidence only; API channels may share provenance; no PI or project fact inferred,200,0,0,200,0,0,0,0,200,200,,0,no_match_all_sources,E_negative_probe_only,,,,,not_checked,true,exact_web_and_institution_search,,2026-08-27T07:50:51+00:00,bibliographic/aggregator evidence only; API channels may share provenance; no PI or project fact inferred,/home/runner/work/PolyFT/PolyFT/downloaded-remaining/nsfc-be-probe-batch-003
B,20506014,2005,youth_c,B08,2005|youth_c|B08|20506|3,0.931034,P3,true,manual_context_review_before_probe,"""20506014""","""20506014"" ""National Natural Science Foundation of China""","award.number:20506014,award.funder:501100001809","site:edu.cn OR site:ac.cn ""20506014""",queued,false,bibliographic/aggregator evidence only; API channels may share provenance; no PI or project fact inferred,200,0,0,200,0,0,0,0,200,200,,0,no_match_all_sources,E_negative_probe_only,,,,,not_checked,true,exact_web_and_institution_search,,2026-08-27T07:50:51+00:00,bibliographic/aggregator evidence only; API channels may share provenance; no PI or project fact inferred,/home/runner/work/PolyFT/PolyFT/downloaded-remaining/nsfc-be-probe-batch-003
B,20506015,2005,youth_c,B08,2005|youth_c|B08|20506|3,0.931034,P3,true,manual_context_review_before_probe,"""20506015""","""20506015"" ""National Natural Science Foundation of China""","award.number:20506015,award.funder:501100001809","site:edu.cn OR site:ac.cn ""20506015""",queued,false,bibliographic/aggregator evidence only; API channels may share provenance; no PI or project fact inferred,200,0,0,200,0,0,0,0,200,200,,0,no_match_all_sources,E_negative_probe_only,,,,,not_checked,true,exact_web_and_institution_search,,2026-08-27T07:50:51+00:00,bibliographic/aggregator evidence only; API channels may share provenance; no PI or project fact inferred,/home/runner/work/PolyFT/PolyFT/downloaded-remaining/nsfc-be-probe-batch-003
B,20507020,2005,youth_c,B06,2005|youth_c|B06|20507|3,0.956522,P3,true,manual_context_review_before_probe,"""20507020""","""20507020"" ""National Natural Science Foundation of China""","award.number:20507020,award.funder:501100001809","site:edu.cn OR site:ac.cn ""20507020""",queued,false,bibliographic/aggregator evidence only; API channels may share provenance; no PI or project fact inferred,200,0,0,200,0,0,0,0,200,200,,0,no_match_all_sources,E_negative_probe_only,,,,,not_checked,true,exact_web_and_institution_search,,2026-08-27T07:50:12+00:00,bibliographic/aggregator evidence only; API channels may share provenance; no PI or project fact inferred,/home/runner/work/PolyFT/PolyFT/downloaded-remaining/nsfc-be-probe-batch-002
B,20543002,2005,special,B02,2005|special|B02|20543|3,0.857143,P3,true,manual_context_review_before_probe,"""20543002""","""20543002"" ""National Natural Science Foundation of China""","award.number:20543002,award.funder:501100001809","site:edu.cn OR site:ac.cn ""20543002""",queued,false,bibliographic/aggregator evidence only; API channels may share provenance; no PI or project fact inferred,200,4,4,,0,0,0,0,200,200,crossref,4,confirmed_bibliographic,C_bibliographic,,,,,not_checked,true,official_or_institutional_confirmation,,2026-08-27T07:57:16+00:00,bibliographic/aggregator evidence only; API channels may share provenance; no PI or project fact inferred,/home/runner/work/PolyFT/PolyFT/downloaded-remaining/nsfc-be-probe-batch-004
B,20566003,2005,regional,B08,2005|regional|B08|20566|3,0.800000,P3,true,manual_context_review_before_probe,"""20566003""","""20566003"" ""National Natural Science Foundation of China""","award.number:20566003,award.funder:501100001809","site:edu.cn OR site:ac.cn ""20566003""",queued,false,bibliographic/aggregator evidence only; API channels may share provenance; no PI or project fact inferred,200,0,0,200,0,0,0,0,200,200,,0,no_match_all_sources,E_negative_probe_only,,,,,not_checked,true,exact_web_and_institution_search,,2026-08-27T07:58:42+00:00,bibliographic/aggregator evidence only; API channels may share provenance; no PI or project fact inferred,/home/runner/work/PolyFT/PolyFT/downloaded-remaining/nsfc-be-probe-batch-005
B,20575024,2005,general,B04,2005|general|B04|20575|3,0.962963,P3,true,manual_context_review_before_probe,"""20575024""","""20575024"" ""National Natural Science Foundation of China""","award.number:20575024,award.funder:501100001809","site:edu.cn OR site:ac.cn ""20575024""",queued,false,bibliographic/aggregator evidence only; API channels may share provenance; no PI or project fact inferred,200,0,0,200,0,0,0,0,200,200,,0,no_match_all_sources,E_negative_probe_only,,,,,not_checked,true,exact_web_and_institution_search,,2026-08-27T07:50:12+00:00,bibliographic/aggregator evidence only; API channels may share provenance; no PI or project fact inferred,/home/runner/work/PolyFT/PolyFT/downloaded-remaining/nsfc-be-probe-batch-002
B,20575031,2005,general,B04,2005|general|B04|20575|3,0.962963,P3,true,manual_context_review_before_probe,"""20575031""","""20575031"" ""National Natural Science Foundation of China""","award.number:20575031,award.funder:501100001809","site:edu.cn OR site:ac.cn ""20575031""",queued,false,bibliographic/aggregator evidence only; API channels may share provenance; no PI or project fact inferred,200,4,4,,0,0,0,0,200,200,crossref,4,confirmed_bibliographic,C_bibliographic,,,,,not_checked,true,official_or_institutional_confirmation,,2026-08-27T07:50:12+00:00,bibliographic/aggregator evidence only; API channels may share provenance; no PI or project fact inferred,/home/runner/work/PolyFT/PolyFT/downloaded-remaining/nsfc-be-probe-batch-002
B,20575061,2005,general,B04,2005|general|B04|20575|3,0.962963,P3,true,manual_context_review_before_probe,"""20575061""","""20575061"" ""National Natural Science Foundation of China""","award.number:20575061,award.funder:501100001809","site:edu.cn OR site:ac.cn ""20575061""",queued,false,bibliographic/aggregator evidence only; API channels may share provenance; no PI or project fact inferred,200,1,1,,0,0,0,0,200,200,crossref,1,confirmed_bibliographic,C_bibliographic,,,,,not_checked,true,official_or_institutional_confirmation,,2026-08-27T07:50:12+00:00,bibliographic/aggregator evidence only; API channels may share provenance; no PI or project fact inferred,/home/runner/work/PolyFT/PolyFT/downloaded-remaining/nsfc-be-probe-batch-002
B,20576003,2005,general,B08,2005|general|B08|20576|3,0.971831,P3,true,manual_context_review_before_probe,"""20576003""","""20576003"" ""National Natural Science Foundation of China""","award.number:20576003,award.funder:501100001809","site:edu.cn OR site:ac.cn ""20576003""",queued,false,bibliographic/aggregator evidence only; API channels may share provenance; no PI or project fact inferred,200,0,0,200,0,0,0,0,200,200,,0,no_match_all_sources,E_negative_probe_only,,,,,not_checked,true,exact_web_and_institution_search,,2026-08-27T07:50:12+00:00,bibliographic/aggregator evidence only; API channels may share provenance; no PI or project fact inferred,/home/runner/work/PolyFT/PolyFT/downloaded-remaining/nsfc-be-probe-batch-002
B,20576015,2005,general,B08,2005|general|B08|20576|3,0.971831,P3,true,manual_context_review_before_probe,"""20576015""","""20576015"" ""National Natural Science Foundation of China""","award.number:20576015,award.funder:501100001809","site:edu.cn OR site:ac.cn ""20576015""",queued,false,bibliographic/aggregator evidence only; API channels may share provenance; no PI or project fact inferred,200,0,0,200,0,0,0,0,200,200,,0,no_match_all_sources,E_negative_probe_only,,,,,not_checked,true,exact_web_and_institution_search,,2026-08-27T07:50:12+00:00,bibliographic/aggregator evidence only; API channels may share provenance; no PI or project fact inferred,/home/runner/work/PolyFT/PolyFT/downloaded-remaining/nsfc-be-probe-batch-002
B,20576042,2005,general,B08,2005|general|B08|20576|3,0.971831,P3,true,manual_context_review_before_probe,"""20576042""","""20576042"" ""National Natural Science Foundation of China""","award.number:20576042,award.funder:501100001809","site:edu.cn OR site:ac.cn ""20576042""",queued,false,bibliographic/aggregator evidence only; API channels may share provenance; no PI or project fact inferred,200,0,0,200,0,0,0,0,200,200,,0,no_match_all_sources,E_negative_probe_only,,,,,not_checked,true,exact_web_and_institution_search,,2026-08-27T07:50:12+00:00,bibliographic/aggregator evidence only; API channels may share provenance; no PI or project fact inferred,/home/runner/work/PolyFT/PolyFT/downloaded-remaining/nsfc-be-probe-batch-002
B,20576053,2005,general,B08,2005|general|B08|20576|3,0.971831,P3,true,manual_context_review_before_probe,"""20576053""","""20576053"" ""National Natural Science Foundation of China""","award.number:20576053,award.funder:501100001809","site:edu.cn OR site:ac.cn ""20576053""",queued,false,bibliographic/aggregator evidence only; API channels may share provenance; no PI or project fact inferred,200,1,1,,0,0,0,0,200,200,crossref,1,confirmed_bibliographic,C_bibliographic,,,,,not_checked,true,official_or_institutional_confirmation,,2026-08-27T07:50:12+00:00,bibliographic/aggregator evidence only; API channels may share provenance; no PI or project fact inferred,/home/runner/work/PolyFT/PolyFT/downloaded-remaining/nsfc-be-probe-batch-002
B,20605003,2006,youth_c,B04,2006|youth_c|B04|20605|3,0.928571,P3,true,manual_context_review_before_probe,"""20605003""","""20605003"" ""National Natural Science Foundation of China""","award.number:20605003,award.funder:501100001809","site:edu.cn OR site:ac.cn ""20605003""",queued,false,bibliographic/aggregator evidence only; API channels may share provenance; no PI or project fact inferred,200,3,3,,0,0,0,0,200,200,crossref,3,confirmed_bibliographic,C_bibliographic,,,,,not_checked,true,official_or_institutional_confirmation,,2026-08-27T07:50:51+00:00,bibliographic/aggregator evidence only; API channels may share provenance; no PI or project fact inferred,/home/runner/work/PolyFT/PolyFT/downloaded-remaining/nsfc-be-probe-batch-003
B,20605010,2006,youth_c,B04,2006|youth_c|B04|20605|3,0.928571,P3,true,manual_context_review_before_probe,"""20605010""","""20605010"" ""National Natural Science Foundation of China""","award.number:20605010,award.funder:501100001809","site:edu.cn OR site:ac.cn ""20605010""",queued,false,bibliographic/aggregator evidence only; API channels may share provenance; no PI or project fact inferred,200,5,5,,0,0,0,0,200,200,crossref,5,confirmed_bibliographic,C_bibliographic,,,,,not_checked,true,official_or_institutional_confirmation,,2026-08-27T07:50:51+00:00,bibliographic/aggregator evidence only; API channels may share provenance; no PI or project fact inferred,/home/runner/work/PolyFT/PolyFT/downloaded-remaining/nsfc-be-probe-batch-003
B,20606016,2006,youth_c,B08,2006|youth_c|B08|20606|3,0.973684,P3,true,manual_context_review_before_probe,"""20606016""","""20606016"" ""National Natural Science Foundation of China""","award.number:20606016,award.funder:501100001809","site:edu.cn OR site:ac.cn ""20606016""",queued,false,bibliographic/aggregator evidence only; API channels may share provenance; no PI or project fact inferred,200,2,2,,0,0,0,0,200,200,crossref,2,confirmed_bibliographic,C_bibliographic,,,,,not_checked,true,official_or_institutional_confirmation,,2026-08-27T07:50:12+00:00,bibliographic/aggregator evidence only; API channels may share provenance; no PI or project fact inferred,/home/runner/work/PolyFT/PolyFT/downloaded-remaining/nsfc-be-probe-batch-002
B,20662003,2006,regional,B07,2006|regional|B07|20662|3,0.875000,P3,true,manual_context_review_before_probe,"""20662003""","""20662003"" ""National Natural Science Foundation of China""","award.number:20662003,award.funder:501100001809","site:edu.cn OR site:ac.cn ""20662003""",queued,false,bibliographic/aggregator evidence only; API channels may share provenance; no PI or project fact inferred,200,6,6,,0,0,0,0,200,200,crossref,6,confirmed_bibliographic,C_bibliographic,,,,,not_checked,true,official_or_institutional_confirmation,,2026-08-27T07:50:51+00:00,bibliographic/aggregator evidence only; API channels may share provenance; no PI or project fact inferred,/home/runner/work/PolyFT/PolyFT/downloaded-remaining/nsfc-be-probe-batch-003
B,20675057,2006,general,B04,2006|general|B04|20675|3,0.966292,P3,true,manual_context_review_before_probe,"""20675057""","""20675057"" ""National Natural Science Foundation of China""","award.number:20675057,award.funder:501100001809","site:edu.cn OR site:ac.cn ""20675057""",queued,false,bibliographic/aggregator evidence only; API channels may share provenance; no PI or project fact inferred,200,3,3,,0,0,0,0,200,200,crossref,3,confirmed_bibliographic,C_bibliographic,,,,,not_checked,true,official_or_institutional_confirmation,,2026-08-27T07:50:12+00:00,bibliographic/aggregator evidence only; API channels may share provenance; no PI or project fact inferred,/home/runner/work/PolyFT/PolyFT/downloaded-remaining/nsfc-be-probe-batch-002
B,20675063,2006,general,B04,2006|general|B04|20675|3,0.966292,P3,true,manual_context_review_before_probe,"""20675063""","""20675063"" ""National Natural Science Foundation of China""","award.number:20675063,award.funder:501100001809","site:edu.cn OR site:ac.cn ""20675063""",queued,false,bibliographic/aggregator evidence only; API channels may share provenance; no PI or project fact inferred,200,0,0,200,0,0,0,0,200,200,,0,no_match_all_sources,E_negative_probe_only,,,,,not_checked,true,exact_web_and_institution_search,,2026-08-27T07:50:12+00:00,bibliographic/aggregator evidence only; API channels may share provenance; no PI or project fact inferred,/home/runner/work/PolyFT/PolyFT/downloaded-remaining/nsfc-be-probe-batch-002
B,20675073,2006,general,B04,2006|general|B04|20675|3,0.966292,P3,true,manual_context_review_before_probe,"""20675073""","""20675073"" ""National Natural Science Foundation of China""","award.number:20675073,award.funder:501100001809","site:edu.cn OR site:ac.cn ""20675073""",queued,false,bibliographic/aggregator evidence only; API channels may share provenance; no PI or project fact inferred,200,1,1,,0,0,0,0,200,200,crossref,1,confirmed_bibliographic,C_bibliographic,,,,,not_checked,true,official_or_institutional_confirmation,,2026-08-27T07:50:12+00:00,bibliographic/aggregator evidence only; API channels may share provenance; no PI or project fact inferred,/home/runner/work/PolyFT/PolyFT/downloaded-remaining/nsfc-be-probe-batch-002
B,20676049,2006,general,B08,2006|general|B08|20676|3,0.993590,P3,true,manual_context_review_before_probe,"""20676049""","""20676049"" ""National Natural Science Foundation of China""","award.number:20676049,award.funder:501100001809","site:edu.cn OR site:ac.cn ""20676049""",queued,false,bibliographic/aggregator evidence only; API channels may share provenance; no PI or project fact inferred,200,2,2,,0,0,0,0,200,200,crossref,2,confirmed_bibliographic,C_bibliographic,,,,,not_checked,true,official_or_institutional_confirmation,,2026-08-27T07:50:12+00:00,bibliographic/aggregator evidence only; API channels may share provenance; no PI or project fact inferred,/home/runner/work/PolyFT/PolyFT/downloaded-remaining/nsfc-be-probe-batch-002
B,20705011,2007,youth_c,B04,2007|youth_c|B04|20705|3,0.880952,P3,true,manual_context_review_before_probe,"""20705011""","""20705011"" ""National Natural Science Foundation of China""","award.number:20705011,award.funder:501100001809","site:edu.cn OR site:ac.cn ""20705011""",queued,false,bibliographic/aggregator evidence only; API channels may share provenance; no PI or project fact inferred,200,0,0,200,0,0,0,0,200,200,,0,no_match_all_sources,E_negative_probe_only,,,,,not_checked,true,exact_web_and_institution_search,,2026-08-27T07:50:51+00:00,bibliographic/aggregator evidence only; API channels may share provenance; no PI or project fact inferred,/home/runner/work/PolyFT/PolyFT/downloaded-remaining/nsfc-be-probe-batch-003
B,20705022,2007,youth_c,B04,2007|youth_c|B04|20705|3,0.880952,P3,true,manual_context_review_before_probe,"""20705022""","""20705022"" ""National Natural Science Foundation of China""","award.number:20705022,award.funder:501100001809","site:edu.cn OR site:ac.cn ""20705022""",queued,false,bibliographic/aggregator evidence only; API channels may share provenance; no PI or project fact inferred,200,0,0,200,0,0,0,0,200,200,,0,no_match_all_sources,E_negative_probe_only,,,,,not_checked,true,exact_web_and_institution_search,,2026-08-27T07:50:51+00:00,bibliographic/aggregator evidence only; API channels may share provenance; no PI or project fact inferred,/home/runner/work/PolyFT/PolyFT/downloaded-remaining/nsfc-be-probe-batch-003
B,20705024,2007,youth_c,B04,2007|youth_c|B04|20705|3,0.880952,P3,true,manual_context_review_before_probe,"""20705024""","""20705024"" ""National Natural Science Foundation of China""","award.number:20705024,award.funder:501100001809","site:edu.cn OR site:ac.cn ""20705024""",queued,false,bibliographic/aggregator evidence only; API channels may share provenance; no PI or project fact inferred,200,2,2,,0,0,0,0,200,200,crossref,2,confirmed_bibliographic,C_bibliographic,,,,,not_checked,true,official_or_institutional_confirmation,,2026-08-27T07:50:51+00:00,bibliographic/aggregator evidence only; API channels may share provenance; no PI or project fact inferred,/home/runner/work/PolyFT/PolyFT/downloaded-remaining/nsfc-be-probe-batch-003
B,20705027,2007,youth_c,B04,2007|youth_c|B04|20705|3,0.880952,P3,true,manual_context_review_before_probe,"""20705027""","""20705027"" ""National Natural Science Foundation of China""","award.number:20705027,award.funder:501100001809","site:edu.cn OR site:ac.cn ""20705027""",queued,false,bibliographic/aggregator evidence only; API channels may share provenance; no PI or project fact inferred,200,0,0,200,0,0,0,0,200,200,,0,no_match_all_sources,E_negative_probe_only,,,,,not_checked,true,exact_web_and_institution_search,,2026-08-27T07:50:51+00:00,bibliographic/aggregator evidence only; API channels may share provenance; no PI or project fact inferred,/home/runner/work/PolyFT/PolyFT/downloaded-remaining/nsfc-be-probe-batch-003
B,20705032,2007,youth_c,B04,2007|youth_c|B04|20705|3,0.880952,P3,true,manual_context_review_before_probe,"""20705032""","""20705032"" ""National Natural Science Foundation of China""","award.number:20705032,award.funder:501100001809","site:edu.cn OR site:ac.cn ""20705032""",queued,false,bibliographic/aggregator evidence only; API channels may share provenance; no PI or project fact inferred,200,0,0,200,0,0,0,0,200,200,,0,no_match_all_sources,E_negative_probe_only,,,,,not_checked,true,exact_web_and_institution_search,,2026-08-27T07:50:51+00:00,bibliographic/aggregator evidence only; API channels may share provenance; no PI or project fact inferred,/home/runner/work/PolyFT/PolyFT/downloaded-remaining/nsfc-be-probe-batch-003
B,20707004,2007,youth_c,B06,2007|youth_c|B06|20707|3,0.975610,P3,true,manual_context_review_before_probe,"""20707004""","""20707004"" ""National Natural Science Foundation of China""","award.number:20707004,award.funder:501100001809","site:edu.cn OR site:ac.cn ""20707004""",queued,false,bibliographic/aggregator evidence only; API channels may share provenance; no PI or project fact inferred,200,0,0,200,0,0,0,0,200,200,,0,no_match_all_sources,E_negative_probe_only,,,,,not_checked,true,exact_web_and_institution_search,,2026-08-27T07:50:12+00:00,bibliographic/aggregator evidence only; API channels may share provenance; no PI or project fact inferred,/home/runner/work/PolyFT/PolyFT/downloaded-remaining/nsfc-be-probe-batch-002
B,20732004,2007,key,B01,2007|key|B01|20732|3,0.857143,P3,true,manual_context_review_before_probe,"""20732004""","""20732004"" ""National Natural Science Foundation of China""","award.number:20732004,award.funder:501100001809","site:edu.cn OR site:ac.cn ""20732004""",queued,false,bibliographic/aggregator evidence only; API channels may share provenance; no PI or project fact inferred,200,4,6,,0,0,0,0,200,200,crossref,4,confirmed_bibliographic,C_bibliographic,,,,,not_checked,true,official_or_institutional_confirmation,,2026-08-27T07:57:16+00:00,bibliographic/aggregator evidence only; API channels may share provenance; no PI or project fact inferred,/home/runner/work/PolyFT/PolyFT/downloaded-remaining/nsfc-be-probe-batch-004
B,20733004,2007,key,B03,2007|key|B03|20733|3,0.875000,P3,true,manual_context_review_before_probe,"""20733004""","""20733004"" ""National Natural Science Foundation of China""","award.number:20733004,award.funder:501100001809","site:edu.cn OR site:ac.cn ""20733004""",queued,false,bibliographic/aggregator evidence only; API channels may share provenance; no PI or project fact inferred,200,1,1,,0,0,0,0,200,200,crossref,1,confirmed_bibliographic,C_bibliographic,,,,,not_checked,true,official_or_institutional_confirmation,,2026-08-27T07:50:51+00:00,bibliographic/aggregator evidence only; API channels may share provenance; no PI or project fact inferred,/home/runner/work/PolyFT/PolyFT/downloaded-remaining/nsfc-be-probe-batch-003
B,20741005,2007,special,B01,2007|special|B01|20741|3,0.857143,P3,true,manual_context_review_before_probe,"""20741005""","""20741005"" ""National Natural Science Foundation of China""","award.number:20741005,award.funder:501100001809","site:edu.cn OR site:ac.cn ""20741005""",queued,false,bibliographic/aggregator evidence only; API channels may share provenance; no PI or project fact inferred,200,0,0,200,0,0,0,0,200,200,,0,no_match_all_sources,E_negative_probe_only,,,,,not_checked,true,exact_web_and_institution_search,,2026-08-27T07:57:16+00:00,bibliographic/aggregator evidence only; API channels may share provenance; no PI or project fact inferred,/home/runner/work/PolyFT/PolyFT/downloaded-remaining/nsfc-be-probe-batch-004
B,20763007,2007,regional,B02,2007|regional|B02|20763|3,0.888889,P3,true,manual_context_review_before_probe,"""20763007""","""20763007"" ""National Natural Science Foundation of China""","award.number:20763007,award.funder:501100001809","site:edu.cn OR site:ac.cn ""20763007""",queued,false,bibliographic/aggregator evidence only; API channels may share provenance; no PI or project fact inferred,200,0,0,200,0,0,0,0,200,200,,0,no_match_all_sources,E_negative_probe_only,,,,,not_checked,true,exact_web_and_institution_search,,2026-08-27T07:50:51+00:00,bibliographic/aggregator evidence only; API channels may share provenance; no PI or project fact inferred,/home/runner/work/PolyFT/PolyFT/downloaded-remaining/nsfc-be-probe-batch-003
B,20775025,2007,general,B04,2007|general|B04|20775|3,0.947917,P3,true,manual_context_review_before_probe,"""20775025""","""20775025"" ""National Natural Science Foundation of China""","award.number:20775025,award.funder:501100001809","site:edu.cn OR site:ac.cn ""20775025""",queued,false,bibliographic/aggregator evidence only; API channels may share provenance; no PI or project fact inferred,200,8,8,,0,0,0,0,200,200,crossref,8,confirmed_bibliographic,C_bibliographic,,,,,not_checked,true,official_or_institutional_confirmation,,2026-08-27T07:50:12+00:00,bibliographic/aggregator evidence only; API channels may share provenance; no PI or project fact inferred,/home/runner/work/PolyFT/PolyFT/downloaded-remaining/nsfc-be-probe-batch-002
B,20775036,2007,general,B04,2007|general|B04|20775|3,0.947917,P3,true,manual_context_review_before_probe,"""20775036""","""20775036"" ""National Natural Science Foundation of China""","award.number:20775036,award.funder:501100001809","site:edu.cn OR site:ac.cn ""20775036""",queued,false,bibliographic/aggregator evidence only; API channels may share provenance; no PI or project fact inferred,200,3,3,,0,0,0,0,200,200,crossref,3,confirmed_bibliographic,C_bibliographic,,,,,not_checked,true,official_or_institutional_confirmation,,2026-08-27T07:50:12+00:00,bibliographic/aggregator evidence only; API channels may share provenance; no PI or project fact inferred,/home/runner/work/PolyFT/PolyFT/downloaded-remaining/nsfc-be-probe-batch-002
B,20775049,2007,general,B04,2007|general|B04|20775|3,0.947917,P3,true,manual_context_review_before_probe,"""20775049""","""20775049"" ""National Natural Science Foundation of China""","award.number:20775049,award.funder:501100001809","site:edu.cn OR site:ac.cn ""20775049""",queued,false,bibliographic/aggregator evidence only; API channels may share provenance; no PI or project fact inferred,200,0,0,200,0,0,0,0,200,200,,0,no_match_all_sources,E_negative_probe_only,,,,,not_checked,true,exact_web_and_institution_search,,2026-08-27T07:50:12+00:00,bibliographic/aggregator evidence only; API channels may share provenance; no PI or project fact inferred,/home/runner/work/PolyFT/PolyFT/downloaded-remaining/nsfc-be-probe-batch-002
B,20775052,2007,general,B04,2007|general|B04|20775|3,0.947917,P3,true,manual_context_review_before_probe,"""20775052""","""20775052"" ""National Natural Science Foundation of China""","award.number:20775052,award.funder:501100001809","site:edu.cn OR site:ac.cn ""20775052""",queued,false,bibliographic/aggregator evidence only; API channels may share provenance; no PI or project fact inferred,200,0,0,200,0,0,0,0,200,200,,0,no_match_all_sources,E_negative_probe_only,,,,,not_checked,true,exact_web_and_institution_search,,2026-08-27T07:50:12+00:00,bibliographic/aggregator evidence only; API channels may share provenance; no PI or project fact inferred,/home/runner/work/PolyFT/PolyFT/downloaded-remaining/nsfc-be-probe-batch-002
B,20775091,2007,general,B04,2007|general|B04|20775|3,0.947917,P3,true,manual_context_review_before_probe,"""20775091""","""20775091"" ""National Natural Science Foundation of China""","award.number:20775091,award.funder:501100001809","site:edu.cn OR site:ac.cn ""20775091""",queued,false,bibliographic/aggregator evidence only; API channels may share provenance; no PI or project fact inferred,200,1,1,,0,0,0,0,200,200,crossref,1,confirmed_bibliographic,C_bibliographic,,,,,not_checked,true,official_or_institutional_confirmation,,2026-08-27T07:50:12+00:00,bibliographic/aggregator evidence only; API channels may share provenance; no PI or project fact inferred,/home/runner/work/PolyFT/PolyFT/downloaded-remaining/nsfc-be-probe-batch-002
B,20776012,2007,general,B08,2007|general|B08|20776|3,0.987879,P3,true,manual_context_review_before_probe,"""20776012""","""20776012"" ""National Natural Science Foundation of China""","award.number:20776012,award.funder:501100001809","site:edu.cn OR site:ac.cn ""20776012""",queued,false,bibliographic/aggregator evidence only; API channels may share provenance; no PI or project fact inferred,200,0,0,200,0,0,0,0,200,200,,0,no_match_all_sources,E_negative_probe_only,,,,,not_checked,true,exact_web_and_institution_search,,2026-08-27T07:50:12+00:00,bibliographic/aggregator evidence only; API channels may share provenance; no PI or project fact inferred,/home/runner/work/PolyFT/PolyFT/downloaded-remaining/nsfc-be-probe-batch-002
B,20776027,2007,general,B08,2007|general|B08|20776|3,0.987879,P3,true,manual_context_review_before_probe,"""20776027""","""20776027"" ""National Natural Science Foundation of China""","award.number:20776027,award.funder:501100001809","site:edu.cn OR site:ac.cn ""20776027""",queued,false,bibliographic/aggregator evidence only; API channels may share provenance; no PI or project fact inferred,200,0,0,200,0,0,0,0,200,200,,0,no_match_all_sources,E_negative_probe_only,,,,,not_checked,true,exact_web_and_institution_search,,2026-08-27T07:50:12+00:00,bibliographic/aggregator evidence only; API channels may share provenance; no PI or project fact inferred,/home/runner/work/PolyFT/PolyFT/downloaded-remaining/nsfc-be-probe-batch-002
B,20832004,2008,key,B01,2008|key|B01|20832|3,0.888889,P3,true,manual_context_review_before_probe,"""20832004""","""20832004"" ""National Natural Science Foundation of China""","award.number:20832004,award.funder:501100001809","site:edu.cn OR site:ac.cn ""20832004""",queued,false,bibliographic/aggregator evidence only; API channels may share provenance; no PI or project fact inferred,200,4,4,,0,0,0,0,200,200,crossref,4,confirmed_bibliographic,C_bibliographic,,,,,not_checked,true,official_or_institutional_confirmation,,2026-08-27T07:50:51+00:00,bibliographic/aggregator evidence only; API channels may share provenance; no PI or project fact inferred,/home/runner/work/PolyFT/PolyFT/downloaded-remaining/nsfc-be-probe-batch-003
B,20835002,2008,key,B04,2008|key|B04|20835|3,0.833333,P3,true,manual_context_review_before_probe,"""20835002""","""20835002"" ""National Natural Science Foundation of China""","award.number:20835002,award.funder:501100001809","site:edu.cn OR site:ac.cn ""20835002""",queued,false,bibliographic/aggregator evidence only; API channels may share provenance; no PI or project fact inferred,200,6,6,,0,0,0,0,200,200,crossref,6,confirmed_bibliographic,C_bibliographic,,,,,not_checked,true,official_or_institutional_confirmation,,2026-08-27T07:57:16+00:00,bibliographic/aggregator evidence only; API channels may share provenance; no PI or project fact inferred,/home/runner/work/PolyFT/PolyFT/downloaded-remaining/nsfc-be-probe-batch-004
B,20875022,2008,general,B04,2008|general|B04|20875|3,0.952381,P3,true,manual_context_review_before_probe,"""20875022""","""20875022"" ""National Natural Science Foundation of China""","award.number:20875022,award.funder:501100001809","site:edu.cn OR site:ac.cn ""20875022""",queued,false,bibliographic/aggregator evidence only; API channels may share provenance; no PI or project fact inferred,200,10,10,,0,0,0,0,200,200,crossref,10,confirmed_bibliographic,C_bibliographic,,,,,not_checked,true,official_or_institutional_confirmation,,2026-08-27T07:50:12+00:00,bibliographic/aggregator evidence only; API channels may share provenance; no PI or project fact inferred,/home/runner/work/PolyFT/PolyFT/downloaded-remaining/nsfc-be-probe-batch-002
B,20875047,2008,general,B04,2008|general|B04|20875|3,0.952381,P3,true,manual_context_review_before_probe,"""20875047""","""20875047"" ""National Natural Science Foundation of China""","award.number:20875047,award.funder:501100001809","site:edu.cn OR site:ac.cn ""20875047""",queued,false,bibliographic/aggregator evidence only; API channels may share provenance; no PI or project fact inferred,200,12,12,,0,0,0,0,200,200,crossref,12,confirmed_bibliographic,C_bibliographic,,,,,not_checked,true,official_or_institutional_confirmation,,2026-08-27T07:50:12+00:00,bibliographic/aggregator evidence only; API channels may share provenance; no PI or project fact inferred,/home/runner/work/PolyFT/PolyFT/downloaded-remaining/nsfc-be-probe-batch-002
B,20875061,2008,general,B04,2008|general|B04|20875|3,0.952381,P3,true,manual_context_review_before_probe,"""20875061""","""20875061"" ""National Natural Science Foundation of China""","award.number:20875061,award.funder:501100001809","site:edu.cn OR site:ac.cn ""20875061""",queued,false,bibliographic/aggregator evidence only; API channels may share provenance; no PI or project fact inferred,200,1,1,,0,0,0,0,200,200,crossref,1,confirmed_bibliographic,C_bibliographic,,,,,not_checked,true,official_or_institutional_confirmation,,2026-08-27T07:50:12+00:00,bibliographic/aggregator evidence only; API channels may share provenance; no PI or project fact inferred,/home/runner/work/PolyFT/PolyFT/downloaded-remaining/nsfc-be-probe-batch-002
B,20875065,2008,general,B04,2008|general|B04|20875|3,0.952381,P3,true,manual_context_review_before_probe,"""20875065""","""20875065"" ""National Natural Science Foundation of China""","award.number:20875065,award.funder:501100001809","site:edu.cn OR site:ac.cn ""20875065""",queued,false,bibliographic/aggregator evidence only; API channels may share provenance; no PI or project fact inferred,200,2,2,,0,0,0,0,200,200,crossref,2,confirmed_bibliographic,C_bibliographic,,,,,not_checked,true,official_or_institutional_confirmation,,2026-08-27T07:50:12+00:00,bibliographic/aggregator evidence only; API channels may share provenance; no PI or project fact inferred,/home/runner/work/PolyFT/PolyFT/downloaded-remaining/nsfc-be-probe-batch-002
B,20875104,2008,general,B04,2008|general|B04|20875|3,0.952381,P3,true,manual_context_review_before_probe,"""20875104""","""20875104"" ""National Natural Science Foundation of China""","award.number:20875104,award.funder:501100001809","site:edu.cn OR site:ac.cn ""20875104""",queued,false,bibliographic/aggregator evidence only; API channels may share provenance; no PI or project fact inferred,200,0,0,200,10,10,0,0,200,200,,0,award_number_only,D_award_only,,,,,not_checked,true,exact_web_and_institution_search,,2026-08-27T07:50:12+00:00,bibliographic/aggregator evidence only; API channels may share provenance; no PI or project fact inferred,/home/runner/work/PolyFT/PolyFT/downloaded-remaining/nsfc-be-probe-batch-002
B,20876002,2008,general,B08,2008|general|B08|20876|3,0.989071,P3,true,manual_context_review_before_probe,"""20876002""","""20876002"" ""National Natural Science Foundation of China""","award.number:20876002,award.funder:501100001809","site:edu.cn OR site:ac.cn ""20876002""",queued,false,bibliographic/aggregator evidence only; API channels may share provenance; no PI or project fact inferred,200,2,2,,0,0,0,0,200,200,crossref,2,confirmed_bibliographic,C_bibliographic,,,,,not_checked,true,official_or_institutional_confirmation,,2026-08-27T07:50:12+00:00,bibliographic/aggregator evidence only; API channels may share provenance; no PI or project fact inferred,/home/runner/work/PolyFT/PolyFT/downloaded-remaining/nsfc-be-probe-batch-002
B,20876010,2008,general,B08,2008|general|B08|20876|3,0.989071,P3,true,manual_context_review_before_probe,"""20876010""","""20876010"" ""National Natural Science Foundation of China""","award.number:20876010,award.funder:501100001809","site:edu.cn OR site:ac.cn ""20876010""",queued,false,bibliographic/aggregator evidence only; API channels may share provenance; no PI or project fact inferred,200,1,1,,0,0,0,0,200,200,crossref,1,confirmed_bibliographic,C_bibliographic,,,,,not_checked,true,official_or_institutional_confirmation,,2026-08-27T07:50:12+00:00,bibliographic/aggregator evidence only; API channels may share provenance; no PI or project fact inferred,/home/runner/work/PolyFT/PolyFT/downloaded-remaining/nsfc-be-probe-batch-002
B,20905015,2009,youth_c,B04,2009|youth_c|B04|20905|3,0.950000,P3,true,manual_context_review_before_probe,"""20905015""","""20905015"" ""National Natural Science Foundation of China""","award.number:20905015,award.funder:501100001809","site:edu.cn OR site:ac.cn ""20905015""",queued,false,bibliographic/aggregator evidence only; API channels may share provenance; no PI or project fact inferred,200,5,5,,0,0,0,0,200,200,crossref,5,confirmed_bibliographic,C_bibliographic,,,,,not_checked,true,official_or_institutional_confirmation,,2026-08-27T07:50:12+00:00,bibliographic/aggregator evidence only; API channels may share provenance; no PI or project fact inferred,/home/runner/work/PolyFT/PolyFT/downloaded-remaining/nsfc-be-probe-batch-002
B,20905033,2009,youth_c,B04,2009|youth_c|B04|20905|3,0.950000,P3,true,manual_context_review_before_probe,"""20905033""","""20905033"" ""National Natural Science Foundation of China""","award.number:20905033,award.funder:501100001809","site:edu.cn OR site:ac.cn ""20905033""",queued,false,bibliographic/aggregator evidence only; API channels may share provenance; no PI or project fact inferred,200,3,3,,0,0,0,0,200,200,crossref,3,confirmed_bibliographic,C_bibliographic,,,,,not_checked,true,official_or_institutional_confirmation,,2026-08-27T07:50:12+00:00,bibliographic/aggregator evidence only; API channels may share provenance; no PI or project fact inferred,/home/runner/work/PolyFT/PolyFT/downloaded-remaining/nsfc-be-probe-batch-002
B,20905054,2009,youth_c,B04,2009|youth_c|B04|20905|3,0.950000,P3,true,manual_context_review_before_probe,"""20905054""","""20905054"" ""National Natural Science Foundation of China""","award.number:20905054,award.funder:501100001809","site:edu.cn OR site:ac.cn ""20905054""",queued,false,bibliographic/aggregator evidence only; API channels may share provenance; no PI or project fact inferred,200,2,2,,0,0,0,0,200,200,crossref,2,confirmed_bibliographic,C_bibliographic,,,,,not_checked,true,official_or_institutional_confirmation,,2026-08-27T07:50:12+00:00,bibliographic/aggregator evidence only; API channels may share provenance; no PI or project fact inferred,/home/runner/work/PolyFT/PolyFT/downloaded-remaining/nsfc-be-probe-batch-002
B,20905075,2009,youth_c,B04,2009|youth_c|B04|20905|3,0.950000,P3,true,manual_context_review_before_probe,"""20905075""","""20905075"" ""National Natural Science Foundation of China""","award.number:20905075,award.funder:501100001809","site:edu.cn OR site:ac.cn ""20905075""",queued,false,bibliographic/aggregator evidence only; API channels may share provenance; no PI or project fact inferred,200,1,1,,0,0,0,0,200,200,crossref,1,confirmed_bibliographic,C_bibliographic,,,,,not_checked,true,official_or_institutional_confirmation,,2026-08-27T07:50:12+00:00,bibliographic/aggregator evidence only; API channels may share provenance; no PI or project fact inferred,/home/runner/work/PolyFT/PolyFT/downloaded-remaining/nsfc-be-probe-batch-002
B,20933004,2009,key,B03,2009|key|B03|20933|3,0.800000,P3,true,manual_context_review_before_probe,"""20933004""","""20933004"" ""National Natural Science Foundation of China""","award.number:20933004,award.funder:501100001809","site:edu.cn OR site:ac.cn ""20933004""",queued,false,bibliographic/aggregator evidence only; API channels may share provenance; no PI or project fact inferred,200,19,19,,0,0,0,0,200,200,crossref,19,confirmed_bibliographic,C_bibliographic,,,,,not_checked,true,official_or_institutional_confirmation,,2026-08-27T07:58:42+00:00,bibliographic/aggregator evidence only; API channels may share provenance; no PI or project fact inferred,/home/runner/work/PolyFT/PolyFT/downloaded-remaining/nsfc-be-probe-batch-005
B,20933005,2009,key,B03,2009|key|B03|20933|3,0.800000,P3,true,manual_context_review_before_probe,"""20933005""","""20933005"" ""National Natural Science Foundation of China""","award.number:20933005,award.funder:501100001809","site:edu.cn OR site:ac.cn ""20933005""",queued,false,bibliographic/aggregator evidence only; API channels may share provenance; no PI or project fact inferred,200,0,0,200,0,0,0,0,200,200,,0,no_match_all_sources,E_negative_probe_only,,,,,not_checked,true,exact_web_and_institution_search,,2026-08-27T07:58:42+00:00,bibliographic/aggregator evidence only; API channels may share provenance; no PI or project fact inferred,/home/runner/work/PolyFT/PolyFT/downloaded-remaining/nsfc-be-probe-batch-005
B,20975011,2009,general,B04,2009|general|B04|20975|3,0.939655,P3,true,manual_context_review_before_probe,"""20975011""","""20975011"" ""National Natural Science Foundation of China""","award.number:20975011,award.funder:501100001809","site:edu.cn OR site:ac.cn ""20975011""",queued,false,bibliographic/aggregator evidence only; API channels may share provenance; no PI or project fact inferred,200,5,5,,0,0,0,0,200,200,crossref,5,confirmed_bibliographic,C_bibliographic,,,,,not_checked,true,official_or_institutional_confirmation,,2026-08-27T07:50:51+00:00,bibliographic/aggregator evidence only; API channels may share provenance; no PI or project fact inferred,/home/runner/work/PolyFT/PolyFT/downloaded-remaining/nsfc-be-probe-batch-003
B,20975039,2009,general,B04,2009|general|B04|20975|3,0.939655,P3,true,manual_context_review_before_probe,"""20975039""","""20975039"" ""National Natural Science Foundation of China""","award.number:20975039,award.funder:501100001809","site:edu.cn OR site:ac.cn ""20975039""",queued,false,bibliographic/aggregator evidence only; API channels may share provenance; no PI or project fact inferred,200,8,8,,0,0,0,0,200,200,crossref,8,confirmed_bibliographic,C_bibliographic,,,,,not_checked,true,official_or_institutional_confirmation,,2026-08-27T07:50:51+00:00,bibliographic/aggregator evidence only; API channels may share provenance; no PI or project fact inferred,/home/runner/work/PolyFT/PolyFT/downloaded-remaining/nsfc-be-probe-batch-003
B,20975040,2009,general,B04,2009|general|B04|20975|3,0.939655,P3,true,manual_context_review_before_probe,"""20975040""","""20975040"" ""National Natural Science Foundation of China""","award.number:20975040,award.funder:501100001809","site:edu.cn OR site:ac.cn ""20975040""",queued,false,bibliographic/aggregator evidence only; API channels may share provenance; no PI or project fact inferred,200,3,3,,0,0,0,0,200,200,crossref,3,confirmed_bibliographic,C_bibliographic,,,,,not_checked,true,official_or_institutional_confirmation,,2026-08-27T07:50:51+00:00,bibliographic/aggregator evidence only; API channels may share provenance; no PI or project fact inferred,/home/runner/work/PolyFT/PolyFT/downloaded-remaining/nsfc-be-probe-batch-003
B,20975064,2009,general,B04,2009|general|B04|20975|3,0.939655,P3,true,manual_context_review_before_probe,"""20975064""","""20975064"" ""National Natural Science Foundation of China""","award.number:20975064,award.funder:501100001809","site:edu.cn OR site:ac.cn ""20975064""",queued,false,bibliographic/aggregator evidence only; API channels may share provenance; no PI or project fact inferred,200,2,2,,0,0,0,0,200,200,crossref,2,confirmed_bibliographic,C_bibliographic,,,,,not_checked,true,official_or_institutional_confirmation,,2026-08-27T07:50:51+00:00,bibliographic/aggregator evidence only; API channels may share provenance; no PI or project fact inferred,/home/runner/work/PolyFT/PolyFT/downloaded-remaining/nsfc-be-probe-batch-003
B,20975081,2009,general,B04,2009|general|B04|20975|3,0.939655,P3,true,manual_context_review_before_probe,"""20975081""","""20975081"" ""National Natural Science Foundation of China""","award.number:20975081,award.funder:501100001809","site:edu.cn OR site:ac.cn ""20975081""",queued,false,bibliographic/aggregator evidence only; API channels may share provenance; no PI or project fact inferred,200,1,1,,0,0,0,0,200,200,,0,award_number_only,D_award_only,,,,,not_checked,true,exact_web_and_institution_search,,2026-08-27T07:50:51+00:00,bibliographic/aggregator evidence only; API channels may share provenance; no PI or project fact inferred,/home/runner/work/PolyFT/PolyFT/downloaded-remaining/nsfc-be-probe-batch-003
B,20975107,2009,general,B04,2009|general|B04|20975|3,0.939655,P3,true,manual_context_review_before_probe,"""20975107""","""20975107"" ""National Natural Science Foundation of China""","award.number:20975107,award.funder:501100001809","site:edu.cn OR site:ac.cn ""20975107""",queued,false,bibliographic/aggregator evidence only; API channels may share provenance; no PI or project fact inferred,200,2,2,,0,0,0,0,200,200,crossref,2,confirmed_bibliographic,C_bibliographic,,,,,not_checked,true,official_or_institutional_confirmation,,2026-08-27T07:50:51+00:00,bibliographic/aggregator evidence only; API channels may share provenance; no PI or project fact inferred,/home/runner/work/PolyFT/PolyFT/downloaded-remaining/nsfc-be-probe-batch-003
B,20975115,2009,general,B04,2009|general|B04|20975|3,0.939655,P3,true,manual_context_review_before_probe,"""20975115""","""20975115"" ""National Natural Science Foundation of China""","award.number:20975115,award.funder:501100001809","site:edu.cn OR site:ac.cn ""20975115""",queued,false,bibliographic/aggregator evidence only; API channels may share provenance; no PI or project fact inferred,200,1,1,,0,0,0,0,200,200,crossref,1,confirmed_bibliographic,C_bibliographic,,,,,not_checked,true,official_or_institutional_confirmation,,2026-08-27T07:50:51+00:00,bibliographic/aggregator evidence only; API channels may share provenance; no PI or project fact inferred,/home/runner/work/PolyFT/PolyFT/downloaded-remaining/nsfc-be-probe-batch-003
B,20976002,2009,general,B08,2009|general|B08|20976|3,0.990244,P3,true,manual_context_review_before_probe,"""20976002""","""20976002"" ""National Natural Science Foundation of China""","award.number:20976002,award.funder:501100001809","site:edu.cn OR site:ac.cn ""20976002""",queued,false,bibliographic/aggregator evidence only; API channels may share provenance; no PI or project fact inferred,200,10,10,,0,0,0,0,200,200,crossref,10,confirmed_bibliographic,C_bibliographic,,,,,not_checked,true,official_or_institutional_confirmation,,2026-08-27T07:50:12+00:00,bibliographic/aggregator evidence only; API channels may share provenance; no PI or project fact inferred,/home/runner/work/PolyFT/PolyFT/downloaded-remaining/nsfc-be-probe-batch-002
B,20976059,2009,general,B08,2009|general|B08|20976|3,0.990244,P3,true,manual_context_review_before_probe,"""20976059""","""20976059"" ""National Natural Science Foundation of China""","award.number:20976059,award.funder:501100001809","site:edu.cn OR site:ac.cn ""20976059""",queued,false,bibliographic/aggregator evidence only; API channels may share provenance; no PI or project fact inferred,200,1,1,,0,0,0,0,200,200,crossref,1,confirmed_bibliographic,C_bibliographic,,,,,not_checked,true,official_or_institutional_confirmation,,2026-08-27T07:50:12+00:00,bibliographic/aggregator evidence only; API channels may share provenance; no PI or project fact inferred,/home/runner/work/PolyFT/PolyFT/downloaded-remaining/nsfc-be-probe-batch-002
B,21005052,2010,youth_c,B04,2010|youth_c|B04|21005|3,0.978261,P3,true,manual_context_review_before_probe,"""21005052""","""21005052"" ""National Natural Science Foundation of China""","award.number:21005052,award.funder:501100001809","site:edu.cn OR site:ac.cn ""21005052""",queued,false,bibliographic/aggregator evidence only; API channels may share provenance; no PI or project fact inferred,200,1,1,,0,0,0,0,200,200,crossref,1,confirmed_bibliographic,C_bibliographic,,,,,not_checked,true,official_or_institutional_confirmation,,2026-08-27T07:50:12+00:00,bibliographic/aggregator evidence only; API channels may share provenance; no PI or project fact inferred,/home/runner/work/PolyFT/PolyFT/downloaded-remaining/nsfc-be-probe-batch-002
B,21005063,2010,youth_c,B04,2010|youth_c|B04|21005|3,0.978261,P3,true,manual_context_review_before_probe,"""21005063""","""21005063"" ""National Natural Science Foundation of China""","award.number:21005063,award.funder:501100001809","site:edu.cn OR site:ac.cn ""21005063""",queued,false,bibliographic/aggregator evidence only; API channels may share provenance; no PI or project fact inferred,200,6,6,,0,0,0,0,200,200,crossref,6,confirmed_bibliographic,C_bibliographic,,,,,not_checked,true,official_or_institutional_confirmation,,2026-08-27T07:50:12+00:00,bibliographic/aggregator evidence only; API channels may share provenance; no PI or project fact inferred,/home/runner/work/PolyFT/PolyFT/downloaded-remaining/nsfc-be-probe-batch-002
B,21032002,2010,key,B01,2010|key|B01|21032|3,0.857143,P3,true,manual_context_review_before_probe,"""21032002""","""21032002"" ""National Natural Science Foundation of China""","award.number:21032002,award.funder:501100001809","site:edu.cn OR site:ac.cn ""21032002""",queued,false,bibliographic/aggregator evidence only; API channels may share provenance; no PI or project fact inferred,200,13,13,,0,0,0,0,200,200,crossref,13,confirmed_bibliographic,C_bibliographic,,,,,not_checked,true,official_or_institutional_confirmation,,2026-08-27T07:57:16+00:00,bibliographic/aggregator evidence only; API channels may share provenance; no PI or project fact inferred,/home/runner/work/PolyFT/PolyFT/downloaded-remaining/nsfc-be-probe-batch-004
B,21033008,2010,key,B02,2010|key|B02|21033|3,0.857143,P3,true,manual_context_review_before_probe,"""21033008""","""21033008"" ""National Natural Science Foundation of China""","award.number:21033008,award.funder:501100001809","site:edu.cn OR site:ac.cn ""21033008""",queued,false,bibliographic/aggregator evidence only; API channels may share provenance; no PI or project fact inferred,200,12,11,,0,0,0,0,200,200,crossref,11,confirmed_bibliographic,C_bibliographic,,,,,not_checked,true,official_or_institutional_confirmation,,2026-08-27T07:57:16+00:00,bibliographic/aggregator evidence only; API channels may share provenance; no PI or project fact inferred,/home/runner/work/PolyFT/PolyFT/downloaded-remaining/nsfc-be-probe-batch-004
B,21034004,2010,key,B05,2010|key|B05|21034|3,0.800000,P3,true,manual_context_review_before_probe,"""21034004""","""21034004"" ""National Natural Science Foundation of China""","award.number:21034004,award.funder:501100001809","site:edu.cn OR site:ac.cn ""21034004""",queued,false,bibliographic/aggregator evidence only; API channels may share provenance; no PI or project fact inferred,200,7,7,,0,0,0,0,200,200,crossref,7,confirmed_bibliographic,C_bibliographic,,,,,not_checked,true,official_or_institutional_confirmation,,2026-08-27T07:58:42+00:00,bibliographic/aggregator evidence only; API channels may share provenance; no PI or project fact inferred,/home/runner/work/PolyFT/PolyFT/downloaded-remaining/nsfc-be-probe-batch-005
B,21065007,2010,regional,B04,2010|regional|B04|21065|3,0.857143,P3,true,manual_context_review_before_probe,"""21065007""","""21065007"" ""National Natural Science Foundation of China""","award.number:21065007,award.funder:501100001809","site:edu.cn OR site:ac.cn ""21065007""",queued,false,bibliographic/aggregator evidence only; API channels may share provenance; no PI or project fact inferred,200,1,1,,0,0,0,0,200,200,crossref,1,confirmed_bibliographic,C_bibliographic,,,,,not_checked,true,official_or_institutional_confirmation,,2026-08-27T07:57:16+00:00,bibliographic/aggregator evidence only; API channels may share provenance; no PI or project fact inferred,/home/runner/work/PolyFT/PolyFT/downloaded-remaining/nsfc-be-probe-batch-004
B,21065010,2010,regional,B04,2010|regional|B04|21065|3,0.857143,P3,true,manual_context_review_before_probe,"""21065010""","""21065010"" ""National Natural Science Foundation of China""","award.number:21065010,award.funder:501100001809","site:edu.cn OR site:ac.cn ""21065010""",queued,false,bibliographic/aggregator evidence only; API channels may share provenance; no PI or project fact inferred,200,15,15,,0,0,0,0,200,200,crossref,15,confirmed_bibliographic,C_bibliographic,,,,,not_checked,true,official_or_institutional_confirmation,,2026-08-27T07:57:16+00:00,bibliographic/aggregator evidence only; API channels may share provenance; no PI or project fact inferred,/home/runner/work/PolyFT/PolyFT/downloaded-remaining/nsfc-be-probe-batch-004
B,21075034,2010,general,B04,2010|general|B04|21075|3,0.957447,P3,true,manual_context_review_before_probe,"""21075034""","""21075034"" ""National Natural Science Foundation of China""","award.number:21075034,award.funder:501100001809","site:edu.cn OR site:ac.cn ""21075034""",queued,false,bibliographic/aggregator evidence only; API channels may share provenance; no PI or project fact inferred,200,2,2,,0,0,0,0,200,200,crossref,2,confirmed_bibliographic,C_bibliographic,,,,,not_checked,true,official_or_institutional_confirmation,,2026-08-27T07:50:12+00:00,bibliographic/aggregator evidence only; API channels may share provenance; no PI or project fact inferred,/home/runner/work/PolyFT/PolyFT/downloaded-remaining/nsfc-be-probe-batch-002
B,21075046,2010,general,B04,2010|general|B04|21075|3,0.957447,P3,true,manual_context_review_before_probe,"""21075046""","""21075046"" ""National Natural Science Foundation of China""","award.number:21075046,award.funder:501100001809","site:edu.cn OR site:ac.cn ""21075046""",queued,false,bibliographic/aggregator evidence only; API channels may share provenance; no PI or project fact inferred,200,2,2,,0,0,0,0,200,200,crossref,2,confirmed_bibliographic,C_bibliographic,,,,,not_checked,true,official_or_institutional_confirmation,,2026-08-27T07:50:12+00:00,bibliographic/aggregator evidence only; API channels may share provenance; no PI or project fact inferred,/home/runner/work/PolyFT/PolyFT/downloaded-remaining/nsfc-be-probe-batch-002
B,21075053,2010,general,B04,2010|general|B04|21075|3,0.957447,P3,true,manual_context_review_before_probe,"""21075053""","""21075053"" ""National Natural Science Foundation of China""","award.number:21075053,award.funder:501100001809","site:edu.cn OR site:ac.cn ""21075053""",queued,false,bibliographic/aggregator evidence only; API channels may share provenance; no PI or project fact inferred,200,11,11,,0,0,0,0,200,200,crossref,11,confirmed_bibliographic,C_bibliographic,,,,,not_checked,true,official_or_institutional_confirmation,,2026-08-27T07:50:12+00:00,bibliographic/aggregator evidence only; API channels may share provenance; no PI or project fact inferred,/home/runner/work/PolyFT/PolyFT/downloaded-remaining/nsfc-be-probe-batch-002
B,21075113,2010,general,B04,2010|general|B04|21075|3,0.957447,P3,true,manual_context_review_before_probe,"""21075113""","""21075113"" ""National Natural Science Foundation of China""","award.number:21075113,award.funder:501100001809","site:edu.cn OR site:ac.cn ""21075113""",queued,false,bibliographic/aggregator evidence only; API channels may share provenance; no PI or project fact inferred,200,1,1,,0,0,0,0,200,200,crossref,1,confirmed_bibliographic,C_bibliographic,,,,,not_checked,true,official_or_institutional_confirmation,,2026-08-27T07:50:12+00:00,bibliographic/aggregator evidence only; API channels may share provenance; no PI or project fact inferred,/home/runner/work/PolyFT/PolyFT/downloaded-remaining/nsfc-be-probe-batch-002
B,21075121,2010,general,B04,2010|general|B04|21075|3,0.957447,P3,true,manual_context_review_before_probe,"""21075121""","""21075121"" ""National Natural Science Foundation of China""","award.number:21075121,award.funder:501100001809","site:edu.cn OR site:ac.cn ""21075121""",queued,false,bibliographic/aggregator evidence only; API channels may share provenance; no PI or project fact inferred,200,1,1,,0,0,0,0,200,200,crossref,1,confirmed_bibliographic,C_bibliographic,,,,,not_checked,true,official_or_institutional_confirmation,,2026-08-27T07:50:12+00:00,bibliographic/aggregator evidence only; API channels may share provenance; no PI or project fact inferred,/home/runner/work/PolyFT/PolyFT/downloaded-remaining/nsfc-be-probe-batch-002
B,21075138,2010,general,B04,2010|general|B04|21075|3,0.957447,P3,true,manual_context_review_before_probe,"""21075138""","""21075138"" ""National Natural Science Foundation of China""","award.number:21075138,award.funder:501100001809","site:edu.cn OR site:ac.cn ""21075138""",queued,false,bibliographic/aggregator evidence only; API channels may share provenance; no PI or project fact inferred,200,4,4,,0,0,0,0,200,200,crossref,4,confirmed_bibliographic,C_bibliographic,,,,,not_checked,true,official_or_institutional_confirmation,,2026-08-27T07:50:12+00:00,bibliographic/aggregator evidence only; API channels may share provenance; no PI or project fact inferred,/home/runner/work/PolyFT/PolyFT/downloaded-remaining/nsfc-be-probe-batch-002
B,21076103,2010,general,B08,2010|general|B08|21076|3,0.991416,P3,true,manual_context_review_before_probe,"""21076103""","""21076103"" ""National Natural Science Foundation of China""","award.number:21076103,award.funder:501100001809","site:edu.cn OR site:ac.cn ""21076103""",queued,false,bibliographic/aggregator evidence only; API channels may share provenance; no PI or project fact inferred,200,8,8,,0,0,0,0,200,200,crossref,8,confirmed_bibliographic,C_bibliographic,,,,,not_checked,true,official_or_institutional_confirmation,,2026-08-27T07:50:12+00:00,bibliographic/aggregator evidence only; API channels may share provenance; no PI or project fact inferred,/home/runner/work/PolyFT/PolyFT/downloaded-remaining/nsfc-be-probe-batch-002
B,21076143,2010,general,B08,2010|general|B08|21076|3,0.991416,P3,true,manual_context_review_before_probe,"""21076143""","""21076143"" ""National Natural Science Foundation of China""","award.number:21076143,award.funder:501100001809","site:edu.cn OR site:ac.cn ""21076143""",queued,false,bibliographic/aggregator evidence only; API channels may share provenance; no PI or project fact inferred,200,27,27,,0,0,0,0,200,200,crossref,27,confirmed_bibliographic,C_bibliographic,,,,,not_checked,true,official_or_institutional_confirmation,,2026-08-27T07:50:12+00:00,bibliographic/aggregator evidence only; API channels may share provenance; no PI or project fact inferred,/home/runner/work/PolyFT/PolyFT/downloaded-remaining/nsfc-be-probe-batch-002
B,21077107,2010,general,B06,2010|general|B06|21077|3,0.992857,P3,true,manual_context_review_before_probe,"""21077107""","""21077107"" ""National Natural Science Foundation of China""","award.number:21077107,award.funder:501100001809","site:edu.cn OR site:ac.cn ""21077107""",queued,false,bibliographic/aggregator evidence only; API channels may share provenance; no PI or project fact inferred,200,10,10,,0,0,0,0,200,200,crossref,10,confirmed_bibliographic,C_bibliographic,,,,,not_checked,true,official_or_institutional_confirmation,,2026-08-27T07:50:12+00:00,bibliographic/aggregator evidence only; API channels may share provenance; no PI or project fact inferred,/home/runner/work/PolyFT/PolyFT/downloaded-remaining/nsfc-be-probe-batch-002
B,21105035,2011,youth_c,B04,2011|youth_c|B04|21105|3,0.977612,P3,true,manual_context_review_before_probe,"""21105035""","""21105035"" ""National Natural Science Foundation of China""","award.number:21105035,award.funder:501100001809","site:edu.cn OR site:ac.cn ""21105035""",queued,false,bibliographic/aggregator evidence only; API channels may share provenance; no PI or project fact inferred,200,5,5,,0,0,0,0,200,200,crossref,5,confirmed_bibliographic,C_bibliographic,,,,,not_checked,true,official_or_institutional_confirmation,,2026-08-27T07:50:12+00:00,bibliographic/aggregator evidence only; API channels may share provenance; no PI or project fact inferred,/home/runner/work/PolyFT/PolyFT/downloaded-remaining/nsfc-be-probe-batch-002
B,21105083,2011,youth_c,B04,2011|youth_c|B04|21105|3,0.977612,P3,true,manual_context_review_before_probe,"""21105083""","""21105083"" ""National Natural Science Foundation of China""","award.number:21105083,award.funder:501100001809","site:edu.cn OR site:ac.cn ""21105083""",queued,false,bibliographic/aggregator evidence only; API channels may share provenance; no PI or project fact inferred,200,0,0,200,0,0,0,0,200,200,,0,no_match_all_sources,E_negative_probe_only,,,,,not_checked,true,exact_web_and_institution_search,,2026-08-27T07:50:12+00:00,bibliographic/aggregator evidence only; API channels may share provenance; no PI or project fact inferred,/home/runner/work/PolyFT/PolyFT/downloaded-remaining/nsfc-be-probe-batch-002
B,21105129,2011,youth_c,B04,2011|youth_c|B04|21105|3,0.977612,P3,true,manual_context_review_before_probe,"""21105129""","""21105129"" ""National Natural Science Foundation of China""","award.number:21105129,award.funder:501100001809","site:edu.cn OR site:ac.cn ""21105129""",queued,false,bibliographic/aggregator evidence only; API channels may share provenance; no PI or project fact inferred,200,2,2,,0,0,0,0,200,200,crossref,2,confirmed_bibliographic,C_bibliographic,,,,,not_checked,true,official_or_institutional_confirmation,,2026-08-27T07:50:12+00:00,bibliographic/aggregator evidence only; API channels may share provenance; no PI or project fact inferred,/home/runner/work/PolyFT/PolyFT/downloaded-remaining/nsfc-be-probe-batch-002
B,21106149,2011,youth_c,B08,2011|youth_c|B08|21106|3,0.994764,P3,true,manual_context_review_before_probe,"""21106149""","""21106149"" ""National Natural Science Foundation of China""","award.number:21106149,award.funder:501100001809","site:edu.cn OR site:ac.cn ""21106149""",queued,false,bibliographic/aggregator evidence only; API channels may share provenance; no PI or project fact inferred,200,0,0,200,0,0,0,0,200,200,,0,no_match_all_sources,E_negative_probe_only,,,,,not_checked,true,exact_web_and_institution_search,,2026-08-27T07:50:12+00:00,bibliographic/aggregator evidence only; API channels may share provenance; no PI or project fact inferred,/home/runner/work/PolyFT/PolyFT/downloaded-remaining/nsfc-be-probe-batch-002
B,21127011,2011,special,B04,2011|special|B04|21127|3,0.875000,P3,true,manual_context_review_before_probe,"""21127011""","""21127011"" ""National Natural Science Foundation of China""","award.number:21127011,award.funder:501100001809","site:edu.cn OR site:ac.cn ""21127011""",queued,false,bibliographic/aggregator evidence only; API channels may share provenance; no PI or project fact inferred,200,6,6,,0,0,0,0,200,200,crossref,6,confirmed_bibliographic,C_bibliographic,,,,,not_checked,true,official_or_institutional_confirmation,,2026-08-27T07:50:51+00:00,bibliographic/aggregator evidence only; API channels may share provenance; no PI or project fact inferred,/home/runner/work/PolyFT/PolyFT/downloaded-remaining/nsfc-be-probe-batch-003
B,21132003,2011,key,B01,2011|key|B01|21132|3,0.857143,P3,true,manual_context_review_before_probe,"""21132003""","""21132003"" ""National Natural Science Foundation of China""","award.number:21132003,award.funder:501100001809","site:edu.cn OR site:ac.cn ""21132003""",queued,false,bibliographic/aggregator evidence only; API channels may share provenance; no PI or project fact inferred,200,56,56,,0,0,0,0,200,200,crossref,56,confirmed_bibliographic,C_bibliographic,,,,,not_checked,true,official_or_institutional_confirmation,,2026-08-27T07:57:16+00:00,bibliographic/aggregator evidence only; API channels may share provenance; no PI or project fact inferred,/home/runner/work/PolyFT/PolyFT/downloaded-remaining/nsfc-be-probe-batch-004
B,21165011,2011,regional,B04,2011|regional|B04|21165|3,0.956522,P3,true,manual_context_review_before_probe,"""21165011""","""21165011"" ""National Natural Science Foundation of China""","award.number:21165011,award.funder:501100001809","site:edu.cn OR site:ac.cn ""21165011""",queued,false,bibliographic/aggregator evidence only; API channels may share provenance; no PI or project fact inferred,200,4,4,,0,0,0,0,200,200,crossref,4,confirmed_bibliographic,C_bibliographic,,,,,not_checked,true,official_or_institutional_confirmation,,2026-08-27T07:50:12+00:00,bibliographic/aggregator evidence only; API channels may share provenance; no PI or project fact inferred,/home/runner/work/PolyFT/PolyFT/downloaded-remaining/nsfc-be-probe-batch-002
B,21166019,2011,regional,B08,2011|regional|B08|21166|3,0.958333,P3,true,manual_context_review_before_probe,"""21166019""","""21166019"" ""National Natural Science Foundation of China""","award.number:21166019,award.funder:501100001809","site:edu.cn OR site:ac.cn ""21166019""",queued,false,bibliographic/aggregator evidence only; API channels may share provenance; no PI or project fact inferred,200,0,0,200,0,0,0,0,200,200,,0,no_match_all_sources,E_negative_probe_only,,,,,not_checked,true,exact_web_and_institution_search,,2026-08-27T07:50:12+00:00,bibliographic/aggregator evidence only; API channels may share provenance; no PI or project fact inferred,/home/runner/work/PolyFT/PolyFT/downloaded-remaining/nsfc-be-probe-batch-002
B,21175041,2011,general,B04,2011|general|B04|21175|3,0.937107,P3,true,manual_context_review_before_probe,"""21175041""","""21175041"" ""National Natural Science Foundation of China""","award.number:21175041,award.funder:501100001809","site:edu.cn OR site:ac.cn ""21175041""",queued,false,bibliographic/aggregator evidence only; API channels may share provenance; no PI or project fact inferred,200,26,26,,0,0,0,0,200,200,crossref,26,confirmed_bibliographic,C_bibliographic,,,,,not_checked,true,official_or_institutional_confirmation,,2026-08-27T07:50:51+00:00,bibliographic/aggregator evidence only; API channels may share provenance; no PI or project fact inferred,/home/runner/work/PolyFT/PolyFT/downloaded-remaining/nsfc-be-probe-batch-003
B,21175063,2011,general,B04,2011|general|B04|21175|3,0.937107,P3,true,manual_context_review_before_probe,"""21175063""","""21175063"" ""National Natural Science Foundation of China""","award.number:21175063,award.funder:501100001809","site:edu.cn OR site:ac.cn ""21175063""",queued,false,bibliographic/aggregator evidence only; API channels may share provenance; no PI or project fact inferred,200,2,2,,0,0,0,0,200,200,crossref,2,confirmed_bibliographic,C_bibliographic,,,,,not_checked,true,official_or_institutional_confirmation,,2026-08-27T07:50:51+00:00,bibliographic/aggregator evidence only; API channels may share provenance; no PI or project fact inferred,/home/runner/work/PolyFT/PolyFT/downloaded-remaining/nsfc-be-probe-batch-003
B,21175064,2011,general,B04,2011|general|B04|21175|3,0.937107,P3,true,manual_context_review_before_probe,"""21175064""","""21175064"" ""National Natural Science Foundation of China""","award.number:21175064,award.funder:501100001809","site:edu.cn OR site:ac.cn ""21175064""",queued,false,bibliographic/aggregator evidence only; API channels may share provenance; no PI or project fact inferred,200,8,8,,0,0,0,0,200,200,crossref,8,confirmed_bibliographic,C_bibliographic,,,,,not_checked,true,official_or_institutional_confirmation,,2026-08-27T07:50:51+00:00,bibliographic/aggregator evidence only; API channels may share provenance; no PI or project fact inferred,/home/runner/work/PolyFT/PolyFT/downloaded-remaining/nsfc-be-probe-batch-003
B,21175074,2011,general,B04,2011|general|B04|21175|3,0.937107,P3,true,manual_context_review_before_probe,"""21175074""","""21175074"" ""National Natural Science Foundation of China""","award.number:21175074,award.funder:501100001809","site:edu.cn OR site:ac.cn ""21175074""",queued,false,bibliographic/aggregator evidence only; API channels may share provenance; no PI or project fact inferred,200,15,15,,0,0,0,0,200,200,crossref,15,confirmed_bibliographic,C_bibliographic,,,,,not_checked,true,official_or_institutional_confirmation,,2026-08-27T07:50:51+00:00,bibliographic/aggregator evidence only; API channels may share provenance; no PI or project fact inferred,/home/runner/work/PolyFT/PolyFT/downloaded-remaining/nsfc-be-probe-batch-003
B,21175095,2011,general,B04,2011|general|B04|21175|3,0.937107,P3,true,manual_context_review_before_probe,"""21175095""","""21175095"" ""National Natural Science Foundation of China""","award.number:21175095,award.funder:501100001809","site:edu.cn OR site:ac.cn ""21175095""",queued,false,bibliographic/aggregator evidence only; API channels may share provenance; no PI or project fact inferred,200,6,6,,0,0,0,0,200,200,crossref,6,confirmed_bibliographic,C_bibliographic,,,,,not_checked,true,official_or_institutional_confirmation,,2026-08-27T07:50:51+00:00,bibliographic/aggregator evidence only; API channels may share provenance; no PI or project fact inferred,/home/runner/work/PolyFT/PolyFT/downloaded-remaining/nsfc-be-probe-batch-003
B,21175106,2011,general,B04,2011|general|B04|21175|3,0.937107,P3,true,manual_context_review_before_probe,"""21175106""","""21175106"" ""National Natural Science Foundation of China""","award.number:21175106,award.funder:501100001809","site:edu.cn OR site:ac.cn ""21175106""",queued,false,bibliographic/aggregator evidence only; API channels may share provenance; no PI or project fact inferred,200,11,12,,0,0,0,0,200,200,crossref,11,confirmed_bibliographic,C_bibliographic,,,,,not_checked,true,official_or_institutional_confirmation,,2026-08-27T07:50:51+00:00,bibliographic/aggregator evidence only; API channels may share provenance; no PI or project fact inferred,/home/runner/work/PolyFT/PolyFT/downloaded-remaining/nsfc-be-probe-batch-003
B,21175119,2011,general,B04,2011|general|B04|21175|3,0.937107,P3,true,manual_context_review_before_probe,"""21175119""","""21175119"" ""National Natural Science Foundation of China""","award.number:21175119,award.funder:501100001809","site:edu.cn OR site:ac.cn ""21175119""",queued,false,bibliographic/aggregator evidence only; API channels may share provenance; no PI or project fact inferred,200,1,1,,0,0,0,0,200,200,crossref,1,confirmed_bibliographic,C_bibliographic,,,,,not_checked,true,official_or_institutional_confirmation,,2026-08-27T07:50:51+00:00,bibliographic/aggregator evidence only; API channels may share provenance; no PI or project fact inferred,/home/runner/work/PolyFT/PolyFT/downloaded-remaining/nsfc-be-probe-batch-003
B,21175123,2011,general,B04,2011|general|B04|21175|3,0.937107,P3,true,manual_context_review_before_probe,"""21175123""","""21175123"" ""National Natural Science Foundation of China""","award.number:21175123,award.funder:501100001809","site:edu.cn OR site:ac.cn ""21175123""",queued,false,bibliographic/aggregator evidence only; API channels may share provenance; no PI or project fact inferred,200,1,1,,0,0,0,0,200,200,crossref,1,confirmed_bibliographic,C_bibliographic,,,,,not_checked,true,official_or_institutional_confirmation,,2026-08-27T07:50:51+00:00,bibliographic/aggregator evidence only; API channels may share provenance; no PI or project fact inferred,/home/runner/work/PolyFT/PolyFT/downloaded-remaining/nsfc-be-probe-batch-003
B,21175130,2011,general,B04,2011|general|B04|21175|3,0.937107,P3,true,manual_context_review_before_probe,"""21175130""","""21175130"" ""National Natural Science Foundation of China""","award.number:21175130,award.funder:501100001809","site:edu.cn OR site:ac.cn ""21175130""",queued,false,bibliographic/aggregator evidence only; API channels may share provenance; no PI or project fact inferred,200,8,8,,0,0,0,0,200,200,crossref,8,confirmed_bibliographic,C_bibliographic,,,,,not_checked,true,official_or_institutional_confirmation,,2026-08-27T07:50:51+00:00,bibliographic/aggregator evidence only; API channels may share provenance; no PI or project fact inferred,/home/runner/work/PolyFT/PolyFT/downloaded-remaining/nsfc-be-probe-batch-003
B,21175157,2011,general,B04,2011|general|B04|21175|3,0.937107,P3,true,manual_context_review_before_probe,"""21175157""","""21175157"" ""National Natural Science Foundation of China""","award.number:21175157,award.funder:501100001809","site:edu.cn OR site:ac.cn ""21175157""",queued,false,bibliographic/aggregator evidence only; API channels may share provenance; no PI or project fact inferred,200,10,10,,0,0,0,0,200,200,crossref,10,confirmed_bibliographic,C_bibliographic,,,,,not_checked,true,official_or_institutional_confirmation,,2026-08-27T07:50:51+00:00,bibliographic/aggregator evidence only; API channels may share provenance; no PI or project fact inferred,/home/runner/work/PolyFT/PolyFT/downloaded-remaining/nsfc-be-probe-batch-003
B,21176122,2011,general,B08,2011|general|B08|21176|3,0.996337,P3,true,manual_context_review_before_probe,"""21176122""","""21176122"" ""National Natural Science Foundation of China""","award.number:21176122,award.funder:501100001809","site:edu.cn OR site:ac.cn ""21176122""",queued,false,bibliographic/aggregator evidence only; API channels may share provenance; no PI or project fact inferred,200,4,4,,0,0,0,0,200,200,crossref,4,confirmed_bibliographic,C_bibliographic,,,,,not_checked,true,official_or_institutional_confirmation,,2026-08-27T07:50:12+00:00,bibliographic/aggregator evidence only; API channels may share provenance; no PI or project fact inferred,/home/runner/work/PolyFT/PolyFT/downloaded-remaining/nsfc-be-probe-batch-002
B,21205019,2012,youth_c,B04,2012|youth_c|B04|21205|3,0.965753,P3,true,manual_context_review_before_probe,"""21205019""","""21205019"" ""National Natural Science Foundation of China""","award.number:21205019,award.funder:501100001809","site:edu.cn OR site:ac.cn ""21205019""",queued,false,bibliographic/aggregator evidence only; API channels may share provenance; no PI or project fact inferred,200,5,3,,0,0,0,0,200,200,crossref,3,confirmed_bibliographic,C_bibliographic,,,,,not_checked,true,official_or_institutional_confirmation,,2026-08-27T07:50:12+00:00,bibliographic/aggregator evidence only; API channels may share provenance; no PI or project fact inferred,/home/runner/work/PolyFT/PolyFT/downloaded-remaining/nsfc-be-probe-batch-002
B,21205055,2012,youth_c,B04,2012|youth_c|B04|21205|3,0.965753,P3,true,manual_context_review_before_probe,"""21205055""","""21205055"" ""National Natural Science Foundation of China""","award.number:21205055,award.funder:501100001809","site:edu.cn OR site:ac.cn ""21205055""",queued,false,bibliographic/aggregator evidence only; API channels may share provenance; no PI or project fact inferred,200,7,9,,0,0,0,0,200,200,crossref,6,confirmed_bibliographic,C_bibliographic,,,,,not_checked,true,official_or_institutional_confirmation,,2026-08-27T07:50:12+00:00,bibliographic/aggregator evidence only; API channels may share provenance; no PI or project fact inferred,/home/runner/work/PolyFT/PolyFT/downloaded-remaining/nsfc-be-probe-batch-002
B,21205085,2012,youth_c,B04,2012|youth_c|B04|21205|3,0.965753,P3,true,manual_context_review_before_probe,"""21205085""","""21205085"" ""National Natural Science Foundation of China""","award.number:21205085,award.funder:501100001809","site:edu.cn OR site:ac.cn ""21205085""",queued,false,bibliographic/aggregator evidence only; API channels may share provenance; no PI or project fact inferred,200,1,2,,0,0,0,0,200,200,crossref,1,confirmed_bibliographic,C_bibliographic,,,,,not_checked,true,official_or_institutional_confirmation,,2026-08-27T07:50:12+00:00,bibliographic/aggregator evidence only; API channels may share provenance; no PI or project fact inferred,/home/runner/work/PolyFT/PolyFT/downloaded-remaining/nsfc-be-probe-batch-002
B,21205118,2012,youth_c,B04,2012|youth_c|B04|21205|3,0.965753,P3,true,manual_context_review_before_probe,"""21205118""","""21205118"" ""National Natural Science Foundation of China""","award.number:21205118,award.funder:501100001809","site:edu.cn OR site:ac.cn ""21205118""",queued,false,bibliographic/aggregator evidence only; API channels may share provenance; no PI or project fact inferred,200,8,8,,0,0,0,0,200,200,crossref,8,confirmed_bibliographic,C_bibliographic,,,,,not_checked,true,official_or_institutional_confirmation,,2026-08-27T07:50:12+00:00,bibliographic/aggregator evidence only; API channels may share provenance; no PI or project fact inferred,/home/runner/work/PolyFT/PolyFT/downloaded-remaining/nsfc-be-probe-batch-002
B,21205145,2012,youth_c,B04,2012|youth_c|B04|21205|3,0.965753,P3,true,manual_context_review_before_probe,"""21205145""","""21205145"" ""National Natural Science Foundation of China""","award.number:21205145,award.funder:501100001809","site:edu.cn OR site:ac.cn ""21205145""",queued,false,bibliographic/aggregator evidence only; API channels may share provenance; no PI or project fact inferred,200,20,29,,0,0,0,0,200,200,crossref,14,confirmed_bibliographic,C_bibliographic,,,,,not_checked,true,official_or_institutional_confirmation,,2026-08-27T07:50:12+00:00,bibliographic/aggregator evidence only; API channels may share provenance; no PI or project fact inferred,/home/runner/work/PolyFT/PolyFT/downloaded-remaining/nsfc-be-probe-batch-002
B,21206004,2012,youth_c,B08,2012|youth_c|B08|21206|3,0.980392,P3,true,manual_context_review_before_probe,"""21206004""","""21206004"" ""National Natural Science Foundation of China""","award.number:21206004,award.funder:501100001809","site:edu.cn OR site:ac.cn ""21206004""",queued,false,bibliographic/aggregator evidence only; API channels may share provenance; no PI or project fact inferred,200,0,0,200,0,0,0,0,200,200,,0,no_match_all_sources,E_negative_probe_only,,,,,not_checked,true,exact_web_and_institution_search,,2026-08-27T07:50:12+00:00,bibliographic/aggregator evidence only; API channels may share provenance; no PI or project fact inferred,/home/runner/work/PolyFT/PolyFT/downloaded-remaining/nsfc-be-probe-batch-002
B,21206005,2012,youth_c,B08,2012|youth_c|B08|21206|3,0.980392,P3,true,manual_context_review_before_probe,"""21206005""","""21206005"" ""National Natural Science Foundation of China""","award.number:21206005,award.funder:501100001809","site:edu.cn OR site:ac.cn ""21206005""",queued,false,bibliographic/aggregator evidence only; API channels may share provenance; no PI or project fact inferred,200,2,2,,0,0,0,0,200,200,crossref,2,confirmed_bibliographic,C_bibliographic,,,,,not_checked,true,official_or_institutional_confirmation,,2026-08-27T07:50:12+00:00,bibliographic/aggregator evidence only; API channels may share provenance; no PI or project fact inferred,/home/runner/work/PolyFT/PolyFT/downloaded-remaining/nsfc-be-probe-batch-002
B,21206026,2012,youth_c,B08,2012|youth_c|B08|21206|3,0.980392,P3,true,manual_context_review_before_probe,"""21206026""","""21206026"" ""National Natural Science Foundation of China""","award.number:21206026,award.funder:501100001809","site:edu.cn OR site:ac.cn ""21206026""",queued,false,bibliographic/aggregator evidence only; API channels may share provenance; no PI or project fact inferred,200,8,8,,0,0,0,0,200,200,crossref,8,confirmed_bibliographic,C_bibliographic,,,,,not_checked,true,official_or_institutional_confirmation,,2026-08-27T07:50:12+00:00,bibliographic/aggregator evidence only; API channels may share provenance; no PI or project fact inferred,/home/runner/work/PolyFT/PolyFT/downloaded-remaining/nsfc-be-probe-batch-002
B,21206071,2012,youth_c,B08,2012|youth_c|B08|21206|3,0.980392,P3,true,manual_context_review_before_probe,"""21206071""","""21206071"" ""National Natural Science Foundation of China""","award.number:21206071,award.funder:501100001809","site:edu.cn OR site:ac.cn ""21206071""",queued,false,bibliographic/aggregator evidence only; API channels may share provenance; no PI or project fact inferred,200,2,2,,0,0,0,0,200,200,crossref,2,confirmed_bibliographic,C_bibliographic,,,,,not_checked,true,official_or_institutional_confirmation,,2026-08-27T07:50:12+00:00,bibliographic/aggregator evidence only; API channels may share provenance; no PI or project fact inferred,/home/runner/work/PolyFT/PolyFT/downloaded-remaining/nsfc-be-probe-batch-002
B,21207072,2012,youth_c,B06,2012|youth_c|B06|21207|3,0.987879,P3,true,manual_context_review_before_probe,"""21207072""","""21207072"" ""National Natural Science Foundation of China""","award.number:21207072,award.funder:501100001809","site:edu.cn OR site:ac.cn ""21207072""",queued,false,bibliographic/aggregator evidence only; API channels may share provenance; no PI or project fact inferred,200,0,0,200,0,0,0,0,200,200,,0,no_match_all_sources,E_negative_probe_only,,,,,not_checked,true,exact_web_and_institution_search,,2026-08-27T07:50:12+00:00,bibliographic/aggregator evidence only; API channels may share provenance; no PI or project fact inferred,/home/runner/work/PolyFT/PolyFT/downloaded-remaining/nsfc-be-probe-batch-002
B,21207135,2012,youth_c,B06,2012|youth_c|B06|21207|3,0.987879,P3,true,manual_context_review_before_probe,"""21207135""","""21207135"" ""National Natural Science Foundation of China""","award.number:21207135,award.funder:501100001809","site:edu.cn OR site:ac.cn ""21207135""",queued,false,bibliographic/aggregator evidence only; API channels may share provenance; no PI or project fact inferred,200,13,13,,0,0,0,0,200,200,crossref,13,confirmed_bibliographic,C_bibliographic,,,,,not_checked,true,official_or_institutional_confirmation,,2026-08-27T07:50:12+00:00,bibliographic/aggregator evidence only; API channels may share provenance; no PI or project fact inferred,/home/runner/work/PolyFT/PolyFT/downloaded-remaining/nsfc-be-probe-batch-002
B,21232005,2012,key,B01,2012|key|B01|21232|3,0.857143,P3,true,manual_context_review_before_probe,"""21232005""","""21232005"" ""National Natural Science Foundation of China""","award.number:21232005,award.funder:501100001809","site:edu.cn OR site:ac.cn ""21232005""",queued,false,bibliographic/aggregator evidence only; API channels may share provenance; no PI or project fact inferred,200,61,60,,0,0,0,0,200,200,crossref,60,confirmed_bibliographic,C_bibliographic,,,,,not_checked,true,official_or_institutional_confirmation,,2026-08-27T07:57:16+00:00,bibliographic/aggregator evidence only; API channels may share provenance; no PI or project fact inferred,/home/runner/work/PolyFT/PolyFT/downloaded-remaining/nsfc-be-probe-batch-004
B,21265006,2012,regional,B04,2012|regional|B04|21265|3,0.961538,P3,true,manual_context_review_before_probe,"""21265006""","""21265006"" ""National Natural Science Foundation of China""","award.number:21265006,award.funder:501100001809","site:edu.cn OR site:ac.cn ""21265006""",queued,false,bibliographic/aggregator evidence only; API channels may share provenance; no PI or project fact inferred,200,3,3,,0,0,0,0,200,200,crossref,3,confirmed_bibliographic,C_bibliographic,,,,,not_checked,true,official_or_institutional_confirmation,,2026-08-27T07:50:12+00:00,bibliographic/aggregator evidence only; API channels may share provenance; no PI or project fact inferred,/home/runner/work/PolyFT/PolyFT/downloaded-remaining/nsfc-be-probe-batch-002
B,21266004,2012,regional,B08,2012|regional|B08|21266|3,0.968750,P3,true,manual_context_review_before_probe,"""21266004""","""21266004"" ""National Natural Science Foundation of China""","award.number:21266004,award.funder:501100001809","site:edu.cn OR site:ac.cn ""21266004""",queued,false,bibliographic/aggregator evidence only; API channels may share provenance; no PI or project fact inferred,200,0,0,200,0,0,0,0,200,200,,0,no_match_all_sources,E_negative_probe_only,,,,,not_checked,true,exact_web_and_institution_search,,2026-08-27T07:50:12+00:00,bibliographic/aggregator evidence only; API channels may share provenance; no PI or project fact inferred,/home/runner/work/PolyFT/PolyFT/downloaded-remaining/nsfc-be-probe-batch-002
B,21275016,2012,general,B04,2012|general|B04|21275|3,0.946746,P3,true,manual_context_review_before_probe,"""21275016""","""21275016"" ""National Natural Science Foundation of China""","award.number:21275016,award.funder:501100001809","site:edu.cn OR site:ac.cn ""21275016""",queued,false,bibliographic/aggregator evidence only; API channels may share provenance; no PI or project fact inferred,200,13,13,,0,0,0,0,200,200,crossref,13,confirmed_bibliographic,C_bibliographic,,,,,not_checked,true,official_or_institutional_confirmation,,2026-08-27T07:50:12+00:00,bibliographic/aggregator evidence only; API channels may share provenance; no PI or project fact inferred,/home/runner/work/PolyFT/PolyFT/downloaded-remaining/nsfc-be-probe-batch-002
B,21275046,2012,general,B04,2012|general|B04|21275|3,0.946746,P3,true,manual_context_review_before_probe,"""21275046""","""21275046"" ""National Natural Science Foundation of China""","award.number:21275046,award.funder:501100001809","site:edu.cn OR site:ac.cn ""21275046""",queued,false,bibliographic/aggregator evidence only; API channels may share provenance; no PI or project fact inferred,200,12,12,,0,0,0,0,200,200,crossref,12,confirmed_bibliographic,C_bibliographic,,,,,not_checked,true,official_or_institutional_confirmation,,2026-08-27T07:50:12+00:00,bibliographic/aggregator evidence only; API channels may share provenance; no PI or project fact inferred,/home/runner/work/PolyFT/PolyFT/downloaded-remaining/nsfc-be-probe-batch-002
B,21275061,2012,general,B04,2012|general|B04|21275|3,0.946746,P3,true,manual_context_review_before_probe,"""21275061""","""21275061"" ""National Natural Science Foundation of China""","award.number:21275061,award.funder:501100001809","site:edu.cn OR site:ac.cn ""21275061""",queued,false,bibliographic/aggregator evidence only; API channels may share provenance; no PI or project fact inferred,200,6,6,,0,0,0,0,200,200,crossref,6,confirmed_bibliographic,C_bibliographic,,,,,not_checked,true,official_or_institutional_confirmation,,2026-08-27T07:50:12+00:00,bibliographic/aggregator evidence only; API channels may share provenance; no PI or project fact inferred,/home/runner/work/PolyFT/PolyFT/downloaded-remaining/nsfc-be-probe-batch-002
B,21275067,2012,general,B04,2012|general|B04|21275|3,0.946746,P3,true,manual_context_review_before_probe,"""21275067""","""21275067"" ""National Natural Science Foundation of China""","award.number:21275067,award.funder:501100001809","site:edu.cn OR site:ac.cn ""21275067""",queued,false,bibliographic/aggregator evidence only; API channels may share provenance; no PI or project fact inferred,200,29,28,,0,0,0,0,200,200,crossref,28,confirmed_bibliographic,C_bibliographic,,,,,not_checked,true,official_or_institutional_confirmation,,2026-08-27T07:50:12+00:00,bibliographic/aggregator evidence only; API channels may share provenance; no PI or project fact inferred,/home/runner/work/PolyFT/PolyFT/downloaded-remaining/nsfc-be-probe-batch-002
B,21275094,2012,general,B04,2012|general|B04|21275|3,0.946746,P3,true,manual_context_review_before_probe,"""21275094""","""21275094"" ""National Natural Science Foundation of China""","award.number:21275094,award.funder:501100001809","site:edu.cn OR site:ac.cn ""21275094""",queued,false,bibliographic/aggregator evidence only; API channels may share provenance; no PI or project fact inferred,200,4,4,,0,0,0,0,200,200,crossref,4,confirmed_bibliographic,C_bibliographic,,,,,not_checked,true,official_or_institutional_confirmation,,2026-08-27T07:50:12+00:00,bibliographic/aggregator evidence only; API channels may share provenance; no PI or project fact inferred,/home/runner/work/PolyFT/PolyFT/downloaded-remaining/nsfc-be-probe-batch-002
B,21275101,2012,general,B04,2012|general|B04|21275|3,0.946746,P3,true,manual_context_review_before_probe,"""21275101""","""21275101"" ""National Natural Science Foundation of China""","award.number:21275101,award.funder:501100001809","site:edu.cn OR site:ac.cn ""21275101""",queued,false,bibliographic/aggregator evidence only; API channels may share provenance; no PI or project fact inferred,200,9,9,,0,0,0,0,200,200,crossref,9,confirmed_bibliographic,C_bibliographic,,,,,not_checked,true,official_or_institutional_confirmation,,2026-08-27T07:50:12+00:00,bibliographic/aggregator evidence only; API channels may share provenance; no PI or project fact inferred,/home/runner/work/PolyFT/PolyFT/downloaded-remaining/nsfc-be-probe-batch-002
B,21275108,2012,general,B04,2012|general|B04|21275|3,0.946746,P3,true,manual_context_review_before_probe,"""21275108""","""21275108"" ""National Natural Science Foundation of China""","award.number:21275108,award.funder:501100001809","site:edu.cn OR site:ac.cn ""21275108""",queued,false,bibliographic/aggregator evidence only; API channels may share provenance; no PI or project fact inferred,200,2,2,,0,0,0,0,200,200,crossref,2,confirmed_bibliographic,C_bibliographic,,,,,not_checked,true,official_or_institutional_confirmation,,2026-08-27T07:50:12+00:00,bibliographic/aggregator evidence only; API channels may share provenance; no PI or project fact inferred,/home/runner/work/PolyFT/PolyFT/downloaded-remaining/nsfc-be-probe-batch-002
B,21275140,2012,general,B04,2012|general|B04|21275|3,0.946746,P3,true,manual_context_review_before_probe,"""21275140""","""21275140"" ""National Natural Science Foundation of China""","award.number:21275140,award.funder:501100001809","site:edu.cn OR site:ac.cn ""21275140""",queued,false,bibliographic/aggregator evidence only; API channels may share provenance; no PI or project fact inferred,200,5,5,,0,0,0,0,200,200,crossref,5,confirmed_bibliographic,C_bibliographic,,,,,not_checked,true,official_or_institutional_confirmation,,2026-08-27T07:50:51+00:00,bibliographic/aggregator evidence only; API channels may share provenance; no PI or project fact inferred,/home/runner/work/PolyFT/PolyFT/downloaded-remaining/nsfc-be-probe-batch-003
B,21275164,2012,general,B04,2012|general|B04|21275|3,0.946746,P3,true,manual_context_review_before_probe,"""21275164""","""21275164"" ""National Natural Science Foundation of China""","award.number:21275164,award.funder:501100001809","site:edu.cn OR site:ac.cn ""21275164""",queued,false,bibliographic/aggregator evidence only; API channels may share provenance; no PI or project fact inferred,200,8,8,,0,0,0,0,200,200,crossref,8,confirmed_bibliographic,C_bibliographic,,,,,not_checked,true,official_or_institutional_confirmation,,2026-08-27T07:50:51+00:00,bibliographic/aggregator evidence only; API channels may share provenance; no PI or project fact inferred,/home/runner/work/PolyFT/PolyFT/downloaded-remaining/nsfc-be-probe-batch-003
B,21276016,2012,general,B08,2012|general|B08|21276|3,0.982818,P3,true,manual_context_review_before_probe,"""21276016""","""21276016"" ""National Natural Science Foundation of China""","award.number:21276016,award.funder:501100001809","site:edu.cn OR site:ac.cn ""21276016""",queued,false,bibliographic/aggregator evidence only; API channels may share provenance; no PI or project fact inferred,200,0,0,200,0,0,0,0,200,200,,0,no_match_all_sources,E_negative_probe_only,,,,,not_checked,true,exact_web_and_institution_search,,2026-08-27T07:50:12+00:00,bibliographic/aggregator evidence only; API channels may share provenance; no PI or project fact inferred,/home/runner/work/PolyFT/PolyFT/downloaded-remaining/nsfc-be-probe-batch-002
B,21276040,2012,general,B08,2012|general|B08|21276|3,0.982818,P3,true,manual_context_review_before_probe,"""21276040""","""21276040"" ""National Natural Science Foundation of China""","award.number:21276040,award.funder:501100001809","site:edu.cn OR site:ac.cn ""21276040""",queued,false,bibliographic/aggregator evidence only; API channels may share provenance; no PI or project fact inferred,200,24,24,,0,0,0,0,200,200,crossref,24,confirmed_bibliographic,C_bibliographic,,,,,not_checked,true,official_or_institutional_confirmation,,2026-08-27T07:50:12+00:00,bibliographic/aggregator evidence only; API channels may share provenance; no PI or project fact inferred,/home/runner/work/PolyFT/PolyFT/downloaded-remaining/nsfc-be-probe-batch-002
B,21276059,2012,general,B08,2012|general|B08|21276|3,0.982818,P3,true,manual_context_review_before_probe,"""21276059""","""21276059"" ""National Natural Science Foundation of China""","award.number:21276059,award.funder:501100001809","site:edu.cn OR site:ac.cn ""21276059""",queued,false,bibliographic/aggregator evidence only; API channels may share provenance; no PI or project fact inferred,200,15,15,,0,0,0,0,200,200,crossref,15,confirmed_bibliographic,C_bibliographic,,,,,not_checked,true,official_or_institutional_confirmation,,2026-08-27T07:50:12+00:00,bibliographic/aggregator evidence only; API channels may share provenance; no PI or project fact inferred,/home/runner/work/PolyFT/PolyFT/downloaded-remaining/nsfc-be-probe-batch-002
B,21276164,2012,general,B08,2012|general|B08|21276|3,0.982818,P3,true,manual_context_review_before_probe,"""21276164""","""21276164"" ""National Natural Science Foundation of China""","award.number:21276164,award.funder:501100001809","site:edu.cn OR site:ac.cn ""21276164""",queued,false,bibliographic/aggregator evidence only; API channels may share provenance; no PI or project fact inferred,200,2,2,,0,0,0,0,200,200,crossref,2,confirmed_bibliographic,C_bibliographic,,,,,not_checked,true,official_or_institutional_confirmation,,2026-08-27T07:50:12+00:00,bibliographic/aggregator evidence only; API channels may share provenance; no PI or project fact inferred,/home/runner/work/PolyFT/PolyFT/downloaded-remaining/nsfc-be-probe-batch-002
B,21276258,2012,general,B08,2012|general|B08|21276|3,0.982818,P3,true,manual_context_review_before_probe,"""21276258""","""21276258"" ""National Natural Science Foundation of China""","award.number:21276258,award.funder:501100001809","site:edu.cn OR site:ac.cn ""21276258""",queued,false,bibliographic/aggregator evidence only; API channels may share provenance; no PI or project fact inferred,200,19,20,,0,0,0,0,200,200,crossref,18,confirmed_bibliographic,C_bibliographic,,,,,not_checked,true,official_or_institutional_confirmation,,2026-08-27T07:50:12+00:00,bibliographic/aggregator evidence only; API channels may share provenance; no PI or project fact inferred,/home/runner/work/PolyFT/PolyFT/downloaded-remaining/nsfc-be-probe-batch-002
B,21305033,2013,youth_c,B04,2013|youth_c|B04|21305|3,0.939394,P3,true,manual_context_review_before_probe,"""21305033""","""21305033"" ""National Natural Science Foundation of China""","award.number:21305033,award.funder:501100001809","site:edu.cn OR site:ac.cn ""21305033""",queued,false,bibliographic/aggregator evidence only; API channels may share provenance; no PI or project fact inferred,200,32,32,,0,0,0,0,200,200,crossref,32,confirmed_bibliographic,C_bibliographic,,,,,not_checked,true,official_or_institutional_confirmation,,2026-08-27T07:50:51+00:00,bibliographic/aggregator evidence only; API channels may share provenance; no PI or project fact inferred,/home/runner/work/PolyFT/PolyFT/downloaded-remaining/nsfc-be-probe-batch-003
B,21305043,2013,youth_c,B04,2013|youth_c|B04|21305|3,0.939394,P3,true,manual_context_review_before_probe,"""21305043""","""21305043"" ""National Natural Science Foundation of China""","award.number:21305043,award.funder:501100001809","site:edu.cn OR site:ac.cn ""21305043""",queued,false,bibliographic/aggregator evidence only; API channels may share provenance; no PI or project fact inferred,200,1,1,,0,0,0,0,200,200,crossref,1,confirmed_bibliographic,C_bibliographic,,,,,not_checked,true,official_or_institutional_confirmation,,2026-08-27T07:50:51+00:00,bibliographic/aggregator evidence only; API channels may share provenance; no PI or project fact inferred,/home/runner/work/PolyFT/PolyFT/downloaded-remaining/nsfc-be-probe-batch-003
B,21305057,2013,youth_c,B04,2013|youth_c|B04|21305|3,0.939394,P3,true,manual_context_review_before_probe,"""21305057""","""21305057"" ""National Natural Science Foundation of China""","award.number:21305057,award.funder:501100001809","site:edu.cn OR site:ac.cn ""21305057""",queued,false,bibliographic/aggregator evidence only; API channels may share provenance; no PI or project fact inferred,200,3,4,,0,0,0,0,200,200,crossref,3,confirmed_bibliographic,C_bibliographic,,,,,not_checked,true,official_or_institutional_confirmation,,2026-08-27T07:50:51+00:00,bibliographic/aggregator evidence only; API channels may share provenance; no PI or project fact inferred,/home/runner/work/PolyFT/PolyFT/downloaded-remaining/nsfc-be-probe-batch-003
B,21305061,2013,youth_c,B04,2013|youth_c|B04|21305|3,0.939394,P3,true,manual_context_review_before_probe,"""21305061""","""21305061"" ""National Natural Science Foundation of China""","award.number:21305061,award.funder:501100001809","site:edu.cn OR site:ac.cn ""21305061""",queued,false,bibliographic/aggregator evidence only; API channels may share provenance; no PI or project fact inferred,200,8,8,,0,0,0,0,200,200,crossref,8,confirmed_bibliographic,C_bibliographic,,,,,not_checked,true,official_or_institutional_confirmation,,2026-08-27T07:50:51+00:00,bibliographic/aggregator evidence only; API channels may share provenance; no PI or project fact inferred,/home/runner/work/PolyFT/PolyFT/downloaded-remaining/nsfc-be-probe-batch-003
B,21305062,2013,youth_c,B04,2013|youth_c|B04|21305|3,0.939394,P3,true,manual_context_review_before_probe,"""21305062""","""21305062"" ""National Natural Science Foundation of China""","award.number:21305062,award.funder:501100001809","site:edu.cn OR site:ac.cn ""21305062""",queued,false,bibliographic/aggregator evidence only; API channels may share provenance; no PI or project fact inferred,200,12,12,,0,0,0,0,200,200,crossref,12,confirmed_bibliographic,C_bibliographic,,,,,not_checked,true,official_or_institutional_confirmation,,2026-08-27T07:50:51+00:00,bibliographic/aggregator evidence only; API channels may share provenance; no PI or project fact inferred,/home/runner/work/PolyFT/PolyFT/downloaded-remaining/nsfc-be-probe-batch-003
B,21305096,2013,youth_c,B04,2013|youth_c|B04|21305|3,0.939394,P3,true,manual_context_review_before_probe,"""21305096""","""21305096"" ""National Natural Science Foundation of China""","award.number:21305096,award.funder:501100001809","site:edu.cn OR site:ac.cn ""21305096""",queued,false,bibliographic/aggregator evidence only; API channels may share provenance; no PI or project fact inferred,200,4,5,,0,0,0,0,200,200,crossref,4,confirmed_bibliographic,C_bibliographic,,,,,not_checked,true,official_or_institutional_confirmation,,2026-08-27T07:50:51+00:00,bibliographic/aggregator evidence only; API channels may share provenance; no PI or project fact inferred,/home/runner/work/PolyFT/PolyFT/downloaded-remaining/nsfc-be-probe-batch-003
B,21305101,2013,youth_c,B04,2013|youth_c|B04|21305|3,0.939394,P3,true,manual_context_review_before_probe,"""21305101""","""21305101"" ""National Natural Science Foundation of China""","award.number:21305101,award.funder:501100001809","site:edu.cn OR site:ac.cn ""21305101""",queued,false,bibliographic/aggregator evidence only; API channels may share provenance; no PI or project fact inferred,200,15,15,,0,0,0,0,200,200,crossref,15,confirmed_bibliographic,C_bibliographic,,,,,not_checked,true,official_or_institutional_confirmation,,2026-08-27T07:50:51+00:00,bibliographic/aggregator evidence only; API channels may share provenance; no PI or project fact inferred,/home/runner/work/PolyFT/PolyFT/downloaded-remaining/nsfc-be-probe-batch-003
B,21305105,2013,youth_c,B04,2013|youth_c|B04|21305|3,0.939394,P3,true,manual_context_review_before_probe,"""21305105""","""21305105"" ""National Natural Science Foundation of China""","award.number:21305105,award.funder:501100001809","site:edu.cn OR site:ac.cn ""21305105""",queued,false,bibliographic/aggregator evidence only; API channels may share provenance; no PI or project fact inferred,200,1,1,,0,0,0,0,200,200,crossref,1,confirmed_bibliographic,C_bibliographic,,,,,not_checked,true,official_or_institutional_confirmation,,2026-08-27T07:50:51+00:00,bibliographic/aggregator evidence only; API channels may share provenance; no PI or project fact inferred,/home/runner/work/PolyFT/PolyFT/downloaded-remaining/nsfc-be-probe-batch-003
B,21305108,2013,youth_c,B04,2013|youth_c|B04|21305|3,0.939394,P3,true,manual_context_review_before_probe,"""21305108""","""21305108"" ""National Natural Science Foundation of China""","award.number:21305108,award.funder:501100001809","site:edu.cn OR site:ac.cn ""21305108""",queued,false,bibliographic/aggregator evidence only; API channels may share provenance; no PI or project fact inferred,200,6,6,,0,0,0,0,200,200,crossref,6,confirmed_bibliographic,C_bibliographic,,,,,not_checked,true,official_or_institutional_confirmation,,2026-08-27T07:50:51+00:00,bibliographic/aggregator evidence only; API channels may share provenance; no PI or project fact inferred,/home/runner/work/PolyFT/PolyFT/downloaded-remaining/nsfc-be-probe-batch-003
B,21305163,2013,youth_c,B04,2013|youth_c|B04|21305|3,0.939394,P3,true,manual_context_review_before_probe,"""21305163""","""21305163"" ""National Natural Science Foundation of China""","award.number:21305163,award.funder:501100001809","site:edu.cn OR site:ac.cn ""21305163""",queued,false,bibliographic/aggregator evidence only; API channels may share provenance; no PI or project fact inferred,200,16,16,,0,0,0,0,200,200,crossref,16,confirmed_bibliographic,C_bibliographic,,,,,not_checked,true,official_or_institutional_confirmation,,2026-08-27T07:50:51+00:00,bibliographic/aggregator evidence only; API channels may share provenance; no PI or project fact inferred,/home/runner/work/PolyFT/PolyFT/downloaded-remaining/nsfc-be-probe-batch-003
B,21306035,2013,youth_c,B08,2013|youth_c|B08|21306|3,0.987234,P3,true,manual_context_review_before_probe,"""21306035""","""21306035"" ""National Natural Science Foundation of China""","award.number:21306035,award.funder:501100001809","site:edu.cn OR site:ac.cn ""21306035""",queued,false,bibliographic/aggregator evidence only; API channels may share provenance; no PI or project fact inferred,200,14,14,,0,0,0,0,200,200,crossref,14,confirmed_bibliographic,C_bibliographic,,,,,not_checked,true,official_or_institutional_confirmation,,2026-08-27T07:50:12+00:00,bibliographic/aggregator evidence only; API channels may share provenance; no PI or project fact inferred,/home/runner/work/PolyFT/PolyFT/downloaded-remaining/nsfc-be-probe-batch-002
B,21306124,2013,youth_c,B08,2013|youth_c|B08|21306|3,0.987234,P3,true,manual_context_review_before_probe,"""21306124""","""21306124"" ""National Natural Science Foundation of China""","award.number:21306124,award.funder:501100001809","site:edu.cn OR site:ac.cn ""21306124""",queued,false,bibliographic/aggregator evidence only; API channels may share provenance; no PI or project fact inferred,200,13,13,,0,0,0,0,200,200,crossref,13,confirmed_bibliographic,C_bibliographic,,,,,not_checked,true,official_or_institutional_confirmation,,2026-08-27T07:50:12+00:00,bibliographic/aggregator evidence only; API channels may share provenance; no PI or project fact inferred,/home/runner/work/PolyFT/PolyFT/downloaded-remaining/nsfc-be-probe-batch-002
B,21306200,2013,youth_c,B08,2013|youth_c|B08|21306|3,0.987234,P3,true,manual_context_review_before_probe,"""21306200""","""21306200"" ""National Natural Science Foundation of China""","award.number:21306200,award.funder:501100001809","site:edu.cn OR site:ac.cn ""21306200""",queued,false,bibliographic/aggregator evidence only; API channels may share provenance; no PI or project fact inferred,200,0,0,200,0,0,0,0,200,200,,0,no_match_all_sources,E_negative_probe_only,,,,,not_checked,true,exact_web_and_institution_search,,2026-08-27T07:50:12+00:00,bibliographic/aggregator evidence only; API channels may share provenance; no PI or project fact inferred,/home/runner/work/PolyFT/PolyFT/downloaded-remaining/nsfc-be-probe-batch-002
B,21331004,2013,key,B01,2013|key|B01|21331|3,0.857143,P3,true,manual_context_review_before_probe,"""21331004""","""21331004"" ""National Natural Science Foundation of China""","award.number:21331004,award.funder:501100001809","site:edu.cn OR site:ac.cn ""21331004""",queued,false,bibliographic/aggregator evidence only; API channels may share provenance; no PI or project fact inferred,200,47,47,,0,0,0,0,200,200,crossref,47,confirmed_bibliographic,C_bibliographic,,,,,not_checked,true,official_or_institutional_confirmation,,2026-08-27T07:57:16+00:00,bibliographic/aggregator evidence only; API channels may share provenance; no PI or project fact inferred,/home/runner/work/PolyFT/PolyFT/downloaded-remaining/nsfc-be-probe-batch-004
B,21332004,2013,key,B01,2013|key|B01|21332|3,0.800000,P3,true,manual_context_review_before_probe,"""21332004""","""21332004"" ""National Natural Science Foundation of China""","award.number:21332004,award.funder:501100001809","site:edu.cn OR site:ac.cn ""21332004""",queued,false,bibliographic/aggregator evidence only; API channels may share provenance; no PI or project fact inferred,200,55,55,,0,0,0,0,200,200,crossref,54,confirmed_bibliographic,C_bibliographic,,,,,not_checked,true,official_or_institutional_confirmation,,2026-08-27T07:58:42+00:00,bibliographic/aggregator evidence only; API channels may share provenance; no PI or project fact inferred,/home/runner/work/PolyFT/PolyFT/downloaded-remaining/nsfc-be-probe-batch-005
B,21332006,2013,key,B01,2013|key|B01|21332|3,0.800000,P3,true,manual_context_review_before_probe,"""21332006""","""21332006"" ""National Natural Science Foundation of China""","award.number:21332006,award.funder:501100001809","site:edu.cn OR site:ac.cn ""21332006""",queued,false,bibliographic/aggregator evidence only; API channels may share provenance; no PI or project fact inferred,200,11,11,,0,0,0,0,200,200,crossref,11,confirmed_bibliographic,C_bibliographic,,,,,not_checked,true,official_or_institutional_confirmation,,2026-08-27T07:58:42+00:00,bibliographic/aggregator evidence only; API channels may share provenance; no PI or project fact inferred,/home/runner/work/PolyFT/PolyFT/downloaded-remaining/nsfc-be-probe-batch-005
B,21365003,2013,regional,B04,2013|regional|B04|21365|3,0.923077,P3,true,manual_context_review_before_probe,"""21365003""","""21365003"" ""National Natural Science Foundation of China""","award.number:21365003,award.funder:501100001809","site:edu.cn OR site:ac.cn ""21365003""",queued,false,bibliographic/aggregator evidence only; API channels may share provenance; no PI or project fact inferred,200,4,4,,0,0,0,0,200,200,crossref,4,confirmed_bibliographic,C_bibliographic,,,,,not_checked,true,official_or_institutional_confirmation,,2026-08-27T07:50:51+00:00,bibliographic/aggregator evidence only; API channels may share provenance; no PI or project fact inferred,/home/runner/work/PolyFT/PolyFT/downloaded-remaining/nsfc-be-probe-batch-003
B,21365008,2013,regional,B04,2013|regional|B04|21365|3,0.923077,P3,true,manual_context_review_before_probe,"""21365008""","""21365008"" ""National Natural Science Foundation of China""","award.number:21365008,award.funder:501100001809","site:edu.cn OR site:ac.cn ""21365008""",queued,false,bibliographic/aggregator evidence only; API channels may share provenance; no PI or project fact inferred,200,10,11,,0,0,0,0,200,200,crossref,9,confirmed_bibliographic,C_bibliographic,,,,,not_checked,true,official_or_institutional_confirmation,,2026-08-27T07:50:51+00:00,bibliographic/aggregator evidence only; API channels may share provenance; no PI or project fact inferred,/home/runner/work/PolyFT/PolyFT/downloaded-remaining/nsfc-be-probe-batch-003
B,21375007,2013,general,B04,2013|general|B04|21375|3,0.948718,P3,true,manual_context_review_before_probe,"""21375007""","""21375007"" ""National Natural Science Foundation of China""","award.number:21375007,award.funder:501100001809","site:edu.cn OR site:ac.cn ""21375007""",queued,false,bibliographic/aggregator evidence only; API channels may share provenance; no PI or project fact inferred,200,10,10,,0,0,0,0,200,200,crossref,10,confirmed_bibliographic,C_bibliographic,,,,,not_checked,true,official_or_institutional_confirmation,,2026-08-27T07:50:12+00:00,bibliographic/aggregator evidence only; API channels may share provenance; no PI or project fact inferred,/home/runner/work/PolyFT/PolyFT/downloaded-remaining/nsfc-be-probe-batch-002
B,21375011,2013,general,B04,2013|general|B04|21375|3,0.948718,P3,true,manual_context_review_before_probe,"""21375011""","""21375011"" ""National Natural Science Foundation of China""","award.number:21375011,award.funder:501100001809","site:edu.cn OR site:ac.cn ""21375011""",queued,false,bibliographic/aggregator evidence only; API channels may share provenance; no PI or project fact inferred,200,9,8,,0,0,0,0,200,200,crossref,8,confirmed_bibliographic,C_bibliographic,,,,,not_checked,true,official_or_institutional_confirmation,,2026-08-27T07:50:12+00:00,bibliographic/aggregator evidence only; API channels may share provenance; no PI or project fact inferred,/home/runner/work/PolyFT/PolyFT/downloaded-remaining/nsfc-be-probe-batch-002
B,21375054,2013,general,B04,2013|general|B04|21375|3,0.948718,P3,true,manual_context_review_before_probe,"""21375054""","""21375054"" ""National Natural Science Foundation of China""","award.number:21375054,award.funder:501100001809","site:edu.cn OR site:ac.cn ""21375054""",queued,false,bibliographic/aggregator evidence only; API channels may share provenance; no PI or project fact inferred,200,11,11,,0,0,0,0,200,200,crossref,11,confirmed_bibliographic,C_bibliographic,,,,,not_checked,true,official_or_institutional_confirmation,,2026-08-27T07:50:12+00:00,bibliographic/aggregator evidence only; API channels may share provenance; no PI or project fact inferred,/home/runner/work/PolyFT/PolyFT/downloaded-remaining/nsfc-be-probe-batch-002
B,21375082,2013,general,B04,2013|general|B04|21375|3,0.948718,P3,true,manual_context_review_before_probe,"""21375082""","""21375082"" ""National Natural Science Foundation of China""","award.number:21375082,award.funder:501100001809","site:edu.cn OR site:ac.cn ""21375082""",queued,false,bibliographic/aggregator evidence only; API channels may share provenance; no PI or project fact inferred,200,25,25,,0,0,0,0,200,200,crossref,25,confirmed_bibliographic,C_bibliographic,,,,,not_checked,true,official_or_institutional_confirmation,,2026-08-27T07:50:12+00:00,bibliographic/aggregator evidence only; API channels may share provenance; no PI or project fact inferred,/home/runner/work/PolyFT/PolyFT/downloaded-remaining/nsfc-be-probe-batch-002
B,21375090,2013,general,B04,2013|general|B04|21375|3,0.948718,P3,true,manual_context_review_before_probe,"""21375090""","""21375090"" ""National Natural Science Foundation of China""","award.number:21375090,award.funder:501100001809","site:edu.cn OR site:ac.cn ""21375090""",queued,false,bibliographic/aggregator evidence only; API channels may share provenance; no PI or project fact inferred,200,13,14,,0,0,0,0,200,200,crossref,13,confirmed_bibliographic,C_bibliographic,,,,,not_checked,true,official_or_institutional_confirmation,,2026-08-27T07:50:12+00:00,bibliographic/aggregator evidence only; API channels may share provenance; no PI or project fact inferred,/home/runner/work/PolyFT/PolyFT/downloaded-remaining/nsfc-be-probe-batch-002
B,21375105,2013,general,B04,2013|general|B04|21375|3,0.948718,P3,true,manual_context_review_before_probe,"""21375105""","""21375105"" ""National Natural Science Foundation of China""","award.number:21375105,award.funder:501100001809","site:edu.cn OR site:ac.cn ""21375105""",queued,false,bibliographic/aggregator evidence only; API channels may share provenance; no PI or project fact inferred,200,27,27,,0,0,0,0,200,200,crossref,27,confirmed_bibliographic,C_bibliographic,,,,,not_checked,true,official_or_institutional_confirmation,,2026-08-27T07:50:12+00:00,bibliographic/aggregator evidence only; API channels may share provenance; no PI or project fact inferred,/home/runner/work/PolyFT/PolyFT/downloaded-remaining/nsfc-be-probe-batch-002
B,21375118,2013,general,B04,2013|general|B04|21375|3,0.948718,P3,true,manual_context_review_before_probe,"""21375118""","""21375118"" ""National Natural Science Foundation of China""","award.number:21375118,award.funder:501100001809","site:edu.cn OR site:ac.cn ""21375118""",queued,false,bibliographic/aggregator evidence only; API channels may share provenance; no PI or project fact inferred,200,27,29,,0,0,0,0,200,200,crossref,22,confirmed_bibliographic,C_bibliographic,,,,,not_checked,true,official_or_institutional_confirmation,,2026-08-27T07:50:12+00:00,bibliographic/aggregator evidence only; API channels may share provenance; no PI or project fact inferred,/home/runner/work/PolyFT/PolyFT/downloaded-remaining/nsfc-be-probe-batch-002
B,21375151,2013,general,B04,2013|general|B04|21375|3,0.948718,P3,true,manual_context_review_before_probe,"""21375151""","""21375151"" ""National Natural Science Foundation of China""","award.number:21375151,award.funder:501100001809","site:edu.cn OR site:ac.cn ""21375151""",queued,false,bibliographic/aggregator evidence only; API channels may share provenance; no PI or project fact inferred,200,17,17,,0,0,0,0,200,200,crossref,17,confirmed_bibliographic,C_bibliographic,,,,,not_checked,true,official_or_institutional_confirmation,,2026-08-27T07:50:12+00:00,bibliographic/aggregator evidence only; API channels may share provenance; no PI or project fact inferred,/home/runner/work/PolyFT/PolyFT/downloaded-remaining/nsfc-be-probe-batch-002
B,21376033,2013,general,B08,2013|general|B08|21376|3,0.989474,P3,true,manual_context_review_before_probe,"""21376033""","""21376033"" ""National Natural Science Foundation of China""","award.number:21376033,award.funder:501100001809","site:edu.cn OR site:ac.cn ""21376033""",queued,false,bibliographic/aggregator evidence only; API channels may share provenance; no PI or project fact inferred,200,6,6,,0,0,0,0,200,200,crossref,6,confirmed_bibliographic,C_bibliographic,,,,,not_checked,true,official_or_institutional_confirmation,,2026-08-27T07:50:12+00:00,bibliographic/aggregator evidence only; API channels may share provenance; no PI or project fact inferred,/home/runner/work/PolyFT/PolyFT/downloaded-remaining/nsfc-be-probe-batch-002
B,21376092,2013,general,B08,2013|general|B08|21376|3,0.989474,P3,true,manual_context_review_before_probe,"""21376092""","""21376092"" ""National Natural Science Foundation of China""","award.number:21376092,award.funder:501100001809","site:edu.cn OR site:ac.cn ""21376092""",queued,false,bibliographic/aggregator evidence only; API channels may share provenance; no PI or project fact inferred,200,2,2,,0,0,0,0,200,200,crossref,2,confirmed_bibliographic,C_bibliographic,,,,,not_checked,true,official_or_institutional_confirmation,,2026-08-27T07:50:12+00:00,bibliographic/aggregator evidence only; API channels may share provenance; no PI or project fact inferred,/home/runner/work/PolyFT/PolyFT/downloaded-remaining/nsfc-be-probe-batch-002
B,21376210,2013,general,B08,2013|general|B08|21376|3,0.989474,P3,true,manual_context_review_before_probe,"""21376210""","""21376210"" ""National Natural Science Foundation of China""","award.number:21376210,award.funder:501100001809","site:edu.cn OR site:ac.cn ""21376210""",queued,false,bibliographic/aggregator evidence only; API channels may share provenance; no PI or project fact inferred,200,6,6,,0,0,0,0,200,200,crossref,6,confirmed_bibliographic,C_bibliographic,,,,,not_checked,true,official_or_institutional_confirmation,,2026-08-27T07:50:12+00:00,bibliographic/aggregator evidence only; API channels may share provenance; no PI or project fact inferred,/home/runner/work/PolyFT/PolyFT/downloaded-remaining/nsfc-be-probe-batch-002
B,21405068,2014,youth_c,B04,2014|youth_c|B04|21405|3,0.983607,P3,true,manual_context_review_before_probe,"""21405068""","""21405068"" ""National Natural Science Foundation of China""","award.number:21405068,award.funder:501100001809","site:edu.cn OR site:ac.cn ""21405068""",queued,false,bibliographic/aggregator evidence only; API channels may share provenance; no PI or project fact inferred,200,8,11,,0,0,0,0,200,200,crossref,8,confirmed_bibliographic,C_bibliographic,,,,,not_checked,true,official_or_institutional_confirmation,,2026-08-27T07:50:12+00:00,bibliographic/aggregator evidence only; API channels may share provenance; no PI or project fact inferred,/home/runner/work/PolyFT/PolyFT/downloaded-remaining/nsfc-be-probe-batch-002
B,21405110,2014,youth_c,B04,2014|youth_c|B04|21405|3,0.983607,P3,true,manual_context_review_before_probe,"""21405110""","""21405110"" ""National Natural Science Foundation of China""","award.number:21405110,award.funder:501100001809","site:edu.cn OR site:ac.cn ""21405110""",queued,false,bibliographic/aggregator evidence only; API channels may share provenance; no PI or project fact inferred,200,13,13,,0,0,0,0,200,200,crossref,13,confirmed_bibliographic,C_bibliographic,,,,,not_checked,true,official_or_institutional_confirmation,,2026-08-27T07:50:12+00:00,bibliographic/aggregator evidence only; API channels may share provenance; no PI or project fact inferred,/home/runner/work/PolyFT/PolyFT/downloaded-remaining/nsfc-be-probe-batch-002
B,21405168,2014,youth_c,B04,2014|youth_c|B04|21405|3,0.983607,P3,true,manual_context_review_before_probe,"""21405168""","""21405168"" ""National Natural Science Foundation of China""","award.number:21405168,award.funder:501100001809","site:edu.cn OR site:ac.cn ""21405168""",queued,false,bibliographic/aggregator evidence only; API channels may share provenance; no PI or project fact inferred,200,0,0,200,0,0,0,0,200,200,,0,no_match_all_sources,E_negative_probe_only,,,,,not_checked,true,exact_web_and_institution_search,,2026-08-27T07:50:12+00:00,bibliographic/aggregator evidence only; API channels may share provenance; no PI or project fact inferred,/home/runner/work/PolyFT/PolyFT/downloaded-remaining/nsfc-be-probe-batch-002
B,21406149,2014,youth_c,B08,2014|youth_c|B08|21406|3,0.996350,P3,true,manual_context_review_before_probe,"""21406149""","""21406149"" ""National Natural Science Foundation of China""","award.number:21406149,award.funder:501100001809","site:edu.cn OR site:ac.cn ""21406149""",queued,false,bibliographic/aggregator evidence only; API channels may share provenance; no PI or project fact inferred,200,0,0,200,0,0,0,0,200,200,,0,no_match_all_sources,E_negative_probe_only,,,,,not_checked,true,exact_web_and_institution_search,,2026-08-27T07:50:12+00:00,bibliographic/aggregator evidence only; API channels may share provenance; no PI or project fact inferred,/home/runner/work/PolyFT/PolyFT/downloaded-remaining/nsfc-be-probe-batch-002
B,21431007,2014,key,B01,2014|key|B01|21431|3,0.857143,P3,true,manual_context_review_before_probe,"""21431007""","""21431007"" ""National Natural Science Foundation of China""","award.number:21431007,award.funder:501100001809","site:edu.cn OR site:ac.cn ""21431007""",queued,false,bibliographic/aggregator evidence only; API channels may share provenance; no PI or project fact inferred,200,93,93,,0,0,0,0,200,200,crossref,93,confirmed_bibliographic,C_bibliographic,,,,,not_checked,true,official_or_institutional_confirmation,,2026-08-27T07:57:16+00:00,bibliographic/aggregator evidence only; API channels may share provenance; no PI or project fact inferred,/home/runner/work/PolyFT/PolyFT/downloaded-remaining/nsfc-be-probe-batch-004
B,21432008,2014,key,B01,2014|key|B01|21432|3,0.909091,P3,true,manual_context_review_before_probe,"""21432008""","""21432008"" ""National Natural Science Foundation of China""","award.number:21432008,award.funder:501100001809","site:edu.cn OR site:ac.cn ""21432008""",queued,false,bibliographic/aggregator evidence only; API channels may share provenance; no PI or project fact inferred,200,62,62,,0,0,0,0,200,200,crossref,62,confirmed_bibliographic,C_bibliographic,,,,,not_checked,true,official_or_institutional_confirmation,,2026-08-27T07:50:51+00:00,bibliographic/aggregator evidence only; API channels may share provenance; no PI or project fact inferred,/home/runner/work/PolyFT/PolyFT/downloaded-remaining/nsfc-be-probe-batch-003
B,21465016,2014,regional,B04,2014|regional|B04|21465|3,0.923077,P3,true,manual_context_review_before_probe,"""21465016""","""21465016"" ""National Natural Science Foundation of China""","award.number:21465016,award.funder:501100001809","site:edu.cn OR site:ac.cn ""21465016""",queued,false,bibliographic/aggregator evidence only; API channels may share provenance; no PI or project fact inferred,200,10,13,,0,0,0,0,200,200,crossref,10,confirmed_bibliographic,C_bibliographic,,,,,not_checked,true,official_or_institutional_confirmation,,2026-08-27T07:50:51+00:00,bibliographic/aggregator evidence only; API channels may share provenance; no PI or project fact inferred,/home/runner/work/PolyFT/PolyFT/downloaded-remaining/nsfc-be-probe-batch-003
B,21465018,2014,regional,B04,2014|regional|B04|21465|3,0.923077,P3,true,manual_context_review_before_probe,"""21465018""","""21465018"" ""National Natural Science Foundation of China""","award.number:21465018,award.funder:501100001809","site:edu.cn OR site:ac.cn ""21465018""",queued,false,bibliographic/aggregator evidence only; API channels may share provenance; no PI or project fact inferred,200,0,0,200,0,0,0,0,200,200,,0,no_match_all_sources,E_negative_probe_only,,,,,not_checked,true,exact_web_and_institution_search,,2026-08-27T07:50:51+00:00,bibliographic/aggregator evidence only; API channels may share provenance; no PI or project fact inferred,/home/runner/work/PolyFT/PolyFT/downloaded-remaining/nsfc-be-probe-batch-003
B,21466033,2014,regional,B08,2014|regional|B08|21466|3,0.972973,P3,true,manual_context_review_before_probe,"""21466033""","""21466033"" ""National Natural Science Foundation of China""","award.number:21466033,award.funder:501100001809","site:edu.cn OR site:ac.cn ""21466033""",queued,false,bibliographic/aggregator evidence only; API channels may share provenance; no PI or project fact inferred,200,6,6,,0,0,0,0,200,200,crossref,6,confirmed_bibliographic,C_bibliographic,,,,,not_checked,true,official_or_institutional_confirmation,,2026-08-27T07:50:12+00:00,bibliographic/aggregator evidence only; API channels may share provenance; no PI or project fact inferred,/home/runner/work/PolyFT/PolyFT/downloaded-remaining/nsfc-be-probe-batch-002
B,21467024,2014,regional,B06,2014|regional|B06|21467|3,0.967742,P3,true,manual_context_review_before_probe,"""21467024""","""21467024"" ""National Natural Science Foundation of China""","award.number:21467024,award.funder:501100001809","site:edu.cn OR site:ac.cn ""21467024""",queued,false,bibliographic/aggregator evidence only; API channels may share provenance; no PI or project fact inferred,200,17,17,,0,0,0,0,200,200,crossref,17,confirmed_bibliographic,C_bibliographic,,,,,not_checked,true,official_or_institutional_confirmation,,2026-08-27T07:50:12+00:00,bibliographic/aggregator evidence only; API channels may share provenance; no PI or project fact inferred,/home/runner/work/PolyFT/PolyFT/downloaded-remaining/nsfc-be-probe-batch-002
B,21475039,2014,general,B04,2014|general|B04|21475|3,0.967532,P3,true,manual_context_review_before_probe,"""21475039""","""21475039"" ""National Natural Science Foundation of China""","award.number:21475039,award.funder:501100001809","site:edu.cn OR site:ac.cn ""21475039""",queued,false,bibliographic/aggregator evidence only; API channels may share provenance; no PI or project fact inferred,200,17,17,,0,0,0,0,200,200,crossref,17,confirmed_bibliographic,C_bibliographic,,,,,not_checked,true,official_or_institutional_confirmation,,2026-08-27T07:50:12+00:00,bibliographic/aggregator evidence only; API channels may share provenance; no PI or project fact inferred,/home/runner/work/PolyFT/PolyFT/downloaded-remaining/nsfc-be-probe-batch-002
B,21475054,2014,general,B04,2014|general|B04|21475|3,0.967532,P3,true,manual_context_review_before_probe,"""21475054""","""21475054"" ""National Natural Science Foundation of China""","award.number:21475054,award.funder:501100001809","site:edu.cn OR site:ac.cn ""21475054""",queued,false,bibliographic/aggregator evidence only; API channels may share provenance; no PI or project fact inferred,200,15,15,,0,0,0,0,200,200,crossref,15,confirmed_bibliographic,C_bibliographic,,,,,not_checked,true,official_or_institutional_confirmation,,2026-08-27T07:50:12+00:00,bibliographic/aggregator evidence only; API channels may share provenance; no PI or project fact inferred,/home/runner/work/PolyFT/PolyFT/downloaded-remaining/nsfc-be-probe-batch-002
B,21475068,2014,general,B04,2014|general|B04|21475|3,0.967532,P3,true,manual_context_review_before_probe,"""21475068""","""21475068"" ""National Natural Science Foundation of China""","award.number:21475068,award.funder:501100001809","site:edu.cn OR site:ac.cn ""21475068""",queued,false,bibliographic/aggregator evidence only; API channels may share provenance; no PI or project fact inferred,200,30,30,,0,0,0,0,200,200,crossref,30,confirmed_bibliographic,C_bibliographic,,,,,not_checked,true,official_or_institutional_confirmation,,2026-08-27T07:50:12+00:00,bibliographic/aggregator evidence only; API channels may share provenance; no PI or project fact inferred,/home/runner/work/PolyFT/PolyFT/downloaded-remaining/nsfc-be-probe-batch-002
B,21475081,2014,general,B04,2014|general|B04|21475|3,0.967532,P3,true,manual_context_review_before_probe,"""21475081""","""21475081"" ""National Natural Science Foundation of China""","award.number:21475081,award.funder:501100001809","site:edu.cn OR site:ac.cn ""21475081""",queued,false,bibliographic/aggregator evidence only; API channels may share provenance; no PI or project fact inferred,200,22,22,,0,0,0,0,200,200,crossref,22,confirmed_bibliographic,C_bibliographic,,,,,not_checked,true,official_or_institutional_confirmation,,2026-08-27T07:50:12+00:00,bibliographic/aggregator evidence only; API channels may share provenance; no PI or project fact inferred,/home/runner/work/PolyFT/PolyFT/downloaded-remaining/nsfc-be-probe-batch-002
B,21475113,2014,general,B04,2014|general|B04|21475|3,0.967532,P3,true,manual_context_review_before_probe,"""21475113""","""21475113"" ""National Natural Science Foundation of China""","award.number:21475113,award.funder:501100001809","site:edu.cn OR site:ac.cn ""21475113""",queued,false,bibliographic/aggregator evidence only; API channels may share provenance; no PI or project fact inferred,200,4,4,,0,0,0,0,200,200,crossref,4,confirmed_bibliographic,C_bibliographic,,,,,not_checked,true,official_or_institutional_confirmation,,2026-08-27T07:50:12+00:00,bibliographic/aggregator evidence only; API channels may share provenance; no PI or project fact inferred,/home/runner/work/PolyFT/PolyFT/downloaded-remaining/nsfc-be-probe-batch-002
B,21476145,2014,general,B08,2014|general|B08|21476|3,0.992647,P3,true,manual_context_review_before_probe,"""21476145""","""21476145"" ""National Natural Science Foundation of China""","award.number:21476145,award.funder:501100001809","site:edu.cn OR site:ac.cn ""21476145""",queued,false,bibliographic/aggregator evidence only; API channels may share provenance; no PI or project fact inferred,200,25,26,,0,0,0,0,200,200,crossref,25,confirmed_bibliographic,C_bibliographic,,,,,not_checked,true,official_or_institutional_confirmation,,2026-08-27T07:50:12+00:00,bibliographic/aggregator evidence only; API channels may share provenance; no PI or project fact inferred,/home/runner/work/PolyFT/PolyFT/downloaded-remaining/nsfc-be-probe-batch-002
B,21476271,2014,general,B08,2014|general|B08|21476|3,0.992647,P3,true,manual_context_review_before_probe,"""21476271""","""21476271"" ""National Natural Science Foundation of China""","award.number:21476271,award.funder:501100001809","site:edu.cn OR site:ac.cn ""21476271""",queued,false,bibliographic/aggregator evidence only; API channels may share provenance; no PI or project fact inferred,200,43,43,,0,0,0,0,200,200,crossref,43,confirmed_bibliographic,C_bibliographic,,,,,not_checked,true,official_or_institutional_confirmation,,2026-08-27T07:50:12+00:00,bibliographic/aggregator evidence only; API channels may share provenance; no PI or project fact inferred,/home/runner/work/PolyFT/PolyFT/downloaded-remaining/nsfc-be-probe-batch-002
B,21505009,2015,youth_c,B04,2015|youth_c|B04|21505|3,0.975309,P3,true,manual_context_review_before_probe,"""21505009""","""21505009"" ""National Natural Science Foundation of China""","award.number:21505009,award.funder:501100001809","site:edu.cn OR site:ac.cn ""21505009""",queued,false,bibliographic/aggregator evidence only; API channels may share provenance; no PI or project fact inferred,200,25,31,,0,0,0,0,200,200,crossref,24,confirmed_bibliographic,C_bibliographic,,,,,not_checked,true,official_or_institutional_confirmation,,2026-08-27T07:50:12+00:00,bibliographic/aggregator evidence only; API channels may share provenance; no PI or project fact inferred,/home/runner/work/PolyFT/PolyFT/downloaded-remaining/nsfc-be-probe-batch-002
B,21505085,2015,youth_c,B04,2015|youth_c|B04|21505|3,0.975309,P3,true,manual_context_review_before_probe,"""21505085""","""21505085"" ""National Natural Science Foundation of China""","award.number:21505085,award.funder:501100001809","site:edu.cn OR site:ac.cn ""21505085""",queued,false,bibliographic/aggregator evidence only; API channels may share provenance; no PI or project fact inferred,200,7,7,,0,0,0,0,200,200,crossref,7,confirmed_bibliographic,C_bibliographic,,,,,not_checked,true,official_or_institutional_confirmation,,2026-08-27T07:50:12+00:00,bibliographic/aggregator evidence only; API channels may share provenance; no PI or project fact inferred,/home/runner/work/PolyFT/PolyFT/downloaded-remaining/nsfc-be-probe-batch-002
B,21505099,2015,youth_c,B04,2015|youth_c|B04|21505|3,0.975309,P3,true,manual_context_review_before_probe,"""21505099""","""21505099"" ""National Natural Science Foundation of China""","award.number:21505099,award.funder:501100001809","site:edu.cn OR site:ac.cn ""21505099""",queued,false,bibliographic/aggregator evidence only; API channels may share provenance; no PI or project fact inferred,200,6,6,,0,0,0,0,200,200,crossref,6,confirmed_bibliographic,C_bibliographic,,,,,not_checked,true,official_or_institutional_confirmation,,2026-08-27T07:50:12+00:00,bibliographic/aggregator evidence only; API channels may share provenance; no PI or project fact inferred,/home/runner/work/PolyFT/PolyFT/downloaded-remaining/nsfc-be-probe-batch-002
B,21505139,2015,youth_c,B04,2015|youth_c|B04|21505|3,0.975309,P3,true,manual_context_review_before_probe,"""21505139""","""21505139"" ""National Natural Science Foundation of China""","award.number:21505139,award.funder:501100001809","site:edu.cn OR site:ac.cn ""21505139""",queued,false,bibliographic/aggregator evidence only; API channels may share provenance; no PI or project fact inferred,200,9,16,,0,0,0,0,200,200,crossref,9,confirmed_bibliographic,C_bibliographic,,,,,not_checked,true,official_or_institutional_confirmation,,2026-08-27T07:50:12+00:00,bibliographic/aggregator evidence only; API channels may share provenance; no PI or project fact inferred,/home/runner/work/PolyFT/PolyFT/downloaded-remaining/nsfc-be-probe-batch-002
B,21506069,2015,youth_c,B08,2015|youth_c|B08|21506|3,0.992308,P3,true,manual_context_review_before_probe,"""21506069""","""21506069"" ""National Natural Science Foundation of China""","award.number:21506069,award.funder:501100001809","site:edu.cn OR site:ac.cn ""21506069""",queued,false,bibliographic/aggregator evidence only; API channels may share provenance; no PI or project fact inferred,200,1,1,,0,0,0,0,200,200,crossref,1,confirmed_bibliographic,C_bibliographic,,,,,not_checked,true,official_or_institutional_confirmation,,2026-08-27T07:50:12+00:00,bibliographic/aggregator evidence only; API channels may share provenance; no PI or project fact inferred,/home/runner/work/PolyFT/PolyFT/downloaded-remaining/nsfc-be-probe-batch-002
B,21506092,2015,youth_c,B08,2015|youth_c|B08|21506|3,0.992308,P3,true,manual_context_review_before_probe,"""21506092""","""21506092"" ""National Natural Science Foundation of China""","award.number:21506092,award.funder:501100001809","site:edu.cn OR site:ac.cn ""21506092""",queued,false,bibliographic/aggregator evidence only; API channels may share provenance; no PI or project fact inferred,200,0,0,200,0,0,0,0,200,200,,0,no_match_all_sources,E_negative_probe_only,,,,,not_checked,true,exact_web_and_institution_search,,2026-08-27T07:50:12+00:00,bibliographic/aggregator evidence only; API channels may share provenance; no PI or project fact inferred,/home/runner/work/PolyFT/PolyFT/downloaded-remaining/nsfc-be-probe-batch-002
B,21507158,2015,youth_c,B06,2015|youth_c|B06|21507|3,0.994118,P3,true,manual_context_review_before_probe,"""21507158""","""21507158"" ""National Natural Science Foundation of China""","award.number:21507158,award.funder:501100001809","site:edu.cn OR site:ac.cn ""21507158""",queued,false,bibliographic/aggregator evidence only; API channels may share provenance; no PI or project fact inferred,200,0,0,200,0,0,0,0,200,200,,0,no_match_all_sources,E_negative_probe_only,,,,,not_checked,true,exact_web_and_institution_search,,2026-08-27T07:50:12+00:00,bibliographic/aggregator evidence only; API channels may share provenance; no PI or project fact inferred,/home/runner/work/PolyFT/PolyFT/downloaded-remaining/nsfc-be-probe-batch-002
B,21532002,2015,key,B01,2015|key|B01|21532|3,0.800000,P3,true,manual_context_review_before_probe,"""21532002""","""21532002"" ""National Natural Science Foundation of China""","award.number:21532002,award.funder:501100001809","site:edu.cn OR site:ac.cn ""21532002""",queued,false,bibliographic/aggregator evidence only; API channels may share provenance; no PI or project fact inferred,200,27,27,,0,0,0,0,200,200,crossref,27,confirmed_bibliographic,C_bibliographic,,,,,not_checked,true,official_or_institutional_confirmation,,2026-08-27T07:58:42+00:00,bibliographic/aggregator evidence only; API channels may share provenance; no PI or project fact inferred,/home/runner/work/PolyFT/PolyFT/downloaded-remaining/nsfc-be-probe-batch-005
B,21532005,2015,key,B01,2015|key|B01|21532|3,0.800000,P3,true,manual_context_review_before_probe,"""21532005""","""21532005"" ""National Natural Science Foundation of China""","award.number:21532005,award.funder:501100001809","site:edu.cn OR site:ac.cn ""21532005""",queued,false,bibliographic/aggregator evidence only; API channels may share provenance; no PI or project fact inferred,200,59,59,,0,0,0,0,200,200,crossref,59,confirmed_bibliographic,C_bibliographic,,,,,not_checked,true,official_or_institutional_confirmation,,2026-08-27T07:58:42+00:00,bibliographic/aggregator evidence only; API channels may share provenance; no PI or project fact inferred,/home/runner/work/PolyFT/PolyFT/downloaded-remaining/nsfc-be-probe-batch-005
B,21565022,2015,regional,B04,2015|regional|B04|21565|3,0.969697,P3,true,manual_context_review_before_probe,"""21565022""","""21565022"" ""National Natural Science Foundation of China""","award.number:21565022,award.funder:501100001809","site:edu.cn OR site:ac.cn ""21565022""",queued,false,bibliographic/aggregator evidence only; API channels may share provenance; no PI or project fact inferred,200,21,21,,0,0,0,0,200,200,crossref,21,confirmed_bibliographic,C_bibliographic,,,,,not_checked,true,official_or_institutional_confirmation,,2026-08-27T07:50:12+00:00,bibliographic/aggregator evidence only; API channels may share provenance; no PI or project fact inferred,/home/runner/work/PolyFT/PolyFT/downloaded-remaining/nsfc-be-probe-batch-002
B,21575011,2015,general,B04,2015|general|B04|21575|3,0.970238,P3,true,manual_context_review_before_probe,"""21575011""","""21575011"" ""National Natural Science Foundation of China""","award.number:21575011,award.funder:501100001809","site:edu.cn OR site:ac.cn ""21575011""",queued,false,bibliographic/aggregator evidence only; API channels may share provenance; no PI or project fact inferred,200,26,26,,0,0,0,0,200,200,crossref,26,confirmed_bibliographic,C_bibliographic,,,,,not_checked,true,official_or_institutional_confirmation,,2026-08-27T07:50:12+00:00,bibliographic/aggregator evidence only; API channels may share provenance; no PI or project fact inferred,/home/runner/work/PolyFT/PolyFT/downloaded-remaining/nsfc-be-probe-batch-002
B,21575039,2015,general,B04,2015|general|B04|21575|3,0.970238,P3,true,manual_context_review_before_probe,"""21575039""","""21575039"" ""National Natural Science Foundation of China""","award.number:21575039,award.funder:501100001809","site:edu.cn OR site:ac.cn ""21575039""",queued,false,bibliographic/aggregator evidence only; API channels may share provenance; no PI or project fact inferred,200,41,41,,0,0,0,0,200,200,crossref,40,confirmed_bibliographic,C_bibliographic,,,,,not_checked,true,official_or_institutional_confirmation,,2026-08-27T07:50:12+00:00,bibliographic/aggregator evidence only; API channels may share provenance; no PI or project fact inferred,/home/runner/work/PolyFT/PolyFT/downloaded-remaining/nsfc-be-probe-batch-002
B,21575094,2015,general,B04,2015|general|B04|21575|3,0.970238,P3,true,manual_context_review_before_probe,"""21575094""","""21575094"" ""National Natural Science Foundation of China""","award.number:21575094,award.funder:501100001809","site:edu.cn OR site:ac.cn ""21575094""",queued,false,bibliographic/aggregator evidence only; API channels may share provenance; no PI or project fact inferred,200,14,15,,0,0,0,0,200,200,crossref,13,confirmed_bibliographic,C_bibliographic,,,,,not_checked,true,official_or_institutional_confirmation,,2026-08-27T07:50:12+00:00,bibliographic/aggregator evidence only; API channels may share provenance; no PI or project fact inferred,/home/runner/work/PolyFT/PolyFT/downloaded-remaining/nsfc-be-probe-batch-002
B,21575128,2015,general,B04,2015|general|B04|21575|3,0.970238,P3,true,manual_context_review_before_probe,"""21575128""","""21575128"" ""National Natural Science Foundation of China""","award.number:21575128,award.funder:501100001809","site:edu.cn OR site:ac.cn ""21575128""",queued,false,bibliographic/aggregator evidence only; API channels may share provenance; no PI or project fact inferred,200,70,70,,0,0,0,0,200,200,crossref,69,confirmed_bibliographic,C_bibliographic,,,,,not_checked,true,official_or_institutional_confirmation,,2026-08-27T07:50:12+00:00,bibliographic/aggregator evidence only; API channels may share provenance; no PI or project fact inferred,/home/runner/work/PolyFT/PolyFT/downloaded-remaining/nsfc-be-probe-batch-002
B,21575131,2015,general,B04,2015|general|B04|21575|3,0.970238,P3,true,manual_context_review_before_probe,"""21575131""","""21575131"" ""National Natural Science Foundation of China""","award.number:21575131,award.funder:501100001809","site:edu.cn OR site:ac.cn ""21575131""",queued,false,bibliographic/aggregator evidence only; API channels may share provenance; no PI or project fact inferred,200,4,4,,0,0,0,0,200,200,crossref,4,confirmed_bibliographic,C_bibliographic,,,,,not_checked,true,official_or_institutional_confirmation,,2026-08-27T07:50:12+00:00,bibliographic/aggregator evidence only; API channels may share provenance; no PI or project fact inferred,/home/runner/work/PolyFT/PolyFT/downloaded-remaining/nsfc-be-probe-batch-002
B,21577032,2015,general,B06,2015|general|B06|21577|3,0.994413,P3,true,manual_context_review_before_probe,"""21577032""","""21577032"" ""National Natural Science Foundation of China""","award.number:21577032,award.funder:501100001809","site:edu.cn OR site:ac.cn ""21577032""",queued,false,bibliographic/aggregator evidence only; API channels may share provenance; no PI or project fact inferred,200,102,102,,0,0,0,0,200,200,crossref,102,confirmed_bibliographic,C_bibliographic,,,,,not_checked,true,official_or_institutional_confirmation,,2026-08-27T07:50:12+00:00,bibliographic/aggregator evidence only; API channels may share provenance; no PI or project fact inferred,/home/runner/work/PolyFT/PolyFT/downloaded-remaining/nsfc-be-probe-batch-002
B,21605041,2016,youth_c,B04,2016|youth_c|B04|21605|3,0.963415,P3,true,manual_context_review_before_probe,"""21605041""","""21605041"" ""National Natural Science Foundation of China""","award.number:21605041,award.funder:501100001809","site:edu.cn OR site:ac.cn ""21605041""",queued,false,bibliographic/aggregator evidence only; API channels may share provenance; no PI or project fact inferred,200,12,12,,0,0,0,0,200,200,crossref,12,confirmed_bibliographic,C_bibliographic,,,,,not_checked,true,official_or_institutional_confirmation,,2026-08-27T07:50:12+00:00,bibliographic/aggregator evidence only; API channels may share provenance; no PI or project fact inferred,/home/runner/work/PolyFT/PolyFT/downloaded-remaining/nsfc-be-probe-batch-002
B,21605066,2016,youth_c,B04,2016|youth_c|B04|21605|3,0.963415,P3,true,manual_context_review_before_probe,"""21605066""","""21605066"" ""National Natural Science Foundation of China""","award.number:21605066,award.funder:501100001809","site:edu.cn OR site:ac.cn ""21605066""",queued,false,bibliographic/aggregator evidence only; API channels may share provenance; no PI or project fact inferred,200,5,5,,0,0,0,0,200,200,crossref,5,confirmed_bibliographic,C_bibliographic,,,,,not_checked,true,official_or_institutional_confirmation,,2026-08-27T07:50:12+00:00,bibliographic/aggregator evidence only; API channels may share provenance; no PI or project fact inferred,/home/runner/work/PolyFT/PolyFT/downloaded-remaining/nsfc-be-probe-batch-002
B,21605067,2016,youth_c,B04,2016|youth_c|B04|21605|3,0.963415,P3,true,manual_context_review_before_probe,"""21605067""","""21605067"" ""National Natural Science Foundation of China""","award.number:21605067,award.funder:501100001809","site:edu.cn OR site:ac.cn ""21605067""",queued,false,bibliographic/aggregator evidence only; API channels may share provenance; no PI or project fact inferred,200,8,8,,0,0,0,0,200,200,crossref,8,confirmed_bibliographic,C_bibliographic,,,,,not_checked,true,official_or_institutional_confirmation,,2026-08-27T07:50:12+00:00,bibliographic/aggregator evidence only; API channels may share provenance; no PI or project fact inferred,/home/runner/work/PolyFT/PolyFT/downloaded-remaining/nsfc-be-probe-batch-002
B,21605102,2016,youth_c,B04,2016|youth_c|B04|21605|3,0.963415,P3,true,manual_context_review_before_probe,"""21605102""","""21605102"" ""National Natural Science Foundation of China""","award.number:21605102,award.funder:501100001809","site:edu.cn OR site:ac.cn ""21605102""",queued,false,bibliographic/aggregator evidence only; API channels may share provenance; no PI or project fact inferred,200,11,11,,0,0,0,0,200,200,crossref,11,confirmed_bibliographic,C_bibliographic,,,,,not_checked,true,official_or_institutional_confirmation,,2026-08-27T07:50:12+00:00,bibliographic/aggregator evidence only; API channels may share provenance; no PI or project fact inferred,/home/runner/work/PolyFT/PolyFT/downloaded-remaining/nsfc-be-probe-batch-002
B,21605119,2016,youth_c,B04,2016|youth_c|B04|21605|3,0.963415,P3,true,manual_context_review_before_probe,"""21605119""","""21605119"" ""National Natural Science Foundation of China""","award.number:21605119,award.funder:501100001809","site:edu.cn OR site:ac.cn ""21605119""",queued,false,bibliographic/aggregator evidence only; API channels may share provenance; no PI or project fact inferred,200,0,0,200,0,0,0,0,200,200,,0,no_match_all_sources,E_negative_probe_only,,,,,not_checked,true,exact_web_and_institution_search,,2026-08-27T07:50:12+00:00,bibliographic/aggregator evidence only; API channels may share provenance; no PI or project fact inferred,/home/runner/work/PolyFT/PolyFT/downloaded-remaining/nsfc-be-probe-batch-002
B,21605123,2016,youth_c,B04,2016|youth_c|B04|21605|3,0.963415,P3,true,manual_context_review_before_probe,"""21605123""","""21605123"" ""National Natural Science Foundation of China""","award.number:21605123,award.funder:501100001809","site:edu.cn OR site:ac.cn ""21605123""",queued,false,bibliographic/aggregator evidence only; API channels may share provenance; no PI or project fact inferred,200,17,17,,0,0,0,0,200,200,crossref,17,confirmed_bibliographic,C_bibliographic,,,,,not_checked,true,official_or_institutional_confirmation,,2026-08-27T07:50:12+00:00,bibliographic/aggregator evidence only; API channels may share provenance; no PI or project fact inferred,/home/runner/work/PolyFT/PolyFT/downloaded-remaining/nsfc-be-probe-batch-002
B,21631004,2016,key,B01,2016|key|B01|21631|3,0.857143,P3,true,manual_context_review_before_probe,"""21631004""","""21631004"" ""National Natural Science Foundation of China""","award.number:21631004,award.funder:501100001809","site:edu.cn OR site:ac.cn ""21631004""",queued,false,bibliographic/aggregator evidence only; API channels may share provenance; no PI or project fact inferred,200,68,69,,0,0,0,0,200,200,crossref,68,confirmed_bibliographic,C_bibliographic,,,,,not_checked,true,official_or_institutional_confirmation,,2026-08-27T07:57:16+00:00,bibliographic/aggregator evidence only; API channels may share provenance; no PI or project fact inferred,/home/runner/work/PolyFT/PolyFT/downloaded-remaining/nsfc-be-probe-batch-004
B,21632007,2016,key,B01,2016|key|B01|21632|3,0.888889,P3,true,manual_context_review_before_probe,"""21632007""","""21632007"" ""National Natural Science Foundation of China""","award.number:21632007,award.funder:501100001809","site:edu.cn OR site:ac.cn ""21632007""",queued,false,bibliographic/aggregator evidence only; API channels may share provenance; no PI or project fact inferred,200,18,18,,0,0,0,0,200,200,crossref,18,confirmed_bibliographic,C_bibliographic,,,,,not_checked,true,official_or_institutional_confirmation,,2026-08-27T07:50:51+00:00,bibliographic/aggregator evidence only; API channels may share provenance; no PI or project fact inferred,/home/runner/work/PolyFT/PolyFT/downloaded-remaining/nsfc-be-probe-batch-003
B,21665016,2016,regional,B04,2016|regional|B04|21665|3,0.870968,P3,true,manual_context_review_before_probe,"""21665016""","""21665016"" ""National Natural Science Foundation of China""","award.number:21665016,award.funder:501100001809","site:edu.cn OR site:ac.cn ""21665016""",queued,false,bibliographic/aggregator evidence only; API channels may share provenance; no PI or project fact inferred,200,14,14,,0,0,0,0,200,200,crossref,14,confirmed_bibliographic,C_bibliographic,,,,,not_checked,true,official_or_institutional_confirmation,,2026-08-27T07:50:51+00:00,bibliographic/aggregator evidence only; API channels may share provenance; no PI or project fact inferred,/home/runner/work/PolyFT/PolyFT/downloaded-remaining/nsfc-be-probe-batch-003
B,21665017,2016,regional,B04,2016|regional|B04|21665|3,0.870968,P3,true,manual_context_review_before_probe,"""21665017""","""21665017"" ""National Natural Science Foundation of China""","award.number:21665017,award.funder:501100001809","site:edu.cn OR site:ac.cn ""21665017""",queued,false,bibliographic/aggregator evidence only; API channels may share provenance; no PI or project fact inferred,200,6,6,,0,0,0,0,200,200,crossref,6,confirmed_bibliographic,C_bibliographic,,,,,not_checked,true,official_or_institutional_confirmation,,2026-08-27T07:50:51+00:00,bibliographic/aggregator evidence only; API channels may share provenance; no PI or project fact inferred,/home/runner/work/PolyFT/PolyFT/downloaded-remaining/nsfc-be-probe-batch-003
B,21665019,2016,regional,B04,2016|regional|B04|21665|3,0.870968,P3,true,manual_context_review_before_probe,"""21665019""","""21665019"" ""National Natural Science Foundation of China""","award.number:21665019,award.funder:501100001809","site:edu.cn OR site:ac.cn ""21665019""",queued,false,bibliographic/aggregator evidence only; API channels may share provenance; no PI or project fact inferred,200,3,3,,0,0,0,0,200,200,crossref,3,confirmed_bibliographic,C_bibliographic,,,,,not_checked,true,official_or_institutional_confirmation,,2026-08-27T07:50:51+00:00,bibliographic/aggregator evidence only; API channels may share provenance; no PI or project fact inferred,/home/runner/work/PolyFT/PolyFT/downloaded-remaining/nsfc-be-probe-batch-003
B,21665022,2016,regional,B04,2016|regional|B04|21665|3,0.870968,P3,true,manual_context_review_before_probe,"""21665022""","""21665022"" ""National Natural Science Foundation of China""","award.number:21665022,award.funder:501100001809","site:edu.cn OR site:ac.cn ""21665022""",queued,false,bibliographic/aggregator evidence only; API channels may share provenance; no PI or project fact inferred,200,27,41,,0,0,0,0,200,200,crossref,21,confirmed_bibliographic,C_bibliographic,,,,,not_checked,true,official_or_institutional_confirmation,,2026-08-27T07:50:51+00:00,bibliographic/aggregator evidence only; API channels may share provenance; no PI or project fact inferred,/home/runner/work/PolyFT/PolyFT/downloaded-remaining/nsfc-be-probe-batch-003
B,21666034,2016,regional,B08,2016|regional|B08|21666|3,0.974359,P3,true,manual_context_review_before_probe,"""21666034""","""21666034"" ""National Natural Science Foundation of China""","award.number:21666034,award.funder:501100001809","site:edu.cn OR site:ac.cn ""21666034""",queued,false,bibliographic/aggregator evidence only; API channels may share provenance; no PI or project fact inferred,200,1,1,,0,0,0,0,200,200,crossref,1,confirmed_bibliographic,C_bibliographic,,,,,not_checked,true,official_or_institutional_confirmation,,2026-08-27T07:50:12+00:00,bibliographic/aggregator evidence only; API channels may share provenance; no PI or project fact inferred,/home/runner/work/PolyFT/PolyFT/downloaded-remaining/nsfc-be-probe-batch-002
B,21667003,2016,regional,B06,2016|regional|B06|21667|3,0.967742,P3,true,manual_context_review_before_probe,"""21667003""","""21667003"" ""National Natural Science Foundation of China""","award.number:21667003,award.funder:501100001809","site:edu.cn OR site:ac.cn ""21667003""",queued,false,bibliographic/aggregator evidence only; API channels may share provenance; no PI or project fact inferred,200,6,6,,0,0,0,0,200,200,crossref,6,confirmed_bibliographic,C_bibliographic,,,,,not_checked,true,official_or_institutional_confirmation,,2026-08-27T07:50:12+00:00,bibliographic/aggregator evidence only; API channels may share provenance; no PI or project fact inferred,/home/runner/work/PolyFT/PolyFT/downloaded-remaining/nsfc-be-probe-batch-002
B,21675010,2016,general,B04,2016|general|B04|21675|3,0.944751,P3,true,manual_context_review_before_probe,"""21675010""","""21675010"" ""National Natural Science Foundation of China""","award.number:21675010,award.funder:501100001809","site:edu.cn OR site:ac.cn ""21675010""",queued,false,bibliographic/aggregator evidence only; API channels may share provenance; no PI or project fact inferred,200,17,17,,0,0,0,0,200,200,crossref,17,confirmed_bibliographic,C_bibliographic,,,,,not_checked,true,official_or_institutional_confirmation,,2026-08-27T07:50:51+00:00,bibliographic/aggregator evidence only; API channels may share provenance; no PI or project fact inferred,/home/runner/work/PolyFT/PolyFT/downloaded-remaining/nsfc-be-probe-batch-003
B,21675035,2016,general,B04,2016|general|B04|21675|3,0.944751,P3,true,manual_context_review_before_probe,"""21675035""","""21675035"" ""National Natural Science Foundation of China""","award.number:21675035,award.funder:501100001809","site:edu.cn OR site:ac.cn ""21675035""",queued,false,bibliographic/aggregator evidence only; API channels may share provenance; no PI or project fact inferred,200,8,8,,0,0,0,0,200,200,crossref,8,confirmed_bibliographic,C_bibliographic,,,,,not_checked,true,official_or_institutional_confirmation,,2026-08-27T07:50:51+00:00,bibliographic/aggregator evidence only; API channels may share provenance; no PI or project fact inferred,/home/runner/work/PolyFT/PolyFT/downloaded-remaining/nsfc-be-probe-batch-003
B,21675059,2016,general,B04,2016|general|B04|21675|3,0.944751,P3,true,manual_context_review_before_probe,"""21675059""","""21675059"" ""National Natural Science Foundation of China""","award.number:21675059,award.funder:501100001809","site:edu.cn OR site:ac.cn ""21675059""",queued,false,bibliographic/aggregator evidence only; API channels may share provenance; no PI or project fact inferred,200,3,5,,0,0,0,0,200,200,crossref,2,confirmed_bibliographic,C_bibliographic,,,,,not_checked,true,official_or_institutional_confirmation,,2026-08-27T07:50:51+00:00,bibliographic/aggregator evidence only; API channels may share provenance; no PI or project fact inferred,/home/runner/work/PolyFT/PolyFT/downloaded-remaining/nsfc-be-probe-batch-003
B,21675070,2016,general,B04,2016|general|B04|21675|3,0.944751,P3,true,manual_context_review_before_probe,"""21675070""","""21675070"" ""National Natural Science Foundation of China""","award.number:21675070,award.funder:501100001809","site:edu.cn OR site:ac.cn ""21675070""",queued,false,bibliographic/aggregator evidence only; API channels may share provenance; no PI or project fact inferred,200,15,15,,0,0,0,0,200,200,crossref,15,confirmed_bibliographic,C_bibliographic,,,,,not_checked,true,official_or_institutional_confirmation,,2026-08-27T07:50:51+00:00,bibliographic/aggregator evidence only; API channels may share provenance; no PI or project fact inferred,/home/runner/work/PolyFT/PolyFT/downloaded-remaining/nsfc-be-probe-batch-003
B,21675114,2016,general,B04,2016|general|B04|21675|3,0.944751,P3,true,manual_context_review_before_probe,"""21675114""","""21675114"" ""National Natural Science Foundation of China""","award.number:21675114,award.funder:501100001809","site:edu.cn OR site:ac.cn ""21675114""",queued,false,bibliographic/aggregator evidence only; API channels may share provenance; no PI or project fact inferred,200,22,22,,0,0,0,0,200,200,crossref,22,confirmed_bibliographic,C_bibliographic,,,,,not_checked,true,official_or_institutional_confirmation,,2026-08-27T07:50:51+00:00,bibliographic/aggregator evidence only; API channels may share provenance; no PI or project fact inferred,/home/runner/work/PolyFT/PolyFT/downloaded-remaining/nsfc-be-probe-batch-003
B,21675123,2016,general,B04,2016|general|B04|21675|3,0.944751,P3,true,manual_context_review_before_probe,"""21675123""","""21675123"" ""National Natural Science Foundation of China""","award.number:21675123,award.funder:501100001809","site:edu.cn OR site:ac.cn ""21675123""",queued,false,bibliographic/aggregator evidence only; API channels may share provenance; no PI or project fact inferred,200,31,32,,0,0,0,0,200,200,crossref,31,confirmed_bibliographic,C_bibliographic,,,,,not_checked,true,official_or_institutional_confirmation,,2026-08-27T07:50:51+00:00,bibliographic/aggregator evidence only; API channels may share provenance; no PI or project fact inferred,/home/runner/work/PolyFT/PolyFT/downloaded-remaining/nsfc-be-probe-batch-003
B,21675138,2016,general,B04,2016|general|B04|21675|3,0.944751,P3,true,manual_context_review_before_probe,"""21675138""","""21675138"" ""National Natural Science Foundation of China""","award.number:21675138,award.funder:501100001809","site:edu.cn OR site:ac.cn ""21675138""",queued,false,bibliographic/aggregator evidence only; API channels may share provenance; no PI or project fact inferred,200,19,19,,0,0,0,0,200,200,crossref,19,confirmed_bibliographic,C_bibliographic,,,,,not_checked,true,official_or_institutional_confirmation,,2026-08-27T07:50:51+00:00,bibliographic/aggregator evidence only; API channels may share provenance; no PI or project fact inferred,/home/runner/work/PolyFT/PolyFT/downloaded-remaining/nsfc-be-probe-batch-003
B,21675169,2016,general,B04,2016|general|B04|21675|3,0.944751,P3,true,manual_context_review_before_probe,"""21675169""","""21675169"" ""National Natural Science Foundation of China""","award.number:21675169,award.funder:501100001809","site:edu.cn OR site:ac.cn ""21675169""",queued,false,bibliographic/aggregator evidence only; API channels may share provenance; no PI or project fact inferred,200,5,5,,0,0,0,0,200,200,crossref,5,confirmed_bibliographic,C_bibliographic,,,,,not_checked,true,official_or_institutional_confirmation,,2026-08-27T07:50:51+00:00,bibliographic/aggregator evidence only; API channels may share provenance; no PI or project fact inferred,/home/runner/work/PolyFT/PolyFT/downloaded-remaining/nsfc-be-probe-batch-003
B,21675174,2016,general,B04,2016|general|B04|21675|3,0.944751,P3,true,manual_context_review_before_probe,"""21675174""","""21675174"" ""National Natural Science Foundation of China""","award.number:21675174,award.funder:501100001809","site:edu.cn OR site:ac.cn ""21675174""",queued,false,bibliographic/aggregator evidence only; API channels may share provenance; no PI or project fact inferred,200,27,27,,0,0,0,0,200,200,crossref,27,confirmed_bibliographic,C_bibliographic,,,,,not_checked,true,official_or_institutional_confirmation,,2026-08-27T07:50:51+00:00,bibliographic/aggregator evidence only; API channels may share provenance; no PI or project fact inferred,/home/runner/work/PolyFT/PolyFT/downloaded-remaining/nsfc-be-probe-batch-003
B,21675180,2016,general,B04,2016|general|B04|21675|3,0.944751,P3,true,manual_context_review_before_probe,"""21675180""","""21675180"" ""National Natural Science Foundation of China""","award.number:21675180,award.funder:501100001809","site:edu.cn OR site:ac.cn ""21675180""",queued,false,bibliographic/aggregator evidence only; API channels may share provenance; no PI or project fact inferred,200,11,11,,0,0,0,0,200,200,crossref,11,confirmed_bibliographic,C_bibliographic,,,,,not_checked,true,official_or_institutional_confirmation,,2026-08-27T07:50:51+00:00,bibliographic/aggregator evidence only; API channels may share provenance; no PI or project fact inferred,/home/runner/work/PolyFT/PolyFT/downloaded-remaining/nsfc-be-probe-batch-003
B,21676180,2016,general,B08,2016|general|B08|21676|3,0.996732,P3,true,manual_context_review_before_probe,"""21676180""","""21676180"" ""National Natural Science Foundation of China""","award.number:21676180,award.funder:501100001809","site:edu.cn OR site:ac.cn ""21676180""",queued,false,bibliographic/aggregator evidence only; API channels may share provenance; no PI or project fact inferred,200,13,13,,0,0,0,0,200,200,crossref,13,confirmed_bibliographic,C_bibliographic,,,,,not_checked,true,official_or_institutional_confirmation,,2026-08-27T07:50:12+00:00,bibliographic/aggregator evidence only; API channels may share provenance; no PI or project fact inferred,/home/runner/work/PolyFT/PolyFT/downloaded-remaining/nsfc-be-probe-batch-002
B,21705011,2017,youth_c,B04,2017|youth_c|B04|21705|3,0.970060,P3,true,manual_context_review_before_probe,"""21705011""","""21705011"" ""National Natural Science Foundation of China""","award.number:21705011,award.funder:501100001809","site:edu.cn OR site:ac.cn ""21705011""",queued,false,bibliographic/aggregator evidence only; API channels may share provenance; no PI or project fact inferred,200,2,1,,0,0,0,0,200,200,crossref,1,confirmed_bibliographic,C_bibliographic,,,,,not_checked,true,official_or_institutional_confirmation,,2026-08-27T07:50:12+00:00,bibliographic/aggregator evidence only; API channels may share provenance; no PI or project fact inferred,/home/runner/work/PolyFT/PolyFT/downloaded-remaining/nsfc-be-probe-batch-002
B,21705044,2017,youth_c,B04,2017|youth_c|B04|21705|3,0.970060,P3,true,manual_context_review_before_probe,"""21705044""","""21705044"" ""National Natural Science Foundation of China""","award.number:21705044,award.funder:501100001809","site:edu.cn OR site:ac.cn ""21705044""",queued,false,bibliographic/aggregator evidence only; API channels may share provenance; no PI or project fact inferred,200,14,14,,0,0,0,0,200,200,crossref,14,confirmed_bibliographic,C_bibliographic,,,,,not_checked,true,official_or_institutional_confirmation,,2026-08-27T07:50:12+00:00,bibliographic/aggregator evidence only; API channels may share provenance; no PI or project fact inferred,/home/runner/work/PolyFT/PolyFT/downloaded-remaining/nsfc-be-probe-batch-002
B,21705112,2017,youth_c,B04,2017|youth_c|B04|21705|3,0.970060,P3,true,manual_context_review_before_probe,"""21705112""","""21705112"" ""National Natural Science Foundation of China""","award.number:21705112,award.funder:501100001809","site:edu.cn OR site:ac.cn ""21705112""",queued,false,bibliographic/aggregator evidence only; API channels may share provenance; no PI or project fact inferred,200,6,6,,0,0,0,0,200,200,crossref,6,confirmed_bibliographic,C_bibliographic,,,,,not_checked,true,official_or_institutional_confirmation,,2026-08-27T07:50:12+00:00,bibliographic/aggregator evidence only; API channels may share provenance; no PI or project fact inferred,/home/runner/work/PolyFT/PolyFT/downloaded-remaining/nsfc-be-probe-batch-002
B,21705158,2017,youth_c,B04,2017|youth_c|B04|21705|3,0.970060,P3,true,manual_context_review_before_probe,"""21705158""","""21705158"" ""National Natural Science Foundation of China""","award.number:21705158,award.funder:501100001809","site:edu.cn OR site:ac.cn ""21705158""",queued,false,bibliographic/aggregator evidence only; API channels may share provenance; no PI or project fact inferred,200,7,7,,0,0,0,0,200,200,crossref,7,confirmed_bibliographic,C_bibliographic,,,,,not_checked,true,official_or_institutional_confirmation,,2026-08-27T07:50:12+00:00,bibliographic/aggregator evidence only; API channels may share provenance; no PI or project fact inferred,/home/runner/work/PolyFT/PolyFT/downloaded-remaining/nsfc-be-probe-batch-002
B,21705162,2017,youth_c,B04,2017|youth_c|B04|21705|3,0.970060,P3,true,manual_context_review_before_probe,"""21705162""","""21705162"" ""National Natural Science Foundation of China""","award.number:21705162,award.funder:501100001809","site:edu.cn OR site:ac.cn ""21705162""",queued,false,bibliographic/aggregator evidence only; API channels may share provenance; no PI or project fact inferred,200,7,7,,0,0,0,0,200,200,crossref,7,confirmed_bibliographic,C_bibliographic,,,,,not_checked,true,official_or_institutional_confirmation,,2026-08-27T07:50:12+00:00,bibliographic/aggregator evidence only; API channels may share provenance; no PI or project fact inferred,/home/runner/work/PolyFT/PolyFT/downloaded-remaining/nsfc-be-probe-batch-002
B,21707172,2017,youth_c,B06,2017|youth_c|B06|21707|3,0.994350,P3,true,manual_context_review_before_probe,"""21707172""","""21707172"" ""National Natural Science Foundation of China""","award.number:21707172,award.funder:501100001809","site:edu.cn OR site:ac.cn ""21707172""",queued,false,bibliographic/aggregator evidence only; API channels may share provenance; no PI or project fact inferred,200,0,0,200,0,0,0,0,200,200,,0,no_match_all_sources,E_negative_probe_only,,,,,not_checked,true,exact_web_and_institution_search,,2026-08-27T07:50:12+00:00,bibliographic/aggregator evidence only; API channels may share provenance; no PI or project fact inferred,/home/runner/work/PolyFT/PolyFT/downloaded-remaining/nsfc-be-probe-batch-002
B,21732002,2017,key,B01,2017|key|B01|21732|3,0.857143,P3,true,manual_context_review_before_probe,"""21732002""","""21732002"" ""National Natural Science Foundation of China""","award.number:21732002,award.funder:501100001809","site:edu.cn OR site:ac.cn ""21732002""",queued,false,bibliographic/aggregator evidence only; API channels may share provenance; no PI or project fact inferred,200,152,152,,0,0,0,0,200,200,crossref,150,confirmed_bibliographic,C_bibliographic,,,,,not_checked,true,official_or_institutional_confirmation,,2026-08-27T07:57:16+00:00,bibliographic/aggregator evidence only; API channels may share provenance; no PI or project fact inferred,/home/runner/work/PolyFT/PolyFT/downloaded-remaining/nsfc-be-probe-batch-004
B,21765015,2017,regional,B04,2017|regional|B04|21765|3,0.962963,P3,true,manual_context_review_before_probe,"""21765015""","""21765015"" ""National Natural Science Foundation of China""","award.number:21765015,award.funder:501100001809","site:edu.cn OR site:ac.cn ""21765015""",queued,false,bibliographic/aggregator evidence only; API channels may share provenance; no PI or project fact inferred,200,34,34,,0,0,0,0,200,200,crossref,34,confirmed_bibliographic,C_bibliographic,,,,,not_checked,true,official_or_institutional_confirmation,,2026-08-27T07:50:12+00:00,bibliographic/aggregator evidence only; API channels may share provenance; no PI or project fact inferred,/home/runner/work/PolyFT/PolyFT/downloaded-remaining/nsfc-be-probe-batch-002
B,21766012,2017,regional,B08,2017|regional|B08|21766|3,0.975000,P2,false,next_probe_batch,"""21766012""","""21766012"" ""National Natural Science Foundation of China""","award.number:21766012,award.funder:501100001809","site:edu.cn OR site:ac.cn ""21766012""",queued,true,bibliographic/aggregator evidence only; API channels may share provenance; no PI or project fact inferred,200,16,16,,0,0,0,0,200,200,crossref,16,confirmed_bibliographic,C_bibliographic,,,,,not_checked,true,official_or_institutional_confirmation,,2026-08-27T07:33:47+00:00,bibliographic/aggregator evidence only; API channels may share provenance; no PI or project fact inferred,/home/runner/work/PolyFT/PolyFT/extracted-first/nsfc-be-probe-batch-001
B,21775038,2017,general,B04,2017|general|B04|21775|3,0.958580,P3,true,manual_context_review_before_probe,"""21775038""","""21775038"" ""National Natural Science Foundation of China""","award.number:21775038,award.funder:501100001809","site:edu.cn OR site:ac.cn ""21775038""",queued,false,bibliographic/aggregator evidence only; API channels may share provenance; no PI or project fact inferred,200,12,12,,0,0,0,0,200,200,crossref,12,confirmed_bibliographic,C_bibliographic,,,,,not_checked,true,official_or_institutional_confirmation,,2026-08-27T07:50:12+00:00,bibliographic/aggregator evidence only; API channels may share provenance; no PI or project fact inferred,/home/runner/work/PolyFT/PolyFT/downloaded-remaining/nsfc-be-probe-batch-002
B,21775039,2017,general,B04,2017|general|B04|21775|3,0.958580,P3,true,manual_context_review_before_probe,"""21775039""","""21775039"" ""National Natural Science Foundation of China""","award.number:21775039,award.funder:501100001809","site:edu.cn OR site:ac.cn ""21775039""",queued,false,bibliographic/aggregator evidence only; API channels may share provenance; no PI or project fact inferred,200,51,51,,0,0,0,0,200,200,crossref,51,confirmed_bibliographic,C_bibliographic,,,,,not_checked,true,official_or_institutional_confirmation,,2026-08-27T07:50:12+00:00,bibliographic/aggregator evidence only; API channels may share provenance; no PI or project fact inferred,/home/runner/work/PolyFT/PolyFT/downloaded-remaining/nsfc-be-probe-batch-002
B,21775058,2017,general,B04,2017|general|B04|21775|3,0.958580,P3,true,manual_context_review_before_probe,"""21775058""","""21775058"" ""National Natural Science Foundation of China""","award.number:21775058,award.funder:501100001809","site:edu.cn OR site:ac.cn ""21775058""",queued,false,bibliographic/aggregator evidence only; API channels may share provenance; no PI or project fact inferred,200,17,20,,0,0,0,0,200,200,crossref,17,confirmed_bibliographic,C_bibliographic,,,,,not_checked,true,official_or_institutional_confirmation,,2026-08-27T07:50:12+00:00,bibliographic/aggregator evidence only; API channels may share provenance; no PI or project fact inferred,/home/runner/work/PolyFT/PolyFT/downloaded-remaining/nsfc-be-probe-batch-002
B,21775060,2017,general,B04,2017|general|B04|21775|3,0.958580,P3,true,manual_context_review_before_probe,"""21775060""","""21775060"" ""National Natural Science Foundation of China""","award.number:21775060,award.funder:501100001809","site:edu.cn OR site:ac.cn ""21775060""",queued,false,bibliographic/aggregator evidence only; API channels may share provenance; no PI or project fact inferred,200,9,9,,0,0,0,0,200,200,crossref,9,confirmed_bibliographic,C_bibliographic,,,,,not_checked,true,official_or_institutional_confirmation,,2026-08-27T07:50:12+00:00,bibliographic/aggregator evidence only; API channels may share provenance; no PI or project fact inferred,/home/runner/work/PolyFT/PolyFT/downloaded-remaining/nsfc-be-probe-batch-002
B,21775076,2017,general,B04,2017|general|B04|21775|3,0.958580,P3,true,manual_context_review_before_probe,"""21775076""","""21775076"" ""National Natural Science Foundation of China""","award.number:21775076,award.funder:501100001809","site:edu.cn OR site:ac.cn ""21775076""",queued,false,bibliographic/aggregator evidence only; API channels may share provenance; no PI or project fact inferred,200,20,20,,0,0,0,0,200,200,crossref,20,confirmed_bibliographic,C_bibliographic,,,,,not_checked,true,official_or_institutional_confirmation,,2026-08-27T07:50:12+00:00,bibliographic/aggregator evidence only; API channels may share provenance; no PI or project fact inferred,/home/runner/work/PolyFT/PolyFT/downloaded-remaining/nsfc-be-probe-batch-002
B,21775107,2017,general,B04,2017|general|B04|21775|3,0.958580,P3,true,manual_context_review_before_probe,"""21775107""","""21775107"" ""National Natural Science Foundation of China""","award.number:21775107,award.funder:501100001809","site:edu.cn OR site:ac.cn ""21775107""",queued,false,bibliographic/aggregator evidence only; API channels may share provenance; no PI or project fact inferred,200,13,12,,0,0,0,0,200,200,crossref,12,confirmed_bibliographic,C_bibliographic,,,,,not_checked,true,official_or_institutional_confirmation,,2026-08-27T07:50:12+00:00,bibliographic/aggregator evidence only; API channels may share provenance; no PI or project fact inferred,/home/runner/work/PolyFT/PolyFT/downloaded-remaining/nsfc-be-probe-batch-002
B,21775118,2017,general,B04,2017|general|B04|21775|3,0.958580,P3,true,manual_context_review_before_probe,"""21775118""","""21775118"" ""National Natural Science Foundation of China""","award.number:21775118,award.funder:501100001809","site:edu.cn OR site:ac.cn ""21775118""",queued,false,bibliographic/aggregator evidence only; API channels may share provenance; no PI or project fact inferred,200,7,7,,0,0,0,0,200,200,crossref,7,confirmed_bibliographic,C_bibliographic,,,,,not_checked,true,official_or_institutional_confirmation,,2026-08-27T07:50:12+00:00,bibliographic/aggregator evidence only; API channels may share provenance; no PI or project fact inferred,/home/runner/work/PolyFT/PolyFT/downloaded-remaining/nsfc-be-probe-batch-002
B,21777039,2017,general,B06,2017|general|B06|21777|3,0.989950,P3,true,manual_context_review_before_probe,"""21777039""","""21777039"" ""National Natural Science Foundation of China""","award.number:21777039,award.funder:501100001809","site:edu.cn OR site:ac.cn ""21777039""",queued,false,bibliographic/aggregator evidence only; API channels may share provenance; no PI or project fact inferred,200,25,25,,0,0,0,0,200,200,crossref,25,confirmed_bibliographic,C_bibliographic,,,,,not_checked,true,official_or_institutional_confirmation,,2026-08-27T07:50:12+00:00,bibliographic/aggregator evidence only; API channels may share provenance; no PI or project fact inferred,/home/runner/work/PolyFT/PolyFT/downloaded-remaining/nsfc-be-probe-batch-002
B,21777123,2017,general,B06,2017|general|B06|21777|3,0.989950,P3,true,manual_context_review_before_probe,"""21777123""","""21777123"" ""National Natural Science Foundation of China""","award.number:21777123,award.funder:501100001809","site:edu.cn OR site:ac.cn ""21777123""",queued,false,bibliographic/aggregator evidence only; API channels may share provenance; no PI or project fact inferred,200,15,15,,0,0,0,0,200,200,crossref,15,confirmed_bibliographic,C_bibliographic,,,,,not_checked,true,official_or_institutional_confirmation,,2026-08-27T07:50:12+00:00,bibliographic/aggregator evidence only; API channels may share provenance; no PI or project fact inferred,/home/runner/work/PolyFT/PolyFT/downloaded-remaining/nsfc-be-probe-batch-002
B,21802068,2018,youth_c,B02,2018|youth_c|B02|21802|3,0.994220,P3,true,manual_context_review_before_probe,"""21802068""","""21802068"" ""National Natural Science Foundation of China""","award.number:21802068,award.funder:501100001809","site:edu.cn OR site:ac.cn ""21802068""",queued,false,bibliographic/aggregator evidence only; API channels may share provenance; no PI or project fact inferred,200,1,1,,0,0,0,0,200,200,crossref,1,confirmed_bibliographic,C_bibliographic,,,,,not_checked,true,official_or_institutional_confirmation,,2026-08-27T07:50:12+00:00,bibliographic/aggregator evidence only; API channels may share provenance; no PI or project fact inferred,/home/runner/work/PolyFT/PolyFT/downloaded-remaining/nsfc-be-probe-batch-002
B,21803068,2018,youth_c,B03,2018|youth_c|B03|21803|3,0.987654,P3,true,manual_context_review_before_probe,"""21803068""","""21803068"" ""National Natural Science Foundation of China""","award.number:21803068,award.funder:501100001809","site:edu.cn OR site:ac.cn ""21803068""",queued,false,bibliographic/aggregator evidence only; API channels may share provenance; no PI or project fact inferred,200,0,0,200,0,0,0,0,200,200,,0,no_match_all_sources,E_negative_probe_only,,,,,not_checked,true,exact_web_and_institution_search,,2026-08-27T07:50:12+00:00,bibliographic/aggregator evidence only; API channels may share provenance; no PI or project fact inferred,/home/runner/work/PolyFT/PolyFT/downloaded-remaining/nsfc-be-probe-batch-002
B,21806072,2018,youth_c,B06,2018|youth_c|B06|21806|3,0.994845,P3,true,manual_context_review_before_probe,"""21806072""","""21806072"" ""National Natural Science Foundation of China""","award.number:21806072,award.funder:501100001809","site:edu.cn OR site:ac.cn ""21806072""",queued,false,bibliographic/aggregator evidence only; API channels may share provenance; no PI or project fact inferred,200,0,0,200,0,0,0,0,200,200,,0,no_match_all_sources,E_negative_probe_only,,,,,not_checked,true,exact_web_and_institution_search,,2026-08-27T07:50:12+00:00,bibliographic/aggregator evidence only; API channels may share provenance; no PI or project fact inferred,/home/runner/work/PolyFT/PolyFT/downloaded-remaining/nsfc-be-probe-batch-002
B,21807071,2018,youth_c,B07,2018|youth_c|B07|21807|3,0.991736,P3,true,manual_context_review_before_probe,"""21807071""","""21807071"" ""National Natural Science Foundation of China""","award.number:21807071,award.funder:501100001809","site:edu.cn OR site:ac.cn ""21807071""",queued,false,bibliographic/aggregator evidence only; API channels may share provenance; no PI or project fact inferred,200,4,4,,0,0,0,0,200,200,crossref,4,confirmed_bibliographic,C_bibliographic,,,,,not_checked,true,official_or_institutional_confirmation,,2026-08-27T07:50:12+00:00,bibliographic/aggregator evidence only; API channels may share provenance; no PI or project fact inferred,/home/runner/work/PolyFT/PolyFT/downloaded-remaining/nsfc-be-probe-batch-002
B,21833009,2018,key,B03,2018|key|B03|21833|3,0.916667,P3,true,manual_context_review_before_probe,"""21833009""","""21833009"" ""National Natural Science Foundation of China""","award.number:21833009,award.funder:501100001809","site:edu.cn OR site:ac.cn ""21833009""",queued,false,bibliographic/aggregator evidence only; API channels may share provenance; no PI or project fact inferred,200,75,75,,0,0,0,0,200,200,crossref,75,confirmed_bibliographic,C_bibliographic,,,,,not_checked,true,official_or_institutional_confirmation,,2026-08-27T07:50:51+00:00,bibliographic/aggregator evidence only; API channels may share provenance; no PI or project fact inferred,/home/runner/work/PolyFT/PolyFT/downloaded-remaining/nsfc-be-probe-batch-003
B,21837004,2018,key,B07,2018|key|B07|21837|3,0.833333,P3,true,manual_context_review_before_probe,"""21837004""","""21837004"" ""National Natural Science Foundation of China""","award.number:21837004,award.funder:501100001809","site:edu.cn OR site:ac.cn ""21837004""",queued,false,bibliographic/aggregator evidence only; API channels may share provenance; no PI or project fact inferred,200,6,6,,0,0,0,0,200,200,crossref,6,confirmed_bibliographic,C_bibliographic,,,,,not_checked,true,official_or_institutional_confirmation,,2026-08-27T07:57:16+00:00,bibliographic/aggregator evidence only; API channels may share provenance; no PI or project fact inferred,/home/runner/work/PolyFT/PolyFT/downloaded-remaining/nsfc-be-probe-batch-004
B,21864021,2018,regional,B04,2018|regional|B04|21864|3,0.961538,P3,true,manual_context_review_before_probe,"""21864021""","""21864021"" ""National Natural Science Foundation of China""","award.number:21864021,award.funder:501100001809","site:edu.cn OR site:ac.cn ""21864021""",queued,false,bibliographic/aggregator evidence only; API channels may share provenance; no PI or project fact inferred,200,16,16,,0,0,0,0,200,200,crossref,15,confirmed_bibliographic,C_bibliographic,,,,,not_checked,true,official_or_institutional_confirmation,,2026-08-27T07:50:12+00:00,bibliographic/aggregator evidence only; API channels may share provenance; no PI or project fact inferred,/home/runner/work/PolyFT/PolyFT/downloaded-remaining/nsfc-be-probe-batch-002
B,21871286,2018,general,B01,2018|general|B01|21871|3,0.996678,P3,true,manual_context_review_before_probe,"""21871286""","""21871286"" ""National Natural Science Foundation of China""","award.number:21871286,award.funder:501100001809","site:edu.cn OR site:ac.cn ""21871286""",queued,false,bibliographic/aggregator evidence only; API channels may share provenance; no PI or project fact inferred,200,9,9,,0,0,0,0,200,200,crossref,9,confirmed_bibliographic,C_bibliographic,,,,,not_checked,true,official_or_institutional_confirmation,,2026-08-27T07:50:12+00:00,bibliographic/aggregator evidence only; API channels may share provenance; no PI or project fact inferred,/home/runner/work/PolyFT/PolyFT/downloaded-remaining/nsfc-be-probe-batch-002
B,21873064,2018,general,B03,2018|general|B03|21873|3,0.991379,P3,true,manual_context_review_before_probe,"""21873064""","""21873064"" ""National Natural Science Foundation of China""","award.number:21873064,award.funder:501100001809","site:edu.cn OR site:ac.cn ""21873064""",queued,false,bibliographic/aggregator evidence only; API channels may share provenance; no PI or project fact inferred,200,0,0,200,0,0,0,0,200,200,,0,no_match_all_sources,E_negative_probe_only,,,,,not_checked,true,exact_web_and_institution_search,,2026-08-27T07:50:12+00:00,bibliographic/aggregator evidence only; API channels may share provenance; no PI or project fact inferred,/home/runner/work/PolyFT/PolyFT/downloaded-remaining/nsfc-be-probe-batch-002
B,21876048,2018,general,B06,2018|general|B06|21876|3,0.990654,P3,true,manual_context_review_before_probe,"""21876048""","""21876048"" ""National Natural Science Foundation of China""","award.number:21876048,award.funder:501100001809","site:edu.cn OR site:ac.cn ""21876048""",queued,false,bibliographic/aggregator evidence only; API channels may share provenance; no PI or project fact inferred,200,9,9,,0,0,0,0,200,200,crossref,9,confirmed_bibliographic,C_bibliographic,,,,,not_checked,true,official_or_institutional_confirmation,,2026-08-27T07:50:12+00:00,bibliographic/aggregator evidence only; API channels may share provenance; no PI or project fact inferred,/home/runner/work/PolyFT/PolyFT/downloaded-remaining/nsfc-be-probe-batch-002
B,21876115,2018,general,B06,2018|general|B06|21876|3,0.990654,P3,true,manual_context_review_before_probe,"""21876115""","""21876115"" ""National Natural Science Foundation of China""","award.number:21876115,award.funder:501100001809","site:edu.cn OR site:ac.cn ""21876115""",queued,false,bibliographic/aggregator evidence only; API channels may share provenance; no PI or project fact inferred,200,18,18,,0,0,0,0,200,200,crossref,18,confirmed_bibliographic,C_bibliographic,,,,,not_checked,true,official_or_institutional_confirmation,,2026-08-27T07:50:12+00:00,bibliographic/aggregator evidence only; API channels may share provenance; no PI or project fact inferred,/home/runner/work/PolyFT/PolyFT/downloaded-remaining/nsfc-be-probe-batch-002
B,21877041,2018,general,B07,2018|general|B07|21877|3,0.992537,P3,true,manual_context_review_before_probe,"""21877041""","""21877041"" ""National Natural Science Foundation of China""","award.number:21877041,award.funder:501100001809","site:edu.cn OR site:ac.cn ""21877041""",queued,false,bibliographic/aggregator evidence only; API channels may share provenance; no PI or project fact inferred,200,0,0,200,0,0,0,0,200,200,,0,no_match_all_sources,E_negative_probe_only,,,,,not_checked,true,exact_web_and_institution_search,,2026-08-27T07:50:12+00:00,bibliographic/aggregator evidence only; API channels may share provenance; no PI or project fact inferred,/home/runner/work/PolyFT/PolyFT/downloaded-remaining/nsfc-be-probe-batch-002
B,21901112,2019,youth_c,B01,2019|youth_c|B01|21901|3,0.984962,P1,false,immediate_probe,"""21901112""","""21901112"" ""National Natural Science Foundation of China""","award.number:21901112,award.funder:501100001809","site:edu.cn OR site:ac.cn ""21901112""",queued,true,bibliographic/aggregator evidence only; API channels may share provenance; no PI or project fact inferred,200,2,2,,0,0,0,0,200,200,crossref,2,confirmed_bibliographic,C_bibliographic,,,,,not_checked,true,official_or_institutional_confirmation,,2026-08-27T07:33:47+00:00,bibliographic/aggregator evidence only; API channels may share provenance; no PI or project fact inferred,/home/runner/work/PolyFT/PolyFT/extracted-first/nsfc-be-probe-batch-001
B,21901126,2019,youth_c,B01,2019|youth_c|B01|21901|3,0.984962,P1,false,immediate_probe,"""21901126""","""21901126"" ""National Natural Science Foundation of China""","award.number:21901126,award.funder:501100001809","site:edu.cn OR site:ac.cn ""21901126""",queued,true,bibliographic/aggregator evidence only; API channels may share provenance; no PI or project fact inferred,200,0,0,200,0,0,0,0,200,200,,0,no_match_all_sources,E_negative_probe_only,,,,,not_checked,true,exact_web_and_institution_search,,2026-08-27T07:33:47+00:00,bibliographic/aggregator evidence only; API channels may share provenance; no PI or project fact inferred,/home/runner/work/PolyFT/PolyFT/extracted-first/nsfc-be-probe-batch-001
B,21901129,2019,youth_c,B01,2019|youth_c|B01|21901|3,0.984962,P1,false,immediate_probe,"""21901129""","""21901129"" ""National Natural Science Foundation of China""","award.number:21901129,award.funder:501100001809","site:edu.cn OR site:ac.cn ""21901129""",queued,true,bibliographic/aggregator evidence only; API channels may share provenance; no PI or project fact inferred,200,0,0,200,0,0,0,0,200,200,,0,no_match_all_sources,E_negative_probe_only,,,,,not_checked,true,exact_web_and_institution_search,,2026-08-27T07:33:47+00:00,bibliographic/aggregator evidence only; API channels may share provenance; no PI or project fact inferred,/home/runner/work/PolyFT/PolyFT/extracted-first/nsfc-be-probe-batch-001
B,21901231,2019,youth_c,B01,2019|youth_c|B01|21901|3,0.984962,P1,false,immediate_probe,"""21901231""","""21901231"" ""National Natural Science Foundation of China""","award.number:21901231,award.funder:501100001809","site:edu.cn OR site:ac.cn ""21901231""",queued,true,bibliographic/aggregator evidence only; API channels may share provenance; no PI or project fact inferred,200,2,2,,0,0,0,0,200,200,crossref,2,confirmed_bibliographic,C_bibliographic,,,,,not_checked,true,official_or_institutional_confirmation,,2026-08-27T07:33:47+00:00,bibliographic/aggregator evidence only; API channels may share provenance; no PI or project fact inferred,/home/runner/work/PolyFT/PolyFT/extracted-first/nsfc-be-probe-batch-001
B,21908213,2019,youth_c,B08,2019|youth_c|B08|21908|3,0.996109,P1,false,immediate_probe,"""21908213""","""21908213"" ""National Natural Science Foundation of China""","award.number:21908213,award.funder:501100001809","site:edu.cn OR site:ac.cn ""21908213""",queued,true,bibliographic/aggregator evidence only; API channels may share provenance; no PI or project fact inferred,200,0,0,200,0,0,0,0,200,200,,0,no_match_all_sources,E_negative_probe_only,,,,,not_checked,true,exact_web_and_institution_search,,2026-08-27T07:33:47+00:00,bibliographic/aggregator evidence only; API channels may share provenance; no PI or project fact inferred,/home/runner/work/PolyFT/PolyFT/extracted-first/nsfc-be-probe-batch-001
B,21973019,2019,general,B03,2019|general|B03|21973|3,0.991150,P1,false,immediate_probe,"""21973019""","""21973019"" ""National Natural Science Foundation of China""","award.number:21973019,award.funder:501100001809","site:edu.cn OR site:ac.cn ""21973019""",queued,true,bibliographic/aggregator evidence only; API channels may share provenance; no PI or project fact inferred,200,0,0,200,0,0,0,0,200,200,,0,no_match_all_sources,E_negative_probe_only,,,,,not_checked,true,exact_web_and_institution_search,,2026-08-27T07:33:47+00:00,bibliographic/aggregator evidence only; API channels may share provenance; no PI or project fact inferred,/home/runner/work/PolyFT/PolyFT/extracted-first/nsfc-be-probe-batch-001
B,21976137,2019,general,B06,2019|general|B06|21976|3,0.995370,P1,false,immediate_probe,"""21976137""","""21976137"" ""National Natural Science Foundation of China""","award.number:21976137,award.funder:501100001809","site:edu.cn OR site:ac.cn ""21976137""",queued,true,bibliographic/aggregator evidence only; API channels may share provenance; no PI or project fact inferred,200,0,0,200,0,0,0,0,200,200,,0,no_match_all_sources,E_negative_probe_only,,,,,not_checked,true,exact_web_and_institution_search,,2026-08-27T07:33:47+00:00,bibliographic/aggregator evidence only; API channels may share provenance; no PI or project fact inferred,/home/runner/work/PolyFT/PolyFT/extracted-first/nsfc-be-probe-batch-001
B,22001188,2020,youth_c,B01,2020|youth_c|B01|22001|3,0.996337,P1,false,immediate_probe,"""22001188""","""22001188"" ""National Natural Science Foundation of China""","award.number:22001188,award.funder:501100001809","site:edu.cn OR site:ac.cn ""22001188""",queued,true,bibliographic/aggregator evidence only; API channels may share provenance; no PI or project fact inferred,200,3,3,,0,0,0,0,200,200,crossref,3,confirmed_bibliographic,C_bibliographic,,,,,not_checked,true,official_or_institutional_confirmation,,2026-08-27T07:33:47+00:00,bibliographic/aggregator evidence only; API channels may share provenance; no PI or project fact inferred,/home/runner/work/PolyFT/PolyFT/extracted-first/nsfc-be-probe-batch-001
B,22004067,2020,youth_c,B04,2020|youth_c|B04|22004|3,0.992701,P1,false,immediate_probe,"""22004067""","""22004067"" ""National Natural Science Foundation of China""","award.number:22004067,award.funder:501100001809","site:edu.cn OR site:ac.cn ""22004067""",queued,true,bibliographic/aggregator evidence only; API channels may share provenance; no PI or project fact inferred,200,1,1,,0,0,0,0,200,200,crossref,1,confirmed_bibliographic,C_bibliographic,,,,,not_checked,true,official_or_institutional_confirmation,,2026-08-27T07:33:47+00:00,bibliographic/aggregator evidence only; API channels may share provenance; no PI or project fact inferred,/home/runner/work/PolyFT/PolyFT/extracted-first/nsfc-be-probe-batch-001
B,22007002,2020,youth_c,B07,2020|youth_c|B07|22007|3,0.990654,P1,false,immediate_probe,"""22007002""","""22007002"" ""National Natural Science Foundation of China""","award.number:22007002,award.funder:501100001809","site:edu.cn OR site:ac.cn ""22007002""",queued,true,bibliographic/aggregator evidence only; API channels may share provenance; no PI or project fact inferred,200,0,0,200,0,0,0,0,200,200,,0,no_match_all_sources,E_negative_probe_only,,,,,not_checked,true,exact_web_and_institution_search,,2026-08-27T07:33:47+00:00,bibliographic/aggregator evidence only; API channels may share provenance; no PI or project fact inferred,/home/runner/work/PolyFT/PolyFT/extracted-first/nsfc-be-probe-batch-001
B,22061042,2020,regional,B01,2020|regional|B01|22061|3,0.979592,P2,false,next_probe_batch,"""22061042""","""22061042"" ""National Natural Science Foundation of China""","award.number:22061042,award.funder:501100001809","site:edu.cn OR site:ac.cn ""22061042""",queued,true,bibliographic/aggregator evidence only; API channels may share provenance; no PI or project fact inferred,200,1,1,,0,0,0,0,200,200,crossref,1,confirmed_bibliographic,C_bibliographic,,,,,not_checked,true,official_or_institutional_confirmation,,2026-08-27T07:33:47+00:00,bibliographic/aggregator evidence only; API channels may share provenance; no PI or project fact inferred,/home/runner/work/PolyFT/PolyFT/extracted-first/nsfc-be-probe-batch-001
B,22077109,2020,general,B07,2020|general|B07|22077|3,0.993103,P1,false,immediate_probe,"""22077109""","""22077109"" ""National Natural Science Foundation of China""","award.number:22077109,award.funder:501100001809","site:edu.cn OR site:ac.cn ""22077109""",queued,true,bibliographic/aggregator evidence only; API channels may share provenance; no PI or project fact inferred,200,10,10,,0,0,0,0,200,200,crossref,10,confirmed_bibliographic,C_bibliographic,,,,,not_checked,true,official_or_institutional_confirmation,,2026-08-27T07:33:47+00:00,bibliographic/aggregator evidence only; API channels may share provenance; no PI or project fact inferred,/home/runner/work/PolyFT/PolyFT/extracted-first/nsfc-be-probe-batch-001
B,22078194,2020,general,B08,2020|general|B08|22078|3,0.997326,P1,false,immediate_probe,"""22078194""","""22078194"" ""National Natural Science Foundation of China""","award.number:22078194,award.funder:501100001809","site:edu.cn OR site:ac.cn ""22078194""",queued,true,bibliographic/aggregator evidence only; API channels may share provenance; no PI or project fact inferred,200,2,2,,0,0,0,0,200,200,crossref,2,confirmed_bibliographic,C_bibliographic,,,,,not_checked,true,official_or_institutional_confirmation,,2026-08-27T07:33:47+00:00,bibliographic/aggregator evidence only; API channels may share provenance; no PI or project fact inferred,/home/runner/work/PolyFT/PolyFT/extracted-first/nsfc-be-probe-batch-001
B,22101011,2021,youth_c,B01,2021|youth_c|B01|22101|3,0.993548,P1,false,immediate_probe,"""22101011""","""22101011"" ""National Natural Science Foundation of China""","award.number:22101011,award.funder:501100001809","site:edu.cn OR site:ac.cn ""22101011""",queued,true,bibliographic/aggregator evidence only; API channels may share provenance; no PI or project fact inferred,200,1,1,,0,0,0,0,200,200,crossref,1,confirmed_bibliographic,C_bibliographic,,,,,not_checked,true,official_or_institutional_confirmation,,2026-08-27T07:33:47+00:00,bibliographic/aggregator evidence only; API channels may share provenance; no PI or project fact inferred,/home/runner/work/PolyFT/PolyFT/extracted-first/nsfc-be-probe-batch-001
B,22101129,2021,youth_c,B01,2021|youth_c|B01|22101|3,0.993548,P1,false,immediate_probe,"""22101129""","""22101129"" ""National Natural Science Foundation of China""","award.number:22101129,award.funder:501100001809","site:edu.cn OR site:ac.cn ""22101129""",queued,true,bibliographic/aggregator evidence only; API channels may share provenance; no PI or project fact inferred,200,2,2,,0,0,0,0,200,200,crossref,2,confirmed_bibliographic,C_bibliographic,,,,,not_checked,true,official_or_institutional_confirmation,,2026-08-27T07:33:47+00:00,bibliographic/aggregator evidence only; API channels may share provenance; no PI or project fact inferred,/home/runner/work/PolyFT/PolyFT/extracted-first/nsfc-be-probe-batch-001
B,22102075,2021,youth_c,B02,2021|youth_c|B02|22102|3,0.986425,P1,false,immediate_probe,"""22102075""","""22102075"" ""National Natural Science Foundation of China""","award.number:22102075,award.funder:501100001809","site:edu.cn OR site:ac.cn ""22102075""",queued,true,bibliographic/aggregator evidence only; API channels may share provenance; no PI or project fact inferred,200,0,0,200,0,0,0,0,200,200,,0,no_match_all_sources,E_negative_probe_only,,,,,not_checked,true,exact_web_and_institution_search,,2026-08-27T07:33:47+00:00,bibliographic/aggregator evidence only; API channels may share provenance; no PI or project fact inferred,/home/runner/work/PolyFT/PolyFT/extracted-first/nsfc-be-probe-batch-001
B,22102144,2021,youth_c,B02,2021|youth_c|B02|22102|3,0.986425,P1,false,immediate_probe,"""22102144""","""22102144"" ""National Natural Science Foundation of China""","award.number:22102144,award.funder:501100001809","site:edu.cn OR site:ac.cn ""22102144""",queued,true,bibliographic/aggregator evidence only; API channels may share provenance; no PI or project fact inferred,200,0,0,200,0,0,0,0,200,200,,0,no_match_all_sources,E_negative_probe_only,,,,,not_checked,true,exact_web_and_institution_search,,2026-08-27T07:33:47+00:00,bibliographic/aggregator evidence only; API channels may share provenance; no PI or project fact inferred,/home/runner/work/PolyFT/PolyFT/extracted-first/nsfc-be-probe-batch-001
B,22102216,2021,youth_c,B02,2021|youth_c|B02|22102|3,0.986425,P1,false,immediate_probe,"""22102216""","""22102216"" ""National Natural Science Foundation of China""","award.number:22102216,award.funder:501100001809","site:edu.cn OR site:ac.cn ""22102216""",queued,true,bibliographic/aggregator evidence only; API channels may share provenance; no PI or project fact inferred,200,0,0,200,0,0,0,0,200,200,,0,no_match_all_sources,E_negative_probe_only,,,,,not_checked,true,exact_web_and_institution_search,,2026-08-27T07:33:47+00:00,bibliographic/aggregator evidence only; API channels may share provenance; no PI or project fact inferred,/home/runner/work/PolyFT/PolyFT/extracted-first/nsfc-be-probe-batch-001
B,22103023,2021,youth_c,B03,2021|youth_c|B03|22103|3,0.989899,P1,false,immediate_probe,"""22103023""","""22103023"" ""National Natural Science Foundation of China""","award.number:22103023,award.funder:501100001809","site:edu.cn OR site:ac.cn ""22103023""",queued,true,bibliographic/aggregator evidence only; API channels may share provenance; no PI or project fact inferred,200,1,1,,0,0,0,0,200,200,crossref,1,confirmed_bibliographic,C_bibliographic,,,,,not_checked,true,official_or_institutional_confirmation,,2026-08-27T07:33:47+00:00,bibliographic/aggregator evidence only; API channels may share provenance; no PI or project fact inferred,/home/runner/work/PolyFT/PolyFT/extracted-first/nsfc-be-probe-batch-001
B,22105002,2021,youth_c,B05,2021|youth_c|B05|22105|3,0.995671,P3,true,manual_context_review_before_probe,"""22105002""","""22105002"" ""National Natural Science Foundation of China""","award.number:22105002,award.funder:501100001809","site:edu.cn OR site:ac.cn ""22105002""",queued,false,bibliographic/aggregator evidence only; API channels may share provenance; no PI or project fact inferred,200,3,3,,0,0,0,0,200,200,crossref,1,confirmed_bibliographic,C_bibliographic,,,,,not_checked,true,official_or_institutional_confirmation,,2026-08-27T07:50:12+00:00,bibliographic/aggregator evidence only; API channels may share provenance; no PI or project fact inferred,/home/runner/work/PolyFT/PolyFT/downloaded-remaining/nsfc-be-probe-batch-002
B,22106044,2021,youth_c,B06,2021|youth_c|B06|22106|3,0.994709,P1,false,immediate_probe,"""22106044""","""22106044"" ""National Natural Science Foundation of China""","award.number:22106044,award.funder:501100001809","site:edu.cn OR site:ac.cn ""22106044""",queued,true,bibliographic/aggregator evidence only; API channels may share provenance; no PI or project fact inferred,200,5,5,,0,0,0,0,200,200,crossref,5,confirmed_bibliographic,C_bibliographic,,,,,not_checked,true,official_or_institutional_confirmation,,2026-08-27T07:33:47+00:00,bibliographic/aggregator evidence only; API channels may share provenance; no PI or project fact inferred,/home/runner/work/PolyFT/PolyFT/extracted-first/nsfc-be-probe-batch-001
B,22109033,2021,youth_c,B09,2021|youth_c|B09|22109|3,0.994624,P3,true,manual_context_review_before_probe,"""22109033""","""22109033"" ""National Natural Science Foundation of China""","award.number:22109033,award.funder:501100001809","site:edu.cn OR site:ac.cn ""22109033""",queued,false,bibliographic/aggregator evidence only; API channels may share provenance; no PI or project fact inferred,200,7,7,,0,0,0,0,200,200,crossref,7,confirmed_bibliographic,C_bibliographic,,,,,not_checked,true,official_or_institutional_confirmation,,2026-08-27T07:50:12+00:00,bibliographic/aggregator evidence only; API channels may share provenance; no PI or project fact inferred,/home/runner/work/PolyFT/PolyFT/downloaded-remaining/nsfc-be-probe-batch-002
B,28670546,1986,general,B08,1986|general|B08|28670|3,0.981818,P3,true,manual_context_review_before_probe,"""28670546""","""28670546"" ""National Natural Science Foundation of China""","award.number:28670546,award.funder:501100001809","site:edu.cn OR site:ac.cn ""28670546""",queued,false,bibliographic/aggregator evidence only; API channels may share provenance; no PI or project fact inferred,200,0,0,200,0,0,0,0,200,200,,0,no_match_all_sources,E_negative_probe_only,,,,,not_checked,true,exact_web_and_institution_search,,2026-08-27T07:50:12+00:00,bibliographic/aggregator evidence only; API channels may share provenance; no PI or project fact inferred,/home/runner/work/PolyFT/PolyFT/downloaded-remaining/nsfc-be-probe-batch-002
B,29000018,1990,youth_c,B04,1990|youth_c|B04|29000|3,0.800000,P3,true,manual_context_review_before_probe,"""29000018""","""29000018"" ""National Natural Science Foundation of China""","award.number:29000018,award.funder:501100001809","site:edu.cn OR site:ac.cn ""29000018""",queued,false,bibliographic/aggregator evidence only; API channels may share provenance; no PI or project fact inferred,200,0,0,200,0,0,0,0,200,200,,0,no_match_all_sources,E_negative_probe_only,,,,,not_checked,true,exact_web_and_institution_search,,2026-08-27T07:58:42+00:00,bibliographic/aggregator evidence only; API channels may share provenance; no PI or project fact inferred,/home/runner/work/PolyFT/PolyFT/downloaded-remaining/nsfc-be-probe-batch-005
B,29000021,1990,youth_c,B04,1990|youth_c|B04|29000|3,0.800000,P3,true,manual_context_review_before_probe,"""29000021""","""29000021"" ""National Natural Science Foundation of China""","award.number:29000021,award.funder:501100001809","site:edu.cn OR site:ac.cn ""29000021""",queued,false,bibliographic/aggregator evidence only; API channels may share provenance; no PI or project fact inferred,200,0,0,200,0,0,0,0,200,200,,0,no_match_all_sources,E_negative_probe_only,,,,,not_checked,true,exact_web_and_institution_search,,2026-08-27T07:58:42+00:00,bibliographic/aggregator evidence only; API channels may share provenance; no PI or project fact inferred,/home/runner/work/PolyFT/PolyFT/downloaded-remaining/nsfc-be-probe-batch-005
B,29070149,1990,general,B02,1990|general|B02|29070|3,0.897959,P3,true,manual_context_review_before_probe,"""29070149""","""29070149"" ""National Natural Science Foundation of China""","award.number:29070149,award.funder:501100001809","site:edu.cn OR site:ac.cn ""29070149""",queued,false,bibliographic/aggregator evidence only; API channels may share provenance; no PI or project fact inferred,200,0,0,200,0,0,0,0,200,200,,0,no_match_all_sources,E_negative_probe_only,,,,,not_checked,true,exact_web_and_institution_search,,2026-08-27T07:50:51+00:00,bibliographic/aggregator evidence only; API channels may share provenance; no PI or project fact inferred,/home/runner/work/PolyFT/PolyFT/downloaded-remaining/nsfc-be-probe-batch-003
B,29070150,1990,general,B02,1990|general|B02|29070|3,0.897959,P3,true,manual_context_review_before_probe,"""29070150""","""29070150"" ""National Natural Science Foundation of China""","award.number:29070150,award.funder:501100001809","site:edu.cn OR site:ac.cn ""29070150""",queued,false,bibliographic/aggregator evidence only; API channels may share provenance; no PI or project fact inferred,200,0,0,200,0,0,0,0,200,200,,0,no_match_all_sources,E_negative_probe_only,,,,,not_checked,true,exact_web_and_institution_search,,2026-08-27T07:50:51+00:00,bibliographic/aggregator evidence only; API channels may share provenance; no PI or project fact inferred,/home/runner/work/PolyFT/PolyFT/downloaded-remaining/nsfc-be-probe-batch-003
B,29070151,1990,general,B02,1990|general|B02|29070|3,0.897959,P3,true,manual_context_review_before_probe,"""29070151""","""29070151"" ""National Natural Science Foundation of China""","award.number:29070151,award.funder:501100001809","site:edu.cn OR site:ac.cn ""29070151""",queued,false,bibliographic/aggregator evidence only; API channels may share provenance; no PI or project fact inferred,200,0,0,200,0,0,0,0,200,200,,0,no_match_all_sources,E_negative_probe_only,,,,,not_checked,true,exact_web_and_institution_search,,2026-08-27T07:50:51+00:00,bibliographic/aggregator evidence only; API channels may share provenance; no PI or project fact inferred,/home/runner/work/PolyFT/PolyFT/downloaded-remaining/nsfc-be-probe-batch-003
B,29070152,1990,general,B02,1990|general|B02|29070|3,0.897959,P3,true,manual_context_review_before_probe,"""29070152""","""29070152"" ""National Natural Science Foundation of China""","award.number:29070152,award.funder:501100001809","site:edu.cn OR site:ac.cn ""29070152""",queued,false,bibliographic/aggregator evidence only; API channels may share provenance; no PI or project fact inferred,200,0,0,200,0,0,0,0,200,200,,0,no_match_all_sources,E_negative_probe_only,,,,,not_checked,true,exact_web_and_institution_search,,2026-08-27T07:50:51+00:00,bibliographic/aggregator evidence only; API channels may share provenance; no PI or project fact inferred,/home/runner/work/PolyFT/PolyFT/downloaded-remaining/nsfc-be-probe-batch-003
B,29070153,1990,general,B02,1990|general|B02|29070|3,0.897959,P3,true,manual_context_review_before_probe,"""29070153""","""29070153"" ""National Natural Science Foundation of China""","award.number:29070153,award.funder:501100001809","site:edu.cn OR site:ac.cn ""29070153""",queued,false,bibliographic/aggregator evidence only; API channels may share provenance; no PI or project fact inferred,200,0,0,200,0,0,0,0,200,200,,0,no_match_all_sources,E_negative_probe_only,,,,,not_checked,true,exact_web_and_institution_search,,2026-08-27T07:50:51+00:00,bibliographic/aggregator evidence only; API channels may share provenance; no PI or project fact inferred,/home/runner/work/PolyFT/PolyFT/downloaded-remaining/nsfc-be-probe-batch-003
B,29070291,1990,general,B08,1990|general|B08|29070|3,0.977778,P3,true,manual_context_review_before_probe,"""29070291""","""29070291"" ""National Natural Science Foundation of China""","award.number:29070291,award.funder:501100001809","site:edu.cn OR site:ac.cn ""29070291""",queued,false,bibliographic/aggregator evidence only; API channels may share provenance; no PI or project fact inferred,200,0,0,200,0,0,0,0,200,200,,0,no_match_all_sources,E_negative_probe_only,,,,,not_checked,true,exact_web_and_institution_search,,2026-08-27T07:50:12+00:00,bibliographic/aggregator evidence only; API channels may share provenance; no PI or project fact inferred,/home/runner/work/PolyFT/PolyFT/downloaded-remaining/nsfc-be-probe-batch-002
B,29262008,1992,regional,B07,1992|regional|B07|29262|3,0.800000,P3,true,manual_context_review_before_probe,"""29262008""","""29262008"" ""National Natural Science Foundation of China""","award.number:29262008,award.funder:501100001809","site:edu.cn OR site:ac.cn ""29262008""",queued,false,bibliographic/aggregator evidence only; API channels may share provenance; no PI or project fact inferred,200,0,0,200,0,0,0,0,200,200,,0,no_match_all_sources,E_negative_probe_only,,,,,not_checked,true,exact_web_and_institution_search,,2026-08-27T07:58:42+00:00,bibliographic/aggregator evidence only; API channels may share provenance; no PI or project fact inferred,/home/runner/work/PolyFT/PolyFT/downloaded-remaining/nsfc-be-probe-batch-005
B,29275199,1992,general,B04,1992|general|B04|29275|3,0.941176,P3,true,manual_context_review_before_probe,"""29275199""","""29275199"" ""National Natural Science Foundation of China""","award.number:29275199,award.funder:501100001809","site:edu.cn OR site:ac.cn ""29275199""",queued,false,bibliographic/aggregator evidence only; API channels may share provenance; no PI or project fact inferred,200,0,0,200,0,0,0,0,200,200,,0,no_match_all_sources,E_negative_probe_only,,,,,not_checked,true,exact_web_and_institution_search,,2026-08-27T07:50:51+00:00,bibliographic/aggregator evidence only; API channels may share provenance; no PI or project fact inferred,/home/runner/work/PolyFT/PolyFT/downloaded-remaining/nsfc-be-probe-batch-003
B,29275209,1992,general,B04,1992|general|B04|29275|3,0.941176,P3,true,manual_context_review_before_probe,"""29275209""","""29275209"" ""National Natural Science Foundation of China""","award.number:29275209,award.funder:501100001809","site:edu.cn OR site:ac.cn ""29275209""",queued,false,bibliographic/aggregator evidence only; API channels may share provenance; no PI or project fact inferred,200,0,0,200,0,0,0,0,200,200,,0,no_match_all_sources,E_negative_probe_only,,,,,not_checked,true,exact_web_and_institution_search,,2026-08-27T07:50:51+00:00,bibliographic/aggregator evidence only; API channels may share provenance; no PI or project fact inferred,/home/runner/work/PolyFT/PolyFT/downloaded-remaining/nsfc-be-probe-batch-003
B,29301004,1993,youth_c,B01,1993|youth_c|B01|29301|3,0.800000,P3,true,manual_context_review_before_probe,"""29301004""","""29301004"" ""National Natural Science Foundation of China""","award.number:29301004,award.funder:501100001809","site:edu.cn OR site:ac.cn ""29301004""",queued,false,bibliographic/aggregator evidence only; API channels may share provenance; no PI or project fact inferred,200,0,0,200,0,0,0,0,200,200,,0,no_match_all_sources,E_negative_probe_only,,,,,not_checked,true,exact_web_and_institution_search,,2026-08-27T07:58:42+00:00,bibliographic/aggregator evidence only; API channels may share provenance; no PI or project fact inferred,/home/runner/work/PolyFT/PolyFT/downloaded-remaining/nsfc-be-probe-batch-005
B,29302008,1993,youth_c,B01,1993|youth_c|B01|29302|3,0.800000,P3,true,manual_context_review_before_probe,"""29302008""","""29302008"" ""National Natural Science Foundation of China""","award.number:29302008,award.funder:501100001809","site:edu.cn OR site:ac.cn ""29302008""",queued,false,bibliographic/aggregator evidence only; API channels may share provenance; no PI or project fact inferred,200,0,0,200,0,0,0,0,200,200,,0,no_match_all_sources,E_negative_probe_only,,,,,not_checked,true,exact_web_and_institution_search,,2026-08-27T07:58:42+00:00,bibliographic/aggregator evidence only; API channels may share provenance; no PI or project fact inferred,/home/runner/work/PolyFT/PolyFT/downloaded-remaining/nsfc-be-probe-batch-005
B,29302013,1993,youth_c,B01,1993|youth_c|B01|29302|3,0.800000,P3,true,manual_context_review_before_probe,"""29302013""","""29302013"" ""National Natural Science Foundation of China""","award.number:29302013,award.funder:501100001809","site:edu.cn OR site:ac.cn ""29302013""",queued,false,bibliographic/aggregator evidence only; API channels may share provenance; no PI or project fact inferred,200,0,0,200,0,0,0,0,200,200,,0,no_match_all_sources,E_negative_probe_only,,,,,not_checked,true,exact_web_and_institution_search,,2026-08-27T07:58:42+00:00,bibliographic/aggregator evidence only; API channels may share provenance; no PI or project fact inferred,/home/runner/work/PolyFT/PolyFT/downloaded-remaining/nsfc-be-probe-batch-005
B,29303022,1993,youth_c,B03,1993|youth_c|B03|29303|3,0.888889,P3,true,manual_context_review_before_probe,"""29303022""","""29303022"" ""National Natural Science Foundation of China""","award.number:29303022,award.funder:501100001809","site:edu.cn OR site:ac.cn ""29303022""",queued,false,bibliographic/aggregator evidence only; API channels may share provenance; no PI or project fact inferred,200,0,0,200,0,0,0,0,200,200,,0,no_match_all_sources,E_negative_probe_only,,,,,not_checked,true,exact_web_and_institution_search,,2026-08-27T07:50:51+00:00,bibliographic/aggregator evidence only; API channels may share provenance; no PI or project fact inferred,/home/runner/work/PolyFT/PolyFT/downloaded-remaining/nsfc-be-probe-batch-003
B,29375193,1993,general,B04,1993|general|B04|29375|3,0.800000,P3,true,manual_context_review_before_probe,"""29375193""","""29375193"" ""National Natural Science Foundation of China""","award.number:29375193,award.funder:501100001809","site:edu.cn OR site:ac.cn ""29375193""",queued,false,bibliographic/aggregator evidence only; API channels may share provenance; no PI or project fact inferred,200,0,0,200,0,0,0,0,200,200,,0,no_match_all_sources,E_negative_probe_only,,,,,not_checked,true,exact_web_and_institution_search,,2026-08-27T07:58:42+00:00,bibliographic/aggregator evidence only; API channels may share provenance; no PI or project fact inferred,/home/runner/work/PolyFT/PolyFT/downloaded-remaining/nsfc-be-probe-batch-005
B,29375195,1993,general,B04,1993|general|B04|29375|3,0.800000,P3,true,manual_context_review_before_probe,"""29375195""","""29375195"" ""National Natural Science Foundation of China""","award.number:29375195,award.funder:501100001809","site:edu.cn OR site:ac.cn ""29375195""",queued,false,bibliographic/aggregator evidence only; API channels may share provenance; no PI or project fact inferred,200,0,0,200,0,0,0,0,200,200,,0,no_match_all_sources,E_negative_probe_only,,,,,not_checked,true,exact_web_and_institution_search,,2026-08-27T07:58:42+00:00,bibliographic/aggregator evidence only; API channels may share provenance; no PI or project fact inferred,/home/runner/work/PolyFT/PolyFT/downloaded-remaining/nsfc-be-probe-batch-005
B,29375197,1993,general,B04,1993|general|B04|29375|3,0.800000,P3,true,manual_context_review_before_probe,"""29375197""","""29375197"" ""National Natural Science Foundation of China""","award.number:29375197,award.funder:501100001809","site:edu.cn OR site:ac.cn ""29375197""",queued,false,bibliographic/aggregator evidence only; API channels may share provenance; no PI or project fact inferred,200,0,0,200,0,0,0,0,200,200,,0,no_match_all_sources,E_negative_probe_only,,,,,not_checked,true,exact_web_and_institution_search,,2026-08-27T07:58:42+00:00,bibliographic/aggregator evidence only; API channels may share provenance; no PI or project fact inferred,/home/runner/work/PolyFT/PolyFT/downloaded-remaining/nsfc-be-probe-batch-005
B,29375201,1993,general,B04,1993|general|B04|29375|3,0.800000,P3,true,manual_context_review_before_probe,"""29375201""","""29375201"" ""National Natural Science Foundation of China""","award.number:29375201,award.funder:501100001809","site:edu.cn OR site:ac.cn ""29375201""",queued,false,bibliographic/aggregator evidence only; API channels may share provenance; no PI or project fact inferred,200,0,0,200,0,0,0,0,200,200,,0,no_match_all_sources,E_negative_probe_only,,,,,not_checked,true,exact_web_and_institution_search,,2026-08-27T07:58:42+00:00,bibliographic/aggregator evidence only; API channels may share provenance; no PI or project fact inferred,/home/runner/work/PolyFT/PolyFT/downloaded-remaining/nsfc-be-probe-batch-005
B,29375204,1993,general,B04,1993|general|B04|29375|3,0.800000,P3,true,manual_context_review_before_probe,"""29375204""","""29375204"" ""National Natural Science Foundation of China""","award.number:29375204,award.funder:501100001809","site:edu.cn OR site:ac.cn ""29375204""",queued,false,bibliographic/aggregator evidence only; API channels may share provenance; no PI or project fact inferred,200,0,0,200,0,0,0,0,200,200,,0,no_match_all_sources,E_negative_probe_only,,,,,not_checked,true,exact_web_and_institution_search,,2026-08-27T07:58:42+00:00,bibliographic/aggregator evidence only; API channels may share provenance; no PI or project fact inferred,/home/runner/work/PolyFT/PolyFT/downloaded-remaining/nsfc-be-probe-batch-005
B,29375205,1993,general,B04,1993|general|B04|29375|3,0.800000,P3,true,manual_context_review_before_probe,"""29375205""","""29375205"" ""National Natural Science Foundation of China""","award.number:29375205,award.funder:501100001809","site:edu.cn OR site:ac.cn ""29375205""",queued,false,bibliographic/aggregator evidence only; API channels may share provenance; no PI or project fact inferred,200,0,0,200,0,0,0,0,200,200,,0,no_match_all_sources,E_negative_probe_only,,,,,not_checked,true,exact_web_and_institution_search,,2026-08-27T07:58:42+00:00,bibliographic/aggregator evidence only; API channels may share provenance; no PI or project fact inferred,/home/runner/work/PolyFT/PolyFT/downloaded-remaining/nsfc-be-probe-batch-005
B,29375211,1993,general,B04,1993|general|B04|29375|3,0.800000,P3,true,manual_context_review_before_probe,"""29375211""","""29375211"" ""National Natural Science Foundation of China""","award.number:29375211,award.funder:501100001809","site:edu.cn OR site:ac.cn ""29375211""",queued,false,bibliographic/aggregator evidence only; API channels may share provenance; no PI or project fact inferred,200,0,0,200,0,0,0,0,200,200,,0,no_match_all_sources,E_negative_probe_only,,,,,not_checked,true,exact_web_and_institution_search,,2026-08-27T07:58:42+00:00,bibliographic/aggregator evidence only; API channels may share provenance; no PI or project fact inferred,/home/runner/work/PolyFT/PolyFT/downloaded-remaining/nsfc-be-probe-batch-005
B,29376254,1993,general,B08,1993|general|B08|29376|3,0.977273,P3,true,manual_context_review_before_probe,"""29376254""","""29376254"" ""National Natural Science Foundation of China""","award.number:29376254,award.funder:501100001809","site:edu.cn OR site:ac.cn ""29376254""",queued,false,bibliographic/aggregator evidence only; API channels may share provenance; no PI or project fact inferred,200,0,0,200,0,0,0,0,200,200,,0,no_match_all_sources,E_negative_probe_only,,,,,not_checked,true,exact_web_and_institution_search,,2026-08-27T07:50:12+00:00,bibliographic/aggregator evidence only; API channels may share provenance; no PI or project fact inferred,/home/runner/work/PolyFT/PolyFT/downloaded-remaining/nsfc-be-probe-batch-002
B,29404030,1994,youth_c,B05,1994|youth_c|B05|29404|3,0.800000,P3,true,manual_context_review_before_probe,"""29404030""","""29404030"" ""National Natural Science Foundation of China""","award.number:29404030,award.funder:501100001809","site:edu.cn OR site:ac.cn ""29404030""",queued,false,bibliographic/aggregator evidence only; API channels may share provenance; no PI or project fact inferred,200,0,0,200,0,0,0,0,200,200,,0,no_match_all_sources,E_negative_probe_only,,,,,not_checked,true,exact_web_and_institution_search,,2026-08-27T07:58:42+00:00,bibliographic/aggregator evidence only; API channels may share provenance; no PI or project fact inferred,/home/runner/work/PolyFT/PolyFT/downloaded-remaining/nsfc-be-probe-batch-005
B,29462006,1994,regional,B07,1994|regional|B07|29462|3,0.833333,P3,true,manual_context_review_before_probe,"""29462006""","""29462006"" ""National Natural Science Foundation of China""","award.number:29462006,award.funder:501100001809","site:edu.cn OR site:ac.cn ""29462006""",queued,false,bibliographic/aggregator evidence only; API channels may share provenance; no PI or project fact inferred,200,0,0,200,0,0,0,0,200,200,,0,no_match_all_sources,E_negative_probe_only,,,,,not_checked,true,exact_web_and_institution_search,,2026-08-27T07:57:16+00:00,bibliographic/aggregator evidence only; API channels may share provenance; no PI or project fact inferred,/home/runner/work/PolyFT/PolyFT/downloaded-remaining/nsfc-be-probe-batch-004
B,29475193,1994,general,B04,1994|general|B04|29475|3,0.885714,P3,true,manual_context_review_before_probe,"""29475193""","""29475193"" ""National Natural Science Foundation of China""","award.number:29475193,award.funder:501100001809","site:edu.cn OR site:ac.cn ""29475193""",queued,false,bibliographic/aggregator evidence only; API channels may share provenance; no PI or project fact inferred,200,0,0,200,0,0,0,0,200,200,,0,no_match_all_sources,E_negative_probe_only,,,,,not_checked,true,exact_web_and_institution_search,,2026-08-27T07:50:51+00:00,bibliographic/aggregator evidence only; API channels may share provenance; no PI or project fact inferred,/home/runner/work/PolyFT/PolyFT/downloaded-remaining/nsfc-be-probe-batch-003
B,29475200,1994,general,B04,1994|general|B04|29475|3,0.885714,P3,true,manual_context_review_before_probe,"""29475200""","""29475200"" ""National Natural Science Foundation of China""","award.number:29475200,award.funder:501100001809","site:edu.cn OR site:ac.cn ""29475200""",queued,false,bibliographic/aggregator evidence only; API channels may share provenance; no PI or project fact inferred,200,0,0,200,0,0,0,0,200,200,,0,no_match_all_sources,E_negative_probe_only,,,,,not_checked,true,exact_web_and_institution_search,,2026-08-27T07:50:51+00:00,bibliographic/aggregator evidence only; API channels may share provenance; no PI or project fact inferred,/home/runner/work/PolyFT/PolyFT/downloaded-remaining/nsfc-be-probe-batch-003
B,29475208,1994,general,B04,1994|general|B04|29475|3,0.885714,P3,true,manual_context_review_before_probe,"""29475208""","""29475208"" ""National Natural Science Foundation of China""","award.number:29475208,award.funder:501100001809","site:edu.cn OR site:ac.cn ""29475208""",queued,false,bibliographic/aggregator evidence only; API channels may share provenance; no PI or project fact inferred,200,0,0,200,0,0,0,0,200,200,,0,no_match_all_sources,E_negative_probe_only,,,,,not_checked,true,exact_web_and_institution_search,,2026-08-27T07:50:51+00:00,bibliographic/aggregator evidence only; API channels may share provenance; no PI or project fact inferred,/home/runner/work/PolyFT/PolyFT/downloaded-remaining/nsfc-be-probe-batch-003
B,29475210,1994,general,B04,1994|general|B04|29475|3,0.885714,P3,true,manual_context_review_before_probe,"""29475210""","""29475210"" ""National Natural Science Foundation of China""","award.number:29475210,award.funder:501100001809","site:edu.cn OR site:ac.cn ""29475210""",queued,false,bibliographic/aggregator evidence only; API channels may share provenance; no PI or project fact inferred,200,0,0,200,0,0,0,0,200,200,,0,no_match_all_sources,E_negative_probe_only,,,,,not_checked,true,exact_web_and_institution_search,,2026-08-27T07:50:51+00:00,bibliographic/aggregator evidence only; API channels may share provenance; no PI or project fact inferred,/home/runner/work/PolyFT/PolyFT/downloaded-remaining/nsfc-be-probe-batch-003
B,29575196,1995,general,B04,1995|general|B04|29575|3,0.852941,P3,true,manual_context_review_before_probe,"""29575196""","""29575196"" ""National Natural Science Foundation of China""","award.number:29575196,award.funder:501100001809","site:edu.cn OR site:ac.cn ""29575196""",queued,false,bibliographic/aggregator evidence only; API channels may share provenance; no PI or project fact inferred,200,0,0,200,0,0,0,0,200,200,,0,no_match_all_sources,E_negative_probe_only,,,,,not_checked,true,exact_web_and_institution_search,,2026-08-27T07:57:16+00:00,bibliographic/aggregator evidence only; API channels may share provenance; no PI or project fact inferred,/home/runner/work/PolyFT/PolyFT/downloaded-remaining/nsfc-be-probe-batch-004
B,29575200,1995,general,B04,1995|general|B04|29575|3,0.852941,P3,true,manual_context_review_before_probe,"""29575200""","""29575200"" ""National Natural Science Foundation of China""","award.number:29575200,award.funder:501100001809","site:edu.cn OR site:ac.cn ""29575200""",queued,false,bibliographic/aggregator evidence only; API channels may share provenance; no PI or project fact inferred,200,0,0,200,0,0,0,0,200,200,,0,no_match_all_sources,E_negative_probe_only,,,,,not_checked,true,exact_web_and_institution_search,,2026-08-27T07:57:16+00:00,bibliographic/aggregator evidence only; API channels may share provenance; no PI or project fact inferred,/home/runner/work/PolyFT/PolyFT/downloaded-remaining/nsfc-be-probe-batch-004
B,29575203,1995,general,B04,1995|general|B04|29575|3,0.852941,P3,true,manual_context_review_before_probe,"""29575203""","""29575203"" ""National Natural Science Foundation of China""","award.number:29575203,award.funder:501100001809","site:edu.cn OR site:ac.cn ""29575203""",queued,false,bibliographic/aggregator evidence only; API channels may share provenance; no PI or project fact inferred,200,0,0,200,0,0,0,0,200,200,,0,no_match_all_sources,E_negative_probe_only,,,,,not_checked,true,exact_web_and_institution_search,,2026-08-27T07:57:16+00:00,bibliographic/aggregator evidence only; API channels may share provenance; no PI or project fact inferred,/home/runner/work/PolyFT/PolyFT/downloaded-remaining/nsfc-be-probe-batch-004
B,29575218,1995,general,B04,1995|general|B04|29575|3,0.852941,P3,true,manual_context_review_before_probe,"""29575218""","""29575218"" ""National Natural Science Foundation of China""","award.number:29575218,award.funder:501100001809","site:edu.cn OR site:ac.cn ""29575218""",queued,false,bibliographic/aggregator evidence only; API channels may share provenance; no PI or project fact inferred,200,0,0,200,0,0,0,0,200,200,,0,no_match_all_sources,E_negative_probe_only,,,,,not_checked,true,exact_web_and_institution_search,,2026-08-27T07:57:16+00:00,bibliographic/aggregator evidence only; API channels may share provenance; no PI or project fact inferred,/home/runner/work/PolyFT/PolyFT/downloaded-remaining/nsfc-be-probe-batch-004
B,29575220,1995,general,B04,1995|general|B04|29575|3,0.852941,P3,true,manual_context_review_before_probe,"""29575220""","""29575220"" ""National Natural Science Foundation of China""","award.number:29575220,award.funder:501100001809","site:edu.cn OR site:ac.cn ""29575220""",queued,false,bibliographic/aggregator evidence only; API channels may share provenance; no PI or project fact inferred,200,0,0,200,0,0,0,0,200,200,,0,no_match_all_sources,E_negative_probe_only,,,,,not_checked,true,exact_web_and_institution_search,,2026-08-27T07:57:16+00:00,bibliographic/aggregator evidence only; API channels may share provenance; no PI or project fact inferred,/home/runner/work/PolyFT/PolyFT/downloaded-remaining/nsfc-be-probe-batch-004
B,29601004,1996,youth_c,B01,1996|youth_c|B01|29601|3,0.800000,P3,true,manual_context_review_before_probe,"""29601004""","""29601004"" ""National Natural Science Foundation of China""","award.number:29601004,award.funder:501100001809","site:edu.cn OR site:ac.cn ""29601004""",queued,false,bibliographic/aggregator evidence only; API channels may share provenance; no PI or project fact inferred,200,0,0,200,0,0,0,0,200,200,,0,no_match_all_sources,E_negative_probe_only,,,,,not_checked,true,exact_web_and_institution_search,,2026-08-27T07:58:42+00:00,bibliographic/aggregator evidence only; API channels may share provenance; no PI or project fact inferred,/home/runner/work/PolyFT/PolyFT/downloaded-remaining/nsfc-be-probe-batch-005
B,29602003,1996,youth_c,B01,1996|youth_c|B01|29602|3,0.800000,P3,true,manual_context_review_before_probe,"""29602003""","""29602003"" ""National Natural Science Foundation of China""","award.number:29602003,award.funder:501100001809","site:edu.cn OR site:ac.cn ""29602003""",queued,false,bibliographic/aggregator evidence only; API channels may share provenance; no PI or project fact inferred,200,0,0,200,0,0,0,0,200,200,,0,no_match_all_sources,E_negative_probe_only,,,,,not_checked,true,exact_web_and_institution_search,,2026-08-27T07:58:42+00:00,bibliographic/aggregator evidence only; API channels may share provenance; no PI or project fact inferred,/home/runner/work/PolyFT/PolyFT/downloaded-remaining/nsfc-be-probe-batch-005
B,29602004,1996,youth_c,B01,1996|youth_c|B01|29602|3,0.800000,P3,true,manual_context_review_before_probe,"""29602004""","""29602004"" ""National Natural Science Foundation of China""","award.number:29602004,award.funder:501100001809","site:edu.cn OR site:ac.cn ""29602004""",queued,false,bibliographic/aggregator evidence only; API channels may share provenance; no PI or project fact inferred,200,0,0,200,0,0,0,0,200,200,,0,no_match_all_sources,E_negative_probe_only,,,,,not_checked,true,exact_web_and_institution_search,,2026-08-27T07:58:42+00:00,bibliographic/aggregator evidence only; API channels may share provenance; no PI or project fact inferred,/home/runner/work/PolyFT/PolyFT/downloaded-remaining/nsfc-be-probe-batch-005
B,29605002,1996,youth_c,B04,1996|youth_c|B04|29605|3,0.800000,P3,false,low_rate_probe,"""29605002""","""29605002"" ""National Natural Science Foundation of China""","award.number:29605002,award.funder:501100001809","site:edu.cn OR site:ac.cn ""29605002""",queued,false,bibliographic/aggregator evidence only; API channels may share provenance; no PI or project fact inferred,200,0,0,200,0,0,0,0,200,200,,0,no_match_all_sources,E_negative_probe_only,,,,,not_checked,true,exact_web_and_institution_search,,2026-08-27T07:58:42+00:00,bibliographic/aggregator evidence only; API channels may share provenance; no PI or project fact inferred,/home/runner/work/PolyFT/PolyFT/downloaded-remaining/nsfc-be-probe-batch-005
B,29606002,1996,youth_c,B08,1996|youth_c|B08|29606|3,0.818182,P3,true,manual_context_review_before_probe,"""29606002""","""29606002"" ""National Natural Science Foundation of China""","award.number:29606002,award.funder:501100001809","site:edu.cn OR site:ac.cn ""29606002""",queued,false,bibliographic/aggregator evidence only; API channels may share provenance; no PI or project fact inferred,200,0,0,200,0,0,0,0,200,200,,0,no_match_all_sources,E_negative_probe_only,,,,,not_checked,true,exact_web_and_institution_search,,2026-08-27T07:58:42+00:00,bibliographic/aggregator evidence only; API channels may share provenance; no PI or project fact inferred,/home/runner/work/PolyFT/PolyFT/downloaded-remaining/nsfc-be-probe-batch-005
B,29606010,1996,youth_c,B08,1996|youth_c|B08|29606|3,0.818182,P3,true,manual_context_review_before_probe,"""29606010""","""29606010"" ""National Natural Science Foundation of China""","award.number:29606010,award.funder:501100001809","site:edu.cn OR site:ac.cn ""29606010""",queued,false,bibliographic/aggregator evidence only; API channels may share provenance; no PI or project fact inferred,200,0,0,200,0,0,0,0,200,200,,0,no_match_all_sources,E_negative_probe_only,,,,,not_checked,true,exact_web_and_institution_search,,2026-08-27T07:58:42+00:00,bibliographic/aggregator evidence only; API channels may share provenance; no PI or project fact inferred,/home/runner/work/PolyFT/PolyFT/downloaded-remaining/nsfc-be-probe-batch-005
B,29675013,1996,general,B04,1996|general|B04|29675|3,0.823529,P3,true,manual_context_review_before_probe,"""29675013""","""29675013"" ""National Natural Science Foundation of China""","award.number:29675013,award.funder:501100001809","site:edu.cn OR site:ac.cn ""29675013""",queued,false,bibliographic/aggregator evidence only; API channels may share provenance; no PI or project fact inferred,200,0,0,200,0,0,0,0,200,200,,0,no_match_all_sources,E_negative_probe_only,,,,,not_checked,true,exact_web_and_institution_search,,2026-08-27T07:57:16+00:00,bibliographic/aggregator evidence only; API channels may share provenance; no PI or project fact inferred,/home/runner/work/PolyFT/PolyFT/downloaded-remaining/nsfc-be-probe-batch-004
B,29675021,1996,general,B04,1996|general|B04|29675|3,0.823529,P3,true,manual_context_review_before_probe,"""29675021""","""29675021"" ""National Natural Science Foundation of China""","award.number:29675021,award.funder:501100001809","site:edu.cn OR site:ac.cn ""29675021""",queued,false,bibliographic/aggregator evidence only; API channels may share provenance; no PI or project fact inferred,200,0,0,200,0,0,0,0,200,200,,0,no_match_all_sources,E_negative_probe_only,,,,,not_checked,true,exact_web_and_institution_search,,2026-08-27T07:57:16+00:00,bibliographic/aggregator evidence only; API channels may share provenance; no PI or project fact inferred,/home/runner/work/PolyFT/PolyFT/downloaded-remaining/nsfc-be-probe-batch-004
B,29675023,1996,general,B04,1996|general|B04|29675|3,0.823529,P3,true,manual_context_review_before_probe,"""29675023""","""29675023"" ""National Natural Science Foundation of China""","award.number:29675023,award.funder:501100001809","site:edu.cn OR site:ac.cn ""29675023""",queued,false,bibliographic/aggregator evidence only; API channels may share provenance; no PI or project fact inferred,200,0,0,200,0,0,0,0,200,200,,0,no_match_all_sources,E_negative_probe_only,,,,,not_checked,true,exact_web_and_institution_search,,2026-08-27T07:57:16+00:00,bibliographic/aggregator evidence only; API channels may share provenance; no PI or project fact inferred,/home/runner/work/PolyFT/PolyFT/downloaded-remaining/nsfc-be-probe-batch-004
B,29675025,1996,general,B04,1996|general|B04|29675|3,0.823529,P3,true,manual_context_review_before_probe,"""29675025""","""29675025"" ""National Natural Science Foundation of China""","award.number:29675025,award.funder:501100001809","site:edu.cn OR site:ac.cn ""29675025""",queued,false,bibliographic/aggregator evidence only; API channels may share provenance; no PI or project fact inferred,200,0,0,200,0,0,0,0,200,200,,0,no_match_all_sources,E_negative_probe_only,,,,,not_checked,true,exact_web_and_institution_search,,2026-08-27T07:58:42+00:00,bibliographic/aggregator evidence only; API channels may share provenance; no PI or project fact inferred,/home/runner/work/PolyFT/PolyFT/downloaded-remaining/nsfc-be-probe-batch-005
B,29675029,1996,general,B04,1996|general|B04|29675|3,0.823529,P3,true,manual_context_review_before_probe,"""29675029""","""29675029"" ""National Natural Science Foundation of China""","award.number:29675029,award.funder:501100001809","site:edu.cn OR site:ac.cn ""29675029""",queued,false,bibliographic/aggregator evidence only; API channels may share provenance; no PI or project fact inferred,200,0,0,200,0,0,0,0,200,200,,0,no_match_all_sources,E_negative_probe_only,,,,,not_checked,true,exact_web_and_institution_search,,2026-08-27T07:58:42+00:00,bibliographic/aggregator evidence only; API channels may share provenance; no PI or project fact inferred,/home/runner/work/PolyFT/PolyFT/downloaded-remaining/nsfc-be-probe-batch-005
B,29675031,1996,general,B04,1996|general|B04|29675|3,0.823529,P3,true,manual_context_review_before_probe,"""29675031""","""29675031"" ""National Natural Science Foundation of China""","award.number:29675031,award.funder:501100001809","site:edu.cn OR site:ac.cn ""29675031""",queued,false,bibliographic/aggregator evidence only; API channels may share provenance; no PI or project fact inferred,200,0,0,200,0,0,0,0,200,200,,0,no_match_all_sources,E_negative_probe_only,,,,,not_checked,true,exact_web_and_institution_search,,2026-08-27T07:58:42+00:00,bibliographic/aggregator evidence only; API channels may share provenance; no PI or project fact inferred,/home/runner/work/PolyFT/PolyFT/downloaded-remaining/nsfc-be-probe-batch-005
B,29676028,1996,general,B08,1996|general|B08|29676|3,0.977778,P3,true,manual_context_review_before_probe,"""29676028""","""29676028"" ""National Natural Science Foundation of China""","award.number:29676028,award.funder:501100001809","site:edu.cn OR site:ac.cn ""29676028""",queued,false,bibliographic/aggregator evidence only; API channels may share provenance; no PI or project fact inferred,200,0,0,200,0,0,0,0,200,200,,0,no_match_all_sources,E_negative_probe_only,,,,,not_checked,true,exact_web_and_institution_search,,2026-08-27T07:50:12+00:00,bibliographic/aggregator evidence only; API channels may share provenance; no PI or project fact inferred,/home/runner/work/PolyFT/PolyFT/downloaded-remaining/nsfc-be-probe-batch-002
B,29775015,1997,general,B04,1997|general|B04|29775|3,0.914286,P3,true,manual_context_review_before_probe,"""29775015""","""29775015"" ""National Natural Science Foundation of China""","award.number:29775015,award.funder:501100001809","site:edu.cn OR site:ac.cn ""29775015""",queued,false,bibliographic/aggregator evidence only; API channels may share provenance; no PI or project fact inferred,200,0,0,200,0,0,0,0,200,200,,0,no_match_all_sources,E_negative_probe_only,,,,,not_checked,true,exact_web_and_institution_search,,2026-08-27T07:50:51+00:00,bibliographic/aggregator evidence only; API channels may share provenance; no PI or project fact inferred,/home/runner/work/PolyFT/PolyFT/downloaded-remaining/nsfc-be-probe-batch-003
B,29775022,1997,general,B04,1997|general|B04|29775|3,0.914286,P3,true,manual_context_review_before_probe,"""29775022""","""29775022"" ""National Natural Science Foundation of China""","award.number:29775022,award.funder:501100001809","site:edu.cn OR site:ac.cn ""29775022""",queued,false,bibliographic/aggregator evidence only; API channels may share provenance; no PI or project fact inferred,200,0,0,200,0,0,0,0,200,200,,0,no_match_all_sources,E_negative_probe_only,,,,,not_checked,true,exact_web_and_institution_search,,2026-08-27T07:50:51+00:00,bibliographic/aggregator evidence only; API channels may share provenance; no PI or project fact inferred,/home/runner/work/PolyFT/PolyFT/downloaded-remaining/nsfc-be-probe-batch-003
B,29775033,1997,general,B04,1997|general|B04|29775|3,0.914286,P3,true,manual_context_review_before_probe,"""29775033""","""29775033"" ""National Natural Science Foundation of China""","award.number:29775033,award.funder:501100001809","site:edu.cn OR site:ac.cn ""29775033""",queued,false,bibliographic/aggregator evidence only; API channels may share provenance; no PI or project fact inferred,200,0,0,200,0,0,0,0,200,200,,0,no_match_all_sources,E_negative_probe_only,,,,,not_checked,true,exact_web_and_institution_search,,2026-08-27T07:50:51+00:00,bibliographic/aggregator evidence only; API channels may share provenance; no PI or project fact inferred,/home/runner/work/PolyFT/PolyFT/downloaded-remaining/nsfc-be-probe-batch-003
B,29803006,1998,youth_c,B02,1998|youth_c|B02|29803|3,0.857143,P3,true,manual_context_review_before_probe,"""29803006""","""29803006"" ""National Natural Science Foundation of China""","award.number:29803006,award.funder:501100001809","site:edu.cn OR site:ac.cn ""29803006""",queued,false,bibliographic/aggregator evidence only; API channels may share provenance; no PI or project fact inferred,200,0,0,200,0,0,0,0,200,200,,0,no_match_all_sources,E_negative_probe_only,,,,,not_checked,true,exact_web_and_institution_search,,2026-08-27T07:57:16+00:00,bibliographic/aggregator evidence only; API channels may share provenance; no PI or project fact inferred,/home/runner/work/PolyFT/PolyFT/downloaded-remaining/nsfc-be-probe-batch-004
B,29862004,1998,regional,B07,1998|regional|B07|29862|3,0.800000,P3,true,manual_context_review_before_probe,"""29862004""","""29862004"" ""National Natural Science Foundation of China""","award.number:29862004,award.funder:501100001809","site:edu.cn OR site:ac.cn ""29862004""",queued,false,bibliographic/aggregator evidence only; API channels may share provenance; no PI or project fact inferred,200,0,0,200,0,0,0,0,200,200,,0,no_match_all_sources,E_negative_probe_only,,,,,not_checked,true,exact_web_and_institution_search,,2026-08-27T07:58:42+00:00,bibliographic/aggregator evidence only; API channels may share provenance; no PI or project fact inferred,/home/runner/work/PolyFT/PolyFT/downloaded-remaining/nsfc-be-probe-batch-005
B,29875007,1998,general,B04,1998|general|B04|29875|3,0.916667,P3,true,manual_context_review_before_probe,"""29875007""","""29875007"" ""National Natural Science Foundation of China""","award.number:29875007,award.funder:501100001809","site:edu.cn OR site:ac.cn ""29875007""",queued,false,bibliographic/aggregator evidence only; API channels may share provenance; no PI or project fact inferred,200,0,0,200,0,0,0,0,200,200,,0,no_match_all_sources,E_negative_probe_only,,,,,not_checked,true,exact_web_and_institution_search,,2026-08-27T07:50:51+00:00,bibliographic/aggregator evidence only; API channels may share provenance; no PI or project fact inferred,/home/runner/work/PolyFT/PolyFT/downloaded-remaining/nsfc-be-probe-batch-003
B,29875013,1998,general,B04,1998|general|B04|29875|3,0.916667,P3,true,manual_context_review_before_probe,"""29875013""","""29875013"" ""National Natural Science Foundation of China""","award.number:29875013,award.funder:501100001809","site:edu.cn OR site:ac.cn ""29875013""",queued,false,bibliographic/aggregator evidence only; API channels may share provenance; no PI or project fact inferred,200,0,0,200,0,0,0,0,200,200,,0,no_match_all_sources,E_negative_probe_only,,,,,not_checked,true,exact_web_and_institution_search,,2026-08-27T07:50:51+00:00,bibliographic/aggregator evidence only; API channels may share provenance; no PI or project fact inferred,/home/runner/work/PolyFT/PolyFT/downloaded-remaining/nsfc-be-probe-batch-003
B,29875029,1998,general,B04,1998|general|B04|29875|3,0.916667,P3,true,manual_context_review_before_probe,"""29875029""","""29875029"" ""National Natural Science Foundation of China""","award.number:29875029,award.funder:501100001809","site:edu.cn OR site:ac.cn ""29875029""",queued,false,bibliographic/aggregator evidence only; API channels may share provenance; no PI or project fact inferred,200,0,0,200,0,0,0,0,200,200,,0,no_match_all_sources,E_negative_probe_only,,,,,not_checked,true,exact_web_and_institution_search,,2026-08-27T07:50:51+00:00,bibliographic/aggregator evidence only; API channels may share provenance; no PI or project fact inferred,/home/runner/work/PolyFT/PolyFT/downloaded-remaining/nsfc-be-probe-batch-003
B,29876008,1998,general,B08,1998|general|B08|29876|3,0.978723,P3,true,manual_context_review_before_probe,"""29876008""","""29876008"" ""National Natural Science Foundation of China""","award.number:29876008,award.funder:501100001809","site:edu.cn OR site:ac.cn ""29876008""",queued,false,bibliographic/aggregator evidence only; API channels may share provenance; no PI or project fact inferred,200,0,0,200,0,0,0,0,200,200,,0,no_match_all_sources,E_negative_probe_only,,,,,not_checked,true,exact_web_and_institution_search,,2026-08-27T07:50:12+00:00,bibliographic/aggregator evidence only; API channels may share provenance; no PI or project fact inferred,/home/runner/work/PolyFT/PolyFT/downloaded-remaining/nsfc-be-probe-batch-002
B,29903010,1999,youth_c,B02,1999|youth_c|B02|29903|3,0.909091,P3,true,manual_context_review_before_probe,"""29903010""","""29903010"" ""National Natural Science Foundation of China""","award.number:29903010,award.funder:501100001809","site:edu.cn OR site:ac.cn ""29903010""",queued,false,bibliographic/aggregator evidence only; API channels may share provenance; no PI or project fact inferred,200,0,0,200,0,0,0,0,200,200,,0,no_match_all_sources,E_negative_probe_only,,,,,not_checked,true,exact_web_and_institution_search,,2026-08-27T07:50:51+00:00,bibliographic/aggregator evidence only; API channels may share provenance; no PI or project fact inferred,/home/runner/work/PolyFT/PolyFT/downloaded-remaining/nsfc-be-probe-batch-003
B,29975004,1999,general,B04,1999|general|B04|29975|3,0.878788,P3,true,manual_context_review_before_probe,"""29975004""","""29975004"" ""National Natural Science Foundation of China""","award.number:29975004,award.funder:501100001809","site:edu.cn OR site:ac.cn ""29975004""",queued,false,bibliographic/aggregator evidence only; API channels may share provenance; no PI or project fact inferred,200,0,0,200,0,0,0,0,200,200,,0,no_match_all_sources,E_negative_probe_only,,,,,not_checked,true,exact_web_and_institution_search,,2026-08-27T07:50:51+00:00,bibliographic/aggregator evidence only; API channels may share provenance; no PI or project fact inferred,/home/runner/work/PolyFT/PolyFT/downloaded-remaining/nsfc-be-probe-batch-003
B,29975007,1999,general,B04,1999|general|B04|29975|3,0.878788,P3,true,manual_context_review_before_probe,"""29975007""","""29975007"" ""National Natural Science Foundation of China""","award.number:29975007,award.funder:501100001809","site:edu.cn OR site:ac.cn ""29975007""",queued,false,bibliographic/aggregator evidence only; API channels may share provenance; no PI or project fact inferred,200,4,4,,0,0,0,0,200,200,crossref,4,confirmed_bibliographic,C_bibliographic,,,,,not_checked,true,official_or_institutional_confirmation,,2026-08-27T07:50:51+00:00,bibliographic/aggregator evidence only; API channels may share provenance; no PI or project fact inferred,/home/runner/work/PolyFT/PolyFT/downloaded-remaining/nsfc-be-probe-batch-003
B,29975019,1999,general,B04,1999|general|B04|29975|3,0.878788,P3,true,manual_context_review_before_probe,"""29975019""","""29975019"" ""National Natural Science Foundation of China""","award.number:29975019,award.funder:501100001809","site:edu.cn OR site:ac.cn ""29975019""",queued,false,bibliographic/aggregator evidence only; API channels may share provenance; no PI or project fact inferred,200,0,0,200,0,0,0,0,200,200,,0,no_match_all_sources,E_negative_probe_only,,,,,not_checked,true,exact_web_and_institution_search,,2026-08-27T07:50:51+00:00,bibliographic/aggregator evidence only; API channels may share provenance; no PI or project fact inferred,/home/runner/work/PolyFT/PolyFT/downloaded-remaining/nsfc-be-probe-batch-003
B,29975027,1999,general,B04,1999|general|B04|29975|3,0.878788,P3,true,manual_context_review_before_probe,"""29975027""","""29975027"" ""National Natural Science Foundation of China""","award.number:29975027,award.funder:501100001809","site:edu.cn OR site:ac.cn ""29975027""",queued,false,bibliographic/aggregator evidence only; API channels may share provenance; no PI or project fact inferred,200,0,0,200,0,0,0,0,200,200,,0,no_match_all_sources,E_negative_probe_only,,,,,not_checked,true,exact_web_and_institution_search,,2026-08-27T07:50:51+00:00,bibliographic/aggregator evidence only; API channels may share provenance; no PI or project fact inferred,/home/runner/work/PolyFT/PolyFT/downloaded-remaining/nsfc-be-probe-batch-003
E,50078017,2000,general,E08,2000|general|E08|50078|3,0.800000,P3,true,manual_context_review_before_probe,"""50078017""","""50078017"" ""National Natural Science Foundation of China""","award.number:50078017,award.funder:501100001809","site:edu.cn OR site:ac.cn ""50078017""",queued,false,bibliographic/aggregator evidence only; API channels may share provenance; no PI or project fact inferred,200,0,0,200,0,0,0,0,200,200,,0,no_match_all_sources,E_negative_probe_only,,,,,not_checked,true,exact_web_and_institution_search,,2026-08-27T07:58:42+00:00,bibliographic/aggregator evidence only; API channels may share provenance; no PI or project fact inferred,/home/runner/work/PolyFT/PolyFT/downloaded-remaining/nsfc-be-probe-batch-005
E,50078022,2000,general,E08,2000|general|E08|50078|3,0.800000,P3,true,manual_context_review_before_probe,"""50078022""","""50078022"" ""National Natural Science Foundation of China""","award.number:50078022,award.funder:501100001809","site:edu.cn OR site:ac.cn ""50078022""",queued,false,bibliographic/aggregator evidence only; API channels may share provenance; no PI or project fact inferred,200,0,0,200,0,0,0,0,200,200,,0,no_match_all_sources,E_negative_probe_only,,,,,not_checked,true,exact_web_and_institution_search,,2026-08-27T07:58:42+00:00,bibliographic/aggregator evidence only; API channels may share provenance; no PI or project fact inferred,/home/runner/work/PolyFT/PolyFT/downloaded-remaining/nsfc-be-probe-batch-005
E,50078026,2000,general,E08,2000|general|E08|50078|3,0.800000,P3,true,manual_context_review_before_probe,"""50078026""","""50078026"" ""National Natural Science Foundation of China""","award.number:50078026,award.funder:501100001809","site:edu.cn OR site:ac.cn ""50078026""",queued,false,bibliographic/aggregator evidence only; API channels may share provenance; no PI or project fact inferred,200,0,0,200,0,0,0,0,200,200,,0,no_match_all_sources,E_negative_probe_only,,,,,not_checked,true,exact_web_and_institution_search,,2026-08-27T07:58:42+00:00,bibliographic/aggregator evidence only; API channels may share provenance; no PI or project fact inferred,/home/runner/work/PolyFT/PolyFT/downloaded-remaining/nsfc-be-probe-batch-005
E,50078027,2000,general,E08,2000|general|E08|50078|3,0.800000,P3,true,manual_context_review_before_probe,"""50078027""","""50078027"" ""National Natural Science Foundation of China""","award.number:50078027,award.funder:501100001809","site:edu.cn OR site:ac.cn ""50078027""",queued,false,bibliographic/aggregator evidence only; API channels may share provenance; no PI or project fact inferred,200,0,0,200,0,0,0,0,200,200,,0,no_match_all_sources,E_negative_probe_only,,,,,not_checked,true,exact_web_and_institution_search,,2026-08-27T07:58:42+00:00,bibliographic/aggregator evidence only; API channels may share provenance; no PI or project fact inferred,/home/runner/work/PolyFT/PolyFT/downloaded-remaining/nsfc-be-probe-batch-005
E,50078034,2000,general,E08,2000|general|E08|50078|3,0.800000,P3,true,manual_context_review_before_probe,"""50078034""","""50078034"" ""National Natural Science Foundation of China""","award.number:50078034,award.funder:501100001809","site:edu.cn OR site:ac.cn ""50078034""",queued,false,bibliographic/aggregator evidence only; API channels may share provenance; no PI or project fact inferred,200,0,0,200,0,0,0,0,200,200,,0,no_match_all_sources,E_negative_probe_only,,,,,not_checked,true,exact_web_and_institution_search,,2026-08-27T07:58:42+00:00,bibliographic/aggregator evidence only; API channels may share provenance; no PI or project fact inferred,/home/runner/work/PolyFT/PolyFT/downloaded-remaining/nsfc-be-probe-batch-005
E,50078039,2000,general,E08,2000|general|E08|50078|3,0.800000,P3,true,manual_context_review_before_probe,"""50078039""","""50078039"" ""National Natural Science Foundation of China""","award.number:50078039,award.funder:501100001809","site:edu.cn OR site:ac.cn ""50078039""",queued,false,bibliographic/aggregator evidence only; API channels may share provenance; no PI or project fact inferred,200,0,0,200,0,0,0,0,200,200,,0,no_match_all_sources,E_negative_probe_only,,,,,not_checked,true,exact_web_and_institution_search,,2026-08-27T07:58:42+00:00,bibliographic/aggregator evidence only; API channels may share provenance; no PI or project fact inferred,/home/runner/work/PolyFT/PolyFT/downloaded-remaining/nsfc-be-probe-batch-005
E,50078043,2000,general,E08,2000|general|E08|50078|3,0.800000,P3,true,manual_context_review_before_probe,"""50078043""","""50078043"" ""National Natural Science Foundation of China""","award.number:50078043,award.funder:501100001809","site:edu.cn OR site:ac.cn ""50078043""",queued,false,bibliographic/aggregator evidence only; API channels may share provenance; no PI or project fact inferred,200,0,0,200,0,0,0,0,200,200,,0,no_match_all_sources,E_negative_probe_only,,,,,not_checked,true,exact_web_and_institution_search,,2026-08-27T07:58:42+00:00,bibliographic/aggregator evidence only; API channels may share provenance; no PI or project fact inferred,/home/runner/work/PolyFT/PolyFT/downloaded-remaining/nsfc-be-probe-batch-005
E,50078048,2000,general,E08,2000|general|E08|50078|3,0.800000,P3,true,manual_context_review_before_probe,"""50078048""","""50078048"" ""National Natural Science Foundation of China""","award.number:50078048,award.funder:501100001809","site:edu.cn OR site:ac.cn ""50078048""",queued,false,bibliographic/aggregator evidence only; API channels may share provenance; no PI or project fact inferred,200,0,0,200,0,0,0,0,200,200,,0,no_match_all_sources,E_negative_probe_only,,,,,not_checked,true,exact_web_and_institution_search,,2026-08-27T07:58:42+00:00,bibliographic/aggregator evidence only; API channels may share provenance; no PI or project fact inferred,/home/runner/work/PolyFT/PolyFT/downloaded-remaining/nsfc-be-probe-batch-005
E,50078051,2000,general,E08,2000|general|E08|50078|3,0.800000,P3,true,manual_context_review_before_probe,"""50078051""","""50078051"" ""National Natural Science Foundation of China""","award.number:50078051,award.funder:501100001809","site:edu.cn OR site:ac.cn ""50078051""",queued,false,bibliographic/aggregator evidence only; API channels may share provenance; no PI or project fact inferred,200,0,0,200,1,1,0,0,200,200,,0,award_number_only,D_award_only,,,,,not_checked,true,exact_web_and_institution_search,,2026-08-27T07:58:42+00:00,bibliographic/aggregator evidence only; API channels may share provenance; no PI or project fact inferred,/home/runner/work/PolyFT/PolyFT/downloaded-remaining/nsfc-be-probe-batch-005
E,50078052,2000,general,E08,2000|general|E08|50078|3,0.800000,P3,true,manual_context_review_before_probe,"""50078052""","""50078052"" ""National Natural Science Foundation of China""","award.number:50078052,award.funder:501100001809","site:edu.cn OR site:ac.cn ""50078052""",queued,false,bibliographic/aggregator evidence only; API channels may share provenance; no PI or project fact inferred,200,0,0,200,0,0,0,0,200,200,,0,no_match_all_sources,E_negative_probe_only,,,,,not_checked,true,exact_web_and_institution_search,,2026-08-27T07:58:42+00:00,bibliographic/aggregator evidence only; API channels may share provenance; no PI or project fact inferred,/home/runner/work/PolyFT/PolyFT/downloaded-remaining/nsfc-be-probe-batch-005
E,50078053,2000,general,E08,2000|general|E08|50078|3,0.800000,P3,true,manual_context_review_before_probe,"""50078053""","""50078053"" ""National Natural Science Foundation of China""","award.number:50078053,award.funder:501100001809","site:edu.cn OR site:ac.cn ""50078053""",queued,false,bibliographic/aggregator evidence only; API channels may share provenance; no PI or project fact inferred,200,0,0,200,0,0,0,0,200,200,,0,no_match_all_sources,E_negative_probe_only,,,,,not_checked,true,exact_web_and_institution_search,,2026-08-27T07:58:42+00:00,bibliographic/aggregator evidence only; API channels may share provenance; no PI or project fact inferred,/home/runner/work/PolyFT/PolyFT/downloaded-remaining/nsfc-be-probe-batch-005
E,50079010,2000,general,E09,2000|general|E09|50079|3,0.838710,P3,true,manual_context_review_before_probe,"""50079010""","""50079010"" ""National Natural Science Foundation of China""","award.number:50079010,award.funder:501100001809","site:edu.cn OR site:ac.cn ""50079010""",queued,false,bibliographic/aggregator evidence only; API channels may share provenance; no PI or project fact inferred,200,0,0,200,0,0,0,0,200,200,,0,no_match_all_sources,E_negative_probe_only,,,,,not_checked,true,exact_web_and_institution_search,,2026-08-27T07:57:16+00:00,bibliographic/aggregator evidence only; API channels may share provenance; no PI or project fact inferred,/home/runner/work/PolyFT/PolyFT/downloaded-remaining/nsfc-be-probe-batch-004
E,50079013,2000,general,E09,2000|general|E09|50079|3,0.838710,P3,true,manual_context_review_before_probe,"""50079013""","""50079013"" ""National Natural Science Foundation of China""","award.number:50079013,award.funder:501100001809","site:edu.cn OR site:ac.cn ""50079013""",queued,false,bibliographic/aggregator evidence only; API channels may share provenance; no PI or project fact inferred,200,0,0,200,0,0,0,0,200,200,,0,no_match_all_sources,E_negative_probe_only,,,,,not_checked,true,exact_web_and_institution_search,,2026-08-27T07:57:16+00:00,bibliographic/aggregator evidence only; API channels may share provenance; no PI or project fact inferred,/home/runner/work/PolyFT/PolyFT/downloaded-remaining/nsfc-be-probe-batch-004
E,50079015,2000,general,E09,2000|general|E09|50079|3,0.838710,P3,true,manual_context_review_before_probe,"""50079015""","""50079015"" ""National Natural Science Foundation of China""","award.number:50079015,award.funder:501100001809","site:edu.cn OR site:ac.cn ""50079015""",queued,false,bibliographic/aggregator evidence only; API channels may share provenance; no PI or project fact inferred,200,0,0,200,0,0,0,0,200,200,,0,no_match_all_sources,E_negative_probe_only,,,,,not_checked,true,exact_web_and_institution_search,,2026-08-27T07:57:16+00:00,bibliographic/aggregator evidence only; API channels may share provenance; no PI or project fact inferred,/home/runner/work/PolyFT/PolyFT/downloaded-remaining/nsfc-be-probe-batch-004
E,50079019,2000,general,E09,2000|general|E09|50079|3,0.838710,P3,true,manual_context_review_before_probe,"""50079019""","""50079019"" ""National Natural Science Foundation of China""","award.number:50079019,award.funder:501100001809","site:edu.cn OR site:ac.cn ""50079019""",queued,false,bibliographic/aggregator evidence only; API channels may share provenance; no PI or project fact inferred,200,0,0,200,0,0,0,0,200,200,,0,no_match_all_sources,E_negative_probe_only,,,,,not_checked,true,exact_web_and_institution_search,,2026-08-27T07:57:16+00:00,bibliographic/aggregator evidence only; API channels may share provenance; no PI or project fact inferred,/home/runner/work/PolyFT/PolyFT/downloaded-remaining/nsfc-be-probe-batch-004
E,50079022,2000,general,E09,2000|general|E09|50079|3,0.838710,P3,true,manual_context_review_before_probe,"""50079022""","""50079022"" ""National Natural Science Foundation of China""","award.number:50079022,award.funder:501100001809","site:edu.cn OR site:ac.cn ""50079022""",queued,false,bibliographic/aggregator evidence only; API channels may share provenance; no PI or project fact inferred,200,0,0,200,0,0,0,0,200,200,,0,no_match_all_sources,E_negative_probe_only,,,,,not_checked,true,exact_web_and_institution_search,,2026-08-27T07:57:16+00:00,bibliographic/aggregator evidence only; API channels may share provenance; no PI or project fact inferred,/home/runner/work/PolyFT/PolyFT/downloaded-remaining/nsfc-be-probe-batch-004
E,50101002,2001,youth_c,E01,2001|youth_c|E01|50101|3,0.916667,P3,false,low_rate_probe,"""50101002""","""50101002"" ""National Natural Science Foundation of China""","award.number:50101002,award.funder:501100001809","site:edu.cn OR site:ac.cn ""50101002""",queued,false,bibliographic/aggregator evidence only; API channels may share provenance; no PI or project fact inferred,200,0,0,200,0,0,0,0,200,200,,0,no_match_all_sources,E_negative_probe_only,,,,,not_checked,true,exact_web_and_institution_search,,2026-08-27T07:50:51+00:00,bibliographic/aggregator evidence only; API channels may share provenance; no PI or project fact inferred,/home/runner/work/PolyFT/PolyFT/downloaded-remaining/nsfc-be-probe-batch-003
E,50103012,2001,youth_c,E03,2001|youth_c|E03|50103|3,0.916667,P3,false,low_rate_probe,"""50103012""","""50103012"" ""National Natural Science Foundation of China""","award.number:50103012,award.funder:501100001809","site:edu.cn OR site:ac.cn ""50103012""",queued,false,bibliographic/aggregator evidence only; API channels may share provenance; no PI or project fact inferred,200,1,1,,0,0,0,0,200,200,crossref,1,confirmed_bibliographic,C_bibliographic,,,,,not_checked,true,official_or_institutional_confirmation,,2026-08-27T07:50:51+00:00,bibliographic/aggregator evidence only; API channels may share provenance; no PI or project fact inferred,/home/runner/work/PolyFT/PolyFT/downloaded-remaining/nsfc-be-probe-batch-003
E,50106005,2001,youth_c,E06,2001|youth_c|E06|50106|3,0.941176,P3,false,low_rate_probe,"""50106005""","""50106005"" ""National Natural Science Foundation of China""","award.number:50106005,award.funder:501100001809","site:edu.cn OR site:ac.cn ""50106005""",queued,false,bibliographic/aggregator evidence only; API channels may share provenance; no PI or project fact inferred,200,0,0,200,0,0,0,0,200,200,,0,no_match_all_sources,E_negative_probe_only,,,,,not_checked,true,exact_web_and_institution_search,,2026-08-27T07:50:51+00:00,bibliographic/aggregator evidence only; API channels may share provenance; no PI or project fact inferred,/home/runner/work/PolyFT/PolyFT/downloaded-remaining/nsfc-be-probe-batch-003
E,50108007,2001,youth_c,E08,2001|youth_c|E08|50108|3,0.823529,P3,true,manual_context_review_before_probe,"""50108007""","""50108007"" ""National Natural Science Foundation of China""","award.number:50108007,award.funder:501100001809","site:edu.cn OR site:ac.cn ""50108007""",queued,false,bibliographic/aggregator evidence only; API channels may share provenance; no PI or project fact inferred,200,0,0,200,0,0,0,0,200,200,,0,no_match_all_sources,E_negative_probe_only,,,,,not_checked,true,exact_web_and_institution_search,,2026-08-27T07:58:42+00:00,bibliographic/aggregator evidence only; API channels may share provenance; no PI or project fact inferred,/home/runner/work/PolyFT/PolyFT/downloaded-remaining/nsfc-be-probe-batch-005
E,50108009,2001,youth_c,E08,2001|youth_c|E08|50108|3,0.823529,P3,true,manual_context_review_before_probe,"""50108009""","""50108009"" ""National Natural Science Foundation of China""","award.number:50108009,award.funder:501100001809","site:edu.cn OR site:ac.cn ""50108009""",queued,false,bibliographic/aggregator evidence only; API channels may share provenance; no PI or project fact inferred,200,1,1,,0,0,0,0,200,200,crossref,1,confirmed_bibliographic,C_bibliographic,,,,,not_checked,true,official_or_institutional_confirmation,,2026-08-27T07:58:42+00:00,bibliographic/aggregator evidence only; API channels may share provenance; no PI or project fact inferred,/home/runner/work/PolyFT/PolyFT/downloaded-remaining/nsfc-be-probe-batch-005
E,50108016,2001,youth_c,E08,2001|youth_c|E08|50108|3,0.823529,P3,true,manual_context_review_before_probe,"""50108016""","""50108016"" ""National Natural Science Foundation of China""","award.number:50108016,award.funder:501100001809","site:edu.cn OR site:ac.cn ""50108016""",queued,false,bibliographic/aggregator evidence only; API channels may share provenance; no PI or project fact inferred,200,0,0,200,0,0,0,0,200,200,,0,no_match_all_sources,E_negative_probe_only,,,,,not_checked,true,exact_web_and_institution_search,,2026-08-27T07:58:42+00:00,bibliographic/aggregator evidence only; API channels may share provenance; no PI or project fact inferred,/home/runner/work/PolyFT/PolyFT/downloaded-remaining/nsfc-be-probe-batch-005
E,50171004,2001,general,E01,2001|general|E01|50171|3,0.924051,P3,false,low_rate_probe,"""50171004""","""50171004"" ""National Natural Science Foundation of China""","award.number:50171004,award.funder:501100001809","site:edu.cn OR site:ac.cn ""50171004""",queued,false,bibliographic/aggregator evidence only; API channels may share provenance; no PI or project fact inferred,200,0,0,200,0,0,0,0,200,200,,0,no_match_all_sources,E_negative_probe_only,,,,,not_checked,true,exact_web_and_institution_search,,2026-08-27T07:50:51+00:00,bibliographic/aggregator evidence only; API channels may share provenance; no PI or project fact inferred,/home/runner/work/PolyFT/PolyFT/downloaded-remaining/nsfc-be-probe-batch-003
E,50171007,2001,general,E01,2001|general|E01|50171|3,0.924051,P3,false,low_rate_probe,"""50171007""","""50171007"" ""National Natural Science Foundation of China""","award.number:50171007,award.funder:501100001809","site:edu.cn OR site:ac.cn ""50171007""",queued,false,bibliographic/aggregator evidence only; API channels may share provenance; no PI or project fact inferred,200,0,0,200,0,0,0,0,200,200,,0,no_match_all_sources,E_negative_probe_only,,,,,not_checked,true,exact_web_and_institution_search,,2026-08-27T07:50:51+00:00,bibliographic/aggregator evidence only; API channels may share provenance; no PI or project fact inferred,/home/runner/work/PolyFT/PolyFT/downloaded-remaining/nsfc-be-probe-batch-003
E,50171014,2001,general,E01,2001|general|E01|50171|3,0.924051,P3,false,low_rate_probe,"""50171014""","""50171014"" ""National Natural Science Foundation of China""","award.number:50171014,award.funder:501100001809","site:edu.cn OR site:ac.cn ""50171014""",queued,false,bibliographic/aggregator evidence only; API channels may share provenance; no PI or project fact inferred,200,0,0,200,0,0,0,0,200,200,,0,no_match_all_sources,E_negative_probe_only,,,,,not_checked,true,exact_web_and_institution_search,,2026-08-27T07:50:51+00:00,bibliographic/aggregator evidence only; API channels may share provenance; no PI or project fact inferred,/home/runner/work/PolyFT/PolyFT/downloaded-remaining/nsfc-be-probe-batch-003
E,50171038,2001,general,E01,2001|general|E01|50171|3,0.924051,P3,false,low_rate_probe,"""50171038""","""50171038"" ""National Natural Science Foundation of China""","award.number:50171038,award.funder:501100001809","site:edu.cn OR site:ac.cn ""50171038""",queued,false,bibliographic/aggregator evidence only; API channels may share provenance; no PI or project fact inferred,200,0,0,200,0,0,0,0,200,200,,0,no_match_all_sources,E_negative_probe_only,,,,,not_checked,true,exact_web_and_institution_search,,2026-08-27T07:50:51+00:00,bibliographic/aggregator evidence only; API channels may share provenance; no PI or project fact inferred,/home/runner/work/PolyFT/PolyFT/downloaded-remaining/nsfc-be-probe-batch-003
E,50171040,2001,general,E01,2001|general|E01|50171|3,0.924051,P3,false,low_rate_probe,"""50171040""","""50171040"" ""National Natural Science Foundation of China""","award.number:50171040,award.funder:501100001809","site:edu.cn OR site:ac.cn ""50171040""",queued,false,bibliographic/aggregator evidence only; API channels may share provenance; no PI or project fact inferred,200,0,0,200,0,0,0,0,200,200,,0,no_match_all_sources,E_negative_probe_only,,,,,not_checked,true,exact_web_and_institution_search,,2026-08-27T07:50:51+00:00,bibliographic/aggregator evidence only; API channels may share provenance; no PI or project fact inferred,/home/runner/work/PolyFT/PolyFT/downloaded-remaining/nsfc-be-probe-batch-003
E,50171053,2001,general,E01,2001|general|E01|50171|3,0.924051,P3,false,low_rate_probe,"""50171053""","""50171053"" ""National Natural Science Foundation of China""","award.number:50171053,award.funder:501100001809","site:edu.cn OR site:ac.cn ""50171053""",queued,false,bibliographic/aggregator evidence only; API channels may share provenance; no PI or project fact inferred,200,0,0,200,0,0,0,0,200,200,,0,no_match_all_sources,E_negative_probe_only,,,,,not_checked,true,exact_web_and_institution_search,,2026-08-27T07:50:51+00:00,bibliographic/aggregator evidence only; API channels may share provenance; no PI or project fact inferred,/home/runner/work/PolyFT/PolyFT/downloaded-remaining/nsfc-be-probe-batch-003
E,50172002,2001,general,E02,2001|general|E02|50172|3,0.952381,P2,false,next_probe_batch,"""50172002""","""50172002"" ""National Natural Science Foundation of China""","award.number:50172002,award.funder:501100001809","site:edu.cn OR site:ac.cn ""50172002""",queued,false,bibliographic/aggregator evidence only; API channels may share provenance; no PI or project fact inferred,200,0,0,200,0,0,0,0,200,200,,0,no_match_all_sources,E_negative_probe_only,,,,,not_checked,true,exact_web_and_institution_search,,2026-08-27T07:50:12+00:00,bibliographic/aggregator evidence only; API channels may share provenance; no PI or project fact inferred,/home/runner/work/PolyFT/PolyFT/downloaded-remaining/nsfc-be-probe-batch-002
E,50172004,2001,general,E02,2001|general|E02|50172|3,0.952381,P2,false,next_probe_batch,"""50172004""","""50172004"" ""National Natural Science Foundation of China""","award.number:50172004,award.funder:501100001809","site:edu.cn OR site:ac.cn ""50172004""",queued,false,bibliographic/aggregator evidence only; API channels may share provenance; no PI or project fact inferred,200,0,0,200,0,0,0,0,200,200,,0,no_match_all_sources,E_negative_probe_only,,,,,not_checked,true,exact_web_and_institution_search,,2026-08-27T07:50:12+00:00,bibliographic/aggregator evidence only; API channels may share provenance; no PI or project fact inferred,/home/runner/work/PolyFT/PolyFT/downloaded-remaining/nsfc-be-probe-batch-002
E,50172009,2001,general,E02,2001|general|E02|50172|3,0.952381,P2,false,next_probe_batch,"""50172009""","""50172009"" ""National Natural Science Foundation of China""","award.number:50172009,award.funder:501100001809","site:edu.cn OR site:ac.cn ""50172009""",queued,false,bibliographic/aggregator evidence only; API channels may share provenance; no PI or project fact inferred,200,0,0,200,0,0,0,0,200,200,,0,no_match_all_sources,E_negative_probe_only,,,,,not_checked,true,exact_web_and_institution_search,,2026-08-27T07:50:12+00:00,bibliographic/aggregator evidence only; API channels may share provenance; no PI or project fact inferred,/home/runner/work/PolyFT/PolyFT/downloaded-remaining/nsfc-be-probe-batch-002
E,50173004,2001,general,E03,2001|general|E03|50173|3,0.970588,P2,false,next_probe_batch,"""50173004""","""50173004"" ""National Natural Science Foundation of China""","award.number:50173004,award.funder:501100001809","site:edu.cn OR site:ac.cn ""50173004""",queued,true,bibliographic/aggregator evidence only; API channels may share provenance; no PI or project fact inferred,200,0,0,200,0,0,0,0,200,200,,0,no_match_all_sources,E_negative_probe_only,,,,,not_checked,true,exact_web_and_institution_search,,2026-08-27T07:33:47+00:00,bibliographic/aggregator evidence only; API channels may share provenance; no PI or project fact inferred,/home/runner/work/PolyFT/PolyFT/extracted-first/nsfc-be-probe-batch-001
E,50175010,2001,general,E05,2001|general|E05|50175|3,0.982456,P1,false,immediate_probe,"""50175010""","""50175010"" ""National Natural Science Foundation of China""","award.number:50175010,award.funder:501100001809","site:edu.cn OR site:ac.cn ""50175010""",queued,true,bibliographic/aggregator evidence only; API channels may share provenance; no PI or project fact inferred,200,0,0,200,0,0,0,0,200,200,,0,no_match_all_sources,E_negative_probe_only,,,,,not_checked,true,exact_web_and_institution_search,,2026-08-27T07:33:47+00:00,bibliographic/aggregator evidence only; API channels may share provenance; no PI or project fact inferred,/home/runner/work/PolyFT/PolyFT/extracted-first/nsfc-be-probe-batch-001
E,50175104,2001,general,E05,2001|general|E05|50175|3,0.982456,P1,false,immediate_probe,"""50175104""","""50175104"" ""National Natural Science Foundation of China""","award.number:50175104,award.funder:501100001809","site:edu.cn OR site:ac.cn ""50175104""",queued,true,bibliographic/aggregator evidence only; API channels may share provenance; no PI or project fact inferred,200,0,0,200,0,0,0,0,200,200,,0,no_match_all_sources,E_negative_probe_only,,,,,not_checked,true,exact_web_and_institution_search,,2026-08-27T07:33:47+00:00,bibliographic/aggregator evidence only; API channels may share provenance; no PI or project fact inferred,/home/runner/work/PolyFT/PolyFT/extracted-first/nsfc-be-probe-batch-001
E,50176006,2001,general,E06,2001|general|E06|50176|3,0.928571,P3,false,low_rate_probe,"""50176006""","""50176006"" ""National Natural Science Foundation of China""","award.number:50176006,award.funder:501100001809","site:edu.cn OR site:ac.cn ""50176006""",queued,false,bibliographic/aggregator evidence only; API channels may share provenance; no PI or project fact inferred,200,0,0,200,0,0,0,0,200,200,,0,no_match_all_sources,E_negative_probe_only,,,,,not_checked,true,exact_web_and_institution_search,,2026-08-27T07:50:51+00:00,bibliographic/aggregator evidence only; API channels may share provenance; no PI or project fact inferred,/home/runner/work/PolyFT/PolyFT/downloaded-remaining/nsfc-be-probe-batch-003
E,50176014,2001,general,E06,2001|general|E06|50176|3,0.928571,P3,false,low_rate_probe,"""50176014""","""50176014"" ""National Natural Science Foundation of China""","award.number:50176014,award.funder:501100001809","site:edu.cn OR site:ac.cn ""50176014""",queued,false,bibliographic/aggregator evidence only; API channels may share provenance; no PI or project fact inferred,200,0,0,200,0,0,0,0,200,200,,0,no_match_all_sources,E_negative_probe_only,,,,,not_checked,true,exact_web_and_institution_search,,2026-08-27T07:50:51+00:00,bibliographic/aggregator evidence only; API channels may share provenance; no PI or project fact inferred,/home/runner/work/PolyFT/PolyFT/downloaded-remaining/nsfc-be-probe-batch-003
E,50176037,2001,general,E06,2001|general|E06|50176|3,0.928571,P3,false,low_rate_probe,"""50176037""","""50176037"" ""National Natural Science Foundation of China""","award.number:50176037,award.funder:501100001809","site:edu.cn OR site:ac.cn ""50176037""",queued,false,bibliographic/aggregator evidence only; API channels may share provenance; no PI or project fact inferred,200,0,0,200,0,0,0,0,200,200,,0,no_match_all_sources,E_negative_probe_only,,,,,not_checked,true,exact_web_and_institution_search,,2026-08-27T07:50:51+00:00,bibliographic/aggregator evidence only; API channels may share provenance; no PI or project fact inferred,/home/runner/work/PolyFT/PolyFT/downloaded-remaining/nsfc-be-probe-batch-003
E,50176052,2001,general,E06,2001|general|E06|50176|3,0.928571,P3,false,low_rate_probe,"""50176052""","""50176052"" ""National Natural Science Foundation of China""","award.number:50176052,award.funder:501100001809","site:edu.cn OR site:ac.cn ""50176052""",queued,false,bibliographic/aggregator evidence only; API channels may share provenance; no PI or project fact inferred,200,0,0,200,0,0,0,0,200,200,,0,no_match_all_sources,E_negative_probe_only,,,,,not_checked,true,exact_web_and_institution_search,,2026-08-27T07:50:51+00:00,bibliographic/aggregator evidence only; API channels may share provenance; no PI or project fact inferred,/home/runner/work/PolyFT/PolyFT/downloaded-remaining/nsfc-be-probe-batch-003
E,50177020,2001,general,E07,2001|general|E07|50177|3,0.965517,P2,false,next_probe_batch,"""50177020""","""50177020"" ""National Natural Science Foundation of China""","award.number:50177020,award.funder:501100001809","site:edu.cn OR site:ac.cn ""50177020""",queued,true,bibliographic/aggregator evidence only; API channels may share provenance; no PI or project fact inferred,200,0,0,200,0,0,0,0,200,200,,0,no_match_all_sources,E_negative_probe_only,,,,,not_checked,true,exact_web_and_institution_search,,2026-08-27T07:33:47+00:00,bibliographic/aggregator evidence only; API channels may share provenance; no PI or project fact inferred,/home/runner/work/PolyFT/PolyFT/extracted-first/nsfc-be-probe-batch-001
E,50179004,2001,general,E09,2001|general|E09|50179|3,0.820513,P3,true,manual_context_review_before_probe,"""50179004""","""50179004"" ""National Natural Science Foundation of China""","award.number:50179004,award.funder:501100001809","site:edu.cn OR site:ac.cn ""50179004""",queued,false,bibliographic/aggregator evidence only; API channels may share provenance; no PI or project fact inferred,200,0,0,200,0,0,0,0,200,200,,0,no_match_all_sources,E_negative_probe_only,,,,,not_checked,true,exact_web_and_institution_search,,2026-08-27T07:58:42+00:00,bibliographic/aggregator evidence only; API channels may share provenance; no PI or project fact inferred,/home/runner/work/PolyFT/PolyFT/downloaded-remaining/nsfc-be-probe-batch-005
E,50179005,2001,general,E09,2001|general|E09|50179|3,0.820513,P3,true,manual_context_review_before_probe,"""50179005""","""50179005"" ""National Natural Science Foundation of China""","award.number:50179005,award.funder:501100001809","site:edu.cn OR site:ac.cn ""50179005""",queued,false,bibliographic/aggregator evidence only; API channels may share provenance; no PI or project fact inferred,200,0,0,200,0,0,0,0,200,200,,0,no_match_all_sources,E_negative_probe_only,,,,,not_checked,true,exact_web_and_institution_search,,2026-08-27T07:58:42+00:00,bibliographic/aggregator evidence only; API channels may share provenance; no PI or project fact inferred,/home/runner/work/PolyFT/PolyFT/downloaded-remaining/nsfc-be-probe-batch-005
E,50179010,2001,general,E09,2001|general|E09|50179|3,0.820513,P3,true,manual_context_review_before_probe,"""50179010""","""50179010"" ""National Natural Science Foundation of China""","award.number:50179010,award.funder:501100001809","site:edu.cn OR site:ac.cn ""50179010""",queued,false,bibliographic/aggregator evidence only; API channels may share provenance; no PI or project fact inferred,200,0,0,200,0,0,0,0,200,200,,0,no_match_all_sources,E_negative_probe_only,,,,,not_checked,true,exact_web_and_institution_search,,2026-08-27T07:58:42+00:00,bibliographic/aggregator evidence only; API channels may share provenance; no PI or project fact inferred,/home/runner/work/PolyFT/PolyFT/downloaded-remaining/nsfc-be-probe-batch-005
E,50179011,2001,general,E09,2001|general|E09|50179|3,0.820513,P3,true,manual_context_review_before_probe,"""50179011""","""50179011"" ""National Natural Science Foundation of China""","award.number:50179011,award.funder:501100001809","site:edu.cn OR site:ac.cn ""50179011""",queued,false,bibliographic/aggregator evidence only; API channels may share provenance; no PI or project fact inferred,200,3,3,,0,0,0,0,200,200,crossref,3,confirmed_bibliographic,C_bibliographic,,,,,not_checked,true,official_or_institutional_confirmation,,2026-08-27T07:58:42+00:00,bibliographic/aggregator evidence only; API channels may share provenance; no PI or project fact inferred,/home/runner/work/PolyFT/PolyFT/downloaded-remaining/nsfc-be-probe-batch-005
E,50179014,2001,general,E09,2001|general|E09|50179|3,0.820513,P3,true,manual_context_review_before_probe,"""50179014""","""50179014"" ""National Natural Science Foundation of China""","award.number:50179014,award.funder:501100001809","site:edu.cn OR site:ac.cn ""50179014""",queued,false,bibliographic/aggregator evidence only; API channels may share provenance; no PI or project fact inferred,200,0,0,200,0,0,0,0,200,200,,0,no_match_all_sources,E_negative_probe_only,,,,,not_checked,true,exact_web_and_institution_search,,2026-08-27T07:58:42+00:00,bibliographic/aggregator evidence only; API channels may share provenance; no PI or project fact inferred,/home/runner/work/PolyFT/PolyFT/downloaded-remaining/nsfc-be-probe-batch-005
E,50179024,2001,general,E09,2001|general|E09|50179|3,0.820513,P3,true,manual_context_review_before_probe,"""50179024""","""50179024"" ""National Natural Science Foundation of China""","award.number:50179024,award.funder:501100001809","site:edu.cn OR site:ac.cn ""50179024""",queued,false,bibliographic/aggregator evidence only; API channels may share provenance; no PI or project fact inferred,200,0,0,200,0,0,0,0,200,200,,0,no_match_all_sources,E_negative_probe_only,,,,,not_checked,true,exact_web_and_institution_search,,2026-08-27T07:58:42+00:00,bibliographic/aggregator evidence only; API channels may share provenance; no PI or project fact inferred,/home/runner/work/PolyFT/PolyFT/downloaded-remaining/nsfc-be-probe-batch-005
E,50179027,2001,general,E09,2001|general|E09|50179|3,0.820513,P3,true,manual_context_review_before_probe,"""50179027""","""50179027"" ""National Natural Science Foundation of China""","award.number:50179027,award.funder:501100001809","site:edu.cn OR site:ac.cn ""50179027""",queued,false,bibliographic/aggregator evidence only; API channels may share provenance; no PI or project fact inferred,200,0,0,200,0,0,0,0,200,200,,0,no_match_all_sources,E_negative_probe_only,,,,,not_checked,true,exact_web_and_institution_search,,2026-08-27T07:58:42+00:00,bibliographic/aggregator evidence only; API channels may share provenance; no PI or project fact inferred,/home/runner/work/PolyFT/PolyFT/downloaded-remaining/nsfc-be-probe-batch-005
E,50205026,2002,youth_c,E05,2002|youth_c|E05|50205|3,0.964286,P2,false,next_probe_batch,"""50205026""","""50205026"" ""National Natural Science Foundation of China""","award.number:50205026,award.funder:501100001809","site:edu.cn OR site:ac.cn ""50205026""",queued,true,bibliographic/aggregator evidence only; API channels may share provenance; no PI or project fact inferred,200,0,0,200,0,0,0,0,200,200,,0,no_match_all_sources,E_negative_probe_only,,,,,not_checked,true,exact_web_and_institution_search,,2026-08-27T07:33:47+00:00,bibliographic/aggregator evidence only; API channels may share provenance; no PI or project fact inferred,/home/runner/work/PolyFT/PolyFT/extracted-first/nsfc-be-probe-batch-001
E,50209003,2002,youth_c,E09,2002|youth_c|E09|50209|3,0.812500,P3,true,manual_context_review_before_probe,"""50209003""","""50209003"" ""National Natural Science Foundation of China""","award.number:50209003,award.funder:501100001809","site:edu.cn OR site:ac.cn ""50209003""",queued,false,bibliographic/aggregator evidence only; API channels may share provenance; no PI or project fact inferred,200,0,0,200,0,0,0,0,200,200,,0,no_match_all_sources,E_negative_probe_only,,,,,not_checked,true,exact_web_and_institution_search,,2026-08-27T07:58:42+00:00,bibliographic/aggregator evidence only; API channels may share provenance; no PI or project fact inferred,/home/runner/work/PolyFT/PolyFT/downloaded-remaining/nsfc-be-probe-batch-005
E,50209007,2002,youth_c,E09,2002|youth_c|E09|50209|3,0.812500,P3,true,manual_context_review_before_probe,"""50209007""","""50209007"" ""National Natural Science Foundation of China""","award.number:50209007,award.funder:501100001809","site:edu.cn OR site:ac.cn ""50209007""",queued,false,bibliographic/aggregator evidence only; API channels may share provenance; no PI or project fact inferred,200,0,0,200,0,0,0,0,200,200,,0,no_match_all_sources,E_negative_probe_only,,,,,not_checked,true,exact_web_and_institution_search,,2026-08-27T07:58:42+00:00,bibliographic/aggregator evidence only; API channels may share provenance; no PI or project fact inferred,/home/runner/work/PolyFT/PolyFT/downloaded-remaining/nsfc-be-probe-batch-005
E,50209009,2002,youth_c,E09,2002|youth_c|E09|50209|3,0.812500,P3,true,manual_context_review_before_probe,"""50209009""","""50209009"" ""National Natural Science Foundation of China""","award.number:50209009,award.funder:501100001809","site:edu.cn OR site:ac.cn ""50209009""",queued,false,bibliographic/aggregator evidence only; API channels may share provenance; no PI or project fact inferred,200,0,0,200,0,0,0,0,200,200,,0,no_match_all_sources,E_negative_probe_only,,,,,not_checked,true,exact_web_and_institution_search,,2026-08-27T07:58:42+00:00,bibliographic/aggregator evidence only; API channels may share provenance; no PI or project fact inferred,/home/runner/work/PolyFT/PolyFT/downloaded-remaining/nsfc-be-probe-batch-005
E,50271015,2002,general,E01,2002|general|E01|50271|3,0.952941,P2,false,next_probe_batch,"""50271015""","""50271015"" ""National Natural Science Foundation of China""","award.number:50271015,award.funder:501100001809","site:edu.cn OR site:ac.cn ""50271015""",queued,false,bibliographic/aggregator evidence only; API channels may share provenance; no PI or project fact inferred,200,0,0,200,0,0,0,0,200,200,,0,no_match_all_sources,E_negative_probe_only,,,,,not_checked,true,exact_web_and_institution_search,,2026-08-27T07:50:12+00:00,bibliographic/aggregator evidence only; API channels may share provenance; no PI or project fact inferred,/home/runner/work/PolyFT/PolyFT/downloaded-remaining/nsfc-be-probe-batch-002
E,50271030,2002,general,E01,2002|general|E01|50271|3,0.952941,P2,false,next_probe_batch,"""50271030""","""50271030"" ""National Natural Science Foundation of China""","award.number:50271030,award.funder:501100001809","site:edu.cn OR site:ac.cn ""50271030""",queued,false,bibliographic/aggregator evidence only; API channels may share provenance; no PI or project fact inferred,200,0,0,200,0,0,0,0,200,200,,0,no_match_all_sources,E_negative_probe_only,,,,,not_checked,true,exact_web_and_institution_search,,2026-08-27T07:50:12+00:00,bibliographic/aggregator evidence only; API channels may share provenance; no PI or project fact inferred,/home/runner/work/PolyFT/PolyFT/downloaded-remaining/nsfc-be-probe-batch-002
E,50271060,2002,general,E01,2002|general|E01|50271|3,0.952941,P2,false,next_probe_batch,"""50271060""","""50271060"" ""National Natural Science Foundation of China""","award.number:50271060,award.funder:501100001809","site:edu.cn OR site:ac.cn ""50271060""",queued,false,bibliographic/aggregator evidence only; API channels may share provenance; no PI or project fact inferred,200,0,0,200,0,0,0,0,200,200,,0,no_match_all_sources,E_negative_probe_only,,,,,not_checked,true,exact_web_and_institution_search,,2026-08-27T07:50:12+00:00,bibliographic/aggregator evidence only; API channels may share provenance; no PI or project fact inferred,/home/runner/work/PolyFT/PolyFT/downloaded-remaining/nsfc-be-probe-batch-002
E,50271061,2002,general,E01,2002|general|E01|50271|3,0.952941,P2,false,next_probe_batch,"""50271061""","""50271061"" ""National Natural Science Foundation of China""","award.number:50271061,award.funder:501100001809","site:edu.cn OR site:ac.cn ""50271061""",queued,false,bibliographic/aggregator evidence only; API channels may share provenance; no PI or project fact inferred,200,1,1,,0,0,0,0,200,200,crossref,1,confirmed_bibliographic,C_bibliographic,,,,,not_checked,true,official_or_institutional_confirmation,,2026-08-27T07:50:12+00:00,bibliographic/aggregator evidence only; API channels may share provenance; no PI or project fact inferred,/home/runner/work/PolyFT/PolyFT/downloaded-remaining/nsfc-be-probe-batch-002
E,50272013,2002,general,E02,2002|general|E02|50272|3,0.976190,P2,false,next_probe_batch,"""50272013""","""50272013"" ""National Natural Science Foundation of China""","award.number:50272013,award.funder:501100001809","site:edu.cn OR site:ac.cn ""50272013""",queued,true,bibliographic/aggregator evidence only; API channels may share provenance; no PI or project fact inferred,200,0,0,200,0,0,0,0,200,200,,0,no_match_all_sources,E_negative_probe_only,,,,,not_checked,true,exact_web_and_institution_search,,2026-08-27T07:33:47+00:00,bibliographic/aggregator evidence only; API channels may share provenance; no PI or project fact inferred,/home/runner/work/PolyFT/PolyFT/extracted-first/nsfc-be-probe-batch-001
E,50272073,2002,general,E02,2002|general|E02|50272|3,0.976190,P2,false,next_probe_batch,"""50272073""","""50272073"" ""National Natural Science Foundation of China""","award.number:50272073,award.funder:501100001809","site:edu.cn OR site:ac.cn ""50272073""",queued,true,bibliographic/aggregator evidence only; API channels may share provenance; no PI or project fact inferred,200,0,0,200,0,0,0,0,200,200,,0,no_match_all_sources,E_negative_probe_only,,,,,not_checked,true,exact_web_and_institution_search,,2026-08-27T07:33:47+00:00,bibliographic/aggregator evidence only; API channels may share provenance; no PI or project fact inferred,/home/runner/work/PolyFT/PolyFT/extracted-first/nsfc-be-probe-batch-001
E,50273019,2002,general,E03,2002|general|E03|50273|3,0.958333,P2,false,next_probe_batch,"""50273019""","""50273019"" ""National Natural Science Foundation of China""","award.number:50273019,award.funder:501100001809","site:edu.cn OR site:ac.cn ""50273019""",queued,false,bibliographic/aggregator evidence only; API channels may share provenance; no PI or project fact inferred,200,0,0,200,0,0,0,0,200,200,,0,no_match_all_sources,E_negative_probe_only,,,,,not_checked,true,exact_web_and_institution_search,,2026-08-27T07:50:12+00:00,bibliographic/aggregator evidence only; API channels may share provenance; no PI or project fact inferred,/home/runner/work/PolyFT/PolyFT/downloaded-remaining/nsfc-be-probe-batch-002
E,50273039,2002,general,E03,2002|general|E03|50273|3,0.958333,P2,false,next_probe_batch,"""50273039""","""50273039"" ""National Natural Science Foundation of China""","award.number:50273039,award.funder:501100001809","site:edu.cn OR site:ac.cn ""50273039""",queued,false,bibliographic/aggregator evidence only; API channels may share provenance; no PI or project fact inferred,200,0,0,200,0,0,0,0,200,200,,0,no_match_all_sources,E_negative_probe_only,,,,,not_checked,true,exact_web_and_institution_search,,2026-08-27T07:50:12+00:00,bibliographic/aggregator evidence only; API channels may share provenance; no PI or project fact inferred,/home/runner/work/PolyFT/PolyFT/downloaded-remaining/nsfc-be-probe-batch-002
E,50278016,2002,general,E08,2002|general|E08|50278|3,0.823529,P3,true,manual_context_review_before_probe,"""50278016""","""50278016"" ""National Natural Science Foundation of China""","award.number:50278016,award.funder:501100001809","site:edu.cn OR site:ac.cn ""50278016""",queued,false,bibliographic/aggregator evidence only; API channels may share provenance; no PI or project fact inferred,200,0,0,200,0,0,0,0,200,200,,0,no_match_all_sources,E_negative_probe_only,,,,,not_checked,true,exact_web_and_institution_search,,2026-08-27T07:58:42+00:00,bibliographic/aggregator evidence only; API channels may share provenance; no PI or project fact inferred,/home/runner/work/PolyFT/PolyFT/downloaded-remaining/nsfc-be-probe-batch-005
E,50278022,2002,general,E08,2002|general|E08|50278|3,0.823529,P3,true,manual_context_review_before_probe,"""50278022""","""50278022"" ""National Natural Science Foundation of China""","award.number:50278022,award.funder:501100001809","site:edu.cn OR site:ac.cn ""50278022""",queued,false,bibliographic/aggregator evidence only; API channels may share provenance; no PI or project fact inferred,200,0,0,200,0,0,0,0,200,200,,0,no_match_all_sources,E_negative_probe_only,,,,,not_checked,true,exact_web_and_institution_search,,2026-08-27T07:58:42+00:00,bibliographic/aggregator evidence only; API channels may share provenance; no PI or project fact inferred,/home/runner/work/PolyFT/PolyFT/downloaded-remaining/nsfc-be-probe-batch-005
E,50278023,2002,general,E08,2002|general|E08|50278|3,0.823529,P3,true,manual_context_review_before_probe,"""50278023""","""50278023"" ""National Natural Science Foundation of China""","award.number:50278023,award.funder:501100001809","site:edu.cn OR site:ac.cn ""50278023""",queued,false,bibliographic/aggregator evidence only; API channels may share provenance; no PI or project fact inferred,200,0,0,200,0,0,0,0,200,200,,0,no_match_all_sources,E_negative_probe_only,,,,,not_checked,true,exact_web_and_institution_search,,2026-08-27T07:58:42+00:00,bibliographic/aggregator evidence only; API channels may share provenance; no PI or project fact inferred,/home/runner/work/PolyFT/PolyFT/downloaded-remaining/nsfc-be-probe-batch-005
E,50278024,2002,general,E08,2002|general|E08|50278|3,0.823529,P3,true,manual_context_review_before_probe,"""50278024""","""50278024"" ""National Natural Science Foundation of China""","award.number:50278024,award.funder:501100001809","site:edu.cn OR site:ac.cn ""50278024""",queued,false,bibliographic/aggregator evidence only; API channels may share provenance; no PI or project fact inferred,200,0,0,200,0,0,0,0,200,200,,0,no_match_all_sources,E_negative_probe_only,,,,,not_checked,true,exact_web_and_institution_search,,2026-08-27T07:58:42+00:00,bibliographic/aggregator evidence only; API channels may share provenance; no PI or project fact inferred,/home/runner/work/PolyFT/PolyFT/downloaded-remaining/nsfc-be-probe-batch-005
E,50278034,2002,general,E08,2002|general|E08|50278|3,0.823529,P3,true,manual_context_review_before_probe,"""50278034""","""50278034"" ""National Natural Science Foundation of China""","award.number:50278034,award.funder:501100001809","site:edu.cn OR site:ac.cn ""50278034""",queued,false,bibliographic/aggregator evidence only; API channels may share provenance; no PI or project fact inferred,200,0,0,200,0,0,0,0,200,200,,0,no_match_all_sources,E_negative_probe_only,,,,,not_checked,true,exact_web_and_institution_search,,2026-08-27T07:58:42+00:00,bibliographic/aggregator evidence only; API channels may share provenance; no PI or project fact inferred,/home/runner/work/PolyFT/PolyFT/downloaded-remaining/nsfc-be-probe-batch-005
E,50278036,2002,general,E08,2002|general|E08|50278|3,0.823529,P3,true,manual_context_review_before_probe,"""50278036""","""50278036"" ""National Natural Science Foundation of China""","award.number:50278036,award.funder:501100001809","site:edu.cn OR site:ac.cn ""50278036""",queued,false,bibliographic/aggregator evidence only; API channels may share provenance; no PI or project fact inferred,200,0,0,200,0,0,0,0,200,200,,0,no_match_all_sources,E_negative_probe_only,,,,,not_checked,true,exact_web_and_institution_search,,2026-08-27T07:58:42+00:00,bibliographic/aggregator evidence only; API channels may share provenance; no PI or project fact inferred,/home/runner/work/PolyFT/PolyFT/downloaded-remaining/nsfc-be-probe-batch-005
E,50278040,2002,general,E08,2002|general|E08|50278|3,0.823529,P3,true,manual_context_review_before_probe,"""50278040""","""50278040"" ""National Natural Science Foundation of China""","award.number:50278040,award.funder:501100001809","site:edu.cn OR site:ac.cn ""50278040""",queued,false,bibliographic/aggregator evidence only; API channels may share provenance; no PI or project fact inferred,200,0,0,200,0,0,0,0,200,200,,0,no_match_all_sources,E_negative_probe_only,,,,,not_checked,true,exact_web_and_institution_search,,2026-08-27T07:58:42+00:00,bibliographic/aggregator evidence only; API channels may share provenance; no PI or project fact inferred,/home/runner/work/PolyFT/PolyFT/downloaded-remaining/nsfc-be-probe-batch-005
E,50278045,2002,general,E08,2002|general|E08|50278|3,0.823529,P3,true,manual_context_review_before_probe,"""50278045""","""50278045"" ""National Natural Science Foundation of China""","award.number:50278045,award.funder:501100001809","site:edu.cn OR site:ac.cn ""50278045""",queued,false,bibliographic/aggregator evidence only; API channels may share provenance; no PI or project fact inferred,200,0,0,200,0,0,0,0,200,200,,0,no_match_all_sources,E_negative_probe_only,,,,,not_checked,true,exact_web_and_institution_search,,2026-08-27T07:58:42+00:00,bibliographic/aggregator evidence only; API channels may share provenance; no PI or project fact inferred,/home/runner/work/PolyFT/PolyFT/downloaded-remaining/nsfc-be-probe-batch-005
E,50278053,2002,general,E08,2002|general|E08|50278|3,0.823529,P3,true,manual_context_review_before_probe,"""50278053""","""50278053"" ""National Natural Science Foundation of China""","award.number:50278053,award.funder:501100001809","site:edu.cn OR site:ac.cn ""50278053""",queued,false,bibliographic/aggregator evidence only; API channels may share provenance; no PI or project fact inferred,200,0,0,200,0,0,0,0,200,200,,0,no_match_all_sources,E_negative_probe_only,,,,,not_checked,true,exact_web_and_institution_search,,2026-08-27T07:58:42+00:00,bibliographic/aggregator evidence only; API channels may share provenance; no PI or project fact inferred,/home/runner/work/PolyFT/PolyFT/downloaded-remaining/nsfc-be-probe-batch-005
E,50278059,2002,general,E08,2002|general|E08|50278|3,0.823529,P3,true,manual_context_review_before_probe,"""50278059""","""50278059"" ""National Natural Science Foundation of China""","award.number:50278059,award.funder:501100001809","site:edu.cn OR site:ac.cn ""50278059""",queued,false,bibliographic/aggregator evidence only; API channels may share provenance; no PI or project fact inferred,200,0,0,200,0,0,0,0,200,200,,0,no_match_all_sources,E_negative_probe_only,,,,,not_checked,true,exact_web_and_institution_search,,2026-08-27T07:58:42+00:00,bibliographic/aggregator evidence only; API channels may share provenance; no PI or project fact inferred,/home/runner/work/PolyFT/PolyFT/downloaded-remaining/nsfc-be-probe-batch-005
E,50278060,2002,general,E08,2002|general|E08|50278|3,0.823529,P3,true,manual_context_review_before_probe,"""50278060""","""50278060"" ""National Natural Science Foundation of China""","award.number:50278060,award.funder:501100001809","site:edu.cn OR site:ac.cn ""50278060""",queued,false,bibliographic/aggregator evidence only; API channels may share provenance; no PI or project fact inferred,200,0,0,200,0,0,0,0,200,200,,0,no_match_all_sources,E_negative_probe_only,,,,,not_checked,true,exact_web_and_institution_search,,2026-08-27T07:58:42+00:00,bibliographic/aggregator evidence only; API channels may share provenance; no PI or project fact inferred,/home/runner/work/PolyFT/PolyFT/downloaded-remaining/nsfc-be-probe-batch-005
E,50278062,2002,general,E08,2002|general|E08|50278|3,0.823529,P3,true,manual_context_review_before_probe,"""50278062""","""50278062"" ""National Natural Science Foundation of China""","award.number:50278062,award.funder:501100001809","site:edu.cn OR site:ac.cn ""50278062""",queued,false,bibliographic/aggregator evidence only; API channels may share provenance; no PI or project fact inferred,200,0,0,200,0,0,0,0,200,200,,0,no_match_all_sources,E_negative_probe_only,,,,,not_checked,true,exact_web_and_institution_search,,2026-08-27T07:58:42+00:00,bibliographic/aggregator evidence only; API channels may share provenance; no PI or project fact inferred,/home/runner/work/PolyFT/PolyFT/downloaded-remaining/nsfc-be-probe-batch-005
E,50278072,2002,general,E08,2002|general|E08|50278|3,0.823529,P3,true,manual_context_review_before_probe,"""50278072""","""50278072"" ""National Natural Science Foundation of China""","award.number:50278072,award.funder:501100001809","site:edu.cn OR site:ac.cn ""50278072""",queued,false,bibliographic/aggregator evidence only; API channels may share provenance; no PI or project fact inferred,200,0,0,200,0,0,0,0,200,200,,0,no_match_all_sources,E_negative_probe_only,,,,,not_checked,true,exact_web_and_institution_search,,2026-08-27T07:58:42+00:00,bibliographic/aggregator evidence only; API channels may share provenance; no PI or project fact inferred,/home/runner/work/PolyFT/PolyFT/downloaded-remaining/nsfc-be-probe-batch-005
E,50278076,2002,general,E08,2002|general|E08|50278|3,0.823529,P3,true,manual_context_review_before_probe,"""50278076""","""50278076"" ""National Natural Science Foundation of China""","award.number:50278076,award.funder:501100001809","site:edu.cn OR site:ac.cn ""50278076""",queued,false,bibliographic/aggregator evidence only; API channels may share provenance; no PI or project fact inferred,200,1,1,,0,0,0,0,200,200,crossref,1,confirmed_bibliographic,C_bibliographic,,,,,not_checked,true,official_or_institutional_confirmation,,2026-08-27T07:58:42+00:00,bibliographic/aggregator evidence only; API channels may share provenance; no PI or project fact inferred,/home/runner/work/PolyFT/PolyFT/downloaded-remaining/nsfc-be-probe-batch-005
E,50278084,2002,general,E08,2002|general|E08|50278|3,0.823529,P3,true,manual_context_review_before_probe,"""50278084""","""50278084"" ""National Natural Science Foundation of China""","award.number:50278084,award.funder:501100001809","site:edu.cn OR site:ac.cn ""50278084""",queued,false,bibliographic/aggregator evidence only; API channels may share provenance; no PI or project fact inferred,200,0,0,200,0,0,0,0,200,200,,0,no_match_all_sources,E_negative_probe_only,,,,,not_checked,true,exact_web_and_institution_search,,2026-08-27T07:58:42+00:00,bibliographic/aggregator evidence only; API channels may share provenance; no PI or project fact inferred,/home/runner/work/PolyFT/PolyFT/downloaded-remaining/nsfc-be-probe-batch-005
E,50278094,2002,general,E08,2002|general|E08|50278|3,0.823529,P3,true,manual_context_review_before_probe,"""50278094""","""50278094"" ""National Natural Science Foundation of China""","award.number:50278094,award.funder:501100001809","site:edu.cn OR site:ac.cn ""50278094""",queued,false,bibliographic/aggregator evidence only; API channels may share provenance; no PI or project fact inferred,200,0,0,200,0,0,0,0,200,200,,0,no_match_all_sources,E_negative_probe_only,,,,,not_checked,true,exact_web_and_institution_search,,2026-08-27T07:58:42+00:00,bibliographic/aggregator evidence only; API channels may share provenance; no PI or project fact inferred,/home/runner/work/PolyFT/PolyFT/downloaded-remaining/nsfc-be-probe-batch-005
E,50278095,2002,general,E08,2002|general|E08|50278|3,0.823529,P3,true,manual_context_review_before_probe,"""50278095""","""50278095"" ""National Natural Science Foundation of China""","award.number:50278095,award.funder:501100001809","site:edu.cn OR site:ac.cn ""50278095""",queued,false,bibliographic/aggregator evidence only; API channels may share provenance; no PI or project fact inferred,200,0,0,200,0,0,0,0,200,200,,0,no_match_all_sources,E_negative_probe_only,,,,,not_checked,true,exact_web_and_institution_search,,2026-08-27T07:58:42+00:00,bibliographic/aggregator evidence only; API channels may share provenance; no PI or project fact inferred,/home/runner/work/PolyFT/PolyFT/downloaded-remaining/nsfc-be-probe-batch-005
E,50278101,2002,general,E08,2002|general|E08|50278|3,0.823529,P3,true,manual_context_review_before_probe,"""50278101""","""50278101"" ""National Natural Science Foundation of China""","award.number:50278101,award.funder:501100001809","site:edu.cn OR site:ac.cn ""50278101""",queued,false,bibliographic/aggregator evidence only; API channels may share provenance; no PI or project fact inferred,200,0,0,200,0,0,0,0,200,200,,0,no_match_all_sources,E_negative_probe_only,,,,,not_checked,true,exact_web_and_institution_search,,2026-08-27T07:58:42+00:00,bibliographic/aggregator evidence only; API channels may share provenance; no PI or project fact inferred,/home/runner/work/PolyFT/PolyFT/downloaded-remaining/nsfc-be-probe-batch-005
E,50306009,2003,youth_c,E06,2003|youth_c|E06|50306|3,0.962963,P2,false,next_probe_batch,"""50306009""","""50306009"" ""National Natural Science Foundation of China""","award.number:50306009,award.funder:501100001809","site:edu.cn OR site:ac.cn ""50306009""",queued,true,bibliographic/aggregator evidence only; API channels may share provenance; no PI or project fact inferred,200,0,0,200,0,0,0,0,200,200,,0,no_match_all_sources,E_negative_probe_only,,,,,not_checked,true,exact_web_and_institution_search,,2026-08-27T07:33:47+00:00,bibliographic/aggregator evidence only; API channels may share provenance; no PI or project fact inferred,/home/runner/work/PolyFT/PolyFT/extracted-first/nsfc-be-probe-batch-001
E,50371049,2003,general,E01,2003|general|E01|50371|3,0.943396,P3,false,low_rate_probe,"""50371049""","""50371049"" ""National Natural Science Foundation of China""","award.number:50371049,award.funder:501100001809","site:edu.cn OR site:ac.cn ""50371049""",queued,false,bibliographic/aggregator evidence only; API channels may share provenance; no PI or project fact inferred,200,0,0,200,0,0,0,0,200,200,,0,no_match_all_sources,E_negative_probe_only,,,,,not_checked,true,exact_web_and_institution_search,,2026-08-27T07:50:51+00:00,bibliographic/aggregator evidence only; API channels may share provenance; no PI or project fact inferred,/home/runner/work/PolyFT/PolyFT/downloaded-remaining/nsfc-be-probe-batch-003
E,50371053,2003,general,E01,2003|general|E01|50371|3,0.943396,P3,false,low_rate_probe,"""50371053""","""50371053"" ""National Natural Science Foundation of China""","award.number:50371053,award.funder:501100001809","site:edu.cn OR site:ac.cn ""50371053""",queued,false,bibliographic/aggregator evidence only; API channels may share provenance; no PI or project fact inferred,200,0,0,200,0,0,0,0,200,200,,0,no_match_all_sources,E_negative_probe_only,,,,,not_checked,true,exact_web_and_institution_search,,2026-08-27T07:50:51+00:00,bibliographic/aggregator evidence only; API channels may share provenance; no PI or project fact inferred,/home/runner/work/PolyFT/PolyFT/downloaded-remaining/nsfc-be-probe-batch-003
E,50371057,2003,general,E01,2003|general|E01|50371|3,0.943396,P3,false,low_rate_probe,"""50371057""","""50371057"" ""National Natural Science Foundation of China""","award.number:50371057,award.funder:501100001809","site:edu.cn OR site:ac.cn ""50371057""",queued,false,bibliographic/aggregator evidence only; API channels may share provenance; no PI or project fact inferred,200,1,1,,0,0,0,0,200,200,crossref,1,confirmed_bibliographic,C_bibliographic,,,,,not_checked,true,official_or_institutional_confirmation,,2026-08-27T07:50:51+00:00,bibliographic/aggregator evidence only; API channels may share provenance; no PI or project fact inferred,/home/runner/work/PolyFT/PolyFT/downloaded-remaining/nsfc-be-probe-batch-003
E,50371073,2003,general,E01,2003|general|E01|50371|3,0.943396,P3,false,low_rate_probe,"""50371073""","""50371073"" ""National Natural Science Foundation of China""","award.number:50371073,award.funder:501100001809","site:edu.cn OR site:ac.cn ""50371073""",queued,false,bibliographic/aggregator evidence only; API channels may share provenance; no PI or project fact inferred,200,0,0,200,0,0,0,0,200,200,,0,no_match_all_sources,E_negative_probe_only,,,,,not_checked,true,exact_web_and_institution_search,,2026-08-27T07:50:51+00:00,bibliographic/aggregator evidence only; API channels may share provenance; no PI or project fact inferred,/home/runner/work/PolyFT/PolyFT/downloaded-remaining/nsfc-be-probe-batch-003
E,50371074,2003,general,E01,2003|general|E01|50371|3,0.943396,P3,false,low_rate_probe,"""50371074""","""50371074"" ""National Natural Science Foundation of China""","award.number:50371074,award.funder:501100001809","site:edu.cn OR site:ac.cn ""50371074""",queued,false,bibliographic/aggregator evidence only; API channels may share provenance; no PI or project fact inferred,200,0,0,200,0,0,0,0,200,200,,0,no_match_all_sources,E_negative_probe_only,,,,,not_checked,true,exact_web_and_institution_search,,2026-08-27T07:50:51+00:00,bibliographic/aggregator evidence only; API channels may share provenance; no PI or project fact inferred,/home/runner/work/PolyFT/PolyFT/downloaded-remaining/nsfc-be-probe-batch-003
E,50371094,2003,general,E01,2003|general|E01|50371|3,0.943396,P3,false,low_rate_probe,"""50371094""","""50371094"" ""National Natural Science Foundation of China""","award.number:50371094,award.funder:501100001809","site:edu.cn OR site:ac.cn ""50371094""",queued,false,bibliographic/aggregator evidence only; API channels may share provenance; no PI or project fact inferred,200,0,0,200,0,0,0,0,200,200,,0,no_match_all_sources,E_negative_probe_only,,,,,not_checked,true,exact_web_and_institution_search,,2026-08-27T07:50:51+00:00,bibliographic/aggregator evidence only; API channels may share provenance; no PI or project fact inferred,/home/runner/work/PolyFT/PolyFT/downloaded-remaining/nsfc-be-probe-batch-003
E,50375094,2003,general,E05,2003|general|E05|50375|3,0.993939,P1,false,immediate_probe,"""50375094""","""50375094"" ""National Natural Science Foundation of China""","award.number:50375094,award.funder:501100001809","site:edu.cn OR site:ac.cn ""50375094""",queued,true,bibliographic/aggregator evidence only; API channels may share provenance; no PI or project fact inferred,200,0,0,200,0,0,0,0,200,200,,0,no_match_all_sources,E_negative_probe_only,,,,,not_checked,true,exact_web_and_institution_search,,2026-08-27T07:33:47+00:00,bibliographic/aggregator evidence only; API channels may share provenance; no PI or project fact inferred,/home/runner/work/PolyFT/PolyFT/extracted-first/nsfc-be-probe-batch-001
E,50376032,2003,general,E06,2003|general|E06|50376|3,0.974359,P2,false,next_probe_batch,"""50376032""","""50376032"" ""National Natural Science Foundation of China""","award.number:50376032,award.funder:501100001809","site:edu.cn OR site:ac.cn ""50376032""",queued,true,bibliographic/aggregator evidence only; API channels may share provenance; no PI or project fact inferred,200,0,0,200,0,0,0,0,200,200,,0,no_match_all_sources,E_negative_probe_only,,,,,not_checked,true,exact_web_and_institution_search,,2026-08-27T07:33:47+00:00,bibliographic/aggregator evidence only; API channels may share provenance; no PI or project fact inferred,/home/runner/work/PolyFT/PolyFT/extracted-first/nsfc-be-probe-batch-001
E,50376064,2003,general,E06,2003|general|E06|50376|3,0.974359,P2,false,next_probe_batch,"""50376064""","""50376064"" ""National Natural Science Foundation of China""","award.number:50376064,award.funder:501100001809","site:edu.cn OR site:ac.cn ""50376064""",queued,true,bibliographic/aggregator evidence only; API channels may share provenance; no PI or project fact inferred,200,0,0,200,0,0,0,0,200,200,,0,no_match_all_sources,E_negative_probe_only,,,,,not_checked,true,exact_web_and_institution_search,,2026-08-27T07:33:47+00:00,bibliographic/aggregator evidence only; API channels may share provenance; no PI or project fact inferred,/home/runner/work/PolyFT/PolyFT/extracted-first/nsfc-be-probe-batch-001
E,50403006,2004,youth_c,E03,2004|youth_c|E03|50403|3,0.966667,P2,false,next_probe_batch,"""50403006""","""50403006"" ""National Natural Science Foundation of China""","award.number:50403006,award.funder:501100001809","site:edu.cn OR site:ac.cn ""50403006""",queued,true,bibliographic/aggregator evidence only; API channels may share provenance; no PI or project fact inferred,200,0,0,200,1,1,0,0,200,200,,0,award_number_only,D_award_only,,,,,not_checked,true,exact_web_and_institution_search,,2026-08-27T07:33:47+00:00,bibliographic/aggregator evidence only; API channels may share provenance; no PI or project fact inferred,/home/runner/work/PolyFT/PolyFT/extracted-first/nsfc-be-probe-batch-001
E,50408006,2004,youth_c,E08,2004|youth_c|E08|50408|3,0.815789,P3,true,manual_context_review_before_probe,"""50408006""","""50408006"" ""National Natural Science Foundation of China""","award.number:50408006,award.funder:501100001809","site:edu.cn OR site:ac.cn ""50408006""",queued,false,bibliographic/aggregator evidence only; API channels may share provenance; no PI or project fact inferred,200,0,0,200,0,0,0,0,200,200,,0,no_match_all_sources,E_negative_probe_only,,,,,not_checked,true,exact_web_and_institution_search,,2026-08-27T07:58:42+00:00,bibliographic/aggregator evidence only; API channels may share provenance; no PI or project fact inferred,/home/runner/work/PolyFT/PolyFT/downloaded-remaining/nsfc-be-probe-batch-005
E,50408012,2004,youth_c,E08,2004|youth_c|E08|50408|3,0.815789,P3,true,manual_context_review_before_probe,"""50408012""","""50408012"" ""National Natural Science Foundation of China""","award.number:50408012,award.funder:501100001809","site:edu.cn OR site:ac.cn ""50408012""",queued,false,bibliographic/aggregator evidence only; API channels may share provenance; no PI or project fact inferred,200,0,0,200,0,0,0,0,200,200,,0,no_match_all_sources,E_negative_probe_only,,,,,not_checked,true,exact_web_and_institution_search,,2026-08-27T07:58:42+00:00,bibliographic/aggregator evidence only; API channels may share provenance; no PI or project fact inferred,/home/runner/work/PolyFT/PolyFT/downloaded-remaining/nsfc-be-probe-batch-005
E,50408021,2004,youth_c,E08,2004|youth_c|E08|50408|3,0.815789,P3,true,manual_context_review_before_probe,"""50408021""","""50408021"" ""National Natural Science Foundation of China""","award.number:50408021,award.funder:501100001809","site:edu.cn OR site:ac.cn ""50408021""",queued,false,bibliographic/aggregator evidence only; API channels may share provenance; no PI or project fact inferred,200,0,0,200,0,0,0,0,200,200,,0,no_match_all_sources,E_negative_probe_only,,,,,not_checked,true,exact_web_and_institution_search,,2026-08-27T07:58:42+00:00,bibliographic/aggregator evidence only; API channels may share provenance; no PI or project fact inferred,/home/runner/work/PolyFT/PolyFT/downloaded-remaining/nsfc-be-probe-batch-005
E,50408024,2004,youth_c,E08,2004|youth_c|E08|50408|3,0.815789,P3,true,manual_context_review_before_probe,"""50408024""","""50408024"" ""National Natural Science Foundation of China""","award.number:50408024,award.funder:501100001809","site:edu.cn OR site:ac.cn ""50408024""",queued,false,bibliographic/aggregator evidence only; API channels may share provenance; no PI or project fact inferred,200,2,2,,0,0,0,0,200,200,crossref,2,confirmed_bibliographic,C_bibliographic,,,,,not_checked,true,official_or_institutional_confirmation,,2026-08-27T07:58:42+00:00,bibliographic/aggregator evidence only; API channels may share provenance; no PI or project fact inferred,/home/runner/work/PolyFT/PolyFT/downloaded-remaining/nsfc-be-probe-batch-005
E,50408025,2004,youth_c,E08,2004|youth_c|E08|50408|3,0.815789,P3,true,manual_context_review_before_probe,"""50408025""","""50408025"" ""National Natural Science Foundation of China""","award.number:50408025,award.funder:501100001809","site:edu.cn OR site:ac.cn ""50408025""",queued,false,bibliographic/aggregator evidence only; API channels may share provenance; no PI or project fact inferred,200,0,0,200,0,0,0,0,200,200,,0,no_match_all_sources,E_negative_probe_only,,,,,not_checked,true,exact_web_and_institution_search,,2026-08-27T07:58:42+00:00,bibliographic/aggregator evidence only; API channels may share provenance; no PI or project fact inferred,/home/runner/work/PolyFT/PolyFT/downloaded-remaining/nsfc-be-probe-batch-005
E,50408026,2004,youth_c,E08,2004|youth_c|E08|50408|3,0.815789,P3,true,manual_context_review_before_probe,"""50408026""","""50408026"" ""National Natural Science Foundation of China""","award.number:50408026,award.funder:501100001809","site:edu.cn OR site:ac.cn ""50408026""",queued,false,bibliographic/aggregator evidence only; API channels may share provenance; no PI or project fact inferred,200,0,0,200,0,0,0,0,200,200,,0,no_match_all_sources,E_negative_probe_only,,,,,not_checked,true,exact_web_and_institution_search,,2026-08-27T07:58:42+00:00,bibliographic/aggregator evidence only; API channels may share provenance; no PI or project fact inferred,/home/runner/work/PolyFT/PolyFT/downloaded-remaining/nsfc-be-probe-batch-005
E,50408027,2004,youth_c,E08,2004|youth_c|E08|50408|3,0.815789,P3,true,manual_context_review_before_probe,"""50408027""","""50408027"" ""National Natural Science Foundation of China""","award.number:50408027,award.funder:501100001809","site:edu.cn OR site:ac.cn ""50408027""",queued,false,bibliographic/aggregator evidence only; API channels may share provenance; no PI or project fact inferred,200,0,0,200,0,0,0,0,200,200,,0,no_match_all_sources,E_negative_probe_only,,,,,not_checked,true,exact_web_and_institution_search,,2026-08-27T07:58:42+00:00,bibliographic/aggregator evidence only; API channels may share provenance; no PI or project fact inferred,/home/runner/work/PolyFT/PolyFT/downloaded-remaining/nsfc-be-probe-batch-005
E,50409007,2004,youth_c,E09,2004|youth_c|E09|50409|3,0.866667,P3,true,manual_context_review_before_probe,"""50409007""","""50409007"" ""National Natural Science Foundation of China""","award.number:50409007,award.funder:501100001809","site:edu.cn OR site:ac.cn ""50409007""",queued,false,bibliographic/aggregator evidence only; API channels may share provenance; no PI or project fact inferred,200,0,0,200,0,0,0,0,200,200,,0,no_match_all_sources,E_negative_probe_only,,,,,not_checked,true,exact_web_and_institution_search,,2026-08-27T07:57:16+00:00,bibliographic/aggregator evidence only; API channels may share provenance; no PI or project fact inferred,/home/runner/work/PolyFT/PolyFT/downloaded-remaining/nsfc-be-probe-batch-004
E,50409014,2004,youth_c,E09,2004|youth_c|E09|50409|3,0.866667,P3,true,manual_context_review_before_probe,"""50409014""","""50409014"" ""National Natural Science Foundation of China""","award.number:50409014,award.funder:501100001809","site:edu.cn OR site:ac.cn ""50409014""",queued,false,bibliographic/aggregator evidence only; API channels may share provenance; no PI or project fact inferred,200,0,0,200,0,0,0,0,200,200,,0,no_match_all_sources,E_negative_probe_only,,,,,not_checked,true,exact_web_and_institution_search,,2026-08-27T07:57:16+00:00,bibliographic/aggregator evidence only; API channels may share provenance; no PI or project fact inferred,/home/runner/work/PolyFT/PolyFT/downloaded-remaining/nsfc-be-probe-batch-004
E,50422284,2004,joint_fund,E08,2004|joint_fund|E08|50422|3,0.800000,P3,true,manual_context_review_before_probe,"""50422284""","""50422284"" ""National Natural Science Foundation of China""","award.number:50422284,award.funder:501100001809","site:edu.cn OR site:ac.cn ""50422284""",queued,false,bibliographic/aggregator evidence only; API channels may share provenance; no PI or project fact inferred,200,0,0,200,0,0,0,0,200,200,,0,no_match_all_sources,E_negative_probe_only,,,,,not_checked,true,exact_web_and_institution_search,,2026-08-27T07:58:42+00:00,bibliographic/aggregator evidence only; API channels may share provenance; no PI or project fact inferred,/home/runner/work/PolyFT/PolyFT/downloaded-remaining/nsfc-be-probe-batch-005
E,50471102,2004,general,E01,2004|general|E01|50471|3,0.945455,P3,false,low_rate_probe,"""50471102""","""50471102"" ""National Natural Science Foundation of China""","award.number:50471102,award.funder:501100001809","site:edu.cn OR site:ac.cn ""50471102""",queued,false,bibliographic/aggregator evidence only; API channels may share provenance; no PI or project fact inferred,200,1,1,,0,0,0,0,200,200,crossref,1,confirmed_bibliographic,C_bibliographic,,,,,not_checked,true,official_or_institutional_confirmation,,2026-08-27T07:50:51+00:00,bibliographic/aggregator evidence only; API channels may share provenance; no PI or project fact inferred,/home/runner/work/PolyFT/PolyFT/downloaded-remaining/nsfc-be-probe-batch-003
E,50471103,2004,general,E01,2004|general|E01|50471|3,0.945455,P3,false,low_rate_probe,"""50471103""","""50471103"" ""National Natural Science Foundation of China""","award.number:50471103,award.funder:501100001809","site:edu.cn OR site:ac.cn ""50471103""",queued,false,bibliographic/aggregator evidence only; API channels may share provenance; no PI or project fact inferred,200,0,0,200,0,0,0,0,200,200,,0,no_match_all_sources,E_negative_probe_only,,,,,not_checked,true,exact_web_and_institution_search,,2026-08-27T07:50:51+00:00,bibliographic/aggregator evidence only; API channels may share provenance; no PI or project fact inferred,/home/runner/work/PolyFT/PolyFT/downloaded-remaining/nsfc-be-probe-batch-003
E,50471104,2004,general,E01,2004|general|E01|50471|3,0.945455,P3,false,low_rate_probe,"""50471104""","""50471104"" ""National Natural Science Foundation of China""","award.number:50471104,award.funder:501100001809","site:edu.cn OR site:ac.cn ""50471104""",queued,false,bibliographic/aggregator evidence only; API channels may share provenance; no PI or project fact inferred,200,0,0,200,0,0,0,0,200,200,,0,no_match_all_sources,E_negative_probe_only,,,,,not_checked,true,exact_web_and_institution_search,,2026-08-27T07:50:51+00:00,bibliographic/aggregator evidence only; API channels may share provenance; no PI or project fact inferred,/home/runner/work/PolyFT/PolyFT/downloaded-remaining/nsfc-be-probe-batch-003
E,50471105,2004,general,E01,2004|general|E01|50471|3,0.945455,P3,false,low_rate_probe,"""50471105""","""50471105"" ""National Natural Science Foundation of China""","award.number:50471105,award.funder:501100001809","site:edu.cn OR site:ac.cn ""50471105""",queued,false,bibliographic/aggregator evidence only; API channels may share provenance; no PI or project fact inferred,200,0,0,200,0,0,0,0,200,200,,0,no_match_all_sources,E_negative_probe_only,,,,,not_checked,true,exact_web_and_institution_search,,2026-08-27T07:50:51+00:00,bibliographic/aggregator evidence only; API channels may share provenance; no PI or project fact inferred,/home/runner/work/PolyFT/PolyFT/downloaded-remaining/nsfc-be-probe-batch-003
E,50471106,2004,general,E01,2004|general|E01|50471|3,0.945455,P3,false,low_rate_probe,"""50471106""","""50471106"" ""National Natural Science Foundation of China""","award.number:50471106,award.funder:501100001809","site:edu.cn OR site:ac.cn ""50471106""",queued,false,bibliographic/aggregator evidence only; API channels may share provenance; no PI or project fact inferred,200,0,0,200,0,0,0,0,200,200,,0,no_match_all_sources,E_negative_probe_only,,,,,not_checked,true,exact_web_and_institution_search,,2026-08-27T07:50:51+00:00,bibliographic/aggregator evidence only; API channels may share provenance; no PI or project fact inferred,/home/runner/work/PolyFT/PolyFT/downloaded-remaining/nsfc-be-probe-batch-003
E,50471107,2004,general,E01,2004|general|E01|50471|3,0.945455,P3,false,low_rate_probe,"""50471107""","""50471107"" ""National Natural Science Foundation of China""","award.number:50471107,award.funder:501100001809","site:edu.cn OR site:ac.cn ""50471107""",queued,false,bibliographic/aggregator evidence only; API channels may share provenance; no PI or project fact inferred,200,0,0,200,0,0,0,0,200,200,,0,no_match_all_sources,E_negative_probe_only,,,,,not_checked,true,exact_web_and_institution_search,,2026-08-27T07:50:51+00:00,bibliographic/aggregator evidence only; API channels may share provenance; no PI or project fact inferred,/home/runner/work/PolyFT/PolyFT/downloaded-remaining/nsfc-be-probe-batch-003
E,50474013,2004,general,E04,2004|general|E04|50474|3,0.829787,P3,false,low_rate_probe,"""50474013""","""50474013"" ""National Natural Science Foundation of China""","award.number:50474013,award.funder:501100001809","site:edu.cn OR site:ac.cn ""50474013""",queued,false,bibliographic/aggregator evidence only; API channels may share provenance; no PI or project fact inferred,200,0,0,200,0,0,0,0,200,200,,0,no_match_all_sources,E_negative_probe_only,,,,,not_checked,true,exact_web_and_institution_search,,2026-08-27T07:57:16+00:00,bibliographic/aggregator evidence only; API channels may share provenance; no PI or project fact inferred,/home/runner/work/PolyFT/PolyFT/downloaded-remaining/nsfc-be-probe-batch-004
E,50474023,2004,general,E04,2004|general|E04|50474|3,0.829787,P3,false,low_rate_probe,"""50474023""","""50474023"" ""National Natural Science Foundation of China""","award.number:50474023,award.funder:501100001809","site:edu.cn OR site:ac.cn ""50474023""",queued,false,bibliographic/aggregator evidence only; API channels may share provenance; no PI or project fact inferred,200,0,0,200,0,0,0,0,200,200,,0,no_match_all_sources,E_negative_probe_only,,,,,not_checked,true,exact_web_and_institution_search,,2026-08-27T07:57:16+00:00,bibliographic/aggregator evidence only; API channels may share provenance; no PI or project fact inferred,/home/runner/work/PolyFT/PolyFT/downloaded-remaining/nsfc-be-probe-batch-004
E,50474026,2004,general,E04,2004|general|E04|50474|3,0.829787,P3,false,low_rate_probe,"""50474026""","""50474026"" ""National Natural Science Foundation of China""","award.number:50474026,award.funder:501100001809","site:edu.cn OR site:ac.cn ""50474026""",queued,false,bibliographic/aggregator evidence only; API channels may share provenance; no PI or project fact inferred,200,0,0,200,0,0,0,0,200,200,,0,no_match_all_sources,E_negative_probe_only,,,,,not_checked,true,exact_web_and_institution_search,,2026-08-27T07:57:16+00:00,bibliographic/aggregator evidence only; API channels may share provenance; no PI or project fact inferred,/home/runner/work/PolyFT/PolyFT/downloaded-remaining/nsfc-be-probe-batch-004
E,50474028,2004,general,E04,2004|general|E04|50474|3,0.829787,P3,false,low_rate_probe,"""50474028""","""50474028"" ""National Natural Science Foundation of China""","award.number:50474028,award.funder:501100001809","site:edu.cn OR site:ac.cn ""50474028""",queued,false,bibliographic/aggregator evidence only; API channels may share provenance; no PI or project fact inferred,200,0,0,200,0,0,0,0,200,200,,0,no_match_all_sources,E_negative_probe_only,,,,,not_checked,true,exact_web_and_institution_search,,2026-08-27T07:57:16+00:00,bibliographic/aggregator evidence only; API channels may share provenance; no PI or project fact inferred,/home/runner/work/PolyFT/PolyFT/downloaded-remaining/nsfc-be-probe-batch-004
E,50474055,2004,general,E04,2004|general|E04|50474|3,0.829787,P3,false,low_rate_probe,"""50474055""","""50474055"" ""National Natural Science Foundation of China""","award.number:50474055,award.funder:501100001809","site:edu.cn OR site:ac.cn ""50474055""",queued,false,bibliographic/aggregator evidence only; API channels may share provenance; no PI or project fact inferred,200,0,0,200,0,0,0,0,200,200,,0,no_match_all_sources,E_negative_probe_only,,,,,not_checked,true,exact_web_and_institution_search,,2026-08-27T07:57:16+00:00,bibliographic/aggregator evidence only; API channels may share provenance; no PI or project fact inferred,/home/runner/work/PolyFT/PolyFT/downloaded-remaining/nsfc-be-probe-batch-004
E,50474073,2004,general,E04,2004|general|E04|50474|3,0.829787,P3,false,low_rate_probe,"""50474073""","""50474073"" ""National Natural Science Foundation of China""","award.number:50474073,award.funder:501100001809","site:edu.cn OR site:ac.cn ""50474073""",queued,false,bibliographic/aggregator evidence only; API channels may share provenance; no PI or project fact inferred,200,0,0,200,0,0,0,0,200,200,,0,no_match_all_sources,E_negative_probe_only,,,,,not_checked,true,exact_web_and_institution_search,,2026-08-27T07:57:16+00:00,bibliographic/aggregator evidence only; API channels may share provenance; no PI or project fact inferred,/home/runner/work/PolyFT/PolyFT/downloaded-remaining/nsfc-be-probe-batch-004
E,50474074,2004,general,E04,2004|general|E04|50474|3,0.829787,P3,false,low_rate_probe,"""50474074""","""50474074"" ""National Natural Science Foundation of China""","award.number:50474074,award.funder:501100001809","site:edu.cn OR site:ac.cn ""50474074""",queued,false,bibliographic/aggregator evidence only; API channels may share provenance; no PI or project fact inferred,200,0,0,200,0,0,0,0,200,200,,0,no_match_all_sources,E_negative_probe_only,,,,,not_checked,true,exact_web_and_institution_search,,2026-08-27T07:57:16+00:00,bibliographic/aggregator evidence only; API channels may share provenance; no PI or project fact inferred,/home/runner/work/PolyFT/PolyFT/downloaded-remaining/nsfc-be-probe-batch-004
E,50474082,2004,general,E04,2004|general|E04|50474|3,0.829787,P3,false,low_rate_probe,"""50474082""","""50474082"" ""National Natural Science Foundation of China""","award.number:50474082,award.funder:501100001809","site:edu.cn OR site:ac.cn ""50474082""",queued,false,bibliographic/aggregator evidence only; API channels may share provenance; no PI or project fact inferred,200,0,0,200,0,0,0,0,200,200,,0,no_match_all_sources,E_negative_probe_only,,,,,not_checked,true,exact_web_and_institution_search,,2026-08-27T07:57:16+00:00,bibliographic/aggregator evidence only; API channels may share provenance; no PI or project fact inferred,/home/runner/work/PolyFT/PolyFT/downloaded-remaining/nsfc-be-probe-batch-004
E,50474083,2004,general,E04,2004|general|E04|50474|3,0.829787,P3,false,low_rate_probe,"""50474083""","""50474083"" ""National Natural Science Foundation of China""","award.number:50474083,award.funder:501100001809","site:edu.cn OR site:ac.cn ""50474083""",queued,false,bibliographic/aggregator evidence only; API channels may share provenance; no PI or project fact inferred,200,0,0,200,0,0,0,0,200,200,,0,no_match_all_sources,E_negative_probe_only,,,,,not_checked,true,exact_web_and_institution_search,,2026-08-27T07:57:16+00:00,bibliographic/aggregator evidence only; API channels may share provenance; no PI or project fact inferred,/home/runner/work/PolyFT/PolyFT/downloaded-remaining/nsfc-be-probe-batch-004
E,50474084,2004,general,E04,2004|general|E04|50474|3,0.829787,P3,false,low_rate_probe,"""50474084""","""50474084"" ""National Natural Science Foundation of China""","award.number:50474084,award.funder:501100001809","site:edu.cn OR site:ac.cn ""50474084""",queued,false,bibliographic/aggregator evidence only; API channels may share provenance; no PI or project fact inferred,200,0,0,200,0,0,0,0,200,200,,0,no_match_all_sources,E_negative_probe_only,,,,,not_checked,true,exact_web_and_institution_search,,2026-08-27T07:57:16+00:00,bibliographic/aggregator evidence only; API channels may share provenance; no PI or project fact inferred,/home/runner/work/PolyFT/PolyFT/downloaded-remaining/nsfc-be-probe-batch-004
E,50474085,2004,general,E04,2004|general|E04|50474|3,0.829787,P3,false,low_rate_probe,"""50474085""","""50474085"" ""National Natural Science Foundation of China""","award.number:50474085,award.funder:501100001809","site:edu.cn OR site:ac.cn ""50474085""",queued,false,bibliographic/aggregator evidence only; API channels may share provenance; no PI or project fact inferred,200,12,12,,0,0,0,0,200,200,crossref,3,confirmed_bibliographic,C_bibliographic,,,,,not_checked,true,official_or_institutional_confirmation,,2026-08-27T07:57:16+00:00,bibliographic/aggregator evidence only; API channels may share provenance; no PI or project fact inferred,/home/runner/work/PolyFT/PolyFT/downloaded-remaining/nsfc-be-probe-batch-004
E,50474086,2004,general,E04,2004|general|E04|50474|3,0.829787,P3,false,low_rate_probe,"""50474086""","""50474086"" ""National Natural Science Foundation of China""","award.number:50474086,award.funder:501100001809","site:edu.cn OR site:ac.cn ""50474086""",queued,false,bibliographic/aggregator evidence only; API channels may share provenance; no PI or project fact inferred,200,0,0,200,0,0,0,0,200,200,,0,no_match_all_sources,E_negative_probe_only,,,,,not_checked,true,exact_web_and_institution_search,,2026-08-27T07:57:16+00:00,bibliographic/aggregator evidence only; API channels may share provenance; no PI or project fact inferred,/home/runner/work/PolyFT/PolyFT/downloaded-remaining/nsfc-be-probe-batch-004
E,50474087,2004,general,E04,2004|general|E04|50474|3,0.829787,P3,false,low_rate_probe,"""50474087""","""50474087"" ""National Natural Science Foundation of China""","award.number:50474087,award.funder:501100001809","site:edu.cn OR site:ac.cn ""50474087""",queued,false,bibliographic/aggregator evidence only; API channels may share provenance; no PI or project fact inferred,200,0,0,200,0,0,0,0,200,200,,0,no_match_all_sources,E_negative_probe_only,,,,,not_checked,true,exact_web_and_institution_search,,2026-08-27T07:57:16+00:00,bibliographic/aggregator evidence only; API channels may share provenance; no PI or project fact inferred,/home/runner/work/PolyFT/PolyFT/downloaded-remaining/nsfc-be-probe-batch-004
E,50474088,2004,general,E04,2004|general|E04|50474|3,0.829787,P3,false,low_rate_probe,"""50474088""","""50474088"" ""National Natural Science Foundation of China""","award.number:50474088,award.funder:501100001809","site:edu.cn OR site:ac.cn ""50474088""",queued,false,bibliographic/aggregator evidence only; API channels may share provenance; no PI or project fact inferred,200,0,0,200,0,0,0,0,200,200,,0,no_match_all_sources,E_negative_probe_only,,,,,not_checked,true,exact_web_and_institution_search,,2026-08-27T07:57:16+00:00,bibliographic/aggregator evidence only; API channels may share provenance; no PI or project fact inferred,/home/runner/work/PolyFT/PolyFT/downloaded-remaining/nsfc-be-probe-batch-004
E,50474089,2004,general,E04,2004|general|E04|50474|3,0.829787,P3,false,low_rate_probe,"""50474089""","""50474089"" ""National Natural Science Foundation of China""","award.number:50474089,award.funder:501100001809","site:edu.cn OR site:ac.cn ""50474089""",queued,false,bibliographic/aggregator evidence only; API channels may share provenance; no PI or project fact inferred,200,0,0,200,0,0,0,0,200,200,,0,no_match_all_sources,E_negative_probe_only,,,,,not_checked,true,exact_web_and_institution_search,,2026-08-27T07:57:16+00:00,bibliographic/aggregator evidence only; API channels may share provenance; no PI or project fact inferred,/home/runner/work/PolyFT/PolyFT/downloaded-remaining/nsfc-be-probe-batch-004
E,50474090,2004,general,E04,2004|general|E04|50474|3,0.829787,P3,false,low_rate_probe,"""50474090""","""50474090"" ""National Natural Science Foundation of China""","award.number:50474090,award.funder:501100001809","site:edu.cn OR site:ac.cn ""50474090""",queued,false,bibliographic/aggregator evidence only; API channels may share provenance; no PI or project fact inferred,200,0,0,200,0,0,0,0,200,200,,0,no_match_all_sources,E_negative_probe_only,,,,,not_checked,true,exact_web_and_institution_search,,2026-08-27T07:57:16+00:00,bibliographic/aggregator evidence only; API channels may share provenance; no PI or project fact inferred,/home/runner/work/PolyFT/PolyFT/downloaded-remaining/nsfc-be-probe-batch-004
E,50479067,2004,joint_fund,E09,2004|joint_fund|E09|50479|3,0.800000,P3,true,manual_context_review_before_probe,"""50479067""","""50479067"" ""National Natural Science Foundation of China""","award.number:50479067,award.funder:501100001809","site:edu.cn OR site:ac.cn ""50479067""",queued,false,bibliographic/aggregator evidence only; API channels may share provenance; no PI or project fact inferred,200,0,0,200,0,0,0,0,200,200,,0,no_match_all_sources,E_negative_probe_only,,,,,not_checked,true,exact_web_and_institution_search,,2026-08-27T07:58:42+00:00,bibliographic/aggregator evidence only; API channels may share provenance; no PI or project fact inferred,/home/runner/work/PolyFT/PolyFT/downloaded-remaining/nsfc-be-probe-batch-005
E,50501011,2005,youth_c,E01,2005|youth_c|E01|50501|3,0.916667,P3,false,low_rate_probe,"""50501011""","""50501011"" ""National Natural Science Foundation of China""","award.number:50501011,award.funder:501100001809","site:edu.cn OR site:ac.cn ""50501011""",queued,false,bibliographic/aggregator evidence only; API channels may share provenance; no PI or project fact inferred,200,0,0,200,1,1,0,0,200,200,,0,award_number_only,D_award_only,,,,,not_checked,true,exact_web_and_institution_search,,2026-08-27T07:50:51+00:00,bibliographic/aggregator evidence only; API channels may share provenance; no PI or project fact inferred,/home/runner/work/PolyFT/PolyFT/downloaded-remaining/nsfc-be-probe-batch-003
E,50501013,2005,youth_c,E01,2005|youth_c|E01|50501|3,0.916667,P3,false,low_rate_probe,"""50501013""","""50501013"" ""National Natural Science Foundation of China""","award.number:50501013,award.funder:501100001809","site:edu.cn OR site:ac.cn ""50501013""",queued,false,bibliographic/aggregator evidence only; API channels may share provenance; no PI or project fact inferred,200,0,0,200,0,0,0,0,200,200,,0,no_match_all_sources,E_negative_probe_only,,,,,not_checked,true,exact_web_and_institution_search,,2026-08-27T07:50:51+00:00,bibliographic/aggregator evidence only; API channels may share provenance; no PI or project fact inferred,/home/runner/work/PolyFT/PolyFT/downloaded-remaining/nsfc-be-probe-batch-003
E,50505002,2005,youth_c,E05,2005|youth_c|E05|50505|3,0.961538,P2,false,next_probe_batch,"""50505002""","""50505002"" ""National Natural Science Foundation of China""","award.number:50505002,award.funder:501100001809","site:edu.cn OR site:ac.cn ""50505002""",queued,true,bibliographic/aggregator evidence only; API channels may share provenance; no PI or project fact inferred,200,0,0,200,0,0,0,0,200,200,,0,no_match_all_sources,E_negative_probe_only,,,,,not_checked,true,exact_web_and_institution_search,,2026-08-27T07:33:47+00:00,bibliographic/aggregator evidence only; API channels may share provenance; no PI or project fact inferred,/home/runner/work/PolyFT/PolyFT/extracted-first/nsfc-be-probe-batch-001
E,50505050,2005,youth_c,E05,2005|youth_c|E05|50505|3,0.961538,P2,false,next_probe_batch,"""50505050""","""50505050"" ""National Natural Science Foundation of China""","award.number:50505050,award.funder:501100001809","site:edu.cn OR site:ac.cn ""50505050""",queued,true,bibliographic/aggregator evidence only; API channels may share provenance; no PI or project fact inferred,200,0,0,200,0,0,0,0,200,200,,0,no_match_all_sources,E_negative_probe_only,,,,,not_checked,true,exact_web_and_institution_search,,2026-08-27T07:33:47+00:00,bibliographic/aggregator evidence only; API channels may share provenance; no PI or project fact inferred,/home/runner/work/PolyFT/PolyFT/extracted-first/nsfc-be-probe-batch-001
E,50508006,2005,youth_c,E08,2005|youth_c|E08|50508|3,0.833333,P3,true,manual_context_review_before_probe,"""50508006""","""50508006"" ""National Natural Science Foundation of China""","award.number:50508006,award.funder:501100001809","site:edu.cn OR site:ac.cn ""50508006""",queued,false,bibliographic/aggregator evidence only; API channels may share provenance; no PI or project fact inferred,200,1,1,,0,0,0,0,200,200,crossref,1,confirmed_bibliographic,C_bibliographic,,,,,not_checked,true,official_or_institutional_confirmation,,2026-08-27T07:57:16+00:00,bibliographic/aggregator evidence only; API channels may share provenance; no PI or project fact inferred,/home/runner/work/PolyFT/PolyFT/downloaded-remaining/nsfc-be-probe-batch-004
E,50508011,2005,youth_c,E08,2005|youth_c|E08|50508|3,0.833333,P3,true,manual_context_review_before_probe,"""50508011""","""50508011"" ""National Natural Science Foundation of China""","award.number:50508011,award.funder:501100001809","site:edu.cn OR site:ac.cn ""50508011""",queued,false,bibliographic/aggregator evidence only; API channels may share provenance; no PI or project fact inferred,200,0,0,200,0,0,0,0,200,200,,0,no_match_all_sources,E_negative_probe_only,,,,,not_checked,true,exact_web_and_institution_search,,2026-08-27T07:57:16+00:00,bibliographic/aggregator evidence only; API channels may share provenance; no PI or project fact inferred,/home/runner/work/PolyFT/PolyFT/downloaded-remaining/nsfc-be-probe-batch-004
E,50508014,2005,youth_c,E08,2005|youth_c|E08|50508|3,0.833333,P3,true,manual_context_review_before_probe,"""50508014""","""50508014"" ""National Natural Science Foundation of China""","award.number:50508014,award.funder:501100001809","site:edu.cn OR site:ac.cn ""50508014""",queued,false,bibliographic/aggregator evidence only; API channels may share provenance; no PI or project fact inferred,200,1,1,,0,0,0,0,200,200,crossref,1,confirmed_bibliographic,C_bibliographic,,,,,not_checked,true,official_or_institutional_confirmation,,2026-08-27T07:57:16+00:00,bibliographic/aggregator evidence only; API channels may share provenance; no PI or project fact inferred,/home/runner/work/PolyFT/PolyFT/downloaded-remaining/nsfc-be-probe-batch-004
E,50508017,2005,youth_c,E08,2005|youth_c|E08|50508|3,0.833333,P3,true,manual_context_review_before_probe,"""50508017""","""50508017"" ""National Natural Science Foundation of China""","award.number:50508017,award.funder:501100001809","site:edu.cn OR site:ac.cn ""50508017""",queued,false,bibliographic/aggregator evidence only; API channels may share provenance; no PI or project fact inferred,200,0,0,200,0,0,0,0,200,200,,0,no_match_all_sources,E_negative_probe_only,,,,,not_checked,true,exact_web_and_institution_search,,2026-08-27T07:57:16+00:00,bibliographic/aggregator evidence only; API channels may share provenance; no PI or project fact inferred,/home/runner/work/PolyFT/PolyFT/downloaded-remaining/nsfc-be-probe-batch-004
E,50508018,2005,youth_c,E08,2005|youth_c|E08|50508|3,0.833333,P3,true,manual_context_review_before_probe,"""50508018""","""50508018"" ""National Natural Science Foundation of China""","award.number:50508018,award.funder:501100001809","site:edu.cn OR site:ac.cn ""50508018""",queued,false,bibliographic/aggregator evidence only; API channels may share provenance; no PI or project fact inferred,200,1,1,,0,0,0,0,200,200,crossref,1,confirmed_bibliographic,C_bibliographic,,,,,not_checked,true,official_or_institutional_confirmation,,2026-08-27T07:57:16+00:00,bibliographic/aggregator evidence only; API channels may share provenance; no PI or project fact inferred,/home/runner/work/PolyFT/PolyFT/downloaded-remaining/nsfc-be-probe-batch-004
E,50508019,2005,youth_c,E08,2005|youth_c|E08|50508|3,0.833333,P3,true,manual_context_review_before_probe,"""50508019""","""50508019"" ""National Natural Science Foundation of China""","award.number:50508019,award.funder:501100001809","site:edu.cn OR site:ac.cn ""50508019""",queued,false,bibliographic/aggregator evidence only; API channels may share provenance; no PI or project fact inferred,200,0,0,200,0,0,0,0,200,200,,0,no_match_all_sources,E_negative_probe_only,,,,,not_checked,true,exact_web_and_institution_search,,2026-08-27T07:57:16+00:00,bibliographic/aggregator evidence only; API channels may share provenance; no PI or project fact inferred,/home/runner/work/PolyFT/PolyFT/downloaded-remaining/nsfc-be-probe-batch-004
E,50508042,2005,youth_c,E08,2005|youth_c|E08|50508|3,0.833333,P3,true,manual_context_review_before_probe,"""50508042""","""50508042"" ""National Natural Science Foundation of China""","award.number:50508042,award.funder:501100001809","site:edu.cn OR site:ac.cn ""50508042""",queued,false,bibliographic/aggregator evidence only; API channels may share provenance; no PI or project fact inferred,200,0,0,200,0,0,0,0,200,200,,0,no_match_all_sources,E_negative_probe_only,,,,,not_checked,true,exact_web_and_institution_search,,2026-08-27T07:57:16+00:00,bibliographic/aggregator evidence only; API channels may share provenance; no PI or project fact inferred,/home/runner/work/PolyFT/PolyFT/downloaded-remaining/nsfc-be-probe-batch-004
E,50571022,2005,general,E01,2005|general|E01|50571|3,0.964912,P2,false,next_probe_batch,"""50571022""","""50571022"" ""National Natural Science Foundation of China""","award.number:50571022,award.funder:501100001809","site:edu.cn OR site:ac.cn ""50571022""",queued,true,bibliographic/aggregator evidence only; API channels may share provenance; no PI or project fact inferred,200,0,0,200,0,0,0,0,200,200,,0,no_match_all_sources,E_negative_probe_only,,,,,not_checked,true,exact_web_and_institution_search,,2026-08-27T07:33:47+00:00,bibliographic/aggregator evidence only; API channels may share provenance; no PI or project fact inferred,/home/runner/work/PolyFT/PolyFT/extracted-first/nsfc-be-probe-batch-001
E,50571058,2005,general,E01,2005|general|E01|50571|3,0.964912,P2,false,next_probe_batch,"""50571058""","""50571058"" ""National Natural Science Foundation of China""","award.number:50571058,award.funder:501100001809","site:edu.cn OR site:ac.cn ""50571058""",queued,true,bibliographic/aggregator evidence only; API channels may share provenance; no PI or project fact inferred,200,0,0,200,0,0,0,0,200,200,,0,no_match_all_sources,E_negative_probe_only,,,,,not_checked,true,exact_web_and_institution_search,,2026-08-27T07:33:47+00:00,bibliographic/aggregator evidence only; API channels may share provenance; no PI or project fact inferred,/home/runner/work/PolyFT/PolyFT/extracted-first/nsfc-be-probe-batch-001
E,50571060,2005,general,E01,2005|general|E01|50571|3,0.964912,P2,false,next_probe_batch,"""50571060""","""50571060"" ""National Natural Science Foundation of China""","award.number:50571060,award.funder:501100001809","site:edu.cn OR site:ac.cn ""50571060""",queued,true,bibliographic/aggregator evidence only; API channels may share provenance; no PI or project fact inferred,200,0,0,200,0,0,0,0,200,200,,0,no_match_all_sources,E_negative_probe_only,,,,,not_checked,true,exact_web_and_institution_search,,2026-08-27T07:33:47+00:00,bibliographic/aggregator evidence only; API channels may share provenance; no PI or project fact inferred,/home/runner/work/PolyFT/PolyFT/extracted-first/nsfc-be-probe-batch-001
E,50571061,2005,general,E01,2005|general|E01|50571|3,0.964912,P2,false,next_probe_batch,"""50571061""","""50571061"" ""National Natural Science Foundation of China""","award.number:50571061,award.funder:501100001809","site:edu.cn OR site:ac.cn ""50571061""",queued,true,bibliographic/aggregator evidence only; API channels may share provenance; no PI or project fact inferred,200,0,0,200,0,0,0,0,200,200,,0,no_match_all_sources,E_negative_probe_only,,,,,not_checked,true,exact_web_and_institution_search,,2026-08-27T07:33:47+00:00,bibliographic/aggregator evidence only; API channels may share provenance; no PI or project fact inferred,/home/runner/work/PolyFT/PolyFT/extracted-first/nsfc-be-probe-batch-001
E,50573017,2005,general,E03,2005|general|E03|50573|3,0.989474,P1,false,immediate_probe,"""50573017""","""50573017"" ""National Natural Science Foundation of China""","award.number:50573017,award.funder:501100001809","site:edu.cn OR site:ac.cn ""50573017""",queued,true,bibliographic/aggregator evidence only; API channels may share provenance; no PI or project fact inferred,200,0,0,200,0,0,0,0,200,200,,0,no_match_all_sources,E_negative_probe_only,,,,,not_checked,true,exact_web_and_institution_search,,2026-08-27T07:33:47+00:00,bibliographic/aggregator evidence only; API channels may share provenance; no PI or project fact inferred,/home/runner/work/PolyFT/PolyFT/extracted-first/nsfc-be-probe-batch-001
E,50574014,2005,general,E04,2005|general|E04|50574|3,0.882883,P3,false,low_rate_probe,"""50574014""","""50574014"" ""National Natural Science Foundation of China""","award.number:50574014,award.funder:501100001809","site:edu.cn OR site:ac.cn ""50574014""",queued,false,bibliographic/aggregator evidence only; API channels may share provenance; no PI or project fact inferred,200,0,0,200,0,0,0,0,200,200,,0,no_match_all_sources,E_negative_probe_only,,,,,not_checked,true,exact_web_and_institution_search,,2026-08-27T07:50:51+00:00,bibliographic/aggregator evidence only; API channels may share provenance; no PI or project fact inferred,/home/runner/work/PolyFT/PolyFT/downloaded-remaining/nsfc-be-probe-batch-003
E,50574018,2005,general,E04,2005|general|E04|50574|3,0.882883,P3,false,low_rate_probe,"""50574018""","""50574018"" ""National Natural Science Foundation of China""","award.number:50574018,award.funder:501100001809","site:edu.cn OR site:ac.cn ""50574018""",queued,false,bibliographic/aggregator evidence only; API channels may share provenance; no PI or project fact inferred,200,0,0,200,0,0,0,0,200,200,,0,no_match_all_sources,E_negative_probe_only,,,,,not_checked,true,exact_web_and_institution_search,,2026-08-27T07:50:51+00:00,bibliographic/aggregator evidence only; API channels may share provenance; no PI or project fact inferred,/home/runner/work/PolyFT/PolyFT/downloaded-remaining/nsfc-be-probe-batch-003
E,50574019,2005,general,E04,2005|general|E04|50574|3,0.882883,P3,false,low_rate_probe,"""50574019""","""50574019"" ""National Natural Science Foundation of China""","award.number:50574019,award.funder:501100001809","site:edu.cn OR site:ac.cn ""50574019""",queued,false,bibliographic/aggregator evidence only; API channels may share provenance; no PI or project fact inferred,200,0,0,200,0,0,0,0,200,200,,0,no_match_all_sources,E_negative_probe_only,,,,,not_checked,true,exact_web_and_institution_search,,2026-08-27T07:50:51+00:00,bibliographic/aggregator evidence only; API channels may share provenance; no PI or project fact inferred,/home/runner/work/PolyFT/PolyFT/downloaded-remaining/nsfc-be-probe-batch-003
E,50574020,2005,general,E04,2005|general|E04|50574|3,0.882883,P3,false,low_rate_probe,"""50574020""","""50574020"" ""National Natural Science Foundation of China""","award.number:50574020,award.funder:501100001809","site:edu.cn OR site:ac.cn ""50574020""",queued,false,bibliographic/aggregator evidence only; API channels may share provenance; no PI or project fact inferred,200,1,1,,0,0,0,0,200,200,crossref,1,confirmed_bibliographic,C_bibliographic,,,,,not_checked,true,official_or_institutional_confirmation,,2026-08-27T07:50:51+00:00,bibliographic/aggregator evidence only; API channels may share provenance; no PI or project fact inferred,/home/runner/work/PolyFT/PolyFT/downloaded-remaining/nsfc-be-probe-batch-003
E,50574021,2005,general,E04,2005|general|E04|50574|3,0.882883,P3,false,low_rate_probe,"""50574021""","""50574021"" ""National Natural Science Foundation of China""","award.number:50574021,award.funder:501100001809","site:edu.cn OR site:ac.cn ""50574021""",queued,false,bibliographic/aggregator evidence only; API channels may share provenance; no PI or project fact inferred,200,0,0,200,1,1,0,0,200,200,,0,award_number_only,D_award_only,,,,,not_checked,true,exact_web_and_institution_search,,2026-08-27T07:50:51+00:00,bibliographic/aggregator evidence only; API channels may share provenance; no PI or project fact inferred,/home/runner/work/PolyFT/PolyFT/downloaded-remaining/nsfc-be-probe-batch-003
E,50574035,2005,general,E04,2005|general|E04|50574|3,0.882883,P3,false,low_rate_probe,"""50574035""","""50574035"" ""National Natural Science Foundation of China""","award.number:50574035,award.funder:501100001809","site:edu.cn OR site:ac.cn ""50574035""",queued,false,bibliographic/aggregator evidence only; API channels may share provenance; no PI or project fact inferred,200,0,0,200,0,0,0,0,200,200,,0,no_match_all_sources,E_negative_probe_only,,,,,not_checked,true,exact_web_and_institution_search,,2026-08-27T07:50:51+00:00,bibliographic/aggregator evidence only; API channels may share provenance; no PI or project fact inferred,/home/runner/work/PolyFT/PolyFT/downloaded-remaining/nsfc-be-probe-batch-003
E,50574056,2005,general,E04,2005|general|E04|50574|3,0.882883,P3,false,low_rate_probe,"""50574056""","""50574056"" ""National Natural Science Foundation of China""","award.number:50574056,award.funder:501100001809","site:edu.cn OR site:ac.cn ""50574056""",queued,false,bibliographic/aggregator evidence only; API channels may share provenance; no PI or project fact inferred,200,4,4,,0,0,0,0,200,200,crossref,4,confirmed_bibliographic,C_bibliographic,,,,,not_checked,true,official_or_institutional_confirmation,,2026-08-27T07:50:51+00:00,bibliographic/aggregator evidence only; API channels may share provenance; no PI or project fact inferred,/home/runner/work/PolyFT/PolyFT/downloaded-remaining/nsfc-be-probe-batch-003
E,50574057,2005,general,E04,2005|general|E04|50574|3,0.882883,P3,false,low_rate_probe,"""50574057""","""50574057"" ""National Natural Science Foundation of China""","award.number:50574057,award.funder:501100001809","site:edu.cn OR site:ac.cn ""50574057""",queued,false,bibliographic/aggregator evidence only; API channels may share provenance; no PI or project fact inferred,200,0,0,200,0,0,0,0,200,200,,0,no_match_all_sources,E_negative_probe_only,,,,,not_checked,true,exact_web_and_institution_search,,2026-08-27T07:50:51+00:00,bibliographic/aggregator evidence only; API channels may share provenance; no PI or project fact inferred,/home/runner/work/PolyFT/PolyFT/downloaded-remaining/nsfc-be-probe-batch-003
E,50574066,2005,general,E04,2005|general|E04|50574|3,0.882883,P3,false,low_rate_probe,"""50574066""","""50574066"" ""National Natural Science Foundation of China""","award.number:50574066,award.funder:501100001809","site:edu.cn OR site:ac.cn ""50574066""",queued,false,bibliographic/aggregator evidence only; API channels may share provenance; no PI or project fact inferred,200,0,0,200,0,0,0,0,200,200,,0,no_match_all_sources,E_negative_probe_only,,,,,not_checked,true,exact_web_and_institution_search,,2026-08-27T07:50:51+00:00,bibliographic/aggregator evidence only; API channels may share provenance; no PI or project fact inferred,/home/runner/work/PolyFT/PolyFT/downloaded-remaining/nsfc-be-probe-batch-003
E,50574067,2005,general,E04,2005|general|E04|50574|3,0.882883,P3,false,low_rate_probe,"""50574067""","""50574067"" ""National Natural Science Foundation of China""","award.number:50574067,award.funder:501100001809","site:edu.cn OR site:ac.cn ""50574067""",queued,false,bibliographic/aggregator evidence only; API channels may share provenance; no PI or project fact inferred,200,0,0,200,0,0,0,0,200,200,,0,no_match_all_sources,E_negative_probe_only,,,,,not_checked,true,exact_web_and_institution_search,,2026-08-27T07:50:51+00:00,bibliographic/aggregator evidence only; API channels may share provenance; no PI or project fact inferred,/home/runner/work/PolyFT/PolyFT/downloaded-remaining/nsfc-be-probe-batch-003
E,50574077,2005,general,E04,2005|general|E04|50574|3,0.882883,P3,false,low_rate_probe,"""50574077""","""50574077"" ""National Natural Science Foundation of China""","award.number:50574077,award.funder:501100001809","site:edu.cn OR site:ac.cn ""50574077""",queued,false,bibliographic/aggregator evidence only; API channels may share provenance; no PI or project fact inferred,200,0,0,200,0,0,0,0,200,200,,0,no_match_all_sources,E_negative_probe_only,,,,,not_checked,true,exact_web_and_institution_search,,2026-08-27T07:50:51+00:00,bibliographic/aggregator evidence only; API channels may share provenance; no PI or project fact inferred,/home/runner/work/PolyFT/PolyFT/downloaded-remaining/nsfc-be-probe-batch-003
E,50574085,2005,general,E04,2005|general|E04|50574|3,0.882883,P3,false,low_rate_probe,"""50574085""","""50574085"" ""National Natural Science Foundation of China""","award.number:50574085,award.funder:501100001809","site:edu.cn OR site:ac.cn ""50574085""",queued,false,bibliographic/aggregator evidence only; API channels may share provenance; no PI or project fact inferred,200,0,0,200,0,0,0,0,200,200,,0,no_match_all_sources,E_negative_probe_only,,,,,not_checked,true,exact_web_and_institution_search,,2026-08-27T07:50:51+00:00,bibliographic/aggregator evidence only; API channels may share provenance; no PI or project fact inferred,/home/runner/work/PolyFT/PolyFT/downloaded-remaining/nsfc-be-probe-batch-003
E,50574110,2005,general,E04,2005|general|E04|50574|3,0.882883,P3,false,low_rate_probe,"""50574110""","""50574110"" ""National Natural Science Foundation of China""","award.number:50574110,award.funder:501100001809","site:edu.cn OR site:ac.cn ""50574110""",queued,false,bibliographic/aggregator evidence only; API channels may share provenance; no PI or project fact inferred,200,0,0,200,0,0,0,0,200,200,,0,no_match_all_sources,E_negative_probe_only,,,,,not_checked,true,exact_web_and_institution_search,,2026-08-27T07:50:51+00:00,bibliographic/aggregator evidence only; API channels may share provenance; no PI or project fact inferred,/home/runner/work/PolyFT/PolyFT/downloaded-remaining/nsfc-be-probe-batch-003
E,50575112,2005,general,E05,2005|general|E05|50575|3,0.991489,P1,false,immediate_probe,"""50575112""","""50575112"" ""National Natural Science Foundation of China""","award.number:50575112,award.funder:501100001809","site:edu.cn OR site:ac.cn ""50575112""",queued,true,bibliographic/aggregator evidence only; API channels may share provenance; no PI or project fact inferred,200,0,0,200,0,0,0,0,200,200,,0,no_match_all_sources,E_negative_probe_only,,,,,not_checked,true,exact_web_and_institution_search,,2026-08-27T07:33:47+00:00,bibliographic/aggregator evidence only; API channels may share provenance; no PI or project fact inferred,/home/runner/work/PolyFT/PolyFT/extracted-first/nsfc-be-probe-batch-001
E,50575146,2005,general,E05,2005|general|E05|50575|3,0.991489,P1,false,immediate_probe,"""50575146""","""50575146"" ""National Natural Science Foundation of China""","award.number:50575146,award.funder:501100001809","site:edu.cn OR site:ac.cn ""50575146""",queued,true,bibliographic/aggregator evidence only; API channels may share provenance; no PI or project fact inferred,200,0,0,200,0,0,0,0,200,200,,0,no_match_all_sources,E_negative_probe_only,,,,,not_checked,true,exact_web_and_institution_search,,2026-08-27T07:33:47+00:00,bibliographic/aggregator evidence only; API channels may share provenance; no PI or project fact inferred,/home/runner/work/PolyFT/PolyFT/extracted-first/nsfc-be-probe-batch-001
E,50579007,2005,general,E09,2005|general|E09|50579|3,0.848101,P3,true,manual_context_review_before_probe,"""50579007""","""50579007"" ""National Natural Science Foundation of China""","award.number:50579007,award.funder:501100001809","site:edu.cn OR site:ac.cn ""50579007""",queued,false,bibliographic/aggregator evidence only; API channels may share provenance; no PI or project fact inferred,200,0,0,200,0,0,0,0,200,200,,0,no_match_all_sources,E_negative_probe_only,,,,,not_checked,true,exact_web_and_institution_search,,2026-08-27T07:57:16+00:00,bibliographic/aggregator evidence only; API channels may share provenance; no PI or project fact inferred,/home/runner/work/PolyFT/PolyFT/downloaded-remaining/nsfc-be-probe-batch-004
E,50579008,2005,general,E09,2005|general|E09|50579|3,0.848101,P3,true,manual_context_review_before_probe,"""50579008""","""50579008"" ""National Natural Science Foundation of China""","award.number:50579008,award.funder:501100001809","site:edu.cn OR site:ac.cn ""50579008""",queued,false,bibliographic/aggregator evidence only; API channels may share provenance; no PI or project fact inferred,200,1,1,,0,0,0,0,200,200,crossref,1,confirmed_bibliographic,C_bibliographic,,,,,not_checked,true,official_or_institutional_confirmation,,2026-08-27T07:57:16+00:00,bibliographic/aggregator evidence only; API channels may share provenance; no PI or project fact inferred,/home/runner/work/PolyFT/PolyFT/downloaded-remaining/nsfc-be-probe-batch-004
E,50579015,2005,general,E09,2005|general|E09|50579|3,0.848101,P3,true,manual_context_review_before_probe,"""50579015""","""50579015"" ""National Natural Science Foundation of China""","award.number:50579015,award.funder:501100001809","site:edu.cn OR site:ac.cn ""50579015""",queued,false,bibliographic/aggregator evidence only; API channels may share provenance; no PI or project fact inferred,200,0,0,200,0,0,0,0,200,200,,0,no_match_all_sources,E_negative_probe_only,,,,,not_checked,true,exact_web_and_institution_search,,2026-08-27T07:57:16+00:00,bibliographic/aggregator evidence only; API channels may share provenance; no PI or project fact inferred,/home/runner/work/PolyFT/PolyFT/downloaded-remaining/nsfc-be-probe-batch-004
E,50579016,2005,general,E09,2005|general|E09|50579|3,0.848101,P3,true,manual_context_review_before_probe,"""50579016""","""50579016"" ""National Natural Science Foundation of China""","award.number:50579016,award.funder:501100001809","site:edu.cn OR site:ac.cn ""50579016""",queued,false,bibliographic/aggregator evidence only; API channels may share provenance; no PI or project fact inferred,200,0,0,200,0,0,0,0,200,200,,0,no_match_all_sources,E_negative_probe_only,,,,,not_checked,true,exact_web_and_institution_search,,2026-08-27T07:57:16+00:00,bibliographic/aggregator evidence only; API channels may share provenance; no PI or project fact inferred,/home/runner/work/PolyFT/PolyFT/downloaded-remaining/nsfc-be-probe-batch-004
E,50579023,2005,general,E09,2005|general|E09|50579|3,0.848101,P3,true,manual_context_review_before_probe,"""50579023""","""50579023"" ""National Natural Science Foundation of China""","award.number:50579023,award.funder:501100001809","site:edu.cn OR site:ac.cn ""50579023""",queued,false,bibliographic/aggregator evidence only; API channels may share provenance; no PI or project fact inferred,200,0,0,200,0,0,0,0,200,200,,0,no_match_all_sources,E_negative_probe_only,,,,,not_checked,true,exact_web_and_institution_search,,2026-08-27T07:57:16+00:00,bibliographic/aggregator evidence only; API channels may share provenance; no PI or project fact inferred,/home/runner/work/PolyFT/PolyFT/downloaded-remaining/nsfc-be-probe-batch-004
E,50579034,2005,general,E09,2005|general|E09|50579|3,0.848101,P3,true,manual_context_review_before_probe,"""50579034""","""50579034"" ""National Natural Science Foundation of China""","award.number:50579034,award.funder:501100001809","site:edu.cn OR site:ac.cn ""50579034""",queued,false,bibliographic/aggregator evidence only; API channels may share provenance; no PI or project fact inferred,200,0,0,200,0,0,0,0,200,200,,0,no_match_all_sources,E_negative_probe_only,,,,,not_checked,true,exact_web_and_institution_search,,2026-08-27T07:57:16+00:00,bibliographic/aggregator evidence only; API channels may share provenance; no PI or project fact inferred,/home/runner/work/PolyFT/PolyFT/downloaded-remaining/nsfc-be-probe-batch-004
E,50579035,2005,general,E09,2005|general|E09|50579|3,0.848101,P3,true,manual_context_review_before_probe,"""50579035""","""50579035"" ""National Natural Science Foundation of China""","award.number:50579035,award.funder:501100001809","site:edu.cn OR site:ac.cn ""50579035""",queued,false,bibliographic/aggregator evidence only; API channels may share provenance; no PI or project fact inferred,200,0,0,200,0,0,0,0,200,200,,0,no_match_all_sources,E_negative_probe_only,,,,,not_checked,true,exact_web_and_institution_search,,2026-08-27T07:57:16+00:00,bibliographic/aggregator evidence only; API channels may share provenance; no PI or project fact inferred,/home/runner/work/PolyFT/PolyFT/downloaded-remaining/nsfc-be-probe-batch-004
E,50579043,2005,general,E09,2005|general|E09|50579|3,0.848101,P3,true,manual_context_review_before_probe,"""50579043""","""50579043"" ""National Natural Science Foundation of China""","award.number:50579043,award.funder:501100001809","site:edu.cn OR site:ac.cn ""50579043""",queued,false,bibliographic/aggregator evidence only; API channels may share provenance; no PI or project fact inferred,200,0,0,200,0,0,0,0,200,200,,0,no_match_all_sources,E_negative_probe_only,,,,,not_checked,true,exact_web_and_institution_search,,2026-08-27T07:57:16+00:00,bibliographic/aggregator evidence only; API channels may share provenance; no PI or project fact inferred,/home/runner/work/PolyFT/PolyFT/downloaded-remaining/nsfc-be-probe-batch-004
E,50579047,2005,general,E09,2005|general|E09|50579|3,0.848101,P3,true,manual_context_review_before_probe,"""50579047""","""50579047"" ""National Natural Science Foundation of China""","award.number:50579047,award.funder:501100001809","site:edu.cn OR site:ac.cn ""50579047""",queued,false,bibliographic/aggregator evidence only; API channels may share provenance; no PI or project fact inferred,200,0,0,200,0,0,0,0,200,200,,0,no_match_all_sources,E_negative_probe_only,,,,,not_checked,true,exact_web_and_institution_search,,2026-08-27T07:57:16+00:00,bibliographic/aggregator evidence only; API channels may share provenance; no PI or project fact inferred,/home/runner/work/PolyFT/PolyFT/downloaded-remaining/nsfc-be-probe-batch-004
E,50579061,2005,general,E09,2005|general|E09|50579|3,0.848101,P3,true,manual_context_review_before_probe,"""50579061""","""50579061"" ""National Natural Science Foundation of China""","award.number:50579061,award.funder:501100001809","site:edu.cn OR site:ac.cn ""50579061""",queued,false,bibliographic/aggregator evidence only; API channels may share provenance; no PI or project fact inferred,200,0,0,200,0,0,0,0,200,200,,0,no_match_all_sources,E_negative_probe_only,,,,,not_checked,true,exact_web_and_institution_search,,2026-08-27T07:57:16+00:00,bibliographic/aggregator evidence only; API channels may share provenance; no PI or project fact inferred,/home/runner/work/PolyFT/PolyFT/downloaded-remaining/nsfc-be-probe-batch-004
E,50579069,2005,general,E09,2005|general|E09|50579|3,0.848101,P3,true,manual_context_review_before_probe,"""50579069""","""50579069"" ""National Natural Science Foundation of China""","award.number:50579069,award.funder:501100001809","site:edu.cn OR site:ac.cn ""50579069""",queued,false,bibliographic/aggregator evidence only; API channels may share provenance; no PI or project fact inferred,200,0,0,200,0,0,0,0,200,200,,0,no_match_all_sources,E_negative_probe_only,,,,,not_checked,true,exact_web_and_institution_search,,2026-08-27T07:57:16+00:00,bibliographic/aggregator evidence only; API channels may share provenance; no PI or project fact inferred,/home/runner/work/PolyFT/PolyFT/downloaded-remaining/nsfc-be-probe-batch-004
E,50579076,2005,general,E09,2005|general|E09|50579|3,0.848101,P3,true,manual_context_review_before_probe,"""50579076""","""50579076"" ""National Natural Science Foundation of China""","award.number:50579076,award.funder:501100001809","site:edu.cn OR site:ac.cn ""50579076""",queued,false,bibliographic/aggregator evidence only; API channels may share provenance; no PI or project fact inferred,200,0,0,200,0,0,0,0,200,200,,0,no_match_all_sources,E_negative_probe_only,,,,,not_checked,true,exact_web_and_institution_search,,2026-08-27T07:57:16+00:00,bibliographic/aggregator evidence only; API channels may share provenance; no PI or project fact inferred,/home/runner/work/PolyFT/PolyFT/downloaded-remaining/nsfc-be-probe-batch-004
E,50602015,2006,youth_c,E02,2006|youth_c|E02|50602|3,0.980392,P1,false,immediate_probe,"""50602015""","""50602015"" ""National Natural Science Foundation of China""","award.number:50602015,award.funder:501100001809","site:edu.cn OR site:ac.cn ""50602015""",queued,true,bibliographic/aggregator evidence only; API channels may share provenance; no PI or project fact inferred,200,0,0,200,0,0,0,0,200,200,,0,no_match_all_sources,E_negative_probe_only,,,,,not_checked,true,exact_web_and_institution_search,,2026-08-27T07:33:47+00:00,bibliographic/aggregator evidence only; API channels may share provenance; no PI or project fact inferred,/home/runner/work/PolyFT/PolyFT/extracted-first/nsfc-be-probe-batch-001
E,50609003,2006,youth_c,E09,2006|youth_c|E09|50609|3,0.838710,P3,true,manual_context_review_before_probe,"""50609003""","""50609003"" ""National Natural Science Foundation of China""","award.number:50609003,award.funder:501100001809","site:edu.cn OR site:ac.cn ""50609003""",queued,false,bibliographic/aggregator evidence only; API channels may share provenance; no PI or project fact inferred,200,0,0,200,0,0,0,0,200,200,,0,no_match_all_sources,E_negative_probe_only,,,,,not_checked,true,exact_web_and_institution_search,,2026-08-27T07:57:16+00:00,bibliographic/aggregator evidence only; API channels may share provenance; no PI or project fact inferred,/home/runner/work/PolyFT/PolyFT/downloaded-remaining/nsfc-be-probe-batch-004
E,50609008,2006,youth_c,E09,2006|youth_c|E09|50609|3,0.838710,P3,true,manual_context_review_before_probe,"""50609008""","""50609008"" ""National Natural Science Foundation of China""","award.number:50609008,award.funder:501100001809","site:edu.cn OR site:ac.cn ""50609008""",queued,false,bibliographic/aggregator evidence only; API channels may share provenance; no PI or project fact inferred,200,0,0,200,0,0,0,0,200,200,,0,no_match_all_sources,E_negative_probe_only,,,,,not_checked,true,exact_web_and_institution_search,,2026-08-27T07:57:16+00:00,bibliographic/aggregator evidence only; API channels may share provenance; no PI or project fact inferred,/home/runner/work/PolyFT/PolyFT/downloaded-remaining/nsfc-be-probe-batch-004
E,50609009,2006,youth_c,E09,2006|youth_c|E09|50609|3,0.838710,P3,true,manual_context_review_before_probe,"""50609009""","""50609009"" ""National Natural Science Foundation of China""","award.number:50609009,award.funder:501100001809","site:edu.cn OR site:ac.cn ""50609009""",queued,false,bibliographic/aggregator evidence only; API channels may share provenance; no PI or project fact inferred,200,0,0,200,0,0,0,0,200,200,,0,no_match_all_sources,E_negative_probe_only,,,,,not_checked,true,exact_web_and_institution_search,,2026-08-27T07:57:16+00:00,bibliographic/aggregator evidence only; API channels may share provenance; no PI or project fact inferred,/home/runner/work/PolyFT/PolyFT/downloaded-remaining/nsfc-be-probe-batch-004
E,50609011,2006,youth_c,E09,2006|youth_c|E09|50609|3,0.838710,P3,true,manual_context_review_before_probe,"""50609011""","""50609011"" ""National Natural Science Foundation of China""","award.number:50609011,award.funder:501100001809","site:edu.cn OR site:ac.cn ""50609011""",queued,false,bibliographic/aggregator evidence only; API channels may share provenance; no PI or project fact inferred,200,0,0,200,0,0,0,0,200,200,,0,no_match_all_sources,E_negative_probe_only,,,,,not_checked,true,exact_web_and_institution_search,,2026-08-27T07:57:16+00:00,bibliographic/aggregator evidence only; API channels may share provenance; no PI or project fact inferred,/home/runner/work/PolyFT/PolyFT/downloaded-remaining/nsfc-be-probe-batch-004
E,50609015,2006,youth_c,E09,2006|youth_c|E09|50609|3,0.838710,P3,true,manual_context_review_before_probe,"""50609015""","""50609015"" ""National Natural Science Foundation of China""","award.number:50609015,award.funder:501100001809","site:edu.cn OR site:ac.cn ""50609015""",queued,false,bibliographic/aggregator evidence only; API channels may share provenance; no PI or project fact inferred,200,0,0,200,0,0,0,0,200,200,,0,no_match_all_sources,E_negative_probe_only,,,,,not_checked,true,exact_web_and_institution_search,,2026-08-27T07:57:16+00:00,bibliographic/aggregator evidence only; API channels may share provenance; no PI or project fact inferred,/home/runner/work/PolyFT/PolyFT/downloaded-remaining/nsfc-be-probe-batch-004
E,50671062,2006,general,E01,2006|general|E01|50671|3,0.975410,P2,false,next_probe_batch,"""50671062""","""50671062"" ""National Natural Science Foundation of China""","award.number:50671062,award.funder:501100001809","site:edu.cn OR site:ac.cn ""50671062""",queued,true,bibliographic/aggregator evidence only; API channels may share provenance; no PI or project fact inferred,200,4,4,,0,0,0,0,200,200,crossref,4,confirmed_bibliographic,C_bibliographic,,,,,not_checked,true,official_or_institutional_confirmation,,2026-08-27T07:33:47+00:00,bibliographic/aggregator evidence only; API channels may share provenance; no PI or project fact inferred,/home/runner/work/PolyFT/PolyFT/extracted-first/nsfc-be-probe-batch-001
E,50671089,2006,general,E01,2006|general|E01|50671|3,0.975410,P2,false,next_probe_batch,"""50671089""","""50671089"" ""National Natural Science Foundation of China""","award.number:50671089,award.funder:501100001809","site:edu.cn OR site:ac.cn ""50671089""",queued,true,bibliographic/aggregator evidence only; API channels may share provenance; no PI or project fact inferred,200,0,0,200,0,0,0,0,200,200,,0,no_match_all_sources,E_negative_probe_only,,,,,not_checked,true,exact_web_and_institution_search,,2026-08-27T07:33:47+00:00,bibliographic/aggregator evidence only; API channels may share provenance; no PI or project fact inferred,/home/runner/work/PolyFT/PolyFT/extracted-first/nsfc-be-probe-batch-001
E,50671101,2006,general,E01,2006|general|E01|50671|3,0.975410,P2,false,next_probe_batch,"""50671101""","""50671101"" ""National Natural Science Foundation of China""","award.number:50671101,award.funder:501100001809","site:edu.cn OR site:ac.cn ""50671101""",queued,true,bibliographic/aggregator evidence only; API channels may share provenance; no PI or project fact inferred,200,0,0,200,0,0,0,0,200,200,,0,no_match_all_sources,E_negative_probe_only,,,,,not_checked,true,exact_web_and_institution_search,,2026-08-27T07:33:47+00:00,bibliographic/aggregator evidence only; API channels may share provenance; no PI or project fact inferred,/home/runner/work/PolyFT/PolyFT/extracted-first/nsfc-be-probe-batch-001
E,50672091,2006,general,E02,2006|general|E02|50672|3,0.992701,P1,false,immediate_probe,"""50672091""","""50672091"" ""National Natural Science Foundation of China""","award.number:50672091,award.funder:501100001809","site:edu.cn OR site:ac.cn ""50672091""",queued,true,bibliographic/aggregator evidence only; API channels may share provenance; no PI or project fact inferred,200,1,1,,0,0,0,0,200,200,crossref,1,confirmed_bibliographic,C_bibliographic,,,,,not_checked,true,official_or_institutional_confirmation,,2026-08-27T07:33:47+00:00,bibliographic/aggregator evidence only; API channels may share provenance; no PI or project fact inferred,/home/runner/work/PolyFT/PolyFT/extracted-first/nsfc-be-probe-batch-001
E,50674013,2006,general,E04,2006|general|E04|50674|3,0.954545,P2,false,next_probe_batch,"""50674013""","""50674013"" ""National Natural Science Foundation of China""","award.number:50674013,award.funder:501100001809","site:edu.cn OR site:ac.cn ""50674013""",queued,false,bibliographic/aggregator evidence only; API channels may share provenance; no PI or project fact inferred,200,0,0,200,0,0,0,0,200,200,,0,no_match_all_sources,E_negative_probe_only,,,,,not_checked,true,exact_web_and_institution_search,,2026-08-27T07:50:12+00:00,bibliographic/aggregator evidence only; API channels may share provenance; no PI or project fact inferred,/home/runner/work/PolyFT/PolyFT/downloaded-remaining/nsfc-be-probe-batch-002
E,50674020,2006,general,E04,2006|general|E04|50674|3,0.954545,P2,false,next_probe_batch,"""50674020""","""50674020"" ""National Natural Science Foundation of China""","award.number:50674020,award.funder:501100001809","site:edu.cn OR site:ac.cn ""50674020""",queued,false,bibliographic/aggregator evidence only; API channels may share provenance; no PI or project fact inferred,200,0,0,200,0,0,0,0,200,200,,0,no_match_all_sources,E_negative_probe_only,,,,,not_checked,true,exact_web_and_institution_search,,2026-08-27T07:50:12+00:00,bibliographic/aggregator evidence only; API channels may share provenance; no PI or project fact inferred,/home/runner/work/PolyFT/PolyFT/downloaded-remaining/nsfc-be-probe-batch-002
E,50674021,2006,general,E04,2006|general|E04|50674|3,0.954545,P2,false,next_probe_batch,"""50674021""","""50674021"" ""National Natural Science Foundation of China""","award.number:50674021,award.funder:501100001809","site:edu.cn OR site:ac.cn ""50674021""",queued,false,bibliographic/aggregator evidence only; API channels may share provenance; no PI or project fact inferred,200,0,0,200,0,0,0,0,200,200,,0,no_match_all_sources,E_negative_probe_only,,,,,not_checked,true,exact_web_and_institution_search,,2026-08-27T07:50:12+00:00,bibliographic/aggregator evidence only; API channels may share provenance; no PI or project fact inferred,/home/runner/work/PolyFT/PolyFT/downloaded-remaining/nsfc-be-probe-batch-002
E,50674022,2006,general,E04,2006|general|E04|50674|3,0.954545,P2,false,next_probe_batch,"""50674022""","""50674022"" ""National Natural Science Foundation of China""","award.number:50674022,award.funder:501100001809","site:edu.cn OR site:ac.cn ""50674022""",queued,false,bibliographic/aggregator evidence only; API channels may share provenance; no PI or project fact inferred,200,0,0,200,0,0,0,0,200,200,,0,no_match_all_sources,E_negative_probe_only,,,,,not_checked,true,exact_web_and_institution_search,,2026-08-27T07:50:12+00:00,bibliographic/aggregator evidence only; API channels may share provenance; no PI or project fact inferred,/home/runner/work/PolyFT/PolyFT/downloaded-remaining/nsfc-be-probe-batch-002
E,50674064,2006,general,E04,2006|general|E04|50674|3,0.954545,P2,false,next_probe_batch,"""50674064""","""50674064"" ""National Natural Science Foundation of China""","award.number:50674064,award.funder:501100001809","site:edu.cn OR site:ac.cn ""50674064""",queued,false,bibliographic/aggregator evidence only; API channels may share provenance; no PI or project fact inferred,200,0,0,200,0,0,0,0,200,200,,0,no_match_all_sources,E_negative_probe_only,,,,,not_checked,true,exact_web_and_institution_search,,2026-08-27T07:50:12+00:00,bibliographic/aggregator evidence only; API channels may share provenance; no PI or project fact inferred,/home/runner/work/PolyFT/PolyFT/downloaded-remaining/nsfc-be-probe-batch-002
E,50675013,2006,general,E05,2006|general|E05|50675|3,0.991525,P1,false,immediate_probe,"""50675013""","""50675013"" ""National Natural Science Foundation of China""","award.number:50675013,award.funder:501100001809","site:edu.cn OR site:ac.cn ""50675013""",queued,true,bibliographic/aggregator evidence only; API channels may share provenance; no PI or project fact inferred,200,0,0,200,0,0,0,0,200,200,,0,no_match_all_sources,E_negative_probe_only,,,,,not_checked,true,exact_web_and_institution_search,,2026-08-27T07:33:47+00:00,bibliographic/aggregator evidence only; API channels may share provenance; no PI or project fact inferred,/home/runner/work/PolyFT/PolyFT/extracted-first/nsfc-be-probe-batch-001
E,50675021,2006,general,E05,2006|general|E05|50675|3,0.991525,P1,false,immediate_probe,"""50675021""","""50675021"" ""National Natural Science Foundation of China""","award.number:50675021,award.funder:501100001809","site:edu.cn OR site:ac.cn ""50675021""",queued,true,bibliographic/aggregator evidence only; API channels may share provenance; no PI or project fact inferred,200,0,0,200,0,0,0,0,200,200,,0,no_match_all_sources,E_negative_probe_only,,,,,not_checked,true,exact_web_and_institution_search,,2026-08-27T07:33:47+00:00,bibliographic/aggregator evidence only; API channels may share provenance; no PI or project fact inferred,/home/runner/work/PolyFT/PolyFT/extracted-first/nsfc-be-probe-batch-001
E,50679008,2006,general,E09,2006|general|E09|50679|3,0.820225,P3,true,manual_context_review_before_probe,"""50679008""","""50679008"" ""National Natural Science Foundation of China""","award.number:50679008,award.funder:501100001809","site:edu.cn OR site:ac.cn ""50679008""",queued,false,bibliographic/aggregator evidence only; API channels may share provenance; no PI or project fact inferred,200,0,0,200,0,0,0,0,200,200,,0,no_match_all_sources,E_negative_probe_only,,,,,not_checked,true,exact_web_and_institution_search,,2026-08-27T07:58:42+00:00,bibliographic/aggregator evidence only; API channels may share provenance; no PI or project fact inferred,/home/runner/work/PolyFT/PolyFT/downloaded-remaining/nsfc-be-probe-batch-005
E,50679010,2006,general,E09,2006|general|E09|50679|3,0.820225,P3,true,manual_context_review_before_probe,"""50679010""","""50679010"" ""National Natural Science Foundation of China""","award.number:50679010,award.funder:501100001809","site:edu.cn OR site:ac.cn ""50679010""",queued,false,bibliographic/aggregator evidence only; API channels may share provenance; no PI or project fact inferred,200,0,0,200,0,0,0,0,200,200,,0,no_match_all_sources,E_negative_probe_only,,,,,not_checked,true,exact_web_and_institution_search,,2026-08-27T07:58:42+00:00,bibliographic/aggregator evidence only; API channels may share provenance; no PI or project fact inferred,/home/runner/work/PolyFT/PolyFT/downloaded-remaining/nsfc-be-probe-batch-005
E,50679018,2006,general,E09,2006|general|E09|50679|3,0.820225,P3,true,manual_context_review_before_probe,"""50679018""","""50679018"" ""National Natural Science Foundation of China""","award.number:50679018,award.funder:501100001809","site:edu.cn OR site:ac.cn ""50679018""",queued,false,bibliographic/aggregator evidence only; API channels may share provenance; no PI or project fact inferred,200,1,1,,0,0,0,0,200,200,crossref,1,confirmed_bibliographic,C_bibliographic,,,,,not_checked,true,official_or_institutional_confirmation,,2026-08-27T07:58:42+00:00,bibliographic/aggregator evidence only; API channels may share provenance; no PI or project fact inferred,/home/runner/work/PolyFT/PolyFT/downloaded-remaining/nsfc-be-probe-batch-005
E,50679019,2006,general,E09,2006|general|E09|50679|3,0.820225,P3,true,manual_context_review_before_probe,"""50679019""","""50679019"" ""National Natural Science Foundation of China""","award.number:50679019,award.funder:501100001809","site:edu.cn OR site:ac.cn ""50679019""",queued,false,bibliographic/aggregator evidence only; API channels may share provenance; no PI or project fact inferred,200,0,0,200,0,0,0,0,200,200,,0,no_match_all_sources,E_negative_probe_only,,,,,not_checked,true,exact_web_and_institution_search,,2026-08-27T07:58:42+00:00,bibliographic/aggregator evidence only; API channels may share provenance; no PI or project fact inferred,/home/runner/work/PolyFT/PolyFT/downloaded-remaining/nsfc-be-probe-batch-005
E,50679026,2006,general,E09,2006|general|E09|50679|3,0.820225,P3,true,manual_context_review_before_probe,"""50679026""","""50679026"" ""National Natural Science Foundation of China""","award.number:50679026,award.funder:501100001809","site:edu.cn OR site:ac.cn ""50679026""",queued,false,bibliographic/aggregator evidence only; API channels may share provenance; no PI or project fact inferred,200,0,0,200,0,0,0,0,200,200,,0,no_match_all_sources,E_negative_probe_only,,,,,not_checked,true,exact_web_and_institution_search,,2026-08-27T07:58:42+00:00,bibliographic/aggregator evidence only; API channels may share provenance; no PI or project fact inferred,/home/runner/work/PolyFT/PolyFT/downloaded-remaining/nsfc-be-probe-batch-005
E,50679038,2006,general,E09,2006|general|E09|50679|3,0.820225,P3,true,manual_context_review_before_probe,"""50679038""","""50679038"" ""National Natural Science Foundation of China""","award.number:50679038,award.funder:501100001809","site:edu.cn OR site:ac.cn ""50679038""",queued,false,bibliographic/aggregator evidence only; API channels may share provenance; no PI or project fact inferred,200,0,0,200,0,0,0,0,200,200,,0,no_match_all_sources,E_negative_probe_only,,,,,not_checked,true,exact_web_and_institution_search,,2026-08-27T07:58:42+00:00,bibliographic/aggregator evidence only; API channels may share provenance; no PI or project fact inferred,/home/runner/work/PolyFT/PolyFT/downloaded-remaining/nsfc-be-probe-batch-005
E,50679049,2006,general,E09,2006|general|E09|50679|3,0.820225,P3,true,manual_context_review_before_probe,"""50679049""","""50679049"" ""National Natural Science Foundation of China""","award.number:50679049,award.funder:501100001809","site:edu.cn OR site:ac.cn ""50679049""",queued,false,bibliographic/aggregator evidence only; API channels may share provenance; no PI or project fact inferred,200,2,2,,0,0,0,0,200,200,crossref,2,confirmed_bibliographic,C_bibliographic,,,,,not_checked,true,official_or_institutional_confirmation,,2026-08-27T07:58:42+00:00,bibliographic/aggregator evidence only; API channels may share provenance; no PI or project fact inferred,/home/runner/work/PolyFT/PolyFT/downloaded-remaining/nsfc-be-probe-batch-005
E,50679050,2006,general,E09,2006|general|E09|50679|3,0.820225,P3,true,manual_context_review_before_probe,"""50679050""","""50679050"" ""National Natural Science Foundation of China""","award.number:50679050,award.funder:501100001809","site:edu.cn OR site:ac.cn ""50679050""",queued,false,bibliographic/aggregator evidence only; API channels may share provenance; no PI or project fact inferred,200,0,0,200,0,0,0,0,200,200,,0,no_match_all_sources,E_negative_probe_only,,,,,not_checked,true,exact_web_and_institution_search,,2026-08-27T07:58:42+00:00,bibliographic/aggregator evidence only; API channels may share provenance; no PI or project fact inferred,/home/runner/work/PolyFT/PolyFT/downloaded-remaining/nsfc-be-probe-batch-005
E,50679051,2006,general,E09,2006|general|E09|50679|3,0.820225,P3,true,manual_context_review_before_probe,"""50679051""","""50679051"" ""National Natural Science Foundation of China""","award.number:50679051,award.funder:501100001809","site:edu.cn OR site:ac.cn ""50679051""",queued,false,bibliographic/aggregator evidence only; API channels may share provenance; no PI or project fact inferred,200,0,0,200,0,0,0,0,200,200,,0,no_match_all_sources,E_negative_probe_only,,,,,not_checked,true,exact_web_and_institution_search,,2026-08-27T07:58:42+00:00,bibliographic/aggregator evidence only; API channels may share provenance; no PI or project fact inferred,/home/runner/work/PolyFT/PolyFT/downloaded-remaining/nsfc-be-probe-batch-005
E,50679067,2006,general,E09,2006|general|E09|50679|3,0.820225,P3,true,manual_context_review_before_probe,"""50679067""","""50679067"" ""National Natural Science Foundation of China""","award.number:50679067,award.funder:501100001809","site:edu.cn OR site:ac.cn ""50679067""",queued,false,bibliographic/aggregator evidence only; API channels may share provenance; no PI or project fact inferred,200,0,0,200,0,0,0,0,200,200,,0,no_match_all_sources,E_negative_probe_only,,,,,not_checked,true,exact_web_and_institution_search,,2026-08-27T07:58:42+00:00,bibliographic/aggregator evidence only; API channels may share provenance; no PI or project fact inferred,/home/runner/work/PolyFT/PolyFT/downloaded-remaining/nsfc-be-probe-batch-005
E,50679071,2006,general,E09,2006|general|E09|50679|3,0.820225,P3,true,manual_context_review_before_probe,"""50679071""","""50679071"" ""National Natural Science Foundation of China""","award.number:50679071,award.funder:501100001809","site:edu.cn OR site:ac.cn ""50679071""",queued,false,bibliographic/aggregator evidence only; API channels may share provenance; no PI or project fact inferred,200,0,0,200,0,0,0,0,200,200,,0,no_match_all_sources,E_negative_probe_only,,,,,not_checked,true,exact_web_and_institution_search,,2026-08-27T07:58:42+00:00,bibliographic/aggregator evidence only; API channels may share provenance; no PI or project fact inferred,/home/runner/work/PolyFT/PolyFT/downloaded-remaining/nsfc-be-probe-batch-005
E,50679072,2006,general,E09,2006|general|E09|50679|3,0.820225,P3,true,manual_context_review_before_probe,"""50679072""","""50679072"" ""National Natural Science Foundation of China""","award.number:50679072,award.funder:501100001809","site:edu.cn OR site:ac.cn ""50679072""",queued,false,bibliographic/aggregator evidence only; API channels may share provenance; no PI or project fact inferred,200,0,0,200,0,0,0,0,200,200,,0,no_match_all_sources,E_negative_probe_only,,,,,not_checked,true,exact_web_and_institution_search,,2026-08-27T07:58:42+00:00,bibliographic/aggregator evidence only; API channels may share provenance; no PI or project fact inferred,/home/runner/work/PolyFT/PolyFT/downloaded-remaining/nsfc-be-probe-batch-005
E,50679079,2006,general,E09,2006|general|E09|50679|3,0.820225,P3,true,manual_context_review_before_probe,"""50679079""","""50679079"" ""National Natural Science Foundation of China""","award.number:50679079,award.funder:501100001809","site:edu.cn OR site:ac.cn ""50679079""",queued,false,bibliographic/aggregator evidence only; API channels may share provenance; no PI or project fact inferred,200,0,0,200,0,0,0,0,200,200,,0,no_match_all_sources,E_negative_probe_only,,,,,not_checked,true,exact_web_and_institution_search,,2026-08-27T07:58:42+00:00,bibliographic/aggregator evidence only; API channels may share provenance; no PI or project fact inferred,/home/runner/work/PolyFT/PolyFT/downloaded-remaining/nsfc-be-probe-batch-005
E,50679083,2006,general,E09,2006|general|E09|50679|3,0.820225,P3,true,manual_context_review_before_probe,"""50679083""","""50679083"" ""National Natural Science Foundation of China""","award.number:50679083,award.funder:501100001809","site:edu.cn OR site:ac.cn ""50679083""",queued,false,bibliographic/aggregator evidence only; API channels may share provenance; no PI or project fact inferred,200,0,0,200,0,0,0,0,200,200,,0,no_match_all_sources,E_negative_probe_only,,,,,not_checked,true,exact_web_and_institution_search,,2026-08-27T07:58:42+00:00,bibliographic/aggregator evidence only; API channels may share provenance; no PI or project fact inferred,/home/runner/work/PolyFT/PolyFT/downloaded-remaining/nsfc-be-probe-batch-005
E,50679087,2006,general,E09,2006|general|E09|50679|3,0.820225,P3,true,manual_context_review_before_probe,"""50679087""","""50679087"" ""National Natural Science Foundation of China""","award.number:50679087,award.funder:501100001809","site:edu.cn OR site:ac.cn ""50679087""",queued,false,bibliographic/aggregator evidence only; API channels may share provenance; no PI or project fact inferred,200,0,0,200,0,0,0,0,200,200,,0,no_match_all_sources,E_negative_probe_only,,,,,not_checked,true,exact_web_and_institution_search,,2026-08-27T07:58:42+00:00,bibliographic/aggregator evidence only; API channels may share provenance; no PI or project fact inferred,/home/runner/work/PolyFT/PolyFT/downloaded-remaining/nsfc-be-probe-batch-005
E,50679088,2006,general,E09,2006|general|E09|50679|3,0.820225,P3,true,manual_context_review_before_probe,"""50679088""","""50679088"" ""National Natural Science Foundation of China""","award.number:50679088,award.funder:501100001809","site:edu.cn OR site:ac.cn ""50679088""",queued,false,bibliographic/aggregator evidence only; API channels may share provenance; no PI or project fact inferred,200,0,0,200,0,0,0,0,200,200,,0,no_match_all_sources,E_negative_probe_only,,,,,not_checked,true,exact_web_and_institution_search,,2026-08-27T07:58:42+00:00,bibliographic/aggregator evidence only; API channels may share provenance; no PI or project fact inferred,/home/runner/work/PolyFT/PolyFT/downloaded-remaining/nsfc-be-probe-batch-005
E,50706037,2007,youth_c,E06,2007|youth_c|E06|50706|3,0.983051,P1,false,immediate_probe,"""50706037""","""50706037"" ""National Natural Science Foundation of China""","award.number:50706037,award.funder:501100001809","site:edu.cn OR site:ac.cn ""50706037""",queued,true,bibliographic/aggregator evidence only; API channels may share provenance; no PI or project fact inferred,200,0,0,200,0,0,0,0,200,200,,0,no_match_all_sources,E_negative_probe_only,,,,,not_checked,true,exact_web_and_institution_search,,2026-08-27T07:33:47+00:00,bibliographic/aggregator evidence only; API channels may share provenance; no PI or project fact inferred,/home/runner/work/PolyFT/PolyFT/extracted-first/nsfc-be-probe-batch-001
E,50738006,2007,key,E08,2007|key|E08|50738|3,0.857143,P3,true,manual_context_review_before_probe,"""50738006""","""50738006"" ""National Natural Science Foundation of China""","award.number:50738006,award.funder:501100001809","site:edu.cn OR site:ac.cn ""50738006""",queued,false,bibliographic/aggregator evidence only; API channels may share provenance; no PI or project fact inferred,200,4,4,,0,0,0,0,200,200,crossref,4,confirmed_bibliographic,C_bibliographic,,,,,not_checked,true,official_or_institutional_confirmation,,2026-08-27T07:57:16+00:00,bibliographic/aggregator evidence only; API channels may share provenance; no PI or project fact inferred,/home/runner/work/PolyFT/PolyFT/downloaded-remaining/nsfc-be-probe-batch-004
E,50768006,2007,regional,E08,2007|regional|E08|50768|3,0.900000,P3,true,manual_context_review_before_probe,"""50768006""","""50768006"" ""National Natural Science Foundation of China""","award.number:50768006,award.funder:501100001809","site:edu.cn OR site:ac.cn ""50768006""",queued,false,bibliographic/aggregator evidence only; API channels may share provenance; no PI or project fact inferred,200,0,0,200,0,0,0,0,200,200,,0,no_match_all_sources,E_negative_probe_only,,,,,not_checked,true,exact_web_and_institution_search,,2026-08-27T07:50:51+00:00,bibliographic/aggregator evidence only; API channels may share provenance; no PI or project fact inferred,/home/runner/work/PolyFT/PolyFT/downloaded-remaining/nsfc-be-probe-batch-003
E,50775046,2007,general,E05,2007|general|E05|50775|3,0.991304,P1,false,immediate_probe,"""50775046""","""50775046"" ""National Natural Science Foundation of China""","award.number:50775046,award.funder:501100001809","site:edu.cn OR site:ac.cn ""50775046""",queued,true,bibliographic/aggregator evidence only; API channels may share provenance; no PI or project fact inferred,200,0,0,200,0,0,0,0,200,200,,0,no_match_all_sources,E_negative_probe_only,,,,,not_checked,true,exact_web_and_institution_search,,2026-08-27T07:33:47+00:00,bibliographic/aggregator evidence only; API channels may share provenance; no PI or project fact inferred,/home/runner/work/PolyFT/PolyFT/extracted-first/nsfc-be-probe-batch-001
E,50775103,2007,general,E05,2007|general|E05|50775|3,0.991304,P1,false,immediate_probe,"""50775103""","""50775103"" ""National Natural Science Foundation of China""","award.number:50775103,award.funder:501100001809","site:edu.cn OR site:ac.cn ""50775103""",queued,true,bibliographic/aggregator evidence only; API channels may share provenance; no PI or project fact inferred,200,0,0,200,0,0,0,0,200,200,,0,no_match_all_sources,E_negative_probe_only,,,,,not_checked,true,exact_web_and_institution_search,,2026-08-27T07:33:47+00:00,bibliographic/aggregator evidence only; API channels may share provenance; no PI or project fact inferred,/home/runner/work/PolyFT/PolyFT/extracted-first/nsfc-be-probe-batch-001
E,50776049,2007,general,E06,2007|general|E06|50776|3,0.990291,P1,false,immediate_probe,"""50776049""","""50776049"" ""National Natural Science Foundation of China""","award.number:50776049,award.funder:501100001809","site:edu.cn OR site:ac.cn ""50776049""",queued,true,bibliographic/aggregator evidence only; API channels may share provenance; no PI or project fact inferred,200,0,0,200,0,0,0,0,200,200,,0,no_match_all_sources,E_negative_probe_only,,,,,not_checked,true,exact_web_and_institution_search,,2026-08-27T07:33:47+00:00,bibliographic/aggregator evidence only; API channels may share provenance; no PI or project fact inferred,/home/runner/work/PolyFT/PolyFT/extracted-first/nsfc-be-probe-batch-001
E,50779003,2007,general,E09,2007|general|E09|50779|3,0.853659,P3,true,manual_context_review_before_probe,"""50779003""","""50779003"" ""National Natural Science Foundation of China""","award.number:50779003,award.funder:501100001809","site:edu.cn OR site:ac.cn ""50779003""",queued,false,bibliographic/aggregator evidence only; API channels may share provenance; no PI or project fact inferred,200,0,0,200,0,0,0,0,200,200,,0,no_match_all_sources,E_negative_probe_only,,,,,not_checked,true,exact_web_and_institution_search,,2026-08-27T07:57:16+00:00,bibliographic/aggregator evidence only; API channels may share provenance; no PI or project fact inferred,/home/runner/work/PolyFT/PolyFT/downloaded-remaining/nsfc-be-probe-batch-004
E,50779004,2007,general,E09,2007|general|E09|50779|3,0.853659,P3,true,manual_context_review_before_probe,"""50779004""","""50779004"" ""National Natural Science Foundation of China""","award.number:50779004,award.funder:501100001809","site:edu.cn OR site:ac.cn ""50779004""",queued,false,bibliographic/aggregator evidence only; API channels may share provenance; no PI or project fact inferred,200,0,0,200,0,0,0,0,200,200,,0,no_match_all_sources,E_negative_probe_only,,,,,not_checked,true,exact_web_and_institution_search,,2026-08-27T07:57:16+00:00,bibliographic/aggregator evidence only; API channels may share provenance; no PI or project fact inferred,/home/runner/work/PolyFT/PolyFT/downloaded-remaining/nsfc-be-probe-batch-004
E,50779006,2007,general,E09,2007|general|E09|50779|3,0.853659,P3,true,manual_context_review_before_probe,"""50779006""","""50779006"" ""National Natural Science Foundation of China""","award.number:50779006,award.funder:501100001809","site:edu.cn OR site:ac.cn ""50779006""",queued,false,bibliographic/aggregator evidence only; API channels may share provenance; no PI or project fact inferred,200,0,0,200,0,0,0,0,200,200,,0,no_match_all_sources,E_negative_probe_only,,,,,not_checked,true,exact_web_and_institution_search,,2026-08-27T07:57:16+00:00,bibliographic/aggregator evidence only; API channels may share provenance; no PI or project fact inferred,/home/runner/work/PolyFT/PolyFT/downloaded-remaining/nsfc-be-probe-batch-004
E,50779008,2007,general,E09,2007|general|E09|50779|3,0.853659,P3,true,manual_context_review_before_probe,"""50779008""","""50779008"" ""National Natural Science Foundation of China""","award.number:50779008,award.funder:501100001809","site:edu.cn OR site:ac.cn ""50779008""",queued,false,bibliographic/aggregator evidence only; API channels may share provenance; no PI or project fact inferred,200,1,1,,0,0,0,0,200,200,crossref,1,confirmed_bibliographic,C_bibliographic,,,,,not_checked,true,official_or_institutional_confirmation,,2026-08-27T07:57:16+00:00,bibliographic/aggregator evidence only; API channels may share provenance; no PI or project fact inferred,/home/runner/work/PolyFT/PolyFT/downloaded-remaining/nsfc-be-probe-batch-004
E,50779015,2007,general,E09,2007|general|E09|50779|3,0.853659,P3,true,manual_context_review_before_probe,"""50779015""","""50779015"" ""National Natural Science Foundation of China""","award.number:50779015,award.funder:501100001809","site:edu.cn OR site:ac.cn ""50779015""",queued,false,bibliographic/aggregator evidence only; API channels may share provenance; no PI or project fact inferred,200,0,0,200,0,0,0,0,200,200,,0,no_match_all_sources,E_negative_probe_only,,,,,not_checked,true,exact_web_and_institution_search,,2026-08-27T07:57:16+00:00,bibliographic/aggregator evidence only; API channels may share provenance; no PI or project fact inferred,/home/runner/work/PolyFT/PolyFT/downloaded-remaining/nsfc-be-probe-batch-004
E,50779016,2007,general,E09,2007|general|E09|50779|3,0.853659,P3,true,manual_context_review_before_probe,"""50779016""","""50779016"" ""National Natural Science Foundation of China""","award.number:50779016,award.funder:501100001809","site:edu.cn OR site:ac.cn ""50779016""",queued,false,bibliographic/aggregator evidence only; API channels may share provenance; no PI or project fact inferred,200,0,0,200,0,0,0,0,200,200,,0,no_match_all_sources,E_negative_probe_only,,,,,not_checked,true,exact_web_and_institution_search,,2026-08-27T07:57:16+00:00,bibliographic/aggregator evidence only; API channels may share provenance; no PI or project fact inferred,/home/runner/work/PolyFT/PolyFT/downloaded-remaining/nsfc-be-probe-batch-004
E,50779026,2007,general,E09,2007|general|E09|50779|3,0.853659,P3,true,manual_context_review_before_probe,"""50779026""","""50779026"" ""National Natural Science Foundation of China""","award.number:50779026,award.funder:501100001809","site:edu.cn OR site:ac.cn ""50779026""",queued,false,bibliographic/aggregator evidence only; API channels may share provenance; no PI or project fact inferred,200,0,0,200,0,0,0,0,200,200,,0,no_match_all_sources,E_negative_probe_only,,,,,not_checked,true,exact_web_and_institution_search,,2026-08-27T07:57:16+00:00,bibliographic/aggregator evidence only; API channels may share provenance; no PI or project fact inferred,/home/runner/work/PolyFT/PolyFT/downloaded-remaining/nsfc-be-probe-batch-004
E,50779027,2007,general,E09,2007|general|E09|50779|3,0.853659,P3,true,manual_context_review_before_probe,"""50779027""","""50779027"" ""National Natural Science Foundation of China""","award.number:50779027,award.funder:501100001809","site:edu.cn OR site:ac.cn ""50779027""",queued,false,bibliographic/aggregator evidence only; API channels may share provenance; no PI or project fact inferred,200,1,1,,0,0,0,0,200,200,crossref,1,confirmed_bibliographic,C_bibliographic,,,,,not_checked,true,official_or_institutional_confirmation,,2026-08-27T07:57:16+00:00,bibliographic/aggregator evidence only; API channels may share provenance; no PI or project fact inferred,/home/runner/work/PolyFT/PolyFT/downloaded-remaining/nsfc-be-probe-batch-004
E,50779045,2007,general,E09,2007|general|E09|50779|3,0.853659,P3,true,manual_context_review_before_probe,"""50779045""","""50779045"" ""National Natural Science Foundation of China""","award.number:50779045,award.funder:501100001809","site:edu.cn OR site:ac.cn ""50779045""",queued,false,bibliographic/aggregator evidence only; API channels may share provenance; no PI or project fact inferred,200,0,0,200,0,0,0,0,200,200,,0,no_match_all_sources,E_negative_probe_only,,,,,not_checked,true,exact_web_and_institution_search,,2026-08-27T07:57:16+00:00,bibliographic/aggregator evidence only; API channels may share provenance; no PI or project fact inferred,/home/runner/work/PolyFT/PolyFT/downloaded-remaining/nsfc-be-probe-batch-004
E,50779072,2007,general,E09,2007|general|E09|50779|3,0.853659,P3,true,manual_context_review_before_probe,"""50779072""","""50779072"" ""National Natural Science Foundation of China""","award.number:50779072,award.funder:501100001809","site:edu.cn OR site:ac.cn ""50779072""",queued,false,bibliographic/aggregator evidence only; API channels may share provenance; no PI or project fact inferred,200,0,0,200,0,0,0,0,200,200,,0,no_match_all_sources,E_negative_probe_only,,,,,not_checked,true,exact_web_and_institution_search,,2026-08-27T07:57:16+00:00,bibliographic/aggregator evidence only; API channels may share provenance; no PI or project fact inferred,/home/runner/work/PolyFT/PolyFT/downloaded-remaining/nsfc-be-probe-batch-004
E,50779075,2007,general,E09,2007|general|E09|50779|3,0.853659,P3,true,manual_context_review_before_probe,"""50779075""","""50779075"" ""National Natural Science Foundation of China""","award.number:50779075,award.funder:501100001809","site:edu.cn OR site:ac.cn ""50779075""",queued,false,bibliographic/aggregator evidence only; API channels may share provenance; no PI or project fact inferred,200,0,0,200,0,0,0,0,200,200,,0,no_match_all_sources,E_negative_probe_only,,,,,not_checked,true,exact_web_and_institution_search,,2026-08-27T07:57:16+00:00,bibliographic/aggregator evidence only; API channels may share provenance; no PI or project fact inferred,/home/runner/work/PolyFT/PolyFT/downloaded-remaining/nsfc-be-probe-batch-004
E,50779080,2007,general,E09,2007|general|E09|50779|3,0.853659,P3,true,manual_context_review_before_probe,"""50779080""","""50779080"" ""National Natural Science Foundation of China""","award.number:50779080,award.funder:501100001809","site:edu.cn OR site:ac.cn ""50779080""",queued,false,bibliographic/aggregator evidence only; API channels may share provenance; no PI or project fact inferred,200,1,1,,0,0,0,0,200,200,crossref,1,confirmed_bibliographic,C_bibliographic,,,,,not_checked,true,official_or_institutional_confirmation,,2026-08-27T07:57:16+00:00,bibliographic/aggregator evidence only; API channels may share provenance; no PI or project fact inferred,/home/runner/work/PolyFT/PolyFT/downloaded-remaining/nsfc-be-probe-batch-004
E,50806054,2008,youth_c,E06,2008|youth_c|E06|50806|3,0.977011,P2,false,next_probe_batch,"""50806054""","""50806054"" ""National Natural Science Foundation of China""","award.number:50806054,award.funder:501100001809","site:edu.cn OR site:ac.cn ""50806054""",queued,true,bibliographic/aggregator evidence only; API channels may share provenance; no PI or project fact inferred,200,0,0,200,0,0,0,0,200,200,,0,no_match_all_sources,E_negative_probe_only,,,,,not_checked,true,exact_web_and_institution_search,,2026-08-27T07:33:47+00:00,bibliographic/aggregator evidence only; API channels may share provenance; no PI or project fact inferred,/home/runner/work/PolyFT/PolyFT/extracted-first/nsfc-be-probe-batch-001
E,50806074,2008,youth_c,E06,2008|youth_c|E06|50806|3,0.977011,P2,false,next_probe_batch,"""50806074""","""50806074"" ""National Natural Science Foundation of China""","award.number:50806074,award.funder:501100001809","site:edu.cn OR site:ac.cn ""50806074""",queued,true,bibliographic/aggregator evidence only; API channels may share provenance; no PI or project fact inferred,200,0,0,200,0,0,0,0,200,200,,0,no_match_all_sources,E_negative_probe_only,,,,,not_checked,true,exact_web_and_institution_search,,2026-08-27T07:33:47+00:00,bibliographic/aggregator evidence only; API channels may share provenance; no PI or project fact inferred,/home/runner/work/PolyFT/PolyFT/extracted-first/nsfc-be-probe-batch-001
E,50807010,2008,youth_c,E07,2008|youth_c|E07|50807|3,0.982759,P1,false,immediate_probe,"""50807010""","""50807010"" ""National Natural Science Foundation of China""","award.number:50807010,award.funder:501100001809","site:edu.cn OR site:ac.cn ""50807010""",queued,true,bibliographic/aggregator evidence only; API channels may share provenance; no PI or project fact inferred,200,0,0,200,0,0,0,0,200,200,,0,no_match_all_sources,E_negative_probe_only,,,,,not_checked,true,exact_web_and_institution_search,,2026-08-27T07:33:47+00:00,bibliographic/aggregator evidence only; API channels may share provenance; no PI or project fact inferred,/home/runner/work/PolyFT/PolyFT/extracted-first/nsfc-be-probe-batch-001
E,50868005,2008,regional,E08,2008|regional|E08|50868|3,0.916667,P3,true,manual_context_review_before_probe,"""50868005""","""50868005"" ""National Natural Science Foundation of China""","award.number:50868005,award.funder:501100001809","site:edu.cn OR site:ac.cn ""50868005""",queued,false,bibliographic/aggregator evidence only; API channels may share provenance; no PI or project fact inferred,200,0,0,200,0,0,0,0,200,200,,0,no_match_all_sources,E_negative_probe_only,,,,,not_checked,true,exact_web_and_institution_search,,2026-08-27T07:50:51+00:00,bibliographic/aggregator evidence only; API channels may share provenance; no PI or project fact inferred,/home/runner/work/PolyFT/PolyFT/downloaded-remaining/nsfc-be-probe-batch-003
E,50869007,2008,regional,E09,2008|regional|E09|50869|3,0.888889,P3,true,manual_context_review_before_probe,"""50869007""","""50869007"" ""National Natural Science Foundation of China""","award.number:50869007,award.funder:501100001809","site:edu.cn OR site:ac.cn ""50869007""",queued,false,bibliographic/aggregator evidence only; API channels may share provenance; no PI or project fact inferred,200,0,0,200,0,0,0,0,200,200,,0,no_match_all_sources,E_negative_probe_only,,,,,not_checked,true,exact_web_and_institution_search,,2026-08-27T07:50:51+00:00,bibliographic/aggregator evidence only; API channels may share provenance; no PI or project fact inferred,/home/runner/work/PolyFT/PolyFT/downloaded-remaining/nsfc-be-probe-batch-003
E,50876024,2008,general,E06,2008|general|E06|50876|3,0.991667,P1,false,immediate_probe,"""50876024""","""50876024"" ""National Natural Science Foundation of China""","award.number:50876024,award.funder:501100001809","site:edu.cn OR site:ac.cn ""50876024""",queued,true,bibliographic/aggregator evidence only; API channels may share provenance; no PI or project fact inferred,200,0,0,200,0,0,0,0,200,200,,0,no_match_all_sources,E_negative_probe_only,,,,,not_checked,true,exact_web_and_institution_search,,2026-08-27T07:33:47+00:00,bibliographic/aggregator evidence only; API channels may share provenance; no PI or project fact inferred,/home/runner/work/PolyFT/PolyFT/extracted-first/nsfc-be-probe-batch-001
E,50901004,2009,youth_c,E01,2009|youth_c|E01|50901|3,0.978261,P2,false,next_probe_batch,"""50901004""","""50901004"" ""National Natural Science Foundation of China""","award.number:50901004,award.funder:501100001809","site:edu.cn OR site:ac.cn ""50901004""",queued,true,bibliographic/aggregator evidence only; API channels may share provenance; no PI or project fact inferred,200,0,0,200,0,0,0,0,200,200,,0,no_match_all_sources,E_negative_probe_only,,,,,not_checked,true,exact_web_and_institution_search,,2026-08-27T07:33:47+00:00,bibliographic/aggregator evidence only; API channels may share provenance; no PI or project fact inferred,/home/runner/work/PolyFT/PolyFT/extracted-first/nsfc-be-probe-batch-001
E,50901085,2009,youth_c,E01,2009|youth_c|E01|50901|3,0.978261,P2,false,next_probe_batch,"""50901085""","""50901085"" ""National Natural Science Foundation of China""","award.number:50901085,award.funder:501100001809","site:edu.cn OR site:ac.cn ""50901085""",queued,true,bibliographic/aggregator evidence only; API channels may share provenance; no PI or project fact inferred,200,0,0,200,0,0,0,0,200,200,,0,no_match_all_sources,E_negative_probe_only,,,,,not_checked,true,exact_web_and_institution_search,,2026-08-27T07:33:47+00:00,bibliographic/aggregator evidence only; API channels may share provenance; no PI or project fact inferred,/home/runner/work/PolyFT/PolyFT/extracted-first/nsfc-be-probe-batch-001
E,50902047,2009,youth_c,E02,2009|youth_c|E02|50902|3,0.993377,P1,false,immediate_probe,"""50902047""","""50902047"" ""National Natural Science Foundation of China""","award.number:50902047,award.funder:501100001809","site:edu.cn OR site:ac.cn ""50902047""",queued,true,bibliographic/aggregator evidence only; API channels may share provenance; no PI or project fact inferred,200,0,0,200,1,1,0,0,200,200,,0,award_number_only,D_award_only,,,,,not_checked,true,exact_web_and_institution_search,,2026-08-27T07:33:47+00:00,bibliographic/aggregator evidence only; API channels may share provenance; no PI or project fact inferred,/home/runner/work/PolyFT/PolyFT/extracted-first/nsfc-be-probe-batch-001
E,50905106,2009,youth_c,E05,2009|youth_c|E05|50905|3,0.994819,P1,false,immediate_probe,"""50905106""","""50905106"" ""National Natural Science Foundation of China""","award.number:50905106,award.funder:501100001809","site:edu.cn OR site:ac.cn ""50905106""",queued,true,bibliographic/aggregator evidence only; API channels may share provenance; no PI or project fact inferred,200,0,0,200,0,0,0,0,200,200,,0,no_match_all_sources,E_negative_probe_only,,,,,not_checked,true,exact_web_and_institution_search,,2026-08-27T07:33:47+00:00,bibliographic/aggregator evidence only; API channels may share provenance; no PI or project fact inferred,/home/runner/work/PolyFT/PolyFT/extracted-first/nsfc-be-probe-batch-001
E,50906090,2009,youth_c,E06,2009|youth_c|E06|50906|3,0.980769,P1,false,immediate_probe,"""50906090""","""50906090"" ""National Natural Science Foundation of China""","award.number:50906090,award.funder:501100001809","site:edu.cn OR site:ac.cn ""50906090""",queued,true,bibliographic/aggregator evidence only; API channels may share provenance; no PI or project fact inferred,200,0,0,200,0,0,0,0,200,200,,0,no_match_all_sources,E_negative_probe_only,,,,,not_checked,true,exact_web_and_institution_search,,2026-08-27T07:33:47+00:00,bibliographic/aggregator evidence only; API channels may share provenance; no PI or project fact inferred,/home/runner/work/PolyFT/PolyFT/extracted-first/nsfc-be-probe-batch-001
E,50906101,2009,youth_c,E06,2009|youth_c|E06|50906|3,0.980769,P1,false,immediate_probe,"""50906101""","""50906101"" ""National Natural Science Foundation of China""","award.number:50906101,award.funder:501100001809","site:edu.cn OR site:ac.cn ""50906101""",queued,true,bibliographic/aggregator evidence only; API channels may share provenance; no PI or project fact inferred,200,0,0,200,0,0,0,0,200,200,,0,no_match_all_sources,E_negative_probe_only,,,,,not_checked,true,exact_web_and_institution_search,,2026-08-27T07:33:47+00:00,bibliographic/aggregator evidence only; API channels may share provenance; no PI or project fact inferred,/home/runner/work/PolyFT/PolyFT/extracted-first/nsfc-be-probe-batch-001
E,50968002,2009,regional,E08,2009|regional|E08|50968|3,0.882353,P3,true,manual_context_review_before_probe,"""50968002""","""50968002"" ""National Natural Science Foundation of China""","award.number:50968002,award.funder:501100001809","site:edu.cn OR site:ac.cn ""50968002""",queued,false,bibliographic/aggregator evidence only; API channels may share provenance; no PI or project fact inferred,200,2,2,,0,0,0,0,200,200,crossref,2,confirmed_bibliographic,C_bibliographic,,,,,not_checked,true,official_or_institutional_confirmation,,2026-08-27T07:50:51+00:00,bibliographic/aggregator evidence only; API channels may share provenance; no PI or project fact inferred,/home/runner/work/PolyFT/PolyFT/downloaded-remaining/nsfc-be-probe-batch-003
E,50968005,2009,regional,E08,2009|regional|E08|50968|3,0.882353,P3,true,manual_context_review_before_probe,"""50968005""","""50968005"" ""National Natural Science Foundation of China""","award.number:50968005,award.funder:501100001809","site:edu.cn OR site:ac.cn ""50968005""",queued,false,bibliographic/aggregator evidence only; API channels may share provenance; no PI or project fact inferred,200,1,4,,0,0,0,0,200,200,,0,award_number_only,D_award_only,,,,,not_checked,true,exact_web_and_institution_search,,2026-08-27T07:50:51+00:00,bibliographic/aggregator evidence only; API channels may share provenance; no PI or project fact inferred,/home/runner/work/PolyFT/PolyFT/downloaded-remaining/nsfc-be-probe-batch-003
E,50969005,2009,regional,E09,2009|regional|E09|50969|3,0.888889,P3,true,manual_context_review_before_probe,"""50969005""","""50969005"" ""National Natural Science Foundation of China""","award.number:50969005,award.funder:501100001809","site:edu.cn OR site:ac.cn ""50969005""",queued,false,bibliographic/aggregator evidence only; API channels may share provenance; no PI or project fact inferred,200,0,0,200,0,0,0,0,200,200,,0,no_match_all_sources,E_negative_probe_only,,,,,not_checked,true,exact_web_and_institution_search,,2026-08-27T07:50:51+00:00,bibliographic/aggregator evidence only; API channels may share provenance; no PI or project fact inferred,/home/runner/work/PolyFT/PolyFT/downloaded-remaining/nsfc-be-probe-batch-003
E,50971006,2009,general,E01,2009|general|E01|50971|3,0.992647,P1,false,immediate_probe,"""50971006""","""50971006"" ""National Natural Science Foundation of China""","award.number:50971006,award.funder:501100001809","site:edu.cn OR site:ac.cn ""50971006""",queued,true,bibliographic/aggregator evidence only; API channels may share provenance; no PI or project fact inferred,200,0,0,200,0,0,0,0,200,200,,0,no_match_all_sources,E_negative_probe_only,,,,,not_checked,true,exact_web_and_institution_search,,2026-08-27T07:33:47+00:00,bibliographic/aggregator evidence only; API channels may share provenance; no PI or project fact inferred,/home/runner/work/PolyFT/PolyFT/extracted-first/nsfc-be-probe-batch-001
E,50972046,2009,general,E02,2009|general|E02|50972|3,0.994152,P1,false,immediate_probe,"""50972046""","""50972046"" ""National Natural Science Foundation of China""","award.number:50972046,award.funder:501100001809","site:edu.cn OR site:ac.cn ""50972046""",queued,true,bibliographic/aggregator evidence only; API channels may share provenance; no PI or project fact inferred,200,1,1,,0,0,0,0,200,200,crossref,1,confirmed_bibliographic,C_bibliographic,,,,,not_checked,true,official_or_institutional_confirmation,,2026-08-27T07:33:47+00:00,bibliographic/aggregator evidence only; API channels may share provenance; no PI or project fact inferred,/home/runner/work/PolyFT/PolyFT/extracted-first/nsfc-be-probe-batch-001
E,50975236,2009,general,E05,2009|general|E05|50975|3,0.996711,P1,false,immediate_probe,"""50975236""","""50975236"" ""National Natural Science Foundation of China""","award.number:50975236,award.funder:501100001809","site:edu.cn OR site:ac.cn ""50975236""",queued,true,bibliographic/aggregator evidence only; API channels may share provenance; no PI or project fact inferred,200,2,3,,0,0,0,0,200,200,crossref,2,confirmed_bibliographic,C_bibliographic,,,,,not_checked,true,official_or_institutional_confirmation,,2026-08-27T07:33:47+00:00,bibliographic/aggregator evidence only; API channels may share provenance; no PI or project fact inferred,/home/runner/work/PolyFT/PolyFT/extracted-first/nsfc-be-probe-batch-001
E,50977051,2009,general,E07,2009|general|E07|50977|3,0.989474,P1,false,immediate_probe,"""50977051""","""50977051"" ""National Natural Science Foundation of China""","award.number:50977051,award.funder:501100001809","site:edu.cn OR site:ac.cn ""50977051""",queued,true,bibliographic/aggregator evidence only; API channels may share provenance; no PI or project fact inferred,200,0,0,200,0,0,0,0,200,200,,0,no_match_all_sources,E_negative_probe_only,,,,,not_checked,true,exact_web_and_institution_search,,2026-08-27T07:33:47+00:00,bibliographic/aggregator evidence only; API channels may share provenance; no PI or project fact inferred,/home/runner/work/PolyFT/PolyFT/extracted-first/nsfc-be-probe-batch-001
E,51005126,2010,youth_c,E05,2010|youth_c|E05|51005|3,0.996212,P1,false,immediate_probe,"""51005126""","""51005126"" ""National Natural Science Foundation of China""","award.number:51005126,award.funder:501100001809","site:edu.cn OR site:ac.cn ""51005126""",queued,true,bibliographic/aggregator evidence only; API channels may share provenance; no PI or project fact inferred,200,0,0,200,0,0,0,0,200,200,,0,no_match_all_sources,E_negative_probe_only,,,,,not_checked,true,exact_web_and_institution_search,,2026-08-27T07:33:47+00:00,bibliographic/aggregator evidence only; API channels may share provenance; no PI or project fact inferred,/home/runner/work/PolyFT/PolyFT/extracted-first/nsfc-be-probe-batch-001
E,51006019,2010,youth_c,E06,2010|youth_c|E06|51006|3,0.984733,P1,false,immediate_probe,"""51006019""","""51006019"" ""National Natural Science Foundation of China""","award.number:51006019,award.funder:501100001809","site:edu.cn OR site:ac.cn ""51006019""",queued,true,bibliographic/aggregator evidence only; API channels may share provenance; no PI or project fact inferred,200,0,0,200,0,0,0,0,200,200,,0,no_match_all_sources,E_negative_probe_only,,,,,not_checked,true,exact_web_and_institution_search,,2026-08-27T07:33:47+00:00,bibliographic/aggregator evidence only; API channels may share provenance; no PI or project fact inferred,/home/runner/work/PolyFT/PolyFT/extracted-first/nsfc-be-probe-batch-001
E,51006124,2010,youth_c,E06,2010|youth_c|E06|51006|3,0.984733,P1,false,immediate_probe,"""51006124""","""51006124"" ""National Natural Science Foundation of China""","award.number:51006124,award.funder:501100001809","site:edu.cn OR site:ac.cn ""51006124""",queued,true,bibliographic/aggregator evidence only; API channels may share provenance; no PI or project fact inferred,200,0,0,200,0,0,0,0,200,200,,0,no_match_all_sources,E_negative_probe_only,,,,,not_checked,true,exact_web_and_institution_search,,2026-08-27T07:33:47+00:00,bibliographic/aggregator evidence only; API channels may share provenance; no PI or project fact inferred,/home/runner/work/PolyFT/PolyFT/extracted-first/nsfc-be-probe-batch-001
E,51038003,2010,key,E08,2010|key|E08|51038|3,0.875000,P3,true,manual_context_review_before_probe,"""51038003""","""51038003"" ""National Natural Science Foundation of China""","award.number:51038003,award.funder:501100001809","site:edu.cn OR site:ac.cn ""51038003""",queued,false,bibliographic/aggregator evidence only; API channels may share provenance; no PI or project fact inferred,200,8,8,,0,0,0,0,200,200,crossref,8,confirmed_bibliographic,C_bibliographic,,,,,not_checked,true,official_or_institutional_confirmation,,2026-08-27T07:50:51+00:00,bibliographic/aggregator evidence only; API channels may share provenance; no PI or project fact inferred,/home/runner/work/PolyFT/PolyFT/downloaded-remaining/nsfc-be-probe-batch-003
E,51041009,2010,special,E01,2010|special|E01|51041|3,0.909091,P3,true,manual_context_review_before_probe,"""51041009""","""51041009"" ""National Natural Science Foundation of China""","award.number:51041009,award.funder:501100001809","site:edu.cn OR site:ac.cn ""51041009""",queued,false,bibliographic/aggregator evidence only; API channels may share provenance; no PI or project fact inferred,200,0,0,200,0,0,0,0,200,200,,0,no_match_all_sources,E_negative_probe_only,,,,,not_checked,true,exact_web_and_institution_search,,2026-08-27T07:50:51+00:00,bibliographic/aggregator evidence only; API channels may share provenance; no PI or project fact inferred,/home/runner/work/PolyFT/PolyFT/downloaded-remaining/nsfc-be-probe-batch-003
E,51045003,2010,special,E05,2010|special|E05|51045|3,0.909091,P3,true,manual_context_review_before_probe,"""51045003""","""51045003"" ""National Natural Science Foundation of China""","award.number:51045003,award.funder:501100001809","site:edu.cn OR site:ac.cn ""51045003""",queued,false,bibliographic/aggregator evidence only; API channels may share provenance; no PI or project fact inferred,200,0,0,200,0,0,0,0,200,200,,0,no_match_all_sources,E_negative_probe_only,,,,,not_checked,true,exact_web_and_institution_search,,2026-08-27T07:50:51+00:00,bibliographic/aggregator evidence only; API channels may share provenance; no PI or project fact inferred,/home/runner/work/PolyFT/PolyFT/downloaded-remaining/nsfc-be-probe-batch-003
E,51061014,2010,regional,E01,2010|regional|E01|51061|3,0.941176,P3,false,low_rate_probe,"""51061014""","""51061014"" ""National Natural Science Foundation of China""","award.number:51061014,award.funder:501100001809","site:edu.cn OR site:ac.cn ""51061014""",queued,false,bibliographic/aggregator evidence only; API channels may share provenance; no PI or project fact inferred,200,3,3,,0,0,0,0,200,200,crossref,3,confirmed_bibliographic,C_bibliographic,,,,,not_checked,true,official_or_institutional_confirmation,,2026-08-27T07:50:51+00:00,bibliographic/aggregator evidence only; API channels may share provenance; no PI or project fact inferred,/home/runner/work/PolyFT/PolyFT/downloaded-remaining/nsfc-be-probe-batch-003
E,51069007,2010,regional,E09,2010|regional|E09|51069|3,0.823529,P3,true,manual_context_review_before_probe,"""51069007""","""51069007"" ""National Natural Science Foundation of China""","award.number:51069007,award.funder:501100001809","site:edu.cn OR site:ac.cn ""51069007""",queued,false,bibliographic/aggregator evidence only; API channels may share provenance; no PI or project fact inferred,200,1,1,,0,0,0,0,200,200,crossref,1,confirmed_bibliographic,C_bibliographic,,,,,not_checked,true,official_or_institutional_confirmation,,2026-08-27T07:58:42+00:00,bibliographic/aggregator evidence only; API channels may share provenance; no PI or project fact inferred,/home/runner/work/PolyFT/PolyFT/downloaded-remaining/nsfc-be-probe-batch-005
E,51069009,2010,regional,E09,2010|regional|E09|51069|3,0.823529,P3,true,manual_context_review_before_probe,"""51069009""","""51069009"" ""National Natural Science Foundation of China""","award.number:51069009,award.funder:501100001809","site:edu.cn OR site:ac.cn ""51069009""",queued,false,bibliographic/aggregator evidence only; API channels may share provenance; no PI or project fact inferred,200,0,0,200,0,0,0,0,200,200,,0,no_match_all_sources,E_negative_probe_only,,,,,not_checked,true,exact_web_and_institution_search,,2026-08-27T07:58:42+00:00,bibliographic/aggregator evidence only; API channels may share provenance; no PI or project fact inferred,/home/runner/work/PolyFT/PolyFT/downloaded-remaining/nsfc-be-probe-batch-005
E,51069014,2010,regional,E09,2010|regional|E09|51069|3,0.823529,P3,true,manual_context_review_before_probe,"""51069014""","""51069014"" ""National Natural Science Foundation of China""","award.number:51069014,award.funder:501100001809","site:edu.cn OR site:ac.cn ""51069014""",queued,false,bibliographic/aggregator evidence only; API channels may share provenance; no PI or project fact inferred,200,0,0,200,0,0,0,0,200,200,,0,no_match_all_sources,E_negative_probe_only,,,,,not_checked,true,exact_web_and_institution_search,,2026-08-27T07:58:42+00:00,bibliographic/aggregator evidence only; API channels may share provenance; no PI or project fact inferred,/home/runner/work/PolyFT/PolyFT/downloaded-remaining/nsfc-be-probe-batch-005
E,51071077,2010,general,E01,2010|general|E01|51071|3,0.994536,P1,false,immediate_probe,"""51071077""","""51071077"" ""National Natural Science Foundation of China""","award.number:51071077,award.funder:501100001809","site:edu.cn OR site:ac.cn ""51071077""",queued,true,bibliographic/aggregator evidence only; API channels may share provenance; no PI or project fact inferred,200,0,0,200,0,0,0,0,200,200,,0,no_match_all_sources,E_negative_probe_only,,,,,not_checked,true,exact_web_and_institution_search,,2026-08-27T07:33:47+00:00,bibliographic/aggregator evidence only; API channels may share provenance; no PI or project fact inferred,/home/runner/work/PolyFT/PolyFT/extracted-first/nsfc-be-probe-batch-001
E,51075251,2010,general,E05,2010|general|E05|51075|3,0.997625,P1,false,immediate_probe,"""51075251""","""51075251"" ""National Natural Science Foundation of China""","award.number:51075251,award.funder:501100001809","site:edu.cn OR site:ac.cn ""51075251""",queued,true,bibliographic/aggregator evidence only; API channels may share provenance; no PI or project fact inferred,200,0,0,200,0,0,0,0,200,200,,0,no_match_all_sources,E_negative_probe_only,,,,,not_checked,true,exact_web_and_institution_search,,2026-08-27T07:33:47+00:00,bibliographic/aggregator evidence only; API channels may share provenance; no PI or project fact inferred,/home/runner/work/PolyFT/PolyFT/extracted-first/nsfc-be-probe-batch-001
E,51103029,2011,youth_c,E03,2011|youth_c|E03|51103|3,0.994565,P1,false,immediate_probe,"""51103029""","""51103029"" ""National Natural Science Foundation of China""","award.number:51103029,award.funder:501100001809","site:edu.cn OR site:ac.cn ""51103029""",queued,true,bibliographic/aggregator evidence only; API channels may share provenance; no PI or project fact inferred,200,0,0,200,0,0,0,0,200,200,,0,no_match_all_sources,E_negative_probe_only,,,,,not_checked,true,exact_web_and_institution_search,,2026-08-27T07:33:47+00:00,bibliographic/aggregator evidence only; API channels may share provenance; no PI or project fact inferred,/home/runner/work/PolyFT/PolyFT/extracted-first/nsfc-be-probe-batch-001
E,51105077,2011,youth_c,E05,2011|youth_c|E05|51105|3,0.992462,P1,false,immediate_probe,"""51105077""","""51105077"" ""National Natural Science Foundation of China""","award.number:51105077,award.funder:501100001809","site:edu.cn OR site:ac.cn ""51105077""",queued,true,bibliographic/aggregator evidence only; API channels may share provenance; no PI or project fact inferred,200,0,0,200,0,0,0,0,200,200,,0,no_match_all_sources,E_negative_probe_only,,,,,not_checked,true,exact_web_and_institution_search,,2026-08-27T07:33:47+00:00,bibliographic/aggregator evidence only; API channels may share provenance; no PI or project fact inferred,/home/runner/work/PolyFT/PolyFT/extracted-first/nsfc-be-probe-batch-001
E,51105098,2011,youth_c,E05,2011|youth_c|E05|51105|3,0.992462,P1,false,immediate_probe,"""51105098""","""51105098"" ""National Natural Science Foundation of China""","award.number:51105098,award.funder:501100001809","site:edu.cn OR site:ac.cn ""51105098""",queued,true,bibliographic/aggregator evidence only; API channels may share provenance; no PI or project fact inferred,200,0,0,200,0,0,0,0,200,200,,0,no_match_all_sources,E_negative_probe_only,,,,,not_checked,true,exact_web_and_institution_search,,2026-08-27T07:33:47+00:00,bibliographic/aggregator evidence only; API channels may share provenance; no PI or project fact inferred,/home/runner/work/PolyFT/PolyFT/extracted-first/nsfc-be-probe-batch-001
E,51105357,2011,youth_c,E05,2011|youth_c|E05|51105|3,0.992462,P1,false,immediate_probe,"""51105357""","""51105357"" ""National Natural Science Foundation of China""","award.number:51105357,award.funder:501100001809","site:edu.cn OR site:ac.cn ""51105357""",queued,true,bibliographic/aggregator evidence only; API channels may share provenance; no PI or project fact inferred,200,0,0,200,0,0,0,0,200,200,,0,no_match_all_sources,E_negative_probe_only,,,,,not_checked,true,exact_web_and_institution_search,,2026-08-27T07:33:47+00:00,bibliographic/aggregator evidence only; API channels may share provenance; no PI or project fact inferred,/home/runner/work/PolyFT/PolyFT/extracted-first/nsfc-be-probe-batch-001
E,51106004,2011,youth_c,E06,2011|youth_c|E06|51106|3,0.989474,P1,false,immediate_probe,"""51106004""","""51106004"" ""National Natural Science Foundation of China""","award.number:51106004,award.funder:501100001809","site:edu.cn OR site:ac.cn ""51106004""",queued,true,bibliographic/aggregator evidence only; API channels may share provenance; no PI or project fact inferred,200,0,0,200,0,0,0,0,200,200,,0,no_match_all_sources,E_negative_probe_only,,,,,not_checked,true,exact_web_and_institution_search,,2026-08-27T07:33:47+00:00,bibliographic/aggregator evidence only; API channels may share provenance; no PI or project fact inferred,/home/runner/work/PolyFT/PolyFT/extracted-first/nsfc-be-probe-batch-001
E,51106081,2011,youth_c,E06,2011|youth_c|E06|51106|3,0.989474,P1,false,immediate_probe,"""51106081""","""51106081"" ""National Natural Science Foundation of China""","award.number:51106081,award.funder:501100001809","site:edu.cn OR site:ac.cn ""51106081""",queued,true,bibliographic/aggregator evidence only; API channels may share provenance; no PI or project fact inferred,200,0,0,200,0,0,0,0,200,200,,0,no_match_all_sources,E_negative_probe_only,,,,,not_checked,true,exact_web_and_institution_search,,2026-08-27T07:33:47+00:00,bibliographic/aggregator evidence only; API channels may share provenance; no PI or project fact inferred,/home/runner/work/PolyFT/PolyFT/extracted-first/nsfc-be-probe-batch-001
E,51138006,2011,key,E08,2011|key|E08|51138|3,0.857143,P3,true,manual_context_review_before_probe,"""51138006""","""51138006"" ""National Natural Science Foundation of China""","award.number:51138006,award.funder:501100001809","site:edu.cn OR site:ac.cn ""51138006""",queued,false,bibliographic/aggregator evidence only; API channels may share provenance; no PI or project fact inferred,200,24,24,,0,0,0,0,200,200,crossref,24,confirmed_bibliographic,C_bibliographic,,,,,not_checked,true,official_or_institutional_confirmation,,2026-08-27T07:57:16+00:00,bibliographic/aggregator evidence only; API channels may share provenance; no PI or project fact inferred,/home/runner/work/PolyFT/PolyFT/downloaded-remaining/nsfc-be-probe-batch-004
E,51144002,2011,special,E04,2011|special|E04|51144|3,0.916667,P3,true,manual_context_review_before_probe,"""51144002""","""51144002"" ""National Natural Science Foundation of China""","award.number:51144002,award.funder:501100001809","site:edu.cn OR site:ac.cn ""51144002""",queued,false,bibliographic/aggregator evidence only; API channels may share provenance; no PI or project fact inferred,200,0,0,200,0,0,0,0,200,200,,0,no_match_all_sources,E_negative_probe_only,,,,,not_checked,true,exact_web_and_institution_search,,2026-08-27T07:50:51+00:00,bibliographic/aggregator evidence only; API channels may share provenance; no PI or project fact inferred,/home/runner/work/PolyFT/PolyFT/downloaded-remaining/nsfc-be-probe-batch-003
E,51147003,2011,special,E07,2011|special|E07|51147|3,0.818182,P3,true,manual_context_review_before_probe,"""51147003""","""51147003"" ""National Natural Science Foundation of China""","award.number:51147003,award.funder:501100001809","site:edu.cn OR site:ac.cn ""51147003""",queued,false,bibliographic/aggregator evidence only; API channels may share provenance; no PI or project fact inferred,200,0,0,200,0,0,0,0,200,200,,0,no_match_all_sources,E_negative_probe_only,,,,,not_checked,true,exact_web_and_institution_search,,2026-08-27T07:58:42+00:00,bibliographic/aggregator evidence only; API channels may share provenance; no PI or project fact inferred,/home/runner/work/PolyFT/PolyFT/downloaded-remaining/nsfc-be-probe-batch-005
E,51147007,2011,special,E07,2011|special|E07|51147|3,0.818182,P3,true,manual_context_review_before_probe,"""51147007""","""51147007"" ""National Natural Science Foundation of China""","award.number:51147007,award.funder:501100001809","site:edu.cn OR site:ac.cn ""51147007""",queued,false,bibliographic/aggregator evidence only; API channels may share provenance; no PI or project fact inferred,200,0,0,200,0,0,0,0,200,200,,0,no_match_all_sources,E_negative_probe_only,,,,,not_checked,true,exact_web_and_institution_search,,2026-08-27T07:58:42+00:00,bibliographic/aggregator evidence only; API channels may share provenance; no PI or project fact inferred,/home/runner/work/PolyFT/PolyFT/downloaded-remaining/nsfc-be-probe-batch-005
E,51168012,2011,regional,E08,2011|regional|E08|51168|3,0.818182,P3,true,manual_context_review_before_probe,"""51168012""","""51168012"" ""National Natural Science Foundation of China""","award.number:51168012,award.funder:501100001809","site:edu.cn OR site:ac.cn ""51168012""",queued,false,bibliographic/aggregator evidence only; API channels may share provenance; no PI or project fact inferred,200,0,0,200,0,0,0,0,200,200,,0,no_match_all_sources,E_negative_probe_only,,,,,not_checked,true,exact_web_and_institution_search,,2026-08-27T07:58:42+00:00,bibliographic/aggregator evidence only; API channels may share provenance; no PI or project fact inferred,/home/runner/work/PolyFT/PolyFT/downloaded-remaining/nsfc-be-probe-batch-005
E,51168013,2011,regional,E08,2011|regional|E08|51168|3,0.818182,P3,true,manual_context_review_before_probe,"""51168013""","""51168013"" ""National Natural Science Foundation of China""","award.number:51168013,award.funder:501100001809","site:edu.cn OR site:ac.cn ""51168013""",queued,false,bibliographic/aggregator evidence only; API channels may share provenance; no PI or project fact inferred,200,0,0,200,0,0,0,0,200,200,,0,no_match_all_sources,E_negative_probe_only,,,,,not_checked,true,exact_web_and_institution_search,,2026-08-27T07:58:42+00:00,bibliographic/aggregator evidence only; API channels may share provenance; no PI or project fact inferred,/home/runner/work/PolyFT/PolyFT/downloaded-remaining/nsfc-be-probe-batch-005
E,51168020,2011,regional,E08,2011|regional|E08|51168|3,0.818182,P3,true,manual_context_review_before_probe,"""51168020""","""51168020"" ""National Natural Science Foundation of China""","award.number:51168020,award.funder:501100001809","site:edu.cn OR site:ac.cn ""51168020""",queued,false,bibliographic/aggregator evidence only; API channels may share provenance; no PI or project fact inferred,200,0,0,200,0,0,0,0,200,200,,0,no_match_all_sources,E_negative_probe_only,,,,,not_checked,true,exact_web_and_institution_search,,2026-08-27T07:58:42+00:00,bibliographic/aggregator evidence only; API channels may share provenance; no PI or project fact inferred,/home/runner/work/PolyFT/PolyFT/downloaded-remaining/nsfc-be-probe-batch-005
E,51168026,2011,regional,E08,2011|regional|E08|51168|3,0.818182,P3,true,manual_context_review_before_probe,"""51168026""","""51168026"" ""National Natural Science Foundation of China""","award.number:51168026,award.funder:501100001809","site:edu.cn OR site:ac.cn ""51168026""",queued,false,bibliographic/aggregator evidence only; API channels may share provenance; no PI or project fact inferred,200,9,9,,0,0,0,0,200,200,crossref,9,confirmed_bibliographic,C_bibliographic,,,,,not_checked,true,official_or_institutional_confirmation,,2026-08-27T07:58:42+00:00,bibliographic/aggregator evidence only; API channels may share provenance; no PI or project fact inferred,/home/runner/work/PolyFT/PolyFT/downloaded-remaining/nsfc-be-probe-batch-005
E,51168027,2011,regional,E08,2011|regional|E08|51168|3,0.818182,P3,true,manual_context_review_before_probe,"""51168027""","""51168027"" ""National Natural Science Foundation of China""","award.number:51168027,award.funder:501100001809","site:edu.cn OR site:ac.cn ""51168027""",queued,false,bibliographic/aggregator evidence only; API channels may share provenance; no PI or project fact inferred,200,2,2,,0,0,0,0,200,200,crossref,2,confirmed_bibliographic,C_bibliographic,,,,,not_checked,true,official_or_institutional_confirmation,,2026-08-27T07:58:42+00:00,bibliographic/aggregator evidence only; API channels may share provenance; no PI or project fact inferred,/home/runner/work/PolyFT/PolyFT/downloaded-remaining/nsfc-be-probe-batch-005
E,51168028,2011,regional,E08,2011|regional|E08|51168|3,0.818182,P3,true,manual_context_review_before_probe,"""51168028""","""51168028"" ""National Natural Science Foundation of China""","award.number:51168028,award.funder:501100001809","site:edu.cn OR site:ac.cn ""51168028""",queued,false,bibliographic/aggregator evidence only; API channels may share provenance; no PI or project fact inferred,200,2,2,,0,0,0,0,200,200,crossref,2,confirmed_bibliographic,C_bibliographic,,,,,not_checked,true,official_or_institutional_confirmation,,2026-08-27T07:58:42+00:00,bibliographic/aggregator evidence only; API channels may share provenance; no PI or project fact inferred,/home/runner/work/PolyFT/PolyFT/downloaded-remaining/nsfc-be-probe-batch-005
E,51168029,2011,regional,E08,2011|regional|E08|51168|3,0.818182,P3,true,manual_context_review_before_probe,"""51168029""","""51168029"" ""National Natural Science Foundation of China""","award.number:51168029,award.funder:501100001809","site:edu.cn OR site:ac.cn ""51168029""",queued,false,bibliographic/aggregator evidence only; API channels may share provenance; no PI or project fact inferred,200,4,4,,0,0,0,0,200,200,crossref,4,confirmed_bibliographic,C_bibliographic,,,,,not_checked,true,official_or_institutional_confirmation,,2026-08-27T07:58:42+00:00,bibliographic/aggregator evidence only; API channels may share provenance; no PI or project fact inferred,/home/runner/work/PolyFT/PolyFT/downloaded-remaining/nsfc-be-probe-batch-005
E,51168038,2011,regional,E08,2011|regional|E08|51168|3,0.818182,P3,true,manual_context_review_before_probe,"""51168038""","""51168038"" ""National Natural Science Foundation of China""","award.number:51168038,award.funder:501100001809","site:edu.cn OR site:ac.cn ""51168038""",queued,false,bibliographic/aggregator evidence only; API channels may share provenance; no PI or project fact inferred,200,0,0,200,0,0,0,0,200,200,,0,no_match_all_sources,E_negative_probe_only,,,,,not_checked,true,exact_web_and_institution_search,,2026-08-27T07:58:42+00:00,bibliographic/aggregator evidence only; API channels may share provenance; no PI or project fact inferred,/home/runner/work/PolyFT/PolyFT/downloaded-remaining/nsfc-be-probe-batch-005
E,51169006,2011,regional,E09,2011|regional|E09|51169|3,0.840000,P3,true,manual_context_review_before_probe,"""51169006""","""51169006"" ""National Natural Science Foundation of China""","award.number:51169006,award.funder:501100001809","site:edu.cn OR site:ac.cn ""51169006""",queued,false,bibliographic/aggregator evidence only; API channels may share provenance; no PI or project fact inferred,200,0,0,200,0,0,0,0,200,200,,0,no_match_all_sources,E_negative_probe_only,,,,,not_checked,true,exact_web_and_institution_search,,2026-08-27T07:57:16+00:00,bibliographic/aggregator evidence only; API channels may share provenance; no PI or project fact inferred,/home/runner/work/PolyFT/PolyFT/downloaded-remaining/nsfc-be-probe-batch-004
E,51169017,2011,regional,E09,2011|regional|E09|51169|3,0.840000,P3,true,manual_context_review_before_probe,"""51169017""","""51169017"" ""National Natural Science Foundation of China""","award.number:51169017,award.funder:501100001809","site:edu.cn OR site:ac.cn ""51169017""",queued,false,bibliographic/aggregator evidence only; API channels may share provenance; no PI or project fact inferred,200,1,1,,0,0,0,0,200,200,crossref,1,confirmed_bibliographic,C_bibliographic,,,,,not_checked,true,official_or_institutional_confirmation,,2026-08-27T07:57:16+00:00,bibliographic/aggregator evidence only; API channels may share provenance; no PI or project fact inferred,/home/runner/work/PolyFT/PolyFT/downloaded-remaining/nsfc-be-probe-batch-004
E,51169018,2011,regional,E09,2011|regional|E09|51169|3,0.840000,P3,true,manual_context_review_before_probe,"""51169018""","""51169018"" ""National Natural Science Foundation of China""","award.number:51169018,award.funder:501100001809","site:edu.cn OR site:ac.cn ""51169018""",queued,false,bibliographic/aggregator evidence only; API channels may share provenance; no PI or project fact inferred,200,0,0,200,0,0,0,0,200,200,,0,no_match_all_sources,E_negative_probe_only,,,,,not_checked,true,exact_web_and_institution_search,,2026-08-27T07:57:16+00:00,bibliographic/aggregator evidence only; API channels may share provenance; no PI or project fact inferred,/home/runner/work/PolyFT/PolyFT/downloaded-remaining/nsfc-be-probe-batch-004
E,51169022,2011,regional,E09,2011|regional|E09|51169|3,0.840000,P3,true,manual_context_review_before_probe,"""51169022""","""51169022"" ""National Natural Science Foundation of China""","award.number:51169022,award.funder:501100001809","site:edu.cn OR site:ac.cn ""51169022""",queued,false,bibliographic/aggregator evidence only; API channels may share provenance; no PI or project fact inferred,200,0,0,200,0,0,0,0,200,200,,0,no_match_all_sources,E_negative_probe_only,,,,,not_checked,true,exact_web_and_institution_search,,2026-08-27T07:57:16+00:00,bibliographic/aggregator evidence only; API channels may share provenance; no PI or project fact inferred,/home/runner/work/PolyFT/PolyFT/downloaded-remaining/nsfc-be-probe-batch-004
E,51172056,2011,general,E02,2011|general|E02|51172|3,0.996587,P1,false,immediate_probe,"""51172056""","""51172056"" ""National Natural Science Foundation of China""","award.number:51172056,award.funder:501100001809","site:edu.cn OR site:ac.cn ""51172056""",queued,true,bibliographic/aggregator evidence only; API channels may share provenance; no PI or project fact inferred,200,0,0,200,0,0,0,0,200,200,,0,no_match_all_sources,E_negative_probe_only,,,,,not_checked,true,exact_web_and_institution_search,,2026-08-27T07:33:47+00:00,bibliographic/aggregator evidence only; API channels may share provenance; no PI or project fact inferred,/home/runner/work/PolyFT/PolyFT/extracted-first/nsfc-be-probe-batch-001
E,51173050,2011,general,E03,2011|general|E03|51173|3,0.990741,P1,false,immediate_probe,"""51173050""","""51173050"" ""National Natural Science Foundation of China""","award.number:51173050,award.funder:501100001809","site:edu.cn OR site:ac.cn ""51173050""",queued,true,bibliographic/aggregator evidence only; API channels may share provenance; no PI or project fact inferred,200,3,3,,0,0,0,0,200,200,crossref,3,confirmed_bibliographic,C_bibliographic,,,,,not_checked,true,official_or_institutional_confirmation,,2026-08-27T07:33:47+00:00,bibliographic/aggregator evidence only; API channels may share provenance; no PI or project fact inferred,/home/runner/work/PolyFT/PolyFT/extracted-first/nsfc-be-probe-batch-001
E,51173172,2011,general,E03,2011|general|E03|51173|3,0.990741,P1,false,immediate_probe,"""51173172""","""51173172"" ""National Natural Science Foundation of China""","award.number:51173172,award.funder:501100001809","site:edu.cn OR site:ac.cn ""51173172""",queued,true,bibliographic/aggregator evidence only; API channels may share provenance; no PI or project fact inferred,200,18,18,,0,0,0,0,200,200,crossref,18,confirmed_bibliographic,C_bibliographic,,,,,not_checked,true,official_or_institutional_confirmation,,2026-08-27T07:33:47+00:00,bibliographic/aggregator evidence only; API channels may share provenance; no PI or project fact inferred,/home/runner/work/PolyFT/PolyFT/extracted-first/nsfc-be-probe-batch-001
E,51176037,2011,general,E06,2011|general|E06|51176|3,0.995283,P1,false,immediate_probe,"""51176037""","""51176037"" ""National Natural Science Foundation of China""","award.number:51176037,award.funder:501100001809","site:edu.cn OR site:ac.cn ""51176037""",queued,true,bibliographic/aggregator evidence only; API channels may share provenance; no PI or project fact inferred,200,10,8,,0,0,0,0,200,200,crossref,8,confirmed_bibliographic,C_bibliographic,,,,,not_checked,true,official_or_institutional_confirmation,,2026-08-27T07:33:47+00:00,bibliographic/aggregator evidence only; API channels may share provenance; no PI or project fact inferred,/home/runner/work/PolyFT/PolyFT/extracted-first/nsfc-be-probe-batch-001
E,51177054,2011,general,E07,2011|general|E07|51177|3,0.994536,P1,false,immediate_probe,"""51177054""","""51177054"" ""National Natural Science Foundation of China""","award.number:51177054,award.funder:501100001809","site:edu.cn OR site:ac.cn ""51177054""",queued,true,bibliographic/aggregator evidence only; API channels may share provenance; no PI or project fact inferred,200,1,1,,0,0,0,0,200,200,crossref,1,confirmed_bibliographic,C_bibliographic,,,,,not_checked,true,official_or_institutional_confirmation,,2026-08-27T07:33:47+00:00,bibliographic/aggregator evidence only; API channels may share provenance; no PI or project fact inferred,/home/runner/work/PolyFT/PolyFT/extracted-first/nsfc-be-probe-batch-001
E,51205070,2012,youth_c,E05,2012|youth_c|E05|51205|3,0.997701,P1,false,immediate_probe,"""51205070""","""51205070"" ""National Natural Science Foundation of China""","award.number:51205070,award.funder:501100001809","site:edu.cn OR site:ac.cn ""51205070""",queued,true,bibliographic/aggregator evidence only; API channels may share provenance; no PI or project fact inferred,200,3,3,,0,0,0,0,200,200,crossref,3,confirmed_bibliographic,C_bibliographic,,,,,not_checked,true,official_or_institutional_confirmation,,2026-08-27T07:33:47+00:00,bibliographic/aggregator evidence only; API channels may share provenance; no PI or project fact inferred,/home/runner/work/PolyFT/PolyFT/extracted-first/nsfc-be-probe-batch-001
E,51206111,2012,youth_c,E06,2012|youth_c|E06|51206|3,0.985075,P1,false,immediate_probe,"""51206111""","""51206111"" ""National Natural Science Foundation of China""","award.number:51206111,award.funder:501100001809","site:edu.cn OR site:ac.cn ""51206111""",queued,true,bibliographic/aggregator evidence only; API channels may share provenance; no PI or project fact inferred,200,0,0,200,0,0,0,0,200,200,,0,no_match_all_sources,E_negative_probe_only,,,,,not_checked,true,exact_web_and_institution_search,,2026-08-27T07:33:47+00:00,bibliographic/aggregator evidence only; API channels may share provenance; no PI or project fact inferred,/home/runner/work/PolyFT/PolyFT/extracted-first/nsfc-be-probe-batch-001
E,51206121,2012,youth_c,E06,2012|youth_c|E06|51206|3,0.985075,P1,false,immediate_probe,"""51206121""","""51206121"" ""National Natural Science Foundation of China""","award.number:51206121,award.funder:501100001809","site:edu.cn OR site:ac.cn ""51206121""",queued,true,bibliographic/aggregator evidence only; API channels may share provenance; no PI or project fact inferred,200,0,0,200,0,0,0,0,200,200,,0,no_match_all_sources,E_negative_probe_only,,,,,not_checked,true,exact_web_and_institution_search,,2026-08-27T07:33:47+00:00,bibliographic/aggregator evidence only; API channels may share provenance; no PI or project fact inferred,/home/runner/work/PolyFT/PolyFT/extracted-first/nsfc-be-probe-batch-001
E,51206158,2012,youth_c,E06,2012|youth_c|E06|51206|3,0.985075,P1,false,immediate_probe,"""51206158""","""51206158"" ""National Natural Science Foundation of China""","award.number:51206158,award.funder:501100001809","site:edu.cn OR site:ac.cn ""51206158""",queued,true,bibliographic/aggregator evidence only; API channels may share provenance; no PI or project fact inferred,200,0,0,200,0,0,0,0,200,200,,0,no_match_all_sources,E_negative_probe_only,,,,,not_checked,true,exact_web_and_institution_search,,2026-08-27T07:33:47+00:00,bibliographic/aggregator evidence only; API channels may share provenance; no PI or project fact inferred,/home/runner/work/PolyFT/PolyFT/extracted-first/nsfc-be-probe-batch-001
E,51207155,2012,youth_c,E07,2012|youth_c|E07|51207|3,0.994286,P1,false,immediate_probe,"""51207155""","""51207155"" ""National Natural Science Foundation of China""","award.number:51207155,award.funder:501100001809","site:edu.cn OR site:ac.cn ""51207155""",queued,true,bibliographic/aggregator evidence only; API channels may share provenance; no PI or project fact inferred,200,0,0,200,0,0,0,0,200,200,,0,no_match_all_sources,E_negative_probe_only,,,,,not_checked,true,exact_web_and_institution_search,,2026-08-27T07:33:47+00:00,bibliographic/aggregator evidence only; API channels may share provenance; no PI or project fact inferred,/home/runner/work/PolyFT/PolyFT/extracted-first/nsfc-be-probe-batch-001
E,51238004,2012,key,E08,2012|key|E08|51238|3,0.800000,P3,true,manual_context_review_before_probe,"""51238004""","""51238004"" ""National Natural Science Foundation of China""","award.number:51238004,award.funder:501100001809","site:edu.cn OR site:ac.cn ""51238004""",queued,false,bibliographic/aggregator evidence only; API channels may share provenance; no PI or project fact inferred,200,24,24,,0,0,0,0,200,200,crossref,24,confirmed_bibliographic,C_bibliographic,,,,,not_checked,true,official_or_institutional_confirmation,,2026-08-27T07:58:42+00:00,bibliographic/aggregator evidence only; API channels may share provenance; no PI or project fact inferred,/home/runner/work/PolyFT/PolyFT/downloaded-remaining/nsfc-be-probe-batch-005
E,51238006,2012,key,E08,2012|key|E08|51238|3,0.800000,P3,true,manual_context_review_before_probe,"""51238006""","""51238006"" ""National Natural Science Foundation of China""","award.number:51238006,award.funder:501100001809","site:edu.cn OR site:ac.cn ""51238006""",queued,false,bibliographic/aggregator evidence only; API channels may share provenance; no PI or project fact inferred,200,23,23,,0,0,0,0,200,200,crossref,23,confirmed_bibliographic,C_bibliographic,,,,,not_checked,true,official_or_institutional_confirmation,,2026-08-27T07:58:42+00:00,bibliographic/aggregator evidence only; API channels may share provenance; no PI or project fact inferred,/home/runner/work/PolyFT/PolyFT/downloaded-remaining/nsfc-be-probe-batch-005
E,51248002,2012,special,E08,2012|special|E08|51248|3,0.888889,P3,true,manual_context_review_before_probe,"""51248002""","""51248002"" ""National Natural Science Foundation of China""","award.number:51248002,award.funder:501100001809","site:edu.cn OR site:ac.cn ""51248002""",queued,false,bibliographic/aggregator evidence only; API channels may share provenance; no PI or project fact inferred,200,0,0,200,0,0,0,0,200,200,,0,no_match_all_sources,E_negative_probe_only,,,,,not_checked,true,exact_web_and_institution_search,,2026-08-27T07:50:51+00:00,bibliographic/aggregator evidence only; API channels may share provenance; no PI or project fact inferred,/home/runner/work/PolyFT/PolyFT/downloaded-remaining/nsfc-be-probe-batch-003
E,51268008,2012,regional,E08,2012|regional|E08|51268|3,0.818182,P3,true,manual_context_review_before_probe,"""51268008""","""51268008"" ""National Natural Science Foundation of China""","award.number:51268008,award.funder:501100001809","site:edu.cn OR site:ac.cn ""51268008""",queued,false,bibliographic/aggregator evidence only; API channels may share provenance; no PI or project fact inferred,200,3,4,,0,0,0,0,200,200,crossref,2,confirmed_bibliographic,C_bibliographic,,,,,not_checked,true,official_or_institutional_confirmation,,2026-08-27T07:58:42+00:00,bibliographic/aggregator evidence only; API channels may share provenance; no PI or project fact inferred,/home/runner/work/PolyFT/PolyFT/downloaded-remaining/nsfc-be-probe-batch-005
E,51268012,2012,regional,E08,2012|regional|E08|51268|3,0.818182,P3,true,manual_context_review_before_probe,"""51268012""","""51268012"" ""National Natural Science Foundation of China""","award.number:51268012,award.funder:501100001809","site:edu.cn OR site:ac.cn ""51268012""",queued,false,bibliographic/aggregator evidence only; API channels may share provenance; no PI or project fact inferred,200,0,0,200,0,0,0,0,200,200,,0,no_match_all_sources,E_negative_probe_only,,,,,not_checked,true,exact_web_and_institution_search,,2026-08-27T07:58:42+00:00,bibliographic/aggregator evidence only; API channels may share provenance; no PI or project fact inferred,/home/runner/work/PolyFT/PolyFT/downloaded-remaining/nsfc-be-probe-batch-005
E,51268018,2012,regional,E08,2012|regional|E08|51268|3,0.818182,P3,true,manual_context_review_before_probe,"""51268018""","""51268018"" ""National Natural Science Foundation of China""","award.number:51268018,award.funder:501100001809","site:edu.cn OR site:ac.cn ""51268018""",queued,false,bibliographic/aggregator evidence only; API channels may share provenance; no PI or project fact inferred,200,2,2,,0,0,0,0,200,200,crossref,2,confirmed_bibliographic,C_bibliographic,,,,,not_checked,true,official_or_institutional_confirmation,,2026-08-27T07:58:42+00:00,bibliographic/aggregator evidence only; API channels may share provenance; no PI or project fact inferred,/home/runner/work/PolyFT/PolyFT/downloaded-remaining/nsfc-be-probe-batch-005
E,51268021,2012,regional,E08,2012|regional|E08|51268|3,0.818182,P3,true,manual_context_review_before_probe,"""51268021""","""51268021"" ""National Natural Science Foundation of China""","award.number:51268021,award.funder:501100001809","site:edu.cn OR site:ac.cn ""51268021""",queued,false,bibliographic/aggregator evidence only; API channels may share provenance; no PI or project fact inferred,200,5,5,,0,0,0,0,200,200,crossref,5,confirmed_bibliographic,C_bibliographic,,,,,not_checked,true,official_or_institutional_confirmation,,2026-08-27T07:58:42+00:00,bibliographic/aggregator evidence only; API channels may share provenance; no PI or project fact inferred,/home/runner/work/PolyFT/PolyFT/downloaded-remaining/nsfc-be-probe-batch-005
E,51268025,2012,regional,E08,2012|regional|E08|51268|3,0.818182,P3,true,manual_context_review_before_probe,"""51268025""","""51268025"" ""National Natural Science Foundation of China""","award.number:51268025,award.funder:501100001809","site:edu.cn OR site:ac.cn ""51268025""",queued,false,bibliographic/aggregator evidence only; API channels may share provenance; no PI or project fact inferred,200,0,0,200,0,0,0,0,200,200,,0,no_match_all_sources,E_negative_probe_only,,,,,not_checked,true,exact_web_and_institution_search,,2026-08-27T07:58:42+00:00,bibliographic/aggregator evidence only; API channels may share provenance; no PI or project fact inferred,/home/runner/work/PolyFT/PolyFT/downloaded-remaining/nsfc-be-probe-batch-005
E,51268026,2012,regional,E08,2012|regional|E08|51268|3,0.818182,P3,true,manual_context_review_before_probe,"""51268026""","""51268026"" ""National Natural Science Foundation of China""","award.number:51268026,award.funder:501100001809","site:edu.cn OR site:ac.cn ""51268026""",queued,false,bibliographic/aggregator evidence only; API channels may share provenance; no PI or project fact inferred,200,1,1,,0,0,0,0,200,200,crossref,1,confirmed_bibliographic,C_bibliographic,,,,,not_checked,true,official_or_institutional_confirmation,,2026-08-27T07:58:42+00:00,bibliographic/aggregator evidence only; API channels may share provenance; no PI or project fact inferred,/home/runner/work/PolyFT/PolyFT/downloaded-remaining/nsfc-be-probe-batch-005
E,51268034,2012,regional,E08,2012|regional|E08|51268|3,0.818182,P3,true,manual_context_review_before_probe,"""51268034""","""51268034"" ""National Natural Science Foundation of China""","award.number:51268034,award.funder:501100001809","site:edu.cn OR site:ac.cn ""51268034""",queued,false,bibliographic/aggregator evidence only; API channels may share provenance; no PI or project fact inferred,200,3,3,,0,0,0,0,200,200,crossref,3,confirmed_bibliographic,C_bibliographic,,,,,not_checked,true,official_or_institutional_confirmation,,2026-08-27T07:58:42+00:00,bibliographic/aggregator evidence only; API channels may share provenance; no PI or project fact inferred,/home/runner/work/PolyFT/PolyFT/downloaded-remaining/nsfc-be-probe-batch-005
E,51268040,2012,regional,E08,2012|regional|E08|51268|3,0.818182,P3,true,manual_context_review_before_probe,"""51268040""","""51268040"" ""National Natural Science Foundation of China""","award.number:51268040,award.funder:501100001809","site:edu.cn OR site:ac.cn ""51268040""",queued,false,bibliographic/aggregator evidence only; API channels may share provenance; no PI or project fact inferred,200,0,0,200,0,0,0,0,200,200,,0,no_match_all_sources,E_negative_probe_only,,,,,not_checked,true,exact_web_and_institution_search,,2026-08-27T07:58:42+00:00,bibliographic/aggregator evidence only; API channels may share provenance; no PI or project fact inferred,/home/runner/work/PolyFT/PolyFT/downloaded-remaining/nsfc-be-probe-batch-005
E,51268047,2012,regional,E08,2012|regional|E08|51268|3,0.818182,P3,true,manual_context_review_before_probe,"""51268047""","""51268047"" ""National Natural Science Foundation of China""","award.number:51268047,award.funder:501100001809","site:edu.cn OR site:ac.cn ""51268047""",queued,false,bibliographic/aggregator evidence only; API channels may share provenance; no PI or project fact inferred,200,1,1,,0,0,0,0,200,200,crossref,1,confirmed_bibliographic,C_bibliographic,,,,,not_checked,true,official_or_institutional_confirmation,,2026-08-27T07:58:42+00:00,bibliographic/aggregator evidence only; API channels may share provenance; no PI or project fact inferred,/home/runner/work/PolyFT/PolyFT/downloaded-remaining/nsfc-be-probe-batch-005
E,51268052,2012,regional,E08,2012|regional|E08|51268|3,0.818182,P3,true,manual_context_review_before_probe,"""51268052""","""51268052"" ""National Natural Science Foundation of China""","award.number:51268052,award.funder:501100001809","site:edu.cn OR site:ac.cn ""51268052""",queued,false,bibliographic/aggregator evidence only; API channels may share provenance; no PI or project fact inferred,200,1,1,,0,0,0,0,200,200,crossref,1,confirmed_bibliographic,C_bibliographic,,,,,not_checked,true,official_or_institutional_confirmation,,2026-08-27T07:58:42+00:00,bibliographic/aggregator evidence only; API channels may share provenance; no PI or project fact inferred,/home/runner/work/PolyFT/PolyFT/downloaded-remaining/nsfc-be-probe-batch-005
E,51269002,2012,regional,E09,2012|regional|E09|51269|3,0.818182,P3,true,manual_context_review_before_probe,"""51269002""","""51269002"" ""National Natural Science Foundation of China""","award.number:51269002,award.funder:501100001809","site:edu.cn OR site:ac.cn ""51269002""",queued,false,bibliographic/aggregator evidence only; API channels may share provenance; no PI or project fact inferred,200,1,1,,0,0,0,0,200,200,crossref,1,confirmed_bibliographic,C_bibliographic,,,,,not_checked,true,official_or_institutional_confirmation,,2026-08-27T07:58:42+00:00,bibliographic/aggregator evidence only; API channels may share provenance; no PI or project fact inferred,/home/runner/work/PolyFT/PolyFT/downloaded-remaining/nsfc-be-probe-batch-005
E,51269004,2012,regional,E09,2012|regional|E09|51269|3,0.818182,P3,true,manual_context_review_before_probe,"""51269004""","""51269004"" ""National Natural Science Foundation of China""","award.number:51269004,award.funder:501100001809","site:edu.cn OR site:ac.cn ""51269004""",queued,false,bibliographic/aggregator evidence only; API channels may share provenance; no PI or project fact inferred,200,0,0,200,0,0,0,0,200,200,,0,no_match_all_sources,E_negative_probe_only,,,,,not_checked,true,exact_web_and_institution_search,,2026-08-27T07:58:42+00:00,bibliographic/aggregator evidence only; API channels may share provenance; no PI or project fact inferred,/home/runner/work/PolyFT/PolyFT/downloaded-remaining/nsfc-be-probe-batch-005
E,51269016,2012,regional,E09,2012|regional|E09|51269|3,0.818182,P3,true,manual_context_review_before_probe,"""51269016""","""51269016"" ""National Natural Science Foundation of China""","award.number:51269016,award.funder:501100001809","site:edu.cn OR site:ac.cn ""51269016""",queued,false,bibliographic/aggregator evidence only; API channels may share provenance; no PI or project fact inferred,200,0,0,200,0,0,0,0,200,200,,0,no_match_all_sources,E_negative_probe_only,,,,,not_checked,true,exact_web_and_institution_search,,2026-08-27T07:58:42+00:00,bibliographic/aggregator evidence only; API channels may share provenance; no PI or project fact inferred,/home/runner/work/PolyFT/PolyFT/downloaded-remaining/nsfc-be-probe-batch-005
E,51269017,2012,regional,E09,2012|regional|E09|51269|3,0.818182,P3,true,manual_context_review_before_probe,"""51269017""","""51269017"" ""National Natural Science Foundation of China""","award.number:51269017,award.funder:501100001809","site:edu.cn OR site:ac.cn ""51269017""",queued,false,bibliographic/aggregator evidence only; API channels may share provenance; no PI or project fact inferred,200,1,1,,0,0,0,0,200,200,crossref,1,confirmed_bibliographic,C_bibliographic,,,,,not_checked,true,official_or_institutional_confirmation,,2026-08-27T07:58:42+00:00,bibliographic/aggregator evidence only; API channels may share provenance; no PI or project fact inferred,/home/runner/work/PolyFT/PolyFT/downloaded-remaining/nsfc-be-probe-batch-005
E,51269031,2012,regional,E09,2012|regional|E09|51269|3,0.818182,P3,true,manual_context_review_before_probe,"""51269031""","""51269031"" ""National Natural Science Foundation of China""","award.number:51269031,award.funder:501100001809","site:edu.cn OR site:ac.cn ""51269031""",queued,false,bibliographic/aggregator evidence only; API channels may share provenance; no PI or project fact inferred,200,0,0,200,0,0,0,0,200,200,,0,no_match_all_sources,E_negative_probe_only,,,,,not_checked,true,exact_web_and_institution_search,,2026-08-27T07:58:42+00:00,bibliographic/aggregator evidence only; API channels may share provenance; no PI or project fact inferred,/home/runner/work/PolyFT/PolyFT/downloaded-remaining/nsfc-be-probe-batch-005
E,51269032,2012,regional,E09,2012|regional|E09|51269|3,0.818182,P3,true,manual_context_review_before_probe,"""51269032""","""51269032"" ""National Natural Science Foundation of China""","award.number:51269032,award.funder:501100001809","site:edu.cn OR site:ac.cn ""51269032""",queued,false,bibliographic/aggregator evidence only; API channels may share provenance; no PI or project fact inferred,200,0,0,200,0,0,0,0,200,200,,0,no_match_all_sources,E_negative_probe_only,,,,,not_checked,true,exact_web_and_institution_search,,2026-08-27T07:58:42+00:00,bibliographic/aggregator evidence only; API channels may share provenance; no PI or project fact inferred,/home/runner/work/PolyFT/PolyFT/downloaded-remaining/nsfc-be-probe-batch-005
E,51272082,2012,general,E02,2012|general|E02|51272|3,0.996700,P1,false,immediate_probe,"""51272082""","""51272082"" ""National Natural Science Foundation of China""","award.number:51272082,award.funder:501100001809","site:edu.cn OR site:ac.cn ""51272082""",queued,true,bibliographic/aggregator evidence only; API channels may share provenance; no PI or project fact inferred,200,2,2,,0,0,0,0,200,200,crossref,2,confirmed_bibliographic,C_bibliographic,,,,,not_checked,true,official_or_institutional_confirmation,,2026-08-27T07:33:47+00:00,bibliographic/aggregator evidence only; API channels may share provenance; no PI or project fact inferred,/home/runner/work/PolyFT/PolyFT/extracted-first/nsfc-be-probe-batch-001
E,51274134,2012,general,E04,2012|general|E04|51274|3,0.992593,P1,false,immediate_probe,"""51274134""","""51274134"" ""National Natural Science Foundation of China""","award.number:51274134,award.funder:501100001809","site:edu.cn OR site:ac.cn ""51274134""",queued,true,bibliographic/aggregator evidence only; API channels may share provenance; no PI or project fact inferred,200,0,0,200,0,0,0,0,200,200,,0,no_match_all_sources,E_negative_probe_only,,,,,not_checked,true,exact_web_and_institution_search,,2026-08-27T07:33:47+00:00,bibliographic/aggregator evidence only; API channels may share provenance; no PI or project fact inferred,/home/runner/work/PolyFT/PolyFT/extracted-first/nsfc-be-probe-batch-001
E,51274190,2012,general,E04,2012|general|E04|51274|3,0.992593,P1,false,immediate_probe,"""51274190""","""51274190"" ""National Natural Science Foundation of China""","award.number:51274190,award.funder:501100001809","site:edu.cn OR site:ac.cn ""51274190""",queued,true,bibliographic/aggregator evidence only; API channels may share provenance; no PI or project fact inferred,200,0,0,200,0,0,0,0,200,200,,0,no_match_all_sources,E_negative_probe_only,,,,,not_checked,true,exact_web_and_institution_search,,2026-08-27T07:33:47+00:00,bibliographic/aggregator evidence only; API channels may share provenance; no PI or project fact inferred,/home/runner/work/PolyFT/PolyFT/extracted-first/nsfc-be-probe-batch-001
E,51302176,2013,youth_c,E02,2013|youth_c|E02|51302|3,0.990909,P1,false,immediate_probe,"""51302176""","""51302176"" ""National Natural Science Foundation of China""","award.number:51302176,award.funder:501100001809","site:edu.cn OR site:ac.cn ""51302176""",queued,true,bibliographic/aggregator evidence only; API channels may share provenance; no PI or project fact inferred,200,0,0,200,0,0,0,0,200,200,,0,no_match_all_sources,E_negative_probe_only,,,,,not_checked,true,exact_web_and_institution_search,,2026-08-27T07:33:47+00:00,bibliographic/aggregator evidence only; API channels may share provenance; no PI or project fact inferred,/home/runner/work/PolyFT/PolyFT/extracted-first/nsfc-be-probe-batch-001
E,51302192,2013,youth_c,E02,2013|youth_c|E02|51302|3,0.990909,P1,false,immediate_probe,"""51302192""","""51302192"" ""National Natural Science Foundation of China""","award.number:51302192,award.funder:501100001809","site:edu.cn OR site:ac.cn ""51302192""",queued,true,bibliographic/aggregator evidence only; API channels may share provenance; no PI or project fact inferred,200,1,1,,0,0,0,0,200,200,crossref,1,confirmed_bibliographic,C_bibliographic,,,,,not_checked,true,official_or_institutional_confirmation,,2026-08-27T07:33:47+00:00,bibliographic/aggregator evidence only; API channels may share provenance; no PI or project fact inferred,/home/runner/work/PolyFT/PolyFT/extracted-first/nsfc-be-probe-batch-001
E,51302240,2013,youth_c,E02,2013|youth_c|E02|51302|3,0.990909,P1,false,immediate_probe,"""51302240""","""51302240"" ""National Natural Science Foundation of China""","award.number:51302240,award.funder:501100001809","site:edu.cn OR site:ac.cn ""51302240""",queued,true,bibliographic/aggregator evidence only; API channels may share provenance; no PI or project fact inferred,200,0,0,200,0,0,0,0,200,200,,0,no_match_all_sources,E_negative_probe_only,,,,,not_checked,true,exact_web_and_institution_search,,2026-08-27T07:33:47+00:00,bibliographic/aggregator evidence only; API channels may share provenance; no PI or project fact inferred,/home/runner/work/PolyFT/PolyFT/extracted-first/nsfc-be-probe-batch-001
E,51303042,2013,youth_c,E03,2013|youth_c|E03|51303|3,0.990826,P1,false,immediate_probe,"""51303042""","""51303042"" ""National Natural Science Foundation of China""","award.number:51303042,award.funder:501100001809","site:edu.cn OR site:ac.cn ""51303042""",queued,true,bibliographic/aggregator evidence only; API channels may share provenance; no PI or project fact inferred,200,0,0,200,0,0,0,0,200,200,,0,no_match_all_sources,E_negative_probe_only,,,,,not_checked,true,exact_web_and_institution_search,,2026-08-27T07:33:47+00:00,bibliographic/aggregator evidence only; API channels may share provenance; no PI or project fact inferred,/home/runner/work/PolyFT/PolyFT/extracted-first/nsfc-be-probe-batch-001
E,51303119,2013,youth_c,E03,2013|youth_c|E03|51303|3,0.990826,P1,false,immediate_probe,"""51303119""","""51303119"" ""National Natural Science Foundation of China""","award.number:51303119,award.funder:501100001809","site:edu.cn OR site:ac.cn ""51303119""",queued,true,bibliographic/aggregator evidence only; API channels may share provenance; no PI or project fact inferred,200,2,5,,0,0,0,0,200,200,crossref,1,confirmed_bibliographic,C_bibliographic,,,,,not_checked,true,official_or_institutional_confirmation,,2026-08-27T07:33:47+00:00,bibliographic/aggregator evidence only; API channels may share provenance; no PI or project fact inferred,/home/runner/work/PolyFT/PolyFT/extracted-first/nsfc-be-probe-batch-001
E,51306192,2013,youth_c,E06,2013|youth_c|E06|51306|3,0.995370,P1,false,immediate_probe,"""51306192""","""51306192"" ""National Natural Science Foundation of China""","award.number:51306192,award.funder:501100001809","site:edu.cn OR site:ac.cn ""51306192""",queued,true,bibliographic/aggregator evidence only; API channels may share provenance; no PI or project fact inferred,200,0,0,200,0,0,0,0,200,200,,0,no_match_all_sources,E_negative_probe_only,,,,,not_checked,true,exact_web_and_institution_search,,2026-08-27T07:33:47+00:00,bibliographic/aggregator evidence only; API channels may share provenance; no PI or project fact inferred,/home/runner/work/PolyFT/PolyFT/extracted-first/nsfc-be-probe-batch-001
E,51338005,2013,key,E08,2013|key|E08|51338|3,0.888889,P3,true,manual_context_review_before_probe,"""51338005""","""51338005"" ""National Natural Science Foundation of China""","award.number:51338005,award.funder:501100001809","site:edu.cn OR site:ac.cn ""51338005""",queued,false,bibliographic/aggregator evidence only; API channels may share provenance; no PI or project fact inferred,200,123,122,,0,0,0,0,200,200,crossref,122,confirmed_bibliographic,C_bibliographic,,,,,not_checked,true,official_or_institutional_confirmation,,2026-08-27T07:50:51+00:00,bibliographic/aggregator evidence only; API channels may share provenance; no PI or project fact inferred,/home/runner/work/PolyFT/PolyFT/downloaded-remaining/nsfc-be-probe-batch-003
E,51348010,2013,special,E10,2013|special|E10|51348|3,0.833333,P3,true,manual_context_review_before_probe,"""51348010""","""51348010"" ""National Natural Science Foundation of China""","award.number:51348010,award.funder:501100001809","site:edu.cn OR site:ac.cn ""51348010""",queued,false,bibliographic/aggregator evidence only; API channels may share provenance; no PI or project fact inferred,200,1,1,,0,0,0,0,200,200,,0,award_number_only,D_award_only,,,,,not_checked,true,exact_web_and_institution_search,,2026-08-27T07:57:16+00:00,bibliographic/aggregator evidence only; API channels may share provenance; no PI or project fact inferred,/home/runner/work/PolyFT/PolyFT/downloaded-remaining/nsfc-be-probe-batch-004
E,51365030,2013,regional,E05,2013|regional|E05|51365|3,0.981481,P1,false,immediate_probe,"""51365030""","""51365030"" ""National Natural Science Foundation of China""","award.number:51365030,award.funder:501100001809","site:edu.cn OR site:ac.cn ""51365030""",queued,true,bibliographic/aggregator evidence only; API channels may share provenance; no PI or project fact inferred,200,6,6,,0,0,0,0,200,200,crossref,6,confirmed_bibliographic,C_bibliographic,,,,,not_checked,true,official_or_institutional_confirmation,,2026-08-27T07:33:47+00:00,bibliographic/aggregator evidence only; API channels may share provenance; no PI or project fact inferred,/home/runner/work/PolyFT/PolyFT/extracted-first/nsfc-be-probe-batch-001
E,51368004,2013,regional,E08,2013|regional|E08|51368|3,0.816667,P3,true,manual_context_review_before_probe,"""51368004""","""51368004"" ""National Natural Science Foundation of China""","award.number:51368004,award.funder:501100001809","site:edu.cn OR site:ac.cn ""51368004""",queued,false,bibliographic/aggregator evidence only; API channels may share provenance; no PI or project fact inferred,200,11,11,,0,0,0,0,200,200,crossref,11,confirmed_bibliographic,C_bibliographic,,,,,not_checked,true,official_or_institutional_confirmation,,2026-08-27T07:58:42+00:00,bibliographic/aggregator evidence only; API channels may share provenance; no PI or project fact inferred,/home/runner/work/PolyFT/PolyFT/downloaded-remaining/nsfc-be-probe-batch-005
E,51368011,2013,regional,E08,2013|regional|E08|51368|3,0.816667,P3,true,manual_context_review_before_probe,"""51368011""","""51368011"" ""National Natural Science Foundation of China""","award.number:51368011,award.funder:501100001809","site:edu.cn OR site:ac.cn ""51368011""",queued,false,bibliographic/aggregator evidence only; API channels may share provenance; no PI or project fact inferred,200,2,2,,0,0,0,0,200,200,crossref,2,confirmed_bibliographic,C_bibliographic,,,,,not_checked,true,official_or_institutional_confirmation,,2026-08-27T07:58:42+00:00,bibliographic/aggregator evidence only; API channels may share provenance; no PI or project fact inferred,/home/runner/work/PolyFT/PolyFT/downloaded-remaining/nsfc-be-probe-batch-005
E,51368012,2013,regional,E08,2013|regional|E08|51368|3,0.816667,P3,true,manual_context_review_before_probe,"""51368012""","""51368012"" ""National Natural Science Foundation of China""","award.number:51368012,award.funder:501100001809","site:edu.cn OR site:ac.cn ""51368012""",queued,false,bibliographic/aggregator evidence only; API channels may share provenance; no PI or project fact inferred,200,4,4,,0,0,0,0,200,200,crossref,4,confirmed_bibliographic,C_bibliographic,,,,,not_checked,true,official_or_institutional_confirmation,,2026-08-27T07:58:42+00:00,bibliographic/aggregator evidence only; API channels may share provenance; no PI or project fact inferred,/home/runner/work/PolyFT/PolyFT/downloaded-remaining/nsfc-be-probe-batch-005
E,51368024,2013,regional,E08,2013|regional|E08|51368|3,0.816667,P3,true,manual_context_review_before_probe,"""51368024""","""51368024"" ""National Natural Science Foundation of China""","award.number:51368024,award.funder:501100001809","site:edu.cn OR site:ac.cn ""51368024""",queued,false,bibliographic/aggregator evidence only; API channels may share provenance; no PI or project fact inferred,200,2,1,,0,0,0,0,200,200,crossref,1,confirmed_bibliographic,C_bibliographic,,,,,not_checked,true,official_or_institutional_confirmation,,2026-08-27T07:58:42+00:00,bibliographic/aggregator evidence only; API channels may share provenance; no PI or project fact inferred,/home/runner/work/PolyFT/PolyFT/downloaded-remaining/nsfc-be-probe-batch-005
E,51368025,2013,regional,E08,2013|regional|E08|51368|3,0.816667,P3,true,manual_context_review_before_probe,"""51368025""","""51368025"" ""National Natural Science Foundation of China""","award.number:51368025,award.funder:501100001809","site:edu.cn OR site:ac.cn ""51368025""",queued,false,bibliographic/aggregator evidence only; API channels may share provenance; no PI or project fact inferred,200,17,18,,0,0,0,0,200,200,crossref,17,confirmed_bibliographic,C_bibliographic,,,,,not_checked,true,official_or_institutional_confirmation,,2026-08-27T07:58:42+00:00,bibliographic/aggregator evidence only; API channels may share provenance; no PI or project fact inferred,/home/runner/work/PolyFT/PolyFT/downloaded-remaining/nsfc-be-probe-batch-005
E,51368026,2013,regional,E08,2013|regional|E08|51368|3,0.816667,P3,true,manual_context_review_before_probe,"""51368026""","""51368026"" ""National Natural Science Foundation of China""","award.number:51368026,award.funder:501100001809","site:edu.cn OR site:ac.cn ""51368026""",queued,false,bibliographic/aggregator evidence only; API channels may share provenance; no PI or project fact inferred,200,12,12,,0,0,0,0,200,200,crossref,12,confirmed_bibliographic,C_bibliographic,,,,,not_checked,true,official_or_institutional_confirmation,,2026-08-27T07:58:42+00:00,bibliographic/aggregator evidence only; API channels may share provenance; no PI or project fact inferred,/home/runner/work/PolyFT/PolyFT/downloaded-remaining/nsfc-be-probe-batch-005
E,51368029,2013,regional,E08,2013|regional|E08|51368|3,0.816667,P3,true,manual_context_review_before_probe,"""51368029""","""51368029"" ""National Natural Science Foundation of China""","award.number:51368029,award.funder:501100001809","site:edu.cn OR site:ac.cn ""51368029""",queued,false,bibliographic/aggregator evidence only; API channels may share provenance; no PI or project fact inferred,200,1,1,,0,0,0,0,200,200,crossref,1,confirmed_bibliographic,C_bibliographic,,,,,not_checked,true,official_or_institutional_confirmation,,2026-08-27T07:58:42+00:00,bibliographic/aggregator evidence only; API channels may share provenance; no PI or project fact inferred,/home/runner/work/PolyFT/PolyFT/downloaded-remaining/nsfc-be-probe-batch-005
E,51368030,2013,regional,E08,2013|regional|E08|51368|3,0.816667,P3,true,manual_context_review_before_probe,"""51368030""","""51368030"" ""National Natural Science Foundation of China""","award.number:51368030,award.funder:501100001809","site:edu.cn OR site:ac.cn ""51368030""",queued,false,bibliographic/aggregator evidence only; API channels may share provenance; no PI or project fact inferred,200,10,10,,0,0,0,0,200,200,crossref,10,confirmed_bibliographic,C_bibliographic,,,,,not_checked,true,official_or_institutional_confirmation,,2026-08-27T07:58:42+00:00,bibliographic/aggregator evidence only; API channels may share provenance; no PI or project fact inferred,/home/runner/work/PolyFT/PolyFT/downloaded-remaining/nsfc-be-probe-batch-005
E,51368044,2013,regional,E08,2013|regional|E08|51368|3,0.816667,P3,true,manual_context_review_before_probe,"""51368044""","""51368044"" ""National Natural Science Foundation of China""","award.number:51368044,award.funder:501100001809","site:edu.cn OR site:ac.cn ""51368044""",queued,false,bibliographic/aggregator evidence only; API channels may share provenance; no PI or project fact inferred,200,8,8,,0,0,0,0,200,200,crossref,8,confirmed_bibliographic,C_bibliographic,,,,,not_checked,true,official_or_institutional_confirmation,,2026-08-27T07:58:42+00:00,bibliographic/aggregator evidence only; API channels may share provenance; no PI or project fact inferred,/home/runner/work/PolyFT/PolyFT/downloaded-remaining/nsfc-be-probe-batch-005
E,51368045,2013,regional,E08,2013|regional|E08|51368|3,0.816667,P3,true,manual_context_review_before_probe,"""51368045""","""51368045"" ""National Natural Science Foundation of China""","award.number:51368045,award.funder:501100001809","site:edu.cn OR site:ac.cn ""51368045""",queued,false,bibliographic/aggregator evidence only; API channels may share provenance; no PI or project fact inferred,200,2,2,,0,0,0,0,200,200,crossref,2,confirmed_bibliographic,C_bibliographic,,,,,not_checked,true,official_or_institutional_confirmation,,2026-08-27T07:58:42+00:00,bibliographic/aggregator evidence only; API channels may share provenance; no PI or project fact inferred,/home/runner/work/PolyFT/PolyFT/downloaded-remaining/nsfc-be-probe-batch-005
E,51368051,2013,regional,E08,2013|regional|E08|51368|3,0.816667,P3,true,manual_context_review_before_probe,"""51368051""","""51368051"" ""National Natural Science Foundation of China""","award.number:51368051,award.funder:501100001809","site:edu.cn OR site:ac.cn ""51368051""",queued,false,bibliographic/aggregator evidence only; API channels may share provenance; no PI or project fact inferred,200,1,1,,0,0,0,0,200,200,crossref,1,confirmed_bibliographic,C_bibliographic,,,,,not_checked,true,official_or_institutional_confirmation,,2026-08-27T07:58:42+00:00,bibliographic/aggregator evidence only; API channels may share provenance; no PI or project fact inferred,/home/runner/work/PolyFT/PolyFT/downloaded-remaining/nsfc-be-probe-batch-005
E,51369004,2013,regional,E09,2013|regional|E09|51369|3,0.806452,P3,true,manual_context_review_before_probe,"""51369004""","""51369004"" ""National Natural Science Foundation of China""","award.number:51369004,award.funder:501100001809","site:edu.cn OR site:ac.cn ""51369004""",queued,false,bibliographic/aggregator evidence only; API channels may share provenance; no PI or project fact inferred,200,1,1,,0,0,0,0,200,200,crossref,1,confirmed_bibliographic,C_bibliographic,,,,,not_checked,true,official_or_institutional_confirmation,,2026-08-27T07:58:42+00:00,bibliographic/aggregator evidence only; API channels may share provenance; no PI or project fact inferred,/home/runner/work/PolyFT/PolyFT/downloaded-remaining/nsfc-be-probe-batch-005
E,51369008,2013,regional,E09,2013|regional|E09|51369|3,0.806452,P3,true,manual_context_review_before_probe,"""51369008""","""51369008"" ""National Natural Science Foundation of China""","award.number:51369008,award.funder:501100001809","site:edu.cn OR site:ac.cn ""51369008""",queued,false,bibliographic/aggregator evidence only; API channels may share provenance; no PI or project fact inferred,200,2,2,,0,0,0,0,200,200,crossref,2,confirmed_bibliographic,C_bibliographic,,,,,not_checked,true,official_or_institutional_confirmation,,2026-08-27T07:58:42+00:00,bibliographic/aggregator evidence only; API channels may share provenance; no PI or project fact inferred,/home/runner/work/PolyFT/PolyFT/downloaded-remaining/nsfc-be-probe-batch-005
E,51369020,2013,regional,E09,2013|regional|E09|51369|3,0.806452,P3,true,manual_context_review_before_probe,"""51369020""","""51369020"" ""National Natural Science Foundation of China""","award.number:51369020,award.funder:501100001809","site:edu.cn OR site:ac.cn ""51369020""",queued,false,bibliographic/aggregator evidence only; API channels may share provenance; no PI or project fact inferred,200,0,0,200,0,0,0,0,200,200,,0,no_match_all_sources,E_negative_probe_only,,,,,not_checked,true,exact_web_and_institution_search,,2026-08-27T07:58:42+00:00,bibliographic/aggregator evidence only; API channels may share provenance; no PI or project fact inferred,/home/runner/work/PolyFT/PolyFT/downloaded-remaining/nsfc-be-probe-batch-005
E,51369024,2013,regional,E09,2013|regional|E09|51369|3,0.806452,P3,true,manual_context_review_before_probe,"""51369024""","""51369024"" ""National Natural Science Foundation of China""","award.number:51369024,award.funder:501100001809","site:edu.cn OR site:ac.cn ""51369024""",queued,false,bibliographic/aggregator evidence only; API channels may share provenance; no PI or project fact inferred,200,0,0,200,0,0,0,0,200,200,,0,no_match_all_sources,E_negative_probe_only,,,,,not_checked,true,exact_web_and_institution_search,,2026-08-27T07:58:42+00:00,bibliographic/aggregator evidence only; API channels may share provenance; no PI or project fact inferred,/home/runner/work/PolyFT/PolyFT/downloaded-remaining/nsfc-be-probe-batch-005
E,51369026,2013,regional,E09,2013|regional|E09|51369|3,0.806452,P3,true,manual_context_review_before_probe,"""51369026""","""51369026"" ""National Natural Science Foundation of China""","award.number:51369026,award.funder:501100001809","site:edu.cn OR site:ac.cn ""51369026""",queued,false,bibliographic/aggregator evidence only; API channels may share provenance; no PI or project fact inferred,200,0,0,200,0,0,0,0,200,200,,0,no_match_all_sources,E_negative_probe_only,,,,,not_checked,true,exact_web_and_institution_search,,2026-08-27T07:58:42+00:00,bibliographic/aggregator evidence only; API channels may share provenance; no PI or project fact inferred,/home/runner/work/PolyFT/PolyFT/downloaded-remaining/nsfc-be-probe-batch-005
E,51369030,2013,regional,E09,2013|regional|E09|51369|3,0.806452,P3,true,manual_context_review_before_probe,"""51369030""","""51369030"" ""National Natural Science Foundation of China""","award.number:51369030,award.funder:501100001809","site:edu.cn OR site:ac.cn ""51369030""",queued,false,bibliographic/aggregator evidence only; API channels may share provenance; no PI or project fact inferred,200,1,1,,0,0,0,0,200,200,crossref,1,confirmed_bibliographic,C_bibliographic,,,,,not_checked,true,official_or_institutional_confirmation,,2026-08-27T07:58:42+00:00,bibliographic/aggregator evidence only; API channels may share provenance; no PI or project fact inferred,/home/runner/work/PolyFT/PolyFT/downloaded-remaining/nsfc-be-probe-batch-005
E,51371058,2013,general,E01,2013|general|E01|51371|3,0.995074,P1,false,immediate_probe,"""51371058""","""51371058"" ""National Natural Science Foundation of China""","award.number:51371058,award.funder:501100001809","site:edu.cn OR site:ac.cn ""51371058""",queued,true,bibliographic/aggregator evidence only; API channels may share provenance; no PI or project fact inferred,200,1,1,,0,0,0,0,200,200,crossref,1,confirmed_bibliographic,C_bibliographic,,,,,not_checked,true,official_or_institutional_confirmation,,2026-08-27T07:33:47+00:00,bibliographic/aggregator evidence only; API channels may share provenance; no PI or project fact inferred,/home/runner/work/PolyFT/PolyFT/extracted-first/nsfc-be-probe-batch-001
E,51372147,2013,general,E02,2013|general|E02|51372|3,0.996466,P1,false,immediate_probe,"""51372147""","""51372147"" ""National Natural Science Foundation of China""","award.number:51372147,award.funder:501100001809","site:edu.cn OR site:ac.cn ""51372147""",queued,true,bibliographic/aggregator evidence only; API channels may share provenance; no PI or project fact inferred,200,10,10,,0,0,0,0,200,200,crossref,10,confirmed_bibliographic,C_bibliographic,,,,,not_checked,true,official_or_institutional_confirmation,,2026-08-27T07:33:47+00:00,bibliographic/aggregator evidence only; API channels may share provenance; no PI or project fact inferred,/home/runner/work/PolyFT/PolyFT/extracted-first/nsfc-be-probe-batch-001
E,51375019,2013,general,E05,2013|general|E05|51375|3,0.998081,P1,false,immediate_probe,"""51375019""","""51375019"" ""National Natural Science Foundation of China""","award.number:51375019,award.funder:501100001809","site:edu.cn OR site:ac.cn ""51375019""",queued,true,bibliographic/aggregator evidence only; API channels may share provenance; no PI or project fact inferred,200,1,1,,0,0,0,0,200,200,crossref,1,confirmed_bibliographic,C_bibliographic,,,,,not_checked,true,official_or_institutional_confirmation,,2026-08-27T07:33:47+00:00,bibliographic/aggregator evidence only; API channels may share provenance; no PI or project fact inferred,/home/runner/work/PolyFT/PolyFT/extracted-first/nsfc-be-probe-batch-001
E,51401218,2014,youth_c,E01,2014|youth_c|E01|51401|3,0.991770,P1,false,immediate_probe,"""51401218""","""51401218"" ""National Natural Science Foundation of China""","award.number:51401218,award.funder:501100001809","site:edu.cn OR site:ac.cn ""51401218""",queued,true,bibliographic/aggregator evidence only; API channels may share provenance; no PI or project fact inferred,200,3,3,,0,0,0,0,200,200,crossref,3,confirmed_bibliographic,C_bibliographic,,,,,not_checked,true,official_or_institutional_confirmation,,2026-08-27T07:33:47+00:00,bibliographic/aggregator evidence only; API channels may share provenance; no PI or project fact inferred,/home/runner/work/PolyFT/PolyFT/extracted-first/nsfc-be-probe-batch-001
E,51401229,2014,youth_c,E01,2014|youth_c|E01|51401|3,0.991770,P1,false,immediate_probe,"""51401229""","""51401229"" ""National Natural Science Foundation of China""","award.number:51401229,award.funder:501100001809","site:edu.cn OR site:ac.cn ""51401229""",queued,true,bibliographic/aggregator evidence only; API channels may share provenance; no PI or project fact inferred,200,2,2,,0,0,0,0,200,200,crossref,2,confirmed_bibliographic,C_bibliographic,,,,,not_checked,true,official_or_institutional_confirmation,,2026-08-27T07:33:47+00:00,bibliographic/aggregator evidence only; API channels may share provenance; no PI or project fact inferred,/home/runner/work/PolyFT/PolyFT/extracted-first/nsfc-be-probe-batch-001
E,51403158,2014,youth_c,E03,2014|youth_c|E03|51403|3,0.995918,P1,false,immediate_probe,"""51403158""","""51403158"" ""National Natural Science Foundation of China""","award.number:51403158,award.funder:501100001809","site:edu.cn OR site:ac.cn ""51403158""",queued,true,bibliographic/aggregator evidence only; API channels may share provenance; no PI or project fact inferred,200,14,14,,0,0,0,0,200,200,crossref,14,confirmed_bibliographic,C_bibliographic,,,,,not_checked,true,official_or_institutional_confirmation,,2026-08-27T07:33:47+00:00,bibliographic/aggregator evidence only; API channels may share provenance; no PI or project fact inferred,/home/runner/work/PolyFT/PolyFT/extracted-first/nsfc-be-probe-batch-001
E,51404224,2014,youth_c,E04,2014|youth_c|E04|51404|3,0.996764,P1,false,immediate_probe,"""51404224""","""51404224"" ""National Natural Science Foundation of China""","award.number:51404224,award.funder:501100001809","site:edu.cn OR site:ac.cn ""51404224""",queued,true,bibliographic/aggregator evidence only; API channels may share provenance; no PI or project fact inferred,200,0,0,200,0,0,0,0,200,200,,0,no_match_all_sources,E_negative_probe_only,,,,,not_checked,true,exact_web_and_institution_search,,2026-08-27T07:33:47+00:00,bibliographic/aggregator evidence only; API channels may share provenance; no PI or project fact inferred,/home/runner/work/PolyFT/PolyFT/extracted-first/nsfc-be-probe-batch-001
E,51405295,2014,youth_c,E05,2014|youth_c|E05|51405|3,0.996183,P1,false,immediate_probe,"""51405295""","""51405295"" ""National Natural Science Foundation of China""","award.number:51405295,award.funder:501100001809","site:edu.cn OR site:ac.cn ""51405295""",queued,true,bibliographic/aggregator evidence only; API channels may share provenance; no PI or project fact inferred,200,0,0,200,0,0,0,0,200,200,,0,no_match_all_sources,E_negative_probe_only,,,,,not_checked,true,exact_web_and_institution_search,,2026-08-27T07:33:47+00:00,bibliographic/aggregator evidence only; API channels may share provenance; no PI or project fact inferred,/home/runner/work/PolyFT/PolyFT/extracted-first/nsfc-be-probe-batch-001
E,51405515,2014,youth_c,E05,2014|youth_c|E05|51405|3,0.996183,P1,false,immediate_probe,"""51405515""","""51405515"" ""National Natural Science Foundation of China""","award.number:51405515,award.funder:501100001809","site:edu.cn OR site:ac.cn ""51405515""",queued,true,bibliographic/aggregator evidence only; API channels may share provenance; no PI or project fact inferred,200,9,9,,0,0,0,0,200,200,crossref,9,confirmed_bibliographic,C_bibliographic,,,,,not_checked,true,official_or_institutional_confirmation,,2026-08-27T07:33:47+00:00,bibliographic/aggregator evidence only; API channels may share provenance; no PI or project fact inferred,/home/runner/work/PolyFT/PolyFT/extracted-first/nsfc-be-probe-batch-001
E,51406162,2014,youth_c,E06,2014|youth_c|E06|51406|3,0.991701,P1,false,immediate_probe,"""51406162""","""51406162"" ""National Natural Science Foundation of China""","award.number:51406162,award.funder:501100001809","site:edu.cn OR site:ac.cn ""51406162""",queued,true,bibliographic/aggregator evidence only; API channels may share provenance; no PI or project fact inferred,200,1,0,200,1,1,0,0,200,200,,0,award_number_only,D_award_only,,,,,not_checked,true,exact_web_and_institution_search,,2026-08-27T07:33:47+00:00,bibliographic/aggregator evidence only; API channels may share provenance; no PI or project fact inferred,/home/runner/work/PolyFT/PolyFT/extracted-first/nsfc-be-probe-batch-001
E,51406211,2014,youth_c,E06,2014|youth_c|E06|51406|3,0.991701,P1,false,immediate_probe,"""51406211""","""51406211"" ""National Natural Science Foundation of China""","award.number:51406211,award.funder:501100001809","site:edu.cn OR site:ac.cn ""51406211""",queued,true,bibliographic/aggregator evidence only; API channels may share provenance; no PI or project fact inferred,200,1,1,,0,0,0,0,200,200,crossref,1,confirmed_bibliographic,C_bibliographic,,,,,not_checked,true,official_or_institutional_confirmation,,2026-08-27T07:33:47+00:00,bibliographic/aggregator evidence only; API channels may share provenance; no PI or project fact inferred,/home/runner/work/PolyFT/PolyFT/extracted-first/nsfc-be-probe-batch-001
E,51407099,2014,youth_c,E07,2014|youth_c|E07|51407|3,0.995000,P1,false,immediate_probe,"""51407099""","""51407099"" ""National Natural Science Foundation of China""","award.number:51407099,award.funder:501100001809","site:edu.cn OR site:ac.cn ""51407099""",queued,true,bibliographic/aggregator evidence only; API channels may share provenance; no PI or project fact inferred,200,3,3,,0,0,0,0,200,200,crossref,3,confirmed_bibliographic,C_bibliographic,,,,,not_checked,true,official_or_institutional_confirmation,,2026-08-27T07:33:47+00:00,bibliographic/aggregator evidence only; API channels may share provenance; no PI or project fact inferred,/home/runner/work/PolyFT/PolyFT/extracted-first/nsfc-be-probe-batch-001
E,51432005,2014,key,E02,2014|key|E02|51432|3,0.900000,P2,false,low_rate_probe,"""51432005""","""51432005"" ""National Natural Science Foundation of China""","award.number:51432005,award.funder:501100001809","site:edu.cn OR site:ac.cn ""51432005""",queued,false,bibliographic/aggregator evidence only; API channels may share provenance; no PI or project fact inferred,200,375,373,,0,0,0,0,200,200,crossref,369,confirmed_bibliographic,C_bibliographic,,,,,not_checked,true,official_or_institutional_confirmation,,2026-08-27T07:50:12+00:00,bibliographic/aggregator evidence only; API channels may share provenance; no PI or project fact inferred,/home/runner/work/PolyFT/PolyFT/downloaded-remaining/nsfc-be-probe-batch-002
E,51438006,2014,key,E08,2014|key|E08|51438|3,0.800000,P3,true,manual_context_review_before_probe,"""51438006""","""51438006"" ""National Natural Science Foundation of China""","award.number:51438006,award.funder:501100001809","site:edu.cn OR site:ac.cn ""51438006""",queued,false,bibliographic/aggregator evidence only; API channels may share provenance; no PI or project fact inferred,200,42,43,,0,0,0,0,200,200,crossref,41,confirmed_bibliographic,C_bibliographic,,,,,not_checked,true,official_or_institutional_confirmation,,2026-08-27T07:58:42+00:00,bibliographic/aggregator evidence only; API channels may share provenance; no PI or project fact inferred,/home/runner/work/PolyFT/PolyFT/downloaded-remaining/nsfc-be-probe-batch-005
E,51438008,2014,key,E08,2014|key|E08|51438|3,0.800000,P3,true,manual_context_review_before_probe,"""51438008""","""51438008"" ""National Natural Science Foundation of China""","award.number:51438008,award.funder:501100001809","site:edu.cn OR site:ac.cn ""51438008""",queued,false,bibliographic/aggregator evidence only; API channels may share provenance; no PI or project fact inferred,200,71,65,,0,0,0,0,200,200,crossref,65,confirmed_bibliographic,C_bibliographic,,,,,not_checked,true,official_or_institutional_confirmation,,2026-08-27T07:58:42+00:00,bibliographic/aggregator evidence only; API channels may share provenance; no PI or project fact inferred,/home/runner/work/PolyFT/PolyFT/downloaded-remaining/nsfc-be-probe-batch-005
E,51468011,2014,regional,E08,2014|regional|E08|51468|3,0.843750,P3,true,manual_context_review_before_probe,"""51468011""","""51468011"" ""National Natural Science Foundation of China""","award.number:51468011,award.funder:501100001809","site:edu.cn OR site:ac.cn ""51468011""",queued,false,bibliographic/aggregator evidence only; API channels may share provenance; no PI or project fact inferred,200,8,8,,0,0,0,0,200,200,crossref,7,confirmed_bibliographic,C_bibliographic,,,,,not_checked,true,official_or_institutional_confirmation,,2026-08-27T07:57:16+00:00,bibliographic/aggregator evidence only; API channels may share provenance; no PI or project fact inferred,/home/runner/work/PolyFT/PolyFT/downloaded-remaining/nsfc-be-probe-batch-004
E,51468016,2014,regional,E08,2014|regional|E08|51468|3,0.843750,P3,true,manual_context_review_before_probe,"""51468016""","""51468016"" ""National Natural Science Foundation of China""","award.number:51468016,award.funder:501100001809","site:edu.cn OR site:ac.cn ""51468016""",queued,false,bibliographic/aggregator evidence only; API channels may share provenance; no PI or project fact inferred,200,13,13,,0,0,0,0,200,200,crossref,13,confirmed_bibliographic,C_bibliographic,,,,,not_checked,true,official_or_institutional_confirmation,,2026-08-27T07:57:16+00:00,bibliographic/aggregator evidence only; API channels may share provenance; no PI or project fact inferred,/home/runner/work/PolyFT/PolyFT/downloaded-remaining/nsfc-be-probe-batch-004
E,51468024,2014,regional,E08,2014|regional|E08|51468|3,0.843750,P3,true,manual_context_review_before_probe,"""51468024""","""51468024"" ""National Natural Science Foundation of China""","award.number:51468024,award.funder:501100001809","site:edu.cn OR site:ac.cn ""51468024""",queued,false,bibliographic/aggregator evidence only; API channels may share provenance; no PI or project fact inferred,200,3,3,,0,0,0,0,200,200,crossref,3,confirmed_bibliographic,C_bibliographic,,,,,not_checked,true,official_or_institutional_confirmation,,2026-08-27T07:57:16+00:00,bibliographic/aggregator evidence only; API channels may share provenance; no PI or project fact inferred,/home/runner/work/PolyFT/PolyFT/downloaded-remaining/nsfc-be-probe-batch-004
E,51468029,2014,regional,E08,2014|regional|E08|51468|3,0.843750,P3,true,manual_context_review_before_probe,"""51468029""","""51468029"" ""National Natural Science Foundation of China""","award.number:51468029,award.funder:501100001809","site:edu.cn OR site:ac.cn ""51468029""",queued,false,bibliographic/aggregator evidence only; API channels may share provenance; no PI or project fact inferred,200,0,0,200,0,0,0,0,200,200,,0,no_match_all_sources,E_negative_probe_only,,,,,not_checked,true,exact_web_and_institution_search,,2026-08-27T07:57:16+00:00,bibliographic/aggregator evidence only; API channels may share provenance; no PI or project fact inferred,/home/runner/work/PolyFT/PolyFT/downloaded-remaining/nsfc-be-probe-batch-004
E,51468030,2014,regional,E08,2014|regional|E08|51468|3,0.843750,P3,true,manual_context_review_before_probe,"""51468030""","""51468030"" ""National Natural Science Foundation of China""","award.number:51468030,award.funder:501100001809","site:edu.cn OR site:ac.cn ""51468030""",queued,false,bibliographic/aggregator evidence only; API channels may share provenance; no PI or project fact inferred,200,1,1,,0,0,0,0,200,200,crossref,1,confirmed_bibliographic,C_bibliographic,,,,,not_checked,true,official_or_institutional_confirmation,,2026-08-27T07:57:16+00:00,bibliographic/aggregator evidence only; API channels may share provenance; no PI or project fact inferred,/home/runner/work/PolyFT/PolyFT/downloaded-remaining/nsfc-be-probe-batch-004
E,51468043,2014,regional,E08,2014|regional|E08|51468|3,0.843750,P3,true,manual_context_review_before_probe,"""51468043""","""51468043"" ""National Natural Science Foundation of China""","award.number:51468043,award.funder:501100001809","site:edu.cn OR site:ac.cn ""51468043""",queued,false,bibliographic/aggregator evidence only; API channels may share provenance; no PI or project fact inferred,200,12,12,,0,0,0,0,200,200,crossref,12,confirmed_bibliographic,C_bibliographic,,,,,not_checked,true,official_or_institutional_confirmation,,2026-08-27T07:57:16+00:00,bibliographic/aggregator evidence only; API channels may share provenance; no PI or project fact inferred,/home/runner/work/PolyFT/PolyFT/downloaded-remaining/nsfc-be-probe-batch-004
E,51468044,2014,regional,E08,2014|regional|E08|51468|3,0.843750,P3,true,manual_context_review_before_probe,"""51468044""","""51468044"" ""National Natural Science Foundation of China""","award.number:51468044,award.funder:501100001809","site:edu.cn OR site:ac.cn ""51468044""",queued,false,bibliographic/aggregator evidence only; API channels may share provenance; no PI or project fact inferred,200,8,8,,0,0,0,0,200,200,crossref,8,confirmed_bibliographic,C_bibliographic,,,,,not_checked,true,official_or_institutional_confirmation,,2026-08-27T07:57:16+00:00,bibliographic/aggregator evidence only; API channels may share provenance; no PI or project fact inferred,/home/runner/work/PolyFT/PolyFT/downloaded-remaining/nsfc-be-probe-batch-004
E,51468046,2014,regional,E08,2014|regional|E08|51468|3,0.843750,P3,true,manual_context_review_before_probe,"""51468046""","""51468046"" ""National Natural Science Foundation of China""","award.number:51468046,award.funder:501100001809","site:edu.cn OR site:ac.cn ""51468046""",queued,false,bibliographic/aggregator evidence only; API channels may share provenance; no PI or project fact inferred,200,2,2,,0,0,0,0,200,200,crossref,2,confirmed_bibliographic,C_bibliographic,,,,,not_checked,true,official_or_institutional_confirmation,,2026-08-27T07:57:16+00:00,bibliographic/aggregator evidence only; API channels may share provenance; no PI or project fact inferred,/home/runner/work/PolyFT/PolyFT/downloaded-remaining/nsfc-be-probe-batch-004
E,51468048,2014,regional,E08,2014|regional|E08|51468|3,0.843750,P3,true,manual_context_review_before_probe,"""51468048""","""51468048"" ""National Natural Science Foundation of China""","award.number:51468048,award.funder:501100001809","site:edu.cn OR site:ac.cn ""51468048""",queued,false,bibliographic/aggregator evidence only; API channels may share provenance; no PI or project fact inferred,200,1,1,,0,0,0,0,200,200,crossref,1,confirmed_bibliographic,C_bibliographic,,,,,not_checked,true,official_or_institutional_confirmation,,2026-08-27T07:57:16+00:00,bibliographic/aggregator evidence only; API channels may share provenance; no PI or project fact inferred,/home/runner/work/PolyFT/PolyFT/downloaded-remaining/nsfc-be-probe-batch-004
E,51468056,2014,regional,E08,2014|regional|E08|51468|3,0.843750,P3,true,manual_context_review_before_probe,"""51468056""","""51468056"" ""National Natural Science Foundation of China""","award.number:51468056,award.funder:501100001809","site:edu.cn OR site:ac.cn ""51468056""",queued,false,bibliographic/aggregator evidence only; API channels may share provenance; no PI or project fact inferred,200,1,1,,0,0,0,0,200,200,crossref,1,confirmed_bibliographic,C_bibliographic,,,,,not_checked,true,official_or_institutional_confirmation,,2026-08-27T07:57:16+00:00,bibliographic/aggregator evidence only; API channels may share provenance; no PI or project fact inferred,/home/runner/work/PolyFT/PolyFT/downloaded-remaining/nsfc-be-probe-batch-004
E,51469006,2014,regional,E09,2014|regional|E09|51469|3,0.857143,P3,true,manual_context_review_before_probe,"""51469006""","""51469006"" ""National Natural Science Foundation of China""","award.number:51469006,award.funder:501100001809","site:edu.cn OR site:ac.cn ""51469006""",queued,false,bibliographic/aggregator evidence only; API channels may share provenance; no PI or project fact inferred,200,2,2,,0,0,0,0,200,200,crossref,2,confirmed_bibliographic,C_bibliographic,,,,,not_checked,true,official_or_institutional_confirmation,,2026-08-27T07:57:16+00:00,bibliographic/aggregator evidence only; API channels may share provenance; no PI or project fact inferred,/home/runner/work/PolyFT/PolyFT/downloaded-remaining/nsfc-be-probe-batch-004
E,51469017,2014,regional,E09,2014|regional|E09|51469|3,0.857143,P3,true,manual_context_review_before_probe,"""51469017""","""51469017"" ""National Natural Science Foundation of China""","award.number:51469017,award.funder:501100001809","site:edu.cn OR site:ac.cn ""51469017""",queued,false,bibliographic/aggregator evidence only; API channels may share provenance; no PI or project fact inferred,200,2,2,,0,0,0,0,200,200,crossref,2,confirmed_bibliographic,C_bibliographic,,,,,not_checked,true,official_or_institutional_confirmation,,2026-08-27T07:57:16+00:00,bibliographic/aggregator evidence only; API channels may share provenance; no PI or project fact inferred,/home/runner/work/PolyFT/PolyFT/downloaded-remaining/nsfc-be-probe-batch-004
E,51469025,2014,regional,E09,2014|regional|E09|51469|3,0.857143,P3,true,manual_context_review_before_probe,"""51469025""","""51469025"" ""National Natural Science Foundation of China""","award.number:51469025,award.funder:501100001809","site:edu.cn OR site:ac.cn ""51469025""",queued,false,bibliographic/aggregator evidence only; API channels may share provenance; no PI or project fact inferred,200,1,1,,0,0,0,0,200,200,crossref,1,confirmed_bibliographic,C_bibliographic,,,,,not_checked,true,official_or_institutional_confirmation,,2026-08-27T07:57:16+00:00,bibliographic/aggregator evidence only; API channels may share provenance; no PI or project fact inferred,/home/runner/work/PolyFT/PolyFT/downloaded-remaining/nsfc-be-probe-batch-004
E,51469026,2014,regional,E09,2014|regional|E09|51469|3,0.857143,P3,true,manual_context_review_before_probe,"""51469026""","""51469026"" ""National Natural Science Foundation of China""","award.number:51469026,award.funder:501100001809","site:edu.cn OR site:ac.cn ""51469026""",queued,false,bibliographic/aggregator evidence only; API channels may share provenance; no PI or project fact inferred,200,0,0,200,1,1,0,0,200,200,,0,award_number_only,D_award_only,,,,,not_checked,true,exact_web_and_institution_search,,2026-08-27T07:57:16+00:00,bibliographic/aggregator evidence only; API channels may share provenance; no PI or project fact inferred,/home/runner/work/PolyFT/PolyFT/downloaded-remaining/nsfc-be-probe-batch-004
E,51469030,2014,regional,E09,2014|regional|E09|51469|3,0.857143,P3,true,manual_context_review_before_probe,"""51469030""","""51469030"" ""National Natural Science Foundation of China""","award.number:51469030,award.funder:501100001809","site:edu.cn OR site:ac.cn ""51469030""",queued,false,bibliographic/aggregator evidence only; API channels may share provenance; no PI or project fact inferred,200,3,3,,0,0,0,0,200,200,crossref,3,confirmed_bibliographic,C_bibliographic,,,,,not_checked,true,official_or_institutional_confirmation,,2026-08-27T07:57:16+00:00,bibliographic/aggregator evidence only; API channels may share provenance; no PI or project fact inferred,/home/runner/work/PolyFT/PolyFT/downloaded-remaining/nsfc-be-probe-batch-004
E,51475123,2014,general,E05,2014|general|E05|51475|3,0.995876,P1,false,immediate_probe,"""51475123""","""51475123"" ""National Natural Science Foundation of China""","award.number:51475123,award.funder:501100001809","site:edu.cn OR site:ac.cn ""51475123""",queued,true,bibliographic/aggregator evidence only; API channels may share provenance; no PI or project fact inferred,200,0,0,200,0,0,0,0,200,200,,0,no_match_all_sources,E_negative_probe_only,,,,,not_checked,true,exact_web_and_institution_search,,2026-08-27T07:33:47+00:00,bibliographic/aggregator evidence only; API channels may share provenance; no PI or project fact inferred,/home/runner/work/PolyFT/PolyFT/extracted-first/nsfc-be-probe-batch-001
E,51475283,2014,general,E05,2014|general|E05|51475|3,0.995876,P1,false,immediate_probe,"""51475283""","""51475283"" ""National Natural Science Foundation of China""","award.number:51475283,award.funder:501100001809","site:edu.cn OR site:ac.cn ""51475283""",queued,true,bibliographic/aggregator evidence only; API channels may share provenance; no PI or project fact inferred,200,0,0,200,0,0,0,0,200,200,,0,no_match_all_sources,E_negative_probe_only,,,,,not_checked,true,exact_web_and_institution_search,,2026-08-27T07:33:47+00:00,bibliographic/aggregator evidence only; API channels may share provenance; no PI or project fact inferred,/home/runner/work/PolyFT/PolyFT/extracted-first/nsfc-be-probe-batch-001
E,51476024,2014,general,E06,2014|general|E06|51476|3,0.994737,P1,false,immediate_probe,"""51476024""","""51476024"" ""National Natural Science Foundation of China""","award.number:51476024,award.funder:501100001809","site:edu.cn OR site:ac.cn ""51476024""",queued,true,bibliographic/aggregator evidence only; API channels may share provenance; no PI or project fact inferred,200,0,0,200,0,0,0,0,200,200,,0,no_match_all_sources,E_negative_probe_only,,,,,not_checked,true,exact_web_and_institution_search,,2026-08-27T07:33:47+00:00,bibliographic/aggregator evidence only; API channels may share provenance; no PI or project fact inferred,/home/runner/work/PolyFT/PolyFT/extracted-first/nsfc-be-probe-batch-001
E,51501135,2015,youth_c,E01,2015|youth_c|E01|51501|3,0.987013,P1,false,immediate_probe,"""51501135""","""51501135"" ""National Natural Science Foundation of China""","award.number:51501135,award.funder:501100001809","site:edu.cn OR site:ac.cn ""51501135""",queued,true,bibliographic/aggregator evidence only; API channels may share provenance; no PI or project fact inferred,200,0,0,200,0,0,0,0,200,200,,0,no_match_all_sources,E_negative_probe_only,,,,,not_checked,true,exact_web_and_institution_search,,2026-08-27T07:33:47+00:00,bibliographic/aggregator evidence only; API channels may share provenance; no PI or project fact inferred,/home/runner/work/PolyFT/PolyFT/extracted-first/nsfc-be-probe-batch-001
E,51501187,2015,youth_c,E01,2015|youth_c|E01|51501|3,0.987013,P1,false,immediate_probe,"""51501187""","""51501187"" ""National Natural Science Foundation of China""","award.number:51501187,award.funder:501100001809","site:edu.cn OR site:ac.cn ""51501187""",queued,true,bibliographic/aggregator evidence only; API channels may share provenance; no PI or project fact inferred,200,0,0,200,0,0,0,0,200,200,,0,no_match_all_sources,E_negative_probe_only,,,,,not_checked,true,exact_web_and_institution_search,,2026-08-27T07:33:47+00:00,bibliographic/aggregator evidence only; API channels may share provenance; no PI or project fact inferred,/home/runner/work/PolyFT/PolyFT/extracted-first/nsfc-be-probe-batch-001
E,51501191,2015,youth_c,E01,2015|youth_c|E01|51501|3,0.987013,P1,false,immediate_probe,"""51501191""","""51501191"" ""National Natural Science Foundation of China""","award.number:51501191,award.funder:501100001809","site:edu.cn OR site:ac.cn ""51501191""",queued,true,bibliographic/aggregator evidence only; API channels may share provenance; no PI or project fact inferred,200,4,4,,0,0,0,0,200,200,crossref,4,confirmed_bibliographic,C_bibliographic,,,,,not_checked,true,official_or_institutional_confirmation,,2026-08-27T07:33:47+00:00,bibliographic/aggregator evidence only; API channels may share provenance; no PI or project fact inferred,/home/runner/work/PolyFT/PolyFT/extracted-first/nsfc-be-probe-batch-001
E,51502303,2015,youth_c,E02,2015|youth_c|E02|51502|3,0.997167,P1,false,immediate_probe,"""51502303""","""51502303"" ""National Natural Science Foundation of China""","award.number:51502303,award.funder:501100001809","site:edu.cn OR site:ac.cn ""51502303""",queued,true,bibliographic/aggregator evidence only; API channels may share provenance; no PI or project fact inferred,200,2,2,,0,0,0,0,200,200,crossref,2,confirmed_bibliographic,C_bibliographic,,,,,not_checked,true,official_or_institutional_confirmation,,2026-08-27T07:33:47+00:00,bibliographic/aggregator evidence only; API channels may share provenance; no PI or project fact inferred,/home/runner/work/PolyFT/PolyFT/extracted-first/nsfc-be-probe-batch-001
E,51504102,2015,youth_c,E04,2015|youth_c|E04|51504|3,0.996656,P1,false,immediate_probe,"""51504102""","""51504102"" ""National Natural Science Foundation of China""","award.number:51504102,award.funder:501100001809","site:edu.cn OR site:ac.cn ""51504102""",queued,true,bibliographic/aggregator evidence only; API channels may share provenance; no PI or project fact inferred,200,4,4,,0,0,0,0,200,200,crossref,4,confirmed_bibliographic,C_bibliographic,,,,,not_checked,true,official_or_institutional_confirmation,,2026-08-27T07:33:47+00:00,bibliographic/aggregator evidence only; API channels may share provenance; no PI or project fact inferred,/home/runner/work/PolyFT/PolyFT/extracted-first/nsfc-be-probe-batch-001
E,51505496,2015,youth_c,E05,2015|youth_c|E05|51505|3,0.998024,P1,false,immediate_probe,"""51505496""","""51505496"" ""National Natural Science Foundation of China""","award.number:51505496,award.funder:501100001809","site:edu.cn OR site:ac.cn ""51505496""",queued,true,bibliographic/aggregator evidence only; API channels may share provenance; no PI or project fact inferred,200,2,2,,0,0,0,0,200,200,crossref,2,confirmed_bibliographic,C_bibliographic,,,,,not_checked,true,official_or_institutional_confirmation,,2026-08-27T07:33:47+00:00,bibliographic/aggregator evidence only; API channels may share provenance; no PI or project fact inferred,/home/runner/work/PolyFT/PolyFT/extracted-first/nsfc-be-probe-batch-001
E,51538008,2015,key,E08,2015|key|E08|51538|3,0.900000,P3,true,manual_context_review_before_probe,"""51538008""","""51538008"" ""National Natural Science Foundation of China""","award.number:51538008,award.funder:501100001809","site:edu.cn OR site:ac.cn ""51538008""",queued,false,bibliographic/aggregator evidence only; API channels may share provenance; no PI or project fact inferred,200,39,38,,0,0,0,0,200,200,crossref,38,confirmed_bibliographic,C_bibliographic,,,,,not_checked,true,official_or_institutional_confirmation,,2026-08-27T07:50:51+00:00,bibliographic/aggregator evidence only; API channels may share provenance; no PI or project fact inferred,/home/runner/work/PolyFT/PolyFT/downloaded-remaining/nsfc-be-probe-batch-003
E,51539008,2015,key,E09,2015|key|E09|51539|3,0.875000,P3,true,manual_context_review_before_probe,"""51539008""","""51539008"" ""National Natural Science Foundation of China""","award.number:51539008,award.funder:501100001809","site:edu.cn OR site:ac.cn ""51539008""",queued,false,bibliographic/aggregator evidence only; API channels may share provenance; no PI or project fact inferred,200,63,63,,0,0,0,0,200,200,crossref,61,confirmed_bibliographic,C_bibliographic,,,,,not_checked,true,official_or_institutional_confirmation,,2026-08-27T07:50:51+00:00,bibliographic/aggregator evidence only; API channels may share provenance; no PI or project fact inferred,/home/runner/work/PolyFT/PolyFT/downloaded-remaining/nsfc-be-probe-batch-003
E,51562017,2015,regional,E02,2015|regional|E02|51562|3,0.973684,P2,false,next_probe_batch,"""51562017""","""51562017"" ""National Natural Science Foundation of China""","award.number:51562017,award.funder:501100001809","site:edu.cn OR site:ac.cn ""51562017""",queued,true,bibliographic/aggregator evidence only; API channels may share provenance; no PI or project fact inferred,200,0,0,200,0,0,0,0,200,200,,0,no_match_all_sources,E_negative_probe_only,,,,,not_checked,true,exact_web_and_institution_search,,2026-08-27T07:33:47+00:00,bibliographic/aggregator evidence only; API channels may share provenance; no PI or project fact inferred,/home/runner/work/PolyFT/PolyFT/extracted-first/nsfc-be-probe-batch-001
E,51569006,2015,regional,E09,2015|regional|E09|51569|3,0.857143,P3,true,manual_context_review_before_probe,"""51569006""","""51569006"" ""National Natural Science Foundation of China""","award.number:51569006,award.funder:501100001809","site:edu.cn OR site:ac.cn ""51569006""",queued,false,bibliographic/aggregator evidence only; API channels may share provenance; no PI or project fact inferred,200,0,0,200,0,0,0,0,200,200,,0,no_match_all_sources,E_negative_probe_only,,,,,not_checked,true,exact_web_and_institution_search,,2026-08-27T07:57:16+00:00,bibliographic/aggregator evidence only; API channels may share provenance; no PI or project fact inferred,/home/runner/work/PolyFT/PolyFT/downloaded-remaining/nsfc-be-probe-batch-004
E,51569008,2015,regional,E09,2015|regional|E09|51569|3,0.857143,P3,true,manual_context_review_before_probe,"""51569008""","""51569008"" ""National Natural Science Foundation of China""","award.number:51569008,award.funder:501100001809","site:edu.cn OR site:ac.cn ""51569008""",queued,false,bibliographic/aggregator evidence only; API channels may share provenance; no PI or project fact inferred,200,3,3,,0,0,0,0,200,200,crossref,3,confirmed_bibliographic,C_bibliographic,,,,,not_checked,true,official_or_institutional_confirmation,,2026-08-27T07:57:16+00:00,bibliographic/aggregator evidence only; API channels may share provenance; no PI or project fact inferred,/home/runner/work/PolyFT/PolyFT/downloaded-remaining/nsfc-be-probe-batch-004
E,51569015,2015,regional,E09,2015|regional|E09|51569|3,0.857143,P3,true,manual_context_review_before_probe,"""51569015""","""51569015"" ""National Natural Science Foundation of China""","award.number:51569015,award.funder:501100001809","site:edu.cn OR site:ac.cn ""51569015""",queued,false,bibliographic/aggregator evidence only; API channels may share provenance; no PI or project fact inferred,200,0,0,200,0,0,0,0,200,200,,0,no_match_all_sources,E_negative_probe_only,,,,,not_checked,true,exact_web_and_institution_search,,2026-08-27T07:57:16+00:00,bibliographic/aggregator evidence only; API channels may share provenance; no PI or project fact inferred,/home/runner/work/PolyFT/PolyFT/downloaded-remaining/nsfc-be-probe-batch-004
E,51569019,2015,regional,E09,2015|regional|E09|51569|3,0.857143,P3,true,manual_context_review_before_probe,"""51569019""","""51569019"" ""National Natural Science Foundation of China""","award.number:51569019,award.funder:501100001809","site:edu.cn OR site:ac.cn ""51569019""",queued,false,bibliographic/aggregator evidence only; API channels may share provenance; no PI or project fact inferred,200,2,2,,0,0,0,0,200,200,crossref,2,confirmed_bibliographic,C_bibliographic,,,,,not_checked,true,official_or_institutional_confirmation,,2026-08-27T07:57:16+00:00,bibliographic/aggregator evidence only; API channels may share provenance; no PI or project fact inferred,/home/runner/work/PolyFT/PolyFT/downloaded-remaining/nsfc-be-probe-batch-004
E,51569024,2015,regional,E09,2015|regional|E09|51569|3,0.857143,P3,true,manual_context_review_before_probe,"""51569024""","""51569024"" ""National Natural Science Foundation of China""","award.number:51569024,award.funder:501100001809","site:edu.cn OR site:ac.cn ""51569024""",queued,false,bibliographic/aggregator evidence only; API channels may share provenance; no PI or project fact inferred,200,1,1,,0,0,0,0,200,200,crossref,1,confirmed_bibliographic,C_bibliographic,,,,,not_checked,true,official_or_institutional_confirmation,,2026-08-27T07:57:16+00:00,bibliographic/aggregator evidence only; API channels may share provenance; no PI or project fact inferred,/home/runner/work/PolyFT/PolyFT/downloaded-remaining/nsfc-be-probe-batch-004
E,51572142,2015,general,E02,2015|general|E02|51572|3,0.993399,P1,false,immediate_probe,"""51572142""","""51572142"" ""National Natural Science Foundation of China""","award.number:51572142,award.funder:501100001809","site:edu.cn OR site:ac.cn ""51572142""",queued,true,bibliographic/aggregator evidence only; API channels may share provenance; no PI or project fact inferred,200,0,0,200,0,0,0,0,200,200,,0,no_match_all_sources,E_negative_probe_only,,,,,not_checked,true,exact_web_and_institution_search,,2026-08-27T07:33:47+00:00,bibliographic/aggregator evidence only; API channels may share provenance; no PI or project fact inferred,/home/runner/work/PolyFT/PolyFT/extracted-first/nsfc-be-probe-batch-001
E,51572297,2015,general,E02,2015|general|E02|51572|3,0.993399,P1,false,immediate_probe,"""51572297""","""51572297"" ""National Natural Science Foundation of China""","award.number:51572297,award.funder:501100001809","site:edu.cn OR site:ac.cn ""51572297""",queued,true,bibliographic/aggregator evidence only; API channels may share provenance; no PI or project fact inferred,200,0,0,200,0,0,0,0,200,200,,0,no_match_all_sources,E_negative_probe_only,,,,,not_checked,true,exact_web_and_institution_search,,2026-08-27T07:33:47+00:00,bibliographic/aggregator evidence only; API channels may share provenance; no PI or project fact inferred,/home/runner/work/PolyFT/PolyFT/extracted-first/nsfc-be-probe-batch-001
E,51576057,2015,general,E06,2015|general|E06|51576|3,0.995349,P1,false,immediate_probe,"""51576057""","""51576057"" ""National Natural Science Foundation of China""","award.number:51576057,award.funder:501100001809","site:edu.cn OR site:ac.cn ""51576057""",queued,true,bibliographic/aggregator evidence only; API channels may share provenance; no PI or project fact inferred,200,12,12,,0,0,0,0,200,200,crossref,12,confirmed_bibliographic,C_bibliographic,,,,,not_checked,true,official_or_institutional_confirmation,,2026-08-27T07:33:47+00:00,bibliographic/aggregator evidence only; API channels may share provenance; no PI or project fact inferred,/home/runner/work/PolyFT/PolyFT/extracted-first/nsfc-be-probe-batch-001
E,51601096,2016,youth_c,E01,2016|youth_c|E01|51601|3,0.995633,P1,false,immediate_probe,"""51601096""","""51601096"" ""National Natural Science Foundation of China""","award.number:51601096,award.funder:501100001809","site:edu.cn OR site:ac.cn ""51601096""",queued,true,bibliographic/aggregator evidence only; API channels may share provenance; no PI or project fact inferred,200,3,3,,0,0,0,0,200,200,crossref,3,confirmed_bibliographic,C_bibliographic,,,,,not_checked,true,official_or_institutional_confirmation,,2026-08-27T07:33:47+00:00,bibliographic/aggregator evidence only; API channels may share provenance; no PI or project fact inferred,/home/runner/work/PolyFT/PolyFT/extracted-first/nsfc-be-probe-batch-001
E,51602158,2016,youth_c,E02,2016|youth_c|E02|51602|3,0.997207,P1,false,immediate_probe,"""51602158""","""51602158"" ""National Natural Science Foundation of China""","award.number:51602158,award.funder:501100001809","site:edu.cn OR site:ac.cn ""51602158""",queued,true,bibliographic/aggregator evidence only; API channels may share provenance; no PI or project fact inferred,200,7,6,,0,0,0,0,200,200,crossref,6,confirmed_bibliographic,C_bibliographic,,,,,not_checked,true,official_or_institutional_confirmation,,2026-08-27T07:33:47+00:00,bibliographic/aggregator evidence only; API channels may share provenance; no PI or project fact inferred,/home/runner/work/PolyFT/PolyFT/extracted-first/nsfc-be-probe-batch-001
E,51604146,2016,youth_c,E04,2016|youth_c|E04|51604|3,0.996785,P1,false,immediate_probe,"""51604146""","""51604146"" ""National Natural Science Foundation of China""","award.number:51604146,award.funder:501100001809","site:edu.cn OR site:ac.cn ""51604146""",queued,true,bibliographic/aggregator evidence only; API channels may share provenance; no PI or project fact inferred,200,0,0,200,0,0,0,0,200,200,,0,no_match_all_sources,E_negative_probe_only,,,,,not_checked,true,exact_web_and_institution_search,,2026-08-27T07:33:47+00:00,bibliographic/aggregator evidence only; API channels may share provenance; no PI or project fact inferred,/home/runner/work/PolyFT/PolyFT/extracted-first/nsfc-be-probe-batch-001
E,51605246,2016,youth_c,E05,2016|youth_c|E05|51605|3,0.995992,P1,false,immediate_probe,"""51605246""","""51605246"" ""National Natural Science Foundation of China""","award.number:51605246,award.funder:501100001809","site:edu.cn OR site:ac.cn ""51605246""",queued,true,bibliographic/aggregator evidence only; API channels may share provenance; no PI or project fact inferred,200,0,0,200,0,0,0,0,200,200,,0,no_match_all_sources,E_negative_probe_only,,,,,not_checked,true,exact_web_and_institution_search,,2026-08-27T07:33:47+00:00,bibliographic/aggregator evidence only; API channels may share provenance; no PI or project fact inferred,/home/runner/work/PolyFT/PolyFT/extracted-first/nsfc-be-probe-batch-001
E,51605448,2016,youth_c,E05,2016|youth_c|E05|51605|3,0.995992,P1,false,immediate_probe,"""51605448""","""51605448"" ""National Natural Science Foundation of China""","award.number:51605448,award.funder:501100001809","site:edu.cn OR site:ac.cn ""51605448""",queued,true,bibliographic/aggregator evidence only; API channels may share provenance; no PI or project fact inferred,200,4,4,,0,0,0,0,200,200,crossref,4,confirmed_bibliographic,C_bibliographic,,,,,not_checked,true,official_or_institutional_confirmation,,2026-08-27T07:33:47+00:00,bibliographic/aggregator evidence only; API channels may share provenance; no PI or project fact inferred,/home/runner/work/PolyFT/PolyFT/extracted-first/nsfc-be-probe-batch-001
E,51634005,2016,key,E04,2016|key|E04|51634|3,0.900000,P2,false,low_rate_probe,"""51634005""","""51634005"" ""National Natural Science Foundation of China""","award.number:51634005,award.funder:501100001809","site:edu.cn OR site:ac.cn ""51634005""",queued,false,bibliographic/aggregator evidence only; API channels may share provenance; no PI or project fact inferred,200,20,20,,0,0,0,0,200,200,crossref,20,confirmed_bibliographic,C_bibliographic,,,,,not_checked,true,official_or_institutional_confirmation,,2026-08-27T07:50:12+00:00,bibliographic/aggregator evidence only; API channels may share provenance; no PI or project fact inferred,/home/runner/work/PolyFT/PolyFT/downloaded-remaining/nsfc-be-probe-batch-002
E,51662003,2016,regional,E02,2016|regional|E02|51662|3,0.974359,P2,false,next_probe_batch,"""51662003""","""51662003"" ""National Natural Science Foundation of China""","award.number:51662003,award.funder:501100001809","site:edu.cn OR site:ac.cn ""51662003""",queued,true,bibliographic/aggregator evidence only; API channels may share provenance; no PI or project fact inferred,200,6,6,,0,0,0,0,200,200,crossref,6,confirmed_bibliographic,C_bibliographic,,,,,not_checked,true,official_or_institutional_confirmation,,2026-08-27T07:33:47+00:00,bibliographic/aggregator evidence only; API channels may share provenance; no PI or project fact inferred,/home/runner/work/PolyFT/PolyFT/extracted-first/nsfc-be-probe-batch-001
E,51666009,2016,regional,E06,2016|regional|E06|51666|3,0.944444,P3,false,low_rate_probe,"""51666009""","""51666009"" ""National Natural Science Foundation of China""","award.number:51666009,award.funder:501100001809","site:edu.cn OR site:ac.cn ""51666009""",queued,false,bibliographic/aggregator evidence only; API channels may share provenance; no PI or project fact inferred,200,1,1,,0,0,0,0,200,200,crossref,1,confirmed_bibliographic,C_bibliographic,,,,,not_checked,true,official_or_institutional_confirmation,,2026-08-27T07:50:51+00:00,bibliographic/aggregator evidence only; API channels may share provenance; no PI or project fact inferred,/home/runner/work/PolyFT/PolyFT/downloaded-remaining/nsfc-be-probe-batch-003
E,51669011,2016,regional,E09,2016|regional|E09|51669|3,0.828571,P3,true,manual_context_review_before_probe,"""51669011""","""51669011"" ""National Natural Science Foundation of China""","award.number:51669011,award.funder:501100001809","site:edu.cn OR site:ac.cn ""51669011""",queued,false,bibliographic/aggregator evidence only; API channels may share provenance; no PI or project fact inferred,200,4,4,,0,0,0,0,200,200,crossref,4,confirmed_bibliographic,C_bibliographic,,,,,not_checked,true,official_or_institutional_confirmation,,2026-08-27T07:57:16+00:00,bibliographic/aggregator evidence only; API channels may share provenance; no PI or project fact inferred,/home/runner/work/PolyFT/PolyFT/downloaded-remaining/nsfc-be-probe-batch-004
E,51669021,2016,regional,E09,2016|regional|E09|51669|3,0.828571,P3,true,manual_context_review_before_probe,"""51669021""","""51669021"" ""National Natural Science Foundation of China""","award.number:51669021,award.funder:501100001809","site:edu.cn OR site:ac.cn ""51669021""",queued,false,bibliographic/aggregator evidence only; API channels may share provenance; no PI or project fact inferred,200,4,4,,0,0,0,0,200,200,crossref,3,confirmed_bibliographic,C_bibliographic,,,,,not_checked,true,official_or_institutional_confirmation,,2026-08-27T07:57:16+00:00,bibliographic/aggregator evidence only; API channels may share provenance; no PI or project fact inferred,/home/runner/work/PolyFT/PolyFT/downloaded-remaining/nsfc-be-probe-batch-004
E,51669022,2016,regional,E09,2016|regional|E09|51669|3,0.828571,P3,true,manual_context_review_before_probe,"""51669022""","""51669022"" ""National Natural Science Foundation of China""","award.number:51669022,award.funder:501100001809","site:edu.cn OR site:ac.cn ""51669022""",queued,false,bibliographic/aggregator evidence only; API channels may share provenance; no PI or project fact inferred,200,4,4,,0,0,0,0,200,200,crossref,4,confirmed_bibliographic,C_bibliographic,,,,,not_checked,true,official_or_institutional_confirmation,,2026-08-27T07:57:16+00:00,bibliographic/aggregator evidence only; API channels may share provenance; no PI or project fact inferred,/home/runner/work/PolyFT/PolyFT/downloaded-remaining/nsfc-be-probe-batch-004
E,51669023,2016,regional,E09,2016|regional|E09|51669|3,0.828571,P3,true,manual_context_review_before_probe,"""51669023""","""51669023"" ""National Natural Science Foundation of China""","award.number:51669023,award.funder:501100001809","site:edu.cn OR site:ac.cn ""51669023""",queued,false,bibliographic/aggregator evidence only; API channels may share provenance; no PI or project fact inferred,200,0,0,200,0,0,0,0,200,200,,0,no_match_all_sources,E_negative_probe_only,,,,,not_checked,true,exact_web_and_institution_search,,2026-08-27T07:57:16+00:00,bibliographic/aggregator evidence only; API channels may share provenance; no PI or project fact inferred,/home/runner/work/PolyFT/PolyFT/downloaded-remaining/nsfc-be-probe-batch-004
E,51669028,2016,regional,E09,2016|regional|E09|51669|3,0.828571,P3,true,manual_context_review_before_probe,"""51669028""","""51669028"" ""National Natural Science Foundation of China""","award.number:51669028,award.funder:501100001809","site:edu.cn OR site:ac.cn ""51669028""",queued,false,bibliographic/aggregator evidence only; API channels may share provenance; no PI or project fact inferred,200,9,9,,0,0,0,0,200,200,crossref,9,confirmed_bibliographic,C_bibliographic,,,,,not_checked,true,official_or_institutional_confirmation,,2026-08-27T07:57:16+00:00,bibliographic/aggregator evidence only; API channels may share provenance; no PI or project fact inferred,/home/runner/work/PolyFT/PolyFT/downloaded-remaining/nsfc-be-probe-batch-004
E,51669029,2016,regional,E09,2016|regional|E09|51669|3,0.828571,P3,true,manual_context_review_before_probe,"""51669029""","""51669029"" ""National Natural Science Foundation of China""","award.number:51669029,award.funder:501100001809","site:edu.cn OR site:ac.cn ""51669029""",queued,false,bibliographic/aggregator evidence only; API channels may share provenance; no PI or project fact inferred,200,2,9,,0,0,0,0,200,200,crossref,2,confirmed_bibliographic,C_bibliographic,,,,,not_checked,true,official_or_institutional_confirmation,,2026-08-27T07:57:16+00:00,bibliographic/aggregator evidence only; API channels may share provenance; no PI or project fact inferred,/home/runner/work/PolyFT/PolyFT/downloaded-remaining/nsfc-be-probe-batch-004
E,51672191,2016,general,E02,2016|general|E02|51672|3,0.996825,P1,false,immediate_probe,"""51672191""","""51672191"" ""National Natural Science Foundation of China""","award.number:51672191,award.funder:501100001809","site:edu.cn OR site:ac.cn ""51672191""",queued,true,bibliographic/aggregator evidence only; API channels may share provenance; no PI or project fact inferred,200,12,12,,0,0,0,0,200,200,crossref,12,confirmed_bibliographic,C_bibliographic,,,,,not_checked,true,official_or_institutional_confirmation,,2026-08-27T07:33:47+00:00,bibliographic/aggregator evidence only; API channels may share provenance; no PI or project fact inferred,/home/runner/work/PolyFT/PolyFT/extracted-first/nsfc-be-probe-batch-001
E,51675468,2016,general,E05,2016|general|E05|51675|3,0.998148,P1,false,immediate_probe,"""51675468""","""51675468"" ""National Natural Science Foundation of China""","award.number:51675468,award.funder:501100001809","site:edu.cn OR site:ac.cn ""51675468""",queued,true,bibliographic/aggregator evidence only; API channels may share provenance; no PI or project fact inferred,200,1,1,,0,0,0,0,200,200,crossref,1,confirmed_bibliographic,C_bibliographic,,,,,not_checked,true,official_or_institutional_confirmation,,2026-08-27T07:33:47+00:00,bibliographic/aggregator evidence only; API channels may share provenance; no PI or project fact inferred,/home/runner/work/PolyFT/PolyFT/extracted-first/nsfc-be-probe-batch-001
E,51701178,2017,youth_c,E01,2017|youth_c|E01|51701|3,0.991803,P1,false,immediate_probe,"""51701178""","""51701178"" ""National Natural Science Foundation of China""","award.number:51701178,award.funder:501100001809","site:edu.cn OR site:ac.cn ""51701178""",queued,true,bibliographic/aggregator evidence only; API channels may share provenance; no PI or project fact inferred,200,3,3,,0,0,0,0,200,200,crossref,3,confirmed_bibliographic,C_bibliographic,,,,,not_checked,true,official_or_institutional_confirmation,,2026-08-27T07:33:47+00:00,bibliographic/aggregator evidence only; API channels may share provenance; no PI or project fact inferred,/home/runner/work/PolyFT/PolyFT/extracted-first/nsfc-be-probe-batch-001
E,51701197,2017,youth_c,E01,2017|youth_c|E01|51701|3,0.991803,P1,false,immediate_probe,"""51701197""","""51701197"" ""National Natural Science Foundation of China""","award.number:51701197,award.funder:501100001809","site:edu.cn OR site:ac.cn ""51701197""",queued,true,bibliographic/aggregator evidence only; API channels may share provenance; no PI or project fact inferred,200,0,0,200,0,0,0,0,200,200,,0,no_match_all_sources,E_negative_probe_only,,,,,not_checked,true,exact_web_and_institution_search,,2026-08-27T07:33:47+00:00,bibliographic/aggregator evidence only; API channels may share provenance; no PI or project fact inferred,/home/runner/work/PolyFT/PolyFT/extracted-first/nsfc-be-probe-batch-001
E,51702049,2017,youth_c,E02,2017|youth_c|E02|51702|3,0.994737,P1,false,immediate_probe,"""51702049""","""51702049"" ""National Natural Science Foundation of China""","award.number:51702049,award.funder:501100001809","site:edu.cn OR site:ac.cn ""51702049""",queued,true,bibliographic/aggregator evidence only; API channels may share provenance; no PI or project fact inferred,200,0,0,200,0,0,0,0,200,200,,0,no_match_all_sources,E_negative_probe_only,,,,,not_checked,true,exact_web_and_institution_search,,2026-08-27T07:33:47+00:00,bibliographic/aggregator evidence only; API channels may share provenance; no PI or project fact inferred,/home/runner/work/PolyFT/PolyFT/extracted-first/nsfc-be-probe-batch-001
E,51702252,2017,youth_c,E02,2017|youth_c|E02|51702|3,0.994737,P1,false,immediate_probe,"""51702252""","""51702252"" ""National Natural Science Foundation of China""","award.number:51702252,award.funder:501100001809","site:edu.cn OR site:ac.cn ""51702252""",queued,true,bibliographic/aggregator evidence only; API channels may share provenance; no PI or project fact inferred,200,4,4,,0,0,0,0,200,200,crossref,4,confirmed_bibliographic,C_bibliographic,,,,,not_checked,true,official_or_institutional_confirmation,,2026-08-27T07:33:47+00:00,bibliographic/aggregator evidence only; API channels may share provenance; no PI or project fact inferred,/home/runner/work/PolyFT/PolyFT/extracted-first/nsfc-be-probe-batch-001
E,51704165,2017,youth_c,E04,2017|youth_c|E04|51704|3,0.997050,P1,false,immediate_probe,"""51704165""","""51704165"" ""National Natural Science Foundation of China""","award.number:51704165,award.funder:501100001809","site:edu.cn OR site:ac.cn ""51704165""",queued,true,bibliographic/aggregator evidence only; API channels may share provenance; no PI or project fact inferred,200,0,0,200,0,0,0,0,200,200,,0,no_match_all_sources,E_negative_probe_only,,,,,not_checked,true,exact_web_and_institution_search,,2026-08-27T07:33:47+00:00,bibliographic/aggregator evidence only; API channels may share provenance; no PI or project fact inferred,/home/runner/work/PolyFT/PolyFT/extracted-first/nsfc-be-probe-batch-001
E,51705150,2017,youth_c,E05,2017|youth_c|E05|51705|3,0.996337,P1,false,immediate_probe,"""51705150""","""51705150"" ""National Natural Science Foundation of China""","award.number:51705150,award.funder:501100001809","site:edu.cn OR site:ac.cn ""51705150""",queued,true,bibliographic/aggregator evidence only; API channels may share provenance; no PI or project fact inferred,200,1,1,,0,0,0,0,200,200,crossref,1,confirmed_bibliographic,C_bibliographic,,,,,not_checked,true,official_or_institutional_confirmation,,2026-08-27T07:33:47+00:00,bibliographic/aggregator evidence only; API channels may share provenance; no PI or project fact inferred,/home/runner/work/PolyFT/PolyFT/extracted-first/nsfc-be-probe-batch-001
E,51705367,2017,youth_c,E05,2017|youth_c|E05|51705|3,0.996337,P1,false,immediate_probe,"""51705367""","""51705367"" ""National Natural Science Foundation of China""","award.number:51705367,award.funder:501100001809","site:edu.cn OR site:ac.cn ""51705367""",queued,true,bibliographic/aggregator evidence only; API channels may share provenance; no PI or project fact inferred,200,0,0,200,0,0,0,0,200,200,,0,no_match_all_sources,E_negative_probe_only,,,,,not_checked,true,exact_web_and_institution_search,,2026-08-27T07:33:47+00:00,bibliographic/aggregator evidence only; API channels may share provenance; no PI or project fact inferred,/home/runner/work/PolyFT/PolyFT/extracted-first/nsfc-be-probe-batch-001
E,51706003,2017,youth_c,E06,2017|youth_c|E06|51706|3,0.995984,P1,false,immediate_probe,"""51706003""","""51706003"" ""National Natural Science Foundation of China""","award.number:51706003,award.funder:501100001809","site:edu.cn OR site:ac.cn ""51706003""",queued,true,bibliographic/aggregator evidence only; API channels may share provenance; no PI or project fact inferred,200,1,1,,0,0,0,0,200,200,crossref,1,confirmed_bibliographic,C_bibliographic,,,,,not_checked,true,official_or_institutional_confirmation,,2026-08-27T07:33:47+00:00,bibliographic/aggregator evidence only; API channels may share provenance; no PI or project fact inferred,/home/runner/work/PolyFT/PolyFT/extracted-first/nsfc-be-probe-batch-001
E,51732002,2017,key,E02,2017|key|E02|51732|3,0.909091,P2,false,low_rate_probe,"""51732002""","""51732002"" ""National Natural Science Foundation of China""","award.number:51732002,award.funder:501100001809","site:edu.cn OR site:ac.cn ""51732002""",queued,false,bibliographic/aggregator evidence only; API channels may share provenance; no PI or project fact inferred,200,38,38,,0,0,0,0,200,200,crossref,38,confirmed_bibliographic,C_bibliographic,,,,,not_checked,true,official_or_institutional_confirmation,,2026-08-27T07:50:12+00:00,bibliographic/aggregator evidence only; API channels may share provenance; no PI or project fact inferred,/home/runner/work/PolyFT/PolyFT/downloaded-remaining/nsfc-be-probe-batch-002
E,51738005,2017,key,E08,2017|key|E08|51738|3,0.909091,P3,true,manual_context_review_before_probe,"""51738005""","""51738005"" ""National Natural Science Foundation of China""","award.number:51738005,award.funder:501100001809","site:edu.cn OR site:ac.cn ""51738005""",queued,false,bibliographic/aggregator evidence only; API channels may share provenance; no PI or project fact inferred,200,64,64,,0,0,0,0,200,200,crossref,64,confirmed_bibliographic,C_bibliographic,,,,,not_checked,true,official_or_institutional_confirmation,,2026-08-27T07:50:51+00:00,bibliographic/aggregator evidence only; API channels may share provenance; no PI or project fact inferred,/home/runner/work/PolyFT/PolyFT/downloaded-remaining/nsfc-be-probe-batch-003
E,51764014,2017,regional,E04,2017|regional|E04|51764|3,0.980769,P1,false,immediate_probe,"""51764014""","""51764014"" ""National Natural Science Foundation of China""","award.number:51764014,award.funder:501100001809","site:edu.cn OR site:ac.cn ""51764014""",queued,true,bibliographic/aggregator evidence only; API channels may share provenance; no PI or project fact inferred,200,5,5,,0,0,0,0,200,200,crossref,5,confirmed_bibliographic,C_bibliographic,,,,,not_checked,true,official_or_institutional_confirmation,,2026-08-27T07:33:47+00:00,bibliographic/aggregator evidence only; API channels may share provenance; no PI or project fact inferred,/home/runner/work/PolyFT/PolyFT/extracted-first/nsfc-be-probe-batch-001
E,51769003,2017,regional,E09,2017|regional|E09|51769|3,0.864865,P3,true,manual_context_review_before_probe,"""51769003""","""51769003"" ""National Natural Science Foundation of China""","award.number:51769003,award.funder:501100001809","site:edu.cn OR site:ac.cn ""51769003""",queued,false,bibliographic/aggregator evidence only; API channels may share provenance; no PI or project fact inferred,200,5,5,,0,0,0,0,200,200,crossref,5,confirmed_bibliographic,C_bibliographic,,,,,not_checked,true,official_or_institutional_confirmation,,2026-08-27T07:57:16+00:00,bibliographic/aggregator evidence only; API channels may share provenance; no PI or project fact inferred,/home/runner/work/PolyFT/PolyFT/downloaded-remaining/nsfc-be-probe-batch-004
E,51769004,2017,regional,E09,2017|regional|E09|51769|3,0.864865,P3,true,manual_context_review_before_probe,"""51769004""","""51769004"" ""National Natural Science Foundation of China""","award.number:51769004,award.funder:501100001809","site:edu.cn OR site:ac.cn ""51769004""",queued,false,bibliographic/aggregator evidence only; API channels may share provenance; no PI or project fact inferred,200,3,3,,0,0,0,0,200,200,crossref,3,confirmed_bibliographic,C_bibliographic,,,,,not_checked,true,official_or_institutional_confirmation,,2026-08-27T07:57:16+00:00,bibliographic/aggregator evidence only; API channels may share provenance; no PI or project fact inferred,/home/runner/work/PolyFT/PolyFT/downloaded-remaining/nsfc-be-probe-batch-004
E,51769006,2017,regional,E09,2017|regional|E09|51769|3,0.864865,P3,true,manual_context_review_before_probe,"""51769006""","""51769006"" ""National Natural Science Foundation of China""","award.number:51769006,award.funder:501100001809","site:edu.cn OR site:ac.cn ""51769006""",queued,false,bibliographic/aggregator evidence only; API channels may share provenance; no PI or project fact inferred,200,10,10,,0,0,0,0,200,200,crossref,10,confirmed_bibliographic,C_bibliographic,,,,,not_checked,true,official_or_institutional_confirmation,,2026-08-27T07:57:16+00:00,bibliographic/aggregator evidence only; API channels may share provenance; no PI or project fact inferred,/home/runner/work/PolyFT/PolyFT/downloaded-remaining/nsfc-be-probe-batch-004
E,51769015,2017,regional,E09,2017|regional|E09|51769|3,0.864865,P3,true,manual_context_review_before_probe,"""51769015""","""51769015"" ""National Natural Science Foundation of China""","award.number:51769015,award.funder:501100001809","site:edu.cn OR site:ac.cn ""51769015""",queued,false,bibliographic/aggregator evidence only; API channels may share provenance; no PI or project fact inferred,200,5,5,,0,0,0,0,200,200,crossref,5,confirmed_bibliographic,C_bibliographic,,,,,not_checked,true,official_or_institutional_confirmation,,2026-08-27T07:57:16+00:00,bibliographic/aggregator evidence only; API channels may share provenance; no PI or project fact inferred,/home/runner/work/PolyFT/PolyFT/downloaded-remaining/nsfc-be-probe-batch-004
E,51769034,2017,regional,E09,2017|regional|E09|51769|3,0.864865,P3,true,manual_context_review_before_probe,"""51769034""","""51769034"" ""National Natural Science Foundation of China""","award.number:51769034,award.funder:501100001809","site:edu.cn OR site:ac.cn ""51769034""",queued,false,bibliographic/aggregator evidence only; API channels may share provenance; no PI or project fact inferred,200,12,12,,0,0,0,0,200,200,crossref,12,confirmed_bibliographic,C_bibliographic,,,,,not_checked,true,official_or_institutional_confirmation,,2026-08-27T07:57:16+00:00,bibliographic/aggregator evidence only; API channels may share provenance; no PI or project fact inferred,/home/runner/work/PolyFT/PolyFT/downloaded-remaining/nsfc-be-probe-batch-004
E,51771187,2017,general,E01,2017|general|E01|51771|3,0.995798,P1,false,immediate_probe,"""51771187""","""51771187"" ""National Natural Science Foundation of China""","award.number:51771187,award.funder:501100001809","site:edu.cn OR site:ac.cn ""51771187""",queued,true,bibliographic/aggregator evidence only; API channels may share provenance; no PI or project fact inferred,200,9,9,,0,0,0,0,200,200,crossref,9,confirmed_bibliographic,C_bibliographic,,,,,not_checked,true,official_or_institutional_confirmation,,2026-08-27T07:33:47+00:00,bibliographic/aggregator evidence only; API channels may share provenance; no PI or project fact inferred,/home/runner/work/PolyFT/PolyFT/extracted-first/nsfc-be-probe-batch-001
E,51774189,2017,general,E04,2017|general|E04|51774|3,0.997093,P1,false,immediate_probe,"""51774189""","""51774189"" ""National Natural Science Foundation of China""","award.number:51774189,award.funder:501100001809","site:edu.cn OR site:ac.cn ""51774189""",queued,true,bibliographic/aggregator evidence only; API channels may share provenance; no PI or project fact inferred,200,10,10,,0,0,0,0,200,200,crossref,10,confirmed_bibliographic,C_bibliographic,,,,,not_checked,true,official_or_institutional_confirmation,,2026-08-27T07:33:47+00:00,bibliographic/aggregator evidence only; API channels may share provenance; no PI or project fact inferred,/home/runner/work/PolyFT/PolyFT/extracted-first/nsfc-be-probe-batch-001
E,51775530,2017,general,E05,2017|general|E05|51775|3,0.998230,P1,false,immediate_probe,"""51775530""","""51775530"" ""National Natural Science Foundation of China""","award.number:51775530,award.funder:501100001809","site:edu.cn OR site:ac.cn ""51775530""",queued,true,bibliographic/aggregator evidence only; API channels may share provenance; no PI or project fact inferred,200,4,4,,0,0,0,0,200,200,crossref,4,confirmed_bibliographic,C_bibliographic,,,,,not_checked,true,official_or_institutional_confirmation,,2026-08-27T07:33:47+00:00,bibliographic/aggregator evidence only; API channels may share provenance; no PI or project fact inferred,/home/runner/work/PolyFT/PolyFT/extracted-first/nsfc-be-probe-batch-001
E,51801223,2018,youth_c,E01,2018|youth_c|E01|51801|3,0.995798,P1,false,immediate_probe,"""51801223""","""51801223"" ""National Natural Science Foundation of China""","award.number:51801223,award.funder:501100001809","site:edu.cn OR site:ac.cn ""51801223""",queued,true,bibliographic/aggregator evidence only; API channels may share provenance; no PI or project fact inferred,200,0,0,200,0,0,0,0,200,200,,0,no_match_all_sources,E_negative_probe_only,,,,,not_checked,true,exact_web_and_institution_search,,2026-08-27T07:33:47+00:00,bibliographic/aggregator evidence only; API channels may share provenance; no PI or project fact inferred,/home/runner/work/PolyFT/PolyFT/extracted-first/nsfc-be-probe-batch-001
E,51804047,2018,youth_c,E04,2018|youth_c|E04|51804|3,0.997191,P1,false,immediate_probe,"""51804047""","""51804047"" ""National Natural Science Foundation of China""","award.number:51804047,award.funder:501100001809","site:edu.cn OR site:ac.cn ""51804047""",queued,true,bibliographic/aggregator evidence only; API channels may share provenance; no PI or project fact inferred,200,3,1,,0,0,0,0,200,200,crossref,1,confirmed_bibliographic,C_bibliographic,,,,,not_checked,true,official_or_institutional_confirmation,,2026-08-27T07:33:47+00:00,bibliographic/aggregator evidence only; API channels may share provenance; no PI or project fact inferred,/home/runner/work/PolyFT/PolyFT/extracted-first/nsfc-be-probe-batch-001
E,51805101,2018,youth_c,E05,2018|youth_c|E05|51805|3,0.998205,P1,false,immediate_probe,"""51805101""","""51805101"" ""National Natural Science Foundation of China""","award.number:51805101,award.funder:501100001809","site:edu.cn OR site:ac.cn ""51805101""",queued,true,bibliographic/aggregator evidence only; API channels may share provenance; no PI or project fact inferred,200,0,0,200,0,0,0,0,200,200,,0,no_match_all_sources,E_negative_probe_only,,,,,not_checked,true,exact_web_and_institution_search,,2026-08-27T07:33:47+00:00,bibliographic/aggregator evidence only; API channels may share provenance; no PI or project fact inferred,/home/runner/work/PolyFT/PolyFT/extracted-first/nsfc-be-probe-batch-001
E,51807031,2018,youth_c,E07,2018|youth_c|E07|51807|3,0.995146,P1,false,immediate_probe,"""51807031""","""51807031"" ""National Natural Science Foundation of China""","award.number:51807031,award.funder:501100001809","site:edu.cn OR site:ac.cn ""51807031""",queued,true,bibliographic/aggregator evidence only; API channels may share provenance; no PI or project fact inferred,200,6,6,,0,0,0,0,200,200,crossref,6,confirmed_bibliographic,C_bibliographic,,,,,not_checked,true,official_or_institutional_confirmation,,2026-08-27T07:33:47+00:00,bibliographic/aggregator evidence only; API channels may share provenance; no PI or project fact inferred,/home/runner/work/PolyFT/PolyFT/extracted-first/nsfc-be-probe-batch-001
E,51838005,2018,key,E08,2018|key|E08|51838|3,0.833333,P3,true,manual_context_review_before_probe,"""51838005""","""51838005"" ""National Natural Science Foundation of China""","award.number:51838005,award.funder:501100001809","site:edu.cn OR site:ac.cn ""51838005""",queued,false,bibliographic/aggregator evidence only; API channels may share provenance; no PI or project fact inferred,200,72,71,,0,0,0,0,200,200,crossref,71,confirmed_bibliographic,C_bibliographic,,,,,not_checked,true,official_or_institutional_confirmation,,2026-08-27T07:57:16+00:00,bibliographic/aggregator evidence only; API channels may share provenance; no PI or project fact inferred,/home/runner/work/PolyFT/PolyFT/downloaded-remaining/nsfc-be-probe-batch-004
E,51838009,2018,key,E08,2018|key|E08|51838|3,0.833333,P3,true,manual_context_review_before_probe,"""51838009""","""51838009"" ""National Natural Science Foundation of China""","award.number:51838009,award.funder:501100001809","site:edu.cn OR site:ac.cn ""51838009""",queued,false,bibliographic/aggregator evidence only; API channels may share provenance; no PI or project fact inferred,200,62,62,,0,0,0,0,200,200,crossref,62,confirmed_bibliographic,C_bibliographic,,,,,not_checked,true,official_or_institutional_confirmation,,2026-08-27T07:57:16+00:00,bibliographic/aggregator evidence only; API channels may share provenance; no PI or project fact inferred,/home/runner/work/PolyFT/PolyFT/downloaded-remaining/nsfc-be-probe-batch-004
E,51862030,2018,regional,E02,2018|regional|E02|51862|3,0.972222,P2,false,next_probe_batch,"""51862030""","""51862030"" ""National Natural Science Foundation of China""","award.number:51862030,award.funder:501100001809","site:edu.cn OR site:ac.cn ""51862030""",queued,true,bibliographic/aggregator evidence only; API channels may share provenance; no PI or project fact inferred,200,5,5,,0,0,0,0,200,200,crossref,5,confirmed_bibliographic,C_bibliographic,,,,,not_checked,true,official_or_institutional_confirmation,,2026-08-27T07:33:47+00:00,bibliographic/aggregator evidence only; API channels may share provenance; no PI or project fact inferred,/home/runner/work/PolyFT/PolyFT/extracted-first/nsfc-be-probe-batch-001
E,51864002,2018,regional,E04,2018|regional|E04|51864|3,0.978261,P2,false,next_probe_batch,"""51864002""","""51864002"" ""National Natural Science Foundation of China""","award.number:51864002,award.funder:501100001809","site:edu.cn OR site:ac.cn ""51864002""",queued,true,bibliographic/aggregator evidence only; API channels may share provenance; no PI or project fact inferred,200,0,0,200,0,0,0,0,200,200,,0,no_match_all_sources,E_negative_probe_only,,,,,not_checked,true,exact_web_and_institution_search,,2026-08-27T07:33:47+00:00,bibliographic/aggregator evidence only; API channels may share provenance; no PI or project fact inferred,/home/runner/work/PolyFT/PolyFT/extracted-first/nsfc-be-probe-batch-001
E,51869006,2018,regional,E09,2018|regional|E09|51869|3,0.838710,P3,true,manual_context_review_before_probe,"""51869006""","""51869006"" ""National Natural Science Foundation of China""","award.number:51869006,award.funder:501100001809","site:edu.cn OR site:ac.cn ""51869006""",queued,false,bibliographic/aggregator evidence only; API channels may share provenance; no PI or project fact inferred,200,9,9,,0,0,0,0,200,200,crossref,9,confirmed_bibliographic,C_bibliographic,,,,,not_checked,true,official_or_institutional_confirmation,,2026-08-27T07:57:16+00:00,bibliographic/aggregator evidence only; API channels may share provenance; no PI or project fact inferred,/home/runner/work/PolyFT/PolyFT/downloaded-remaining/nsfc-be-probe-batch-004
E,51869012,2018,regional,E09,2018|regional|E09|51869|3,0.838710,P3,true,manual_context_review_before_probe,"""51869012""","""51869012"" ""National Natural Science Foundation of China""","award.number:51869012,award.funder:501100001809","site:edu.cn OR site:ac.cn ""51869012""",queued,false,bibliographic/aggregator evidence only; API channels may share provenance; no PI or project fact inferred,200,12,12,,0,0,0,0,200,200,crossref,12,confirmed_bibliographic,C_bibliographic,,,,,not_checked,true,official_or_institutional_confirmation,,2026-08-27T07:57:16+00:00,bibliographic/aggregator evidence only; API channels may share provenance; no PI or project fact inferred,/home/runner/work/PolyFT/PolyFT/downloaded-remaining/nsfc-be-probe-batch-004
E,51869014,2018,regional,E09,2018|regional|E09|51869|3,0.838710,P3,true,manual_context_review_before_probe,"""51869014""","""51869014"" ""National Natural Science Foundation of China""","award.number:51869014,award.funder:501100001809","site:edu.cn OR site:ac.cn ""51869014""",queued,false,bibliographic/aggregator evidence only; API channels may share provenance; no PI or project fact inferred,200,18,25,,0,0,0,0,200,200,crossref,17,confirmed_bibliographic,C_bibliographic,,,,,not_checked,true,official_or_institutional_confirmation,,2026-08-27T07:57:16+00:00,bibliographic/aggregator evidence only; API channels may share provenance; no PI or project fact inferred,/home/runner/work/PolyFT/PolyFT/downloaded-remaining/nsfc-be-probe-batch-004
E,51869020,2018,regional,E09,2018|regional|E09|51869|3,0.838710,P3,true,manual_context_review_before_probe,"""51869020""","""51869020"" ""National Natural Science Foundation of China""","award.number:51869020,award.funder:501100001809","site:edu.cn OR site:ac.cn ""51869020""",queued,false,bibliographic/aggregator evidence only; API channels may share provenance; no PI or project fact inferred,200,7,7,,0,0,0,0,200,200,crossref,7,confirmed_bibliographic,C_bibliographic,,,,,not_checked,true,official_or_institutional_confirmation,,2026-08-27T07:57:16+00:00,bibliographic/aggregator evidence only; API channels may share provenance; no PI or project fact inferred,/home/runner/work/PolyFT/PolyFT/downloaded-remaining/nsfc-be-probe-batch-004
E,51869021,2018,regional,E09,2018|regional|E09|51869|3,0.838710,P3,true,manual_context_review_before_probe,"""51869021""","""51869021"" ""National Natural Science Foundation of China""","award.number:51869021,award.funder:501100001809","site:edu.cn OR site:ac.cn ""51869021""",queued,false,bibliographic/aggregator evidence only; API channels may share provenance; no PI or project fact inferred,200,1,1,,0,0,0,0,200,200,crossref,1,confirmed_bibliographic,C_bibliographic,,,,,not_checked,true,official_or_institutional_confirmation,,2026-08-27T07:57:16+00:00,bibliographic/aggregator evidence only; API channels may share provenance; no PI or project fact inferred,/home/runner/work/PolyFT/PolyFT/downloaded-remaining/nsfc-be-probe-batch-004
E,51872101,2018,general,E02,2018|general|E02|51872|3,0.997067,P1,false,immediate_probe,"""51872101""","""51872101"" ""National Natural Science Foundation of China""","award.number:51872101,award.funder:501100001809","site:edu.cn OR site:ac.cn ""51872101""",queued,true,bibliographic/aggregator evidence only; API channels may share provenance; no PI or project fact inferred,200,27,27,,0,0,0,0,200,200,crossref,27,confirmed_bibliographic,C_bibliographic,,,,,not_checked,true,official_or_institutional_confirmation,,2026-08-27T07:33:47+00:00,bibliographic/aggregator evidence only; API channels may share provenance; no PI or project fact inferred,/home/runner/work/PolyFT/PolyFT/extracted-first/nsfc-be-probe-batch-001
E,51874094,2018,general,E04,2018|general|E04|51874|3,0.997312,P1,false,immediate_probe,"""51874094""","""51874094"" ""National Natural Science Foundation of China""","award.number:51874094,award.funder:501100001809","site:edu.cn OR site:ac.cn ""51874094""",queued,true,bibliographic/aggregator evidence only; API channels may share provenance; no PI or project fact inferred,200,8,8,,0,0,0,0,200,200,crossref,8,confirmed_bibliographic,C_bibliographic,,,,,not_checked,true,official_or_institutional_confirmation,,2026-08-27T07:33:47+00:00,bibliographic/aggregator evidence only; API channels may share provenance; no PI or project fact inferred,/home/runner/work/PolyFT/PolyFT/extracted-first/nsfc-be-probe-batch-001
E,51875186,2018,general,E05,2018|general|E05|51875|3,0.998294,P1,false,immediate_probe,"""51875186""","""51875186"" ""National Natural Science Foundation of China""","award.number:51875186,award.funder:501100001809","site:edu.cn OR site:ac.cn ""51875186""",queued,true,bibliographic/aggregator evidence only; API channels may share provenance; no PI or project fact inferred,200,5,5,,0,0,0,0,200,200,crossref,5,confirmed_bibliographic,C_bibliographic,,,,,not_checked,true,official_or_institutional_confirmation,,2026-08-27T07:33:47+00:00,bibliographic/aggregator evidence only; API channels may share provenance; no PI or project fact inferred,/home/runner/work/PolyFT/PolyFT/extracted-first/nsfc-be-probe-batch-001
E,51901142,2019,youth_c,E01,2019|youth_c|E01|51901|3,0.996063,P1,false,immediate_probe,"""51901142""","""51901142"" ""National Natural Science Foundation of China""","award.number:51901142,award.funder:501100001809","site:edu.cn OR site:ac.cn ""51901142""",queued,true,bibliographic/aggregator evidence only; API channels may share provenance; no PI or project fact inferred,200,0,0,200,0,0,0,0,200,200,,0,no_match_all_sources,E_negative_probe_only,,,,,not_checked,true,exact_web_and_institution_search,,2026-08-27T07:33:47+00:00,bibliographic/aggregator evidence only; API channels may share provenance; no PI or project fact inferred,/home/runner/work/PolyFT/PolyFT/extracted-first/nsfc-be-probe-batch-001
E,51902002,2019,youth_c,E02,2019|youth_c|E02|51902|3,0.980556,P1,false,immediate_probe,"""51902002""","""51902002"" ""National Natural Science Foundation of China""","award.number:51902002,award.funder:501100001809","site:edu.cn OR site:ac.cn ""51902002""",queued,true,bibliographic/aggregator evidence only; API channels may share provenance; no PI or project fact inferred,200,0,0,200,0,0,0,0,200,200,,0,no_match_all_sources,E_negative_probe_only,,,,,not_checked,true,exact_web_and_institution_search,,2026-08-27T07:33:47+00:00,bibliographic/aggregator evidence only; API channels may share provenance; no PI or project fact inferred,/home/runner/work/PolyFT/PolyFT/extracted-first/nsfc-be-probe-batch-001
E,51902186,2019,youth_c,E02,2019|youth_c|E02|51902|3,0.980556,P1,false,immediate_probe,"""51902186""","""51902186"" ""National Natural Science Foundation of China""","award.number:51902186,award.funder:501100001809","site:edu.cn OR site:ac.cn ""51902186""",queued,true,bibliographic/aggregator evidence only; API channels may share provenance; no PI or project fact inferred,200,0,0,200,0,0,0,0,200,200,,0,no_match_all_sources,E_negative_probe_only,,,,,not_checked,true,exact_web_and_institution_search,,2026-08-27T07:33:47+00:00,bibliographic/aggregator evidence only; API channels may share provenance; no PI or project fact inferred,/home/runner/work/PolyFT/PolyFT/extracted-first/nsfc-be-probe-batch-001
E,51902206,2019,youth_c,E02,2019|youth_c|E02|51902|3,0.980556,P1,false,immediate_probe,"""51902206""","""51902206"" ""National Natural Science Foundation of China""","award.number:51902206,award.funder:501100001809","site:edu.cn OR site:ac.cn ""51902206""",queued,true,bibliographic/aggregator evidence only; API channels may share provenance; no PI or project fact inferred,200,0,0,200,0,0,0,0,200,200,,0,no_match_all_sources,E_negative_probe_only,,,,,not_checked,true,exact_web_and_institution_search,,2026-08-27T07:33:47+00:00,bibliographic/aggregator evidence only; API channels may share provenance; no PI or project fact inferred,/home/runner/work/PolyFT/PolyFT/extracted-first/nsfc-be-probe-batch-001
E,51902214,2019,youth_c,E02,2019|youth_c|E02|51902|3,0.980556,P1,false,immediate_probe,"""51902214""","""51902214"" ""National Natural Science Foundation of China""","award.number:51902214,award.funder:501100001809","site:edu.cn OR site:ac.cn ""51902214""",queued,true,bibliographic/aggregator evidence only; API channels may share provenance; no PI or project fact inferred,200,0,0,200,0,0,0,0,200,200,,0,no_match_all_sources,E_negative_probe_only,,,,,not_checked,true,exact_web_and_institution_search,,2026-08-27T07:33:47+00:00,bibliographic/aggregator evidence only; API channels may share provenance; no PI or project fact inferred,/home/runner/work/PolyFT/PolyFT/extracted-first/nsfc-be-probe-batch-001
E,51902225,2019,youth_c,E02,2019|youth_c|E02|51902|3,0.980556,P1,false,immediate_probe,"""51902225""","""51902225"" ""National Natural Science Foundation of China""","award.number:51902225,award.funder:501100001809","site:edu.cn OR site:ac.cn ""51902225""",queued,true,bibliographic/aggregator evidence only; API channels may share provenance; no PI or project fact inferred,200,0,0,200,0,0,0,0,200,200,,0,no_match_all_sources,E_negative_probe_only,,,,,not_checked,true,exact_web_and_institution_search,,2026-08-27T07:33:47+00:00,bibliographic/aggregator evidence only; API channels may share provenance; no PI or project fact inferred,/home/runner/work/PolyFT/PolyFT/extracted-first/nsfc-be-probe-batch-001
E,51902302,2019,youth_c,E02,2019|youth_c|E02|51902|3,0.980556,P1,false,immediate_probe,"""51902302""","""51902302"" ""National Natural Science Foundation of China""","award.number:51902302,award.funder:501100001809","site:edu.cn OR site:ac.cn ""51902302""",queued,true,bibliographic/aggregator evidence only; API channels may share provenance; no PI or project fact inferred,200,0,0,200,0,0,0,0,200,200,,0,no_match_all_sources,E_negative_probe_only,,,,,not_checked,true,exact_web_and_institution_search,,2026-08-27T07:33:47+00:00,bibliographic/aggregator evidence only; API channels may share provenance; no PI or project fact inferred,/home/runner/work/PolyFT/PolyFT/extracted-first/nsfc-be-probe-batch-001
E,51902352,2019,youth_c,E02,2019|youth_c|E02|51902|3,0.980556,P1,false,immediate_probe,"""51902352""","""51902352"" ""National Natural Science Foundation of China""","award.number:51902352,award.funder:501100001809","site:edu.cn OR site:ac.cn ""51902352""",queued,true,bibliographic/aggregator evidence only; API channels may share provenance; no PI or project fact inferred,200,1,1,,0,0,0,0,200,200,crossref,1,confirmed_bibliographic,C_bibliographic,,,,,not_checked,true,official_or_institutional_confirmation,,2026-08-27T07:33:47+00:00,bibliographic/aggregator evidence only; API channels may share provenance; no PI or project fact inferred,/home/runner/work/PolyFT/PolyFT/extracted-first/nsfc-be-probe-batch-001
E,51904231,2019,youth_c,E04,2019|youth_c|E04|51904|3,0.997222,P1,false,immediate_probe,"""51904231""","""51904231"" ""National Natural Science Foundation of China""","award.number:51904231,award.funder:501100001809","site:edu.cn OR site:ac.cn ""51904231""",queued,true,bibliographic/aggregator evidence only; API channels may share provenance; no PI or project fact inferred,200,2,2,,0,0,0,0,200,200,crossref,1,confirmed_bibliographic,C_bibliographic,,,,,not_checked,true,official_or_institutional_confirmation,,2026-08-27T07:33:47+00:00,bibliographic/aggregator evidence only; API channels may share provenance; no PI or project fact inferred,/home/runner/work/PolyFT/PolyFT/extracted-first/nsfc-be-probe-batch-001
E,51905129,2019,youth_c,E05,2019|youth_c|E05|51905|3,0.998208,P1,false,immediate_probe,"""51905129""","""51905129"" ""National Natural Science Foundation of China""","award.number:51905129,award.funder:501100001809","site:edu.cn OR site:ac.cn ""51905129""",queued,true,bibliographic/aggregator evidence only; API channels may share provenance; no PI or project fact inferred,200,0,0,200,0,0,0,0,200,200,,0,no_match_all_sources,E_negative_probe_only,,,,,not_checked,true,exact_web_and_institution_search,,2026-08-27T07:33:47+00:00,bibliographic/aggregator evidence only; API channels may share provenance; no PI or project fact inferred,/home/runner/work/PolyFT/PolyFT/extracted-first/nsfc-be-probe-batch-001
E,51938007,2019,key,E08,2019|key|E08|51938|3,0.833333,P3,true,manual_context_review_before_probe,"""51938007""","""51938007"" ""National Natural Science Foundation of China""","award.number:51938007,award.funder:501100001809","site:edu.cn OR site:ac.cn ""51938007""",queued,false,bibliographic/aggregator evidence only; API channels may share provenance; no PI or project fact inferred,200,54,54,,0,0,0,0,200,200,crossref,54,confirmed_bibliographic,C_bibliographic,,,,,not_checked,true,official_or_institutional_confirmation,,2026-08-27T07:57:16+00:00,bibliographic/aggregator evidence only; API channels may share provenance; no PI or project fact inferred,/home/runner/work/PolyFT/PolyFT/downloaded-remaining/nsfc-be-probe-batch-004
E,51938010,2019,key,E08,2019|key|E08|51938|3,0.833333,P3,true,manual_context_review_before_probe,"""51938010""","""51938010"" ""National Natural Science Foundation of China""","award.number:51938010,award.funder:501100001809","site:edu.cn OR site:ac.cn ""51938010""",queued,false,bibliographic/aggregator evidence only; API channels may share provenance; no PI or project fact inferred,200,46,45,,0,0,0,0,200,200,crossref,45,confirmed_bibliographic,C_bibliographic,,,,,not_checked,true,official_or_institutional_confirmation,,2026-08-27T07:57:16+00:00,bibliographic/aggregator evidence only; API channels may share provenance; no PI or project fact inferred,/home/runner/work/PolyFT/PolyFT/downloaded-remaining/nsfc-be-probe-batch-004
E,51939009,2019,key,E09,2019|key|E09|51939|3,0.875000,P3,true,manual_context_review_before_probe,"""51939009""","""51939009"" ""National Natural Science Foundation of China""","award.number:51939009,award.funder:501100001809","site:edu.cn OR site:ac.cn ""51939009""",queued,false,bibliographic/aggregator evidence only; API channels may share provenance; no PI or project fact inferred,200,50,50,,0,0,0,0,200,200,crossref,49,confirmed_bibliographic,C_bibliographic,,,,,not_checked,true,official_or_institutional_confirmation,,2026-08-27T07:50:51+00:00,bibliographic/aggregator evidence only; API channels may share provenance; no PI or project fact inferred,/home/runner/work/PolyFT/PolyFT/downloaded-remaining/nsfc-be-probe-batch-003
E,51965048,2019,regional,E05,2019|regional|E05|51965|3,0.983051,P1,false,immediate_probe,"""51965048""","""51965048"" ""National Natural Science Foundation of China""","award.number:51965048,award.funder:501100001809","site:edu.cn OR site:ac.cn ""51965048""",queued,true,bibliographic/aggregator evidence only; API channels may share provenance; no PI or project fact inferred,200,0,0,200,1,1,0,0,200,200,crossref,1,confirmed_bibliographic,C_bibliographic,,,,,not_checked,true,official_or_institutional_confirmation,,2026-08-27T07:33:47+00:00,bibliographic/aggregator evidence only; API channels may share provenance; no PI or project fact inferred,/home/runner/work/PolyFT/PolyFT/extracted-first/nsfc-be-probe-batch-001
E,51969005,2019,regional,E09,2019|regional|E09|51969|3,0.931034,P3,true,manual_context_review_before_probe,"""51969005""","""51969005"" ""National Natural Science Foundation of China""","award.number:51969005,award.funder:501100001809","site:edu.cn OR site:ac.cn ""51969005""",queued,false,bibliographic/aggregator evidence only; API channels may share provenance; no PI or project fact inferred,200,3,4,,0,0,0,0,200,200,crossref,2,confirmed_bibliographic,C_bibliographic,,,,,not_checked,true,official_or_institutional_confirmation,,2026-08-27T07:50:51+00:00,bibliographic/aggregator evidence only; API channels may share provenance; no PI or project fact inferred,/home/runner/work/PolyFT/PolyFT/downloaded-remaining/nsfc-be-probe-batch-003
E,51969008,2019,regional,E09,2019|regional|E09|51969|3,0.931034,P3,true,manual_context_review_before_probe,"""51969008""","""51969008"" ""National Natural Science Foundation of China""","award.number:51969008,award.funder:501100001809","site:edu.cn OR site:ac.cn ""51969008""",queued,false,bibliographic/aggregator evidence only; API channels may share provenance; no PI or project fact inferred,200,6,8,,0,0,0,0,200,200,crossref,5,confirmed_bibliographic,C_bibliographic,,,,,not_checked,true,official_or_institutional_confirmation,,2026-08-27T07:50:51+00:00,bibliographic/aggregator evidence only; API channels may share provenance; no PI or project fact inferred,/home/runner/work/PolyFT/PolyFT/downloaded-remaining/nsfc-be-probe-batch-003
E,51972310,2019,general,E02,2019|general|E02|51972|3,0.994302,P1,false,immediate_probe,"""51972310""","""51972310"" ""National Natural Science Foundation of China""","award.number:51972310,award.funder:501100001809","site:edu.cn OR site:ac.cn ""51972310""",queued,true,bibliographic/aggregator evidence only; API channels may share provenance; no PI or project fact inferred,200,11,11,,0,0,0,0,200,200,crossref,11,confirmed_bibliographic,C_bibliographic,,,,,not_checked,true,official_or_institutional_confirmation,,2026-08-27T07:33:47+00:00,bibliographic/aggregator evidence only; API channels may share provenance; no PI or project fact inferred,/home/runner/work/PolyFT/PolyFT/extracted-first/nsfc-be-probe-batch-001
E,51972311,2019,general,E02,2019|general|E02|51972|3,0.994302,P1,false,immediate_probe,"""51972311""","""51972311"" ""National Natural Science Foundation of China""","award.number:51972311,award.funder:501100001809","site:edu.cn OR site:ac.cn ""51972311""",queued,true,bibliographic/aggregator evidence only; API channels may share provenance; no PI or project fact inferred,200,2,2,,0,0,0,0,200,200,crossref,2,confirmed_bibliographic,C_bibliographic,,,,,not_checked,true,official_or_institutional_confirmation,,2026-08-27T07:33:47+00:00,bibliographic/aggregator evidence only; API channels may share provenance; no PI or project fact inferred,/home/runner/work/PolyFT/PolyFT/extracted-first/nsfc-be-probe-batch-001
E,51973174,2019,general,E03,2019|general|E03|51973|3,0.995935,P1,false,immediate_probe,"""51973174""","""51973174"" ""National Natural Science Foundation of China""","award.number:51973174,award.funder:501100001809","site:edu.cn OR site:ac.cn ""51973174""",queued,true,bibliographic/aggregator evidence only; API channels may share provenance; no PI or project fact inferred,200,3,3,,0,0,0,0,200,200,crossref,3,confirmed_bibliographic,C_bibliographic,,,,,not_checked,true,official_or_institutional_confirmation,,2026-08-27T07:33:47+00:00,bibliographic/aggregator evidence only; API channels may share provenance; no PI or project fact inferred,/home/runner/work/PolyFT/PolyFT/extracted-first/nsfc-be-probe-batch-001
E,51974216,2019,general,E04,2019|general|E04|51974|3,0.997368,P1,false,immediate_probe,"""51974216""","""51974216"" ""National Natural Science Foundation of China""","award.number:51974216,award.funder:501100001809","site:edu.cn OR site:ac.cn ""51974216""",queued,true,bibliographic/aggregator evidence only; API channels may share provenance; no PI or project fact inferred,200,14,14,,0,0,0,0,200,200,crossref,14,confirmed_bibliographic,C_bibliographic,,,,,not_checked,true,official_or_institutional_confirmation,,2026-08-27T07:33:47+00:00,bibliographic/aggregator evidence only; API channels may share provenance; no PI or project fact inferred,/home/runner/work/PolyFT/PolyFT/extracted-first/nsfc-be-probe-batch-001
E,51975033,2019,general,E05,2019|general|E05|51975|3,0.996661,P1,false,immediate_probe,"""51975033""","""51975033"" ""National Natural Science Foundation of China""","award.number:51975033,award.funder:501100001809","site:edu.cn OR site:ac.cn ""51975033""",queued,true,bibliographic/aggregator evidence only; API channels may share provenance; no PI or project fact inferred,200,6,6,,0,0,0,0,200,200,crossref,6,confirmed_bibliographic,C_bibliographic,,,,,not_checked,true,official_or_institutional_confirmation,,2026-08-27T07:33:47+00:00,bibliographic/aggregator evidence only; API channels may share provenance; no PI or project fact inferred,/home/runner/work/PolyFT/PolyFT/extracted-first/nsfc-be-probe-batch-001
E,51975359,2019,general,E05,2019|general|E05|51975|3,0.996661,P1,false,immediate_probe,"""51975359""","""51975359"" ""National Natural Science Foundation of China""","award.number:51975359,award.funder:501100001809","site:edu.cn OR site:ac.cn ""51975359""",queued,true,bibliographic/aggregator evidence only; API channels may share provenance; no PI or project fact inferred,200,4,4,,0,0,0,0,200,200,crossref,4,confirmed_bibliographic,C_bibliographic,,,,,not_checked,true,official_or_institutional_confirmation,,2026-08-27T07:33:47+00:00,bibliographic/aggregator evidence only; API channels may share provenance; no PI or project fact inferred,/home/runner/work/PolyFT/PolyFT/extracted-first/nsfc-be-probe-batch-001
E,51977129,2019,general,E07,2019|general|E07|51977|3,0.995475,P1,false,immediate_probe,"""51977129""","""51977129"" ""National Natural Science Foundation of China""","award.number:51977129,award.funder:501100001809","site:edu.cn OR site:ac.cn ""51977129""",queued,true,bibliographic/aggregator evidence only; API channels may share provenance; no PI or project fact inferred,200,2,2,,0,0,0,0,200,200,crossref,2,confirmed_bibliographic,C_bibliographic,,,,,not_checked,true,official_or_institutional_confirmation,,2026-08-27T07:33:47+00:00,bibliographic/aggregator evidence only; API channels may share provenance; no PI or project fact inferred,/home/runner/work/PolyFT/PolyFT/extracted-first/nsfc-be-probe-batch-001
E,52000138,2020,youth_c,E10,2020|youth_c|E10|52000|3,0.989305,P3,true,manual_context_review_before_probe,"""52000138""","""52000138"" ""National Natural Science Foundation of China""","award.number:52000138,award.funder:501100001809","site:edu.cn OR site:ac.cn ""52000138""",queued,false,bibliographic/aggregator evidence only; API channels may share provenance; no PI or project fact inferred,200,5,5,,0,0,0,0,200,200,crossref,5,confirmed_bibliographic,C_bibliographic,,,,,not_checked,true,official_or_institutional_confirmation,,2026-08-27T07:50:12+00:00,bibliographic/aggregator evidence only; API channels may share provenance; no PI or project fact inferred,/home/runner/work/PolyFT/PolyFT/downloaded-remaining/nsfc-be-probe-batch-002
E,52000141,2020,youth_c,E10,2020|youth_c|E10|52000|3,0.989305,P3,true,manual_context_review_before_probe,"""52000141""","""52000141"" ""National Natural Science Foundation of China""","award.number:52000141,award.funder:501100001809","site:edu.cn OR site:ac.cn ""52000141""",queued,false,bibliographic/aggregator evidence only; API channels may share provenance; no PI or project fact inferred,200,3,3,,0,0,0,0,200,200,crossref,3,confirmed_bibliographic,C_bibliographic,,,,,not_checked,true,official_or_institutional_confirmation,,2026-08-27T07:50:12+00:00,bibliographic/aggregator evidence only; API channels may share provenance; no PI or project fact inferred,/home/runner/work/PolyFT/PolyFT/downloaded-remaining/nsfc-be-probe-batch-002
E,52005324,2020,youth_c,E05,2020|youth_c|E05|52005|3,0.996176,P1,false,immediate_probe,"""52005324""","""52005324"" ""National Natural Science Foundation of China""","award.number:52005324,award.funder:501100001809","site:edu.cn OR site:ac.cn ""52005324""",queued,true,bibliographic/aggregator evidence only; API channels may share provenance; no PI or project fact inferred,200,0,0,200,0,0,0,0,200,200,,0,no_match_all_sources,E_negative_probe_only,,,,,not_checked,true,exact_web_and_institution_search,,2026-08-27T07:33:47+00:00,bibliographic/aggregator evidence only; API channels may share provenance; no PI or project fact inferred,/home/runner/work/PolyFT/PolyFT/extracted-first/nsfc-be-probe-batch-001
E,52005411,2020,youth_c,E05,2020|youth_c|E05|52005|3,0.996176,P1,false,immediate_probe,"""52005411""","""52005411"" ""National Natural Science Foundation of China""","award.number:52005411,award.funder:501100001809","site:edu.cn OR site:ac.cn ""52005411""",queued,true,bibliographic/aggregator evidence only; API channels may share provenance; no PI or project fact inferred,200,15,14,,0,0,0,0,200,200,crossref,14,confirmed_bibliographic,C_bibliographic,,,,,not_checked,true,official_or_institutional_confirmation,,2026-08-27T07:33:47+00:00,bibliographic/aggregator evidence only; API channels may share provenance; no PI or project fact inferred,/home/runner/work/PolyFT/PolyFT/extracted-first/nsfc-be-probe-batch-001
E,52007116,2020,youth_c,E07,2020|youth_c|E07|52007|3,0.995000,P1,false,immediate_probe,"""52007116""","""52007116"" ""National Natural Science Foundation of China""","award.number:52007116,award.funder:501100001809","site:edu.cn OR site:ac.cn ""52007116""",queued,true,bibliographic/aggregator evidence only; API channels may share provenance; no PI or project fact inferred,200,1,1,,0,0,0,0,200,200,crossref,1,confirmed_bibliographic,C_bibliographic,,,,,not_checked,true,official_or_institutional_confirmation,,2026-08-27T07:33:47+00:00,bibliographic/aggregator evidence only; API channels may share provenance; no PI or project fact inferred,/home/runner/work/PolyFT/PolyFT/extracted-first/nsfc-be-probe-batch-001
E,52008101,2020,youth_c,E08,2020|youth_c|E08|52008|3,0.990338,P1,false,immediate_probe,"""52008101""","""52008101"" ""National Natural Science Foundation of China""","award.number:52008101,award.funder:501100001809","site:edu.cn OR site:ac.cn ""52008101""",queued,true,bibliographic/aggregator evidence only; API channels may share provenance; no PI or project fact inferred,200,1,1,,0,0,0,0,200,200,crossref,1,confirmed_bibliographic,C_bibliographic,,,,,not_checked,true,official_or_institutional_confirmation,,2026-08-27T07:33:47+00:00,bibliographic/aggregator evidence only; API channels may share provenance; no PI or project fact inferred,/home/runner/work/PolyFT/PolyFT/extracted-first/nsfc-be-probe-batch-001
E,52008257,2020,youth_c,E08,2020|youth_c|E08|52008|3,0.990338,P1,false,immediate_probe,"""52008257""","""52008257"" ""National Natural Science Foundation of China""","award.number:52008257,award.funder:501100001809","site:edu.cn OR site:ac.cn ""52008257""",queued,true,bibliographic/aggregator evidence only; API channels may share provenance; no PI or project fact inferred,200,0,0,200,0,0,0,0,200,200,,0,no_match_all_sources,E_negative_probe_only,,,,,not_checked,true,exact_web_and_institution_search,,2026-08-27T07:33:47+00:00,bibliographic/aggregator evidence only; API channels may share provenance; no PI or project fact inferred,/home/runner/work/PolyFT/PolyFT/extracted-first/nsfc-be-probe-batch-001
E,52008370,2020,youth_c,E08,2020|youth_c|E08|52008|3,0.990338,P1,false,immediate_probe,"""52008370""","""52008370"" ""National Natural Science Foundation of China""","award.number:52008370,award.funder:501100001809","site:edu.cn OR site:ac.cn ""52008370""",queued,true,bibliographic/aggregator evidence only; API channels may share provenance; no PI or project fact inferred,200,0,0,200,0,0,0,0,200,200,,0,no_match_all_sources,E_negative_probe_only,,,,,not_checked,true,exact_web_and_institution_search,,2026-08-27T07:33:47+00:00,bibliographic/aggregator evidence only; API channels may share provenance; no PI or project fact inferred,/home/runner/work/PolyFT/PolyFT/extracted-first/nsfc-be-probe-batch-001
E,52008397,2020,youth_c,E08,2020|youth_c|E08|52008|3,0.990338,P1,false,immediate_probe,"""52008397""","""52008397"" ""National Natural Science Foundation of China""","award.number:52008397,award.funder:501100001809","site:edu.cn OR site:ac.cn ""52008397""",queued,true,bibliographic/aggregator evidence only; API channels may share provenance; no PI or project fact inferred,200,5,5,,0,0,0,0,200,200,crossref,5,confirmed_bibliographic,C_bibliographic,,,,,not_checked,true,official_or_institutional_confirmation,,2026-08-27T07:33:47+00:00,bibliographic/aggregator evidence only; API channels may share provenance; no PI or project fact inferred,/home/runner/work/PolyFT/PolyFT/extracted-first/nsfc-be-probe-batch-001
E,52065039,2020,regional,E05,2020|regional|E05|52065|3,0.984848,P1,false,immediate_probe,"""52065039""","""52065039"" ""National Natural Science Foundation of China""","award.number:52065039,award.funder:501100001809","site:edu.cn OR site:ac.cn ""52065039""",queued,true,bibliographic/aggregator evidence only; API channels may share provenance; no PI or project fact inferred,200,2,2,,0,0,0,0,200,200,crossref,2,confirmed_bibliographic,C_bibliographic,,,,,not_checked,true,official_or_institutional_confirmation,,2026-08-27T07:33:47+00:00,bibliographic/aggregator evidence only; API channels may share provenance; no PI or project fact inferred,/home/runner/work/PolyFT/PolyFT/extracted-first/nsfc-be-probe-batch-001
E,52068003,2020,regional,E08,2020|regional|E08|52068|3,0.985294,P1,false,immediate_probe,"""52068003""","""52068003"" ""National Natural Science Foundation of China""","award.number:52068003,award.funder:501100001809","site:edu.cn OR site:ac.cn ""52068003""",queued,true,bibliographic/aggregator evidence only; API channels may share provenance; no PI or project fact inferred,200,4,4,,0,0,0,0,200,200,crossref,2,confirmed_bibliographic,C_bibliographic,,,,,not_checked,true,official_or_institutional_confirmation,,2026-08-27T07:33:47+00:00,bibliographic/aggregator evidence only; API channels may share provenance; no PI or project fact inferred,/home/runner/work/PolyFT/PolyFT/extracted-first/nsfc-be-probe-batch-001
E,52075115,2020,general,E05,2020|general|E05|52075|3,0.996435,P1,false,immediate_probe,"""52075115""","""52075115"" ""National Natural Science Foundation of China""","award.number:52075115,award.funder:501100001809","site:edu.cn OR site:ac.cn ""52075115""",queued,true,bibliographic/aggregator evidence only; API channels may share provenance; no PI or project fact inferred,200,9,9,,0,0,0,0,200,200,crossref,9,confirmed_bibliographic,C_bibliographic,,,,,not_checked,true,official_or_institutional_confirmation,,2026-08-27T07:33:47+00:00,bibliographic/aggregator evidence only; API channels may share provenance; no PI or project fact inferred,/home/runner/work/PolyFT/PolyFT/extracted-first/nsfc-be-probe-batch-001
E,52075345,2020,general,E05,2020|general|E05|52075|3,0.996435,P1,false,immediate_probe,"""52075345""","""52075345"" ""National Natural Science Foundation of China""","award.number:52075345,award.funder:501100001809","site:edu.cn OR site:ac.cn ""52075345""",queued,true,bibliographic/aggregator evidence only; API channels may share provenance; no PI or project fact inferred,200,9,9,,0,0,0,0,200,200,crossref,7,confirmed_bibliographic,C_bibliographic,,,,,not_checked,true,official_or_institutional_confirmation,,2026-08-27T07:33:47+00:00,bibliographic/aggregator evidence only; API channels may share provenance; no PI or project fact inferred,/home/runner/work/PolyFT/PolyFT/extracted-first/nsfc-be-probe-batch-001
E,52079144,2020,general,E09,2020|general|E09|52079|3,0.993377,P1,false,immediate_probe,"""52079144""","""52079144"" ""National Natural Science Foundation of China""","award.number:52079144,award.funder:501100001809","site:edu.cn OR site:ac.cn ""52079144""",queued,true,bibliographic/aggregator evidence only; API channels may share provenance; no PI or project fact inferred,200,2,1,,0,0,0,0,200,200,crossref,1,confirmed_bibliographic,C_bibliographic,,,,,not_checked,true,official_or_institutional_confirmation,,2026-08-27T07:33:47+00:00,bibliographic/aggregator evidence only; API channels may share provenance; no PI or project fact inferred,/home/runner/work/PolyFT/PolyFT/extracted-first/nsfc-be-probe-batch-001
E,52100193,2021,youth_c,E10,2021|youth_c|E10|52100|3,0.995455,P1,false,immediate_probe,"""52100193""","""52100193"" ""National Natural Science Foundation of China""","award.number:52100193,award.funder:501100001809","site:edu.cn OR site:ac.cn ""52100193""",queued,true,bibliographic/aggregator evidence only; API channels may share provenance; no PI or project fact inferred,200,3,4,,0,0,0,0,200,200,crossref,2,confirmed_bibliographic,C_bibliographic,,,,,not_checked,true,official_or_institutional_confirmation,,2026-08-27T07:33:47+00:00,bibliographic/aggregator evidence only; API channels may share provenance; no PI or project fact inferred,/home/runner/work/PolyFT/PolyFT/extracted-first/nsfc-be-probe-batch-001
E,52101055,2021,youth_c,E01,2021|youth_c|E01|52101|3,0.993220,P3,true,manual_context_review_before_probe,"""52101055""","""52101055"" ""National Natural Science Foundation of China""","award.number:52101055,award.funder:501100001809","site:edu.cn OR site:ac.cn ""52101055""",queued,false,bibliographic/aggregator evidence only; API channels may share provenance; no PI or project fact inferred,200,0,0,200,0,0,0,0,200,200,,0,no_match_all_sources,E_negative_probe_only,,,,,not_checked,true,exact_web_and_institution_search,,2026-08-27T07:50:12+00:00,bibliographic/aggregator evidence only; API channels may share provenance; no PI or project fact inferred,/home/runner/work/PolyFT/PolyFT/downloaded-remaining/nsfc-be-probe-batch-002
E,52101061,2021,youth_c,E01,2021|youth_c|E01|52101|3,0.993220,P3,true,manual_context_review_before_probe,"""52101061""","""52101061"" ""National Natural Science Foundation of China""","award.number:52101061,award.funder:501100001809","site:edu.cn OR site:ac.cn ""52101061""",queued,false,bibliographic/aggregator evidence only; API channels may share provenance; no PI or project fact inferred,200,21,21,,0,0,0,0,200,200,crossref,21,confirmed_bibliographic,C_bibliographic,,,,,not_checked,true,official_or_institutional_confirmation,,2026-08-27T07:50:12+00:00,bibliographic/aggregator evidence only; API channels may share provenance; no PI or project fact inferred,/home/runner/work/PolyFT/PolyFT/downloaded-remaining/nsfc-be-probe-batch-002
E,52102047,2021,youth_c,E02,2021|youth_c|E02|52102|3,0.997319,P3,true,manual_context_review_before_probe,"""52102047""","""52102047"" ""National Natural Science Foundation of China""","award.number:52102047,award.funder:501100001809","site:edu.cn OR site:ac.cn ""52102047""",queued,false,bibliographic/aggregator evidence only; API channels may share provenance; no PI or project fact inferred,200,3,3,,0,0,0,0,200,200,crossref,3,confirmed_bibliographic,C_bibliographic,,,,,not_checked,true,official_or_institutional_confirmation,,2026-08-27T07:50:12+00:00,bibliographic/aggregator evidence only; API channels may share provenance; no PI or project fact inferred,/home/runner/work/PolyFT/PolyFT/downloaded-remaining/nsfc-be-probe-batch-002
E,52104154,2021,youth_c,E04,2021|youth_c|E04|52104|3,0.995074,P1,false,immediate_probe,"""52104154""","""52104154"" ""National Natural Science Foundation of China""","award.number:52104154,award.funder:501100001809","site:edu.cn OR site:ac.cn ""52104154""",queued,true,bibliographic/aggregator evidence only; API channels may share provenance; no PI or project fact inferred,200,0,0,200,0,0,0,0,200,200,,0,no_match_all_sources,E_negative_probe_only,,,,,not_checked,true,exact_web_and_institution_search,,2026-08-27T07:33:47+00:00,bibliographic/aggregator evidence only; API channels may share provenance; no PI or project fact inferred,/home/runner/work/PolyFT/PolyFT/extracted-first/nsfc-be-probe-batch-001
E,52104367,2021,youth_c,E04,2021|youth_c|E04|52104|3,0.995074,P1,false,immediate_probe,"""52104367""","""52104367"" ""National Natural Science Foundation of China""","award.number:52104367,award.funder:501100001809","site:edu.cn OR site:ac.cn ""52104367""",queued,true,bibliographic/aggregator evidence only; API channels may share provenance; no PI or project fact inferred,200,0,0,200,0,0,0,0,200,200,,0,no_match_all_sources,E_negative_probe_only,,,,,not_checked,true,exact_web_and_institution_search,,2026-08-27T07:33:47+00:00,bibliographic/aggregator evidence only; API channels may share provenance; no PI or project fact inferred,/home/runner/work/PolyFT/PolyFT/extracted-first/nsfc-be-probe-batch-001
E,52105012,2021,youth_c,E05,2021|youth_c|E05|52105|3,0.988255,P1,false,immediate_probe,"""52105012""","""52105012"" ""National Natural Science Foundation of China""","award.number:52105012,award.funder:501100001809","site:edu.cn OR site:ac.cn ""52105012""",queued,true,bibliographic/aggregator evidence only; API channels may share provenance; no PI or project fact inferred,200,22,22,,0,0,0,0,200,200,crossref,22,confirmed_bibliographic,C_bibliographic,,,,,not_checked,true,official_or_institutional_confirmation,,2026-08-27T07:33:47+00:00,bibliographic/aggregator evidence only; API channels may share provenance; no PI or project fact inferred,/home/runner/work/PolyFT/PolyFT/extracted-first/nsfc-be-probe-batch-001
E,52105199,2021,youth_c,E05,2021|youth_c|E05|52105|3,0.988255,P1,false,immediate_probe,"""52105199""","""52105199"" ""National Natural Science Foundation of China""","award.number:52105199,award.funder:501100001809","site:edu.cn OR site:ac.cn ""52105199""",queued,true,bibliographic/aggregator evidence only; API channels may share provenance; no PI or project fact inferred,200,3,3,,0,0,0,0,200,200,crossref,3,confirmed_bibliographic,C_bibliographic,,,,,not_checked,true,official_or_institutional_confirmation,,2026-08-27T07:33:47+00:00,bibliographic/aggregator evidence only; API channels may share provenance; no PI or project fact inferred,/home/runner/work/PolyFT/PolyFT/extracted-first/nsfc-be-probe-batch-001
E,52105285,2021,youth_c,E05,2021|youth_c|E05|52105|3,0.988255,P1,false,immediate_probe,"""52105285""","""52105285"" ""National Natural Science Foundation of China""","award.number:52105285,award.funder:501100001809","site:edu.cn OR site:ac.cn ""52105285""",queued,true,bibliographic/aggregator evidence only; API channels may share provenance; no PI or project fact inferred,200,4,4,,0,0,0,0,200,200,crossref,4,confirmed_bibliographic,C_bibliographic,,,,,not_checked,true,official_or_institutional_confirmation,,2026-08-27T07:33:47+00:00,bibliographic/aggregator evidence only; API channels may share provenance; no PI or project fact inferred,/home/runner/work/PolyFT/PolyFT/extracted-first/nsfc-be-probe-batch-001
E,52105358,2021,youth_c,E05,2021|youth_c|E05|52105|3,0.988255,P1,false,immediate_probe,"""52105358""","""52105358"" ""National Natural Science Foundation of China""","award.number:52105358,award.funder:501100001809","site:edu.cn OR site:ac.cn ""52105358""",queued,true,bibliographic/aggregator evidence only; API channels may share provenance; no PI or project fact inferred,200,0,0,200,0,0,0,0,200,200,,0,no_match_all_sources,E_negative_probe_only,,,,,not_checked,true,exact_web_and_institution_search,,2026-08-27T07:33:47+00:00,bibliographic/aggregator evidence only; API channels may share provenance; no PI or project fact inferred,/home/runner/work/PolyFT/PolyFT/extracted-first/nsfc-be-probe-batch-001
E,52105380,2021,youth_c,E05,2021|youth_c|E05|52105|3,0.988255,P1,false,immediate_probe,"""52105380""","""52105380"" ""National Natural Science Foundation of China""","award.number:52105380,award.funder:501100001809","site:edu.cn OR site:ac.cn ""52105380""",queued,true,bibliographic/aggregator evidence only; API channels may share provenance; no PI or project fact inferred,200,0,0,200,0,0,0,0,200,200,,0,no_match_all_sources,E_negative_probe_only,,,,,not_checked,true,exact_web_and_institution_search,,2026-08-27T07:33:47+00:00,bibliographic/aggregator evidence only; API channels may share provenance; no PI or project fact inferred,/home/runner/work/PolyFT/PolyFT/extracted-first/nsfc-be-probe-batch-001
E,52105436,2021,youth_c,E05,2021|youth_c|E05|52105|3,0.988255,P1,false,immediate_probe,"""52105436""","""52105436"" ""National Natural Science Foundation of China""","award.number:52105436,award.funder:501100001809","site:edu.cn OR site:ac.cn ""52105436""",queued,true,bibliographic/aggregator evidence only; API channels may share provenance; no PI or project fact inferred,200,5,5,,0,0,0,0,200,200,crossref,2,confirmed_bibliographic,C_bibliographic,,,,,not_checked,true,official_or_institutional_confirmation,,2026-08-27T07:33:47+00:00,bibliographic/aggregator evidence only; API channels may share provenance; no PI or project fact inferred,/home/runner/work/PolyFT/PolyFT/extracted-first/nsfc-be-probe-batch-001
E,52105476,2021,youth_c,E05,2021|youth_c|E05|52105|3,0.988255,P1,false,immediate_probe,"""52105476""","""52105476"" ""National Natural Science Foundation of China""","award.number:52105476,award.funder:501100001809","site:edu.cn OR site:ac.cn ""52105476""",queued,true,bibliographic/aggregator evidence only; API channels may share provenance; no PI or project fact inferred,200,4,4,,0,0,0,0,200,200,crossref,4,confirmed_bibliographic,C_bibliographic,,,,,not_checked,true,official_or_institutional_confirmation,,2026-08-27T07:33:47+00:00,bibliographic/aggregator evidence only; API channels may share provenance; no PI or project fact inferred,/home/runner/work/PolyFT/PolyFT/extracted-first/nsfc-be-probe-batch-001
E,52108229,2021,youth_c,E08,2021|youth_c|E08|52108|3,0.993789,P1,false,immediate_probe,"""52108229""","""52108229"" ""National Natural Science Foundation of China""","award.number:52108229,award.funder:501100001809","site:edu.cn OR site:ac.cn ""52108229""",queued,true,bibliographic/aggregator evidence only; API channels may share provenance; no PI or project fact inferred,200,2,2,,0,0,0,0,200,200,crossref,2,confirmed_bibliographic,C_bibliographic,,,,,not_checked,true,official_or_institutional_confirmation,,2026-08-27T07:33:47+00:00,bibliographic/aggregator evidence only; API channels may share provenance; no PI or project fact inferred,/home/runner/work/PolyFT/PolyFT/extracted-first/nsfc-be-probe-batch-001
E,52108449,2021,youth_c,E08,2021|youth_c|E08|52108|3,0.993789,P1,false,immediate_probe,"""52108449""","""52108449"" ""National Natural Science Foundation of China""","award.number:52108449,award.funder:501100001809","site:edu.cn OR site:ac.cn ""52108449""",queued,true,bibliographic/aggregator evidence only; API channels may share provenance; no PI or project fact inferred,200,6,6,,0,0,0,0,200,200,crossref,6,confirmed_bibliographic,C_bibliographic,,,,,not_checked,true,official_or_institutional_confirmation,,2026-08-27T07:33:47+00:00,bibliographic/aggregator evidence only; API channels may share provenance; no PI or project fact inferred,/home/runner/work/PolyFT/PolyFT/extracted-first/nsfc-be-probe-batch-001
E,52108479,2021,youth_c,E08,2021|youth_c|E08|52108|3,0.993789,P1,false,immediate_probe,"""52108479""","""52108479"" ""National Natural Science Foundation of China""","award.number:52108479,award.funder:501100001809","site:edu.cn OR site:ac.cn ""52108479""",queued,true,bibliographic/aggregator evidence only; API channels may share provenance; no PI or project fact inferred,200,6,6,,0,0,0,0,200,200,crossref,6,confirmed_bibliographic,C_bibliographic,,,,,not_checked,true,official_or_institutional_confirmation,,2026-08-27T07:33:47+00:00,bibliographic/aggregator evidence only; API channels may share provenance; no PI or project fact inferred,/home/runner/work/PolyFT/PolyFT/extracted-first/nsfc-be-probe-batch-001
E,58670245,1986,general,E08,1986|general|E08|58670|3,0.981818,P3,true,manual_context_review_before_probe,"""58670245""","""58670245"" ""National Natural Science Foundation of China""","award.number:58670245,award.funder:501100001809","site:edu.cn OR site:ac.cn ""58670245""",queued,false,bibliographic/aggregator evidence only; API channels may share provenance; no PI or project fact inferred,200,0,0,200,0,0,0,0,200,200,,0,no_match_all_sources,E_negative_probe_only,,,,,not_checked,true,exact_web_and_institution_search,,2026-08-27T07:50:12+00:00,bibliographic/aggregator evidence only; API channels may share provenance; no PI or project fact inferred,/home/runner/work/PolyFT/PolyFT/downloaded-remaining/nsfc-be-probe-batch-002
E,58770077,1987,general,E01,1987|general|E01|58770|3,0.974684,P3,true,manual_context_review_before_probe,"""58770077""","""58770077"" ""National Natural Science Foundation of China""","award.number:58770077,award.funder:501100001809","site:edu.cn OR site:ac.cn ""58770077""",queued,false,bibliographic/aggregator evidence only; API channels may share provenance; no PI or project fact inferred,200,0,0,200,0,0,0,0,200,200,,0,no_match_all_sources,E_negative_probe_only,,,,,not_checked,true,exact_web_and_institution_search,,2026-08-27T07:50:12+00:00,bibliographic/aggregator evidence only; API channels may share provenance; no PI or project fact inferred,/home/runner/work/PolyFT/PolyFT/downloaded-remaining/nsfc-be-probe-batch-002
E,58770078,1987,general,E01;E02,1987|general|E01|58770|3;1987|general|E02|58770|3,0.974684,P3,true,manual_context_review_before_probe,"""58770078""","""58770078"" ""National Natural Science Foundation of China""","award.number:58770078,award.funder:501100001809","site:edu.cn OR site:ac.cn ""58770078""",queued,false,bibliographic/aggregator evidence only; API channels may share provenance; no PI or project fact inferred,200,0,0,200,0,0,0,0,200,200,,0,no_match_all_sources,E_negative_probe_only,,,,,not_checked,true,exact_web_and_institution_search,,2026-08-27T07:50:12+00:00,bibliographic/aggregator evidence only; API channels may share provenance; no PI or project fact inferred,/home/runner/work/PolyFT/PolyFT/downloaded-remaining/nsfc-be-probe-batch-002
E,58770079,1987,general,E02,1987|general|E02|58770|3,0.955556,P3,true,manual_context_review_before_probe,"""58770079""","""58770079"" ""National Natural Science Foundation of China""","award.number:58770079,award.funder:501100001809","site:edu.cn OR site:ac.cn ""58770079""",queued,false,bibliographic/aggregator evidence only; API channels may share provenance; no PI or project fact inferred,200,0,0,200,0,0,0,0,200,200,,0,no_match_all_sources,E_negative_probe_only,,,,,not_checked,true,exact_web_and_institution_search,,2026-08-27T07:50:12+00:00,bibliographic/aggregator evidence only; API channels may share provenance; no PI or project fact inferred,/home/runner/work/PolyFT/PolyFT/downloaded-remaining/nsfc-be-probe-batch-002
E,58770309,1987,general,E07,1987|general|E07|58770|3,0.933333,P3,true,manual_context_review_before_probe,"""58770309""","""58770309"" ""National Natural Science Foundation of China""","award.number:58770309,award.funder:501100001809","site:edu.cn OR site:ac.cn ""58770309""",queued,false,bibliographic/aggregator evidence only; API channels may share provenance; no PI or project fact inferred,200,0,0,200,0,0,0,0,200,200,,0,no_match_all_sources,E_negative_probe_only,,,,,not_checked,true,exact_web_and_institution_search,,2026-08-27T07:50:51+00:00,bibliographic/aggregator evidence only; API channels may share provenance; no PI or project fact inferred,/home/runner/work/PolyFT/PolyFT/downloaded-remaining/nsfc-be-probe-batch-003
E,58770323,1987,general,E07,1987|general|E07|58770|3,0.933333,P3,true,manual_context_review_before_probe,"""58770323""","""58770323"" ""National Natural Science Foundation of China""","award.number:58770323,award.funder:501100001809","site:edu.cn OR site:ac.cn ""58770323""",queued,false,bibliographic/aggregator evidence only; API channels may share provenance; no PI or project fact inferred,200,0,0,200,0,0,0,0,200,200,,0,no_match_all_sources,E_negative_probe_only,,,,,not_checked,true,exact_web_and_institution_search,,2026-08-27T07:50:51+00:00,bibliographic/aggregator evidence only; API channels may share provenance; no PI or project fact inferred,/home/runner/work/PolyFT/PolyFT/downloaded-remaining/nsfc-be-probe-batch-003
E,58870372,1988,general,E09,1988|general|E09|58870|3,0.888889,P3,true,manual_context_review_before_probe,"""58870372""","""58870372"" ""National Natural Science Foundation of China""","award.number:58870372,award.funder:501100001809","site:edu.cn OR site:ac.cn ""58870372""",queued,false,bibliographic/aggregator evidence only; API channels may share provenance; no PI or project fact inferred,200,0,0,200,0,0,0,0,200,200,,0,no_match_all_sources,E_negative_probe_only,,,,,not_checked,true,exact_web_and_institution_search,,2026-08-27T07:50:51+00:00,bibliographic/aggregator evidence only; API channels may share provenance; no PI or project fact inferred,/home/runner/work/PolyFT/PolyFT/downloaded-remaining/nsfc-be-probe-batch-003
E,58870374,1988,general,E09,1988|general|E09|58870|3,0.888889,P3,true,manual_context_review_before_probe,"""58870374""","""58870374"" ""National Natural Science Foundation of China""","award.number:58870374,award.funder:501100001809","site:edu.cn OR site:ac.cn ""58870374""",queued,false,bibliographic/aggregator evidence only; API channels may share provenance; no PI or project fact inferred,200,0,0,200,0,0,0,0,200,200,,0,no_match_all_sources,E_negative_probe_only,,,,,not_checked,true,exact_web_and_institution_search,,2026-08-27T07:50:51+00:00,bibliographic/aggregator evidence only; API channels may share provenance; no PI or project fact inferred,/home/runner/work/PolyFT/PolyFT/downloaded-remaining/nsfc-be-probe-batch-003
E,58870382,1988,general,E09,1988|general|E09|58870|3,0.888889,P3,true,manual_context_review_before_probe,"""58870382""","""58870382"" ""National Natural Science Foundation of China""","award.number:58870382,award.funder:501100001809","site:edu.cn OR site:ac.cn ""58870382""",queued,false,bibliographic/aggregator evidence only; API channels may share provenance; no PI or project fact inferred,200,0,0,200,0,0,0,0,200,200,,0,no_match_all_sources,E_negative_probe_only,,,,,not_checked,true,exact_web_and_institution_search,,2026-08-27T07:50:51+00:00,bibliographic/aggregator evidence only; API channels may share provenance; no PI or project fact inferred,/home/runner/work/PolyFT/PolyFT/downloaded-remaining/nsfc-be-probe-batch-003
E,58908456,1989,youth_c,E08,1989|youth_c|E08|58908|3,0.875000,P3,true,manual_context_review_before_probe,"""58908456""","""58908456"" ""National Natural Science Foundation of China""","award.number:58908456,award.funder:501100001809","site:edu.cn OR site:ac.cn ""58908456""",queued,false,bibliographic/aggregator evidence only; API channels may share provenance; no PI or project fact inferred,200,0,0,200,0,0,0,0,200,200,,0,no_match_all_sources,E_negative_probe_only,,,,,not_checked,true,exact_web_and_institution_search,,2026-08-27T07:50:51+00:00,bibliographic/aggregator evidence only; API channels may share provenance; no PI or project fact inferred,/home/runner/work/PolyFT/PolyFT/downloaded-remaining/nsfc-be-probe-batch-003
E,58978317,1989,general,E08,1989|general|E08|58978|3,0.848485,P3,true,manual_context_review_before_probe,"""58978317""","""58978317"" ""National Natural Science Foundation of China""","award.number:58978317,award.funder:501100001809","site:edu.cn OR site:ac.cn ""58978317""",queued,false,bibliographic/aggregator evidence only; API channels may share provenance; no PI or project fact inferred,200,0,0,200,0,0,0,0,200,200,,0,no_match_all_sources,E_negative_probe_only,,,,,not_checked,true,exact_web_and_institution_search,,2026-08-27T07:57:16+00:00,bibliographic/aggregator evidence only; API channels may share provenance; no PI or project fact inferred,/home/runner/work/PolyFT/PolyFT/downloaded-remaining/nsfc-be-probe-batch-004
E,58978332,1989,general,E08,1989|general|E08|58978|3,0.848485,P3,true,manual_context_review_before_probe,"""58978332""","""58978332"" ""National Natural Science Foundation of China""","award.number:58978332,award.funder:501100001809","site:edu.cn OR site:ac.cn ""58978332""",queued,false,bibliographic/aggregator evidence only; API channels may share provenance; no PI or project fact inferred,200,0,0,200,0,0,0,0,200,200,,0,no_match_all_sources,E_negative_probe_only,,,,,not_checked,true,exact_web_and_institution_search,,2026-08-27T07:57:16+00:00,bibliographic/aggregator evidence only; API channels may share provenance; no PI or project fact inferred,/home/runner/work/PolyFT/PolyFT/downloaded-remaining/nsfc-be-probe-batch-004
E,58978334,1989,general,E08,1989|general|E08|58978|3,0.848485,P3,true,manual_context_review_before_probe,"""58978334""","""58978334"" ""National Natural Science Foundation of China""","award.number:58978334,award.funder:501100001809","site:edu.cn OR site:ac.cn ""58978334""",queued,false,bibliographic/aggregator evidence only; API channels may share provenance; no PI or project fact inferred,200,0,0,200,0,0,0,0,200,200,,0,no_match_all_sources,E_negative_probe_only,,,,,not_checked,true,exact_web_and_institution_search,,2026-08-27T07:57:16+00:00,bibliographic/aggregator evidence only; API channels may share provenance; no PI or project fact inferred,/home/runner/work/PolyFT/PolyFT/downloaded-remaining/nsfc-be-probe-batch-004
E,58978335,1989,general,E08,1989|general|E08|58978|3,0.848485,P3,true,manual_context_review_before_probe,"""58978335""","""58978335"" ""National Natural Science Foundation of China""","award.number:58978335,award.funder:501100001809","site:edu.cn OR site:ac.cn ""58978335""",queued,false,bibliographic/aggregator evidence only; API channels may share provenance; no PI or project fact inferred,200,0,0,200,0,0,0,0,200,200,,0,no_match_all_sources,E_negative_probe_only,,,,,not_checked,true,exact_web_and_institution_search,,2026-08-27T07:57:16+00:00,bibliographic/aggregator evidence only; API channels may share provenance; no PI or project fact inferred,/home/runner/work/PolyFT/PolyFT/downloaded-remaining/nsfc-be-probe-batch-004
E,58978339,1989,general,E08,1989|general|E08|58978|3,0.848485,P3,true,manual_context_review_before_probe,"""58978339""","""58978339"" ""National Natural Science Foundation of China""","award.number:58978339,award.funder:501100001809","site:edu.cn OR site:ac.cn ""58978339""",queued,false,bibliographic/aggregator evidence only; API channels may share provenance; no PI or project fact inferred,200,0,0,200,0,0,0,0,200,200,,0,no_match_all_sources,E_negative_probe_only,,,,,not_checked,true,exact_web_and_institution_search,,2026-08-27T07:57:16+00:00,bibliographic/aggregator evidence only; API channels may share provenance; no PI or project fact inferred,/home/runner/work/PolyFT/PolyFT/downloaded-remaining/nsfc-be-probe-batch-004
E,58978359,1989,general,E08,1989|general|E08|58978|3,0.848485,P3,true,manual_context_review_before_probe,"""58978359""","""58978359"" ""National Natural Science Foundation of China""","award.number:58978359,award.funder:501100001809","site:edu.cn OR site:ac.cn ""58978359""",queued,false,bibliographic/aggregator evidence only; API channels may share provenance; no PI or project fact inferred,200,0,0,200,0,0,0,0,200,200,,0,no_match_all_sources,E_negative_probe_only,,,,,not_checked,true,exact_web_and_institution_search,,2026-08-27T07:57:16+00:00,bibliographic/aggregator evidence only; API channels may share provenance; no PI or project fact inferred,/home/runner/work/PolyFT/PolyFT/downloaded-remaining/nsfc-be-probe-batch-004
E,58978361,1989,general,E08,1989|general|E08|58978|3,0.848485,P3,true,manual_context_review_before_probe,"""58978361""","""58978361"" ""National Natural Science Foundation of China""","award.number:58978361,award.funder:501100001809","site:edu.cn OR site:ac.cn ""58978361""",queued,false,bibliographic/aggregator evidence only; API channels may share provenance; no PI or project fact inferred,200,0,0,200,0,0,0,0,200,200,,0,no_match_all_sources,E_negative_probe_only,,,,,not_checked,true,exact_web_and_institution_search,,2026-08-27T07:57:16+00:00,bibliographic/aggregator evidence only; API channels may share provenance; no PI or project fact inferred,/home/runner/work/PolyFT/PolyFT/downloaded-remaining/nsfc-be-probe-batch-004
E,58978364,1989,general,E08,1989|general|E08|58978|3,0.848485,P3,true,manual_context_review_before_probe,"""58978364""","""58978364"" ""National Natural Science Foundation of China""","award.number:58978364,award.funder:501100001809","site:edu.cn OR site:ac.cn ""58978364""",queued,false,bibliographic/aggregator evidence only; API channels may share provenance; no PI or project fact inferred,200,0,0,200,0,0,0,0,200,200,,0,no_match_all_sources,E_negative_probe_only,,,,,not_checked,true,exact_web_and_institution_search,,2026-08-27T07:57:16+00:00,bibliographic/aggregator evidence only; API channels may share provenance; no PI or project fact inferred,/home/runner/work/PolyFT/PolyFT/downloaded-remaining/nsfc-be-probe-batch-004
E,58978365,1989,general,E08,1989|general|E08|58978|3,0.848485,P3,true,manual_context_review_before_probe,"""58978365""","""58978365"" ""National Natural Science Foundation of China""","award.number:58978365,award.funder:501100001809","site:edu.cn OR site:ac.cn ""58978365""",queued,false,bibliographic/aggregator evidence only; API channels may share provenance; no PI or project fact inferred,200,0,0,200,0,0,0,0,200,200,,0,no_match_all_sources,E_negative_probe_only,,,,,not_checked,true,exact_web_and_institution_search,,2026-08-27T07:57:16+00:00,bibliographic/aggregator evidence only; API channels may share provenance; no PI or project fact inferred,/home/runner/work/PolyFT/PolyFT/downloaded-remaining/nsfc-be-probe-batch-004
E,58978366,1989,general,E08,1989|general|E08|58978|3,0.848485,P3,true,manual_context_review_before_probe,"""58978366""","""58978366"" ""National Natural Science Foundation of China""","award.number:58978366,award.funder:501100001809","site:edu.cn OR site:ac.cn ""58978366""",queued,false,bibliographic/aggregator evidence only; API channels may share provenance; no PI or project fact inferred,200,0,0,200,0,0,0,0,200,200,,0,no_match_all_sources,E_negative_probe_only,,,,,not_checked,true,exact_web_and_institution_search,,2026-08-27T07:57:16+00:00,bibliographic/aggregator evidence only; API channels may share provenance; no PI or project fact inferred,/home/runner/work/PolyFT/PolyFT/downloaded-remaining/nsfc-be-probe-batch-004
E,58979389,1989,general,E09,1989|general|E09|58979|3,0.913043,P3,true,manual_context_review_before_probe,"""58979389""","""58979389"" ""National Natural Science Foundation of China""","award.number:58979389,award.funder:501100001809","site:edu.cn OR site:ac.cn ""58979389""",queued,false,bibliographic/aggregator evidence only; API channels may share provenance; no PI or project fact inferred,200,0,0,200,0,0,0,0,200,200,,0,no_match_all_sources,E_negative_probe_only,,,,,not_checked,true,exact_web_and_institution_search,,2026-08-27T07:50:51+00:00,bibliographic/aggregator evidence only; API channels may share provenance; no PI or project fact inferred,/home/runner/work/PolyFT/PolyFT/downloaded-remaining/nsfc-be-probe-batch-003
E,58979391,1989,general,E09,1989|general|E09|58979|3,0.913043,P3,true,manual_context_review_before_probe,"""58979391""","""58979391"" ""National Natural Science Foundation of China""","award.number:58979391,award.funder:501100001809","site:edu.cn OR site:ac.cn ""58979391""",queued,false,bibliographic/aggregator evidence only; API channels may share provenance; no PI or project fact inferred,200,0,0,200,0,0,0,0,200,200,,0,no_match_all_sources,E_negative_probe_only,,,,,not_checked,true,exact_web_and_institution_search,,2026-08-27T07:50:51+00:00,bibliographic/aggregator evidence only; API channels may share provenance; no PI or project fact inferred,/home/runner/work/PolyFT/PolyFT/downloaded-remaining/nsfc-be-probe-batch-003
E,59008494,1990,youth_c,E08,1990|youth_c|E08|59008|3,0.818182,P3,true,manual_context_review_before_probe,"""59008494""","""59008494"" ""National Natural Science Foundation of China""","award.number:59008494,award.funder:501100001809","site:edu.cn OR site:ac.cn ""59008494""",queued,false,bibliographic/aggregator evidence only; API channels may share provenance; no PI or project fact inferred,200,0,0,200,0,0,0,0,200,200,,0,no_match_all_sources,E_negative_probe_only,,,,,not_checked,true,exact_web_and_institution_search,,2026-08-27T07:58:42+00:00,bibliographic/aggregator evidence only; API channels may share provenance; no PI or project fact inferred,/home/runner/work/PolyFT/PolyFT/downloaded-remaining/nsfc-be-probe-batch-005
E,59008496,1990,youth_c,E08,1990|youth_c|E08|59008|3,0.818182,P3,true,manual_context_review_before_probe,"""59008496""","""59008496"" ""National Natural Science Foundation of China""","award.number:59008496,award.funder:501100001809","site:edu.cn OR site:ac.cn ""59008496""",queued,false,bibliographic/aggregator evidence only; API channels may share provenance; no PI or project fact inferred,200,0,0,200,0,0,0,0,200,200,,0,no_match_all_sources,E_negative_probe_only,,,,,not_checked,true,exact_web_and_institution_search,,2026-08-27T07:58:42+00:00,bibliographic/aggregator evidence only; API channels may share provenance; no PI or project fact inferred,/home/runner/work/PolyFT/PolyFT/downloaded-remaining/nsfc-be-probe-batch-005
E,59079406,1990,general,E09,1990|general|E09|59079|3,0.966667,P3,true,manual_context_review_before_probe,"""59079406""","""59079406"" ""National Natural Science Foundation of China""","award.number:59079406,award.funder:501100001809","site:edu.cn OR site:ac.cn ""59079406""",queued,false,bibliographic/aggregator evidence only; API channels may share provenance; no PI or project fact inferred,200,0,0,200,0,0,0,0,200,200,,0,no_match_all_sources,E_negative_probe_only,,,,,not_checked,true,exact_web_and_institution_search,,2026-08-27T07:50:12+00:00,bibliographic/aggregator evidence only; API channels may share provenance; no PI or project fact inferred,/home/runner/work/PolyFT/PolyFT/downloaded-remaining/nsfc-be-probe-batch-002
E,59108060,1991,youth_c,E08,1991|youth_c|E08|59108|3,0.857143,P3,true,manual_context_review_before_probe,"""59108060""","""59108060"" ""National Natural Science Foundation of China""","award.number:59108060,award.funder:501100001809","site:edu.cn OR site:ac.cn ""59108060""",queued,false,bibliographic/aggregator evidence only; API channels may share provenance; no PI or project fact inferred,200,0,0,200,0,0,0,0,200,200,,0,no_match_all_sources,E_negative_probe_only,,,,,not_checked,true,exact_web_and_institution_search,,2026-08-27T07:57:16+00:00,bibliographic/aggregator evidence only; API channels may share provenance; no PI or project fact inferred,/home/runner/work/PolyFT/PolyFT/downloaded-remaining/nsfc-be-probe-batch-004
E,59108061,1991,youth_c,E08,1991|youth_c|E08|59108|3,0.857143,P3,true,manual_context_review_before_probe,"""59108061""","""59108061"" ""National Natural Science Foundation of China""","award.number:59108061,award.funder:501100001809","site:edu.cn OR site:ac.cn ""59108061""",queued,false,bibliographic/aggregator evidence only; API channels may share provenance; no PI or project fact inferred,200,0,0,200,0,0,0,0,200,200,,0,no_match_all_sources,E_negative_probe_only,,,,,not_checked,true,exact_web_and_institution_search,,2026-08-27T07:57:16+00:00,bibliographic/aggregator evidence only; API channels may share provenance; no PI or project fact inferred,/home/runner/work/PolyFT/PolyFT/downloaded-remaining/nsfc-be-probe-batch-004
E,59109075,1991,youth_c,E09,1991|youth_c|E09|59109|3,0.875000,P3,true,manual_context_review_before_probe,"""59109075""","""59109075"" ""National Natural Science Foundation of China""","award.number:59109075,award.funder:501100001809","site:edu.cn OR site:ac.cn ""59109075""",queued,false,bibliographic/aggregator evidence only; API channels may share provenance; no PI or project fact inferred,200,0,0,200,0,0,0,0,200,200,,0,no_match_all_sources,E_negative_probe_only,,,,,not_checked,true,exact_web_and_institution_search,,2026-08-27T07:50:51+00:00,bibliographic/aggregator evidence only; API channels may share provenance; no PI or project fact inferred,/home/runner/work/PolyFT/PolyFT/downloaded-remaining/nsfc-be-probe-batch-003
E,59171010,1991,general,E01,1991|general|E01|59171|3,0.985075,P1,false,immediate_probe,"""59171010""","""59171010"" ""National Natural Science Foundation of China""","award.number:59171010,award.funder:501100001809","site:edu.cn OR site:ac.cn ""59171010""",queued,true,bibliographic/aggregator evidence only; API channels may share provenance; no PI or project fact inferred,200,0,0,200,0,0,0,0,200,200,,0,no_match_all_sources,E_negative_probe_only,,,,,not_checked,true,exact_web_and_institution_search,,2026-08-27T07:33:47+00:00,bibliographic/aggregator evidence only; API channels may share provenance; no PI or project fact inferred,/home/runner/work/PolyFT/PolyFT/extracted-first/nsfc-be-probe-batch-001
E,59178322,1991,general,E08,1991|general|E08|59178|3,0.850000,P3,true,manual_context_review_before_probe,"""59178322""","""59178322"" ""National Natural Science Foundation of China""","award.number:59178322,award.funder:501100001809","site:edu.cn OR site:ac.cn ""59178322""",queued,false,bibliographic/aggregator evidence only; API channels may share provenance; no PI or project fact inferred,200,0,0,200,0,0,0,0,200,200,,0,no_match_all_sources,E_negative_probe_only,,,,,not_checked,true,exact_web_and_institution_search,,2026-08-27T07:57:16+00:00,bibliographic/aggregator evidence only; API channels may share provenance; no PI or project fact inferred,/home/runner/work/PolyFT/PolyFT/downloaded-remaining/nsfc-be-probe-batch-004
E,59178323,1991,general,E08,1991|general|E08|59178|3,0.850000,P3,true,manual_context_review_before_probe,"""59178323""","""59178323"" ""National Natural Science Foundation of China""","award.number:59178323,award.funder:501100001809","site:edu.cn OR site:ac.cn ""59178323""",queued,false,bibliographic/aggregator evidence only; API channels may share provenance; no PI or project fact inferred,200,0,0,200,0,0,0,0,200,200,,0,no_match_all_sources,E_negative_probe_only,,,,,not_checked,true,exact_web_and_institution_search,,2026-08-27T07:57:16+00:00,bibliographic/aggregator evidence only; API channels may share provenance; no PI or project fact inferred,/home/runner/work/PolyFT/PolyFT/downloaded-remaining/nsfc-be-probe-batch-004
E,59178324,1991,general,E08,1991|general|E08|59178|3,0.850000,P3,true,manual_context_review_before_probe,"""59178324""","""59178324"" ""National Natural Science Foundation of China""","award.number:59178324,award.funder:501100001809","site:edu.cn OR site:ac.cn ""59178324""",queued,false,bibliographic/aggregator evidence only; API channels may share provenance; no PI or project fact inferred,200,0,0,200,0,0,0,0,200,200,,0,no_match_all_sources,E_negative_probe_only,,,,,not_checked,true,exact_web_and_institution_search,,2026-08-27T07:57:16+00:00,bibliographic/aggregator evidence only; API channels may share provenance; no PI or project fact inferred,/home/runner/work/PolyFT/PolyFT/downloaded-remaining/nsfc-be-probe-batch-004
E,59178325,1991,general,E08,1991|general|E08|59178|3,0.850000,P3,true,manual_context_review_before_probe,"""59178325""","""59178325"" ""National Natural Science Foundation of China""","award.number:59178325,award.funder:501100001809","site:edu.cn OR site:ac.cn ""59178325""",queued,false,bibliographic/aggregator evidence only; API channels may share provenance; no PI or project fact inferred,200,0,0,200,0,0,0,0,200,200,,0,no_match_all_sources,E_negative_probe_only,,,,,not_checked,true,exact_web_and_institution_search,,2026-08-27T07:57:16+00:00,bibliographic/aggregator evidence only; API channels may share provenance; no PI or project fact inferred,/home/runner/work/PolyFT/PolyFT/downloaded-remaining/nsfc-be-probe-batch-004
E,59178326,1991,general,E08,1991|general|E08|59178|3,0.850000,P3,true,manual_context_review_before_probe,"""59178326""","""59178326"" ""National Natural Science Foundation of China""","award.number:59178326,award.funder:501100001809","site:edu.cn OR site:ac.cn ""59178326""",queued,false,bibliographic/aggregator evidence only; API channels may share provenance; no PI or project fact inferred,200,0,0,200,0,0,0,0,200,200,,0,no_match_all_sources,E_negative_probe_only,,,,,not_checked,true,exact_web_and_institution_search,,2026-08-27T07:57:16+00:00,bibliographic/aggregator evidence only; API channels may share provenance; no PI or project fact inferred,/home/runner/work/PolyFT/PolyFT/downloaded-remaining/nsfc-be-probe-batch-004
E,59178327,1991,general,E08,1991|general|E08|59178|3,0.850000,P3,true,manual_context_review_before_probe,"""59178327""","""59178327"" ""National Natural Science Foundation of China""","award.number:59178327,award.funder:501100001809","site:edu.cn OR site:ac.cn ""59178327""",queued,false,bibliographic/aggregator evidence only; API channels may share provenance; no PI or project fact inferred,200,0,0,200,0,0,0,0,200,200,,0,no_match_all_sources,E_negative_probe_only,,,,,not_checked,true,exact_web_and_institution_search,,2026-08-27T07:57:16+00:00,bibliographic/aggregator evidence only; API channels may share provenance; no PI or project fact inferred,/home/runner/work/PolyFT/PolyFT/downloaded-remaining/nsfc-be-probe-batch-004
E,59178328,1991,general,E08,1991|general|E08|59178|3,0.850000,P3,true,manual_context_review_before_probe,"""59178328""","""59178328"" ""National Natural Science Foundation of China""","award.number:59178328,award.funder:501100001809","site:edu.cn OR site:ac.cn ""59178328""",queued,false,bibliographic/aggregator evidence only; API channels may share provenance; no PI or project fact inferred,200,0,0,200,0,0,0,0,200,200,,0,no_match_all_sources,E_negative_probe_only,,,,,not_checked,true,exact_web_and_institution_search,,2026-08-27T07:57:16+00:00,bibliographic/aggregator evidence only; API channels may share provenance; no PI or project fact inferred,/home/runner/work/PolyFT/PolyFT/downloaded-remaining/nsfc-be-probe-batch-004
E,59178329,1991,general,E08,1991|general|E08|59178|3,0.850000,P3,true,manual_context_review_before_probe,"""59178329""","""59178329"" ""National Natural Science Foundation of China""","award.number:59178329,award.funder:501100001809","site:edu.cn OR site:ac.cn ""59178329""",queued,false,bibliographic/aggregator evidence only; API channels may share provenance; no PI or project fact inferred,200,0,0,200,0,0,0,0,200,200,,0,no_match_all_sources,E_negative_probe_only,,,,,not_checked,true,exact_web_and_institution_search,,2026-08-27T07:57:16+00:00,bibliographic/aggregator evidence only; API channels may share provenance; no PI or project fact inferred,/home/runner/work/PolyFT/PolyFT/downloaded-remaining/nsfc-be-probe-batch-004
E,59178330,1991,general,E08,1991|general|E08|59178|3,0.850000,P3,true,manual_context_review_before_probe,"""59178330""","""59178330"" ""National Natural Science Foundation of China""","award.number:59178330,award.funder:501100001809","site:edu.cn OR site:ac.cn ""59178330""",queued,false,bibliographic/aggregator evidence only; API channels may share provenance; no PI or project fact inferred,200,0,0,200,0,0,0,0,200,200,,0,no_match_all_sources,E_negative_probe_only,,,,,not_checked,true,exact_web_and_institution_search,,2026-08-27T07:57:16+00:00,bibliographic/aggregator evidence only; API channels may share provenance; no PI or project fact inferred,/home/runner/work/PolyFT/PolyFT/downloaded-remaining/nsfc-be-probe-batch-004
E,59179387,1991,general,E09,1991|general|E09|59179|3,0.923077,P3,true,manual_context_review_before_probe,"""59179387""","""59179387"" ""National Natural Science Foundation of China""","award.number:59179387,award.funder:501100001809","site:edu.cn OR site:ac.cn ""59179387""",queued,false,bibliographic/aggregator evidence only; API channels may share provenance; no PI or project fact inferred,200,0,0,200,0,0,0,0,200,200,,0,no_match_all_sources,E_negative_probe_only,,,,,not_checked,true,exact_web_and_institution_search,,2026-08-27T07:50:51+00:00,bibliographic/aggregator evidence only; API channels may share provenance; no PI or project fact inferred,/home/runner/work/PolyFT/PolyFT/downloaded-remaining/nsfc-be-probe-batch-003
E,59179388,1991,general,E09,1991|general|E09|59179|3,0.923077,P3,true,manual_context_review_before_probe,"""59179388""","""59179388"" ""National Natural Science Foundation of China""","award.number:59179388,award.funder:501100001809","site:edu.cn OR site:ac.cn ""59179388""",queued,false,bibliographic/aggregator evidence only; API channels may share provenance; no PI or project fact inferred,200,0,0,200,0,0,0,0,200,200,,0,no_match_all_sources,E_negative_probe_only,,,,,not_checked,true,exact_web_and_institution_search,,2026-08-27T07:50:51+00:00,bibliographic/aggregator evidence only; API channels may share provenance; no PI or project fact inferred,/home/runner/work/PolyFT/PolyFT/downloaded-remaining/nsfc-be-probe-batch-003
E,59272076,1992,general,E02,1992|general|E02|59272|3,0.975610,P2,false,next_probe_batch,"""59272076""","""59272076"" ""National Natural Science Foundation of China""","award.number:59272076,award.funder:501100001809","site:edu.cn OR site:ac.cn ""59272076""",queued,true,bibliographic/aggregator evidence only; API channels may share provenance; no PI or project fact inferred,200,0,0,200,0,0,0,0,200,200,,0,no_match_all_sources,E_negative_probe_only,,,,,not_checked,true,exact_web_and_institution_search,,2026-08-27T07:33:47+00:00,bibliographic/aggregator evidence only; API channels may share provenance; no PI or project fact inferred,/home/runner/work/PolyFT/PolyFT/extracted-first/nsfc-be-probe-batch-001
E,59279373,1992,general,E09,1992|general|E09|59279|3,0.900000,P3,true,manual_context_review_before_probe,"""59279373""","""59279373"" ""National Natural Science Foundation of China""","award.number:59279373,award.funder:501100001809","site:edu.cn OR site:ac.cn ""59279373""",queued,false,bibliographic/aggregator evidence only; API channels may share provenance; no PI or project fact inferred,200,0,0,200,0,0,0,0,200,200,,0,no_match_all_sources,E_negative_probe_only,,,,,not_checked,true,exact_web_and_institution_search,,2026-08-27T07:50:51+00:00,bibliographic/aggregator evidence only; API channels may share provenance; no PI or project fact inferred,/home/runner/work/PolyFT/PolyFT/downloaded-remaining/nsfc-be-probe-batch-003
E,59279396,1992,general,E09,1992|general|E09|59279|3,0.900000,P3,true,manual_context_review_before_probe,"""59279396""","""59279396"" ""National Natural Science Foundation of China""","award.number:59279396,award.funder:501100001809","site:edu.cn OR site:ac.cn ""59279396""",queued,false,bibliographic/aggregator evidence only; API channels may share provenance; no PI or project fact inferred,200,0,0,200,0,0,0,0,200,200,,0,no_match_all_sources,E_negative_probe_only,,,,,not_checked,true,exact_web_and_institution_search,,2026-08-27T07:50:51+00:00,bibliographic/aggregator evidence only; API channels may share provenance; no PI or project fact inferred,/home/runner/work/PolyFT/PolyFT/downloaded-remaining/nsfc-be-probe-batch-003
E,59279397,1992,general,E09,1992|general|E09|59279|3,0.900000,P3,true,manual_context_review_before_probe,"""59279397""","""59279397"" ""National Natural Science Foundation of China""","award.number:59279397,award.funder:501100001809","site:edu.cn OR site:ac.cn ""59279397""",queued,false,bibliographic/aggregator evidence only; API channels may share provenance; no PI or project fact inferred,200,0,0,200,0,0,0,0,200,200,,0,no_match_all_sources,E_negative_probe_only,,,,,not_checked,true,exact_web_and_institution_search,,2026-08-27T07:50:51+00:00,bibliographic/aggregator evidence only; API channels may share provenance; no PI or project fact inferred,/home/runner/work/PolyFT/PolyFT/downloaded-remaining/nsfc-be-probe-batch-003
E,59308076,1993,youth_c,E08,1993|youth_c|E08|59308|3,0.857143,P3,true,manual_context_review_before_probe,"""59308076""","""59308076"" ""National Natural Science Foundation of China""","award.number:59308076,award.funder:501100001809","site:edu.cn OR site:ac.cn ""59308076""",queued,false,bibliographic/aggregator evidence only; API channels may share provenance; no PI or project fact inferred,200,0,0,200,0,0,0,0,200,200,,0,no_match_all_sources,E_negative_probe_only,,,,,not_checked,true,exact_web_and_institution_search,,2026-08-27T07:57:16+00:00,bibliographic/aggregator evidence only; API channels may share provenance; no PI or project fact inferred,/home/runner/work/PolyFT/PolyFT/downloaded-remaining/nsfc-be-probe-batch-004
E,59308077,1993,youth_c,E08,1993|youth_c|E08|59308|3,0.857143,P3,true,manual_context_review_before_probe,"""59308077""","""59308077"" ""National Natural Science Foundation of China""","award.number:59308077,award.funder:501100001809","site:edu.cn OR site:ac.cn ""59308077""",queued,false,bibliographic/aggregator evidence only; API channels may share provenance; no PI or project fact inferred,200,0,0,200,0,0,0,0,200,200,,0,no_match_all_sources,E_negative_probe_only,,,,,not_checked,true,exact_web_and_institution_search,,2026-08-27T07:57:16+00:00,bibliographic/aggregator evidence only; API channels may share provenance; no PI or project fact inferred,/home/runner/work/PolyFT/PolyFT/downloaded-remaining/nsfc-be-probe-batch-004
E,59373132,1993,general,E03,1993|general|E03|59373|3,0.968750,P2,false,next_probe_batch,"""59373132""","""59373132"" ""National Natural Science Foundation of China""","award.number:59373132,award.funder:501100001809","site:edu.cn OR site:ac.cn ""59373132""",queued,true,bibliographic/aggregator evidence only; API channels may share provenance; no PI or project fact inferred,200,0,0,200,0,0,0,0,200,200,,0,no_match_all_sources,E_negative_probe_only,,,,,not_checked,true,exact_web_and_institution_search,,2026-08-27T07:33:47+00:00,bibliographic/aggregator evidence only; API channels may share provenance; no PI or project fact inferred,/home/runner/work/PolyFT/PolyFT/extracted-first/nsfc-be-probe-batch-001
E,59375233,1993,general,E05,1993|general|E05|59375|3,0.988889,P3,true,manual_context_review_before_probe,"""59375233""","""59375233"" ""National Natural Science Foundation of China""","award.number:59375233,award.funder:501100001809","site:edu.cn OR site:ac.cn ""59375233""",queued,false,bibliographic/aggregator evidence only; API channels may share provenance; no PI or project fact inferred,200,0,0,200,0,0,0,0,200,200,,0,no_match_all_sources,E_negative_probe_only,,,,,not_checked,true,exact_web_and_institution_search,,2026-08-27T07:50:12+00:00,bibliographic/aggregator evidence only; API channels may share provenance; no PI or project fact inferred,/home/runner/work/PolyFT/PolyFT/downloaded-remaining/nsfc-be-probe-batch-002
E,59378341,1993,general,E08,1993|general|E08|59378|3,0.830189,P3,true,manual_context_review_before_probe,"""59378341""","""59378341"" ""National Natural Science Foundation of China""","award.number:59378341,award.funder:501100001809","site:edu.cn OR site:ac.cn ""59378341""",queued,false,bibliographic/aggregator evidence only; API channels may share provenance; no PI or project fact inferred,200,0,0,200,0,0,0,0,200,200,,0,no_match_all_sources,E_negative_probe_only,,,,,not_checked,true,exact_web_and_institution_search,,2026-08-27T07:57:16+00:00,bibliographic/aggregator evidence only; API channels may share provenance; no PI or project fact inferred,/home/runner/work/PolyFT/PolyFT/downloaded-remaining/nsfc-be-probe-batch-004
E,59378342,1993,general,E08,1993|general|E08|59378|3,0.830189,P3,true,manual_context_review_before_probe,"""59378342""","""59378342"" ""National Natural Science Foundation of China""","award.number:59378342,award.funder:501100001809","site:edu.cn OR site:ac.cn ""59378342""",queued,false,bibliographic/aggregator evidence only; API channels may share provenance; no PI or project fact inferred,200,0,0,200,0,0,0,0,200,200,,0,no_match_all_sources,E_negative_probe_only,,,,,not_checked,true,exact_web_and_institution_search,,2026-08-27T07:57:16+00:00,bibliographic/aggregator evidence only; API channels may share provenance; no PI or project fact inferred,/home/runner/work/PolyFT/PolyFT/downloaded-remaining/nsfc-be-probe-batch-004
E,59378343,1993,general,E08,1993|general|E08|59378|3,0.830189,P3,true,manual_context_review_before_probe,"""59378343""","""59378343"" ""National Natural Science Foundation of China""","award.number:59378343,award.funder:501100001809","site:edu.cn OR site:ac.cn ""59378343""",queued,false,bibliographic/aggregator evidence only; API channels may share provenance; no PI or project fact inferred,200,0,0,200,0,0,0,0,200,200,,0,no_match_all_sources,E_negative_probe_only,,,,,not_checked,true,exact_web_and_institution_search,,2026-08-27T07:57:16+00:00,bibliographic/aggregator evidence only; API channels may share provenance; no PI or project fact inferred,/home/runner/work/PolyFT/PolyFT/downloaded-remaining/nsfc-be-probe-batch-004
E,59378344,1993,general,E08,1993|general|E08|59378|3,0.830189,P3,true,manual_context_review_before_probe,"""59378344""","""59378344"" ""National Natural Science Foundation of China""","award.number:59378344,award.funder:501100001809","site:edu.cn OR site:ac.cn ""59378344""",queued,false,bibliographic/aggregator evidence only; API channels may share provenance; no PI or project fact inferred,200,0,0,200,0,0,0,0,200,200,,0,no_match_all_sources,E_negative_probe_only,,,,,not_checked,true,exact_web_and_institution_search,,2026-08-27T07:57:16+00:00,bibliographic/aggregator evidence only; API channels may share provenance; no PI or project fact inferred,/home/runner/work/PolyFT/PolyFT/downloaded-remaining/nsfc-be-probe-batch-004
E,59378345,1993,general,E08,1993|general|E08|59378|3,0.830189,P3,true,manual_context_review_before_probe,"""59378345""","""59378345"" ""National Natural Science Foundation of China""","award.number:59378345,award.funder:501100001809","site:edu.cn OR site:ac.cn ""59378345""",queued,false,bibliographic/aggregator evidence only; API channels may share provenance; no PI or project fact inferred,200,0,0,200,0,0,0,0,200,200,,0,no_match_all_sources,E_negative_probe_only,,,,,not_checked,true,exact_web_and_institution_search,,2026-08-27T07:57:16+00:00,bibliographic/aggregator evidence only; API channels may share provenance; no PI or project fact inferred,/home/runner/work/PolyFT/PolyFT/downloaded-remaining/nsfc-be-probe-batch-004
E,59378346,1993,general,E08,1993|general|E08|59378|3,0.830189,P3,true,manual_context_review_before_probe,"""59378346""","""59378346"" ""National Natural Science Foundation of China""","award.number:59378346,award.funder:501100001809","site:edu.cn OR site:ac.cn ""59378346""",queued,false,bibliographic/aggregator evidence only; API channels may share provenance; no PI or project fact inferred,200,0,0,200,0,0,0,0,200,200,,0,no_match_all_sources,E_negative_probe_only,,,,,not_checked,true,exact_web_and_institution_search,,2026-08-27T07:57:16+00:00,bibliographic/aggregator evidence only; API channels may share provenance; no PI or project fact inferred,/home/runner/work/PolyFT/PolyFT/downloaded-remaining/nsfc-be-probe-batch-004
E,59378347,1993,general,E08,1993|general|E08|59378|3,0.830189,P3,true,manual_context_review_before_probe,"""59378347""","""59378347"" ""National Natural Science Foundation of China""","award.number:59378347,award.funder:501100001809","site:edu.cn OR site:ac.cn ""59378347""",queued,false,bibliographic/aggregator evidence only; API channels may share provenance; no PI or project fact inferred,200,0,0,200,0,0,0,0,200,200,,0,no_match_all_sources,E_negative_probe_only,,,,,not_checked,true,exact_web_and_institution_search,,2026-08-27T07:57:16+00:00,bibliographic/aggregator evidence only; API channels may share provenance; no PI or project fact inferred,/home/runner/work/PolyFT/PolyFT/downloaded-remaining/nsfc-be-probe-batch-004
E,59378348,1993,general,E08,1993|general|E08|59378|3,0.830189,P3,true,manual_context_review_before_probe,"""59378348""","""59378348"" ""National Natural Science Foundation of China""","award.number:59378348,award.funder:501100001809","site:edu.cn OR site:ac.cn ""59378348""",queued,false,bibliographic/aggregator evidence only; API channels may share provenance; no PI or project fact inferred,200,0,0,200,0,0,0,0,200,200,,0,no_match_all_sources,E_negative_probe_only,,,,,not_checked,true,exact_web_and_institution_search,,2026-08-27T07:57:16+00:00,bibliographic/aggregator evidence only; API channels may share provenance; no PI or project fact inferred,/home/runner/work/PolyFT/PolyFT/downloaded-remaining/nsfc-be-probe-batch-004
E,59378349,1993,general,E10,1993|general|E10|59378|3,0.900000,P3,true,manual_context_review_before_probe,"""59378349""","""59378349"" ""National Natural Science Foundation of China""","award.number:59378349,award.funder:501100001809","site:edu.cn OR site:ac.cn ""59378349""",queued,false,bibliographic/aggregator evidence only; API channels may share provenance; no PI or project fact inferred,200,0,0,200,0,0,0,0,200,200,,0,no_match_all_sources,E_negative_probe_only,,,,,not_checked,true,exact_web_and_institution_search,,2026-08-27T07:50:51+00:00,bibliographic/aggregator evidence only; API channels may share provenance; no PI or project fact inferred,/home/runner/work/PolyFT/PolyFT/downloaded-remaining/nsfc-be-probe-batch-003
E,59378350,1993,general,E08,1993|general|E08|59378|3,0.830189,P3,true,manual_context_review_before_probe,"""59378350""","""59378350"" ""National Natural Science Foundation of China""","award.number:59378350,award.funder:501100001809","site:edu.cn OR site:ac.cn ""59378350""",queued,false,bibliographic/aggregator evidence only; API channels may share provenance; no PI or project fact inferred,200,0,0,200,0,0,0,0,200,200,,0,no_match_all_sources,E_negative_probe_only,,,,,not_checked,true,exact_web_and_institution_search,,2026-08-27T07:57:16+00:00,bibliographic/aggregator evidence only; API channels may share provenance; no PI or project fact inferred,/home/runner/work/PolyFT/PolyFT/downloaded-remaining/nsfc-be-probe-batch-004
E,59379402,1993,general,E09,1993|general|E09|59379|3,0.888889,P3,true,manual_context_review_before_probe,"""59379402""","""59379402"" ""National Natural Science Foundation of China""","award.number:59379402,award.funder:501100001809","site:edu.cn OR site:ac.cn ""59379402""",queued,false,bibliographic/aggregator evidence only; API channels may share provenance; no PI or project fact inferred,200,0,0,200,0,0,0,0,200,200,,0,no_match_all_sources,E_negative_probe_only,,,,,not_checked,true,exact_web_and_institution_search,,2026-08-27T07:50:51+00:00,bibliographic/aggregator evidence only; API channels may share provenance; no PI or project fact inferred,/home/runner/work/PolyFT/PolyFT/downloaded-remaining/nsfc-be-probe-batch-003
E,59379403,1993,general,E09,1993|general|E09|59379|3,0.888889,P3,true,manual_context_review_before_probe,"""59379403""","""59379403"" ""National Natural Science Foundation of China""","award.number:59379403,award.funder:501100001809","site:edu.cn OR site:ac.cn ""59379403""",queued,false,bibliographic/aggregator evidence only; API channels may share provenance; no PI or project fact inferred,200,0,0,200,0,0,0,0,200,200,,0,no_match_all_sources,E_negative_probe_only,,,,,not_checked,true,exact_web_and_institution_search,,2026-08-27T07:50:51+00:00,bibliographic/aggregator evidence only; API channels may share provenance; no PI or project fact inferred,/home/runner/work/PolyFT/PolyFT/downloaded-remaining/nsfc-be-probe-batch-003
E,59379404,1993,general,E09,1993|general|E09|59379|3,0.888889,P3,true,manual_context_review_before_probe,"""59379404""","""59379404"" ""National Natural Science Foundation of China""","award.number:59379404,award.funder:501100001809","site:edu.cn OR site:ac.cn ""59379404""",queued,false,bibliographic/aggregator evidence only; API channels may share provenance; no PI or project fact inferred,200,0,0,200,0,0,0,0,200,200,,0,no_match_all_sources,E_negative_probe_only,,,,,not_checked,true,exact_web_and_institution_search,,2026-08-27T07:50:51+00:00,bibliographic/aggregator evidence only; API channels may share provenance; no PI or project fact inferred,/home/runner/work/PolyFT/PolyFT/downloaded-remaining/nsfc-be-probe-batch-003
E,59408003,1994,youth_c,E08,1994|youth_c|E08|59408|3,0.846154,P3,true,manual_context_review_before_probe,"""59408003""","""59408003"" ""National Natural Science Foundation of China""","award.number:59408003,award.funder:501100001809","site:edu.cn OR site:ac.cn ""59408003""",queued,false,bibliographic/aggregator evidence only; API channels may share provenance; no PI or project fact inferred,200,0,0,200,0,0,0,0,200,200,,0,no_match_all_sources,E_negative_probe_only,,,,,not_checked,true,exact_web_and_institution_search,,2026-08-27T07:57:16+00:00,bibliographic/aggregator evidence only; API channels may share provenance; no PI or project fact inferred,/home/runner/work/PolyFT/PolyFT/downloaded-remaining/nsfc-be-probe-batch-004
E,59408004,1994,youth_c,E08,1994|youth_c|E08|59408|3,0.846154,P3,true,manual_context_review_before_probe,"""59408004""","""59408004"" ""National Natural Science Foundation of China""","award.number:59408004,award.funder:501100001809","site:edu.cn OR site:ac.cn ""59408004""",queued,false,bibliographic/aggregator evidence only; API channels may share provenance; no PI or project fact inferred,200,0,0,200,0,0,0,0,200,200,,0,no_match_all_sources,E_negative_probe_only,,,,,not_checked,true,exact_web_and_institution_search,,2026-08-27T07:57:16+00:00,bibliographic/aggregator evidence only; API channels may share provenance; no PI or project fact inferred,/home/runner/work/PolyFT/PolyFT/downloaded-remaining/nsfc-be-probe-batch-004
E,59409002,1994,youth_c,E09,1994|youth_c|E09|59409|3,0.833333,P3,true,manual_context_review_before_probe,"""59409002""","""59409002"" ""National Natural Science Foundation of China""","award.number:59409002,award.funder:501100001809","site:edu.cn OR site:ac.cn ""59409002""",queued,false,bibliographic/aggregator evidence only; API channels may share provenance; no PI or project fact inferred,200,0,0,200,0,0,0,0,200,200,,0,no_match_all_sources,E_negative_probe_only,,,,,not_checked,true,exact_web_and_institution_search,,2026-08-27T07:57:16+00:00,bibliographic/aggregator evidence only; API channels may share provenance; no PI or project fact inferred,/home/runner/work/PolyFT/PolyFT/downloaded-remaining/nsfc-be-probe-batch-004
E,59479004,1994,general,E09,1994|general|E09|59479|3,0.862069,P3,true,manual_context_review_before_probe,"""59479004""","""59479004"" ""National Natural Science Foundation of China""","award.number:59479004,award.funder:501100001809","site:edu.cn OR site:ac.cn ""59479004""",queued,false,bibliographic/aggregator evidence only; API channels may share provenance; no PI or project fact inferred,200,0,0,200,0,0,0,0,200,200,,0,no_match_all_sources,E_negative_probe_only,,,,,not_checked,true,exact_web_and_institution_search,,2026-08-27T07:57:16+00:00,bibliographic/aggregator evidence only; API channels may share provenance; no PI or project fact inferred,/home/runner/work/PolyFT/PolyFT/downloaded-remaining/nsfc-be-probe-batch-004
E,59479020,1994,general,E09,1994|general|E09|59479|3,0.862069,P3,true,manual_context_review_before_probe,"""59479020""","""59479020"" ""National Natural Science Foundation of China""","award.number:59479020,award.funder:501100001809","site:edu.cn OR site:ac.cn ""59479020""",queued,false,bibliographic/aggregator evidence only; API channels may share provenance; no PI or project fact inferred,200,0,0,200,0,0,0,0,200,200,,0,no_match_all_sources,E_negative_probe_only,,,,,not_checked,true,exact_web_and_institution_search,,2026-08-27T07:57:16+00:00,bibliographic/aggregator evidence only; API channels may share provenance; no PI or project fact inferred,/home/runner/work/PolyFT/PolyFT/downloaded-remaining/nsfc-be-probe-batch-004
E,59479021,1994,general,E09,1994|general|E09|59479|3,0.862069,P3,true,manual_context_review_before_probe,"""59479021""","""59479021"" ""National Natural Science Foundation of China""","award.number:59479021,award.funder:501100001809","site:edu.cn OR site:ac.cn ""59479021""",queued,false,bibliographic/aggregator evidence only; API channels may share provenance; no PI or project fact inferred,200,0,0,200,0,0,0,0,200,200,,0,no_match_all_sources,E_negative_probe_only,,,,,not_checked,true,exact_web_and_institution_search,,2026-08-27T07:57:16+00:00,bibliographic/aggregator evidence only; API channels may share provenance; no PI or project fact inferred,/home/runner/work/PolyFT/PolyFT/downloaded-remaining/nsfc-be-probe-batch-004
E,59479022,1994,general,E09,1994|general|E09|59479|3,0.862069,P3,true,manual_context_review_before_probe,"""59479022""","""59479022"" ""National Natural Science Foundation of China""","award.number:59479022,award.funder:501100001809","site:edu.cn OR site:ac.cn ""59479022""",queued,false,bibliographic/aggregator evidence only; API channels may share provenance; no PI or project fact inferred,200,0,0,200,0,0,0,0,200,200,,0,no_match_all_sources,E_negative_probe_only,,,,,not_checked,true,exact_web_and_institution_search,,2026-08-27T07:57:16+00:00,bibliographic/aggregator evidence only; API channels may share provenance; no PI or project fact inferred,/home/runner/work/PolyFT/PolyFT/downloaded-remaining/nsfc-be-probe-batch-004
E,59502006,1995,youth_c,E02,1995|youth_c|E02|59502|3,0.900000,P3,false,low_rate_probe,"""59502006""","""59502006"" ""National Natural Science Foundation of China""","award.number:59502006,award.funder:501100001809","site:edu.cn OR site:ac.cn ""59502006""",queued,false,bibliographic/aggregator evidence only; API channels may share provenance; no PI or project fact inferred,200,0,0,200,0,0,0,0,200,200,,0,no_match_all_sources,E_negative_probe_only,,,,,not_checked,true,exact_web_and_institution_search,,2026-08-27T07:50:51+00:00,bibliographic/aggregator evidence only; API channels may share provenance; no PI or project fact inferred,/home/runner/work/PolyFT/PolyFT/downloaded-remaining/nsfc-be-probe-batch-003
E,59507003,1995,youth_c,E07,1995|youth_c|E07|59507|3,0.857143,P3,false,low_rate_probe,"""59507003""","""59507003"" ""National Natural Science Foundation of China""","award.number:59507003,award.funder:501100001809","site:edu.cn OR site:ac.cn ""59507003""",queued,false,bibliographic/aggregator evidence only; API channels may share provenance; no PI or project fact inferred,200,0,0,200,0,0,0,0,200,200,,0,no_match_all_sources,E_negative_probe_only,,,,,not_checked,true,exact_web_and_institution_search,,2026-08-27T07:57:16+00:00,bibliographic/aggregator evidence only; API channels may share provenance; no PI or project fact inferred,/home/runner/work/PolyFT/PolyFT/downloaded-remaining/nsfc-be-probe-batch-004
E,59509005,1995,youth_c,E09,1995|youth_c|E09|59509|3,0.875000,P3,true,manual_context_review_before_probe,"""59509005""","""59509005"" ""National Natural Science Foundation of China""","award.number:59509005,award.funder:501100001809","site:edu.cn OR site:ac.cn ""59509005""",queued,false,bibliographic/aggregator evidence only; API channels may share provenance; no PI or project fact inferred,200,0,0,200,0,0,0,0,200,200,,0,no_match_all_sources,E_negative_probe_only,,,,,not_checked,true,exact_web_and_institution_search,,2026-08-27T07:50:51+00:00,bibliographic/aggregator evidence only; API channels may share provenance; no PI or project fact inferred,/home/runner/work/PolyFT/PolyFT/downloaded-remaining/nsfc-be-probe-batch-003
E,59578013,1995,general,E08,1995|general|E08|59578|3,0.811321,P3,true,manual_context_review_before_probe,"""59578013""","""59578013"" ""National Natural Science Foundation of China""","award.number:59578013,award.funder:501100001809","site:edu.cn OR site:ac.cn ""59578013""",queued,false,bibliographic/aggregator evidence only; API channels may share provenance; no PI or project fact inferred,200,0,0,200,0,0,0,0,200,200,,0,no_match_all_sources,E_negative_probe_only,,,,,not_checked,true,exact_web_and_institution_search,,2026-08-27T07:58:42+00:00,bibliographic/aggregator evidence only; API channels may share provenance; no PI or project fact inferred,/home/runner/work/PolyFT/PolyFT/downloaded-remaining/nsfc-be-probe-batch-005
E,59578014,1995,general,E08,1995|general|E08|59578|3,0.811321,P3,true,manual_context_review_before_probe,"""59578014""","""59578014"" ""National Natural Science Foundation of China""","award.number:59578014,award.funder:501100001809","site:edu.cn OR site:ac.cn ""59578014""",queued,false,bibliographic/aggregator evidence only; API channels may share provenance; no PI or project fact inferred,200,0,0,200,0,0,0,0,200,200,,0,no_match_all_sources,E_negative_probe_only,,,,,not_checked,true,exact_web_and_institution_search,,2026-08-27T07:58:42+00:00,bibliographic/aggregator evidence only; API channels may share provenance; no PI or project fact inferred,/home/runner/work/PolyFT/PolyFT/downloaded-remaining/nsfc-be-probe-batch-005
E,59578015,1995,general,E08,1995|general|E08|59578|3,0.811321,P3,true,manual_context_review_before_probe,"""59578015""","""59578015"" ""National Natural Science Foundation of China""","award.number:59578015,award.funder:501100001809","site:edu.cn OR site:ac.cn ""59578015""",queued,false,bibliographic/aggregator evidence only; API channels may share provenance; no PI or project fact inferred,200,0,0,200,0,0,0,0,200,200,,0,no_match_all_sources,E_negative_probe_only,,,,,not_checked,true,exact_web_and_institution_search,,2026-08-27T07:58:42+00:00,bibliographic/aggregator evidence only; API channels may share provenance; no PI or project fact inferred,/home/runner/work/PolyFT/PolyFT/downloaded-remaining/nsfc-be-probe-batch-005
E,59578016,1995,general,E08,1995|general|E08|59578|3,0.811321,P3,true,manual_context_review_before_probe,"""59578016""","""59578016"" ""National Natural Science Foundation of China""","award.number:59578016,award.funder:501100001809","site:edu.cn OR site:ac.cn ""59578016""",queued,false,bibliographic/aggregator evidence only; API channels may share provenance; no PI or project fact inferred,200,0,0,200,0,0,0,0,200,200,,0,no_match_all_sources,E_negative_probe_only,,,,,not_checked,true,exact_web_and_institution_search,,2026-08-27T07:58:42+00:00,bibliographic/aggregator evidence only; API channels may share provenance; no PI or project fact inferred,/home/runner/work/PolyFT/PolyFT/downloaded-remaining/nsfc-be-probe-batch-005
E,59578017,1995,general,E08,1995|general|E08|59578|3,0.811321,P3,true,manual_context_review_before_probe,"""59578017""","""59578017"" ""National Natural Science Foundation of China""","award.number:59578017,award.funder:501100001809","site:edu.cn OR site:ac.cn ""59578017""",queued,false,bibliographic/aggregator evidence only; API channels may share provenance; no PI or project fact inferred,200,0,0,200,0,0,0,0,200,200,,0,no_match_all_sources,E_negative_probe_only,,,,,not_checked,true,exact_web_and_institution_search,,2026-08-27T07:58:42+00:00,bibliographic/aggregator evidence only; API channels may share provenance; no PI or project fact inferred,/home/runner/work/PolyFT/PolyFT/downloaded-remaining/nsfc-be-probe-batch-005
E,59578018,1995,general,E08,1995|general|E08|59578|3,0.811321,P3,true,manual_context_review_before_probe,"""59578018""","""59578018"" ""National Natural Science Foundation of China""","award.number:59578018,award.funder:501100001809","site:edu.cn OR site:ac.cn ""59578018""",queued,false,bibliographic/aggregator evidence only; API channels may share provenance; no PI or project fact inferred,200,0,0,200,0,0,0,0,200,200,,0,no_match_all_sources,E_negative_probe_only,,,,,not_checked,true,exact_web_and_institution_search,,2026-08-27T07:58:42+00:00,bibliographic/aggregator evidence only; API channels may share provenance; no PI or project fact inferred,/home/runner/work/PolyFT/PolyFT/downloaded-remaining/nsfc-be-probe-batch-005
E,59578019,1995,general,E08,1995|general|E08|59578|3,0.811321,P3,true,manual_context_review_before_probe,"""59578019""","""59578019"" ""National Natural Science Foundation of China""","award.number:59578019,award.funder:501100001809","site:edu.cn OR site:ac.cn ""59578019""",queued,false,bibliographic/aggregator evidence only; API channels may share provenance; no PI or project fact inferred,200,0,0,200,0,0,0,0,200,200,,0,no_match_all_sources,E_negative_probe_only,,,,,not_checked,true,exact_web_and_institution_search,,2026-08-27T07:58:42+00:00,bibliographic/aggregator evidence only; API channels may share provenance; no PI or project fact inferred,/home/runner/work/PolyFT/PolyFT/downloaded-remaining/nsfc-be-probe-batch-005
E,59578020,1995,general,E08,1995|general|E08|59578|3,0.811321,P3,true,manual_context_review_before_probe,"""59578020""","""59578020"" ""National Natural Science Foundation of China""","award.number:59578020,award.funder:501100001809","site:edu.cn OR site:ac.cn ""59578020""",queued,false,bibliographic/aggregator evidence only; API channels may share provenance; no PI or project fact inferred,200,0,0,200,0,0,0,0,200,200,,0,no_match_all_sources,E_negative_probe_only,,,,,not_checked,true,exact_web_and_institution_search,,2026-08-27T07:58:42+00:00,bibliographic/aggregator evidence only; API channels may share provenance; no PI or project fact inferred,/home/runner/work/PolyFT/PolyFT/downloaded-remaining/nsfc-be-probe-batch-005
E,59578021,1995,general,E08,1995|general|E08|59578|3,0.811321,P3,true,manual_context_review_before_probe,"""59578021""","""59578021"" ""National Natural Science Foundation of China""","award.number:59578021,award.funder:501100001809","site:edu.cn OR site:ac.cn ""59578021""",queued,false,bibliographic/aggregator evidence only; API channels may share provenance; no PI or project fact inferred,200,0,0,200,0,0,0,0,200,200,,0,no_match_all_sources,E_negative_probe_only,,,,,not_checked,true,exact_web_and_institution_search,,2026-08-27T07:58:42+00:00,bibliographic/aggregator evidence only; API channels may share provenance; no PI or project fact inferred,/home/runner/work/PolyFT/PolyFT/downloaded-remaining/nsfc-be-probe-batch-005
E,59578022,1995,general,E08,1995|general|E08|59578|3,0.811321,P3,true,manual_context_review_before_probe,"""59578022""","""59578022"" ""National Natural Science Foundation of China""","award.number:59578022,award.funder:501100001809","site:edu.cn OR site:ac.cn ""59578022""",queued,false,bibliographic/aggregator evidence only; API channels may share provenance; no PI or project fact inferred,200,0,0,200,0,0,0,0,200,200,,0,no_match_all_sources,E_negative_probe_only,,,,,not_checked,true,exact_web_and_institution_search,,2026-08-27T07:58:42+00:00,bibliographic/aggregator evidence only; API channels may share provenance; no PI or project fact inferred,/home/runner/work/PolyFT/PolyFT/downloaded-remaining/nsfc-be-probe-batch-005
E,59579002,1995,general,E09,1995|general|E09|59579|3,0.892857,P3,true,manual_context_review_before_probe,"""59579002""","""59579002"" ""National Natural Science Foundation of China""","award.number:59579002,award.funder:501100001809","site:edu.cn OR site:ac.cn ""59579002""",queued,false,bibliographic/aggregator evidence only; API channels may share provenance; no PI or project fact inferred,200,0,0,200,0,0,0,0,200,200,,0,no_match_all_sources,E_negative_probe_only,,,,,not_checked,true,exact_web_and_institution_search,,2026-08-27T07:50:51+00:00,bibliographic/aggregator evidence only; API channels may share provenance; no PI or project fact inferred,/home/runner/work/PolyFT/PolyFT/downloaded-remaining/nsfc-be-probe-batch-003
E,59579021,1995,general,E09,1995|general|E09|59579|3,0.892857,P3,true,manual_context_review_before_probe,"""59579021""","""59579021"" ""National Natural Science Foundation of China""","award.number:59579021,award.funder:501100001809","site:edu.cn OR site:ac.cn ""59579021""",queued,false,bibliographic/aggregator evidence only; API channels may share provenance; no PI or project fact inferred,200,0,0,200,0,0,0,0,200,200,,0,no_match_all_sources,E_negative_probe_only,,,,,not_checked,true,exact_web_and_institution_search,,2026-08-27T07:50:51+00:00,bibliographic/aggregator evidence only; API channels may share provenance; no PI or project fact inferred,/home/runner/work/PolyFT/PolyFT/downloaded-remaining/nsfc-be-probe-batch-003
E,59579022,1995,general,E09,1995|general|E09|59579|3,0.892857,P3,true,manual_context_review_before_probe,"""59579022""","""59579022"" ""National Natural Science Foundation of China""","award.number:59579022,award.funder:501100001809","site:edu.cn OR site:ac.cn ""59579022""",queued,false,bibliographic/aggregator evidence only; API channels may share provenance; no PI or project fact inferred,200,0,0,200,0,0,0,0,200,200,,0,no_match_all_sources,E_negative_probe_only,,,,,not_checked,true,exact_web_and_institution_search,,2026-08-27T07:50:51+00:00,bibliographic/aggregator evidence only; API channels may share provenance; no PI or project fact inferred,/home/runner/work/PolyFT/PolyFT/downloaded-remaining/nsfc-be-probe-batch-003
E,59601003,1996,youth_c,E01,1996|youth_c|E01|59601|3,0.928571,P3,false,low_rate_probe,"""59601003""","""59601003"" ""National Natural Science Foundation of China""","award.number:59601003,award.funder:501100001809","site:edu.cn OR site:ac.cn ""59601003""",queued,false,bibliographic/aggregator evidence only; API channels may share provenance; no PI or project fact inferred,200,0,0,200,0,0,0,0,200,200,,0,no_match_all_sources,E_negative_probe_only,,,,,not_checked,true,exact_web_and_institution_search,,2026-08-27T07:50:51+00:00,bibliographic/aggregator evidence only; API channels may share provenance; no PI or project fact inferred,/home/runner/work/PolyFT/PolyFT/downloaded-remaining/nsfc-be-probe-batch-003
E,59608004,1996,youth_c,E08,1996|youth_c|E08|59608|3,0.923077,P3,true,manual_context_review_before_probe,"""59608004""","""59608004"" ""National Natural Science Foundation of China""","award.number:59608004,award.funder:501100001809","site:edu.cn OR site:ac.cn ""59608004""",queued,false,bibliographic/aggregator evidence only; API channels may share provenance; no PI or project fact inferred,200,0,0,200,0,0,0,0,200,200,,0,no_match_all_sources,E_negative_probe_only,,,,,not_checked,true,exact_web_and_institution_search,,2026-08-27T07:50:51+00:00,bibliographic/aggregator evidence only; API channels may share provenance; no PI or project fact inferred,/home/runner/work/PolyFT/PolyFT/downloaded-remaining/nsfc-be-probe-batch-003
E,59678015,1996,general,E08,1996|general|E08|59678|3,0.814815,P3,true,manual_context_review_before_probe,"""59678015""","""59678015"" ""National Natural Science Foundation of China""","award.number:59678015,award.funder:501100001809","site:edu.cn OR site:ac.cn ""59678015""",queued,false,bibliographic/aggregator evidence only; API channels may share provenance; no PI or project fact inferred,200,0,0,200,0,0,0,0,200,200,,0,no_match_all_sources,E_negative_probe_only,,,,,not_checked,true,exact_web_and_institution_search,,2026-08-27T07:58:42+00:00,bibliographic/aggregator evidence only; API channels may share provenance; no PI or project fact inferred,/home/runner/work/PolyFT/PolyFT/downloaded-remaining/nsfc-be-probe-batch-005
E,59678016,1996,general,E08,1996|general|E08|59678|3,0.814815,P3,true,manual_context_review_before_probe,"""59678016""","""59678016"" ""National Natural Science Foundation of China""","award.number:59678016,award.funder:501100001809","site:edu.cn OR site:ac.cn ""59678016""",queued,false,bibliographic/aggregator evidence only; API channels may share provenance; no PI or project fact inferred,200,0,0,200,0,0,0,0,200,200,,0,no_match_all_sources,E_negative_probe_only,,,,,not_checked,true,exact_web_and_institution_search,,2026-08-27T07:58:42+00:00,bibliographic/aggregator evidence only; API channels may share provenance; no PI or project fact inferred,/home/runner/work/PolyFT/PolyFT/downloaded-remaining/nsfc-be-probe-batch-005
E,59678017,1996,general,E08,1996|general|E08|59678|3,0.814815,P3,true,manual_context_review_before_probe,"""59678017""","""59678017"" ""National Natural Science Foundation of China""","award.number:59678017,award.funder:501100001809","site:edu.cn OR site:ac.cn ""59678017""",queued,false,bibliographic/aggregator evidence only; API channels may share provenance; no PI or project fact inferred,200,0,0,200,0,0,0,0,200,200,,0,no_match_all_sources,E_negative_probe_only,,,,,not_checked,true,exact_web_and_institution_search,,2026-08-27T07:58:42+00:00,bibliographic/aggregator evidence only; API channels may share provenance; no PI or project fact inferred,/home/runner/work/PolyFT/PolyFT/downloaded-remaining/nsfc-be-probe-batch-005
E,59678018,1996,general,E08,1996|general|E08|59678|3,0.814815,P3,true,manual_context_review_before_probe,"""59678018""","""59678018"" ""National Natural Science Foundation of China""","award.number:59678018,award.funder:501100001809","site:edu.cn OR site:ac.cn ""59678018""",queued,false,bibliographic/aggregator evidence only; API channels may share provenance; no PI or project fact inferred,200,0,0,200,0,0,0,0,200,200,,0,no_match_all_sources,E_negative_probe_only,,,,,not_checked,true,exact_web_and_institution_search,,2026-08-27T07:58:42+00:00,bibliographic/aggregator evidence only; API channels may share provenance; no PI or project fact inferred,/home/runner/work/PolyFT/PolyFT/downloaded-remaining/nsfc-be-probe-batch-005
E,59678019,1996,general,E08,1996|general|E08|59678|3,0.814815,P3,true,manual_context_review_before_probe,"""59678019""","""59678019"" ""National Natural Science Foundation of China""","award.number:59678019,award.funder:501100001809","site:edu.cn OR site:ac.cn ""59678019""",queued,false,bibliographic/aggregator evidence only; API channels may share provenance; no PI or project fact inferred,200,0,0,200,0,0,0,0,200,200,,0,no_match_all_sources,E_negative_probe_only,,,,,not_checked,true,exact_web_and_institution_search,,2026-08-27T07:58:42+00:00,bibliographic/aggregator evidence only; API channels may share provenance; no PI or project fact inferred,/home/runner/work/PolyFT/PolyFT/downloaded-remaining/nsfc-be-probe-batch-005
E,59678020,1996,general,E08,1996|general|E08|59678|3,0.814815,P3,true,manual_context_review_before_probe,"""59678020""","""59678020"" ""National Natural Science Foundation of China""","award.number:59678020,award.funder:501100001809","site:edu.cn OR site:ac.cn ""59678020""",queued,false,bibliographic/aggregator evidence only; API channels may share provenance; no PI or project fact inferred,200,0,0,200,0,0,0,0,200,200,,0,no_match_all_sources,E_negative_probe_only,,,,,not_checked,true,exact_web_and_institution_search,,2026-08-27T07:58:42+00:00,bibliographic/aggregator evidence only; API channels may share provenance; no PI or project fact inferred,/home/runner/work/PolyFT/PolyFT/downloaded-remaining/nsfc-be-probe-batch-005
E,59678021,1996,general,E08,1996|general|E08|59678|3,0.814815,P3,true,manual_context_review_before_probe,"""59678021""","""59678021"" ""National Natural Science Foundation of China""","award.number:59678021,award.funder:501100001809","site:edu.cn OR site:ac.cn ""59678021""",queued,false,bibliographic/aggregator evidence only; API channels may share provenance; no PI or project fact inferred,200,0,0,200,0,0,0,0,200,200,,0,no_match_all_sources,E_negative_probe_only,,,,,not_checked,true,exact_web_and_institution_search,,2026-08-27T07:58:42+00:00,bibliographic/aggregator evidence only; API channels may share provenance; no PI or project fact inferred,/home/runner/work/PolyFT/PolyFT/downloaded-remaining/nsfc-be-probe-batch-005
E,59678022,1996,general,E08,1996|general|E08|59678|3,0.814815,P3,true,manual_context_review_before_probe,"""59678022""","""59678022"" ""National Natural Science Foundation of China""","award.number:59678022,award.funder:501100001809","site:edu.cn OR site:ac.cn ""59678022""",queued,false,bibliographic/aggregator evidence only; API channels may share provenance; no PI or project fact inferred,200,0,0,200,0,0,0,0,200,200,,0,no_match_all_sources,E_negative_probe_only,,,,,not_checked,true,exact_web_and_institution_search,,2026-08-27T07:58:42+00:00,bibliographic/aggregator evidence only; API channels may share provenance; no PI or project fact inferred,/home/runner/work/PolyFT/PolyFT/downloaded-remaining/nsfc-be-probe-batch-005
E,59678023,1996,general,E08,1996|general|E08|59678|3,0.814815,P3,true,manual_context_review_before_probe,"""59678023""","""59678023"" ""National Natural Science Foundation of China""","award.number:59678023,award.funder:501100001809","site:edu.cn OR site:ac.cn ""59678023""",queued,false,bibliographic/aggregator evidence only; API channels may share provenance; no PI or project fact inferred,200,0,0,200,0,0,0,0,200,200,,0,no_match_all_sources,E_negative_probe_only,,,,,not_checked,true,exact_web_and_institution_search,,2026-08-27T07:58:42+00:00,bibliographic/aggregator evidence only; API channels may share provenance; no PI or project fact inferred,/home/runner/work/PolyFT/PolyFT/downloaded-remaining/nsfc-be-probe-batch-005
E,59678024,1996,general,E08,1996|general|E08|59678|3,0.814815,P3,true,manual_context_review_before_probe,"""59678024""","""59678024"" ""National Natural Science Foundation of China""","award.number:59678024,award.funder:501100001809","site:edu.cn OR site:ac.cn ""59678024""",queued,false,bibliographic/aggregator evidence only; API channels may share provenance; no PI or project fact inferred,200,0,0,200,0,0,0,0,200,200,,0,no_match_all_sources,E_negative_probe_only,,,,,not_checked,true,exact_web_and_institution_search,,2026-08-27T07:58:42+00:00,bibliographic/aggregator evidence only; API channels may share provenance; no PI or project fact inferred,/home/runner/work/PolyFT/PolyFT/downloaded-remaining/nsfc-be-probe-batch-005
E,59679022,1996,general,E09,1996|general|E09|59679|3,0.896552,P3,true,manual_context_review_before_probe,"""59679022""","""59679022"" ""National Natural Science Foundation of China""","award.number:59679022,award.funder:501100001809","site:edu.cn OR site:ac.cn ""59679022""",queued,false,bibliographic/aggregator evidence only; API channels may share provenance; no PI or project fact inferred,200,0,0,200,0,0,0,0,200,200,,0,no_match_all_sources,E_negative_probe_only,,,,,not_checked,true,exact_web_and_institution_search,,2026-08-27T07:50:51+00:00,bibliographic/aggregator evidence only; API channels may share provenance; no PI or project fact inferred,/home/runner/work/PolyFT/PolyFT/downloaded-remaining/nsfc-be-probe-batch-003
E,59679023,1996,general,E09,1996|general|E09|59679|3,0.896552,P3,true,manual_context_review_before_probe,"""59679023""","""59679023"" ""National Natural Science Foundation of China""","award.number:59679023,award.funder:501100001809","site:edu.cn OR site:ac.cn ""59679023""",queued,false,bibliographic/aggregator evidence only; API channels may share provenance; no PI or project fact inferred,200,0,0,200,0,0,0,0,200,200,,0,no_match_all_sources,E_negative_probe_only,,,,,not_checked,true,exact_web_and_institution_search,,2026-08-27T07:50:51+00:00,bibliographic/aggregator evidence only; API channels may share provenance; no PI or project fact inferred,/home/runner/work/PolyFT/PolyFT/downloaded-remaining/nsfc-be-probe-batch-003
E,59679024,1996,general,E09,1996|general|E09|59679|3,0.896552,P3,true,manual_context_review_before_probe,"""59679024""","""59679024"" ""National Natural Science Foundation of China""","award.number:59679024,award.funder:501100001809","site:edu.cn OR site:ac.cn ""59679024""",queued,false,bibliographic/aggregator evidence only; API channels may share provenance; no PI or project fact inferred,200,0,0,200,0,0,0,0,200,200,,0,no_match_all_sources,E_negative_probe_only,,,,,not_checked,true,exact_web_and_institution_search,,2026-08-27T07:50:51+00:00,bibliographic/aggregator evidence only; API channels may share provenance; no PI or project fact inferred,/home/runner/work/PolyFT/PolyFT/downloaded-remaining/nsfc-be-probe-batch-003
E,59701004,1997,youth_c,E01,1997|youth_c|E01|59701|3,0.923077,P3,false,low_rate_probe,"""59701004""","""59701004"" ""National Natural Science Foundation of China""","award.number:59701004,award.funder:501100001809","site:edu.cn OR site:ac.cn ""59701004""",queued,false,bibliographic/aggregator evidence only; API channels may share provenance; no PI or project fact inferred,200,0,0,200,0,0,0,0,200,200,,0,no_match_all_sources,E_negative_probe_only,,,,,not_checked,true,exact_web_and_institution_search,,2026-08-27T07:50:51+00:00,bibliographic/aggregator evidence only; API channels may share provenance; no PI or project fact inferred,/home/runner/work/PolyFT/PolyFT/downloaded-remaining/nsfc-be-probe-batch-003
E,59706006,1997,youth_c,E06,1997|youth_c|E06|59706|3,0.916667,P3,false,low_rate_probe,"""59706006""","""59706006"" ""National Natural Science Foundation of China""","award.number:59706006,award.funder:501100001809","site:edu.cn OR site:ac.cn ""59706006""",queued,false,bibliographic/aggregator evidence only; API channels may share provenance; no PI or project fact inferred,200,0,0,200,0,0,0,0,200,200,,0,no_match_all_sources,E_negative_probe_only,,,,,not_checked,true,exact_web_and_institution_search,,2026-08-27T07:50:51+00:00,bibliographic/aggregator evidence only; API channels may share provenance; no PI or project fact inferred,/home/runner/work/PolyFT/PolyFT/downloaded-remaining/nsfc-be-probe-batch-003
E,59708005,1997,youth_c,E08,1997|youth_c|E08|59708|3,0.857143,P3,true,manual_context_review_before_probe,"""59708005""","""59708005"" ""National Natural Science Foundation of China""","award.number:59708005,award.funder:501100001809","site:edu.cn OR site:ac.cn ""59708005""",queued,false,bibliographic/aggregator evidence only; API channels may share provenance; no PI or project fact inferred,200,0,0,200,0,0,0,0,200,200,,0,no_match_all_sources,E_negative_probe_only,,,,,not_checked,true,exact_web_and_institution_search,,2026-08-27T07:57:16+00:00,bibliographic/aggregator evidence only; API channels may share provenance; no PI or project fact inferred,/home/runner/work/PolyFT/PolyFT/downloaded-remaining/nsfc-be-probe-batch-004
E,59708006,1997,youth_c,E08,1997|youth_c|E08|59708|3,0.857143,P3,true,manual_context_review_before_probe,"""59708006""","""59708006"" ""National Natural Science Foundation of China""","award.number:59708006,award.funder:501100001809","site:edu.cn OR site:ac.cn ""59708006""",queued,false,bibliographic/aggregator evidence only; API channels may share provenance; no PI or project fact inferred,200,0,0,200,0,0,0,0,200,200,,0,no_match_all_sources,E_negative_probe_only,,,,,not_checked,true,exact_web_and_institution_search,,2026-08-27T07:57:16+00:00,bibliographic/aggregator evidence only; API channels may share provenance; no PI or project fact inferred,/home/runner/work/PolyFT/PolyFT/downloaded-remaining/nsfc-be-probe-batch-004
E,59778002,1997,general,E08,1997|general|E08|59778|3,0.818182,P3,true,manual_context_review_before_probe,"""59778002""","""59778002"" ""National Natural Science Foundation of China""","award.number:59778002,award.funder:501100001809","site:edu.cn OR site:ac.cn ""59778002""",queued,false,bibliographic/aggregator evidence only; API channels may share provenance; no PI or project fact inferred,200,0,0,200,0,0,0,0,200,200,,0,no_match_all_sources,E_negative_probe_only,,,,,not_checked,true,exact_web_and_institution_search,,2026-08-27T07:58:42+00:00,bibliographic/aggregator evidence only; API channels may share provenance; no PI or project fact inferred,/home/runner/work/PolyFT/PolyFT/downloaded-remaining/nsfc-be-probe-batch-005
E,59778016,1997,general,E08,1997|general|E08|59778|3,0.818182,P3,true,manual_context_review_before_probe,"""59778016""","""59778016"" ""National Natural Science Foundation of China""","award.number:59778016,award.funder:501100001809","site:edu.cn OR site:ac.cn ""59778016""",queued,false,bibliographic/aggregator evidence only; API channels may share provenance; no PI or project fact inferred,200,1,1,,0,0,0,0,200,200,crossref,1,confirmed_bibliographic,C_bibliographic,,,,,not_checked,true,official_or_institutional_confirmation,,2026-08-27T07:58:42+00:00,bibliographic/aggregator evidence only; API channels may share provenance; no PI or project fact inferred,/home/runner/work/PolyFT/PolyFT/downloaded-remaining/nsfc-be-probe-batch-005
E,59778017,1997,general,E08,1997|general|E08|59778|3,0.818182,P3,true,manual_context_review_before_probe,"""59778017""","""59778017"" ""National Natural Science Foundation of China""","award.number:59778017,award.funder:501100001809","site:edu.cn OR site:ac.cn ""59778017""",queued,false,bibliographic/aggregator evidence only; API channels may share provenance; no PI or project fact inferred,200,0,0,200,0,0,0,0,200,200,,0,no_match_all_sources,E_negative_probe_only,,,,,not_checked,true,exact_web_and_institution_search,,2026-08-27T07:58:42+00:00,bibliographic/aggregator evidence only; API channels may share provenance; no PI or project fact inferred,/home/runner/work/PolyFT/PolyFT/downloaded-remaining/nsfc-be-probe-batch-005
E,59778018,1997,general,E08,1997|general|E08|59778|3,0.818182,P3,true,manual_context_review_before_probe,"""59778018""","""59778018"" ""National Natural Science Foundation of China""","award.number:59778018,award.funder:501100001809","site:edu.cn OR site:ac.cn ""59778018""",queued,false,bibliographic/aggregator evidence only; API channels may share provenance; no PI or project fact inferred,200,0,0,200,0,0,0,0,200,200,,0,no_match_all_sources,E_negative_probe_only,,,,,not_checked,true,exact_web_and_institution_search,,2026-08-27T07:58:42+00:00,bibliographic/aggregator evidence only; API channels may share provenance; no PI or project fact inferred,/home/runner/work/PolyFT/PolyFT/downloaded-remaining/nsfc-be-probe-batch-005
E,59778019,1997,general,E08,1997|general|E08|59778|3,0.818182,P3,true,manual_context_review_before_probe,"""59778019""","""59778019"" ""National Natural Science Foundation of China""","award.number:59778019,award.funder:501100001809","site:edu.cn OR site:ac.cn ""59778019""",queued,false,bibliographic/aggregator evidence only; API channels may share provenance; no PI or project fact inferred,200,0,0,200,0,0,0,0,200,200,,0,no_match_all_sources,E_negative_probe_only,,,,,not_checked,true,exact_web_and_institution_search,,2026-08-27T07:58:42+00:00,bibliographic/aggregator evidence only; API channels may share provenance; no PI or project fact inferred,/home/runner/work/PolyFT/PolyFT/downloaded-remaining/nsfc-be-probe-batch-005
E,59778020,1997,general,E08,1997|general|E08|59778|3,0.818182,P3,true,manual_context_review_before_probe,"""59778020""","""59778020"" ""National Natural Science Foundation of China""","award.number:59778020,award.funder:501100001809","site:edu.cn OR site:ac.cn ""59778020""",queued,false,bibliographic/aggregator evidence only; API channels may share provenance; no PI or project fact inferred,200,0,0,200,0,0,0,0,200,200,,0,no_match_all_sources,E_negative_probe_only,,,,,not_checked,true,exact_web_and_institution_search,,2026-08-27T07:58:42+00:00,bibliographic/aggregator evidence only; API channels may share provenance; no PI or project fact inferred,/home/runner/work/PolyFT/PolyFT/downloaded-remaining/nsfc-be-probe-batch-005
E,59778021,1997,general,E08,1997|general|E08|59778|3,0.818182,P3,true,manual_context_review_before_probe,"""59778021""","""59778021"" ""National Natural Science Foundation of China""","award.number:59778021,award.funder:501100001809","site:edu.cn OR site:ac.cn ""59778021""",queued,false,bibliographic/aggregator evidence only; API channels may share provenance; no PI or project fact inferred,200,0,0,200,0,0,0,0,200,200,,0,no_match_all_sources,E_negative_probe_only,,,,,not_checked,true,exact_web_and_institution_search,,2026-08-27T07:58:42+00:00,bibliographic/aggregator evidence only; API channels may share provenance; no PI or project fact inferred,/home/runner/work/PolyFT/PolyFT/downloaded-remaining/nsfc-be-probe-batch-005
E,59778022,1997,general,E08,1997|general|E08|59778|3,0.818182,P3,true,manual_context_review_before_probe,"""59778022""","""59778022"" ""National Natural Science Foundation of China""","award.number:59778022,award.funder:501100001809","site:edu.cn OR site:ac.cn ""59778022""",queued,false,bibliographic/aggregator evidence only; API channels may share provenance; no PI or project fact inferred,200,0,0,200,0,0,0,0,200,200,,0,no_match_all_sources,E_negative_probe_only,,,,,not_checked,true,exact_web_and_institution_search,,2026-08-27T07:58:42+00:00,bibliographic/aggregator evidence only; API channels may share provenance; no PI or project fact inferred,/home/runner/work/PolyFT/PolyFT/downloaded-remaining/nsfc-be-probe-batch-005
E,59778023,1997,general,E08,1997|general|E08|59778|3,0.818182,P3,true,manual_context_review_before_probe,"""59778023""","""59778023"" ""National Natural Science Foundation of China""","award.number:59778023,award.funder:501100001809","site:edu.cn OR site:ac.cn ""59778023""",queued,false,bibliographic/aggregator evidence only; API channels may share provenance; no PI or project fact inferred,200,0,0,200,0,0,0,0,200,200,,0,no_match_all_sources,E_negative_probe_only,,,,,not_checked,true,exact_web_and_institution_search,,2026-08-27T07:58:42+00:00,bibliographic/aggregator evidence only; API channels may share provenance; no PI or project fact inferred,/home/runner/work/PolyFT/PolyFT/downloaded-remaining/nsfc-be-probe-batch-005
E,59778024,1997,general,E08,1997|general|E08|59778|3,0.818182,P3,true,manual_context_review_before_probe,"""59778024""","""59778024"" ""National Natural Science Foundation of China""","award.number:59778024,award.funder:501100001809","site:edu.cn OR site:ac.cn ""59778024""",queued,false,bibliographic/aggregator evidence only; API channels may share provenance; no PI or project fact inferred,200,0,0,200,0,0,0,0,200,200,,0,no_match_all_sources,E_negative_probe_only,,,,,not_checked,true,exact_web_and_institution_search,,2026-08-27T07:58:42+00:00,bibliographic/aggregator evidence only; API channels may share provenance; no PI or project fact inferred,/home/runner/work/PolyFT/PolyFT/downloaded-remaining/nsfc-be-probe-batch-005
E,59779020,1997,general,E09,1997|general|E09|59779|3,0.821429,P3,true,manual_context_review_before_probe,"""59779020""","""59779020"" ""National Natural Science Foundation of China""","award.number:59779020,award.funder:501100001809","site:edu.cn OR site:ac.cn ""59779020""",queued,false,bibliographic/aggregator evidence only; API channels may share provenance; no PI or project fact inferred,200,0,0,200,0,0,0,0,200,200,,0,no_match_all_sources,E_negative_probe_only,,,,,not_checked,true,exact_web_and_institution_search,,2026-08-27T07:58:42+00:00,bibliographic/aggregator evidence only; API channels may share provenance; no PI or project fact inferred,/home/runner/work/PolyFT/PolyFT/downloaded-remaining/nsfc-be-probe-batch-005
E,59779021,1997,general,E09,1997|general|E09|59779|3,0.821429,P3,true,manual_context_review_before_probe,"""59779021""","""59779021"" ""National Natural Science Foundation of China""","award.number:59779021,award.funder:501100001809","site:edu.cn OR site:ac.cn ""59779021""",queued,false,bibliographic/aggregator evidence only; API channels may share provenance; no PI or project fact inferred,200,0,0,200,0,0,0,0,200,200,,0,no_match_all_sources,E_negative_probe_only,,,,,not_checked,true,exact_web_and_institution_search,,2026-08-27T07:58:42+00:00,bibliographic/aggregator evidence only; API channels may share provenance; no PI or project fact inferred,/home/runner/work/PolyFT/PolyFT/downloaded-remaining/nsfc-be-probe-batch-005
E,59779022,1997,general,E09,1997|general|E09|59779|3,0.821429,P3,true,manual_context_review_before_probe,"""59779022""","""59779022"" ""National Natural Science Foundation of China""","award.number:59779022,award.funder:501100001809","site:edu.cn OR site:ac.cn ""59779022""",queued,false,bibliographic/aggregator evidence only; API channels may share provenance; no PI or project fact inferred,200,0,0,200,0,0,0,0,200,200,,0,no_match_all_sources,E_negative_probe_only,,,,,not_checked,true,exact_web_and_institution_search,,2026-08-27T07:58:42+00:00,bibliographic/aggregator evidence only; API channels may share provenance; no PI or project fact inferred,/home/runner/work/PolyFT/PolyFT/downloaded-remaining/nsfc-be-probe-batch-005
E,59779023,1997,general,E09,1997|general|E09|59779|3,0.821429,P3,true,manual_context_review_before_probe,"""59779023""","""59779023"" ""National Natural Science Foundation of China""","award.number:59779023,award.funder:501100001809","site:edu.cn OR site:ac.cn ""59779023""",queued,false,bibliographic/aggregator evidence only; API channels may share provenance; no PI or project fact inferred,200,0,0,200,0,0,0,0,200,200,,0,no_match_all_sources,E_negative_probe_only,,,,,not_checked,true,exact_web_and_institution_search,,2026-08-27T07:58:42+00:00,bibliographic/aggregator evidence only; API channels may share provenance; no PI or project fact inferred,/home/runner/work/PolyFT/PolyFT/downloaded-remaining/nsfc-be-probe-batch-005
E,59779024,1997,general,E09,1997|general|E09|59779|3,0.821429,P3,true,manual_context_review_before_probe,"""59779024""","""59779024"" ""National Natural Science Foundation of China""","award.number:59779024,award.funder:501100001809","site:edu.cn OR site:ac.cn ""59779024""",queued,false,bibliographic/aggregator evidence only; API channels may share provenance; no PI or project fact inferred,200,0,0,200,0,0,0,0,200,200,,0,no_match_all_sources,E_negative_probe_only,,,,,not_checked,true,exact_web_and_institution_search,,2026-08-27T07:58:42+00:00,bibliographic/aggregator evidence only; API channels may share provenance; no PI or project fact inferred,/home/runner/work/PolyFT/PolyFT/downloaded-remaining/nsfc-be-probe-batch-005
E,59806002,1998,youth_c,E06,1998|youth_c|E06|59806|3,0.857143,P3,false,low_rate_probe,"""59806002""","""59806002"" ""National Natural Science Foundation of China""","award.number:59806002,award.funder:501100001809","site:edu.cn OR site:ac.cn ""59806002""",queued,false,bibliographic/aggregator evidence only; API channels may share provenance; no PI or project fact inferred,200,0,0,200,0,0,0,0,200,200,,0,no_match_all_sources,E_negative_probe_only,,,,,not_checked,true,exact_web_and_institution_search,,2026-08-27T07:57:16+00:00,bibliographic/aggregator evidence only; API channels may share provenance; no PI or project fact inferred,/home/runner/work/PolyFT/PolyFT/downloaded-remaining/nsfc-be-probe-batch-004
E,59806004,1998,youth_c,E06,1998|youth_c|E06|59806|3,0.857143,P3,false,low_rate_probe,"""59806004""","""59806004"" ""National Natural Science Foundation of China""","award.number:59806004,award.funder:501100001809","site:edu.cn OR site:ac.cn ""59806004""",queued,false,bibliographic/aggregator evidence only; API channels may share provenance; no PI or project fact inferred,200,0,0,200,0,0,0,0,200,200,,0,no_match_all_sources,E_negative_probe_only,,,,,not_checked,true,exact_web_and_institution_search,,2026-08-27T07:57:16+00:00,bibliographic/aggregator evidence only; API channels may share provenance; no PI or project fact inferred,/home/runner/work/PolyFT/PolyFT/downloaded-remaining/nsfc-be-probe-batch-004
E,59807003,1998,youth_c,E07,1998|youth_c|E07|59807|3,0.857143,P3,false,low_rate_probe,"""59807003""","""59807003"" ""National Natural Science Foundation of China""","award.number:59807003,award.funder:501100001809","site:edu.cn OR site:ac.cn ""59807003""",queued,false,bibliographic/aggregator evidence only; API channels may share provenance; no PI or project fact inferred,200,0,0,200,0,0,0,0,200,200,,0,no_match_all_sources,E_negative_probe_only,,,,,not_checked,true,exact_web_and_institution_search,,2026-08-27T07:57:16+00:00,bibliographic/aggregator evidence only; API channels may share provenance; no PI or project fact inferred,/home/runner/work/PolyFT/PolyFT/downloaded-remaining/nsfc-be-probe-batch-004
E,59808012,1998,youth_c,E08,1998|youth_c|E08|59808|3,0.923077,P3,true,manual_context_review_before_probe,"""59808012""","""59808012"" ""National Natural Science Foundation of China""","award.number:59808012,award.funder:501100001809","site:edu.cn OR site:ac.cn ""59808012""",queued,false,bibliographic/aggregator evidence only; API channels may share provenance; no PI or project fact inferred,200,0,0,200,0,0,0,0,200,200,,0,no_match_all_sources,E_negative_probe_only,,,,,not_checked,true,exact_web_and_institution_search,,2026-08-27T07:50:51+00:00,bibliographic/aggregator evidence only; API channels may share provenance; no PI or project fact inferred,/home/runner/work/PolyFT/PolyFT/downloaded-remaining/nsfc-be-probe-batch-003
E,59876042,1998,general,E06,1998|general|E06|59876|3,0.979167,P2,false,next_probe_batch,"""59876042""","""59876042"" ""National Natural Science Foundation of China""","award.number:59876042,award.funder:501100001809","site:edu.cn OR site:ac.cn ""59876042""",queued,true,bibliographic/aggregator evidence only; API channels may share provenance; no PI or project fact inferred,200,0,0,200,0,0,0,0,200,200,,0,no_match_all_sources,E_negative_probe_only,,,,,not_checked,true,exact_web_and_institution_search,,2026-08-27T07:33:47+00:00,bibliographic/aggregator evidence only; API channels may share provenance; no PI or project fact inferred,/home/runner/work/PolyFT/PolyFT/extracted-first/nsfc-be-probe-batch-001
E,59878012,1998,general,E08,1998|general|E08|59878|3,0.807018,P3,true,manual_context_review_before_probe,"""59878012""","""59878012"" ""National Natural Science Foundation of China""","award.number:59878012,award.funder:501100001809","site:edu.cn OR site:ac.cn ""59878012""",queued,false,bibliographic/aggregator evidence only; API channels may share provenance; no PI or project fact inferred,200,0,0,200,0,0,0,0,200,200,,0,no_match_all_sources,E_negative_probe_only,,,,,not_checked,true,exact_web_and_institution_search,,2026-08-27T07:58:42+00:00,bibliographic/aggregator evidence only; API channels may share provenance; no PI or project fact inferred,/home/runner/work/PolyFT/PolyFT/downloaded-remaining/nsfc-be-probe-batch-005
E,59878016,1998,general,E08,1998|general|E08|59878|3,0.807018,P3,true,manual_context_review_before_probe,"""59878016""","""59878016"" ""National Natural Science Foundation of China""","award.number:59878016,award.funder:501100001809","site:edu.cn OR site:ac.cn ""59878016""",queued,false,bibliographic/aggregator evidence only; API channels may share provenance; no PI or project fact inferred,200,0,0,200,0,0,0,0,200,200,,0,no_match_all_sources,E_negative_probe_only,,,,,not_checked,true,exact_web_and_institution_search,,2026-08-27T07:58:42+00:00,bibliographic/aggregator evidence only; API channels may share provenance; no PI or project fact inferred,/home/runner/work/PolyFT/PolyFT/downloaded-remaining/nsfc-be-probe-batch-005
E,59878020,1998,general,E08,1998|general|E08|59878|3,0.807018,P3,true,manual_context_review_before_probe,"""59878020""","""59878020"" ""National Natural Science Foundation of China""","award.number:59878020,award.funder:501100001809","site:edu.cn OR site:ac.cn ""59878020""",queued,false,bibliographic/aggregator evidence only; API channels may share provenance; no PI or project fact inferred,200,0,0,200,0,0,0,0,200,200,,0,no_match_all_sources,E_negative_probe_only,,,,,not_checked,true,exact_web_and_institution_search,,2026-08-27T07:58:42+00:00,bibliographic/aggregator evidence only; API channels may share provenance; no PI or project fact inferred,/home/runner/work/PolyFT/PolyFT/downloaded-remaining/nsfc-be-probe-batch-005
E,59878024,1998,general,E08,1998|general|E08|59878|3,0.807018,P3,true,manual_context_review_before_probe,"""59878024""","""59878024"" ""National Natural Science Foundation of China""","award.number:59878024,award.funder:501100001809","site:edu.cn OR site:ac.cn ""59878024""",queued,false,bibliographic/aggregator evidence only; API channels may share provenance; no PI or project fact inferred,200,0,0,200,0,0,0,0,200,200,,0,no_match_all_sources,E_negative_probe_only,,,,,not_checked,true,exact_web_and_institution_search,,2026-08-27T07:58:42+00:00,bibliographic/aggregator evidence only; API channels may share provenance; no PI or project fact inferred,/home/runner/work/PolyFT/PolyFT/downloaded-remaining/nsfc-be-probe-batch-005
E,59878025,1998,general,E08,1998|general|E08|59878|3,0.807018,P3,true,manual_context_review_before_probe,"""59878025""","""59878025"" ""National Natural Science Foundation of China""","award.number:59878025,award.funder:501100001809","site:edu.cn OR site:ac.cn ""59878025""",queued,false,bibliographic/aggregator evidence only; API channels may share provenance; no PI or project fact inferred,200,0,0,200,0,0,0,0,200,200,,0,no_match_all_sources,E_negative_probe_only,,,,,not_checked,true,exact_web_and_institution_search,,2026-08-27T07:58:42+00:00,bibliographic/aggregator evidence only; API channels may share provenance; no PI or project fact inferred,/home/runner/work/PolyFT/PolyFT/downloaded-remaining/nsfc-be-probe-batch-005
E,59878030,1998,general,E08,1998|general|E08|59878|3,0.807018,P3,true,manual_context_review_before_probe,"""59878030""","""59878030"" ""National Natural Science Foundation of China""","award.number:59878030,award.funder:501100001809","site:edu.cn OR site:ac.cn ""59878030""",queued,false,bibliographic/aggregator evidence only; API channels may share provenance; no PI or project fact inferred,200,0,0,200,0,0,0,0,200,200,,0,no_match_all_sources,E_negative_probe_only,,,,,not_checked,true,exact_web_and_institution_search,,2026-08-27T07:58:42+00:00,bibliographic/aggregator evidence only; API channels may share provenance; no PI or project fact inferred,/home/runner/work/PolyFT/PolyFT/downloaded-remaining/nsfc-be-probe-batch-005
E,59878033,1998,general,E08,1998|general|E08|59878|3,0.807018,P3,true,manual_context_review_before_probe,"""59878033""","""59878033"" ""National Natural Science Foundation of China""","award.number:59878033,award.funder:501100001809","site:edu.cn OR site:ac.cn ""59878033""",queued,false,bibliographic/aggregator evidence only; API channels may share provenance; no PI or project fact inferred,200,0,0,200,0,0,0,0,200,200,,0,no_match_all_sources,E_negative_probe_only,,,,,not_checked,true,exact_web_and_institution_search,,2026-08-27T07:58:42+00:00,bibliographic/aggregator evidence only; API channels may share provenance; no PI or project fact inferred,/home/runner/work/PolyFT/PolyFT/downloaded-remaining/nsfc-be-probe-batch-005
E,59878036,1998,general,E08,1998|general|E08|59878|3,0.807018,P3,true,manual_context_review_before_probe,"""59878036""","""59878036"" ""National Natural Science Foundation of China""","award.number:59878036,award.funder:501100001809","site:edu.cn OR site:ac.cn ""59878036""",queued,false,bibliographic/aggregator evidence only; API channels may share provenance; no PI or project fact inferred,200,0,0,200,0,0,0,0,200,200,,0,no_match_all_sources,E_negative_probe_only,,,,,not_checked,true,exact_web_and_institution_search,,2026-08-27T07:58:42+00:00,bibliographic/aggregator evidence only; API channels may share provenance; no PI or project fact inferred,/home/runner/work/PolyFT/PolyFT/downloaded-remaining/nsfc-be-probe-batch-005
E,59878042,1998,general,E08,1998|general|E08|59878|3,0.807018,P3,true,manual_context_review_before_probe,"""59878042""","""59878042"" ""National Natural Science Foundation of China""","award.number:59878042,award.funder:501100001809","site:edu.cn OR site:ac.cn ""59878042""",queued,false,bibliographic/aggregator evidence only; API channels may share provenance; no PI or project fact inferred,200,0,0,200,0,0,0,0,200,200,,0,no_match_all_sources,E_negative_probe_only,,,,,not_checked,true,exact_web_and_institution_search,,2026-08-27T07:58:42+00:00,bibliographic/aggregator evidence only; API channels may share provenance; no PI or project fact inferred,/home/runner/work/PolyFT/PolyFT/downloaded-remaining/nsfc-be-probe-batch-005
E,59878047,1998,general,E08,1998|general|E08|59878|3,0.807018,P3,true,manual_context_review_before_probe,"""59878047""","""59878047"" ""National Natural Science Foundation of China""","award.number:59878047,award.funder:501100001809","site:edu.cn OR site:ac.cn ""59878047""",queued,false,bibliographic/aggregator evidence only; API channels may share provenance; no PI or project fact inferred,200,0,0,200,0,0,0,0,200,200,,0,no_match_all_sources,E_negative_probe_only,,,,,not_checked,true,exact_web_and_institution_search,,2026-08-27T07:58:42+00:00,bibliographic/aggregator evidence only; API channels may share provenance; no PI or project fact inferred,/home/runner/work/PolyFT/PolyFT/downloaded-remaining/nsfc-be-probe-batch-005
E,59878051,1998,general,E08,1998|general|E08|59878|3,0.807018,P3,true,manual_context_review_before_probe,"""59878051""","""59878051"" ""National Natural Science Foundation of China""","award.number:59878051,award.funder:501100001809","site:edu.cn OR site:ac.cn ""59878051""",queued,false,bibliographic/aggregator evidence only; API channels may share provenance; no PI or project fact inferred,200,0,0,200,0,0,0,0,200,200,,0,no_match_all_sources,E_negative_probe_only,,,,,not_checked,true,exact_web_and_institution_search,,2026-08-27T07:58:42+00:00,bibliographic/aggregator evidence only; API channels may share provenance; no PI or project fact inferred,/home/runner/work/PolyFT/PolyFT/downloaded-remaining/nsfc-be-probe-batch-005
E,59879009,1998,general,E09,1998|general|E09|59879|3,0.857143,P3,true,manual_context_review_before_probe,"""59879009""","""59879009"" ""National Natural Science Foundation of China""","award.number:59879009,award.funder:501100001809","site:edu.cn OR site:ac.cn ""59879009""",queued,false,bibliographic/aggregator evidence only; API channels may share provenance; no PI or project fact inferred,200,0,0,200,0,0,0,0,200,200,,0,no_match_all_sources,E_negative_probe_only,,,,,not_checked,true,exact_web_and_institution_search,,2026-08-27T07:57:16+00:00,bibliographic/aggregator evidence only; API channels may share provenance; no PI or project fact inferred,/home/runner/work/PolyFT/PolyFT/downloaded-remaining/nsfc-be-probe-batch-004
E,59879010,1998,general,E09,1998|general|E09|59879|3,0.857143,P3,true,manual_context_review_before_probe,"""59879010""","""59879010"" ""National Natural Science Foundation of China""","award.number:59879010,award.funder:501100001809","site:edu.cn OR site:ac.cn ""59879010""",queued,false,bibliographic/aggregator evidence only; API channels may share provenance; no PI or project fact inferred,200,0,0,200,0,0,0,0,200,200,,0,no_match_all_sources,E_negative_probe_only,,,,,not_checked,true,exact_web_and_institution_search,,2026-08-27T07:57:16+00:00,bibliographic/aggregator evidence only; API channels may share provenance; no PI or project fact inferred,/home/runner/work/PolyFT/PolyFT/downloaded-remaining/nsfc-be-probe-batch-004
E,59879019,1998,general,E09,1998|general|E09|59879|3,0.857143,P3,true,manual_context_review_before_probe,"""59879019""","""59879019"" ""National Natural Science Foundation of China""","award.number:59879019,award.funder:501100001809","site:edu.cn OR site:ac.cn ""59879019""",queued,false,bibliographic/aggregator evidence only; API channels may share provenance; no PI or project fact inferred,200,0,0,200,0,0,0,0,200,200,,0,no_match_all_sources,E_negative_probe_only,,,,,not_checked,true,exact_web_and_institution_search,,2026-08-27T07:57:16+00:00,bibliographic/aggregator evidence only; API channels may share provenance; no PI or project fact inferred,/home/runner/work/PolyFT/PolyFT/downloaded-remaining/nsfc-be-probe-batch-004
E,59879026,1998,general,E09,1998|general|E09|59879|3,0.857143,P3,true,manual_context_review_before_probe,"""59879026""","""59879026"" ""National Natural Science Foundation of China""","award.number:59879026,award.funder:501100001809","site:edu.cn OR site:ac.cn ""59879026""",queued,false,bibliographic/aggregator evidence only; API channels may share provenance; no PI or project fact inferred,200,0,0,200,0,0,0,0,200,200,,0,no_match_all_sources,E_negative_probe_only,,,,,not_checked,true,exact_web_and_institution_search,,2026-08-27T07:57:16+00:00,bibliographic/aggregator evidence only; API channels may share provenance; no PI or project fact inferred,/home/runner/work/PolyFT/PolyFT/downloaded-remaining/nsfc-be-probe-batch-004
E,59905009,1999,youth_c,E05,1999|youth_c|E05|59905|3,0.958333,P2,false,next_probe_batch,"""59905009""","""59905009"" ""National Natural Science Foundation of China""","award.number:59905009,award.funder:501100001809","site:edu.cn OR site:ac.cn ""59905009""",queued,false,bibliographic/aggregator evidence only; API channels may share provenance; no PI or project fact inferred,200,0,0,200,0,0,0,0,200,200,,0,no_match_all_sources,E_negative_probe_only,,,,,not_checked,true,exact_web_and_institution_search,,2026-08-27T07:50:12+00:00,bibliographic/aggregator evidence only; API channels may share provenance; no PI or project fact inferred,/home/runner/work/PolyFT/PolyFT/downloaded-remaining/nsfc-be-probe-batch-002
E,59908004,1999,youth_c,E08,1999|youth_c|E08|59908|3,0.866667,P3,true,manual_context_review_before_probe,"""59908004""","""59908004"" ""National Natural Science Foundation of China""","award.number:59908004,award.funder:501100001809","site:edu.cn OR site:ac.cn ""59908004""",queued,false,bibliographic/aggregator evidence only; API channels may share provenance; no PI or project fact inferred,200,0,0,200,0,0,0,0,200,200,,0,no_match_all_sources,E_negative_probe_only,,,,,not_checked,true,exact_web_and_institution_search,,2026-08-27T07:50:51+00:00,bibliographic/aggregator evidence only; API channels may share provenance; no PI or project fact inferred,/home/runner/work/PolyFT/PolyFT/downloaded-remaining/nsfc-be-probe-batch-003
E,59908006,1999,youth_c,E08,1999|youth_c|E08|59908|3,0.866667,P3,true,manual_context_review_before_probe,"""59908006""","""59908006"" ""National Natural Science Foundation of China""","award.number:59908006,award.funder:501100001809","site:edu.cn OR site:ac.cn ""59908006""",queued,false,bibliographic/aggregator evidence only; API channels may share provenance; no PI or project fact inferred,200,0,0,200,0,0,0,0,200,200,,0,no_match_all_sources,E_negative_probe_only,,,,,not_checked,true,exact_web_and_institution_search,,2026-08-27T07:57:16+00:00,bibliographic/aggregator evidence only; API channels may share provenance; no PI or project fact inferred,/home/runner/work/PolyFT/PolyFT/downloaded-remaining/nsfc-be-probe-batch-004
E,59975073,1999,general,E05,1999|general|E05|59975|3,0.988764,P1,false,immediate_probe,"""59975073""","""59975073"" ""National Natural Science Foundation of China""","award.number:59975073,award.funder:501100001809","site:edu.cn OR site:ac.cn ""59975073""",queued,true,bibliographic/aggregator evidence only; API channels may share provenance; no PI or project fact inferred,200,0,0,200,0,0,0,0,200,200,,0,no_match_all_sources,E_negative_probe_only,,,,,not_checked,true,exact_web_and_institution_search,,2026-08-27T07:33:47+00:00,bibliographic/aggregator evidence only; API channels may share provenance; no PI or project fact inferred,/home/runner/work/PolyFT/PolyFT/extracted-first/nsfc-be-probe-batch-001
E,59978007,1999,general,E08,1999|general|E08|59978|3,0.800000,P3,true,manual_context_review_before_probe,"""59978007""","""59978007"" ""National Natural Science Foundation of China""","award.number:59978007,award.funder:501100001809","site:edu.cn OR site:ac.cn ""59978007""",queued,false,bibliographic/aggregator evidence only; API channels may share provenance; no PI or project fact inferred,200,0,0,200,0,0,0,0,200,200,,0,no_match_all_sources,E_negative_probe_only,,,,,not_checked,true,exact_web_and_institution_search,,2026-08-27T07:58:42+00:00,bibliographic/aggregator evidence only; API channels may share provenance; no PI or project fact inferred,/home/runner/work/PolyFT/PolyFT/downloaded-remaining/nsfc-be-probe-batch-005
E,59978011,1999,general,E08,1999|general|E08|59978|3,0.800000,P3,true,manual_context_review_before_probe,"""59978011""","""59978011"" ""National Natural Science Foundation of China""","award.number:59978011,award.funder:501100001809","site:edu.cn OR site:ac.cn ""59978011""",queued,false,bibliographic/aggregator evidence only; API channels may share provenance; no PI or project fact inferred,200,0,0,200,0,0,0,0,200,200,,0,no_match_all_sources,E_negative_probe_only,,,,,not_checked,true,exact_web_and_institution_search,,2026-08-27T07:58:42+00:00,bibliographic/aggregator evidence only; API channels may share provenance; no PI or project fact inferred,/home/runner/work/PolyFT/PolyFT/downloaded-remaining/nsfc-be-probe-batch-005
E,59978012,1999,general,E08,1999|general|E08|59978|3,0.800000,P3,true,manual_context_review_before_probe,"""59978012""","""59978012"" ""National Natural Science Foundation of China""","award.number:59978012,award.funder:501100001809","site:edu.cn OR site:ac.cn ""59978012""",queued,false,bibliographic/aggregator evidence only; API channels may share provenance; no PI or project fact inferred,200,0,0,200,0,0,0,0,200,200,,0,no_match_all_sources,E_negative_probe_only,,,,,not_checked,true,exact_web_and_institution_search,,2026-08-27T07:58:42+00:00,bibliographic/aggregator evidence only; API channels may share provenance; no PI or project fact inferred,/home/runner/work/PolyFT/PolyFT/downloaded-remaining/nsfc-be-probe-batch-005
E,59978016,1999,general,E08,1999|general|E08|59978|3,0.800000,P3,true,manual_context_review_before_probe,"""59978016""","""59978016"" ""National Natural Science Foundation of China""","award.number:59978016,award.funder:501100001809","site:edu.cn OR site:ac.cn ""59978016""",queued,false,bibliographic/aggregator evidence only; API channels may share provenance; no PI or project fact inferred,200,0,0,200,0,0,0,0,200,200,,0,no_match_all_sources,E_negative_probe_only,,,,,not_checked,true,exact_web_and_institution_search,,2026-08-27T07:58:42+00:00,bibliographic/aggregator evidence only; API channels may share provenance; no PI or project fact inferred,/home/runner/work/PolyFT/PolyFT/downloaded-remaining/nsfc-be-probe-batch-005
E,59978020,1999,general,E08,1999|general|E08|59978|3,0.800000,P3,true,manual_context_review_before_probe,"""59978020""","""59978020"" ""National Natural Science Foundation of China""","award.number:59978020,award.funder:501100001809","site:edu.cn OR site:ac.cn ""59978020""",queued,false,bibliographic/aggregator evidence only; API channels may share provenance; no PI or project fact inferred,200,1,1,,0,0,0,0,200,200,crossref,1,confirmed_bibliographic,C_bibliographic,,,,,not_checked,true,official_or_institutional_confirmation,,2026-08-27T07:58:42+00:00,bibliographic/aggregator evidence only; API channels may share provenance; no PI or project fact inferred,/home/runner/work/PolyFT/PolyFT/downloaded-remaining/nsfc-be-probe-batch-005
E,59978033,1999,general,E08,1999|general|E08|59978|3,0.800000,P3,true,manual_context_review_before_probe,"""59978033""","""59978033"" ""National Natural Science Foundation of China""","award.number:59978033,award.funder:501100001809","site:edu.cn OR site:ac.cn ""59978033""",queued,false,bibliographic/aggregator evidence only; API channels may share provenance; no PI or project fact inferred,200,0,0,200,0,0,0,0,200,200,,0,no_match_all_sources,E_negative_probe_only,,,,,not_checked,true,exact_web_and_institution_search,,2026-08-27T07:58:42+00:00,bibliographic/aggregator evidence only; API channels may share provenance; no PI or project fact inferred,/home/runner/work/PolyFT/PolyFT/downloaded-remaining/nsfc-be-probe-batch-005
E,59978040,1999,general,E08,1999|general|E08|59978|3,0.800000,P3,true,manual_context_review_before_probe,"""59978040""","""59978040"" ""National Natural Science Foundation of China""","award.number:59978040,award.funder:501100001809","site:edu.cn OR site:ac.cn ""59978040""",queued,false,bibliographic/aggregator evidence only; API channels may share provenance; no PI or project fact inferred,200,0,0,200,0,0,0,0,200,200,,0,no_match_all_sources,E_negative_probe_only,,,,,not_checked,true,exact_web_and_institution_search,,2026-08-27T07:58:42+00:00,bibliographic/aggregator evidence only; API channels may share provenance; no PI or project fact inferred,/home/runner/work/PolyFT/PolyFT/downloaded-remaining/nsfc-be-probe-batch-005
E,59978050,1999,general,E08,1999|general|E08|59978|3,0.800000,P3,true,manual_context_review_before_probe,"""59978050""","""59978050"" ""National Natural Science Foundation of China""","award.number:59978050,award.funder:501100001809","site:edu.cn OR site:ac.cn ""59978050""",queued,false,bibliographic/aggregator evidence only; API channels may share provenance; no PI or project fact inferred,200,0,0,200,0,0,0,0,200,200,,0,no_match_all_sources,E_negative_probe_only,,,,,not_checked,true,exact_web_and_institution_search,,2026-08-27T07:58:42+00:00,bibliographic/aggregator evidence only; API channels may share provenance; no PI or project fact inferred,/home/runner/work/PolyFT/PolyFT/downloaded-remaining/nsfc-be-probe-batch-005
E,59978051,1999,general,E08,1999|general|E08|59978|3,0.800000,P3,true,manual_context_review_before_probe,"""59978051""","""59978051"" ""National Natural Science Foundation of China""","award.number:59978051,award.funder:501100001809","site:edu.cn OR site:ac.cn ""59978051""",queued,false,bibliographic/aggregator evidence only; API channels may share provenance; no PI or project fact inferred,200,0,0,200,0,0,0,0,200,200,,0,no_match_all_sources,E_negative_probe_only,,,,,not_checked,true,exact_web_and_institution_search,,2026-08-27T07:58:42+00:00,bibliographic/aggregator evidence only; API channels may share provenance; no PI or project fact inferred,/home/runner/work/PolyFT/PolyFT/downloaded-remaining/nsfc-be-probe-batch-005
E,59978053,1999,general,E08,1999|general|E08|59978|3,0.800000,P3,true,manual_context_review_before_probe,"""59978053""","""59978053"" ""National Natural Science Foundation of China""","award.number:59978053,award.funder:501100001809","site:edu.cn OR site:ac.cn ""59978053""",queued,false,bibliographic/aggregator evidence only; API channels may share provenance; no PI or project fact inferred,200,0,0,200,0,0,0,0,200,200,,0,no_match_all_sources,E_negative_probe_only,,,,,not_checked,true,exact_web_and_institution_search,,2026-08-27T07:58:42+00:00,bibliographic/aggregator evidence only; API channels may share provenance; no PI or project fact inferred,/home/runner/work/PolyFT/PolyFT/downloaded-remaining/nsfc-be-probe-batch-005
E,59978054,1999,general,E08,1999|general|E08|59978|3,0.800000,P3,true,manual_context_review_before_probe,"""59978054""","""59978054"" ""National Natural Science Foundation of China""","award.number:59978054,award.funder:501100001809","site:edu.cn OR site:ac.cn ""59978054""",queued,false,bibliographic/aggregator evidence only; API channels may share provenance; no PI or project fact inferred,200,0,0,200,0,0,0,0,200,200,,0,no_match_all_sources,E_negative_probe_only,,,,,not_checked,true,exact_web_and_institution_search,,2026-08-27T07:58:42+00:00,bibliographic/aggregator evidence only; API channels may share provenance; no PI or project fact inferred,/home/runner/work/PolyFT/PolyFT/downloaded-remaining/nsfc-be-probe-batch-005
E,90501004,2005,major_research_plan,E03,2005|major_research_plan|E03|90501|3,0.800000,P3,true,manual_context_review_before_probe,"""90501004""","""90501004"" ""National Natural Science Foundation of China""","award.number:90501004,award.funder:501100001809","site:edu.cn OR site:ac.cn ""90501004""",queued,false,bibliographic/aggregator evidence only; API channels may share provenance; no PI or project fact inferred,200,0,0,200,0,0,0,0,200,200,,0,no_match_all_sources,E_negative_probe_only,,,,,not_checked,true,exact_web_and_institution_search,,2026-08-27T07:58:42+00:00,bibliographic/aggregator evidence only; API channels may share provenance; no PI or project fact inferred,/home/runner/work/PolyFT/PolyFT/downloaded-remaining/nsfc-be-probe-batch-005
E,90701002,2007,major_research_plan,E03,2007|major_research_plan|E03|90701|3,0.800000,P3,true,manual_context_review_before_probe,"""90701002""","""90701002"" ""National Natural Science Foundation of China""","award.number:90701002,award.funder:501100001809","site:edu.cn OR site:ac.cn ""90701002""",queued,false,bibliographic/aggregator evidence only; API channels may share provenance; no PI or project fact inferred,200,0,0,200,0,0,0,0,200,200,,0,no_match_all_sources,E_negative_probe_only,,,,,not_checked,true,exact_web_and_institution_search,,2026-08-27T07:58:42+00:00,bibliographic/aggregator evidence only; API channels may share provenance; no PI or project fact inferred,/home/runner/work/PolyFT/PolyFT/downloaded-remaining/nsfc-be-probe-batch-005
E,90715026,2007,major_research_plan,E08,2007|major_research_plan|E08|90715|3,0.846154,P3,true,manual_context_review_before_probe,"""90715026""","""90715026"" ""National Natural Science Foundation of China""","award.number:90715026,award.funder:501100001809","site:edu.cn OR site:ac.cn ""90715026""",queued,false,bibliographic/aggregator evidence only; API channels may share provenance; no PI or project fact inferred,200,0,0,200,0,0,0,0,200,200,,0,no_match_all_sources,E_negative_probe_only,,,,,not_checked,true,exact_web_and_institution_search,,2026-08-27T07:57:16+00:00,bibliographic/aggregator evidence only; API channels may share provenance; no PI or project fact inferred,/home/runner/work/PolyFT/PolyFT/downloaded-remaining/nsfc-be-probe-batch-004
E,90715027,2007,major_research_plan,E08,2007|major_research_plan|E08|90715|3,0.846154,P3,true,manual_context_review_before_probe,"""90715027""","""90715027"" ""National Natural Science Foundation of China""","award.number:90715027,award.funder:501100001809","site:edu.cn OR site:ac.cn ""90715027""",queued,false,bibliographic/aggregator evidence only; API channels may share provenance; no PI or project fact inferred,200,0,0,200,0,0,0,0,200,200,,0,no_match_all_sources,E_negative_probe_only,,,,,not_checked,true,exact_web_and_institution_search,,2026-08-27T07:57:16+00:00,bibliographic/aggregator evidence only; API channels may share provenance; no PI or project fact inferred,/home/runner/work/PolyFT/PolyFT/downloaded-remaining/nsfc-be-probe-batch-004
E,90715028,2007,major_research_plan,E08,2007|major_research_plan|E08|90715|3,0.846154,P3,true,manual_context_review_before_probe,"""90715028""","""90715028"" ""National Natural Science Foundation of China""","award.number:90715028,award.funder:501100001809","site:edu.cn OR site:ac.cn ""90715028""",queued,false,bibliographic/aggregator evidence only; API channels may share provenance; no PI or project fact inferred,200,0,0,200,0,0,0,0,200,200,,0,no_match_all_sources,E_negative_probe_only,,,,,not_checked,true,exact_web_and_institution_search,,2026-08-27T07:57:16+00:00,bibliographic/aggregator evidence only; API channels may share provenance; no PI or project fact inferred,/home/runner/work/PolyFT/PolyFT/downloaded-remaining/nsfc-be-probe-batch-004
E,90715029,2007,major_research_plan,E08,2007|major_research_plan|E08|90715|3,0.846154,P3,true,manual_context_review_before_probe,"""90715029""","""90715029"" ""National Natural Science Foundation of China""","award.number:90715029,award.funder:501100001809","site:edu.cn OR site:ac.cn ""90715029""",queued,false,bibliographic/aggregator evidence only; API channels may share provenance; no PI or project fact inferred,200,4,4,,0,0,0,0,200,200,crossref,4,confirmed_bibliographic,C_bibliographic,,,,,not_checked,true,official_or_institutional_confirmation,,2026-08-27T07:57:16+00:00,bibliographic/aggregator evidence only; API channels may share provenance; no PI or project fact inferred,/home/runner/work/PolyFT/PolyFT/downloaded-remaining/nsfc-be-probe-batch-004
E,90715030,2007,major_research_plan,E08,2007|major_research_plan|E08|90715|3,0.846154,P3,true,manual_context_review_before_probe,"""90715030""","""90715030"" ""National Natural Science Foundation of China""","award.number:90715030,award.funder:501100001809","site:edu.cn OR site:ac.cn ""90715030""",queued,false,bibliographic/aggregator evidence only; API channels may share provenance; no PI or project fact inferred,200,0,0,200,0,0,0,0,200,200,,0,no_match_all_sources,E_negative_probe_only,,,,,not_checked,true,exact_web_and_institution_search,,2026-08-27T07:57:16+00:00,bibliographic/aggregator evidence only; API channels may share provenance; no PI or project fact inferred,/home/runner/work/PolyFT/PolyFT/downloaded-remaining/nsfc-be-probe-batch-004
E,90715031,2007,major_research_plan,E08,2007|major_research_plan|E08|90715|3,0.846154,P3,true,manual_context_review_before_probe,"""90715031""","""90715031"" ""National Natural Science Foundation of China""","award.number:90715031,award.funder:501100001809","site:edu.cn OR site:ac.cn ""90715031""",queued,false,bibliographic/aggregator evidence only; API channels may share provenance; no PI or project fact inferred,200,1,1,,0,0,0,0,200,200,crossref,1,confirmed_bibliographic,C_bibliographic,,,,,not_checked,true,official_or_institutional_confirmation,,2026-08-27T07:57:16+00:00,bibliographic/aggregator evidence only; API channels may share provenance; no PI or project fact inferred,/home/runner/work/PolyFT/PolyFT/downloaded-remaining/nsfc-be-probe-batch-004
E,90815001,2008,major_research_plan,E08,2008|major_research_plan|E08|90815|3,0.870968,P3,true,manual_context_review_before_probe,"""90815001""","""90815001"" ""National Natural Science Foundation of China""","award.number:90815001,award.funder:501100001809","site:edu.cn OR site:ac.cn ""90815001""",queued,false,bibliographic/aggregator evidence only; API channels may share provenance; no PI or project fact inferred,200,1,1,,0,0,0,0,200,200,crossref,1,confirmed_bibliographic,C_bibliographic,,,,,not_checked,true,official_or_institutional_confirmation,,2026-08-27T07:50:51+00:00,bibliographic/aggregator evidence only; API channels may share provenance; no PI or project fact inferred,/home/runner/work/PolyFT/PolyFT/downloaded-remaining/nsfc-be-probe-batch-003
E,90815018,2008,major_research_plan,E08,2008|major_research_plan|E08|90815|3,0.870968,P3,true,manual_context_review_before_probe,"""90815018""","""90815018"" ""National Natural Science Foundation of China""","award.number:90815018,award.funder:501100001809","site:edu.cn OR site:ac.cn ""90815018""",queued,false,bibliographic/aggregator evidence only; API channels may share provenance; no PI or project fact inferred,200,0,0,200,0,0,0,0,200,200,,0,no_match_all_sources,E_negative_probe_only,,,,,not_checked,true,exact_web_and_institution_search,,2026-08-27T07:50:51+00:00,bibliographic/aggregator evidence only; API channels may share provenance; no PI or project fact inferred,/home/runner/work/PolyFT/PolyFT/downloaded-remaining/nsfc-be-probe-batch-003
E,90815019,2008,major_research_plan,E08,2008|major_research_plan|E08|90815|3,0.870968,P3,true,manual_context_review_before_probe,"""90815019""","""90815019"" ""National Natural Science Foundation of China""","award.number:90815019,award.funder:501100001809","site:edu.cn OR site:ac.cn ""90815019""",queued,false,bibliographic/aggregator evidence only; API channels may share provenance; no PI or project fact inferred,200,0,0,200,0,0,0,0,200,200,,0,no_match_all_sources,E_negative_probe_only,,,,,not_checked,true,exact_web_and_institution_search,,2026-08-27T07:50:51+00:00,bibliographic/aggregator evidence only; API channels may share provenance; no PI or project fact inferred,/home/runner/work/PolyFT/PolyFT/downloaded-remaining/nsfc-be-probe-batch-003
E,90815020,2008,major_research_plan,E08,2008|major_research_plan|E08|90815|3,0.870968,P3,true,manual_context_review_before_probe,"""90815020""","""90815020"" ""National Natural Science Foundation of China""","award.number:90815020,award.funder:501100001809","site:edu.cn OR site:ac.cn ""90815020""",queued,false,bibliographic/aggregator evidence only; API channels may share provenance; no PI or project fact inferred,200,0,0,200,0,0,0,0,200,200,,0,no_match_all_sources,E_negative_probe_only,,,,,not_checked,true,exact_web_and_institution_search,,2026-08-27T07:50:51+00:00,bibliographic/aggregator evidence only; API channels may share provenance; no PI or project fact inferred,/home/runner/work/PolyFT/PolyFT/downloaded-remaining/nsfc-be-probe-batch-003
E,90915009,2009,major_research_plan,E08,2009|major_research_plan|E08|90915|3,0.846154,P3,true,manual_context_review_before_probe,"""90915009""","""90915009"" ""National Natural Science Foundation of China""","award.number:90915009,award.funder:501100001809","site:edu.cn OR site:ac.cn ""90915009""",queued,false,bibliographic/aggregator evidence only; API channels may share provenance; no PI or project fact inferred,200,0,0,200,0,0,0,0,200,200,,0,no_match_all_sources,E_negative_probe_only,,,,,not_checked,true,exact_web_and_institution_search,,2026-08-27T07:57:16+00:00,bibliographic/aggregator evidence only; API channels may share provenance; no PI or project fact inferred,/home/runner/work/PolyFT/PolyFT/downloaded-remaining/nsfc-be-probe-batch-004
E,90915010,2009,major_research_plan,E08,2009|major_research_plan|E08|90915|3,0.846154,P3,true,manual_context_review_before_probe,"""90915010""","""90915010"" ""National Natural Science Foundation of China""","award.number:90915010,award.funder:501100001809","site:edu.cn OR site:ac.cn ""90915010""",queued,false,bibliographic/aggregator evidence only; API channels may share provenance; no PI or project fact inferred,200,0,0,200,0,0,0,0,200,200,,0,no_match_all_sources,E_negative_probe_only,,,,,not_checked,true,exact_web_and_institution_search,,2026-08-27T07:57:16+00:00,bibliographic/aggregator evidence only; API channels may share provenance; no PI or project fact inferred,/home/runner/work/PolyFT/PolyFT/downloaded-remaining/nsfc-be-probe-batch-004
B,91022021,2010,major_research_plan,B05,2010|major_research_plan|B05|91022|3,0.800000,P3,true,manual_context_review_before_probe,"""91022021""","""91022021"" ""National Natural Science Foundation of China""","award.number:91022021,award.funder:501100001809","site:edu.cn OR site:ac.cn ""91022021""",queued,false,bibliographic/aggregator evidence only; API channels may share provenance; no PI or project fact inferred,200,1,1,,0,0,0,0,200,200,crossref,1,confirmed_bibliographic,C_bibliographic,,,,,not_checked,true,official_or_institutional_confirmation,,2026-08-27T07:58:42+00:00,bibliographic/aggregator evidence only; API channels may share provenance; no PI or project fact inferred,/home/runner/work/PolyFT/PolyFT/downloaded-remaining/nsfc-be-probe-batch-005
E,91023039,2010,major_research_plan,E05,2010|major_research_plan|E05|91023|3,0.909091,P3,true,manual_context_review_before_probe,"""91023039""","""91023039"" ""National Natural Science Foundation of China""","award.number:91023039,award.funder:501100001809","site:edu.cn OR site:ac.cn ""91023039""",queued,false,bibliographic/aggregator evidence only; API channels may share provenance; no PI or project fact inferred,200,5,5,,0,0,0,0,200,200,crossref,5,confirmed_bibliographic,C_bibliographic,,,,,not_checked,true,official_or_institutional_confirmation,,2026-08-27T07:50:51+00:00,bibliographic/aggregator evidence only; API channels may share provenance; no PI or project fact inferred,/home/runner/work/PolyFT/PolyFT/downloaded-remaining/nsfc-be-probe-batch-003
E,91023040,2010,major_research_plan,E05,2010|major_research_plan|E05|91023|3,0.909091,P3,true,manual_context_review_before_probe,"""91023040""","""91023040"" ""National Natural Science Foundation of China""","award.number:91023040,award.funder:501100001809","site:edu.cn OR site:ac.cn ""91023040""",queued,false,bibliographic/aggregator evidence only; API channels may share provenance; no PI or project fact inferred,200,4,5,,0,0,0,0,200,200,crossref,4,confirmed_bibliographic,C_bibliographic,,,,,not_checked,true,official_or_institutional_confirmation,,2026-08-27T07:50:51+00:00,bibliographic/aggregator evidence only; API channels may share provenance; no PI or project fact inferred,/home/runner/work/PolyFT/PolyFT/downloaded-remaining/nsfc-be-probe-batch-003
E,91023041,2010,major_research_plan,E05,2010|major_research_plan|E05|91023|3,0.909091,P3,true,manual_context_review_before_probe,"""91023041""","""91023041"" ""National Natural Science Foundation of China""","award.number:91023041,award.funder:501100001809","site:edu.cn OR site:ac.cn ""91023041""",queued,false,bibliographic/aggregator evidence only; API channels may share provenance; no PI or project fact inferred,200,16,16,,0,0,0,0,200,200,crossref,16,confirmed_bibliographic,C_bibliographic,,,,,not_checked,true,official_or_institutional_confirmation,,2026-08-27T07:50:51+00:00,bibliographic/aggregator evidence only; API channels may share provenance; no PI or project fact inferred,/home/runner/work/PolyFT/PolyFT/downloaded-remaining/nsfc-be-probe-batch-003
E,E0724504,2007,special,E05,2007|special|E05|E0724|3,0.833333,P3,true,manual_context_review_before_probe,"""E0724504""","""E0724504"" ""National Natural Science Foundation of China""","award.number:E0724504,award.funder:501100001809","site:edu.cn OR site:ac.cn ""E0724504""",queued,false,bibliographic/aggregator evidence only; API channels may share provenance; no PI or project fact inferred,200,0,0,200,0,0,0,0,200,200,,0,no_match_all_sources,E_negative_probe_only,,,,,not_checked,true,exact_web_and_institution_search,,2026-08-27T07:57:16+00:00,bibliographic/aggregator evidence only; API channels may share provenance; no PI or project fact inferred,/home/runner/work/PolyFT/PolyFT/downloaded-remaining/nsfc-be-probe-batch-004
E,U1706225,2017,joint_fund,E11,2017|joint_fund|E11|U1706|3,0.857143,P3,true,manual_context_review_before_probe,"""U1706225""","""U1706225"" ""National Natural Science Foundation of China""","award.number:U1706225,award.funder:501100001809","site:edu.cn OR site:ac.cn ""U1706225""",queued,false,bibliographic/aggregator evidence only; API channels may share provenance; no PI or project fact inferred,200,33,30,,0,0,0,0,200,200,crossref,30,confirmed_bibliographic,C_bibliographic,,,,,not_checked,true,official_or_institutional_confirmation,,2026-08-27T07:57:16+00:00,bibliographic/aggregator evidence only; API channels may share provenance; no PI or project fact inferred,/home/runner/work/PolyFT/PolyFT/downloaded-remaining/nsfc-be-probe-batch-004
E,U1713205,2017,joint_fund,E05,2017|joint_fund|E05|U1713|3,0.857143,P3,true,manual_context_review_before_probe,"""U1713205""","""U1713205"" ""National Natural Science Foundation of China""","award.number:U1713205,award.funder:501100001809","site:edu.cn OR site:ac.cn ""U1713205""",queued,false,bibliographic/aggregator evidence only; API channels may share provenance; no PI or project fact inferred,200,14,14,,0,0,0,0,200,200,crossref,13,confirmed_bibliographic,C_bibliographic,,,,,not_checked,true,official_or_institutional_confirmation,,2026-08-27T07:57:16+00:00,bibliographic/aggregator evidence only; API channels may share provenance; no PI or project fact inferred,/home/runner/work/PolyFT/PolyFT/downloaded-remaining/nsfc-be-probe-batch-004
E,U1810110,2018,joint_fund,E01,2018|joint_fund|E01|U1810|3,0.800000,P3,true,manual_context_review_before_probe,"""U1810110""","""U1810110"" ""National Natural Science Foundation of China""","award.number:U1810110,award.funder:501100001809","site:edu.cn OR site:ac.cn ""U1810110""",queued,false,bibliographic/aggregator evidence only; API channels may share provenance; no PI or project fact inferred,200,46,46,,0,0,0,0,200,200,crossref,46,confirmed_bibliographic,C_bibliographic,,,,,not_checked,true,official_or_institutional_confirmation,,2026-08-27T07:58:42+00:00,bibliographic/aggregator evidence only; API channels may share provenance; no PI or project fact inferred,/home/runner/work/PolyFT/PolyFT/downloaded-remaining/nsfc-be-probe-batch-005
E,U1909219,2019,joint_fund,E05,2019|joint_fund|E05|U1909|3,0.857143,P3,true,manual_context_review_before_probe,"""U1909219""","""U1909219"" ""National Natural Science Foundation of China""","award.number:U1909219,award.funder:501100001809","site:edu.cn OR site:ac.cn ""U1909219""",queued,false,bibliographic/aggregator evidence only; API channels may share provenance; no PI or project fact inferred,200,39,38,,0,0,0,0,200,200,crossref,34,confirmed_bibliographic,C_bibliographic,,,,,not_checked,true,official_or_institutional_confirmation,,2026-08-27T07:57:16+00:00,bibliographic/aggregator evidence only; API channels may share provenance; no PI or project fact inferred,/home/runner/work/PolyFT/PolyFT/downloaded-remaining/nsfc-be-probe-batch-004
