candidate_approval_number,discipline_root,approval_year,project_type_contexts,discipline_scope_contexts,priority,context_risk,max_segment_density,existence_status,evidence_level,crossref_strict_http_status,crossref_fallback_http_status,openalex_award_http_statuses,openalex_work_http_statuses,exact_web_query,funding_web_query,institution_site_query,next_action,source_errors,warning
50902047,E,2009,youth_c,E02,P1,false,0.993377,award_number_only,D_award_only,200,200,200,200,"""50902047""","""50902047"" ""National Natural Science Foundation of China""","site:edu.cn OR site:ac.cn ""50902047""",exact_web_and_institution_search,,bibliographic/aggregator evidence only; API channels may share provenance; no PI or project fact inferred
51406162,E,2014,youth_c,E06,P1,false,0.991701,award_number_only,D_award_only,200,200,200,200,"""51406162""","""51406162"" ""National Natural Science Foundation of China""","site:edu.cn OR site:ac.cn ""51406162""",exact_web_and_institution_search,,bibliographic/aggregator evidence only; API channels may share provenance; no PI or project fact inferred
51905129,E,2019,youth_c,E05,P1,false,0.998208,no_match_all_sources,E_negative_probe_only,200,200,200,200,"""51905129""","""51905129"" ""National Natural Science Foundation of China""","site:edu.cn OR site:ac.cn ""51905129""",exact_web_and_institution_search,,bibliographic/aggregator evidence only; API channels may share provenance; no PI or project fact inferred
51805101,E,2018,youth_c,E05,P1,false,0.998205,no_match_all_sources,E_negative_probe_only,200,200,200,200,"""51805101""","""51805101"" ""National Natural Science Foundation of China""","site:edu.cn OR site:ac.cn ""51805101""",exact_web_and_institution_search,,bibliographic/aggregator evidence only; API channels may share provenance; no PI or project fact inferred
51075251,E,2010,general,E05,P1,false,0.997625,no_match_all_sources,E_negative_probe_only,200,200,200,200,"""51075251""","""51075251"" ""National Natural Science Foundation of China""","site:edu.cn OR site:ac.cn ""51075251""",exact_web_and_institution_search,,bibliographic/aggregator evidence only; API channels may share provenance; no PI or project fact inferred
51704165,E,2017,youth_c,E04,P1,false,0.997050,no_match_all_sources,E_negative_probe_only,200,200,200,200,"""51704165""","""51704165"" ""National Natural Science Foundation of China""","site:edu.cn OR site:ac.cn ""51704165""",exact_web_and_institution_search,,bibliographic/aggregator evidence only; API channels may share provenance; no PI or project fact inferred
51604146,E,2016,youth_c,E04,P1,false,0.996785,no_match_all_sources,E_negative_probe_only,200,200,200,200,"""51604146""","""51604146"" ""National Natural Science Foundation of China""","site:edu.cn OR site:ac.cn ""51604146""",exact_web_and_institution_search,,bibliographic/aggregator evidence only; API channels may share provenance; no PI or project fact inferred
51404224,E,2014,youth_c,E04,P1,false,0.996764,no_match_all_sources,E_negative_probe_only,200,200,200,200,"""51404224""","""51404224"" ""National Natural Science Foundation of China""","site:edu.cn OR site:ac.cn ""51404224""",exact_web_and_institution_search,,bibliographic/aggregator evidence only; API channels may share provenance; no PI or project fact inferred
51172056,E,2011,general,E02,P1,false,0.996587,no_match_all_sources,E_negative_probe_only,200,200,200,200,"""51172056""","""51172056"" ""National Natural Science Foundation of China""","site:edu.cn OR site:ac.cn ""51172056""",exact_web_and_institution_search,,bibliographic/aggregator evidence only; API channels may share provenance; no PI or project fact inferred
51705367,E,2017,youth_c,E05,P1,false,0.996337,no_match_all_sources,E_negative_probe_only,200,200,200,200,"""51705367""","""51705367"" ""National Natural Science Foundation of China""","site:edu.cn OR site:ac.cn ""51705367""",exact_web_and_institution_search,,bibliographic/aggregator evidence only; API channels may share provenance; no PI or project fact inferred
51005126,E,2010,youth_c,E05,P1,false,0.996212,no_match_all_sources,E_negative_probe_only,200,200,200,200,"""51005126""","""51005126"" ""National Natural Science Foundation of China""","site:edu.cn OR site:ac.cn ""51005126""",exact_web_and_institution_search,,bibliographic/aggregator evidence only; API channels may share provenance; no PI or project fact inferred
51405295,E,2014,youth_c,E05,P1,false,0.996183,no_match_all_sources,E_negative_probe_only,200,200,200,200,"""51405295""","""51405295"" ""National Natural Science Foundation of China""","site:edu.cn OR site:ac.cn ""51405295""",exact_web_and_institution_search,,bibliographic/aggregator evidence only; API channels may share provenance; no PI or project fact inferred
52005324,E,2020,youth_c,E05,P1,false,0.996176,no_match_all_sources,E_negative_probe_only,200,200,200,200,"""52005324""","""52005324"" ""National Natural Science Foundation of China""","site:edu.cn OR site:ac.cn ""52005324""",exact_web_and_institution_search,,bibliographic/aggregator evidence only; API channels may share provenance; no PI or project fact inferred
21908213,B,2019,youth_c,B08,P1,false,0.996109,no_match_all_sources,E_negative_probe_only,200,200,200,200,"""21908213""","""21908213"" ""National Natural Science Foundation of China""","site:edu.cn OR site:ac.cn ""21908213""",exact_web_and_institution_search,,bibliographic/aggregator evidence only; API channels may share provenance; no PI or project fact inferred
51901142,E,2019,youth_c,E01,P1,false,0.996063,no_match_all_sources,E_negative_probe_only,200,200,200,200,"""51901142""","""51901142"" ""National Natural Science Foundation of China""","site:edu.cn OR site:ac.cn ""51901142""",exact_web_and_institution_search,,bibliographic/aggregator evidence only; API channels may share provenance; no PI or project fact inferred
51605246,E,2016,youth_c,E05,P1,false,0.995992,no_match_all_sources,E_negative_probe_only,200,200,200,200,"""51605246""","""51605246"" ""National Natural Science Foundation of China""","site:edu.cn OR site:ac.cn ""51605246""",exact_web_and_institution_search,,bibliographic/aggregator evidence only; API channels may share provenance; no PI or project fact inferred
51475123,E,2014,general,E05,P1,false,0.995876,no_match_all_sources,E_negative_probe_only,200,200,200,200,"""51475123""","""51475123"" ""National Natural Science Foundation of China""","site:edu.cn OR site:ac.cn ""51475123""",exact_web_and_institution_search,,bibliographic/aggregator evidence only; API channels may share provenance; no PI or project fact inferred
51475283,E,2014,general,E05,P1,false,0.995876,no_match_all_sources,E_negative_probe_only,200,200,200,200,"""51475283""","""51475283"" ""National Natural Science Foundation of China""","site:edu.cn OR site:ac.cn ""51475283""",exact_web_and_institution_search,,bibliographic/aggregator evidence only; API channels may share provenance; no PI or project fact inferred
51801223,E,2018,youth_c,E01,P1,false,0.995798,no_match_all_sources,E_negative_probe_only,200,200,200,200,"""51801223""","""51801223"" ""National Natural Science Foundation of China""","site:edu.cn OR site:ac.cn ""51801223""",exact_web_and_institution_search,,bibliographic/aggregator evidence only; API channels may share provenance; no PI or project fact inferred
51306192,E,2013,youth_c,E06,P1,false,0.995370,no_match_all_sources,E_negative_probe_only,200,200,200,200,"""51306192""","""51306192"" ""National Natural Science Foundation of China""","site:edu.cn OR site:ac.cn ""51306192""",exact_web_and_institution_search,,bibliographic/aggregator evidence only; API channels may share provenance; no PI or project fact inferred
21976137,B,2019,general,B06,P1,false,0.995370,no_match_all_sources,E_negative_probe_only,200,200,200,200,"""21976137""","""21976137"" ""National Natural Science Foundation of China""","site:edu.cn OR site:ac.cn ""21976137""",exact_web_and_institution_search,,bibliographic/aggregator evidence only; API channels may share provenance; no PI or project fact inferred
52104154,E,2021,youth_c,E04,P1,false,0.995074,no_match_all_sources,E_negative_probe_only,200,200,200,200,"""52104154""","""52104154"" ""National Natural Science Foundation of China""","site:edu.cn OR site:ac.cn ""52104154""",exact_web_and_institution_search,,bibliographic/aggregator evidence only; API channels may share provenance; no PI or project fact inferred
52104367,E,2021,youth_c,E04,P1,false,0.995074,no_match_all_sources,E_negative_probe_only,200,200,200,200,"""52104367""","""52104367"" ""National Natural Science Foundation of China""","site:edu.cn OR site:ac.cn ""52104367""",exact_web_and_institution_search,,bibliographic/aggregator evidence only; API channels may share provenance; no PI or project fact inferred
50905106,E,2009,youth_c,E05,P1,false,0.994819,no_match_all_sources,E_negative_probe_only,200,200,200,200,"""50905106""","""50905106"" ""National Natural Science Foundation of China""","site:edu.cn OR site:ac.cn ""50905106""",exact_web_and_institution_search,,bibliographic/aggregator evidence only; API channels may share provenance; no PI or project fact inferred
51476024,E,2014,general,E06,P1,false,0.994737,no_match_all_sources,E_negative_probe_only,200,200,200,200,"""51476024""","""51476024"" ""National Natural Science Foundation of China""","site:edu.cn OR site:ac.cn ""51476024""",exact_web_and_institution_search,,bibliographic/aggregator evidence only; API channels may share provenance; no PI or project fact inferred
51702049,E,2017,youth_c,E02,P1,false,0.994737,no_match_all_sources,E_negative_probe_only,200,200,200,200,"""51702049""","""51702049"" ""National Natural Science Foundation of China""","site:edu.cn OR site:ac.cn ""51702049""",exact_web_and_institution_search,,bibliographic/aggregator evidence only; API channels may share provenance; no PI or project fact inferred
51103029,E,2011,youth_c,E03,P1,false,0.994565,no_match_all_sources,E_negative_probe_only,200,200,200,200,"""51103029""","""51103029"" ""National Natural Science Foundation of China""","site:edu.cn OR site:ac.cn ""51103029""",exact_web_and_institution_search,,bibliographic/aggregator evidence only; API channels may share provenance; no PI or project fact inferred
51071077,E,2010,general,E01,P1,false,0.994536,no_match_all_sources,E_negative_probe_only,200,200,200,200,"""51071077""","""51071077"" ""National Natural Science Foundation of China""","site:edu.cn OR site:ac.cn ""51071077""",exact_web_and_institution_search,,bibliographic/aggregator evidence only; API channels may share provenance; no PI or project fact inferred
51207155,E,2012,youth_c,E07,P1,false,0.994286,no_match_all_sources,E_negative_probe_only,200,200,200,200,"""51207155""","""51207155"" ""National Natural Science Foundation of China""","site:edu.cn OR site:ac.cn ""51207155""",exact_web_and_institution_search,,bibliographic/aggregator evidence only; API channels may share provenance; no PI or project fact inferred
50375094,E,2003,general,E05,P1,false,0.993939,no_match_all_sources,E_negative_probe_only,200,200,200,200,"""50375094""","""50375094"" ""National Natural Science Foundation of China""","site:edu.cn OR site:ac.cn ""50375094""",exact_web_and_institution_search,,bibliographic/aggregator evidence only; API channels may share provenance; no PI or project fact inferred
51572142,E,2015,general,E02,P1,false,0.993399,no_match_all_sources,E_negative_probe_only,200,200,200,200,"""51572142""","""51572142"" ""National Natural Science Foundation of China""","site:edu.cn OR site:ac.cn ""51572142""",exact_web_and_institution_search,,bibliographic/aggregator evidence only; API channels may share provenance; no PI or project fact inferred
51572297,E,2015,general,E02,P1,false,0.993399,no_match_all_sources,E_negative_probe_only,200,200,200,200,"""51572297""","""51572297"" ""National Natural Science Foundation of China""","site:edu.cn OR site:ac.cn ""51572297""",exact_web_and_institution_search,,bibliographic/aggregator evidence only; API channels may share provenance; no PI or project fact inferred
50971006,E,2009,general,E01,P1,false,0.992647,no_match_all_sources,E_negative_probe_only,200,200,200,200,"""50971006""","""50971006"" ""National Natural Science Foundation of China""","site:edu.cn OR site:ac.cn ""50971006""",exact_web_and_institution_search,,bibliographic/aggregator evidence only; API channels may share provenance; no PI or project fact inferred
51274134,E,2012,general,E04,P1,false,0.992593,no_match_all_sources,E_negative_probe_only,200,200,200,200,"""51274134""","""51274134"" ""National Natural Science Foundation of China""","site:edu.cn OR site:ac.cn ""51274134""",exact_web_and_institution_search,,bibliographic/aggregator evidence only; API channels may share provenance; no PI or project fact inferred
51274190,E,2012,general,E04,P1,false,0.992593,no_match_all_sources,E_negative_probe_only,200,200,200,200,"""51274190""","""51274190"" ""National Natural Science Foundation of China""","site:edu.cn OR site:ac.cn ""51274190""",exact_web_and_institution_search,,bibliographic/aggregator evidence only; API channels may share provenance; no PI or project fact inferred
51105077,E,2011,youth_c,E05,P1,false,0.992462,no_match_all_sources,E_negative_probe_only,200,200,200,200,"""51105077""","""51105077"" ""National Natural Science Foundation of China""","site:edu.cn OR site:ac.cn ""51105077""",exact_web_and_institution_search,,bibliographic/aggregator evidence only; API channels may share provenance; no PI or project fact inferred
51105098,E,2011,youth_c,E05,P1,false,0.992462,no_match_all_sources,E_negative_probe_only,200,200,200,200,"""51105098""","""51105098"" ""National Natural Science Foundation of China""","site:edu.cn OR site:ac.cn ""51105098""",exact_web_and_institution_search,,bibliographic/aggregator evidence only; API channels may share provenance; no PI or project fact inferred
51105357,E,2011,youth_c,E05,P1,false,0.992462,no_match_all_sources,E_negative_probe_only,200,200,200,200,"""51105357""","""51105357"" ""National Natural Science Foundation of China""","site:edu.cn OR site:ac.cn ""51105357""",exact_web_and_institution_search,,bibliographic/aggregator evidence only; API channels may share provenance; no PI or project fact inferred
51701197,E,2017,youth_c,E01,P1,false,0.991803,no_match_all_sources,E_negative_probe_only,200,200,200,200,"""51701197""","""51701197"" ""National Natural Science Foundation of China""","site:edu.cn OR site:ac.cn ""51701197""",exact_web_and_institution_search,,bibliographic/aggregator evidence only; API channels may share provenance; no PI or project fact inferred
50876024,E,2008,general,E06,P1,false,0.991667,no_match_all_sources,E_negative_probe_only,200,200,200,200,"""50876024""","""50876024"" ""National Natural Science Foundation of China""","site:edu.cn OR site:ac.cn ""50876024""",exact_web_and_institution_search,,bibliographic/aggregator evidence only; API channels may share provenance; no PI or project fact inferred
50675013,E,2006,general,E05,P1,false,0.991525,no_match_all_sources,E_negative_probe_only,200,200,200,200,"""50675013""","""50675013"" ""National Natural Science Foundation of China""","site:edu.cn OR site:ac.cn ""50675013""",exact_web_and_institution_search,,bibliographic/aggregator evidence only; API channels may share provenance; no PI or project fact inferred
50675021,E,2006,general,E05,P1,false,0.991525,no_match_all_sources,E_negative_probe_only,200,200,200,200,"""50675021""","""50675021"" ""National Natural Science Foundation of China""","site:edu.cn OR site:ac.cn ""50675021""",exact_web_and_institution_search,,bibliographic/aggregator evidence only; API channels may share provenance; no PI or project fact inferred
50575112,E,2005,general,E05,P1,false,0.991489,no_match_all_sources,E_negative_probe_only,200,200,200,200,"""50575112""","""50575112"" ""National Natural Science Foundation of China""","site:edu.cn OR site:ac.cn ""50575112""",exact_web_and_institution_search,,bibliographic/aggregator evidence only; API channels may share provenance; no PI or project fact inferred
50575146,E,2005,general,E05,P1,false,0.991489,no_match_all_sources,E_negative_probe_only,200,200,200,200,"""50575146""","""50575146"" ""National Natural Science Foundation of China""","site:edu.cn OR site:ac.cn ""50575146""",exact_web_and_institution_search,,bibliographic/aggregator evidence only; API channels may share provenance; no PI or project fact inferred
50775046,E,2007,general,E05,P1,false,0.991304,no_match_all_sources,E_negative_probe_only,200,200,200,200,"""50775046""","""50775046"" ""National Natural Science Foundation of China""","site:edu.cn OR site:ac.cn ""50775046""",exact_web_and_institution_search,,bibliographic/aggregator evidence only; API channels may share provenance; no PI or project fact inferred
50775103,E,2007,general,E05,P1,false,0.991304,no_match_all_sources,E_negative_probe_only,200,200,200,200,"""50775103""","""50775103"" ""National Natural Science Foundation of China""","site:edu.cn OR site:ac.cn ""50775103""",exact_web_and_institution_search,,bibliographic/aggregator evidence only; API channels may share provenance; no PI or project fact inferred
21973019,B,2019,general,B03,P1,false,0.991150,no_match_all_sources,E_negative_probe_only,200,200,200,200,"""21973019""","""21973019"" ""National Natural Science Foundation of China""","site:edu.cn OR site:ac.cn ""21973019""",exact_web_and_institution_search,,bibliographic/aggregator evidence only; API channels may share provenance; no PI or project fact inferred
51302176,E,2013,youth_c,E02,P1,false,0.990909,no_match_all_sources,E_negative_probe_only,200,200,200,200,"""51302176""","""51302176"" ""National Natural Science Foundation of China""","site:edu.cn OR site:ac.cn ""51302176""",exact_web_and_institution_search,,bibliographic/aggregator evidence only; API channels may share provenance; no PI or project fact inferred
51302240,E,2013,youth_c,E02,P1,false,0.990909,no_match_all_sources,E_negative_probe_only,200,200,200,200,"""51302240""","""51302240"" ""National Natural Science Foundation of China""","site:edu.cn OR site:ac.cn ""51302240""",exact_web_and_institution_search,,bibliographic/aggregator evidence only; API channels may share provenance; no PI or project fact inferred
51303042,E,2013,youth_c,E03,P1,false,0.990826,no_match_all_sources,E_negative_probe_only,200,200,200,200,"""51303042""","""51303042"" ""National Natural Science Foundation of China""","site:edu.cn OR site:ac.cn ""51303042""",exact_web_and_institution_search,,bibliographic/aggregator evidence only; API channels may share provenance; no PI or project fact inferred
22007002,B,2020,youth_c,B07,P1,false,0.990654,no_match_all_sources,E_negative_probe_only,200,200,200,200,"""22007002""","""22007002"" ""National Natural Science Foundation of China""","site:edu.cn OR site:ac.cn ""22007002""",exact_web_and_institution_search,,bibliographic/aggregator evidence only; API channels may share provenance; no PI or project fact inferred
52008257,E,2020,youth_c,E08,P1,false,0.990338,no_match_all_sources,E_negative_probe_only,200,200,200,200,"""52008257""","""52008257"" ""National Natural Science Foundation of China""","site:edu.cn OR site:ac.cn ""52008257""",exact_web_and_institution_search,,bibliographic/aggregator evidence only; API channels may share provenance; no PI or project fact inferred
52008370,E,2020,youth_c,E08,P1,false,0.990338,no_match_all_sources,E_negative_probe_only,200,200,200,200,"""52008370""","""52008370"" ""National Natural Science Foundation of China""","site:edu.cn OR site:ac.cn ""52008370""",exact_web_and_institution_search,,bibliographic/aggregator evidence only; API channels may share provenance; no PI or project fact inferred
50776049,E,2007,general,E06,P1,false,0.990291,no_match_all_sources,E_negative_probe_only,200,200,200,200,"""50776049""","""50776049"" ""National Natural Science Foundation of China""","site:edu.cn OR site:ac.cn ""50776049""",exact_web_and_institution_search,,bibliographic/aggregator evidence only; API channels may share provenance; no PI or project fact inferred
50573017,E,2005,general,E03,P1,false,0.989474,no_match_all_sources,E_negative_probe_only,200,200,200,200,"""50573017""","""50573017"" ""National Natural Science Foundation of China""","site:edu.cn OR site:ac.cn ""50573017""",exact_web_and_institution_search,,bibliographic/aggregator evidence only; API channels may share provenance; no PI or project fact inferred
50977051,E,2009,general,E07,P1,false,0.989474,no_match_all_sources,E_negative_probe_only,200,200,200,200,"""50977051""","""50977051"" ""National Natural Science Foundation of China""","site:edu.cn OR site:ac.cn ""50977051""",exact_web_and_institution_search,,bibliographic/aggregator evidence only; API channels may share provenance; no PI or project fact inferred
51106004,E,2011,youth_c,E06,P1,false,0.989474,no_match_all_sources,E_negative_probe_only,200,200,200,200,"""51106004""","""51106004"" ""National Natural Science Foundation of China""","site:edu.cn OR site:ac.cn ""51106004""",exact_web_and_institution_search,,bibliographic/aggregator evidence only; API channels may share provenance; no PI or project fact inferred
51106081,E,2011,youth_c,E06,P1,false,0.989474,no_match_all_sources,E_negative_probe_only,200,200,200,200,"""51106081""","""51106081"" ""National Natural Science Foundation of China""","site:edu.cn OR site:ac.cn ""51106081""",exact_web_and_institution_search,,bibliographic/aggregator evidence only; API channels may share provenance; no PI or project fact inferred
59975073,E,1999,general,E05,P1,false,0.988764,no_match_all_sources,E_negative_probe_only,200,200,200,200,"""59975073""","""59975073"" ""National Natural Science Foundation of China""","site:edu.cn OR site:ac.cn ""59975073""",exact_web_and_institution_search,,bibliographic/aggregator evidence only; API channels may share provenance; no PI or project fact inferred
52105358,E,2021,youth_c,E05,P1,false,0.988255,no_match_all_sources,E_negative_probe_only,200,200,200,200,"""52105358""","""52105358"" ""National Natural Science Foundation of China""","site:edu.cn OR site:ac.cn ""52105358""",exact_web_and_institution_search,,bibliographic/aggregator evidence only; API channels may share provenance; no PI or project fact inferred
52105380,E,2021,youth_c,E05,P1,false,0.988255,no_match_all_sources,E_negative_probe_only,200,200,200,200,"""52105380""","""52105380"" ""National Natural Science Foundation of China""","site:edu.cn OR site:ac.cn ""52105380""",exact_web_and_institution_search,,bibliographic/aggregator evidence only; API channels may share provenance; no PI or project fact inferred
51501135,E,2015,youth_c,E01,P1,false,0.987013,no_match_all_sources,E_negative_probe_only,200,200,200,200,"""51501135""","""51501135"" ""National Natural Science Foundation of China""","site:edu.cn OR site:ac.cn ""51501135""",exact_web_and_institution_search,,bibliographic/aggregator evidence only; API channels may share provenance; no PI or project fact inferred
51501187,E,2015,youth_c,E01,P1,false,0.987013,no_match_all_sources,E_negative_probe_only,200,200,200,200,"""51501187""","""51501187"" ""National Natural Science Foundation of China""","site:edu.cn OR site:ac.cn ""51501187""",exact_web_and_institution_search,,bibliographic/aggregator evidence only; API channels may share provenance; no PI or project fact inferred
22102075,B,2021,youth_c,B02,P1,false,0.986425,no_match_all_sources,E_negative_probe_only,200,200,200,200,"""22102075""","""22102075"" ""National Natural Science Foundation of China""","site:edu.cn OR site:ac.cn ""22102075""",exact_web_and_institution_search,,bibliographic/aggregator evidence only; API channels may share provenance; no PI or project fact inferred
22102144,B,2021,youth_c,B02,P1,false,0.986425,no_match_all_sources,E_negative_probe_only,200,200,200,200,"""22102144""","""22102144"" ""National Natural Science Foundation of China""","site:edu.cn OR site:ac.cn ""22102144""",exact_web_and_institution_search,,bibliographic/aggregator evidence only; API channels may share provenance; no PI or project fact inferred
22102216,B,2021,youth_c,B02,P1,false,0.986425,no_match_all_sources,E_negative_probe_only,200,200,200,200,"""22102216""","""22102216"" ""National Natural Science Foundation of China""","site:edu.cn OR site:ac.cn ""22102216""",exact_web_and_institution_search,,bibliographic/aggregator evidence only; API channels may share provenance; no PI or project fact inferred
59171010,E,1991,general,E01,P1,false,0.985075,no_match_all_sources,E_negative_probe_only,200,200,200,200,"""59171010""","""59171010"" ""National Natural Science Foundation of China""","site:edu.cn OR site:ac.cn ""59171010""",exact_web_and_institution_search,,bibliographic/aggregator evidence only; API channels may share provenance; no PI or project fact inferred
51206111,E,2012,youth_c,E06,P1,false,0.985075,no_match_all_sources,E_negative_probe_only,200,200,200,200,"""51206111""","""51206111"" ""National Natural Science Foundation of China""","site:edu.cn OR site:ac.cn ""51206111""",exact_web_and_institution_search,,bibliographic/aggregator evidence only; API channels may share provenance; no PI or project fact inferred
51206121,E,2012,youth_c,E06,P1,false,0.985075,no_match_all_sources,E_negative_probe_only,200,200,200,200,"""51206121""","""51206121"" ""National Natural Science Foundation of China""","site:edu.cn OR site:ac.cn ""51206121""",exact_web_and_institution_search,,bibliographic/aggregator evidence only; API channels may share provenance; no PI or project fact inferred
51206158,E,2012,youth_c,E06,P1,false,0.985075,no_match_all_sources,E_negative_probe_only,200,200,200,200,"""51206158""","""51206158"" ""National Natural Science Foundation of China""","site:edu.cn OR site:ac.cn ""51206158""",exact_web_and_institution_search,,bibliographic/aggregator evidence only; API channels may share provenance; no PI or project fact inferred
21901126,B,2019,youth_c,B01,P1,false,0.984962,no_match_all_sources,E_negative_probe_only,200,200,200,200,"""21901126""","""21901126"" ""National Natural Science Foundation of China""","site:edu.cn OR site:ac.cn ""21901126""",exact_web_and_institution_search,,bibliographic/aggregator evidence only; API channels may share provenance; no PI or project fact inferred
21901129,B,2019,youth_c,B01,P1,false,0.984962,no_match_all_sources,E_negative_probe_only,200,200,200,200,"""21901129""","""21901129"" ""National Natural Science Foundation of China""","site:edu.cn OR site:ac.cn ""21901129""",exact_web_and_institution_search,,bibliographic/aggregator evidence only; API channels may share provenance; no PI or project fact inferred
51006019,E,2010,youth_c,E06,P1,false,0.984733,no_match_all_sources,E_negative_probe_only,200,200,200,200,"""51006019""","""51006019"" ""National Natural Science Foundation of China""","site:edu.cn OR site:ac.cn ""51006019""",exact_web_and_institution_search,,bibliographic/aggregator evidence only; API channels may share provenance; no PI or project fact inferred
51006124,E,2010,youth_c,E06,P1,false,0.984733,no_match_all_sources,E_negative_probe_only,200,200,200,200,"""51006124""","""51006124"" ""National Natural Science Foundation of China""","site:edu.cn OR site:ac.cn ""51006124""",exact_web_and_institution_search,,bibliographic/aggregator evidence only; API channels may share provenance; no PI or project fact inferred
50706037,E,2007,youth_c,E06,P1,false,0.983051,no_match_all_sources,E_negative_probe_only,200,200,200,200,"""50706037""","""50706037"" ""National Natural Science Foundation of China""","site:edu.cn OR site:ac.cn ""50706037""",exact_web_and_institution_search,,bibliographic/aggregator evidence only; API channels may share provenance; no PI or project fact inferred
50807010,E,2008,youth_c,E07,P1,false,0.982759,no_match_all_sources,E_negative_probe_only,200,200,200,200,"""50807010""","""50807010"" ""National Natural Science Foundation of China""","site:edu.cn OR site:ac.cn ""50807010""",exact_web_and_institution_search,,bibliographic/aggregator evidence only; API channels may share provenance; no PI or project fact inferred
50175010,E,2001,general,E05,P1,false,0.982456,no_match_all_sources,E_negative_probe_only,200,200,200,200,"""50175010""","""50175010"" ""National Natural Science Foundation of China""","site:edu.cn OR site:ac.cn ""50175010""",exact_web_and_institution_search,,bibliographic/aggregator evidence only; API channels may share provenance; no PI or project fact inferred
50175104,E,2001,general,E05,P1,false,0.982456,no_match_all_sources,E_negative_probe_only,200,200,200,200,"""50175104""","""50175104"" ""National Natural Science Foundation of China""","site:edu.cn OR site:ac.cn ""50175104""",exact_web_and_institution_search,,bibliographic/aggregator evidence only; API channels may share provenance; no PI or project fact inferred
50906090,E,2009,youth_c,E06,P1,false,0.980769,no_match_all_sources,E_negative_probe_only,200,200,200,200,"""50906090""","""50906090"" ""National Natural Science Foundation of China""","site:edu.cn OR site:ac.cn ""50906090""",exact_web_and_institution_search,,bibliographic/aggregator evidence only; API channels may share provenance; no PI or project fact inferred
50906101,E,2009,youth_c,E06,P1,false,0.980769,no_match_all_sources,E_negative_probe_only,200,200,200,200,"""50906101""","""50906101"" ""National Natural Science Foundation of China""","site:edu.cn OR site:ac.cn ""50906101""",exact_web_and_institution_search,,bibliographic/aggregator evidence only; API channels may share provenance; no PI or project fact inferred
51902002,E,2019,youth_c,E02,P1,false,0.980556,no_match_all_sources,E_negative_probe_only,200,200,200,200,"""51902002""","""51902002"" ""National Natural Science Foundation of China""","site:edu.cn OR site:ac.cn ""51902002""",exact_web_and_institution_search,,bibliographic/aggregator evidence only; API channels may share provenance; no PI or project fact inferred
51902186,E,2019,youth_c,E02,P1,false,0.980556,no_match_all_sources,E_negative_probe_only,200,200,200,200,"""51902186""","""51902186"" ""National Natural Science Foundation of China""","site:edu.cn OR site:ac.cn ""51902186""",exact_web_and_institution_search,,bibliographic/aggregator evidence only; API channels may share provenance; no PI or project fact inferred
51902206,E,2019,youth_c,E02,P1,false,0.980556,no_match_all_sources,E_negative_probe_only,200,200,200,200,"""51902206""","""51902206"" ""National Natural Science Foundation of China""","site:edu.cn OR site:ac.cn ""51902206""",exact_web_and_institution_search,,bibliographic/aggregator evidence only; API channels may share provenance; no PI or project fact inferred
51902214,E,2019,youth_c,E02,P1,false,0.980556,no_match_all_sources,E_negative_probe_only,200,200,200,200,"""51902214""","""51902214"" ""National Natural Science Foundation of China""","site:edu.cn OR site:ac.cn ""51902214""",exact_web_and_institution_search,,bibliographic/aggregator evidence only; API channels may share provenance; no PI or project fact inferred
51902225,E,2019,youth_c,E02,P1,false,0.980556,no_match_all_sources,E_negative_probe_only,200,200,200,200,"""51902225""","""51902225"" ""National Natural Science Foundation of China""","site:edu.cn OR site:ac.cn ""51902225""",exact_web_and_institution_search,,bibliographic/aggregator evidence only; API channels may share provenance; no PI or project fact inferred
51902302,E,2019,youth_c,E02,P1,false,0.980556,no_match_all_sources,E_negative_probe_only,200,200,200,200,"""51902302""","""51902302"" ""National Natural Science Foundation of China""","site:edu.cn OR site:ac.cn ""51902302""",exact_web_and_institution_search,,bibliographic/aggregator evidence only; API channels may share provenance; no PI or project fact inferred
50602015,E,2006,youth_c,E02,P1,false,0.980392,no_match_all_sources,E_negative_probe_only,200,200,200,200,"""50602015""","""50602015"" ""National Natural Science Foundation of China""","site:edu.cn OR site:ac.cn ""50602015""",exact_web_and_institution_search,,bibliographic/aggregator evidence only; API channels may share provenance; no PI or project fact inferred
50403006,E,2004,youth_c,E03,P2,false,0.966667,award_number_only,D_award_only,200,200,200,200,"""50403006""","""50403006"" ""National Natural Science Foundation of China""","site:edu.cn OR site:ac.cn ""50403006""",exact_web_and_institution_search,,bibliographic/aggregator evidence only; API channels may share provenance; no PI or project fact inferred
59876042,E,1998,general,E06,P2,false,0.979167,no_match_all_sources,E_negative_probe_only,200,200,200,200,"""59876042""","""59876042"" ""National Natural Science Foundation of China""","site:edu.cn OR site:ac.cn ""59876042""",exact_web_and_institution_search,,bibliographic/aggregator evidence only; API channels may share provenance; no PI or project fact inferred
50901004,E,2009,youth_c,E01,P2,false,0.978261,no_match_all_sources,E_negative_probe_only,200,200,200,200,"""50901004""","""50901004"" ""National Natural Science Foundation of China""","site:edu.cn OR site:ac.cn ""50901004""",exact_web_and_institution_search,,bibliographic/aggregator evidence only; API channels may share provenance; no PI or project fact inferred
50901085,E,2009,youth_c,E01,P2,false,0.978261,no_match_all_sources,E_negative_probe_only,200,200,200,200,"""50901085""","""50901085"" ""National Natural Science Foundation of China""","site:edu.cn OR site:ac.cn ""50901085""",exact_web_and_institution_search,,bibliographic/aggregator evidence only; API channels may share provenance; no PI or project fact inferred
51864002,E,2018,regional,E04,P2,false,0.978261,no_match_all_sources,E_negative_probe_only,200,200,200,200,"""51864002""","""51864002"" ""National Natural Science Foundation of China""","site:edu.cn OR site:ac.cn ""51864002""",exact_web_and_institution_search,,bibliographic/aggregator evidence only; API channels may share provenance; no PI or project fact inferred
50806054,E,2008,youth_c,E06,P2,false,0.977011,no_match_all_sources,E_negative_probe_only,200,200,200,200,"""50806054""","""50806054"" ""National Natural Science Foundation of China""","site:edu.cn OR site:ac.cn ""50806054""",exact_web_and_institution_search,,bibliographic/aggregator evidence only; API channels may share provenance; no PI or project fact inferred
50806074,E,2008,youth_c,E06,P2,false,0.977011,no_match_all_sources,E_negative_probe_only,200,200,200,200,"""50806074""","""50806074"" ""National Natural Science Foundation of China""","site:edu.cn OR site:ac.cn ""50806074""",exact_web_and_institution_search,,bibliographic/aggregator evidence only; API channels may share provenance; no PI or project fact inferred
50272013,E,2002,general,E02,P2,false,0.976190,no_match_all_sources,E_negative_probe_only,200,200,200,200,"""50272013""","""50272013"" ""National Natural Science Foundation of China""","site:edu.cn OR site:ac.cn ""50272013""",exact_web_and_institution_search,,bibliographic/aggregator evidence only; API channels may share provenance; no PI or project fact inferred
50272073,E,2002,general,E02,P2,false,0.976190,no_match_all_sources,E_negative_probe_only,200,200,200,200,"""50272073""","""50272073"" ""National Natural Science Foundation of China""","site:edu.cn OR site:ac.cn ""50272073""",exact_web_and_institution_search,,bibliographic/aggregator evidence only; API channels may share provenance; no PI or project fact inferred
59272076,E,1992,general,E02,P2,false,0.975610,no_match_all_sources,E_negative_probe_only,200,200,200,200,"""59272076""","""59272076"" ""National Natural Science Foundation of China""","site:edu.cn OR site:ac.cn ""59272076""",exact_web_and_institution_search,,bibliographic/aggregator evidence only; API channels may share provenance; no PI or project fact inferred
50671089,E,2006,general,E01,P2,false,0.975410,no_match_all_sources,E_negative_probe_only,200,200,200,200,"""50671089""","""50671089"" ""National Natural Science Foundation of China""","site:edu.cn OR site:ac.cn ""50671089""",exact_web_and_institution_search,,bibliographic/aggregator evidence only; API channels may share provenance; no PI or project fact inferred
50671101,E,2006,general,E01,P2,false,0.975410,no_match_all_sources,E_negative_probe_only,200,200,200,200,"""50671101""","""50671101"" ""National Natural Science Foundation of China""","site:edu.cn OR site:ac.cn ""50671101""",exact_web_and_institution_search,,bibliographic/aggregator evidence only; API channels may share provenance; no PI or project fact inferred
50376032,E,2003,general,E06,P2,false,0.974359,no_match_all_sources,E_negative_probe_only,200,200,200,200,"""50376032""","""50376032"" ""National Natural Science Foundation of China""","site:edu.cn OR site:ac.cn ""50376032""",exact_web_and_institution_search,,bibliographic/aggregator evidence only; API channels may share provenance; no PI or project fact inferred
50376064,E,2003,general,E06,P2,false,0.974359,no_match_all_sources,E_negative_probe_only,200,200,200,200,"""50376064""","""50376064"" ""National Natural Science Foundation of China""","site:edu.cn OR site:ac.cn ""50376064""",exact_web_and_institution_search,,bibliographic/aggregator evidence only; API channels may share provenance; no PI or project fact inferred
51562017,E,2015,regional,E02,P2,false,0.973684,no_match_all_sources,E_negative_probe_only,200,200,200,200,"""51562017""","""51562017"" ""National Natural Science Foundation of China""","site:edu.cn OR site:ac.cn ""51562017""",exact_web_and_institution_search,,bibliographic/aggregator evidence only; API channels may share provenance; no PI or project fact inferred
50173004,E,2001,general,E03,P2,false,0.970588,no_match_all_sources,E_negative_probe_only,200,200,200,200,"""50173004""","""50173004"" ""National Natural Science Foundation of China""","site:edu.cn OR site:ac.cn ""50173004""",exact_web_and_institution_search,,bibliographic/aggregator evidence only; API channels may share provenance; no PI or project fact inferred
59373132,E,1993,general,E03,P2,false,0.968750,no_match_all_sources,E_negative_probe_only,200,200,200,200,"""59373132""","""59373132"" ""National Natural Science Foundation of China""","site:edu.cn OR site:ac.cn ""59373132""",exact_web_and_institution_search,,bibliographic/aggregator evidence only; API channels may share provenance; no PI or project fact inferred
50177020,E,2001,general,E07,P2,false,0.965517,no_match_all_sources,E_negative_probe_only,200,200,200,200,"""50177020""","""50177020"" ""National Natural Science Foundation of China""","site:edu.cn OR site:ac.cn ""50177020""",exact_web_and_institution_search,,bibliographic/aggregator evidence only; API channels may share provenance; no PI or project fact inferred
50571022,E,2005,general,E01,P2,false,0.964912,no_match_all_sources,E_negative_probe_only,200,200,200,200,"""50571022""","""50571022"" ""National Natural Science Foundation of China""","site:edu.cn OR site:ac.cn ""50571022""",exact_web_and_institution_search,,bibliographic/aggregator evidence only; API channels may share provenance; no PI or project fact inferred
50571058,E,2005,general,E01,P2,false,0.964912,no_match_all_sources,E_negative_probe_only,200,200,200,200,"""50571058""","""50571058"" ""National Natural Science Foundation of China""","site:edu.cn OR site:ac.cn ""50571058""",exact_web_and_institution_search,,bibliographic/aggregator evidence only; API channels may share provenance; no PI or project fact inferred
50571060,E,2005,general,E01,P2,false,0.964912,no_match_all_sources,E_negative_probe_only,200,200,200,200,"""50571060""","""50571060"" ""National Natural Science Foundation of China""","site:edu.cn OR site:ac.cn ""50571060""",exact_web_and_institution_search,,bibliographic/aggregator evidence only; API channels may share provenance; no PI or project fact inferred
50571061,E,2005,general,E01,P2,false,0.964912,no_match_all_sources,E_negative_probe_only,200,200,200,200,"""50571061""","""50571061"" ""National Natural Science Foundation of China""","site:edu.cn OR site:ac.cn ""50571061""",exact_web_and_institution_search,,bibliographic/aggregator evidence only; API channels may share provenance; no PI or project fact inferred
50205026,E,2002,youth_c,E05,P2,false,0.964286,no_match_all_sources,E_negative_probe_only,200,200,200,200,"""50205026""","""50205026"" ""National Natural Science Foundation of China""","site:edu.cn OR site:ac.cn ""50205026""",exact_web_and_institution_search,,bibliographic/aggregator evidence only; API channels may share provenance; no PI or project fact inferred
50306009,E,2003,youth_c,E06,P2,false,0.962963,no_match_all_sources,E_negative_probe_only,200,200,200,200,"""50306009""","""50306009"" ""National Natural Science Foundation of China""","site:edu.cn OR site:ac.cn ""50306009""",exact_web_and_institution_search,,bibliographic/aggregator evidence only; API channels may share provenance; no PI or project fact inferred
50505002,E,2005,youth_c,E05,P2,false,0.961538,no_match_all_sources,E_negative_probe_only,200,200,200,200,"""50505002""","""50505002"" ""National Natural Science Foundation of China""","site:edu.cn OR site:ac.cn ""50505002""",exact_web_and_institution_search,,bibliographic/aggregator evidence only; API channels may share provenance; no PI or project fact inferred
50505050,E,2005,youth_c,E05,P2,false,0.961538,no_match_all_sources,E_negative_probe_only,200,200,200,200,"""50505050""","""50505050"" ""National Natural Science Foundation of China""","site:edu.cn OR site:ac.cn ""50505050""",exact_web_and_institution_search,,bibliographic/aggregator evidence only; API channels may share provenance; no PI or project fact inferred
59905009,E,1999,youth_c,E05,P2,false,0.958333,no_match_all_sources,E_negative_probe_only,200,200,200,200,"""59905009""","""59905009"" ""National Natural Science Foundation of China""","site:edu.cn OR site:ac.cn ""59905009""",exact_web_and_institution_search,,bibliographic/aggregator evidence only; API channels may share provenance; no PI or project fact inferred
50273019,E,2002,general,E03,P2,false,0.958333,no_match_all_sources,E_negative_probe_only,200,200,200,200,"""50273019""","""50273019"" ""National Natural Science Foundation of China""","site:edu.cn OR site:ac.cn ""50273019""",exact_web_and_institution_search,,bibliographic/aggregator evidence only; API channels may share provenance; no PI or project fact inferred
50273039,E,2002,general,E03,P2,false,0.958333,no_match_all_sources,E_negative_probe_only,200,200,200,200,"""50273039""","""50273039"" ""National Natural Science Foundation of China""","site:edu.cn OR site:ac.cn ""50273039""",exact_web_and_institution_search,,bibliographic/aggregator evidence only; API channels may share provenance; no PI or project fact inferred
50674013,E,2006,general,E04,P2,false,0.954545,no_match_all_sources,E_negative_probe_only,200,200,200,200,"""50674013""","""50674013"" ""National Natural Science Foundation of China""","site:edu.cn OR site:ac.cn ""50674013""",exact_web_and_institution_search,,bibliographic/aggregator evidence only; API channels may share provenance; no PI or project fact inferred
50674020,E,2006,general,E04,P2,false,0.954545,no_match_all_sources,E_negative_probe_only,200,200,200,200,"""50674020""","""50674020"" ""National Natural Science Foundation of China""","site:edu.cn OR site:ac.cn ""50674020""",exact_web_and_institution_search,,bibliographic/aggregator evidence only; API channels may share provenance; no PI or project fact inferred
50674021,E,2006,general,E04,P2,false,0.954545,no_match_all_sources,E_negative_probe_only,200,200,200,200,"""50674021""","""50674021"" ""National Natural Science Foundation of China""","site:edu.cn OR site:ac.cn ""50674021""",exact_web_and_institution_search,,bibliographic/aggregator evidence only; API channels may share provenance; no PI or project fact inferred
50674022,E,2006,general,E04,P2,false,0.954545,no_match_all_sources,E_negative_probe_only,200,200,200,200,"""50674022""","""50674022"" ""National Natural Science Foundation of China""","site:edu.cn OR site:ac.cn ""50674022""",exact_web_and_institution_search,,bibliographic/aggregator evidence only; API channels may share provenance; no PI or project fact inferred
50674064,E,2006,general,E04,P2,false,0.954545,no_match_all_sources,E_negative_probe_only,200,200,200,200,"""50674064""","""50674064"" ""National Natural Science Foundation of China""","site:edu.cn OR site:ac.cn ""50674064""",exact_web_and_institution_search,,bibliographic/aggregator evidence only; API channels may share provenance; no PI or project fact inferred
50271015,E,2002,general,E01,P2,false,0.952941,no_match_all_sources,E_negative_probe_only,200,200,200,200,"""50271015""","""50271015"" ""National Natural Science Foundation of China""","site:edu.cn OR site:ac.cn ""50271015""",exact_web_and_institution_search,,bibliographic/aggregator evidence only; API channels may share provenance; no PI or project fact inferred
50271030,E,2002,general,E01,P2,false,0.952941,no_match_all_sources,E_negative_probe_only,200,200,200,200,"""50271030""","""50271030"" ""National Natural Science Foundation of China""","site:edu.cn OR site:ac.cn ""50271030""",exact_web_and_institution_search,,bibliographic/aggregator evidence only; API channels may share provenance; no PI or project fact inferred
50271060,E,2002,general,E01,P2,false,0.952941,no_match_all_sources,E_negative_probe_only,200,200,200,200,"""50271060""","""50271060"" ""National Natural Science Foundation of China""","site:edu.cn OR site:ac.cn ""50271060""",exact_web_and_institution_search,,bibliographic/aggregator evidence only; API channels may share provenance; no PI or project fact inferred
50172002,E,2001,general,E02,P2,false,0.952381,no_match_all_sources,E_negative_probe_only,200,200,200,200,"""50172002""","""50172002"" ""National Natural Science Foundation of China""","site:edu.cn OR site:ac.cn ""50172002""",exact_web_and_institution_search,,bibliographic/aggregator evidence only; API channels may share provenance; no PI or project fact inferred
50172004,E,2001,general,E02,P2,false,0.952381,no_match_all_sources,E_negative_probe_only,200,200,200,200,"""50172004""","""50172004"" ""National Natural Science Foundation of China""","site:edu.cn OR site:ac.cn ""50172004""",exact_web_and_institution_search,,bibliographic/aggregator evidence only; API channels may share provenance; no PI or project fact inferred
50172009,E,2001,general,E02,P2,false,0.952381,no_match_all_sources,E_negative_probe_only,200,200,200,200,"""50172009""","""50172009"" ""National Natural Science Foundation of China""","site:edu.cn OR site:ac.cn ""50172009""",exact_web_and_institution_search,,bibliographic/aggregator evidence only; API channels may share provenance; no PI or project fact inferred
50501011,E,2005,youth_c,E01,P3,false,0.916667,award_number_only,D_award_only,200,200,200,200,"""50501011""","""50501011"" ""National Natural Science Foundation of China""","site:edu.cn OR site:ac.cn ""50501011""",exact_web_and_institution_search,,bibliographic/aggregator evidence only; API channels may share provenance; no PI or project fact inferred
50574021,E,2005,general,E04,P3,false,0.882883,award_number_only,D_award_only,200,200,200,200,"""50574021""","""50574021"" ""National Natural Science Foundation of China""","site:edu.cn OR site:ac.cn ""50574021""",exact_web_and_institution_search,,bibliographic/aggregator evidence only; API channels may share provenance; no PI or project fact inferred
50471103,E,2004,general,E01,P3,false,0.945455,no_match_all_sources,E_negative_probe_only,200,200,200,200,"""50471103""","""50471103"" ""National Natural Science Foundation of China""","site:edu.cn OR site:ac.cn ""50471103""",exact_web_and_institution_search,,bibliographic/aggregator evidence only; API channels may share provenance; no PI or project fact inferred
50471104,E,2004,general,E01,P3,false,0.945455,no_match_all_sources,E_negative_probe_only,200,200,200,200,"""50471104""","""50471104"" ""National Natural Science Foundation of China""","site:edu.cn OR site:ac.cn ""50471104""",exact_web_and_institution_search,,bibliographic/aggregator evidence only; API channels may share provenance; no PI or project fact inferred
50471105,E,2004,general,E01,P3,false,0.945455,no_match_all_sources,E_negative_probe_only,200,200,200,200,"""50471105""","""50471105"" ""National Natural Science Foundation of China""","site:edu.cn OR site:ac.cn ""50471105""",exact_web_and_institution_search,,bibliographic/aggregator evidence only; API channels may share provenance; no PI or project fact inferred
50471106,E,2004,general,E01,P3,false,0.945455,no_match_all_sources,E_negative_probe_only,200,200,200,200,"""50471106""","""50471106"" ""National Natural Science Foundation of China""","site:edu.cn OR site:ac.cn ""50471106""",exact_web_and_institution_search,,bibliographic/aggregator evidence only; API channels may share provenance; no PI or project fact inferred
50471107,E,2004,general,E01,P3,false,0.945455,no_match_all_sources,E_negative_probe_only,200,200,200,200,"""50471107""","""50471107"" ""National Natural Science Foundation of China""","site:edu.cn OR site:ac.cn ""50471107""",exact_web_and_institution_search,,bibliographic/aggregator evidence only; API channels may share provenance; no PI or project fact inferred
50371049,E,2003,general,E01,P3,false,0.943396,no_match_all_sources,E_negative_probe_only,200,200,200,200,"""50371049""","""50371049"" ""National Natural Science Foundation of China""","site:edu.cn OR site:ac.cn ""50371049""",exact_web_and_institution_search,,bibliographic/aggregator evidence only; API channels may share provenance; no PI or project fact inferred
50371053,E,2003,general,E01,P3,false,0.943396,no_match_all_sources,E_negative_probe_only,200,200,200,200,"""50371053""","""50371053"" ""National Natural Science Foundation of China""","site:edu.cn OR site:ac.cn ""50371053""",exact_web_and_institution_search,,bibliographic/aggregator evidence only; API channels may share provenance; no PI or project fact inferred
50371073,E,2003,general,E01,P3,false,0.943396,no_match_all_sources,E_negative_probe_only,200,200,200,200,"""50371073""","""50371073"" ""National Natural Science Foundation of China""","site:edu.cn OR site:ac.cn ""50371073""",exact_web_and_institution_search,,bibliographic/aggregator evidence only; API channels may share provenance; no PI or project fact inferred
50371074,E,2003,general,E01,P3,false,0.943396,no_match_all_sources,E_negative_probe_only,200,200,200,200,"""50371074""","""50371074"" ""National Natural Science Foundation of China""","site:edu.cn OR site:ac.cn ""50371074""",exact_web_and_institution_search,,bibliographic/aggregator evidence only; API channels may share provenance; no PI or project fact inferred
50371094,E,2003,general,E01,P3,false,0.943396,no_match_all_sources,E_negative_probe_only,200,200,200,200,"""50371094""","""50371094"" ""National Natural Science Foundation of China""","site:edu.cn OR site:ac.cn ""50371094""",exact_web_and_institution_search,,bibliographic/aggregator evidence only; API channels may share provenance; no PI or project fact inferred
50106005,E,2001,youth_c,E06,P3,false,0.941176,no_match_all_sources,E_negative_probe_only,200,200,200,200,"""50106005""","""50106005"" ""National Natural Science Foundation of China""","site:edu.cn OR site:ac.cn ""50106005""",exact_web_and_institution_search,,bibliographic/aggregator evidence only; API channels may share provenance; no PI or project fact inferred
59601003,E,1996,youth_c,E01,P3,false,0.928571,no_match_all_sources,E_negative_probe_only,200,200,200,200,"""59601003""","""59601003"" ""National Natural Science Foundation of China""","site:edu.cn OR site:ac.cn ""59601003""",exact_web_and_institution_search,,bibliographic/aggregator evidence only; API channels may share provenance; no PI or project fact inferred
50176006,E,2001,general,E06,P3,false,0.928571,no_match_all_sources,E_negative_probe_only,200,200,200,200,"""50176006""","""50176006"" ""National Natural Science Foundation of China""","site:edu.cn OR site:ac.cn ""50176006""",exact_web_and_institution_search,,bibliographic/aggregator evidence only; API channels may share provenance; no PI or project fact inferred
50176014,E,2001,general,E06,P3,false,0.928571,no_match_all_sources,E_negative_probe_only,200,200,200,200,"""50176014""","""50176014"" ""National Natural Science Foundation of China""","site:edu.cn OR site:ac.cn ""50176014""",exact_web_and_institution_search,,bibliographic/aggregator evidence only; API channels may share provenance; no PI or project fact inferred
50176037,E,2001,general,E06,P3,false,0.928571,no_match_all_sources,E_negative_probe_only,200,200,200,200,"""50176037""","""50176037"" ""National Natural Science Foundation of China""","site:edu.cn OR site:ac.cn ""50176037""",exact_web_and_institution_search,,bibliographic/aggregator evidence only; API channels may share provenance; no PI or project fact inferred
50176052,E,2001,general,E06,P3,false,0.928571,no_match_all_sources,E_negative_probe_only,200,200,200,200,"""50176052""","""50176052"" ""National Natural Science Foundation of China""","site:edu.cn OR site:ac.cn ""50176052""",exact_web_and_institution_search,,bibliographic/aggregator evidence only; API channels may share provenance; no PI or project fact inferred
50171004,E,2001,general,E01,P3,false,0.924051,no_match_all_sources,E_negative_probe_only,200,200,200,200,"""50171004""","""50171004"" ""National Natural Science Foundation of China""","site:edu.cn OR site:ac.cn ""50171004""",exact_web_and_institution_search,,bibliographic/aggregator evidence only; API channels may share provenance; no PI or project fact inferred
50171007,E,2001,general,E01,P3,false,0.924051,no_match_all_sources,E_negative_probe_only,200,200,200,200,"""50171007""","""50171007"" ""National Natural Science Foundation of China""","site:edu.cn OR site:ac.cn ""50171007""",exact_web_and_institution_search,,bibliographic/aggregator evidence only; API channels may share provenance; no PI or project fact inferred
50171014,E,2001,general,E01,P3,false,0.924051,no_match_all_sources,E_negative_probe_only,200,200,200,200,"""50171014""","""50171014"" ""National Natural Science Foundation of China""","site:edu.cn OR site:ac.cn ""50171014""",exact_web_and_institution_search,,bibliographic/aggregator evidence only; API channels may share provenance; no PI or project fact inferred
50171038,E,2001,general,E01,P3,false,0.924051,no_match_all_sources,E_negative_probe_only,200,200,200,200,"""50171038""","""50171038"" ""National Natural Science Foundation of China""","site:edu.cn OR site:ac.cn ""50171038""",exact_web_and_institution_search,,bibliographic/aggregator evidence only; API channels may share provenance; no PI or project fact inferred
50171040,E,2001,general,E01,P3,false,0.924051,no_match_all_sources,E_negative_probe_only,200,200,200,200,"""50171040""","""50171040"" ""National Natural Science Foundation of China""","site:edu.cn OR site:ac.cn ""50171040""",exact_web_and_institution_search,,bibliographic/aggregator evidence only; API channels may share provenance; no PI or project fact inferred
50171053,E,2001,general,E01,P3,false,0.924051,no_match_all_sources,E_negative_probe_only,200,200,200,200,"""50171053""","""50171053"" ""National Natural Science Foundation of China""","site:edu.cn OR site:ac.cn ""50171053""",exact_web_and_institution_search,,bibliographic/aggregator evidence only; API channels may share provenance; no PI or project fact inferred
59701004,E,1997,youth_c,E01,P3,false,0.923077,no_match_all_sources,E_negative_probe_only,200,200,200,200,"""59701004""","""59701004"" ""National Natural Science Foundation of China""","site:edu.cn OR site:ac.cn ""59701004""",exact_web_and_institution_search,,bibliographic/aggregator evidence only; API channels may share provenance; no PI or project fact inferred
59706006,E,1997,youth_c,E06,P3,false,0.916667,no_match_all_sources,E_negative_probe_only,200,200,200,200,"""59706006""","""59706006"" ""National Natural Science Foundation of China""","site:edu.cn OR site:ac.cn ""59706006""",exact_web_and_institution_search,,bibliographic/aggregator evidence only; API channels may share provenance; no PI or project fact inferred
50101002,E,2001,youth_c,E01,P3,false,0.916667,no_match_all_sources,E_negative_probe_only,200,200,200,200,"""50101002""","""50101002"" ""National Natural Science Foundation of China""","site:edu.cn OR site:ac.cn ""50101002""",exact_web_and_institution_search,,bibliographic/aggregator evidence only; API channels may share provenance; no PI or project fact inferred
50501013,E,2005,youth_c,E01,P3,false,0.916667,no_match_all_sources,E_negative_probe_only,200,200,200,200,"""50501013""","""50501013"" ""National Natural Science Foundation of China""","site:edu.cn OR site:ac.cn ""50501013""",exact_web_and_institution_search,,bibliographic/aggregator evidence only; API channels may share provenance; no PI or project fact inferred
59502006,E,1995,youth_c,E02,P3,false,0.900000,no_match_all_sources,E_negative_probe_only,200,200,200,200,"""59502006""","""59502006"" ""National Natural Science Foundation of China""","site:edu.cn OR site:ac.cn ""59502006""",exact_web_and_institution_search,,bibliographic/aggregator evidence only; API channels may share provenance; no PI or project fact inferred
50574014,E,2005,general,E04,P3,false,0.882883,no_match_all_sources,E_negative_probe_only,200,200,200,200,"""50574014""","""50574014"" ""National Natural Science Foundation of China""","site:edu.cn OR site:ac.cn ""50574014""",exact_web_and_institution_search,,bibliographic/aggregator evidence only; API channels may share provenance; no PI or project fact inferred
50574018,E,2005,general,E04,P3,false,0.882883,no_match_all_sources,E_negative_probe_only,200,200,200,200,"""50574018""","""50574018"" ""National Natural Science Foundation of China""","site:edu.cn OR site:ac.cn ""50574018""",exact_web_and_institution_search,,bibliographic/aggregator evidence only; API channels may share provenance; no PI or project fact inferred
50574019,E,2005,general,E04,P3,false,0.882883,no_match_all_sources,E_negative_probe_only,200,200,200,200,"""50574019""","""50574019"" ""National Natural Science Foundation of China""","site:edu.cn OR site:ac.cn ""50574019""",exact_web_and_institution_search,,bibliographic/aggregator evidence only; API channels may share provenance; no PI or project fact inferred
50574035,E,2005,general,E04,P3,false,0.882883,no_match_all_sources,E_negative_probe_only,200,200,200,200,"""50574035""","""50574035"" ""National Natural Science Foundation of China""","site:edu.cn OR site:ac.cn ""50574035""",exact_web_and_institution_search,,bibliographic/aggregator evidence only; API channels may share provenance; no PI or project fact inferred
50574057,E,2005,general,E04,P3,false,0.882883,no_match_all_sources,E_negative_probe_only,200,200,200,200,"""50574057""","""50574057"" ""National Natural Science Foundation of China""","site:edu.cn OR site:ac.cn ""50574057""",exact_web_and_institution_search,,bibliographic/aggregator evidence only; API channels may share provenance; no PI or project fact inferred
50574066,E,2005,general,E04,P3,false,0.882883,no_match_all_sources,E_negative_probe_only,200,200,200,200,"""50574066""","""50574066"" ""National Natural Science Foundation of China""","site:edu.cn OR site:ac.cn ""50574066""",exact_web_and_institution_search,,bibliographic/aggregator evidence only; API channels may share provenance; no PI or project fact inferred
50574067,E,2005,general,E04,P3,false,0.882883,no_match_all_sources,E_negative_probe_only,200,200,200,200,"""50574067""","""50574067"" ""National Natural Science Foundation of China""","site:edu.cn OR site:ac.cn ""50574067""",exact_web_and_institution_search,,bibliographic/aggregator evidence only; API channels may share provenance; no PI or project fact inferred
50574077,E,2005,general,E04,P3,false,0.882883,no_match_all_sources,E_negative_probe_only,200,200,200,200,"""50574077""","""50574077"" ""National Natural Science Foundation of China""","site:edu.cn OR site:ac.cn ""50574077""",exact_web_and_institution_search,,bibliographic/aggregator evidence only; API channels may share provenance; no PI or project fact inferred
50574085,E,2005,general,E04,P3,false,0.882883,no_match_all_sources,E_negative_probe_only,200,200,200,200,"""50574085""","""50574085"" ""National Natural Science Foundation of China""","site:edu.cn OR site:ac.cn ""50574085""",exact_web_and_institution_search,,bibliographic/aggregator evidence only; API channels may share provenance; no PI or project fact inferred
50574110,E,2005,general,E04,P3,false,0.882883,no_match_all_sources,E_negative_probe_only,200,200,200,200,"""50574110""","""50574110"" ""National Natural Science Foundation of China""","site:edu.cn OR site:ac.cn ""50574110""",exact_web_and_institution_search,,bibliographic/aggregator evidence only; API channels may share provenance; no PI or project fact inferred
59507003,E,1995,youth_c,E07,P3,false,0.857143,no_match_all_sources,E_negative_probe_only,200,200,200,200,"""59507003""","""59507003"" ""National Natural Science Foundation of China""","site:edu.cn OR site:ac.cn ""59507003""",exact_web_and_institution_search,,bibliographic/aggregator evidence only; API channels may share provenance; no PI or project fact inferred
59806002,E,1998,youth_c,E06,P3,false,0.857143,no_match_all_sources,E_negative_probe_only,200,200,200,200,"""59806002""","""59806002"" ""National Natural Science Foundation of China""","site:edu.cn OR site:ac.cn ""59806002""",exact_web_and_institution_search,,bibliographic/aggregator evidence only; API channels may share provenance; no PI or project fact inferred
59806004,E,1998,youth_c,E06,P3,false,0.857143,no_match_all_sources,E_negative_probe_only,200,200,200,200,"""59806004""","""59806004"" ""National Natural Science Foundation of China""","site:edu.cn OR site:ac.cn ""59806004""",exact_web_and_institution_search,,bibliographic/aggregator evidence only; API channels may share provenance; no PI or project fact inferred
59807003,E,1998,youth_c,E07,P3,false,0.857143,no_match_all_sources,E_negative_probe_only,200,200,200,200,"""59807003""","""59807003"" ""National Natural Science Foundation of China""","site:edu.cn OR site:ac.cn ""59807003""",exact_web_and_institution_search,,bibliographic/aggregator evidence only; API channels may share provenance; no PI or project fact inferred
20007002,B,2000,youth_c,B06,P3,false,0.833333,no_match_all_sources,E_negative_probe_only,200,200,200,200,"""20007002""","""20007002"" ""National Natural Science Foundation of China""","site:edu.cn OR site:ac.cn ""20007002""",exact_web_and_institution_search,,bibliographic/aggregator evidence only; API channels may share provenance; no PI or project fact inferred
50474013,E,2004,general,E04,P3,false,0.829787,no_match_all_sources,E_negative_probe_only,200,200,200,200,"""50474013""","""50474013"" ""National Natural Science Foundation of China""","site:edu.cn OR site:ac.cn ""50474013""",exact_web_and_institution_search,,bibliographic/aggregator evidence only; API channels may share provenance; no PI or project fact inferred
50474023,E,2004,general,E04,P3,false,0.829787,no_match_all_sources,E_negative_probe_only,200,200,200,200,"""50474023""","""50474023"" ""National Natural Science Foundation of China""","site:edu.cn OR site:ac.cn ""50474023""",exact_web_and_institution_search,,bibliographic/aggregator evidence only; API channels may share provenance; no PI or project fact inferred
50474026,E,2004,general,E04,P3,false,0.829787,no_match_all_sources,E_negative_probe_only,200,200,200,200,"""50474026""","""50474026"" ""National Natural Science Foundation of China""","site:edu.cn OR site:ac.cn ""50474026""",exact_web_and_institution_search,,bibliographic/aggregator evidence only; API channels may share provenance; no PI or project fact inferred
50474028,E,2004,general,E04,P3,false,0.829787,no_match_all_sources,E_negative_probe_only,200,200,200,200,"""50474028""","""50474028"" ""National Natural Science Foundation of China""","site:edu.cn OR site:ac.cn ""50474028""",exact_web_and_institution_search,,bibliographic/aggregator evidence only; API channels may share provenance; no PI or project fact inferred
50474055,E,2004,general,E04,P3,false,0.829787,no_match_all_sources,E_negative_probe_only,200,200,200,200,"""50474055""","""50474055"" ""National Natural Science Foundation of China""","site:edu.cn OR site:ac.cn ""50474055""",exact_web_and_institution_search,,bibliographic/aggregator evidence only; API channels may share provenance; no PI or project fact inferred
50474073,E,2004,general,E04,P3,false,0.829787,no_match_all_sources,E_negative_probe_only,200,200,200,200,"""50474073""","""50474073"" ""National Natural Science Foundation of China""","site:edu.cn OR site:ac.cn ""50474073""",exact_web_and_institution_search,,bibliographic/aggregator evidence only; API channels may share provenance; no PI or project fact inferred
50474074,E,2004,general,E04,P3,false,0.829787,no_match_all_sources,E_negative_probe_only,200,200,200,200,"""50474074""","""50474074"" ""National Natural Science Foundation of China""","site:edu.cn OR site:ac.cn ""50474074""",exact_web_and_institution_search,,bibliographic/aggregator evidence only; API channels may share provenance; no PI or project fact inferred
50474082,E,2004,general,E04,P3,false,0.829787,no_match_all_sources,E_negative_probe_only,200,200,200,200,"""50474082""","""50474082"" ""National Natural Science Foundation of China""","site:edu.cn OR site:ac.cn ""50474082""",exact_web_and_institution_search,,bibliographic/aggregator evidence only; API channels may share provenance; no PI or project fact inferred
50474083,E,2004,general,E04,P3,false,0.829787,no_match_all_sources,E_negative_probe_only,200,200,200,200,"""50474083""","""50474083"" ""National Natural Science Foundation of China""","site:edu.cn OR site:ac.cn ""50474083""",exact_web_and_institution_search,,bibliographic/aggregator evidence only; API channels may share provenance; no PI or project fact inferred
50474084,E,2004,general,E04,P3,false,0.829787,no_match_all_sources,E_negative_probe_only,200,200,200,200,"""50474084""","""50474084"" ""National Natural Science Foundation of China""","site:edu.cn OR site:ac.cn ""50474084""",exact_web_and_institution_search,,bibliographic/aggregator evidence only; API channels may share provenance; no PI or project fact inferred
50474086,E,2004,general,E04,P3,false,0.829787,no_match_all_sources,E_negative_probe_only,200,200,200,200,"""50474086""","""50474086"" ""National Natural Science Foundation of China""","site:edu.cn OR site:ac.cn ""50474086""",exact_web_and_institution_search,,bibliographic/aggregator evidence only; API channels may share provenance; no PI or project fact inferred
50474087,E,2004,general,E04,P3,false,0.829787,no_match_all_sources,E_negative_probe_only,200,200,200,200,"""50474087""","""50474087"" ""National Natural Science Foundation of China""","site:edu.cn OR site:ac.cn ""50474087""",exact_web_and_institution_search,,bibliographic/aggregator evidence only; API channels may share provenance; no PI or project fact inferred
50474088,E,2004,general,E04,P3,false,0.829787,no_match_all_sources,E_negative_probe_only,200,200,200,200,"""50474088""","""50474088"" ""National Natural Science Foundation of China""","site:edu.cn OR site:ac.cn ""50474088""",exact_web_and_institution_search,,bibliographic/aggregator evidence only; API channels may share provenance; no PI or project fact inferred
50474089,E,2004,general,E04,P3,false,0.829787,no_match_all_sources,E_negative_probe_only,200,200,200,200,"""50474089""","""50474089"" ""National Natural Science Foundation of China""","site:edu.cn OR site:ac.cn ""50474089""",exact_web_and_institution_search,,bibliographic/aggregator evidence only; API channels may share provenance; no PI or project fact inferred
50474090,E,2004,general,E04,P3,false,0.829787,no_match_all_sources,E_negative_probe_only,200,200,200,200,"""50474090""","""50474090"" ""National Natural Science Foundation of China""","site:edu.cn OR site:ac.cn ""50474090""",exact_web_and_institution_search,,bibliographic/aggregator evidence only; API channels may share provenance; no PI or project fact inferred
29605002,B,1996,youth_c,B04,P3,false,0.800000,no_match_all_sources,E_negative_probe_only,200,200,200,200,"""29605002""","""29605002"" ""National Natural Science Foundation of China""","site:edu.cn OR site:ac.cn ""29605002""",exact_web_and_institution_search,,bibliographic/aggregator evidence only; API channels may share provenance; no PI or project fact inferred
20875104,B,2008,general,B04,P3,true,0.952381,award_number_only,D_award_only,200,200,200,200,"""20875104""","""20875104"" ""National Natural Science Foundation of China""","site:edu.cn OR site:ac.cn ""20875104""",exact_web_and_institution_search,,bibliographic/aggregator evidence only; API channels may share provenance; no PI or project fact inferred
20175013,B,2001,general,B04,P3,true,0.948718,award_number_only,D_award_only,200,200,200,200,"""20175013""","""20175013"" ""National Natural Science Foundation of China""","site:edu.cn OR site:ac.cn ""20175013""",exact_web_and_institution_search,,bibliographic/aggregator evidence only; API channels may share provenance; no PI or project fact inferred
20975081,B,2009,general,B04,P3,true,0.939655,award_number_only,D_award_only,200,,200,200,"""20975081""","""20975081"" ""National Natural Science Foundation of China""","site:edu.cn OR site:ac.cn ""20975081""",exact_web_and_institution_search,,bibliographic/aggregator evidence only; API channels may share provenance; no PI or project fact inferred
20075021,B,2000,general,B04,P3,true,0.885714,award_number_only,D_award_only,200,200,200,200,"""20075021""","""20075021"" ""National Natural Science Foundation of China""","site:edu.cn OR site:ac.cn ""20075021""",exact_web_and_institution_search,,bibliographic/aggregator evidence only; API channels may share provenance; no PI or project fact inferred
50968005,E,2009,regional,E08,P3,true,0.882353,award_number_only,D_award_only,200,,200,200,"""50968005""","""50968005"" ""National Natural Science Foundation of China""","site:edu.cn OR site:ac.cn ""50968005""",exact_web_and_institution_search,,bibliographic/aggregator evidence only; API channels may share provenance; no PI or project fact inferred
20001007,B,2000,youth_c,B01,P3,true,0.875000,award_number_only,D_award_only,200,200,200,200,"""20001007""","""20001007"" ""National Natural Science Foundation of China""","site:edu.cn OR site:ac.cn ""20001007""",exact_web_and_institution_search,,bibliographic/aggregator evidence only; API channels may share provenance; no PI or project fact inferred
20401007,B,2004,youth_c,B01,P3,true,0.857143,award_number_only,D_award_only,200,200,200,200,"""20401007""","""20401007"" ""National Natural Science Foundation of China""","site:edu.cn OR site:ac.cn ""20401007""",exact_web_and_institution_search,,bibliographic/aggregator evidence only; API channels may share provenance; no PI or project fact inferred
51469026,E,2014,regional,E09,P3,true,0.857143,award_number_only,D_award_only,200,200,200,200,"""51469026""","""51469026"" ""National Natural Science Foundation of China""","site:edu.cn OR site:ac.cn ""51469026""",exact_web_and_institution_search,,bibliographic/aggregator evidence only; API channels may share provenance; no PI or project fact inferred
20202005,B,2002,youth_c,B01,P3,true,0.846154,award_number_only,D_award_only,200,200,200,200,"""20202005""","""20202005"" ""National Natural Science Foundation of China""","site:edu.cn OR site:ac.cn ""20202005""",exact_web_and_institution_search,,bibliographic/aggregator evidence only; API channels may share provenance; no PI or project fact inferred
20202008,B,2002,youth_c,B01,P3,true,0.846154,award_number_only,D_award_only,200,200,200,200,"""20202008""","""20202008"" ""National Natural Science Foundation of China""","site:edu.cn OR site:ac.cn ""20202008""",exact_web_and_institution_search,,bibliographic/aggregator evidence only; API channels may share provenance; no PI or project fact inferred
20261006,B,2002,regional,B01,P3,true,0.833333,award_number_only,D_award_only,200,200,200,200,"""20261006""","""20261006"" ""National Natural Science Foundation of China""","site:edu.cn OR site:ac.cn ""20261006""",exact_web_and_institution_search,,bibliographic/aggregator evidence only; API channels may share provenance; no PI or project fact inferred
51348010,E,2013,special,E10,P3,true,0.833333,award_number_only,D_award_only,200,,200,200,"""51348010""","""51348010"" ""National Natural Science Foundation of China""","site:edu.cn OR site:ac.cn ""51348010""",exact_web_and_institution_search,,bibliographic/aggregator evidence only; API channels may share provenance; no PI or project fact inferred
20106002,B,2001,youth_c,B08,P3,true,0.812500,award_number_only,D_award_only,200,200,200,200,"""20106002""","""20106002"" ""National Natural Science Foundation of China""","site:edu.cn OR site:ac.cn ""20106002""",exact_web_and_institution_search,,bibliographic/aggregator evidence only; API channels may share provenance; no PI or project fact inferred
20106004,B,2001,youth_c,B08,P3,true,0.812500,award_number_only,D_award_only,200,200,200,200,"""20106004""","""20106004"" ""National Natural Science Foundation of China""","site:edu.cn OR site:ac.cn ""20106004""",exact_web_and_institution_search,,bibliographic/aggregator evidence only; API channels may share provenance; no PI or project fact inferred
50078051,E,2000,general,E08,P3,true,0.800000,award_number_only,D_award_only,200,200,200,200,"""50078051""","""50078051"" ""National Natural Science Foundation of China""","site:edu.cn OR site:ac.cn ""50078051""",exact_web_and_institution_search,,bibliographic/aggregator evidence only; API channels may share provenance; no PI or project fact inferred
20103005,B,2001,youth_c,B03,P3,true,0.800000,award_number_only,D_award_only,200,200,200,200,"""20103005""","""20103005"" ""National Natural Science Foundation of China""","site:edu.cn OR site:ac.cn ""20103005""",exact_web_and_institution_search,,bibliographic/aggregator evidence only; API channels may share provenance; no PI or project fact inferred
20103006,B,2001,youth_c,B03,P3,true,0.800000,award_number_only,D_award_only,200,200,200,200,"""20103006""","""20103006"" ""National Natural Science Foundation of China""","site:edu.cn OR site:ac.cn ""20103006""",exact_web_and_institution_search,,bibliographic/aggregator evidence only; API channels may share provenance; no PI or project fact inferred
21406149,B,2014,youth_c,B08,P3,true,0.996350,no_match_all_sources,E_negative_probe_only,200,200,200,200,"""21406149""","""21406149"" ""National Natural Science Foundation of China""","site:edu.cn OR site:ac.cn ""21406149""",exact_web_and_institution_search,,bibliographic/aggregator evidence only; API channels may share provenance; no PI or project fact inferred
21806072,B,2018,youth_c,B06,P3,true,0.994845,no_match_all_sources,E_negative_probe_only,200,200,200,200,"""21806072""","""21806072"" ""National Natural Science Foundation of China""","site:edu.cn OR site:ac.cn ""21806072""",exact_web_and_institution_search,,bibliographic/aggregator evidence only; API channels may share provenance; no PI or project fact inferred
21106149,B,2011,youth_c,B08,P3,true,0.994764,no_match_all_sources,E_negative_probe_only,200,200,200,200,"""21106149""","""21106149"" ""National Natural Science Foundation of China""","site:edu.cn OR site:ac.cn ""21106149""",exact_web_and_institution_search,,bibliographic/aggregator evidence only; API channels may share provenance; no PI or project fact inferred
21707172,B,2017,youth_c,B06,P3,true,0.994350,no_match_all_sources,E_negative_probe_only,200,200,200,200,"""21707172""","""21707172"" ""National Natural Science Foundation of China""","site:edu.cn OR site:ac.cn ""21707172""",exact_web_and_institution_search,,bibliographic/aggregator evidence only; API channels may share provenance; no PI or project fact inferred
21507158,B,2015,youth_c,B06,P3,true,0.994118,no_match_all_sources,E_negative_probe_only,200,200,200,200,"""21507158""","""21507158"" ""National Natural Science Foundation of China""","site:edu.cn OR site:ac.cn ""21507158""",exact_web_and_institution_search,,bibliographic/aggregator evidence only; API channels may share provenance; no PI or project fact inferred
52101055,E,2021,youth_c,E01,P3,true,0.993220,no_match_all_sources,E_negative_probe_only,200,200,200,200,"""52101055""","""52101055"" ""National Natural Science Foundation of China""","site:edu.cn OR site:ac.cn ""52101055""",exact_web_and_institution_search,,bibliographic/aggregator evidence only; API channels may share provenance; no PI or project fact inferred
21877041,B,2018,general,B07,P3,true,0.992537,no_match_all_sources,E_negative_probe_only,200,200,200,200,"""21877041""","""21877041"" ""National Natural Science Foundation of China""","site:edu.cn OR site:ac.cn ""21877041""",exact_web_and_institution_search,,bibliographic/aggregator evidence only; API channels may share provenance; no PI or project fact inferred
21506092,B,2015,youth_c,B08,P3,true,0.992308,no_match_all_sources,E_negative_probe_only,200,200,200,200,"""21506092""","""21506092"" ""National Natural Science Foundation of China""","site:edu.cn OR site:ac.cn ""21506092""",exact_web_and_institution_search,,bibliographic/aggregator evidence only; API channels may share provenance; no PI or project fact inferred
21873064,B,2018,general,B03,P3,true,0.991379,no_match_all_sources,E_negative_probe_only,200,200,200,200,"""21873064""","""21873064"" ""National Natural Science Foundation of China""","site:edu.cn OR site:ac.cn ""21873064""",exact_web_and_institution_search,,bibliographic/aggregator evidence only; API channels may share provenance; no PI or project fact inferred
59375233,E,1993,general,E05,P3,true,0.988889,no_match_all_sources,E_negative_probe_only,200,200,200,200,"""59375233""","""59375233"" ""National Natural Science Foundation of China""","site:edu.cn OR site:ac.cn ""59375233""",exact_web_and_institution_search,,bibliographic/aggregator evidence only; API channels may share provenance; no PI or project fact inferred
20776012,B,2007,general,B08,P3,true,0.987879,no_match_all_sources,E_negative_probe_only,200,200,200,200,"""20776012""","""20776012"" ""National Natural Science Foundation of China""","site:edu.cn OR site:ac.cn ""20776012""",exact_web_and_institution_search,,bibliographic/aggregator evidence only; API channels may share provenance; no PI or project fact inferred
20776027,B,2007,general,B08,P3,true,0.987879,no_match_all_sources,E_negative_probe_only,200,200,200,200,"""20776027""","""20776027"" ""National Natural Science Foundation of China""","site:edu.cn OR site:ac.cn ""20776027""",exact_web_and_institution_search,,bibliographic/aggregator evidence only; API channels may share provenance; no PI or project fact inferred
21207072,B,2012,youth_c,B06,P3,true,0.987879,no_match_all_sources,E_negative_probe_only,200,200,200,200,"""21207072""","""21207072"" ""National Natural Science Foundation of China""","site:edu.cn OR site:ac.cn ""21207072""",exact_web_and_institution_search,,bibliographic/aggregator evidence only; API channels may share provenance; no PI or project fact inferred
21803068,B,2018,youth_c,B03,P3,true,0.987654,no_match_all_sources,E_negative_probe_only,200,200,200,200,"""21803068""","""21803068"" ""National Natural Science Foundation of China""","site:edu.cn OR site:ac.cn ""21803068""",exact_web_and_institution_search,,bibliographic/aggregator evidence only; API channels may share provenance; no PI or project fact inferred
21306200,B,2013,youth_c,B08,P3,true,0.987234,no_match_all_sources,E_negative_probe_only,200,200,200,200,"""21306200""","""21306200"" ""National Natural Science Foundation of China""","site:edu.cn OR site:ac.cn ""21306200""",exact_web_and_institution_search,,bibliographic/aggregator evidence only; API channels may share provenance; no PI or project fact inferred
21405168,B,2014,youth_c,B04,P3,true,0.983607,no_match_all_sources,E_negative_probe_only,200,200,200,200,"""21405168""","""21405168"" ""National Natural Science Foundation of China""","site:edu.cn OR site:ac.cn ""21405168""",exact_web_and_institution_search,,bibliographic/aggregator evidence only; API channels may share provenance; no PI or project fact inferred
21276016,B,2012,general,B08,P3,true,0.982818,no_match_all_sources,E_negative_probe_only,200,200,200,200,"""21276016""","""21276016"" ""National Natural Science Foundation of China""","site:edu.cn OR site:ac.cn ""21276016""",exact_web_and_institution_search,,bibliographic/aggregator evidence only; API channels may share provenance; no PI or project fact inferred
28670546,B,1986,general,B08,P3,true,0.981818,no_match_all_sources,E_negative_probe_only,200,200,200,200,"""28670546""","""28670546"" ""National Natural Science Foundation of China""","site:edu.cn OR site:ac.cn ""28670546""",exact_web_and_institution_search,,bibliographic/aggregator evidence only; API channels may share provenance; no PI or project fact inferred
58670245,E,1986,general,E08,P3,true,0.981818,no_match_all_sources,E_negative_probe_only,200,200,200,200,"""58670245""","""58670245"" ""National Natural Science Foundation of China""","site:edu.cn OR site:ac.cn ""58670245""",exact_web_and_institution_search,,bibliographic/aggregator evidence only; API channels may share provenance; no PI or project fact inferred
21206004,B,2012,youth_c,B08,P3,true,0.980392,no_match_all_sources,E_negative_probe_only,200,200,200,200,"""21206004""","""21206004"" ""National Natural Science Foundation of China""","site:edu.cn OR site:ac.cn ""21206004""",exact_web_and_institution_search,,bibliographic/aggregator evidence only; API channels may share provenance; no PI or project fact inferred
29876008,B,1998,general,B08,P3,true,0.978723,no_match_all_sources,E_negative_probe_only,200,200,200,200,"""29876008""","""29876008"" ""National Natural Science Foundation of China""","site:edu.cn OR site:ac.cn ""29876008""",exact_web_and_institution_search,,bibliographic/aggregator evidence only; API channels may share provenance; no PI or project fact inferred
20275026,B,2002,general,B04,P3,true,0.978261,no_match_all_sources,E_negative_probe_only,200,200,200,200,"""20275026""","""20275026"" ""National Natural Science Foundation of China""","site:edu.cn OR site:ac.cn ""20275026""",exact_web_and_institution_search,,bibliographic/aggregator evidence only; API channels may share provenance; no PI or project fact inferred
29070291,B,1990,general,B08,P3,true,0.977778,no_match_all_sources,E_negative_probe_only,200,200,200,200,"""29070291""","""29070291"" ""National Natural Science Foundation of China""","site:edu.cn OR site:ac.cn ""29070291""",exact_web_and_institution_search,,bibliographic/aggregator evidence only; API channels may share provenance; no PI or project fact inferred
29676028,B,1996,general,B08,P3,true,0.977778,no_match_all_sources,E_negative_probe_only,200,200,200,200,"""29676028""","""29676028"" ""National Natural Science Foundation of China""","site:edu.cn OR site:ac.cn ""29676028""",exact_web_and_institution_search,,bibliographic/aggregator evidence only; API channels may share provenance; no PI or project fact inferred
21105083,B,2011,youth_c,B04,P3,true,0.977612,no_match_all_sources,E_negative_probe_only,200,200,200,200,"""21105083""","""21105083"" ""National Natural Science Foundation of China""","site:edu.cn OR site:ac.cn ""21105083""",exact_web_and_institution_search,,bibliographic/aggregator evidence only; API channels may share provenance; no PI or project fact inferred
29376254,B,1993,general,B08,P3,true,0.977273,no_match_all_sources,E_negative_probe_only,200,200,200,200,"""29376254""","""29376254"" ""National Natural Science Foundation of China""","site:edu.cn OR site:ac.cn ""29376254""",exact_web_and_institution_search,,bibliographic/aggregator evidence only; API channels may share provenance; no PI or project fact inferred
20707004,B,2007,youth_c,B06,P3,true,0.975610,no_match_all_sources,E_negative_probe_only,200,200,200,200,"""20707004""","""20707004"" ""National Natural Science Foundation of China""","site:edu.cn OR site:ac.cn ""20707004""",exact_web_and_institution_search,,bibliographic/aggregator evidence only; API channels may share provenance; no PI or project fact inferred
58770077,E,1987,general,E01,P3,true,0.974684,no_match_all_sources,E_negative_probe_only,200,200,200,200,"""58770077""","""58770077"" ""National Natural Science Foundation of China""","site:edu.cn OR site:ac.cn ""58770077""",exact_web_and_institution_search,,bibliographic/aggregator evidence only; API channels may share provenance; no PI or project fact inferred
58770078,E,1987,general,E01;E02,P3,true,0.974684,no_match_all_sources,E_negative_probe_only,200,200,200,200,"""58770078""","""58770078"" ""National Natural Science Foundation of China""","site:edu.cn OR site:ac.cn ""58770078""",exact_web_and_institution_search,,bibliographic/aggregator evidence only; API channels may share provenance; no PI or project fact inferred
20476011,B,2004,general,B08,P3,true,0.972477,no_match_all_sources,E_negative_probe_only,200,200,200,200,"""20476011""","""20476011"" ""National Natural Science Foundation of China""","site:edu.cn OR site:ac.cn ""20476011""",exact_web_and_institution_search,,bibliographic/aggregator evidence only; API channels may share provenance; no PI or project fact inferred
20476060,B,2004,general,B08,P3,true,0.972477,no_match_all_sources,E_negative_probe_only,200,200,200,200,"""20476060""","""20476060"" ""National Natural Science Foundation of China""","site:edu.cn OR site:ac.cn ""20476060""",exact_web_and_institution_search,,bibliographic/aggregator evidence only; API channels may share provenance; no PI or project fact inferred
20576003,B,2005,general,B08,P3,true,0.971831,no_match_all_sources,E_negative_probe_only,200,200,200,200,"""20576003""","""20576003"" ""National Natural Science Foundation of China""","site:edu.cn OR site:ac.cn ""20576003""",exact_web_and_institution_search,,bibliographic/aggregator evidence only; API channels may share provenance; no PI or project fact inferred
20576015,B,2005,general,B08,P3,true,0.971831,no_match_all_sources,E_negative_probe_only,200,200,200,200,"""20576015""","""20576015"" ""National Natural Science Foundation of China""","site:edu.cn OR site:ac.cn ""20576015""",exact_web_and_institution_search,,bibliographic/aggregator evidence only; API channels may share provenance; no PI or project fact inferred
20576042,B,2005,general,B08,P3,true,0.971831,no_match_all_sources,E_negative_probe_only,200,200,200,200,"""20576042""","""20576042"" ""National Natural Science Foundation of China""","site:edu.cn OR site:ac.cn ""20576042""",exact_web_and_institution_search,,bibliographic/aggregator evidence only; API channels may share provenance; no PI or project fact inferred
20306003,B,2003,youth_c,B08,P3,true,0.968750,no_match_all_sources,E_negative_probe_only,200,200,200,200,"""20306003""","""20306003"" ""National Natural Science Foundation of China""","site:edu.cn OR site:ac.cn ""20306003""",exact_web_and_institution_search,,bibliographic/aggregator evidence only; API channels may share provenance; no PI or project fact inferred
21266004,B,2012,regional,B08,P3,true,0.968750,no_match_all_sources,E_negative_probe_only,200,200,200,200,"""21266004""","""21266004"" ""National Natural Science Foundation of China""","site:edu.cn OR site:ac.cn ""21266004""",exact_web_and_institution_search,,bibliographic/aggregator evidence only; API channels may share provenance; no PI or project fact inferred
59079406,E,1990,general,E09,P3,true,0.966667,no_match_all_sources,E_negative_probe_only,200,200,200,200,"""59079406""","""59079406"" ""National Natural Science Foundation of China""","site:edu.cn OR site:ac.cn ""59079406""",exact_web_and_institution_search,,bibliographic/aggregator evidence only; API channels may share provenance; no PI or project fact inferred
20675063,B,2006,general,B04,P3,true,0.966292,no_match_all_sources,E_negative_probe_only,200,200,200,200,"""20675063""","""20675063"" ""National Natural Science Foundation of China""","site:edu.cn OR site:ac.cn ""20675063""",exact_web_and_institution_search,,bibliographic/aggregator evidence only; API channels may share provenance; no PI or project fact inferred
21605119,B,2016,youth_c,B04,P3,true,0.963415,no_match_all_sources,E_negative_probe_only,200,200,200,200,"""21605119""","""21605119"" ""National Natural Science Foundation of China""","site:edu.cn OR site:ac.cn ""21605119""",exact_web_and_institution_search,,bibliographic/aggregator evidence only; API channels may share provenance; no PI or project fact inferred
20575024,B,2005,general,B04,P3,true,0.962963,no_match_all_sources,E_negative_probe_only,200,200,200,200,"""20575024""","""20575024"" ""National Natural Science Foundation of China""","site:edu.cn OR site:ac.cn ""20575024""",exact_web_and_institution_search,,bibliographic/aggregator evidence only; API channels may share provenance; no PI or project fact inferred
21166019,B,2011,regional,B08,P3,true,0.958333,no_match_all_sources,E_negative_probe_only,200,200,200,200,"""21166019""","""21166019"" ""National Natural Science Foundation of China""","site:edu.cn OR site:ac.cn ""21166019""",exact_web_and_institution_search,,bibliographic/aggregator evidence only; API channels may share provenance; no PI or project fact inferred
20507020,B,2005,youth_c,B06,P3,true,0.956522,no_match_all_sources,E_negative_probe_only,200,200,200,200,"""20507020""","""20507020"" ""National Natural Science Foundation of China""","site:edu.cn OR site:ac.cn ""20507020""",exact_web_and_institution_search,,bibliographic/aggregator evidence only; API channels may share provenance; no PI or project fact inferred
58770079,E,1987,general,E02,P3,true,0.955556,no_match_all_sources,E_negative_probe_only,200,200,200,200,"""58770079""","""58770079"" ""National Natural Science Foundation of China""","site:edu.cn OR site:ac.cn ""58770079""",exact_web_and_institution_search,,bibliographic/aggregator evidence only; API channels may share provenance; no PI or project fact inferred
20176053,B,2001,general,B08,P3,true,0.954545,no_match_all_sources,E_negative_probe_only,200,200,200,200,"""20176053""","""20176053"" ""National Natural Science Foundation of China""","site:edu.cn OR site:ac.cn ""20176053""",exact_web_and_institution_search,,bibliographic/aggregator evidence only; API channels may share provenance; no PI or project fact inferred
20775049,B,2007,general,B04,P3,true,0.947917,no_match_all_sources,E_negative_probe_only,200,200,200,200,"""20775049""","""20775049"" ""National Natural Science Foundation of China""","site:edu.cn OR site:ac.cn ""20775049""",exact_web_and_institution_search,,bibliographic/aggregator evidence only; API channels may share provenance; no PI or project fact inferred
20775052,B,2007,general,B04,P3,true,0.947917,no_match_all_sources,E_negative_probe_only,200,200,200,200,"""20775052""","""20775052"" ""National Natural Science Foundation of China""","site:edu.cn OR site:ac.cn ""20775052""",exact_web_and_institution_search,,bibliographic/aggregator evidence only; API channels may share provenance; no PI or project fact inferred
29275199,B,1992,general,B04,P3,true,0.941176,no_match_all_sources,E_negative_probe_only,200,200,200,200,"""29275199""","""29275199"" ""National Natural Science Foundation of China""","site:edu.cn OR site:ac.cn ""29275199""",exact_web_and_institution_search,,bibliographic/aggregator evidence only; API channels may share provenance; no PI or project fact inferred
29275209,B,1992,general,B04,P3,true,0.941176,no_match_all_sources,E_negative_probe_only,200,200,200,200,"""29275209""","""29275209"" ""National Natural Science Foundation of China""","site:edu.cn OR site:ac.cn ""29275209""",exact_web_and_institution_search,,bibliographic/aggregator evidence only; API channels may share provenance; no PI or project fact inferred
58770309,E,1987,general,E07,P3,true,0.933333,no_match_all_sources,E_negative_probe_only,200,200,200,200,"""58770309""","""58770309"" ""National Natural Science Foundation of China""","site:edu.cn OR site:ac.cn ""58770309""",exact_web_and_institution_search,,bibliographic/aggregator evidence only; API channels may share provenance; no PI or project fact inferred
58770323,E,1987,general,E07,P3,true,0.933333,no_match_all_sources,E_negative_probe_only,200,200,200,200,"""58770323""","""58770323"" ""National Natural Science Foundation of China""","site:edu.cn OR site:ac.cn ""58770323""",exact_web_and_institution_search,,bibliographic/aggregator evidence only; API channels may share provenance; no PI or project fact inferred
20506014,B,2005,youth_c,B08,P3,true,0.931034,no_match_all_sources,E_negative_probe_only,200,200,200,200,"""20506014""","""20506014"" ""National Natural Science Foundation of China""","site:edu.cn OR site:ac.cn ""20506014""",exact_web_and_institution_search,,bibliographic/aggregator evidence only; API channels may share provenance; no PI or project fact inferred
20506015,B,2005,youth_c,B08,P3,true,0.931034,no_match_all_sources,E_negative_probe_only,200,200,200,200,"""20506015""","""20506015"" ""National Natural Science Foundation of China""","site:edu.cn OR site:ac.cn ""20506015""",exact_web_and_institution_search,,bibliographic/aggregator evidence only; API channels may share provenance; no PI or project fact inferred
20475044,B,2004,general,B04,P3,true,0.927536,no_match_all_sources,E_negative_probe_only,200,200,200,200,"""20475044""","""20475044"" ""National Natural Science Foundation of China""","site:edu.cn OR site:ac.cn ""20475044""",exact_web_and_institution_search,,bibliographic/aggregator evidence only; API channels may share provenance; no PI or project fact inferred
20475062,B,2004,general,B04,P3,true,0.927536,no_match_all_sources,E_negative_probe_only,200,200,200,200,"""20475062""","""20475062"" ""National Natural Science Foundation of China""","site:edu.cn OR site:ac.cn ""20475062""",exact_web_and_institution_search,,bibliographic/aggregator evidence only; API channels may share provenance; no PI or project fact inferred
20475067,B,2004,general,B04,P3,true,0.927536,no_match_all_sources,E_negative_probe_only,200,200,200,200,"""20475067""","""20475067"" ""National Natural Science Foundation of China""","site:edu.cn OR site:ac.cn ""20475067""",exact_web_and_institution_search,,bibliographic/aggregator evidence only; API channels may share provenance; no PI or project fact inferred
59179387,E,1991,general,E09,P3,true,0.923077,no_match_all_sources,E_negative_probe_only,200,200,200,200,"""59179387""","""59179387"" ""National Natural Science Foundation of China""","site:edu.cn OR site:ac.cn ""59179387""",exact_web_and_institution_search,,bibliographic/aggregator evidence only; API channels may share provenance; no PI or project fact inferred
59179388,E,1991,general,E09,P3,true,0.923077,no_match_all_sources,E_negative_probe_only,200,200,200,200,"""59179388""","""59179388"" ""National Natural Science Foundation of China""","site:edu.cn OR site:ac.cn ""59179388""",exact_web_and_institution_search,,bibliographic/aggregator evidence only; API channels may share provenance; no PI or project fact inferred
59608004,E,1996,youth_c,E08,P3,true,0.923077,no_match_all_sources,E_negative_probe_only,200,200,200,200,"""59608004""","""59608004"" ""National Natural Science Foundation of China""","site:edu.cn OR site:ac.cn ""59608004""",exact_web_and_institution_search,,bibliographic/aggregator evidence only; API channels may share provenance; no PI or project fact inferred
59808012,E,1998,youth_c,E08,P3,true,0.923077,no_match_all_sources,E_negative_probe_only,200,200,200,200,"""59808012""","""59808012"" ""National Natural Science Foundation of China""","site:edu.cn OR site:ac.cn ""59808012""",exact_web_and_institution_search,,bibliographic/aggregator evidence only; API channels may share provenance; no PI or project fact inferred
21465018,B,2014,regional,B04,P3,true,0.923077,no_match_all_sources,E_negative_probe_only,200,200,200,200,"""21465018""","""21465018"" ""National Natural Science Foundation of China""","site:edu.cn OR site:ac.cn ""21465018""",exact_web_and_institution_search,,bibliographic/aggregator evidence only; API channels may share provenance; no PI or project fact inferred
29875007,B,1998,general,B04,P3,true,0.916667,no_match_all_sources,E_negative_probe_only,200,200,200,200,"""29875007""","""29875007"" ""National Natural Science Foundation of China""","site:edu.cn OR site:ac.cn ""29875007""",exact_web_and_institution_search,,bibliographic/aggregator evidence only; API channels may share provenance; no PI or project fact inferred
29875013,B,1998,general,B04,P3,true,0.916667,no_match_all_sources,E_negative_probe_only,200,200,200,200,"""29875013""","""29875013"" ""National Natural Science Foundation of China""","site:edu.cn OR site:ac.cn ""29875013""",exact_web_and_institution_search,,bibliographic/aggregator evidence only; API channels may share provenance; no PI or project fact inferred
29875029,B,1998,general,B04,P3,true,0.916667,no_match_all_sources,E_negative_probe_only,200,200,200,200,"""29875029""","""29875029"" ""National Natural Science Foundation of China""","site:edu.cn OR site:ac.cn ""29875029""",exact_web_and_institution_search,,bibliographic/aggregator evidence only; API channels may share provenance; no PI or project fact inferred
50868005,E,2008,regional,E08,P3,true,0.916667,no_match_all_sources,E_negative_probe_only,200,200,200,200,"""50868005""","""50868005"" ""National Natural Science Foundation of China""","site:edu.cn OR site:ac.cn ""50868005""",exact_web_and_institution_search,,bibliographic/aggregator evidence only; API channels may share provenance; no PI or project fact inferred
51144002,E,2011,special,E04,P3,true,0.916667,no_match_all_sources,E_negative_probe_only,200,200,200,200,"""51144002""","""51144002"" ""National Natural Science Foundation of China""","site:edu.cn OR site:ac.cn ""51144002""",exact_web_and_institution_search,,bibliographic/aggregator evidence only; API channels may share provenance; no PI or project fact inferred
29775015,B,1997,general,B04,P3,true,0.914286,no_match_all_sources,E_negative_probe_only,200,200,200,200,"""29775015""","""29775015"" ""National Natural Science Foundation of China""","site:edu.cn OR site:ac.cn ""29775015""",exact_web_and_institution_search,,bibliographic/aggregator evidence only; API channels may share provenance; no PI or project fact inferred
29775022,B,1997,general,B04,P3,true,0.914286,no_match_all_sources,E_negative_probe_only,200,200,200,200,"""29775022""","""29775022"" ""National Natural Science Foundation of China""","site:edu.cn OR site:ac.cn ""29775022""",exact_web_and_institution_search,,bibliographic/aggregator evidence only; API channels may share provenance; no PI or project fact inferred
29775033,B,1997,general,B04,P3,true,0.914286,no_match_all_sources,E_negative_probe_only,200,200,200,200,"""29775033""","""29775033"" ""National Natural Science Foundation of China""","site:edu.cn OR site:ac.cn ""29775033""",exact_web_and_institution_search,,bibliographic/aggregator evidence only; API channels may share provenance; no PI or project fact inferred
58979389,E,1989,general,E09,P3,true,0.913043,no_match_all_sources,E_negative_probe_only,200,200,200,200,"""58979389""","""58979389"" ""National Natural Science Foundation of China""","site:edu.cn OR site:ac.cn ""58979389""",exact_web_and_institution_search,,bibliographic/aggregator evidence only; API channels may share provenance; no PI or project fact inferred
58979391,E,1989,general,E09,P3,true,0.913043,no_match_all_sources,E_negative_probe_only,200,200,200,200,"""58979391""","""58979391"" ""National Natural Science Foundation of China""","site:edu.cn OR site:ac.cn ""58979391""",exact_web_and_institution_search,,bibliographic/aggregator evidence only; API channels may share provenance; no PI or project fact inferred
29903010,B,1999,youth_c,B02,P3,true,0.909091,no_match_all_sources,E_negative_probe_only,200,200,200,200,"""29903010""","""29903010"" ""National Natural Science Foundation of China""","site:edu.cn OR site:ac.cn ""29903010""",exact_web_and_institution_search,,bibliographic/aggregator evidence only; API channels may share provenance; no PI or project fact inferred
51041009,E,2010,special,E01,P3,true,0.909091,no_match_all_sources,E_negative_probe_only,200,200,200,200,"""51041009""","""51041009"" ""National Natural Science Foundation of China""","site:edu.cn OR site:ac.cn ""51041009""",exact_web_and_institution_search,,bibliographic/aggregator evidence only; API channels may share provenance; no PI or project fact inferred
51045003,E,2010,special,E05,P3,true,0.909091,no_match_all_sources,E_negative_probe_only,200,200,200,200,"""51045003""","""51045003"" ""National Natural Science Foundation of China""","site:edu.cn OR site:ac.cn ""51045003""",exact_web_and_institution_search,,bibliographic/aggregator evidence only; API channels may share provenance; no PI or project fact inferred
59279373,E,1992,general,E09,P3,true,0.900000,no_match_all_sources,E_negative_probe_only,200,200,200,200,"""59279373""","""59279373"" ""National Natural Science Foundation of China""","site:edu.cn OR site:ac.cn ""59279373""",exact_web_and_institution_search,,bibliographic/aggregator evidence only; API channels may share provenance; no PI or project fact inferred
59279396,E,1992,general,E09,P3,true,0.900000,no_match_all_sources,E_negative_probe_only,200,200,200,200,"""59279396""","""59279396"" ""National Natural Science Foundation of China""","site:edu.cn OR site:ac.cn ""59279396""",exact_web_and_institution_search,,bibliographic/aggregator evidence only; API channels may share provenance; no PI or project fact inferred
59279397,E,1992,general,E09,P3,true,0.900000,no_match_all_sources,E_negative_probe_only,200,200,200,200,"""59279397""","""59279397"" ""National Natural Science Foundation of China""","site:edu.cn OR site:ac.cn ""59279397""",exact_web_and_institution_search,,bibliographic/aggregator evidence only; API channels may share provenance; no PI or project fact inferred
59378349,E,1993,general,E10,P3,true,0.900000,no_match_all_sources,E_negative_probe_only,200,200,200,200,"""59378349""","""59378349"" ""National Natural Science Foundation of China""","site:edu.cn OR site:ac.cn ""59378349""",exact_web_and_institution_search,,bibliographic/aggregator evidence only; API channels may share provenance; no PI or project fact inferred
20505013,B,2005,youth_c,B04,P3,true,0.900000,no_match_all_sources,E_negative_probe_only,200,200,200,200,"""20505013""","""20505013"" ""National Natural Science Foundation of China""","site:edu.cn OR site:ac.cn ""20505013""",exact_web_and_institution_search,,bibliographic/aggregator evidence only; API channels may share provenance; no PI or project fact inferred
20505015,B,2005,youth_c,B04,P3,true,0.900000,no_match_all_sources,E_negative_probe_only,200,200,200,200,"""20505015""","""20505015"" ""National Natural Science Foundation of China""","site:edu.cn OR site:ac.cn ""20505015""",exact_web_and_institution_search,,bibliographic/aggregator evidence only; API channels may share provenance; no PI or project fact inferred
50768006,E,2007,regional,E08,P3,true,0.900000,no_match_all_sources,E_negative_probe_only,200,200,200,200,"""50768006""","""50768006"" ""National Natural Science Foundation of China""","site:edu.cn OR site:ac.cn ""50768006""",exact_web_and_institution_search,,bibliographic/aggregator evidence only; API channels may share provenance; no PI or project fact inferred
29070149,B,1990,general,B02,P3,true,0.897959,no_match_all_sources,E_negative_probe_only,200,200,200,200,"""29070149""","""29070149"" ""National Natural Science Foundation of China""","site:edu.cn OR site:ac.cn ""29070149""",exact_web_and_institution_search,,bibliographic/aggregator evidence only; API channels may share provenance; no PI or project fact inferred
29070150,B,1990,general,B02,P3,true,0.897959,no_match_all_sources,E_negative_probe_only,200,200,200,200,"""29070150""","""29070150"" ""National Natural Science Foundation of China""","site:edu.cn OR site:ac.cn ""29070150""",exact_web_and_institution_search,,bibliographic/aggregator evidence only; API channels may share provenance; no PI or project fact inferred
29070151,B,1990,general,B02,P3,true,0.897959,no_match_all_sources,E_negative_probe_only,200,200,200,200,"""29070151""","""29070151"" ""National Natural Science Foundation of China""","site:edu.cn OR site:ac.cn ""29070151""",exact_web_and_institution_search,,bibliographic/aggregator evidence only; API channels may share provenance; no PI or project fact inferred
29070152,B,1990,general,B02,P3,true,0.897959,no_match_all_sources,E_negative_probe_only,200,200,200,200,"""29070152""","""29070152"" ""National Natural Science Foundation of China""","site:edu.cn OR site:ac.cn ""29070152""",exact_web_and_institution_search,,bibliographic/aggregator evidence only; API channels may share provenance; no PI or project fact inferred
29070153,B,1990,general,B02,P3,true,0.897959,no_match_all_sources,E_negative_probe_only,200,200,200,200,"""29070153""","""29070153"" ""National Natural Science Foundation of China""","site:edu.cn OR site:ac.cn ""29070153""",exact_web_and_institution_search,,bibliographic/aggregator evidence only; API channels may share provenance; no PI or project fact inferred
59679022,E,1996,general,E09,P3,true,0.896552,no_match_all_sources,E_negative_probe_only,200,200,200,200,"""59679022""","""59679022"" ""National Natural Science Foundation of China""","site:edu.cn OR site:ac.cn ""59679022""",exact_web_and_institution_search,,bibliographic/aggregator evidence only; API channels may share provenance; no PI or project fact inferred
59679023,E,1996,general,E09,P3,true,0.896552,no_match_all_sources,E_negative_probe_only,200,200,200,200,"""59679023""","""59679023"" ""National Natural Science Foundation of China""","site:edu.cn OR site:ac.cn ""59679023""",exact_web_and_institution_search,,bibliographic/aggregator evidence only; API channels may share provenance; no PI or project fact inferred
59679024,E,1996,general,E09,P3,true,0.896552,no_match_all_sources,E_negative_probe_only,200,200,200,200,"""59679024""","""59679024"" ""National Natural Science Foundation of China""","site:edu.cn OR site:ac.cn ""59679024""",exact_web_and_institution_search,,bibliographic/aggregator evidence only; API channels may share provenance; no PI or project fact inferred
59579002,E,1995,general,E09,P3,true,0.892857,no_match_all_sources,E_negative_probe_only,200,200,200,200,"""59579002""","""59579002"" ""National Natural Science Foundation of China""","site:edu.cn OR site:ac.cn ""59579002""",exact_web_and_institution_search,,bibliographic/aggregator evidence only; API channels may share provenance; no PI or project fact inferred
59579021,E,1995,general,E09,P3,true,0.892857,no_match_all_sources,E_negative_probe_only,200,200,200,200,"""59579021""","""59579021"" ""National Natural Science Foundation of China""","site:edu.cn OR site:ac.cn ""59579021""",exact_web_and_institution_search,,bibliographic/aggregator evidence only; API channels may share provenance; no PI or project fact inferred
59579022,E,1995,general,E09,P3,true,0.892857,no_match_all_sources,E_negative_probe_only,200,200,200,200,"""59579022""","""59579022"" ""National Natural Science Foundation of China""","site:edu.cn OR site:ac.cn ""59579022""",exact_web_and_institution_search,,bibliographic/aggregator evidence only; API channels may share provenance; no PI or project fact inferred
58870372,E,1988,general,E09,P3,true,0.888889,no_match_all_sources,E_negative_probe_only,200,200,200,200,"""58870372""","""58870372"" ""National Natural Science Foundation of China""","site:edu.cn OR site:ac.cn ""58870372""",exact_web_and_institution_search,,bibliographic/aggregator evidence only; API channels may share provenance; no PI or project fact inferred
58870374,E,1988,general,E09,P3,true,0.888889,no_match_all_sources,E_negative_probe_only,200,200,200,200,"""58870374""","""58870374"" ""National Natural Science Foundation of China""","site:edu.cn OR site:ac.cn ""58870374""",exact_web_and_institution_search,,bibliographic/aggregator evidence only; API channels may share provenance; no PI or project fact inferred
58870382,E,1988,general,E09,P3,true,0.888889,no_match_all_sources,E_negative_probe_only,200,200,200,200,"""58870382""","""58870382"" ""National Natural Science Foundation of China""","site:edu.cn OR site:ac.cn ""58870382""",exact_web_and_institution_search,,bibliographic/aggregator evidence only; API channels may share provenance; no PI or project fact inferred
29303022,B,1993,youth_c,B03,P3,true,0.888889,no_match_all_sources,E_negative_probe_only,200,200,200,200,"""29303022""","""29303022"" ""National Natural Science Foundation of China""","site:edu.cn OR site:ac.cn ""29303022""",exact_web_and_institution_search,,bibliographic/aggregator evidence only; API channels may share provenance; no PI or project fact inferred
59379402,E,1993,general,E09,P3,true,0.888889,no_match_all_sources,E_negative_probe_only,200,200,200,200,"""59379402""","""59379402"" ""National Natural Science Foundation of China""","site:edu.cn OR site:ac.cn ""59379402""",exact_web_and_institution_search,,bibliographic/aggregator evidence only; API channels may share provenance; no PI or project fact inferred
59379403,E,1993,general,E09,P3,true,0.888889,no_match_all_sources,E_negative_probe_only,200,200,200,200,"""59379403""","""59379403"" ""National Natural Science Foundation of China""","site:edu.cn OR site:ac.cn ""59379403""",exact_web_and_institution_search,,bibliographic/aggregator evidence only; API channels may share provenance; no PI or project fact inferred
59379404,E,1993,general,E09,P3,true,0.888889,no_match_all_sources,E_negative_probe_only,200,200,200,200,"""59379404""","""59379404"" ""National Natural Science Foundation of China""","site:edu.cn OR site:ac.cn ""59379404""",exact_web_and_institution_search,,bibliographic/aggregator evidence only; API channels may share provenance; no PI or project fact inferred
20763007,B,2007,regional,B02,P3,true,0.888889,no_match_all_sources,E_negative_probe_only,200,200,200,200,"""20763007""","""20763007"" ""National Natural Science Foundation of China""","site:edu.cn OR site:ac.cn ""20763007""",exact_web_and_institution_search,,bibliographic/aggregator evidence only; API channels may share provenance; no PI or project fact inferred
50869007,E,2008,regional,E09,P3,true,0.888889,no_match_all_sources,E_negative_probe_only,200,200,200,200,"""50869007""","""50869007"" ""National Natural Science Foundation of China""","site:edu.cn OR site:ac.cn ""50869007""",exact_web_and_institution_search,,bibliographic/aggregator evidence only; API channels may share provenance; no PI or project fact inferred
50969005,E,2009,regional,E09,P3,true,0.888889,no_match_all_sources,E_negative_probe_only,200,200,200,200,"""50969005""","""50969005"" ""National Natural Science Foundation of China""","site:edu.cn OR site:ac.cn ""50969005""",exact_web_and_institution_search,,bibliographic/aggregator evidence only; API channels may share provenance; no PI or project fact inferred
51248002,E,2012,special,E08,P3,true,0.888889,no_match_all_sources,E_negative_probe_only,200,200,200,200,"""51248002""","""51248002"" ""National Natural Science Foundation of China""","site:edu.cn OR site:ac.cn ""51248002""",exact_web_and_institution_search,,bibliographic/aggregator evidence only; API channels may share provenance; no PI or project fact inferred
29475193,B,1994,general,B04,P3,true,0.885714,no_match_all_sources,E_negative_probe_only,200,200,200,200,"""29475193""","""29475193"" ""National Natural Science Foundation of China""","site:edu.cn OR site:ac.cn ""29475193""",exact_web_and_institution_search,,bibliographic/aggregator evidence only; API channels may share provenance; no PI or project fact inferred
29475200,B,1994,general,B04,P3,true,0.885714,no_match_all_sources,E_negative_probe_only,200,200,200,200,"""29475200""","""29475200"" ""National Natural Science Foundation of China""","site:edu.cn OR site:ac.cn ""29475200""",exact_web_and_institution_search,,bibliographic/aggregator evidence only; API channels may share provenance; no PI or project fact inferred
29475208,B,1994,general,B04,P3,true,0.885714,no_match_all_sources,E_negative_probe_only,200,200,200,200,"""29475208""","""29475208"" ""National Natural Science Foundation of China""","site:edu.cn OR site:ac.cn ""29475208""",exact_web_and_institution_search,,bibliographic/aggregator evidence only; API channels may share provenance; no PI or project fact inferred
29475210,B,1994,general,B04,P3,true,0.885714,no_match_all_sources,E_negative_probe_only,200,200,200,200,"""29475210""","""29475210"" ""National Natural Science Foundation of China""","site:edu.cn OR site:ac.cn ""29475210""",exact_web_and_institution_search,,bibliographic/aggregator evidence only; API channels may share provenance; no PI or project fact inferred
20075019,B,2000,general,B04,P3,true,0.885714,no_match_all_sources,E_negative_probe_only,200,200,200,200,"""20075019""","""20075019"" ""National Natural Science Foundation of China""","site:edu.cn OR site:ac.cn ""20075019""",exact_web_and_institution_search,,bibliographic/aggregator evidence only; API channels may share provenance; no PI or project fact inferred
20075023,B,2000,general,B04,P3,true,0.885714,no_match_all_sources,E_negative_probe_only,200,200,200,200,"""20075023""","""20075023"" ""National Natural Science Foundation of China""","site:edu.cn OR site:ac.cn ""20075023""",exact_web_and_institution_search,,bibliographic/aggregator evidence only; API channels may share provenance; no PI or project fact inferred
20075026,B,2000,general,B04,P3,true,0.885714,no_match_all_sources,E_negative_probe_only,200,200,200,200,"""20075026""","""20075026"" ""National Natural Science Foundation of China""","site:edu.cn OR site:ac.cn ""20075026""",exact_web_and_institution_search,,bibliographic/aggregator evidence only; API channels may share provenance; no PI or project fact inferred
20705011,B,2007,youth_c,B04,P3,true,0.880952,no_match_all_sources,E_negative_probe_only,200,200,200,200,"""20705011""","""20705011"" ""National Natural Science Foundation of China""","site:edu.cn OR site:ac.cn ""20705011""",exact_web_and_institution_search,,bibliographic/aggregator evidence only; API channels may share provenance; no PI or project fact inferred
20705022,B,2007,youth_c,B04,P3,true,0.880952,no_match_all_sources,E_negative_probe_only,200,200,200,200,"""20705022""","""20705022"" ""National Natural Science Foundation of China""","site:edu.cn OR site:ac.cn ""20705022""",exact_web_and_institution_search,,bibliographic/aggregator evidence only; API channels may share provenance; no PI or project fact inferred
20705027,B,2007,youth_c,B04,P3,true,0.880952,no_match_all_sources,E_negative_probe_only,200,200,200,200,"""20705027""","""20705027"" ""National Natural Science Foundation of China""","site:edu.cn OR site:ac.cn ""20705027""",exact_web_and_institution_search,,bibliographic/aggregator evidence only; API channels may share provenance; no PI or project fact inferred
20705032,B,2007,youth_c,B04,P3,true,0.880952,no_match_all_sources,E_negative_probe_only,200,200,200,200,"""20705032""","""20705032"" ""National Natural Science Foundation of China""","site:edu.cn OR site:ac.cn ""20705032""",exact_web_and_institution_search,,bibliographic/aggregator evidence only; API channels may share provenance; no PI or project fact inferred
29975004,B,1999,general,B04,P3,true,0.878788,no_match_all_sources,E_negative_probe_only,200,200,200,200,"""29975004""","""29975004"" ""National Natural Science Foundation of China""","site:edu.cn OR site:ac.cn ""29975004""",exact_web_and_institution_search,,bibliographic/aggregator evidence only; API channels may share provenance; no PI or project fact inferred
29975019,B,1999,general,B04,P3,true,0.878788,no_match_all_sources,E_negative_probe_only,200,200,200,200,"""29975019""","""29975019"" ""National Natural Science Foundation of China""","site:edu.cn OR site:ac.cn ""29975019""",exact_web_and_institution_search,,bibliographic/aggregator evidence only; API channels may share provenance; no PI or project fact inferred
29975027,B,1999,general,B04,P3,true,0.878788,no_match_all_sources,E_negative_probe_only,200,200,200,200,"""29975027""","""29975027"" ""National Natural Science Foundation of China""","site:edu.cn OR site:ac.cn ""29975027""",exact_web_and_institution_search,,bibliographic/aggregator evidence only; API channels may share provenance; no PI or project fact inferred
58908456,E,1989,youth_c,E08,P3,true,0.875000,no_match_all_sources,E_negative_probe_only,200,200,200,200,"""58908456""","""58908456"" ""National Natural Science Foundation of China""","site:edu.cn OR site:ac.cn ""58908456""",exact_web_and_institution_search,,bibliographic/aggregator evidence only; API channels may share provenance; no PI or project fact inferred
59109075,E,1991,youth_c,E09,P3,true,0.875000,no_match_all_sources,E_negative_probe_only,200,200,200,200,"""59109075""","""59109075"" ""National Natural Science Foundation of China""","site:edu.cn OR site:ac.cn ""59109075""",exact_web_and_institution_search,,bibliographic/aggregator evidence only; API channels may share provenance; no PI or project fact inferred
59509005,E,1995,youth_c,E09,P3,true,0.875000,no_match_all_sources,E_negative_probe_only,200,200,200,200,"""59509005""","""59509005"" ""National Natural Science Foundation of China""","site:edu.cn OR site:ac.cn ""59509005""",exact_web_and_institution_search,,bibliographic/aggregator evidence only; API channels may share provenance; no PI or project fact inferred
20443007,B,2004,special,B02,P3,true,0.875000,no_match_all_sources,E_negative_probe_only,200,200,200,200,"""20443007""","""20443007"" ""National Natural Science Foundation of China""","site:edu.cn OR site:ac.cn ""20443007""",exact_web_and_institution_search,,bibliographic/aggregator evidence only; API channels may share provenance; no PI or project fact inferred
90815018,E,2008,major_research_plan,E08,P3,true,0.870968,no_match_all_sources,E_negative_probe_only,200,200,200,200,"""90815018""","""90815018"" ""National Natural Science Foundation of China""","site:edu.cn OR site:ac.cn ""90815018""",exact_web_and_institution_search,,bibliographic/aggregator evidence only; API channels may share provenance; no PI or project fact inferred
90815019,E,2008,major_research_plan,E08,P3,true,0.870968,no_match_all_sources,E_negative_probe_only,200,200,200,200,"""90815019""","""90815019"" ""National Natural Science Foundation of China""","site:edu.cn OR site:ac.cn ""90815019""",exact_web_and_institution_search,,bibliographic/aggregator evidence only; API channels may share provenance; no PI or project fact inferred
90815020,E,2008,major_research_plan,E08,P3,true,0.870968,no_match_all_sources,E_negative_probe_only,200,200,200,200,"""90815020""","""90815020"" ""National Natural Science Foundation of China""","site:edu.cn OR site:ac.cn ""90815020""",exact_web_and_institution_search,,bibliographic/aggregator evidence only; API channels may share provenance; no PI or project fact inferred
59908004,E,1999,youth_c,E08,P3,true,0.866667,no_match_all_sources,E_negative_probe_only,200,200,200,200,"""59908004""","""59908004"" ""National Natural Science Foundation of China""","site:edu.cn OR site:ac.cn ""59908004""",exact_web_and_institution_search,,bibliographic/aggregator evidence only; API channels may share provenance; no PI or project fact inferred
59908006,E,1999,youth_c,E08,P3,true,0.866667,no_match_all_sources,E_negative_probe_only,200,200,200,200,"""59908006""","""59908006"" ""National Natural Science Foundation of China""","site:edu.cn OR site:ac.cn ""59908006""",exact_web_and_institution_search,,bibliographic/aggregator evidence only; API channels may share provenance; no PI or project fact inferred
50409007,E,2004,youth_c,E09,P3,true,0.866667,no_match_all_sources,E_negative_probe_only,200,200,200,200,"""50409007""","""50409007"" ""National Natural Science Foundation of China""","site:edu.cn OR site:ac.cn ""50409007""",exact_web_and_institution_search,,bibliographic/aggregator evidence only; API channels may share provenance; no PI or project fact inferred
50409014,E,2004,youth_c,E09,P3,true,0.866667,no_match_all_sources,E_negative_probe_only,200,200,200,200,"""50409014""","""50409014"" ""National Natural Science Foundation of China""","site:edu.cn OR site:ac.cn ""50409014""",exact_web_and_institution_search,,bibliographic/aggregator evidence only; API channels may share provenance; no PI or project fact inferred
59479004,E,1994,general,E09,P3,true,0.862069,no_match_all_sources,E_negative_probe_only,200,200,200,200,"""59479004""","""59479004"" ""National Natural Science Foundation of China""","site:edu.cn OR site:ac.cn ""59479004""",exact_web_and_institution_search,,bibliographic/aggregator evidence only; API channels may share provenance; no PI or project fact inferred
59479020,E,1994,general,E09,P3,true,0.862069,no_match_all_sources,E_negative_probe_only,200,200,200,200,"""59479020""","""59479020"" ""National Natural Science Foundation of China""","site:edu.cn OR site:ac.cn ""59479020""",exact_web_and_institution_search,,bibliographic/aggregator evidence only; API channels may share provenance; no PI or project fact inferred
59479021,E,1994,general,E09,P3,true,0.862069,no_match_all_sources,E_negative_probe_only,200,200,200,200,"""59479021""","""59479021"" ""National Natural Science Foundation of China""","site:edu.cn OR site:ac.cn ""59479021""",exact_web_and_institution_search,,bibliographic/aggregator evidence only; API channels may share provenance; no PI or project fact inferred
59479022,E,1994,general,E09,P3,true,0.862069,no_match_all_sources,E_negative_probe_only,200,200,200,200,"""59479022""","""59479022"" ""National Natural Science Foundation of China""","site:edu.cn OR site:ac.cn ""59479022""",exact_web_and_institution_search,,bibliographic/aggregator evidence only; API channels may share provenance; no PI or project fact inferred
59108060,E,1991,youth_c,E08,P3,true,0.857143,no_match_all_sources,E_negative_probe_only,200,200,200,200,"""59108060""","""59108060"" ""National Natural Science Foundation of China""","site:edu.cn OR site:ac.cn ""59108060""",exact_web_and_institution_search,,bibliographic/aggregator evidence only; API channels may share provenance; no PI or project fact inferred
59108061,E,1991,youth_c,E08,P3,true,0.857143,no_match_all_sources,E_negative_probe_only,200,200,200,200,"""59108061""","""59108061"" ""National Natural Science Foundation of China""","site:edu.cn OR site:ac.cn ""59108061""",exact_web_and_institution_search,,bibliographic/aggregator evidence only; API channels may share provenance; no PI or project fact inferred
59308076,E,1993,youth_c,E08,P3,true,0.857143,no_match_all_sources,E_negative_probe_only,200,200,200,200,"""59308076""","""59308076"" ""National Natural Science Foundation of China""","site:edu.cn OR site:ac.cn ""59308076""",exact_web_and_institution_search,,bibliographic/aggregator evidence only; API channels may share provenance; no PI or project fact inferred
59308077,E,1993,youth_c,E08,P3,true,0.857143,no_match_all_sources,E_negative_probe_only,200,200,200,200,"""59308077""","""59308077"" ""National Natural Science Foundation of China""","site:edu.cn OR site:ac.cn ""59308077""",exact_web_and_institution_search,,bibliographic/aggregator evidence only; API channels may share provenance; no PI or project fact inferred
59708005,E,1997,youth_c,E08,P3,true,0.857143,no_match_all_sources,E_negative_probe_only,200,200,200,200,"""59708005""","""59708005"" ""National Natural Science Foundation of China""","site:edu.cn OR site:ac.cn ""59708005""",exact_web_and_institution_search,,bibliographic/aggregator evidence only; API channels may share provenance; no PI or project fact inferred
59708006,E,1997,youth_c,E08,P3,true,0.857143,no_match_all_sources,E_negative_probe_only,200,200,200,200,"""59708006""","""59708006"" ""National Natural Science Foundation of China""","site:edu.cn OR site:ac.cn ""59708006""",exact_web_and_institution_search,,bibliographic/aggregator evidence only; API channels may share provenance; no PI or project fact inferred
29803006,B,1998,youth_c,B02,P3,true,0.857143,no_match_all_sources,E_negative_probe_only,200,200,200,200,"""29803006""","""29803006"" ""National Natural Science Foundation of China""","site:edu.cn OR site:ac.cn ""29803006""",exact_web_and_institution_search,,bibliographic/aggregator evidence only; API channels may share provenance; no PI or project fact inferred
59879009,E,1998,general,E09,P3,true,0.857143,no_match_all_sources,E_negative_probe_only,200,200,200,200,"""59879009""","""59879009"" ""National Natural Science Foundation of China""","site:edu.cn OR site:ac.cn ""59879009""",exact_web_and_institution_search,,bibliographic/aggregator evidence only; API channels may share provenance; no PI or project fact inferred
59879010,E,1998,general,E09,P3,true,0.857143,no_match_all_sources,E_negative_probe_only,200,200,200,200,"""59879010""","""59879010"" ""National Natural Science Foundation of China""","site:edu.cn OR site:ac.cn ""59879010""",exact_web_and_institution_search,,bibliographic/aggregator evidence only; API channels may share provenance; no PI or project fact inferred
59879019,E,1998,general,E09,P3,true,0.857143,no_match_all_sources,E_negative_probe_only,200,200,200,200,"""59879019""","""59879019"" ""National Natural Science Foundation of China""","site:edu.cn OR site:ac.cn ""59879019""",exact_web_and_institution_search,,bibliographic/aggregator evidence only; API channels may share provenance; no PI or project fact inferred
59879026,E,1998,general,E09,P3,true,0.857143,no_match_all_sources,E_negative_probe_only,200,200,200,200,"""59879026""","""59879026"" ""National Natural Science Foundation of China""","site:edu.cn OR site:ac.cn ""59879026""",exact_web_and_institution_search,,bibliographic/aggregator evidence only; API channels may share provenance; no PI or project fact inferred
20401004,B,2004,youth_c,B01,P3,true,0.857143,no_match_all_sources,E_negative_probe_only,200,200,200,200,"""20401004""","""20401004"" ""National Natural Science Foundation of China""","site:edu.cn OR site:ac.cn ""20401004""",exact_web_and_institution_search,,bibliographic/aggregator evidence only; API channels may share provenance; no PI or project fact inferred
20741005,B,2007,special,B01,P3,true,0.857143,no_match_all_sources,E_negative_probe_only,200,200,200,200,"""20741005""","""20741005"" ""National Natural Science Foundation of China""","site:edu.cn OR site:ac.cn ""20741005""",exact_web_and_institution_search,,bibliographic/aggregator evidence only; API channels may share provenance; no PI or project fact inferred
51569006,E,2015,regional,E09,P3,true,0.857143,no_match_all_sources,E_negative_probe_only,200,200,200,200,"""51569006""","""51569006"" ""National Natural Science Foundation of China""","site:edu.cn OR site:ac.cn ""51569006""",exact_web_and_institution_search,,bibliographic/aggregator evidence only; API channels may share provenance; no PI or project fact inferred
51569015,E,2015,regional,E09,P3,true,0.857143,no_match_all_sources,E_negative_probe_only,200,200,200,200,"""51569015""","""51569015"" ""National Natural Science Foundation of China""","site:edu.cn OR site:ac.cn ""51569015""",exact_web_and_institution_search,,bibliographic/aggregator evidence only; API channels may share provenance; no PI or project fact inferred
50779003,E,2007,general,E09,P3,true,0.853659,no_match_all_sources,E_negative_probe_only,200,200,200,200,"""50779003""","""50779003"" ""National Natural Science Foundation of China""","site:edu.cn OR site:ac.cn ""50779003""",exact_web_and_institution_search,,bibliographic/aggregator evidence only; API channels may share provenance; no PI or project fact inferred
50779004,E,2007,general,E09,P3,true,0.853659,no_match_all_sources,E_negative_probe_only,200,200,200,200,"""50779004""","""50779004"" ""National Natural Science Foundation of China""","site:edu.cn OR site:ac.cn ""50779004""",exact_web_and_institution_search,,bibliographic/aggregator evidence only; API channels may share provenance; no PI or project fact inferred
50779006,E,2007,general,E09,P3,true,0.853659,no_match_all_sources,E_negative_probe_only,200,200,200,200,"""50779006""","""50779006"" ""National Natural Science Foundation of China""","site:edu.cn OR site:ac.cn ""50779006""",exact_web_and_institution_search,,bibliographic/aggregator evidence only; API channels may share provenance; no PI or project fact inferred
50779015,E,2007,general,E09,P3,true,0.853659,no_match_all_sources,E_negative_probe_only,200,200,200,200,"""50779015""","""50779015"" ""National Natural Science Foundation of China""","site:edu.cn OR site:ac.cn ""50779015""",exact_web_and_institution_search,,bibliographic/aggregator evidence only; API channels may share provenance; no PI or project fact inferred
50779016,E,2007,general,E09,P3,true,0.853659,no_match_all_sources,E_negative_probe_only,200,200,200,200,"""50779016""","""50779016"" ""National Natural Science Foundation of China""","site:edu.cn OR site:ac.cn ""50779016""",exact_web_and_institution_search,,bibliographic/aggregator evidence only; API channels may share provenance; no PI or project fact inferred
50779026,E,2007,general,E09,P3,true,0.853659,no_match_all_sources,E_negative_probe_only,200,200,200,200,"""50779026""","""50779026"" ""National Natural Science Foundation of China""","site:edu.cn OR site:ac.cn ""50779026""",exact_web_and_institution_search,,bibliographic/aggregator evidence only; API channels may share provenance; no PI or project fact inferred
50779045,E,2007,general,E09,P3,true,0.853659,no_match_all_sources,E_negative_probe_only,200,200,200,200,"""50779045""","""50779045"" ""National Natural Science Foundation of China""","site:edu.cn OR site:ac.cn ""50779045""",exact_web_and_institution_search,,bibliographic/aggregator evidence only; API channels may share provenance; no PI or project fact inferred
50779072,E,2007,general,E09,P3,true,0.853659,no_match_all_sources,E_negative_probe_only,200,200,200,200,"""50779072""","""50779072"" ""National Natural Science Foundation of China""","site:edu.cn OR site:ac.cn ""50779072""",exact_web_and_institution_search,,bibliographic/aggregator evidence only; API channels may share provenance; no PI or project fact inferred
50779075,E,2007,general,E09,P3,true,0.853659,no_match_all_sources,E_negative_probe_only,200,200,200,200,"""50779075""","""50779075"" ""National Natural Science Foundation of China""","site:edu.cn OR site:ac.cn ""50779075""",exact_web_and_institution_search,,bibliographic/aggregator evidence only; API channels may share provenance; no PI or project fact inferred
29575196,B,1995,general,B04,P3,true,0.852941,no_match_all_sources,E_negative_probe_only,200,200,200,200,"""29575196""","""29575196"" ""National Natural Science Foundation of China""","site:edu.cn OR site:ac.cn ""29575196""",exact_web_and_institution_search,,bibliographic/aggregator evidence only; API channels may share provenance; no PI or project fact inferred
29575200,B,1995,general,B04,P3,true,0.852941,no_match_all_sources,E_negative_probe_only,200,200,200,200,"""29575200""","""29575200"" ""National Natural Science Foundation of China""","site:edu.cn OR site:ac.cn ""29575200""",exact_web_and_institution_search,,bibliographic/aggregator evidence only; API channels may share provenance; no PI or project fact inferred
29575203,B,1995,general,B04,P3,true,0.852941,no_match_all_sources,E_negative_probe_only,200,200,200,200,"""29575203""","""29575203"" ""National Natural Science Foundation of China""","site:edu.cn OR site:ac.cn ""29575203""",exact_web_and_institution_search,,bibliographic/aggregator evidence only; API channels may share provenance; no PI or project fact inferred
29575218,B,1995,general,B04,P3,true,0.852941,no_match_all_sources,E_negative_probe_only,200,200,200,200,"""29575218""","""29575218"" ""National Natural Science Foundation of China""","site:edu.cn OR site:ac.cn ""29575218""",exact_web_and_institution_search,,bibliographic/aggregator evidence only; API channels may share provenance; no PI or project fact inferred
29575220,B,1995,general,B04,P3,true,0.852941,no_match_all_sources,E_negative_probe_only,200,200,200,200,"""29575220""","""29575220"" ""National Natural Science Foundation of China""","site:edu.cn OR site:ac.cn ""29575220""",exact_web_and_institution_search,,bibliographic/aggregator evidence only; API channels may share provenance; no PI or project fact inferred
59178322,E,1991,general,E08,P3,true,0.850000,no_match_all_sources,E_negative_probe_only,200,200,200,200,"""59178322""","""59178322"" ""National Natural Science Foundation of China""","site:edu.cn OR site:ac.cn ""59178322""",exact_web_and_institution_search,,bibliographic/aggregator evidence only; API channels may share provenance; no PI or project fact inferred
59178323,E,1991,general,E08,P3,true,0.850000,no_match_all_sources,E_negative_probe_only,200,200,200,200,"""59178323""","""59178323"" ""National Natural Science Foundation of China""","site:edu.cn OR site:ac.cn ""59178323""",exact_web_and_institution_search,,bibliographic/aggregator evidence only; API channels may share provenance; no PI or project fact inferred
59178324,E,1991,general,E08,P3,true,0.850000,no_match_all_sources,E_negative_probe_only,200,200,200,200,"""59178324""","""59178324"" ""National Natural Science Foundation of China""","site:edu.cn OR site:ac.cn ""59178324""",exact_web_and_institution_search,,bibliographic/aggregator evidence only; API channels may share provenance; no PI or project fact inferred
59178325,E,1991,general,E08,P3,true,0.850000,no_match_all_sources,E_negative_probe_only,200,200,200,200,"""59178325""","""59178325"" ""National Natural Science Foundation of China""","site:edu.cn OR site:ac.cn ""59178325""",exact_web_and_institution_search,,bibliographic/aggregator evidence only; API channels may share provenance; no PI or project fact inferred
59178326,E,1991,general,E08,P3,true,0.850000,no_match_all_sources,E_negative_probe_only,200,200,200,200,"""59178326""","""59178326"" ""National Natural Science Foundation of China""","site:edu.cn OR site:ac.cn ""59178326""",exact_web_and_institution_search,,bibliographic/aggregator evidence only; API channels may share provenance; no PI or project fact inferred
59178327,E,1991,general,E08,P3,true,0.850000,no_match_all_sources,E_negative_probe_only,200,200,200,200,"""59178327""","""59178327"" ""National Natural Science Foundation of China""","site:edu.cn OR site:ac.cn ""59178327""",exact_web_and_institution_search,,bibliographic/aggregator evidence only; API channels may share provenance; no PI or project fact inferred
59178328,E,1991,general,E08,P3,true,0.850000,no_match_all_sources,E_negative_probe_only,200,200,200,200,"""59178328""","""59178328"" ""National Natural Science Foundation of China""","site:edu.cn OR site:ac.cn ""59178328""",exact_web_and_institution_search,,bibliographic/aggregator evidence only; API channels may share provenance; no PI or project fact inferred
59178329,E,1991,general,E08,P3,true,0.850000,no_match_all_sources,E_negative_probe_only,200,200,200,200,"""59178329""","""59178329"" ""National Natural Science Foundation of China""","site:edu.cn OR site:ac.cn ""59178329""",exact_web_and_institution_search,,bibliographic/aggregator evidence only; API channels may share provenance; no PI or project fact inferred
59178330,E,1991,general,E08,P3,true,0.850000,no_match_all_sources,E_negative_probe_only,200,200,200,200,"""59178330""","""59178330"" ""National Natural Science Foundation of China""","site:edu.cn OR site:ac.cn ""59178330""",exact_web_and_institution_search,,bibliographic/aggregator evidence only; API channels may share provenance; no PI or project fact inferred
58978317,E,1989,general,E08,P3,true,0.848485,no_match_all_sources,E_negative_probe_only,200,200,200,200,"""58978317""","""58978317"" ""National Natural Science Foundation of China""","site:edu.cn OR site:ac.cn ""58978317""",exact_web_and_institution_search,,bibliographic/aggregator evidence only; API channels may share provenance; no PI or project fact inferred
58978332,E,1989,general,E08,P3,true,0.848485,no_match_all_sources,E_negative_probe_only,200,200,200,200,"""58978332""","""58978332"" ""National Natural Science Foundation of China""","site:edu.cn OR site:ac.cn ""58978332""",exact_web_and_institution_search,,bibliographic/aggregator evidence only; API channels may share provenance; no PI or project fact inferred
58978334,E,1989,general,E08,P3,true,0.848485,no_match_all_sources,E_negative_probe_only,200,200,200,200,"""58978334""","""58978334"" ""National Natural Science Foundation of China""","site:edu.cn OR site:ac.cn ""58978334""",exact_web_and_institution_search,,bibliographic/aggregator evidence only; API channels may share provenance; no PI or project fact inferred
58978335,E,1989,general,E08,P3,true,0.848485,no_match_all_sources,E_negative_probe_only,200,200,200,200,"""58978335""","""58978335"" ""National Natural Science Foundation of China""","site:edu.cn OR site:ac.cn ""58978335""",exact_web_and_institution_search,,bibliographic/aggregator evidence only; API channels may share provenance; no PI or project fact inferred
58978339,E,1989,general,E08,P3,true,0.848485,no_match_all_sources,E_negative_probe_only,200,200,200,200,"""58978339""","""58978339"" ""National Natural Science Foundation of China""","site:edu.cn OR site:ac.cn ""58978339""",exact_web_and_institution_search,,bibliographic/aggregator evidence only; API channels may share provenance; no PI or project fact inferred
58978359,E,1989,general,E08,P3,true,0.848485,no_match_all_sources,E_negative_probe_only,200,200,200,200,"""58978359""","""58978359"" ""National Natural Science Foundation of China""","site:edu.cn OR site:ac.cn ""58978359""",exact_web_and_institution_search,,bibliographic/aggregator evidence only; API channels may share provenance; no PI or project fact inferred
58978361,E,1989,general,E08,P3,true,0.848485,no_match_all_sources,E_negative_probe_only,200,200,200,200,"""58978361""","""58978361"" ""National Natural Science Foundation of China""","site:edu.cn OR site:ac.cn ""58978361""",exact_web_and_institution_search,,bibliographic/aggregator evidence only; API channels may share provenance; no PI or project fact inferred
58978364,E,1989,general,E08,P3,true,0.848485,no_match_all_sources,E_negative_probe_only,200,200,200,200,"""58978364""","""58978364"" ""National Natural Science Foundation of China""","site:edu.cn OR site:ac.cn ""58978364""",exact_web_and_institution_search,,bibliographic/aggregator evidence only; API channels may share provenance; no PI or project fact inferred
58978365,E,1989,general,E08,P3,true,0.848485,no_match_all_sources,E_negative_probe_only,200,200,200,200,"""58978365""","""58978365"" ""National Natural Science Foundation of China""","site:edu.cn OR site:ac.cn ""58978365""",exact_web_and_institution_search,,bibliographic/aggregator evidence only; API channels may share provenance; no PI or project fact inferred
58978366,E,1989,general,E08,P3,true,0.848485,no_match_all_sources,E_negative_probe_only,200,200,200,200,"""58978366""","""58978366"" ""National Natural Science Foundation of China""","site:edu.cn OR site:ac.cn ""58978366""",exact_web_and_institution_search,,bibliographic/aggregator evidence only; API channels may share provenance; no PI or project fact inferred
50579007,E,2005,general,E09,P3,true,0.848101,no_match_all_sources,E_negative_probe_only,200,200,200,200,"""50579007""","""50579007"" ""National Natural Science Foundation of China""","site:edu.cn OR site:ac.cn ""50579007""",exact_web_and_institution_search,,bibliographic/aggregator evidence only; API channels may share provenance; no PI or project fact inferred
50579015,E,2005,general,E09,P3,true,0.848101,no_match_all_sources,E_negative_probe_only,200,200,200,200,"""50579015""","""50579015"" ""National Natural Science Foundation of China""","site:edu.cn OR site:ac.cn ""50579015""",exact_web_and_institution_search,,bibliographic/aggregator evidence only; API channels may share provenance; no PI or project fact inferred
50579016,E,2005,general,E09,P3,true,0.848101,no_match_all_sources,E_negative_probe_only,200,200,200,200,"""50579016""","""50579016"" ""National Natural Science Foundation of China""","site:edu.cn OR site:ac.cn ""50579016""",exact_web_and_institution_search,,bibliographic/aggregator evidence only; API channels may share provenance; no PI or project fact inferred
50579023,E,2005,general,E09,P3,true,0.848101,no_match_all_sources,E_negative_probe_only,200,200,200,200,"""50579023""","""50579023"" ""National Natural Science Foundation of China""","site:edu.cn OR site:ac.cn ""50579023""",exact_web_and_institution_search,,bibliographic/aggregator evidence only; API channels may share provenance; no PI or project fact inferred
50579034,E,2005,general,E09,P3,true,0.848101,no_match_all_sources,E_negative_probe_only,200,200,200,200,"""50579034""","""50579034"" ""National Natural Science Foundation of China""","site:edu.cn OR site:ac.cn ""50579034""",exact_web_and_institution_search,,bibliographic/aggregator evidence only; API channels may share provenance; no PI or project fact inferred
50579035,E,2005,general,E09,P3,true,0.848101,no_match_all_sources,E_negative_probe_only,200,200,200,200,"""50579035""","""50579035"" ""National Natural Science Foundation of China""","site:edu.cn OR site:ac.cn ""50579035""",exact_web_and_institution_search,,bibliographic/aggregator evidence only; API channels may share provenance; no PI or project fact inferred
50579043,E,2005,general,E09,P3,true,0.848101,no_match_all_sources,E_negative_probe_only,200,200,200,200,"""50579043""","""50579043"" ""National Natural Science Foundation of China""","site:edu.cn OR site:ac.cn ""50579043""",exact_web_and_institution_search,,bibliographic/aggregator evidence only; API channels may share provenance; no PI or project fact inferred
50579047,E,2005,general,E09,P3,true,0.848101,no_match_all_sources,E_negative_probe_only,200,200,200,200,"""50579047""","""50579047"" ""National Natural Science Foundation of China""","site:edu.cn OR site:ac.cn ""50579047""",exact_web_and_institution_search,,bibliographic/aggregator evidence only; API channels may share provenance; no PI or project fact inferred
50579061,E,2005,general,E09,P3,true,0.848101,no_match_all_sources,E_negative_probe_only,200,200,200,200,"""50579061""","""50579061"" ""National Natural Science Foundation of China""","site:edu.cn OR site:ac.cn ""50579061""",exact_web_and_institution_search,,bibliographic/aggregator evidence only; API channels may share provenance; no PI or project fact inferred
50579069,E,2005,general,E09,P3,true,0.848101,no_match_all_sources,E_negative_probe_only,200,200,200,200,"""50579069""","""50579069"" ""National Natural Science Foundation of China""","site:edu.cn OR site:ac.cn ""50579069""",exact_web_and_institution_search,,bibliographic/aggregator evidence only; API channels may share provenance; no PI or project fact inferred
50579076,E,2005,general,E09,P3,true,0.848101,no_match_all_sources,E_negative_probe_only,200,200,200,200,"""50579076""","""50579076"" ""National Natural Science Foundation of China""","site:edu.cn OR site:ac.cn ""50579076""",exact_web_and_institution_search,,bibliographic/aggregator evidence only; API channels may share provenance; no PI or project fact inferred
59408003,E,1994,youth_c,E08,P3,true,0.846154,no_match_all_sources,E_negative_probe_only,200,200,200,200,"""59408003""","""59408003"" ""National Natural Science Foundation of China""","site:edu.cn OR site:ac.cn ""59408003""",exact_web_and_institution_search,,bibliographic/aggregator evidence only; API channels may share provenance; no PI or project fact inferred
59408004,E,1994,youth_c,E08,P3,true,0.846154,no_match_all_sources,E_negative_probe_only,200,200,200,200,"""59408004""","""59408004"" ""National Natural Science Foundation of China""","site:edu.cn OR site:ac.cn ""59408004""",exact_web_and_institution_search,,bibliographic/aggregator evidence only; API channels may share provenance; no PI or project fact inferred
90715026,E,2007,major_research_plan,E08,P3,true,0.846154,no_match_all_sources,E_negative_probe_only,200,200,200,200,"""90715026""","""90715026"" ""National Natural Science Foundation of China""","site:edu.cn OR site:ac.cn ""90715026""",exact_web_and_institution_search,,bibliographic/aggregator evidence only; API channels may share provenance; no PI or project fact inferred
90715027,E,2007,major_research_plan,E08,P3,true,0.846154,no_match_all_sources,E_negative_probe_only,200,200,200,200,"""90715027""","""90715027"" ""National Natural Science Foundation of China""","site:edu.cn OR site:ac.cn ""90715027""",exact_web_and_institution_search,,bibliographic/aggregator evidence only; API channels may share provenance; no PI or project fact inferred
90715028,E,2007,major_research_plan,E08,P3,true,0.846154,no_match_all_sources,E_negative_probe_only,200,200,200,200,"""90715028""","""90715028"" ""National Natural Science Foundation of China""","site:edu.cn OR site:ac.cn ""90715028""",exact_web_and_institution_search,,bibliographic/aggregator evidence only; API channels may share provenance; no PI or project fact inferred
90715030,E,2007,major_research_plan,E08,P3,true,0.846154,no_match_all_sources,E_negative_probe_only,200,200,200,200,"""90715030""","""90715030"" ""National Natural Science Foundation of China""","site:edu.cn OR site:ac.cn ""90715030""",exact_web_and_institution_search,,bibliographic/aggregator evidence only; API channels may share provenance; no PI or project fact inferred
90915009,E,2009,major_research_plan,E08,P3,true,0.846154,no_match_all_sources,E_negative_probe_only,200,200,200,200,"""90915009""","""90915009"" ""National Natural Science Foundation of China""","site:edu.cn OR site:ac.cn ""90915009""",exact_web_and_institution_search,,bibliographic/aggregator evidence only; API channels may share provenance; no PI or project fact inferred
90915010,E,2009,major_research_plan,E08,P3,true,0.846154,no_match_all_sources,E_negative_probe_only,200,200,200,200,"""90915010""","""90915010"" ""National Natural Science Foundation of China""","site:edu.cn OR site:ac.cn ""90915010""",exact_web_and_institution_search,,bibliographic/aggregator evidence only; API channels may share provenance; no PI or project fact inferred
51468029,E,2014,regional,E08,P3,true,0.843750,no_match_all_sources,E_negative_probe_only,200,200,200,200,"""51468029""","""51468029"" ""National Natural Science Foundation of China""","site:edu.cn OR site:ac.cn ""51468029""",exact_web_and_institution_search,,bibliographic/aggregator evidence only; API channels may share provenance; no PI or project fact inferred
51169006,E,2011,regional,E09,P3,true,0.840000,no_match_all_sources,E_negative_probe_only,200,200,200,200,"""51169006""","""51169006"" ""National Natural Science Foundation of China""","site:edu.cn OR site:ac.cn ""51169006""",exact_web_and_institution_search,,bibliographic/aggregator evidence only; API channels may share provenance; no PI or project fact inferred
51169018,E,2011,regional,E09,P3,true,0.840000,no_match_all_sources,E_negative_probe_only,200,200,200,200,"""51169018""","""51169018"" ""National Natural Science Foundation of China""","site:edu.cn OR site:ac.cn ""51169018""",exact_web_and_institution_search,,bibliographic/aggregator evidence only; API channels may share provenance; no PI or project fact inferred
51169022,E,2011,regional,E09,P3,true,0.840000,no_match_all_sources,E_negative_probe_only,200,200,200,200,"""51169022""","""51169022"" ""National Natural Science Foundation of China""","site:edu.cn OR site:ac.cn ""51169022""",exact_web_and_institution_search,,bibliographic/aggregator evidence only; API channels may share provenance; no PI or project fact inferred
50079010,E,2000,general,E09,P3,true,0.838710,no_match_all_sources,E_negative_probe_only,200,200,200,200,"""50079010""","""50079010"" ""National Natural Science Foundation of China""","site:edu.cn OR site:ac.cn ""50079010""",exact_web_and_institution_search,,bibliographic/aggregator evidence only; API channels may share provenance; no PI or project fact inferred
50079013,E,2000,general,E09,P3,true,0.838710,no_match_all_sources,E_negative_probe_only,200,200,200,200,"""50079013""","""50079013"" ""National Natural Science Foundation of China""","site:edu.cn OR site:ac.cn ""50079013""",exact_web_and_institution_search,,bibliographic/aggregator evidence only; API channels may share provenance; no PI or project fact inferred
50079015,E,2000,general,E09,P3,true,0.838710,no_match_all_sources,E_negative_probe_only,200,200,200,200,"""50079015""","""50079015"" ""National Natural Science Foundation of China""","site:edu.cn OR site:ac.cn ""50079015""",exact_web_and_institution_search,,bibliographic/aggregator evidence only; API channels may share provenance; no PI or project fact inferred
50079019,E,2000,general,E09,P3,true,0.838710,no_match_all_sources,E_negative_probe_only,200,200,200,200,"""50079019""","""50079019"" ""National Natural Science Foundation of China""","site:edu.cn OR site:ac.cn ""50079019""",exact_web_and_institution_search,,bibliographic/aggregator evidence only; API channels may share provenance; no PI or project fact inferred
50079022,E,2000,general,E09,P3,true,0.838710,no_match_all_sources,E_negative_probe_only,200,200,200,200,"""50079022""","""50079022"" ""National Natural Science Foundation of China""","site:edu.cn OR site:ac.cn ""50079022""",exact_web_and_institution_search,,bibliographic/aggregator evidence only; API channels may share provenance; no PI or project fact inferred
50609003,E,2006,youth_c,E09,P3,true,0.838710,no_match_all_sources,E_negative_probe_only,200,200,200,200,"""50609003""","""50609003"" ""National Natural Science Foundation of China""","site:edu.cn OR site:ac.cn ""50609003""",exact_web_and_institution_search,,bibliographic/aggregator evidence only; API channels may share provenance; no PI or project fact inferred
50609008,E,2006,youth_c,E09,P3,true,0.838710,no_match_all_sources,E_negative_probe_only,200,200,200,200,"""50609008""","""50609008"" ""National Natural Science Foundation of China""","site:edu.cn OR site:ac.cn ""50609008""",exact_web_and_institution_search,,bibliographic/aggregator evidence only; API channels may share provenance; no PI or project fact inferred
50609009,E,2006,youth_c,E09,P3,true,0.838710,no_match_all_sources,E_negative_probe_only,200,200,200,200,"""50609009""","""50609009"" ""National Natural Science Foundation of China""","site:edu.cn OR site:ac.cn ""50609009""",exact_web_and_institution_search,,bibliographic/aggregator evidence only; API channels may share provenance; no PI or project fact inferred
50609011,E,2006,youth_c,E09,P3,true,0.838710,no_match_all_sources,E_negative_probe_only,200,200,200,200,"""50609011""","""50609011"" ""National Natural Science Foundation of China""","site:edu.cn OR site:ac.cn ""50609011""",exact_web_and_institution_search,,bibliographic/aggregator evidence only; API channels may share provenance; no PI or project fact inferred
50609015,E,2006,youth_c,E09,P3,true,0.838710,no_match_all_sources,E_negative_probe_only,200,200,200,200,"""50609015""","""50609015"" ""National Natural Science Foundation of China""","site:edu.cn OR site:ac.cn ""50609015""",exact_web_and_institution_search,,bibliographic/aggregator evidence only; API channels may share provenance; no PI or project fact inferred
29462006,B,1994,regional,B07,P3,true,0.833333,no_match_all_sources,E_negative_probe_only,200,200,200,200,"""29462006""","""29462006"" ""National Natural Science Foundation of China""","site:edu.cn OR site:ac.cn ""29462006""",exact_web_and_institution_search,,bibliographic/aggregator evidence only; API channels may share provenance; no PI or project fact inferred
59409002,E,1994,youth_c,E09,P3,true,0.833333,no_match_all_sources,E_negative_probe_only,200,200,200,200,"""59409002""","""59409002"" ""National Natural Science Foundation of China""","site:edu.cn OR site:ac.cn ""59409002""",exact_web_and_institution_search,,bibliographic/aggregator evidence only; API channels may share provenance; no PI or project fact inferred
20341003,B,2003,special,B01,P3,true,0.833333,no_match_all_sources,E_negative_probe_only,200,200,200,200,"""20341003""","""20341003"" ""National Natural Science Foundation of China""","site:edu.cn OR site:ac.cn ""20341003""",exact_web_and_institution_search,,bibliographic/aggregator evidence only; API channels may share provenance; no PI or project fact inferred
50508011,E,2005,youth_c,E08,P3,true,0.833333,no_match_all_sources,E_negative_probe_only,200,200,200,200,"""50508011""","""50508011"" ""National Natural Science Foundation of China""","site:edu.cn OR site:ac.cn ""50508011""",exact_web_and_institution_search,,bibliographic/aggregator evidence only; API channels may share provenance; no PI or project fact inferred
50508017,E,2005,youth_c,E08,P3,true,0.833333,no_match_all_sources,E_negative_probe_only,200,200,200,200,"""50508017""","""50508017"" ""National Natural Science Foundation of China""","site:edu.cn OR site:ac.cn ""50508017""",exact_web_and_institution_search,,bibliographic/aggregator evidence only; API channels may share provenance; no PI or project fact inferred
50508019,E,2005,youth_c,E08,P3,true,0.833333,no_match_all_sources,E_negative_probe_only,200,200,200,200,"""50508019""","""50508019"" ""National Natural Science Foundation of China""","site:edu.cn OR site:ac.cn ""50508019""",exact_web_and_institution_search,,bibliographic/aggregator evidence only; API channels may share provenance; no PI or project fact inferred
50508042,E,2005,youth_c,E08,P3,true,0.833333,no_match_all_sources,E_negative_probe_only,200,200,200,200,"""50508042""","""50508042"" ""National Natural Science Foundation of China""","site:edu.cn OR site:ac.cn ""50508042""",exact_web_and_institution_search,,bibliographic/aggregator evidence only; API channels may share provenance; no PI or project fact inferred
E0724504,E,2007,special,E05,P3,true,0.833333,no_match_all_sources,E_negative_probe_only,200,200,200,200,"""E0724504""","""E0724504"" ""National Natural Science Foundation of China""","site:edu.cn OR site:ac.cn ""E0724504""",exact_web_and_institution_search,,bibliographic/aggregator evidence only; API channels may share provenance; no PI or project fact inferred
59378341,E,1993,general,E08,P3,true,0.830189,no_match_all_sources,E_negative_probe_only,200,200,200,200,"""59378341""","""59378341"" ""National Natural Science Foundation of China""","site:edu.cn OR site:ac.cn ""59378341""",exact_web_and_institution_search,,bibliographic/aggregator evidence only; API channels may share provenance; no PI or project fact inferred
59378342,E,1993,general,E08,P3,true,0.830189,no_match_all_sources,E_negative_probe_only,200,200,200,200,"""59378342""","""59378342"" ""National Natural Science Foundation of China""","site:edu.cn OR site:ac.cn ""59378342""",exact_web_and_institution_search,,bibliographic/aggregator evidence only; API channels may share provenance; no PI or project fact inferred
59378343,E,1993,general,E08,P3,true,0.830189,no_match_all_sources,E_negative_probe_only,200,200,200,200,"""59378343""","""59378343"" ""National Natural Science Foundation of China""","site:edu.cn OR site:ac.cn ""59378343""",exact_web_and_institution_search,,bibliographic/aggregator evidence only; API channels may share provenance; no PI or project fact inferred
59378344,E,1993,general,E08,P3,true,0.830189,no_match_all_sources,E_negative_probe_only,200,200,200,200,"""59378344""","""59378344"" ""National Natural Science Foundation of China""","site:edu.cn OR site:ac.cn ""59378344""",exact_web_and_institution_search,,bibliographic/aggregator evidence only; API channels may share provenance; no PI or project fact inferred
59378345,E,1993,general,E08,P3,true,0.830189,no_match_all_sources,E_negative_probe_only,200,200,200,200,"""59378345""","""59378345"" ""National Natural Science Foundation of China""","site:edu.cn OR site:ac.cn ""59378345""",exact_web_and_institution_search,,bibliographic/aggregator evidence only; API channels may share provenance; no PI or project fact inferred
59378346,E,1993,general,E08,P3,true,0.830189,no_match_all_sources,E_negative_probe_only,200,200,200,200,"""59378346""","""59378346"" ""National Natural Science Foundation of China""","site:edu.cn OR site:ac.cn ""59378346""",exact_web_and_institution_search,,bibliographic/aggregator evidence only; API channels may share provenance; no PI or project fact inferred
59378347,E,1993,general,E08,P3,true,0.830189,no_match_all_sources,E_negative_probe_only,200,200,200,200,"""59378347""","""59378347"" ""National Natural Science Foundation of China""","site:edu.cn OR site:ac.cn ""59378347""",exact_web_and_institution_search,,bibliographic/aggregator evidence only; API channels may share provenance; no PI or project fact inferred
59378348,E,1993,general,E08,P3,true,0.830189,no_match_all_sources,E_negative_probe_only,200,200,200,200,"""59378348""","""59378348"" ""National Natural Science Foundation of China""","site:edu.cn OR site:ac.cn ""59378348""",exact_web_and_institution_search,,bibliographic/aggregator evidence only; API channels may share provenance; no PI or project fact inferred
59378350,E,1993,general,E08,P3,true,0.830189,no_match_all_sources,E_negative_probe_only,200,200,200,200,"""59378350""","""59378350"" ""National Natural Science Foundation of China""","site:edu.cn OR site:ac.cn ""59378350""",exact_web_and_institution_search,,bibliographic/aggregator evidence only; API channels may share provenance; no PI or project fact inferred
51669023,E,2016,regional,E09,P3,true,0.828571,no_match_all_sources,E_negative_probe_only,200,200,200,200,"""51669023""","""51669023"" ""National Natural Science Foundation of China""","site:edu.cn OR site:ac.cn ""51669023""",exact_web_and_institution_search,,bibliographic/aggregator evidence only; API channels may share provenance; no PI or project fact inferred
29675013,B,1996,general,B04,P3,true,0.823529,no_match_all_sources,E_negative_probe_only,200,200,200,200,"""29675013""","""29675013"" ""National Natural Science Foundation of China""","site:edu.cn OR site:ac.cn ""29675013""",exact_web_and_institution_search,,bibliographic/aggregator evidence only; API channels may share provenance; no PI or project fact inferred
29675021,B,1996,general,B04,P3,true,0.823529,no_match_all_sources,E_negative_probe_only,200,200,200,200,"""29675021""","""29675021"" ""National Natural Science Foundation of China""","site:edu.cn OR site:ac.cn ""29675021""",exact_web_and_institution_search,,bibliographic/aggregator evidence only; API channels may share provenance; no PI or project fact inferred
29675023,B,1996,general,B04,P3,true,0.823529,no_match_all_sources,E_negative_probe_only,200,200,200,200,"""29675023""","""29675023"" ""National Natural Science Foundation of China""","site:edu.cn OR site:ac.cn ""29675023""",exact_web_and_institution_search,,bibliographic/aggregator evidence only; API channels may share provenance; no PI or project fact inferred
29675025,B,1996,general,B04,P3,true,0.823529,no_match_all_sources,E_negative_probe_only,200,200,200,200,"""29675025""","""29675025"" ""National Natural Science Foundation of China""","site:edu.cn OR site:ac.cn ""29675025""",exact_web_and_institution_search,,bibliographic/aggregator evidence only; API channels may share provenance; no PI or project fact inferred
29675029,B,1996,general,B04,P3,true,0.823529,no_match_all_sources,E_negative_probe_only,200,200,200,200,"""29675029""","""29675029"" ""National Natural Science Foundation of China""","site:edu.cn OR site:ac.cn ""29675029""",exact_web_and_institution_search,,bibliographic/aggregator evidence only; API channels may share provenance; no PI or project fact inferred
29675031,B,1996,general,B04,P3,true,0.823529,no_match_all_sources,E_negative_probe_only,200,200,200,200,"""29675031""","""29675031"" ""National Natural Science Foundation of China""","site:edu.cn OR site:ac.cn ""29675031""",exact_web_and_institution_search,,bibliographic/aggregator evidence only; API channels may share provenance; no PI or project fact inferred
50108007,E,2001,youth_c,E08,P3,true,0.823529,no_match_all_sources,E_negative_probe_only,200,200,200,200,"""50108007""","""50108007"" ""National Natural Science Foundation of China""","site:edu.cn OR site:ac.cn ""50108007""",exact_web_and_institution_search,,bibliographic/aggregator evidence only; API channels may share provenance; no PI or project fact inferred
50108016,E,2001,youth_c,E08,P3,true,0.823529,no_match_all_sources,E_negative_probe_only,200,200,200,200,"""50108016""","""50108016"" ""National Natural Science Foundation of China""","site:edu.cn OR site:ac.cn ""50108016""",exact_web_and_institution_search,,bibliographic/aggregator evidence only; API channels may share provenance; no PI or project fact inferred
50278016,E,2002,general,E08,P3,true,0.823529,no_match_all_sources,E_negative_probe_only,200,200,200,200,"""50278016""","""50278016"" ""National Natural Science Foundation of China""","site:edu.cn OR site:ac.cn ""50278016""",exact_web_and_institution_search,,bibliographic/aggregator evidence only; API channels may share provenance; no PI or project fact inferred
50278022,E,2002,general,E08,P3,true,0.823529,no_match_all_sources,E_negative_probe_only,200,200,200,200,"""50278022""","""50278022"" ""National Natural Science Foundation of China""","site:edu.cn OR site:ac.cn ""50278022""",exact_web_and_institution_search,,bibliographic/aggregator evidence only; API channels may share provenance; no PI or project fact inferred
50278023,E,2002,general,E08,P3,true,0.823529,no_match_all_sources,E_negative_probe_only,200,200,200,200,"""50278023""","""50278023"" ""National Natural Science Foundation of China""","site:edu.cn OR site:ac.cn ""50278023""",exact_web_and_institution_search,,bibliographic/aggregator evidence only; API channels may share provenance; no PI or project fact inferred
50278024,E,2002,general,E08,P3,true,0.823529,no_match_all_sources,E_negative_probe_only,200,200,200,200,"""50278024""","""50278024"" ""National Natural Science Foundation of China""","site:edu.cn OR site:ac.cn ""50278024""",exact_web_and_institution_search,,bibliographic/aggregator evidence only; API channels may share provenance; no PI or project fact inferred
50278034,E,2002,general,E08,P3,true,0.823529,no_match_all_sources,E_negative_probe_only,200,200,200,200,"""50278034""","""50278034"" ""National Natural Science Foundation of China""","site:edu.cn OR site:ac.cn ""50278034""",exact_web_and_institution_search,,bibliographic/aggregator evidence only; API channels may share provenance; no PI or project fact inferred
50278036,E,2002,general,E08,P3,true,0.823529,no_match_all_sources,E_negative_probe_only,200,200,200,200,"""50278036""","""50278036"" ""National Natural Science Foundation of China""","site:edu.cn OR site:ac.cn ""50278036""",exact_web_and_institution_search,,bibliographic/aggregator evidence only; API channels may share provenance; no PI or project fact inferred
50278040,E,2002,general,E08,P3,true,0.823529,no_match_all_sources,E_negative_probe_only,200,200,200,200,"""50278040""","""50278040"" ""National Natural Science Foundation of China""","site:edu.cn OR site:ac.cn ""50278040""",exact_web_and_institution_search,,bibliographic/aggregator evidence only; API channels may share provenance; no PI or project fact inferred
50278045,E,2002,general,E08,P3,true,0.823529,no_match_all_sources,E_negative_probe_only,200,200,200,200,"""50278045""","""50278045"" ""National Natural Science Foundation of China""","site:edu.cn OR site:ac.cn ""50278045""",exact_web_and_institution_search,,bibliographic/aggregator evidence only; API channels may share provenance; no PI or project fact inferred
50278053,E,2002,general,E08,P3,true,0.823529,no_match_all_sources,E_negative_probe_only,200,200,200,200,"""50278053""","""50278053"" ""National Natural Science Foundation of China""","site:edu.cn OR site:ac.cn ""50278053""",exact_web_and_institution_search,,bibliographic/aggregator evidence only; API channels may share provenance; no PI or project fact inferred
50278059,E,2002,general,E08,P3,true,0.823529,no_match_all_sources,E_negative_probe_only,200,200,200,200,"""50278059""","""50278059"" ""National Natural Science Foundation of China""","site:edu.cn OR site:ac.cn ""50278059""",exact_web_and_institution_search,,bibliographic/aggregator evidence only; API channels may share provenance; no PI or project fact inferred
50278060,E,2002,general,E08,P3,true,0.823529,no_match_all_sources,E_negative_probe_only,200,200,200,200,"""50278060""","""50278060"" ""National Natural Science Foundation of China""","site:edu.cn OR site:ac.cn ""50278060""",exact_web_and_institution_search,,bibliographic/aggregator evidence only; API channels may share provenance; no PI or project fact inferred
50278062,E,2002,general,E08,P3,true,0.823529,no_match_all_sources,E_negative_probe_only,200,200,200,200,"""50278062""","""50278062"" ""National Natural Science Foundation of China""","site:edu.cn OR site:ac.cn ""50278062""",exact_web_and_institution_search,,bibliographic/aggregator evidence only; API channels may share provenance; no PI or project fact inferred
50278072,E,2002,general,E08,P3,true,0.823529,no_match_all_sources,E_negative_probe_only,200,200,200,200,"""50278072""","""50278072"" ""National Natural Science Foundation of China""","site:edu.cn OR site:ac.cn ""50278072""",exact_web_and_institution_search,,bibliographic/aggregator evidence only; API channels may share provenance; no PI or project fact inferred
50278084,E,2002,general,E08,P3,true,0.823529,no_match_all_sources,E_negative_probe_only,200,200,200,200,"""50278084""","""50278084"" ""National Natural Science Foundation of China""","site:edu.cn OR site:ac.cn ""50278084""",exact_web_and_institution_search,,bibliographic/aggregator evidence only; API channels may share provenance; no PI or project fact inferred
50278094,E,2002,general,E08,P3,true,0.823529,no_match_all_sources,E_negative_probe_only,200,200,200,200,"""50278094""","""50278094"" ""National Natural Science Foundation of China""","site:edu.cn OR site:ac.cn ""50278094""",exact_web_and_institution_search,,bibliographic/aggregator evidence only; API channels may share provenance; no PI or project fact inferred
50278095,E,2002,general,E08,P3,true,0.823529,no_match_all_sources,E_negative_probe_only,200,200,200,200,"""50278095""","""50278095"" ""National Natural Science Foundation of China""","site:edu.cn OR site:ac.cn ""50278095""",exact_web_and_institution_search,,bibliographic/aggregator evidence only; API channels may share provenance; no PI or project fact inferred
50278101,E,2002,general,E08,P3,true,0.823529,no_match_all_sources,E_negative_probe_only,200,200,200,200,"""50278101""","""50278101"" ""National Natural Science Foundation of China""","site:edu.cn OR site:ac.cn ""50278101""",exact_web_and_institution_search,,bibliographic/aggregator evidence only; API channels may share provenance; no PI or project fact inferred
51069009,E,2010,regional,E09,P3,true,0.823529,no_match_all_sources,E_negative_probe_only,200,200,200,200,"""51069009""","""51069009"" ""National Natural Science Foundation of China""","site:edu.cn OR site:ac.cn ""51069009""",exact_web_and_institution_search,,bibliographic/aggregator evidence only; API channels may share provenance; no PI or project fact inferred
51069014,E,2010,regional,E09,P3,true,0.823529,no_match_all_sources,E_negative_probe_only,200,200,200,200,"""51069014""","""51069014"" ""National Natural Science Foundation of China""","site:edu.cn OR site:ac.cn ""51069014""",exact_web_and_institution_search,,bibliographic/aggregator evidence only; API channels may share provenance; no PI or project fact inferred
59779020,E,1997,general,E09,P3,true,0.821429,no_match_all_sources,E_negative_probe_only,200,200,200,200,"""59779020""","""59779020"" ""National Natural Science Foundation of China""","site:edu.cn OR site:ac.cn ""59779020""",exact_web_and_institution_search,,bibliographic/aggregator evidence only; API channels may share provenance; no PI or project fact inferred
59779021,E,1997,general,E09,P3,true,0.821429,no_match_all_sources,E_negative_probe_only,200,200,200,200,"""59779021""","""59779021"" ""National Natural Science Foundation of China""","site:edu.cn OR site:ac.cn ""59779021""",exact_web_and_institution_search,,bibliographic/aggregator evidence only; API channels may share provenance; no PI or project fact inferred
59779022,E,1997,general,E09,P3,true,0.821429,no_match_all_sources,E_negative_probe_only,200,200,200,200,"""59779022""","""59779022"" ""National Natural Science Foundation of China""","site:edu.cn OR site:ac.cn ""59779022""",exact_web_and_institution_search,,bibliographic/aggregator evidence only; API channels may share provenance; no PI or project fact inferred
59779023,E,1997,general,E09,P3,true,0.821429,no_match_all_sources,E_negative_probe_only,200,200,200,200,"""59779023""","""59779023"" ""National Natural Science Foundation of China""","site:edu.cn OR site:ac.cn ""59779023""",exact_web_and_institution_search,,bibliographic/aggregator evidence only; API channels may share provenance; no PI or project fact inferred
59779024,E,1997,general,E09,P3,true,0.821429,no_match_all_sources,E_negative_probe_only,200,200,200,200,"""59779024""","""59779024"" ""National Natural Science Foundation of China""","site:edu.cn OR site:ac.cn ""59779024""",exact_web_and_institution_search,,bibliographic/aggregator evidence only; API channels may share provenance; no PI or project fact inferred
50179004,E,2001,general,E09,P3,true,0.820513,no_match_all_sources,E_negative_probe_only,200,200,200,200,"""50179004""","""50179004"" ""National Natural Science Foundation of China""","site:edu.cn OR site:ac.cn ""50179004""",exact_web_and_institution_search,,bibliographic/aggregator evidence only; API channels may share provenance; no PI or project fact inferred
50179005,E,2001,general,E09,P3,true,0.820513,no_match_all_sources,E_negative_probe_only,200,200,200,200,"""50179005""","""50179005"" ""National Natural Science Foundation of China""","site:edu.cn OR site:ac.cn ""50179005""",exact_web_and_institution_search,,bibliographic/aggregator evidence only; API channels may share provenance; no PI or project fact inferred
50179010,E,2001,general,E09,P3,true,0.820513,no_match_all_sources,E_negative_probe_only,200,200,200,200,"""50179010""","""50179010"" ""National Natural Science Foundation of China""","site:edu.cn OR site:ac.cn ""50179010""",exact_web_and_institution_search,,bibliographic/aggregator evidence only; API channels may share provenance; no PI or project fact inferred
50179014,E,2001,general,E09,P3,true,0.820513,no_match_all_sources,E_negative_probe_only,200,200,200,200,"""50179014""","""50179014"" ""National Natural Science Foundation of China""","site:edu.cn OR site:ac.cn ""50179014""",exact_web_and_institution_search,,bibliographic/aggregator evidence only; API channels may share provenance; no PI or project fact inferred
50179024,E,2001,general,E09,P3,true,0.820513,no_match_all_sources,E_negative_probe_only,200,200,200,200,"""50179024""","""50179024"" ""National Natural Science Foundation of China""","site:edu.cn OR site:ac.cn ""50179024""",exact_web_and_institution_search,,bibliographic/aggregator evidence only; API channels may share provenance; no PI or project fact inferred
50179027,E,2001,general,E09,P3,true,0.820513,no_match_all_sources,E_negative_probe_only,200,200,200,200,"""50179027""","""50179027"" ""National Natural Science Foundation of China""","site:edu.cn OR site:ac.cn ""50179027""",exact_web_and_institution_search,,bibliographic/aggregator evidence only; API channels may share provenance; no PI or project fact inferred
50679008,E,2006,general,E09,P3,true,0.820225,no_match_all_sources,E_negative_probe_only,200,200,200,200,"""50679008""","""50679008"" ""National Natural Science Foundation of China""","site:edu.cn OR site:ac.cn ""50679008""",exact_web_and_institution_search,,bibliographic/aggregator evidence only; API channels may share provenance; no PI or project fact inferred
50679010,E,2006,general,E09,P3,true,0.820225,no_match_all_sources,E_negative_probe_only,200,200,200,200,"""50679010""","""50679010"" ""National Natural Science Foundation of China""","site:edu.cn OR site:ac.cn ""50679010""",exact_web_and_institution_search,,bibliographic/aggregator evidence only; API channels may share provenance; no PI or project fact inferred
50679019,E,2006,general,E09,P3,true,0.820225,no_match_all_sources,E_negative_probe_only,200,200,200,200,"""50679019""","""50679019"" ""National Natural Science Foundation of China""","site:edu.cn OR site:ac.cn ""50679019""",exact_web_and_institution_search,,bibliographic/aggregator evidence only; API channels may share provenance; no PI or project fact inferred
50679026,E,2006,general,E09,P3,true,0.820225,no_match_all_sources,E_negative_probe_only,200,200,200,200,"""50679026""","""50679026"" ""National Natural Science Foundation of China""","site:edu.cn OR site:ac.cn ""50679026""",exact_web_and_institution_search,,bibliographic/aggregator evidence only; API channels may share provenance; no PI or project fact inferred
50679038,E,2006,general,E09,P3,true,0.820225,no_match_all_sources,E_negative_probe_only,200,200,200,200,"""50679038""","""50679038"" ""National Natural Science Foundation of China""","site:edu.cn OR site:ac.cn ""50679038""",exact_web_and_institution_search,,bibliographic/aggregator evidence only; API channels may share provenance; no PI or project fact inferred
50679050,E,2006,general,E09,P3,true,0.820225,no_match_all_sources,E_negative_probe_only,200,200,200,200,"""50679050""","""50679050"" ""National Natural Science Foundation of China""","site:edu.cn OR site:ac.cn ""50679050""",exact_web_and_institution_search,,bibliographic/aggregator evidence only; API channels may share provenance; no PI or project fact inferred
50679051,E,2006,general,E09,P3,true,0.820225,no_match_all_sources,E_negative_probe_only,200,200,200,200,"""50679051""","""50679051"" ""National Natural Science Foundation of China""","site:edu.cn OR site:ac.cn ""50679051""",exact_web_and_institution_search,,bibliographic/aggregator evidence only; API channels may share provenance; no PI or project fact inferred
50679067,E,2006,general,E09,P3,true,0.820225,no_match_all_sources,E_negative_probe_only,200,200,200,200,"""50679067""","""50679067"" ""National Natural Science Foundation of China""","site:edu.cn OR site:ac.cn ""50679067""",exact_web_and_institution_search,,bibliographic/aggregator evidence only; API channels may share provenance; no PI or project fact inferred
50679071,E,2006,general,E09,P3,true,0.820225,no_match_all_sources,E_negative_probe_only,200,200,200,200,"""50679071""","""50679071"" ""National Natural Science Foundation of China""","site:edu.cn OR site:ac.cn ""50679071""",exact_web_and_institution_search,,bibliographic/aggregator evidence only; API channels may share provenance; no PI or project fact inferred
50679072,E,2006,general,E09,P3,true,0.820225,no_match_all_sources,E_negative_probe_only,200,200,200,200,"""50679072""","""50679072"" ""National Natural Science Foundation of China""","site:edu.cn OR site:ac.cn ""50679072""",exact_web_and_institution_search,,bibliographic/aggregator evidence only; API channels may share provenance; no PI or project fact inferred
50679079,E,2006,general,E09,P3,true,0.820225,no_match_all_sources,E_negative_probe_only,200,200,200,200,"""50679079""","""50679079"" ""National Natural Science Foundation of China""","site:edu.cn OR site:ac.cn ""50679079""",exact_web_and_institution_search,,bibliographic/aggregator evidence only; API channels may share provenance; no PI or project fact inferred
50679083,E,2006,general,E09,P3,true,0.820225,no_match_all_sources,E_negative_probe_only,200,200,200,200,"""50679083""","""50679083"" ""National Natural Science Foundation of China""","site:edu.cn OR site:ac.cn ""50679083""",exact_web_and_institution_search,,bibliographic/aggregator evidence only; API channels may share provenance; no PI or project fact inferred
50679087,E,2006,general,E09,P3,true,0.820225,no_match_all_sources,E_negative_probe_only,200,200,200,200,"""50679087""","""50679087"" ""National Natural Science Foundation of China""","site:edu.cn OR site:ac.cn ""50679087""",exact_web_and_institution_search,,bibliographic/aggregator evidence only; API channels may share provenance; no PI or project fact inferred
50679088,E,2006,general,E09,P3,true,0.820225,no_match_all_sources,E_negative_probe_only,200,200,200,200,"""50679088""","""50679088"" ""National Natural Science Foundation of China""","site:edu.cn OR site:ac.cn ""50679088""",exact_web_and_institution_search,,bibliographic/aggregator evidence only; API channels may share provenance; no PI or project fact inferred
59008494,E,1990,youth_c,E08,P3,true,0.818182,no_match_all_sources,E_negative_probe_only,200,200,200,200,"""59008494""","""59008494"" ""National Natural Science Foundation of China""","site:edu.cn OR site:ac.cn ""59008494""",exact_web_and_institution_search,,bibliographic/aggregator evidence only; API channels may share provenance; no PI or project fact inferred
59008496,E,1990,youth_c,E08,P3,true,0.818182,no_match_all_sources,E_negative_probe_only,200,200,200,200,"""59008496""","""59008496"" ""National Natural Science Foundation of China""","site:edu.cn OR site:ac.cn ""59008496""",exact_web_and_institution_search,,bibliographic/aggregator evidence only; API channels may share provenance; no PI or project fact inferred
29606002,B,1996,youth_c,B08,P3,true,0.818182,no_match_all_sources,E_negative_probe_only,200,200,200,200,"""29606002""","""29606002"" ""National Natural Science Foundation of China""","site:edu.cn OR site:ac.cn ""29606002""",exact_web_and_institution_search,,bibliographic/aggregator evidence only; API channels may share provenance; no PI or project fact inferred
29606010,B,1996,youth_c,B08,P3,true,0.818182,no_match_all_sources,E_negative_probe_only,200,200,200,200,"""29606010""","""29606010"" ""National Natural Science Foundation of China""","site:edu.cn OR site:ac.cn ""29606010""",exact_web_and_institution_search,,bibliographic/aggregator evidence only; API channels may share provenance; no PI or project fact inferred
59778002,E,1997,general,E08,P3,true,0.818182,no_match_all_sources,E_negative_probe_only,200,200,200,200,"""59778002""","""59778002"" ""National Natural Science Foundation of China""","site:edu.cn OR site:ac.cn ""59778002""",exact_web_and_institution_search,,bibliographic/aggregator evidence only; API channels may share provenance; no PI or project fact inferred
59778017,E,1997,general,E08,P3,true,0.818182,no_match_all_sources,E_negative_probe_only,200,200,200,200,"""59778017""","""59778017"" ""National Natural Science Foundation of China""","site:edu.cn OR site:ac.cn ""59778017""",exact_web_and_institution_search,,bibliographic/aggregator evidence only; API channels may share provenance; no PI or project fact inferred
59778018,E,1997,general,E08,P3,true,0.818182,no_match_all_sources,E_negative_probe_only,200,200,200,200,"""59778018""","""59778018"" ""National Natural Science Foundation of China""","site:edu.cn OR site:ac.cn ""59778018""",exact_web_and_institution_search,,bibliographic/aggregator evidence only; API channels may share provenance; no PI or project fact inferred
59778019,E,1997,general,E08,P3,true,0.818182,no_match_all_sources,E_negative_probe_only,200,200,200,200,"""59778019""","""59778019"" ""National Natural Science Foundation of China""","site:edu.cn OR site:ac.cn ""59778019""",exact_web_and_institution_search,,bibliographic/aggregator evidence only; API channels may share provenance; no PI or project fact inferred
59778020,E,1997,general,E08,P3,true,0.818182,no_match_all_sources,E_negative_probe_only,200,200,200,200,"""59778020""","""59778020"" ""National Natural Science Foundation of China""","site:edu.cn OR site:ac.cn ""59778020""",exact_web_and_institution_search,,bibliographic/aggregator evidence only; API channels may share provenance; no PI or project fact inferred
59778021,E,1997,general,E08,P3,true,0.818182,no_match_all_sources,E_negative_probe_only,200,200,200,200,"""59778021""","""59778021"" ""National Natural Science Foundation of China""","site:edu.cn OR site:ac.cn ""59778021""",exact_web_and_institution_search,,bibliographic/aggregator evidence only; API channels may share provenance; no PI or project fact inferred
59778022,E,1997,general,E08,P3,true,0.818182,no_match_all_sources,E_negative_probe_only,200,200,200,200,"""59778022""","""59778022"" ""National Natural Science Foundation of China""","site:edu.cn OR site:ac.cn ""59778022""",exact_web_and_institution_search,,bibliographic/aggregator evidence only; API channels may share provenance; no PI or project fact inferred
59778023,E,1997,general,E08,P3,true,0.818182,no_match_all_sources,E_negative_probe_only,200,200,200,200,"""59778023""","""59778023"" ""National Natural Science Foundation of China""","site:edu.cn OR site:ac.cn ""59778023""",exact_web_and_institution_search,,bibliographic/aggregator evidence only; API channels may share provenance; no PI or project fact inferred
59778024,E,1997,general,E08,P3,true,0.818182,no_match_all_sources,E_negative_probe_only,200,200,200,200,"""59778024""","""59778024"" ""National Natural Science Foundation of China""","site:edu.cn OR site:ac.cn ""59778024""",exact_web_and_institution_search,,bibliographic/aggregator evidence only; API channels may share provenance; no PI or project fact inferred
51147003,E,2011,special,E07,P3,true,0.818182,no_match_all_sources,E_negative_probe_only,200,200,200,200,"""51147003""","""51147003"" ""National Natural Science Foundation of China""","site:edu.cn OR site:ac.cn ""51147003""",exact_web_and_institution_search,,bibliographic/aggregator evidence only; API channels may share provenance; no PI or project fact inferred
