candidate_approval_number,discipline_root,approval_year,project_type_contexts,discipline_scope_contexts,priority,existence_status,evidence_level,confirmed_sources,publication_evidence_count,project_title_candidate,lead_investigator_candidate,institution_candidate,exact_web_query,funding_web_query,institution_site_query,official_confirmation_status,next_action,warning
22077109,B,2020,general,B07,P1,confirmed_bibliographic,C_bibliographic,crossref,10,,,,"""22077109""","""22077109"" ""National Natural Science Foundation of China""","site:edu.cn OR site:ac.cn ""22077109""",not_checked,official_or_institutional_confirmation,bibliographic/aggregator evidence only; API channels may share provenance; no PI or project fact inferred
22106044,B,2021,youth_c,B06,P1,confirmed_bibliographic,C_bibliographic,crossref,5,,,,"""22106044""","""22106044"" ""National Natural Science Foundation of China""","site:edu.cn OR site:ac.cn ""22106044""",not_checked,official_or_institutional_confirmation,bibliographic/aggregator evidence only; API channels may share provenance; no PI or project fact inferred
22001188,B,2020,youth_c,B01,P1,confirmed_bibliographic,C_bibliographic,crossref,3,,,,"""22001188""","""22001188"" ""National Natural Science Foundation of China""","site:edu.cn OR site:ac.cn ""22001188""",not_checked,official_or_institutional_confirmation,bibliographic/aggregator evidence only; API channels may share provenance; no PI or project fact inferred
22078194,B,2020,general,B08,P1,confirmed_bibliographic,C_bibliographic,crossref,2,,,,"""22078194""","""22078194"" ""National Natural Science Foundation of China""","site:edu.cn OR site:ac.cn ""22078194""",not_checked,official_or_institutional_confirmation,bibliographic/aggregator evidence only; API channels may share provenance; no PI or project fact inferred
22101129,B,2021,youth_c,B01,P1,confirmed_bibliographic,C_bibliographic,crossref,2,,,,"""22101129""","""22101129"" ""National Natural Science Foundation of China""","site:edu.cn OR site:ac.cn ""22101129""",not_checked,official_or_institutional_confirmation,bibliographic/aggregator evidence only; API channels may share provenance; no PI or project fact inferred
21901112,B,2019,youth_c,B01,P1,confirmed_bibliographic,C_bibliographic,crossref,2,,,,"""21901112""","""21901112"" ""National Natural Science Foundation of China""","site:edu.cn OR site:ac.cn ""21901112""",not_checked,official_or_institutional_confirmation,bibliographic/aggregator evidence only; API channels may share provenance; no PI or project fact inferred
21901231,B,2019,youth_c,B01,P1,confirmed_bibliographic,C_bibliographic,crossref,2,,,,"""21901231""","""21901231"" ""National Natural Science Foundation of China""","site:edu.cn OR site:ac.cn ""21901231""",not_checked,official_or_institutional_confirmation,bibliographic/aggregator evidence only; API channels may share provenance; no PI or project fact inferred
22101011,B,2021,youth_c,B01,P1,confirmed_bibliographic,C_bibliographic,crossref,1,,,,"""22101011""","""22101011"" ""National Natural Science Foundation of China""","site:edu.cn OR site:ac.cn ""22101011""",not_checked,official_or_institutional_confirmation,bibliographic/aggregator evidence only; API channels may share provenance; no PI or project fact inferred
22004067,B,2020,youth_c,B04,P1,confirmed_bibliographic,C_bibliographic,crossref,1,,,,"""22004067""","""22004067"" ""National Natural Science Foundation of China""","site:edu.cn OR site:ac.cn ""22004067""",not_checked,official_or_institutional_confirmation,bibliographic/aggregator evidence only; API channels may share provenance; no PI or project fact inferred
22103023,B,2021,youth_c,B03,P1,confirmed_bibliographic,C_bibliographic,crossref,1,,,,"""22103023""","""22103023"" ""National Natural Science Foundation of China""","site:edu.cn OR site:ac.cn ""22103023""",not_checked,official_or_institutional_confirmation,bibliographic/aggregator evidence only; API channels may share provenance; no PI or project fact inferred
21766012,B,2017,regional,B08,P2,confirmed_bibliographic,C_bibliographic,crossref,16,,,,"""21766012""","""21766012"" ""National Natural Science Foundation of China""","site:edu.cn OR site:ac.cn ""21766012""",not_checked,official_or_institutional_confirmation,bibliographic/aggregator evidence only; API channels may share provenance; no PI or project fact inferred
22061042,B,2020,regional,B01,P2,confirmed_bibliographic,C_bibliographic,crossref,1,,,,"""22061042""","""22061042"" ""National Natural Science Foundation of China""","site:edu.cn OR site:ac.cn ""22061042""",not_checked,official_or_institutional_confirmation,bibliographic/aggregator evidence only; API channels may share provenance; no PI or project fact inferred
21732002,B,2017,key,B01,P3,confirmed_bibliographic,C_bibliographic,crossref,150,,,,"""21732002""","""21732002"" ""National Natural Science Foundation of China""","site:edu.cn OR site:ac.cn ""21732002""",not_checked,official_or_institutional_confirmation,bibliographic/aggregator evidence only; API channels may share provenance; no PI or project fact inferred
21577032,B,2015,general,B06,P3,confirmed_bibliographic,C_bibliographic,crossref,102,,,,"""21577032""","""21577032"" ""National Natural Science Foundation of China""","site:edu.cn OR site:ac.cn ""21577032""",not_checked,official_or_institutional_confirmation,bibliographic/aggregator evidence only; API channels may share provenance; no PI or project fact inferred
21431007,B,2014,key,B01,P3,confirmed_bibliographic,C_bibliographic,crossref,93,,,,"""21431007""","""21431007"" ""National Natural Science Foundation of China""","site:edu.cn OR site:ac.cn ""21431007""",not_checked,official_or_institutional_confirmation,bibliographic/aggregator evidence only; API channels may share provenance; no PI or project fact inferred
21833009,B,2018,key,B03,P3,confirmed_bibliographic,C_bibliographic,crossref,75,,,,"""21833009""","""21833009"" ""National Natural Science Foundation of China""","site:edu.cn OR site:ac.cn ""21833009""",not_checked,official_or_institutional_confirmation,bibliographic/aggregator evidence only; API channels may share provenance; no PI or project fact inferred
21575128,B,2015,general,B04,P3,confirmed_bibliographic,C_bibliographic,crossref,69,,,,"""21575128""","""21575128"" ""National Natural Science Foundation of China""","site:edu.cn OR site:ac.cn ""21575128""",not_checked,official_or_institutional_confirmation,bibliographic/aggregator evidence only; API channels may share provenance; no PI or project fact inferred
21631004,B,2016,key,B01,P3,confirmed_bibliographic,C_bibliographic,crossref,68,,,,"""21631004""","""21631004"" ""National Natural Science Foundation of China""","site:edu.cn OR site:ac.cn ""21631004""",not_checked,official_or_institutional_confirmation,bibliographic/aggregator evidence only; API channels may share provenance; no PI or project fact inferred
21432008,B,2014,key,B01,P3,confirmed_bibliographic,C_bibliographic,crossref,62,,,,"""21432008""","""21432008"" ""National Natural Science Foundation of China""","site:edu.cn OR site:ac.cn ""21432008""",not_checked,official_or_institutional_confirmation,bibliographic/aggregator evidence only; API channels may share provenance; no PI or project fact inferred
21232005,B,2012,key,B01,P3,confirmed_bibliographic,C_bibliographic,crossref,60,,,,"""21232005""","""21232005"" ""National Natural Science Foundation of China""","site:edu.cn OR site:ac.cn ""21232005""",not_checked,official_or_institutional_confirmation,bibliographic/aggregator evidence only; API channels may share provenance; no PI or project fact inferred
21532005,B,2015,key,B01,P3,confirmed_bibliographic,C_bibliographic,crossref,59,,,,"""21532005""","""21532005"" ""National Natural Science Foundation of China""","site:edu.cn OR site:ac.cn ""21532005""",not_checked,official_or_institutional_confirmation,bibliographic/aggregator evidence only; API channels may share provenance; no PI or project fact inferred
21132003,B,2011,key,B01,P3,confirmed_bibliographic,C_bibliographic,crossref,56,,,,"""21132003""","""21132003"" ""National Natural Science Foundation of China""","site:edu.cn OR site:ac.cn ""21132003""",not_checked,official_or_institutional_confirmation,bibliographic/aggregator evidence only; API channels may share provenance; no PI or project fact inferred
21332004,B,2013,key,B01,P3,confirmed_bibliographic,C_bibliographic,crossref,54,,,,"""21332004""","""21332004"" ""National Natural Science Foundation of China""","site:edu.cn OR site:ac.cn ""21332004""",not_checked,official_or_institutional_confirmation,bibliographic/aggregator evidence only; API channels may share provenance; no PI or project fact inferred
21775039,B,2017,general,B04,P3,confirmed_bibliographic,C_bibliographic,crossref,51,,,,"""21775039""","""21775039"" ""National Natural Science Foundation of China""","site:edu.cn OR site:ac.cn ""21775039""",not_checked,official_or_institutional_confirmation,bibliographic/aggregator evidence only; API channels may share provenance; no PI or project fact inferred
21331004,B,2013,key,B01,P3,confirmed_bibliographic,C_bibliographic,crossref,47,,,,"""21331004""","""21331004"" ""National Natural Science Foundation of China""","site:edu.cn OR site:ac.cn ""21331004""",not_checked,official_or_institutional_confirmation,bibliographic/aggregator evidence only; API channels may share provenance; no PI or project fact inferred
21476271,B,2014,general,B08,P3,confirmed_bibliographic,C_bibliographic,crossref,43,,,,"""21476271""","""21476271"" ""National Natural Science Foundation of China""","site:edu.cn OR site:ac.cn ""21476271""",not_checked,official_or_institutional_confirmation,bibliographic/aggregator evidence only; API channels may share provenance; no PI or project fact inferred
21575039,B,2015,general,B04,P3,confirmed_bibliographic,C_bibliographic,crossref,40,,,,"""21575039""","""21575039"" ""National Natural Science Foundation of China""","site:edu.cn OR site:ac.cn ""21575039""",not_checked,official_or_institutional_confirmation,bibliographic/aggregator evidence only; API channels may share provenance; no PI or project fact inferred
21765015,B,2017,regional,B04,P3,confirmed_bibliographic,C_bibliographic,crossref,34,,,,"""21765015""","""21765015"" ""National Natural Science Foundation of China""","site:edu.cn OR site:ac.cn ""21765015""",not_checked,official_or_institutional_confirmation,bibliographic/aggregator evidence only; API channels may share provenance; no PI or project fact inferred
21305033,B,2013,youth_c,B04,P3,confirmed_bibliographic,C_bibliographic,crossref,32,,,,"""21305033""","""21305033"" ""National Natural Science Foundation of China""","site:edu.cn OR site:ac.cn ""21305033""",not_checked,official_or_institutional_confirmation,bibliographic/aggregator evidence only; API channels may share provenance; no PI or project fact inferred
21675123,B,2016,general,B04,P3,confirmed_bibliographic,C_bibliographic,crossref,31,,,,"""21675123""","""21675123"" ""National Natural Science Foundation of China""","site:edu.cn OR site:ac.cn ""21675123""",not_checked,official_or_institutional_confirmation,bibliographic/aggregator evidence only; API channels may share provenance; no PI or project fact inferred
21475068,B,2014,general,B04,P3,confirmed_bibliographic,C_bibliographic,crossref,30,,,,"""21475068""","""21475068"" ""National Natural Science Foundation of China""","site:edu.cn OR site:ac.cn ""21475068""",not_checked,official_or_institutional_confirmation,bibliographic/aggregator evidence only; API channels may share provenance; no PI or project fact inferred
21275067,B,2012,general,B04,P3,confirmed_bibliographic,C_bibliographic,crossref,28,,,,"""21275067""","""21275067"" ""National Natural Science Foundation of China""","site:edu.cn OR site:ac.cn ""21275067""",not_checked,official_or_institutional_confirmation,bibliographic/aggregator evidence only; API channels may share provenance; no PI or project fact inferred
21076143,B,2010,general,B08,P3,confirmed_bibliographic,C_bibliographic,crossref,27,,,,"""21076143""","""21076143"" ""National Natural Science Foundation of China""","site:edu.cn OR site:ac.cn ""21076143""",not_checked,official_or_institutional_confirmation,bibliographic/aggregator evidence only; API channels may share provenance; no PI or project fact inferred
21375105,B,2013,general,B04,P3,confirmed_bibliographic,C_bibliographic,crossref,27,,,,"""21375105""","""21375105"" ""National Natural Science Foundation of China""","site:edu.cn OR site:ac.cn ""21375105""",not_checked,official_or_institutional_confirmation,bibliographic/aggregator evidence only; API channels may share provenance; no PI or project fact inferred
21675174,B,2016,general,B04,P3,confirmed_bibliographic,C_bibliographic,crossref,27,,,,"""21675174""","""21675174"" ""National Natural Science Foundation of China""","site:edu.cn OR site:ac.cn ""21675174""",not_checked,official_or_institutional_confirmation,bibliographic/aggregator evidence only; API channels may share provenance; no PI or project fact inferred
21532002,B,2015,key,B01,P3,confirmed_bibliographic,C_bibliographic,crossref,27,,,,"""21532002""","""21532002"" ""National Natural Science Foundation of China""","site:edu.cn OR site:ac.cn ""21532002""",not_checked,official_or_institutional_confirmation,bibliographic/aggregator evidence only; API channels may share provenance; no PI or project fact inferred
21575011,B,2015,general,B04,P3,confirmed_bibliographic,C_bibliographic,crossref,26,,,,"""21575011""","""21575011"" ""National Natural Science Foundation of China""","site:edu.cn OR site:ac.cn ""21575011""",not_checked,official_or_institutional_confirmation,bibliographic/aggregator evidence only; API channels may share provenance; no PI or project fact inferred
21175041,B,2011,general,B04,P3,confirmed_bibliographic,C_bibliographic,crossref,26,,,,"""21175041""","""21175041"" ""National Natural Science Foundation of China""","site:edu.cn OR site:ac.cn ""21175041""",not_checked,official_or_institutional_confirmation,bibliographic/aggregator evidence only; API channels may share provenance; no PI or project fact inferred
21476145,B,2014,general,B08,P3,confirmed_bibliographic,C_bibliographic,crossref,25,,,,"""21476145""","""21476145"" ""National Natural Science Foundation of China""","site:edu.cn OR site:ac.cn ""21476145""",not_checked,official_or_institutional_confirmation,bibliographic/aggregator evidence only; API channels may share provenance; no PI or project fact inferred
21777039,B,2017,general,B06,P3,confirmed_bibliographic,C_bibliographic,crossref,25,,,,"""21777039""","""21777039"" ""National Natural Science Foundation of China""","site:edu.cn OR site:ac.cn ""21777039""",not_checked,official_or_institutional_confirmation,bibliographic/aggregator evidence only; API channels may share provenance; no PI or project fact inferred
21375082,B,2013,general,B04,P3,confirmed_bibliographic,C_bibliographic,crossref,25,,,,"""21375082""","""21375082"" ""National Natural Science Foundation of China""","site:edu.cn OR site:ac.cn ""21375082""",not_checked,official_or_institutional_confirmation,bibliographic/aggregator evidence only; API channels may share provenance; no PI or project fact inferred
21276040,B,2012,general,B08,P3,confirmed_bibliographic,C_bibliographic,crossref,24,,,,"""21276040""","""21276040"" ""National Natural Science Foundation of China""","site:edu.cn OR site:ac.cn ""21276040""",not_checked,official_or_institutional_confirmation,bibliographic/aggregator evidence only; API channels may share provenance; no PI or project fact inferred
21505009,B,2015,youth_c,B04,P3,confirmed_bibliographic,C_bibliographic,crossref,24,,,,"""21505009""","""21505009"" ""National Natural Science Foundation of China""","site:edu.cn OR site:ac.cn ""21505009""",not_checked,official_or_institutional_confirmation,bibliographic/aggregator evidence only; API channels may share provenance; no PI or project fact inferred
21475081,B,2014,general,B04,P3,confirmed_bibliographic,C_bibliographic,crossref,22,,,,"""21475081""","""21475081"" ""National Natural Science Foundation of China""","site:edu.cn OR site:ac.cn ""21475081""",not_checked,official_or_institutional_confirmation,bibliographic/aggregator evidence only; API channels may share provenance; no PI or project fact inferred
21375118,B,2013,general,B04,P3,confirmed_bibliographic,C_bibliographic,crossref,22,,,,"""21375118""","""21375118"" ""National Natural Science Foundation of China""","site:edu.cn OR site:ac.cn ""21375118""",not_checked,official_or_institutional_confirmation,bibliographic/aggregator evidence only; API channels may share provenance; no PI or project fact inferred
21675114,B,2016,general,B04,P3,confirmed_bibliographic,C_bibliographic,crossref,22,,,,"""21675114""","""21675114"" ""National Natural Science Foundation of China""","site:edu.cn OR site:ac.cn ""21675114""",not_checked,official_or_institutional_confirmation,bibliographic/aggregator evidence only; API channels may share provenance; no PI or project fact inferred
21565022,B,2015,regional,B04,P3,confirmed_bibliographic,C_bibliographic,crossref,21,,,,"""21565022""","""21565022"" ""National Natural Science Foundation of China""","site:edu.cn OR site:ac.cn ""21565022""",not_checked,official_or_institutional_confirmation,bibliographic/aggregator evidence only; API channels may share provenance; no PI or project fact inferred
21665022,B,2016,regional,B04,P3,confirmed_bibliographic,C_bibliographic,crossref,21,,,,"""21665022""","""21665022"" ""National Natural Science Foundation of China""","site:edu.cn OR site:ac.cn ""21665022""",not_checked,official_or_institutional_confirmation,bibliographic/aggregator evidence only; API channels may share provenance; no PI or project fact inferred
21775076,B,2017,general,B04,P3,confirmed_bibliographic,C_bibliographic,crossref,20,,,,"""21775076""","""21775076"" ""National Natural Science Foundation of China""","site:edu.cn OR site:ac.cn ""21775076""",not_checked,official_or_institutional_confirmation,bibliographic/aggregator evidence only; API channels may share provenance; no PI or project fact inferred
21675138,B,2016,general,B04,P3,confirmed_bibliographic,C_bibliographic,crossref,19,,,,"""21675138""","""21675138"" ""National Natural Science Foundation of China""","site:edu.cn OR site:ac.cn ""21675138""",not_checked,official_or_institutional_confirmation,bibliographic/aggregator evidence only; API channels may share provenance; no PI or project fact inferred
20933004,B,2009,key,B03,P3,confirmed_bibliographic,C_bibliographic,crossref,19,,,,"""20933004""","""20933004"" ""National Natural Science Foundation of China""","site:edu.cn OR site:ac.cn ""20933004""",not_checked,official_or_institutional_confirmation,bibliographic/aggregator evidence only; API channels may share provenance; no PI or project fact inferred
21876115,B,2018,general,B06,P3,confirmed_bibliographic,C_bibliographic,crossref,18,,,,"""21876115""","""21876115"" ""National Natural Science Foundation of China""","site:edu.cn OR site:ac.cn ""21876115""",not_checked,official_or_institutional_confirmation,bibliographic/aggregator evidence only; API channels may share provenance; no PI or project fact inferred
21276258,B,2012,general,B08,P3,confirmed_bibliographic,C_bibliographic,crossref,18,,,,"""21276258""","""21276258"" ""National Natural Science Foundation of China""","site:edu.cn OR site:ac.cn ""21276258""",not_checked,official_or_institutional_confirmation,bibliographic/aggregator evidence only; API channels may share provenance; no PI or project fact inferred
21632007,B,2016,key,B01,P3,confirmed_bibliographic,C_bibliographic,crossref,18,,,,"""21632007""","""21632007"" ""National Natural Science Foundation of China""","site:edu.cn OR site:ac.cn ""21632007""",not_checked,official_or_institutional_confirmation,bibliographic/aggregator evidence only; API channels may share provenance; no PI or project fact inferred
21467024,B,2014,regional,B06,P3,confirmed_bibliographic,C_bibliographic,crossref,17,,,,"""21467024""","""21467024"" ""National Natural Science Foundation of China""","site:edu.cn OR site:ac.cn ""21467024""",not_checked,official_or_institutional_confirmation,bibliographic/aggregator evidence only; API channels may share provenance; no PI or project fact inferred
21475039,B,2014,general,B04,P3,confirmed_bibliographic,C_bibliographic,crossref,17,,,,"""21475039""","""21475039"" ""National Natural Science Foundation of China""","site:edu.cn OR site:ac.cn ""21475039""",not_checked,official_or_institutional_confirmation,bibliographic/aggregator evidence only; API channels may share provenance; no PI or project fact inferred
21605123,B,2016,youth_c,B04,P3,confirmed_bibliographic,C_bibliographic,crossref,17,,,,"""21605123""","""21605123"" ""National Natural Science Foundation of China""","site:edu.cn OR site:ac.cn ""21605123""",not_checked,official_or_institutional_confirmation,bibliographic/aggregator evidence only; API channels may share provenance; no PI or project fact inferred
21775058,B,2017,general,B04,P3,confirmed_bibliographic,C_bibliographic,crossref,17,,,,"""21775058""","""21775058"" ""National Natural Science Foundation of China""","site:edu.cn OR site:ac.cn ""21775058""",not_checked,official_or_institutional_confirmation,bibliographic/aggregator evidence only; API channels may share provenance; no PI or project fact inferred
21375151,B,2013,general,B04,P3,confirmed_bibliographic,C_bibliographic,crossref,17,,,,"""21375151""","""21375151"" ""National Natural Science Foundation of China""","site:edu.cn OR site:ac.cn ""21375151""",not_checked,official_or_institutional_confirmation,bibliographic/aggregator evidence only; API channels may share provenance; no PI or project fact inferred
21675010,B,2016,general,B04,P3,confirmed_bibliographic,C_bibliographic,crossref,17,,,,"""21675010""","""21675010"" ""National Natural Science Foundation of China""","site:edu.cn OR site:ac.cn ""21675010""",not_checked,official_or_institutional_confirmation,bibliographic/aggregator evidence only; API channels may share provenance; no PI or project fact inferred
21305163,B,2013,youth_c,B04,P3,confirmed_bibliographic,C_bibliographic,crossref,16,,,,"""21305163""","""21305163"" ""National Natural Science Foundation of China""","site:edu.cn OR site:ac.cn ""21305163""",not_checked,official_or_institutional_confirmation,bibliographic/aggregator evidence only; API channels may share provenance; no PI or project fact inferred
21777123,B,2017,general,B06,P3,confirmed_bibliographic,C_bibliographic,crossref,15,,,,"""21777123""","""21777123"" ""National Natural Science Foundation of China""","site:edu.cn OR site:ac.cn ""21777123""",not_checked,official_or_institutional_confirmation,bibliographic/aggregator evidence only; API channels may share provenance; no PI or project fact inferred
21276059,B,2012,general,B08,P3,confirmed_bibliographic,C_bibliographic,crossref,15,,,,"""21276059""","""21276059"" ""National Natural Science Foundation of China""","site:edu.cn OR site:ac.cn ""21276059""",not_checked,official_or_institutional_confirmation,bibliographic/aggregator evidence only; API channels may share provenance; no PI or project fact inferred
21475054,B,2014,general,B04,P3,confirmed_bibliographic,C_bibliographic,crossref,15,,,,"""21475054""","""21475054"" ""National Natural Science Foundation of China""","site:edu.cn OR site:ac.cn ""21475054""",not_checked,official_or_institutional_confirmation,bibliographic/aggregator evidence only; API channels may share provenance; no PI or project fact inferred
21864021,B,2018,regional,B04,P3,confirmed_bibliographic,C_bibliographic,crossref,15,,,,"""21864021""","""21864021"" ""National Natural Science Foundation of China""","site:edu.cn OR site:ac.cn ""21864021""",not_checked,official_or_institutional_confirmation,bibliographic/aggregator evidence only; API channels may share provenance; no PI or project fact inferred
21675070,B,2016,general,B04,P3,confirmed_bibliographic,C_bibliographic,crossref,15,,,,"""21675070""","""21675070"" ""National Natural Science Foundation of China""","site:edu.cn OR site:ac.cn ""21675070""",not_checked,official_or_institutional_confirmation,bibliographic/aggregator evidence only; API channels may share provenance; no PI or project fact inferred
21305101,B,2013,youth_c,B04,P3,confirmed_bibliographic,C_bibliographic,crossref,15,,,,"""21305101""","""21305101"" ""National Natural Science Foundation of China""","site:edu.cn OR site:ac.cn ""21305101""",not_checked,official_or_institutional_confirmation,bibliographic/aggregator evidence only; API channels may share provenance; no PI or project fact inferred
21175074,B,2011,general,B04,P3,confirmed_bibliographic,C_bibliographic,crossref,15,,,,"""21175074""","""21175074"" ""National Natural Science Foundation of China""","site:edu.cn OR site:ac.cn ""21175074""",not_checked,official_or_institutional_confirmation,bibliographic/aggregator evidence only; API channels may share provenance; no PI or project fact inferred
21065010,B,2010,regional,B04,P3,confirmed_bibliographic,C_bibliographic,crossref,15,,,,"""21065010""","""21065010"" ""National Natural Science Foundation of China""","site:edu.cn OR site:ac.cn ""21065010""",not_checked,official_or_institutional_confirmation,bibliographic/aggregator evidence only; API channels may share provenance; no PI or project fact inferred
21306035,B,2013,youth_c,B08,P3,confirmed_bibliographic,C_bibliographic,crossref,14,,,,"""21306035""","""21306035"" ""National Natural Science Foundation of China""","site:edu.cn OR site:ac.cn ""21306035""",not_checked,official_or_institutional_confirmation,bibliographic/aggregator evidence only; API channels may share provenance; no PI or project fact inferred
20375012,B,2003,general,B04,P3,confirmed_bibliographic,C_bibliographic,crossref,14,,,,"""20375012""","""20375012"" ""National Natural Science Foundation of China""","site:edu.cn OR site:ac.cn ""20375012""",not_checked,official_or_institutional_confirmation,bibliographic/aggregator evidence only; API channels may share provenance; no PI or project fact inferred
21705044,B,2017,youth_c,B04,P3,confirmed_bibliographic,C_bibliographic,crossref,14,,,,"""21705044""","""21705044"" ""National Natural Science Foundation of China""","site:edu.cn OR site:ac.cn ""21705044""",not_checked,official_or_institutional_confirmation,bibliographic/aggregator evidence only; API channels may share provenance; no PI or project fact inferred
21205145,B,2012,youth_c,B04,P3,confirmed_bibliographic,C_bibliographic,crossref,14,,,,"""21205145""","""21205145"" ""National Natural Science Foundation of China""","site:edu.cn OR site:ac.cn ""21205145""",not_checked,official_or_institutional_confirmation,bibliographic/aggregator evidence only; API channels may share provenance; no PI or project fact inferred
21665016,B,2016,regional,B04,P3,confirmed_bibliographic,C_bibliographic,crossref,14,,,,"""21665016""","""21665016"" ""National Natural Science Foundation of China""","site:edu.cn OR site:ac.cn ""21665016""",not_checked,official_or_institutional_confirmation,bibliographic/aggregator evidence only; API channels may share provenance; no PI or project fact inferred
21676180,B,2016,general,B08,P3,confirmed_bibliographic,C_bibliographic,crossref,13,,,,"""21676180""","""21676180"" ""National Natural Science Foundation of China""","site:edu.cn OR site:ac.cn ""21676180""",not_checked,official_or_institutional_confirmation,bibliographic/aggregator evidence only; API channels may share provenance; no PI or project fact inferred
21207135,B,2012,youth_c,B06,P3,confirmed_bibliographic,C_bibliographic,crossref,13,,,,"""21207135""","""21207135"" ""National Natural Science Foundation of China""","site:edu.cn OR site:ac.cn ""21207135""",not_checked,official_or_institutional_confirmation,bibliographic/aggregator evidence only; API channels may share provenance; no PI or project fact inferred
21306124,B,2013,youth_c,B08,P3,confirmed_bibliographic,C_bibliographic,crossref,13,,,,"""21306124""","""21306124"" ""National Natural Science Foundation of China""","site:edu.cn OR site:ac.cn ""21306124""",not_checked,official_or_institutional_confirmation,bibliographic/aggregator evidence only; API channels may share provenance; no PI or project fact inferred
21405110,B,2014,youth_c,B04,P3,confirmed_bibliographic,C_bibliographic,crossref,13,,,,"""21405110""","""21405110"" ""National Natural Science Foundation of China""","site:edu.cn OR site:ac.cn ""21405110""",not_checked,official_or_institutional_confirmation,bibliographic/aggregator evidence only; API channels may share provenance; no PI or project fact inferred
21575094,B,2015,general,B04,P3,confirmed_bibliographic,C_bibliographic,crossref,13,,,,"""21575094""","""21575094"" ""National Natural Science Foundation of China""","site:edu.cn OR site:ac.cn ""21575094""",not_checked,official_or_institutional_confirmation,bibliographic/aggregator evidence only; API channels may share provenance; no PI or project fact inferred
21375090,B,2013,general,B04,P3,confirmed_bibliographic,C_bibliographic,crossref,13,,,,"""21375090""","""21375090"" ""National Natural Science Foundation of China""","site:edu.cn OR site:ac.cn ""21375090""",not_checked,official_or_institutional_confirmation,bibliographic/aggregator evidence only; API channels may share provenance; no PI or project fact inferred
21275016,B,2012,general,B04,P3,confirmed_bibliographic,C_bibliographic,crossref,13,,,,"""21275016""","""21275016"" ""National Natural Science Foundation of China""","site:edu.cn OR site:ac.cn ""21275016""",not_checked,official_or_institutional_confirmation,bibliographic/aggregator evidence only; API channels may share provenance; no PI or project fact inferred
21032002,B,2010,key,B01,P3,confirmed_bibliographic,C_bibliographic,crossref,13,,,,"""21032002""","""21032002"" ""National Natural Science Foundation of China""","site:edu.cn OR site:ac.cn ""21032002""",not_checked,official_or_institutional_confirmation,bibliographic/aggregator evidence only; API channels may share provenance; no PI or project fact inferred
21605041,B,2016,youth_c,B04,P3,confirmed_bibliographic,C_bibliographic,crossref,12,,,,"""21605041""","""21605041"" ""National Natural Science Foundation of China""","site:edu.cn OR site:ac.cn ""21605041""",not_checked,official_or_institutional_confirmation,bibliographic/aggregator evidence only; API channels may share provenance; no PI or project fact inferred
21775038,B,2017,general,B04,P3,confirmed_bibliographic,C_bibliographic,crossref,12,,,,"""21775038""","""21775038"" ""National Natural Science Foundation of China""","site:edu.cn OR site:ac.cn ""21775038""",not_checked,official_or_institutional_confirmation,bibliographic/aggregator evidence only; API channels may share provenance; no PI or project fact inferred
21775107,B,2017,general,B04,P3,confirmed_bibliographic,C_bibliographic,crossref,12,,,,"""21775107""","""21775107"" ""National Natural Science Foundation of China""","site:edu.cn OR site:ac.cn ""21775107""",not_checked,official_or_institutional_confirmation,bibliographic/aggregator evidence only; API channels may share provenance; no PI or project fact inferred
20875047,B,2008,general,B04,P3,confirmed_bibliographic,C_bibliographic,crossref,12,,,,"""20875047""","""20875047"" ""National Natural Science Foundation of China""","site:edu.cn OR site:ac.cn ""20875047""",not_checked,official_or_institutional_confirmation,bibliographic/aggregator evidence only; API channels may share provenance; no PI or project fact inferred
21275046,B,2012,general,B04,P3,confirmed_bibliographic,C_bibliographic,crossref,12,,,,"""21275046""","""21275046"" ""National Natural Science Foundation of China""","site:edu.cn OR site:ac.cn ""21275046""",not_checked,official_or_institutional_confirmation,bibliographic/aggregator evidence only; API channels may share provenance; no PI or project fact inferred
21305062,B,2013,youth_c,B04,P3,confirmed_bibliographic,C_bibliographic,crossref,12,,,,"""21305062""","""21305062"" ""National Natural Science Foundation of China""","site:edu.cn OR site:ac.cn ""21305062""",not_checked,official_or_institutional_confirmation,bibliographic/aggregator evidence only; API channels may share provenance; no PI or project fact inferred
21605102,B,2016,youth_c,B04,P3,confirmed_bibliographic,C_bibliographic,crossref,11,,,,"""21605102""","""21605102"" ""National Natural Science Foundation of China""","site:edu.cn OR site:ac.cn ""21605102""",not_checked,official_or_institutional_confirmation,bibliographic/aggregator evidence only; API channels may share provenance; no PI or project fact inferred
21075053,B,2010,general,B04,P3,confirmed_bibliographic,C_bibliographic,crossref,11,,,,"""21075053""","""21075053"" ""National Natural Science Foundation of China""","site:edu.cn OR site:ac.cn ""21075053""",not_checked,official_or_institutional_confirmation,bibliographic/aggregator evidence only; API channels may share provenance; no PI or project fact inferred
21375054,B,2013,general,B04,P3,confirmed_bibliographic,C_bibliographic,crossref,11,,,,"""21375054""","""21375054"" ""National Natural Science Foundation of China""","site:edu.cn OR site:ac.cn ""21375054""",not_checked,official_or_institutional_confirmation,bibliographic/aggregator evidence only; API channels may share provenance; no PI or project fact inferred
21675180,B,2016,general,B04,P3,confirmed_bibliographic,C_bibliographic,crossref,11,,,,"""21675180""","""21675180"" ""National Natural Science Foundation of China""","site:edu.cn OR site:ac.cn ""21675180""",not_checked,official_or_institutional_confirmation,bibliographic/aggregator evidence only; API channels may share provenance; no PI or project fact inferred
21175106,B,2011,general,B04,P3,confirmed_bibliographic,C_bibliographic,crossref,11,,,,"""21175106""","""21175106"" ""National Natural Science Foundation of China""","site:edu.cn OR site:ac.cn ""21175106""",not_checked,official_or_institutional_confirmation,bibliographic/aggregator evidence only; API channels may share provenance; no PI or project fact inferred
21033008,B,2010,key,B02,P3,confirmed_bibliographic,C_bibliographic,crossref,11,,,,"""21033008""","""21033008"" ""National Natural Science Foundation of China""","site:edu.cn OR site:ac.cn ""21033008""",not_checked,official_or_institutional_confirmation,bibliographic/aggregator evidence only; API channels may share provenance; no PI or project fact inferred
21332006,B,2013,key,B01,P3,confirmed_bibliographic,C_bibliographic,crossref,11,,,,"""21332006""","""21332006"" ""National Natural Science Foundation of China""","site:edu.cn OR site:ac.cn ""21332006""",not_checked,official_or_institutional_confirmation,bibliographic/aggregator evidence only; API channels may share provenance; no PI or project fact inferred
21077107,B,2010,general,B06,P3,confirmed_bibliographic,C_bibliographic,crossref,10,,,,"""21077107""","""21077107"" ""National Natural Science Foundation of China""","site:edu.cn OR site:ac.cn ""21077107""",not_checked,official_or_institutional_confirmation,bibliographic/aggregator evidence only; API channels may share provenance; no PI or project fact inferred
20976002,B,2009,general,B08,P3,confirmed_bibliographic,C_bibliographic,crossref,10,,,,"""20976002""","""20976002"" ""National Natural Science Foundation of China""","site:edu.cn OR site:ac.cn ""20976002""",not_checked,official_or_institutional_confirmation,bibliographic/aggregator evidence only; API channels may share provenance; no PI or project fact inferred
20875022,B,2008,general,B04,P3,confirmed_bibliographic,C_bibliographic,crossref,10,,,,"""20875022""","""20875022"" ""National Natural Science Foundation of China""","site:edu.cn OR site:ac.cn ""20875022""",not_checked,official_or_institutional_confirmation,bibliographic/aggregator evidence only; API channels may share provenance; no PI or project fact inferred
21375007,B,2013,general,B04,P3,confirmed_bibliographic,C_bibliographic,crossref,10,,,,"""21375007""","""21375007"" ""National Natural Science Foundation of China""","site:edu.cn OR site:ac.cn ""21375007""",not_checked,official_or_institutional_confirmation,bibliographic/aggregator evidence only; API channels may share provenance; no PI or project fact inferred
21175157,B,2011,general,B04,P3,confirmed_bibliographic,C_bibliographic,crossref,10,,,,"""21175157""","""21175157"" ""National Natural Science Foundation of China""","site:edu.cn OR site:ac.cn ""21175157""",not_checked,official_or_institutional_confirmation,bibliographic/aggregator evidence only; API channels may share provenance; no PI or project fact inferred
21465016,B,2014,regional,B04,P3,confirmed_bibliographic,C_bibliographic,crossref,10,,,,"""21465016""","""21465016"" ""National Natural Science Foundation of China""","site:edu.cn OR site:ac.cn ""21465016""",not_checked,official_or_institutional_confirmation,bibliographic/aggregator evidence only; API channels may share provenance; no PI or project fact inferred
21871286,B,2018,general,B01,P3,confirmed_bibliographic,C_bibliographic,crossref,9,,,,"""21871286""","""21871286"" ""National Natural Science Foundation of China""","site:edu.cn OR site:ac.cn ""21871286""",not_checked,official_or_institutional_confirmation,bibliographic/aggregator evidence only; API channels may share provenance; no PI or project fact inferred
21876048,B,2018,general,B06,P3,confirmed_bibliographic,C_bibliographic,crossref,9,,,,"""21876048""","""21876048"" ""National Natural Science Foundation of China""","site:edu.cn OR site:ac.cn ""21876048""",not_checked,official_or_institutional_confirmation,bibliographic/aggregator evidence only; API channels may share provenance; no PI or project fact inferred
21505139,B,2015,youth_c,B04,P3,confirmed_bibliographic,C_bibliographic,crossref,9,,,,"""21505139""","""21505139"" ""National Natural Science Foundation of China""","site:edu.cn OR site:ac.cn ""21505139""",not_checked,official_or_institutional_confirmation,bibliographic/aggregator evidence only; API channels may share provenance; no PI or project fact inferred
21775060,B,2017,general,B04,P3,confirmed_bibliographic,C_bibliographic,crossref,9,,,,"""21775060""","""21775060"" ""National Natural Science Foundation of China""","site:edu.cn OR site:ac.cn ""21775060""",not_checked,official_or_institutional_confirmation,bibliographic/aggregator evidence only; API channels may share provenance; no PI or project fact inferred
21275101,B,2012,general,B04,P3,confirmed_bibliographic,C_bibliographic,crossref,9,,,,"""21275101""","""21275101"" ""National Natural Science Foundation of China""","site:edu.cn OR site:ac.cn ""21275101""",not_checked,official_or_institutional_confirmation,bibliographic/aggregator evidence only; API channels may share provenance; no PI or project fact inferred
21365008,B,2013,regional,B04,P3,confirmed_bibliographic,C_bibliographic,crossref,9,,,,"""21365008""","""21365008"" ""National Natural Science Foundation of China""","site:edu.cn OR site:ac.cn ""21365008""",not_checked,official_or_institutional_confirmation,bibliographic/aggregator evidence only; API channels may share provenance; no PI or project fact inferred
21076103,B,2010,general,B08,P3,confirmed_bibliographic,C_bibliographic,crossref,8,,,,"""21076103""","""21076103"" ""National Natural Science Foundation of China""","site:edu.cn OR site:ac.cn ""21076103""",not_checked,official_or_institutional_confirmation,bibliographic/aggregator evidence only; API channels may share provenance; no PI or project fact inferred
21405068,B,2014,youth_c,B04,P3,confirmed_bibliographic,C_bibliographic,crossref,8,,,,"""21405068""","""21405068"" ""National Natural Science Foundation of China""","site:edu.cn OR site:ac.cn ""21405068""",not_checked,official_or_institutional_confirmation,bibliographic/aggregator evidence only; API channels may share provenance; no PI or project fact inferred
21206026,B,2012,youth_c,B08,P3,confirmed_bibliographic,C_bibliographic,crossref,8,,,,"""21206026""","""21206026"" ""National Natural Science Foundation of China""","site:edu.cn OR site:ac.cn ""21206026""",not_checked,official_or_institutional_confirmation,bibliographic/aggregator evidence only; API channels may share provenance; no PI or project fact inferred
21205118,B,2012,youth_c,B04,P3,confirmed_bibliographic,C_bibliographic,crossref,8,,,,"""21205118""","""21205118"" ""National Natural Science Foundation of China""","site:edu.cn OR site:ac.cn ""21205118""",not_checked,official_or_institutional_confirmation,bibliographic/aggregator evidence only; API channels may share provenance; no PI or project fact inferred
21605067,B,2016,youth_c,B04,P3,confirmed_bibliographic,C_bibliographic,crossref,8,,,,"""21605067""","""21605067"" ""National Natural Science Foundation of China""","site:edu.cn OR site:ac.cn ""21605067""",not_checked,official_or_institutional_confirmation,bibliographic/aggregator evidence only; API channels may share provenance; no PI or project fact inferred
21375011,B,2013,general,B04,P3,confirmed_bibliographic,C_bibliographic,crossref,8,,,,"""21375011""","""21375011"" ""National Natural Science Foundation of China""","site:edu.cn OR site:ac.cn ""21375011""",not_checked,official_or_institutional_confirmation,bibliographic/aggregator evidence only; API channels may share provenance; no PI or project fact inferred
20775025,B,2007,general,B04,P3,confirmed_bibliographic,C_bibliographic,crossref,8,,,,"""20775025""","""20775025"" ""National Natural Science Foundation of China""","site:edu.cn OR site:ac.cn ""20775025""",not_checked,official_or_institutional_confirmation,bibliographic/aggregator evidence only; API channels may share provenance; no PI or project fact inferred
21275164,B,2012,general,B04,P3,confirmed_bibliographic,C_bibliographic,crossref,8,,,,"""21275164""","""21275164"" ""National Natural Science Foundation of China""","site:edu.cn OR site:ac.cn ""21275164""",not_checked,official_or_institutional_confirmation,bibliographic/aggregator evidence only; API channels may share provenance; no PI or project fact inferred
21675035,B,2016,general,B04,P3,confirmed_bibliographic,C_bibliographic,crossref,8,,,,"""21675035""","""21675035"" ""National Natural Science Foundation of China""","site:edu.cn OR site:ac.cn ""21675035""",not_checked,official_or_institutional_confirmation,bibliographic/aggregator evidence only; API channels may share provenance; no PI or project fact inferred
20975039,B,2009,general,B04,P3,confirmed_bibliographic,C_bibliographic,crossref,8,,,,"""20975039""","""20975039"" ""National Natural Science Foundation of China""","site:edu.cn OR site:ac.cn ""20975039""",not_checked,official_or_institutional_confirmation,bibliographic/aggregator evidence only; API channels may share provenance; no PI or project fact inferred
21305061,B,2013,youth_c,B04,P3,confirmed_bibliographic,C_bibliographic,crossref,8,,,,"""21305061""","""21305061"" ""National Natural Science Foundation of China""","site:edu.cn OR site:ac.cn ""21305061""",not_checked,official_or_institutional_confirmation,bibliographic/aggregator evidence only; API channels may share provenance; no PI or project fact inferred
21175064,B,2011,general,B04,P3,confirmed_bibliographic,C_bibliographic,crossref,8,,,,"""21175064""","""21175064"" ""National Natural Science Foundation of China""","site:edu.cn OR site:ac.cn ""21175064""",not_checked,official_or_institutional_confirmation,bibliographic/aggregator evidence only; API channels may share provenance; no PI or project fact inferred
21175130,B,2011,general,B04,P3,confirmed_bibliographic,C_bibliographic,crossref,8,,,,"""21175130""","""21175130"" ""National Natural Science Foundation of China""","site:edu.cn OR site:ac.cn ""21175130""",not_checked,official_or_institutional_confirmation,bibliographic/aggregator evidence only; API channels may share provenance; no PI or project fact inferred
22109033,B,2021,youth_c,B09,P3,confirmed_bibliographic,C_bibliographic,crossref,7,,,,"""22109033""","""22109033"" ""National Natural Science Foundation of China""","site:edu.cn OR site:ac.cn ""22109033""",not_checked,official_or_institutional_confirmation,bibliographic/aggregator evidence only; API channels may share provenance; no PI or project fact inferred
21505085,B,2015,youth_c,B04,P3,confirmed_bibliographic,C_bibliographic,crossref,7,,,,"""21505085""","""21505085"" ""National Natural Science Foundation of China""","site:edu.cn OR site:ac.cn ""21505085""",not_checked,official_or_institutional_confirmation,bibliographic/aggregator evidence only; API channels may share provenance; no PI or project fact inferred
21705158,B,2017,youth_c,B04,P3,confirmed_bibliographic,C_bibliographic,crossref,7,,,,"""21705158""","""21705158"" ""National Natural Science Foundation of China""","site:edu.cn OR site:ac.cn ""21705158""",not_checked,official_or_institutional_confirmation,bibliographic/aggregator evidence only; API channels may share provenance; no PI or project fact inferred
21705162,B,2017,youth_c,B04,P3,confirmed_bibliographic,C_bibliographic,crossref,7,,,,"""21705162""","""21705162"" ""National Natural Science Foundation of China""","site:edu.cn OR site:ac.cn ""21705162""",not_checked,official_or_institutional_confirmation,bibliographic/aggregator evidence only; API channels may share provenance; no PI or project fact inferred
21775118,B,2017,general,B04,P3,confirmed_bibliographic,C_bibliographic,crossref,7,,,,"""21775118""","""21775118"" ""National Natural Science Foundation of China""","site:edu.cn OR site:ac.cn ""21775118""",not_checked,official_or_institutional_confirmation,bibliographic/aggregator evidence only; API channels may share provenance; no PI or project fact inferred
21034004,B,2010,key,B05,P3,confirmed_bibliographic,C_bibliographic,crossref,7,,,,"""21034004""","""21034004"" ""National Natural Science Foundation of China""","site:edu.cn OR site:ac.cn ""21034004""",not_checked,official_or_institutional_confirmation,bibliographic/aggregator evidence only; API channels may share provenance; no PI or project fact inferred
21376033,B,2013,general,B08,P3,confirmed_bibliographic,C_bibliographic,crossref,6,,,,"""21376033""","""21376033"" ""National Natural Science Foundation of China""","site:edu.cn OR site:ac.cn ""21376033""",not_checked,official_or_institutional_confirmation,bibliographic/aggregator evidence only; API channels may share provenance; no PI or project fact inferred
21376210,B,2013,general,B08,P3,confirmed_bibliographic,C_bibliographic,crossref,6,,,,"""21376210""","""21376210"" ""National Natural Science Foundation of China""","site:edu.cn OR site:ac.cn ""21376210""",not_checked,official_or_institutional_confirmation,bibliographic/aggregator evidence only; API channels may share provenance; no PI or project fact inferred
21005063,B,2010,youth_c,B04,P3,confirmed_bibliographic,C_bibliographic,crossref,6,,,,"""21005063""","""21005063"" ""National Natural Science Foundation of China""","site:edu.cn OR site:ac.cn ""21005063""",not_checked,official_or_institutional_confirmation,bibliographic/aggregator evidence only; API channels may share provenance; no PI or project fact inferred
21505099,B,2015,youth_c,B04,P3,confirmed_bibliographic,C_bibliographic,crossref,6,,,,"""21505099""","""21505099"" ""National Natural Science Foundation of China""","site:edu.cn OR site:ac.cn ""21505099""",not_checked,official_or_institutional_confirmation,bibliographic/aggregator evidence only; API channels may share provenance; no PI or project fact inferred
21466033,B,2014,regional,B08,P3,confirmed_bibliographic,C_bibliographic,crossref,6,,,,"""21466033""","""21466033"" ""National Natural Science Foundation of China""","site:edu.cn OR site:ac.cn ""21466033""",not_checked,official_or_institutional_confirmation,bibliographic/aggregator evidence only; API channels may share provenance; no PI or project fact inferred
21705112,B,2017,youth_c,B04,P3,confirmed_bibliographic,C_bibliographic,crossref,6,,,,"""21705112""","""21705112"" ""National Natural Science Foundation of China""","site:edu.cn OR site:ac.cn ""21705112""",not_checked,official_or_institutional_confirmation,bibliographic/aggregator evidence only; API channels may share provenance; no PI or project fact inferred
21667003,B,2016,regional,B06,P3,confirmed_bibliographic,C_bibliographic,crossref,6,,,,"""21667003""","""21667003"" ""National Natural Science Foundation of China""","site:edu.cn OR site:ac.cn ""21667003""",not_checked,official_or_institutional_confirmation,bibliographic/aggregator evidence only; API channels may share provenance; no PI or project fact inferred
21205055,B,2012,youth_c,B04,P3,confirmed_bibliographic,C_bibliographic,crossref,6,,,,"""21205055""","""21205055"" ""National Natural Science Foundation of China""","site:edu.cn OR site:ac.cn ""21205055""",not_checked,official_or_institutional_confirmation,bibliographic/aggregator evidence only; API channels may share provenance; no PI or project fact inferred
21275061,B,2012,general,B04,P3,confirmed_bibliographic,C_bibliographic,crossref,6,,,,"""21275061""","""21275061"" ""National Natural Science Foundation of China""","site:edu.cn OR site:ac.cn ""21275061""",not_checked,official_or_institutional_confirmation,bibliographic/aggregator evidence only; API channels may share provenance; no PI or project fact inferred
21305108,B,2013,youth_c,B04,P3,confirmed_bibliographic,C_bibliographic,crossref,6,,,,"""21305108""","""21305108"" ""National Natural Science Foundation of China""","site:edu.cn OR site:ac.cn ""21305108""",not_checked,official_or_institutional_confirmation,bibliographic/aggregator evidence only; API channels may share provenance; no PI or project fact inferred
21175095,B,2011,general,B04,P3,confirmed_bibliographic,C_bibliographic,crossref,6,,,,"""21175095""","""21175095"" ""National Natural Science Foundation of China""","site:edu.cn OR site:ac.cn ""21175095""",not_checked,official_or_institutional_confirmation,bibliographic/aggregator evidence only; API channels may share provenance; no PI or project fact inferred
20662003,B,2006,regional,B07,P3,confirmed_bibliographic,C_bibliographic,crossref,6,,,,"""20662003""","""20662003"" ""National Natural Science Foundation of China""","site:edu.cn OR site:ac.cn ""20662003""",not_checked,official_or_institutional_confirmation,bibliographic/aggregator evidence only; API channels may share provenance; no PI or project fact inferred
21127011,B,2011,special,B04,P3,confirmed_bibliographic,C_bibliographic,crossref,6,,,,"""21127011""","""21127011"" ""National Natural Science Foundation of China""","site:edu.cn OR site:ac.cn ""21127011""",not_checked,official_or_institutional_confirmation,bibliographic/aggregator evidence only; API channels may share provenance; no PI or project fact inferred
21665017,B,2016,regional,B04,P3,confirmed_bibliographic,C_bibliographic,crossref,6,,,,"""21665017""","""21665017"" ""National Natural Science Foundation of China""","site:edu.cn OR site:ac.cn ""21665017""",not_checked,official_or_institutional_confirmation,bibliographic/aggregator evidence only; API channels may share provenance; no PI or project fact inferred
20835002,B,2008,key,B04,P3,confirmed_bibliographic,C_bibliographic,crossref,6,,,,"""20835002""","""20835002"" ""National Natural Science Foundation of China""","site:edu.cn OR site:ac.cn ""20835002""",not_checked,official_or_institutional_confirmation,bibliographic/aggregator evidence only; API channels may share provenance; no PI or project fact inferred
21837004,B,2018,key,B07,P3,confirmed_bibliographic,C_bibliographic,crossref,6,,,,"""21837004""","""21837004"" ""National Natural Science Foundation of China""","site:edu.cn OR site:ac.cn ""21837004""",not_checked,official_or_institutional_confirmation,bibliographic/aggregator evidence only; API channels may share provenance; no PI or project fact inferred
21105035,B,2011,youth_c,B04,P3,confirmed_bibliographic,C_bibliographic,crossref,5,,,,"""21105035""","""21105035"" ""National Natural Science Foundation of China""","site:edu.cn OR site:ac.cn ""21105035""",not_checked,official_or_institutional_confirmation,bibliographic/aggregator evidence only; API channels may share provenance; no PI or project fact inferred
21605066,B,2016,youth_c,B04,P3,confirmed_bibliographic,C_bibliographic,crossref,5,,,,"""21605066""","""21605066"" ""National Natural Science Foundation of China""","site:edu.cn OR site:ac.cn ""21605066""",not_checked,official_or_institutional_confirmation,bibliographic/aggregator evidence only; API channels may share provenance; no PI or project fact inferred
20905015,B,2009,youth_c,B04,P3,confirmed_bibliographic,C_bibliographic,crossref,5,,,,"""20905015""","""20905015"" ""National Natural Science Foundation of China""","site:edu.cn OR site:ac.cn ""20905015""",not_checked,official_or_institutional_confirmation,bibliographic/aggregator evidence only; API channels may share provenance; no PI or project fact inferred
21275140,B,2012,general,B04,P3,confirmed_bibliographic,C_bibliographic,crossref,5,,,,"""21275140""","""21275140"" ""National Natural Science Foundation of China""","site:edu.cn OR site:ac.cn ""21275140""",not_checked,official_or_institutional_confirmation,bibliographic/aggregator evidence only; API channels may share provenance; no PI or project fact inferred
21675169,B,2016,general,B04,P3,confirmed_bibliographic,C_bibliographic,crossref,5,,,,"""21675169""","""21675169"" ""National Natural Science Foundation of China""","site:edu.cn OR site:ac.cn ""21675169""",not_checked,official_or_institutional_confirmation,bibliographic/aggregator evidence only; API channels may share provenance; no PI or project fact inferred
20975011,B,2009,general,B04,P3,confirmed_bibliographic,C_bibliographic,crossref,5,,,,"""20975011""","""20975011"" ""National Natural Science Foundation of China""","site:edu.cn OR site:ac.cn ""20975011""",not_checked,official_or_institutional_confirmation,bibliographic/aggregator evidence only; API channels may share provenance; no PI or project fact inferred
20605010,B,2006,youth_c,B04,P3,confirmed_bibliographic,C_bibliographic,crossref,5,,,,"""20605010""","""20605010"" ""National Natural Science Foundation of China""","site:edu.cn OR site:ac.cn ""20605010""",not_checked,official_or_institutional_confirmation,bibliographic/aggregator evidence only; API channels may share provenance; no PI or project fact inferred
21176122,B,2011,general,B08,P3,confirmed_bibliographic,C_bibliographic,crossref,4,,,,"""21176122""","""21176122"" ""National Natural Science Foundation of China""","site:edu.cn OR site:ac.cn ""21176122""",not_checked,official_or_institutional_confirmation,bibliographic/aggregator evidence only; API channels may share provenance; no PI or project fact inferred
21807071,B,2018,youth_c,B07,P3,confirmed_bibliographic,C_bibliographic,crossref,4,,,,"""21807071""","""21807071"" ""National Natural Science Foundation of China""","site:edu.cn OR site:ac.cn ""21807071""",not_checked,official_or_institutional_confirmation,bibliographic/aggregator evidence only; API channels may share provenance; no PI or project fact inferred
21575131,B,2015,general,B04,P3,confirmed_bibliographic,C_bibliographic,crossref,4,,,,"""21575131""","""21575131"" ""National Natural Science Foundation of China""","site:edu.cn OR site:ac.cn ""21575131""",not_checked,official_or_institutional_confirmation,bibliographic/aggregator evidence only; API channels may share provenance; no PI or project fact inferred
21475113,B,2014,general,B04,P3,confirmed_bibliographic,C_bibliographic,crossref,4,,,,"""21475113""","""21475113"" ""National Natural Science Foundation of China""","site:edu.cn OR site:ac.cn ""21475113""",not_checked,official_or_institutional_confirmation,bibliographic/aggregator evidence only; API channels may share provenance; no PI or project fact inferred
20575031,B,2005,general,B04,P3,confirmed_bibliographic,C_bibliographic,crossref,4,,,,"""20575031""","""20575031"" ""National Natural Science Foundation of China""","site:edu.cn OR site:ac.cn ""20575031""",not_checked,official_or_institutional_confirmation,bibliographic/aggregator evidence only; API channels may share provenance; no PI or project fact inferred
21075138,B,2010,general,B04,P3,confirmed_bibliographic,C_bibliographic,crossref,4,,,,"""21075138""","""21075138"" ""National Natural Science Foundation of China""","site:edu.cn OR site:ac.cn ""21075138""",not_checked,official_or_institutional_confirmation,bibliographic/aggregator evidence only; API channels may share provenance; no PI or project fact inferred
21165011,B,2011,regional,B04,P3,confirmed_bibliographic,C_bibliographic,crossref,4,,,,"""21165011""","""21165011"" ""National Natural Science Foundation of China""","site:edu.cn OR site:ac.cn ""21165011""",not_checked,official_or_institutional_confirmation,bibliographic/aggregator evidence only; API channels may share provenance; no PI or project fact inferred
21275094,B,2012,general,B04,P3,confirmed_bibliographic,C_bibliographic,crossref,4,,,,"""21275094""","""21275094"" ""National Natural Science Foundation of China""","site:edu.cn OR site:ac.cn ""21275094""",not_checked,official_or_institutional_confirmation,bibliographic/aggregator evidence only; API channels may share provenance; no PI or project fact inferred
21305096,B,2013,youth_c,B04,P3,confirmed_bibliographic,C_bibliographic,crossref,4,,,,"""21305096""","""21305096"" ""National Natural Science Foundation of China""","site:edu.cn OR site:ac.cn ""21305096""",not_checked,official_or_institutional_confirmation,bibliographic/aggregator evidence only; API channels may share provenance; no PI or project fact inferred
21365003,B,2013,regional,B04,P3,confirmed_bibliographic,C_bibliographic,crossref,4,,,,"""21365003""","""21365003"" ""National Natural Science Foundation of China""","site:edu.cn OR site:ac.cn ""21365003""",not_checked,official_or_institutional_confirmation,bibliographic/aggregator evidence only; API channels may share provenance; no PI or project fact inferred
20832004,B,2008,key,B01,P3,confirmed_bibliographic,C_bibliographic,crossref,4,,,,"""20832004""","""20832004"" ""National Natural Science Foundation of China""","site:edu.cn OR site:ac.cn ""20832004""",not_checked,official_or_institutional_confirmation,bibliographic/aggregator evidence only; API channels may share provenance; no PI or project fact inferred
29975007,B,1999,general,B04,P3,confirmed_bibliographic,C_bibliographic,crossref,4,,,,"""29975007""","""29975007"" ""National Natural Science Foundation of China""","site:edu.cn OR site:ac.cn ""29975007""",not_checked,official_or_institutional_confirmation,bibliographic/aggregator evidence only; API channels may share provenance; no PI or project fact inferred
20543002,B,2005,special,B02,P3,confirmed_bibliographic,C_bibliographic,crossref,4,,,,"""20543002""","""20543002"" ""National Natural Science Foundation of China""","site:edu.cn OR site:ac.cn ""20543002""",not_checked,official_or_institutional_confirmation,bibliographic/aggregator evidence only; API channels may share provenance; no PI or project fact inferred
20732004,B,2007,key,B01,P3,confirmed_bibliographic,C_bibliographic,crossref,4,,,,"""20732004""","""20732004"" ""National Natural Science Foundation of China""","site:edu.cn OR site:ac.cn ""20732004""",not_checked,official_or_institutional_confirmation,bibliographic/aggregator evidence only; API channels may share provenance; no PI or project fact inferred
20675057,B,2006,general,B04,P3,confirmed_bibliographic,C_bibliographic,crossref,3,,,,"""20675057""","""20675057"" ""National Natural Science Foundation of China""","site:edu.cn OR site:ac.cn ""20675057""",not_checked,official_or_institutional_confirmation,bibliographic/aggregator evidence only; API channels may share provenance; no PI or project fact inferred
21205019,B,2012,youth_c,B04,P3,confirmed_bibliographic,C_bibliographic,crossref,3,,,,"""21205019""","""21205019"" ""National Natural Science Foundation of China""","site:edu.cn OR site:ac.cn ""21205019""",not_checked,official_or_institutional_confirmation,bibliographic/aggregator evidence only; API channels may share provenance; no PI or project fact inferred
21265006,B,2012,regional,B04,P3,confirmed_bibliographic,C_bibliographic,crossref,3,,,,"""21265006""","""21265006"" ""National Natural Science Foundation of China""","site:edu.cn OR site:ac.cn ""21265006""",not_checked,official_or_institutional_confirmation,bibliographic/aggregator evidence only; API channels may share provenance; no PI or project fact inferred
20905033,B,2009,youth_c,B04,P3,confirmed_bibliographic,C_bibliographic,crossref,3,,,,"""20905033""","""20905033"" ""National Natural Science Foundation of China""","site:edu.cn OR site:ac.cn ""20905033""",not_checked,official_or_institutional_confirmation,bibliographic/aggregator evidence only; API channels may share provenance; no PI or project fact inferred
20775036,B,2007,general,B04,P3,confirmed_bibliographic,C_bibliographic,crossref,3,,,,"""20775036""","""20775036"" ""National Natural Science Foundation of China""","site:edu.cn OR site:ac.cn ""20775036""",not_checked,official_or_institutional_confirmation,bibliographic/aggregator evidence only; API channels may share provenance; no PI or project fact inferred
20975040,B,2009,general,B04,P3,confirmed_bibliographic,C_bibliographic,crossref,3,,,,"""20975040""","""20975040"" ""National Natural Science Foundation of China""","site:edu.cn OR site:ac.cn ""20975040""",not_checked,official_or_institutional_confirmation,bibliographic/aggregator evidence only; API channels may share provenance; no PI or project fact inferred
21305057,B,2013,youth_c,B04,P3,confirmed_bibliographic,C_bibliographic,crossref,3,,,,"""21305057""","""21305057"" ""National Natural Science Foundation of China""","site:edu.cn OR site:ac.cn ""21305057""",not_checked,official_or_institutional_confirmation,bibliographic/aggregator evidence only; API channels may share provenance; no PI or project fact inferred
20605003,B,2006,youth_c,B04,P3,confirmed_bibliographic,C_bibliographic,crossref,3,,,,"""20605003""","""20605003"" ""National Natural Science Foundation of China""","site:edu.cn OR site:ac.cn ""20605003""",not_checked,official_or_institutional_confirmation,bibliographic/aggregator evidence only; API channels may share provenance; no PI or project fact inferred
20475066,B,2004,general,B04,P3,confirmed_bibliographic,C_bibliographic,crossref,3,,,,"""20475066""","""20475066"" ""National Natural Science Foundation of China""","site:edu.cn OR site:ac.cn ""20475066""",not_checked,official_or_institutional_confirmation,bibliographic/aggregator evidence only; API channels may share provenance; no PI or project fact inferred
21665019,B,2016,regional,B04,P3,confirmed_bibliographic,C_bibliographic,crossref,3,,,,"""21665019""","""21665019"" ""National Natural Science Foundation of China""","site:edu.cn OR site:ac.cn ""21665019""",not_checked,official_or_institutional_confirmation,bibliographic/aggregator evidence only; API channels may share provenance; no PI or project fact inferred
20676049,B,2006,general,B08,P3,confirmed_bibliographic,C_bibliographic,crossref,2,,,,"""20676049""","""20676049"" ""National Natural Science Foundation of China""","site:edu.cn OR site:ac.cn ""20676049""",not_checked,official_or_institutional_confirmation,bibliographic/aggregator evidence only; API channels may share provenance; no PI or project fact inferred
21376092,B,2013,general,B08,P3,confirmed_bibliographic,C_bibliographic,crossref,2,,,,"""21376092""","""21376092"" ""National Natural Science Foundation of China""","site:edu.cn OR site:ac.cn ""21376092""",not_checked,official_or_institutional_confirmation,bibliographic/aggregator evidence only; API channels may share provenance; no PI or project fact inferred
20876002,B,2008,general,B08,P3,confirmed_bibliographic,C_bibliographic,crossref,2,,,,"""20876002""","""20876002"" ""National Natural Science Foundation of China""","site:edu.cn OR site:ac.cn ""20876002""",not_checked,official_or_institutional_confirmation,bibliographic/aggregator evidence only; API channels may share provenance; no PI or project fact inferred
21276164,B,2012,general,B08,P3,confirmed_bibliographic,C_bibliographic,crossref,2,,,,"""21276164""","""21276164"" ""National Natural Science Foundation of China""","site:edu.cn OR site:ac.cn ""21276164""",not_checked,official_or_institutional_confirmation,bibliographic/aggregator evidence only; API channels may share provenance; no PI or project fact inferred
21206005,B,2012,youth_c,B08,P3,confirmed_bibliographic,C_bibliographic,crossref,2,,,,"""21206005""","""21206005"" ""National Natural Science Foundation of China""","site:edu.cn OR site:ac.cn ""21206005""",not_checked,official_or_institutional_confirmation,bibliographic/aggregator evidence only; API channels may share provenance; no PI or project fact inferred
21206071,B,2012,youth_c,B08,P3,confirmed_bibliographic,C_bibliographic,crossref,2,,,,"""21206071""","""21206071"" ""National Natural Science Foundation of China""","site:edu.cn OR site:ac.cn ""21206071""",not_checked,official_or_institutional_confirmation,bibliographic/aggregator evidence only; API channels may share provenance; no PI or project fact inferred
21105129,B,2011,youth_c,B04,P3,confirmed_bibliographic,C_bibliographic,crossref,2,,,,"""21105129""","""21105129"" ""National Natural Science Foundation of China""","site:edu.cn OR site:ac.cn ""21105129""",not_checked,official_or_institutional_confirmation,bibliographic/aggregator evidence only; API channels may share provenance; no PI or project fact inferred
20606016,B,2006,youth_c,B08,P3,confirmed_bibliographic,C_bibliographic,crossref,2,,,,"""20606016""","""20606016"" ""National Natural Science Foundation of China""","site:edu.cn OR site:ac.cn ""20606016""",not_checked,official_or_institutional_confirmation,bibliographic/aggregator evidence only; API channels may share provenance; no PI or project fact inferred
21075034,B,2010,general,B04,P3,confirmed_bibliographic,C_bibliographic,crossref,2,,,,"""21075034""","""21075034"" ""National Natural Science Foundation of China""","site:edu.cn OR site:ac.cn ""21075034""",not_checked,official_or_institutional_confirmation,bibliographic/aggregator evidence only; API channels may share provenance; no PI or project fact inferred
21075046,B,2010,general,B04,P3,confirmed_bibliographic,C_bibliographic,crossref,2,,,,"""21075046""","""21075046"" ""National Natural Science Foundation of China""","site:edu.cn OR site:ac.cn ""21075046""",not_checked,official_or_institutional_confirmation,bibliographic/aggregator evidence only; API channels may share provenance; no PI or project fact inferred
20875065,B,2008,general,B04,P3,confirmed_bibliographic,C_bibliographic,crossref,2,,,,"""20875065""","""20875065"" ""National Natural Science Foundation of China""","site:edu.cn OR site:ac.cn ""20875065""",not_checked,official_or_institutional_confirmation,bibliographic/aggregator evidence only; API channels may share provenance; no PI or project fact inferred
20905054,B,2009,youth_c,B04,P3,confirmed_bibliographic,C_bibliographic,crossref,2,,,,"""20905054""","""20905054"" ""National Natural Science Foundation of China""","site:edu.cn OR site:ac.cn ""20905054""",not_checked,official_or_institutional_confirmation,bibliographic/aggregator evidence only; API channels may share provenance; no PI or project fact inferred
21275108,B,2012,general,B04,P3,confirmed_bibliographic,C_bibliographic,crossref,2,,,,"""21275108""","""21275108"" ""National Natural Science Foundation of China""","site:edu.cn OR site:ac.cn ""21275108""",not_checked,official_or_institutional_confirmation,bibliographic/aggregator evidence only; API channels may share provenance; no PI or project fact inferred
21675059,B,2016,general,B04,P3,confirmed_bibliographic,C_bibliographic,crossref,2,,,,"""21675059""","""21675059"" ""National Natural Science Foundation of China""","site:edu.cn OR site:ac.cn ""21675059""",not_checked,official_or_institutional_confirmation,bibliographic/aggregator evidence only; API channels may share provenance; no PI or project fact inferred
20975064,B,2009,general,B04,P3,confirmed_bibliographic,C_bibliographic,crossref,2,,,,"""20975064""","""20975064"" ""National Natural Science Foundation of China""","site:edu.cn OR site:ac.cn ""20975064""",not_checked,official_or_institutional_confirmation,bibliographic/aggregator evidence only; API channels may share provenance; no PI or project fact inferred
20975107,B,2009,general,B04,P3,confirmed_bibliographic,C_bibliographic,crossref,2,,,,"""20975107""","""20975107"" ""National Natural Science Foundation of China""","site:edu.cn OR site:ac.cn ""20975107""",not_checked,official_or_institutional_confirmation,bibliographic/aggregator evidence only; API channels may share provenance; no PI or project fact inferred
21175063,B,2011,general,B04,P3,confirmed_bibliographic,C_bibliographic,crossref,2,,,,"""21175063""","""21175063"" ""National Natural Science Foundation of China""","site:edu.cn OR site:ac.cn ""21175063""",not_checked,official_or_institutional_confirmation,bibliographic/aggregator evidence only; API channels may share provenance; no PI or project fact inferred
20705024,B,2007,youth_c,B04,P3,confirmed_bibliographic,C_bibliographic,crossref,2,,,,"""20705024""","""20705024"" ""National Natural Science Foundation of China""","site:edu.cn OR site:ac.cn ""20705024""",not_checked,official_or_institutional_confirmation,bibliographic/aggregator evidence only; API channels may share provenance; no PI or project fact inferred
22105002,B,2021,youth_c,B05,P3,confirmed_bibliographic,C_bibliographic,crossref,1,,,,"""22105002""","""22105002"" ""National Natural Science Foundation of China""","site:edu.cn OR site:ac.cn ""22105002""",not_checked,official_or_institutional_confirmation,bibliographic/aggregator evidence only; API channels may share provenance; no PI or project fact inferred
21802068,B,2018,youth_c,B02,P3,confirmed_bibliographic,C_bibliographic,crossref,1,,,,"""21802068""","""21802068"" ""National Natural Science Foundation of China""","site:edu.cn OR site:ac.cn ""21802068""",not_checked,official_or_institutional_confirmation,bibliographic/aggregator evidence only; API channels may share provenance; no PI or project fact inferred
21506069,B,2015,youth_c,B08,P3,confirmed_bibliographic,C_bibliographic,crossref,1,,,,"""21506069""","""21506069"" ""National Natural Science Foundation of China""","site:edu.cn OR site:ac.cn ""21506069""",not_checked,official_or_institutional_confirmation,bibliographic/aggregator evidence only; API channels may share provenance; no PI or project fact inferred
20976059,B,2009,general,B08,P3,confirmed_bibliographic,C_bibliographic,crossref,1,,,,"""20976059""","""20976059"" ""National Natural Science Foundation of China""","site:edu.cn OR site:ac.cn ""20976059""",not_checked,official_or_institutional_confirmation,bibliographic/aggregator evidence only; API channels may share provenance; no PI or project fact inferred
20876010,B,2008,general,B08,P3,confirmed_bibliographic,C_bibliographic,crossref,1,,,,"""20876010""","""20876010"" ""National Natural Science Foundation of China""","site:edu.cn OR site:ac.cn ""20876010""",not_checked,official_or_institutional_confirmation,bibliographic/aggregator evidence only; API channels may share provenance; no PI or project fact inferred
21005052,B,2010,youth_c,B04,P3,confirmed_bibliographic,C_bibliographic,crossref,1,,,,"""21005052""","""21005052"" ""National Natural Science Foundation of China""","site:edu.cn OR site:ac.cn ""21005052""",not_checked,official_or_institutional_confirmation,bibliographic/aggregator evidence only; API channels may share provenance; no PI or project fact inferred
21666034,B,2016,regional,B08,P3,confirmed_bibliographic,C_bibliographic,crossref,1,,,,"""21666034""","""21666034"" ""National Natural Science Foundation of China""","site:edu.cn OR site:ac.cn ""21666034""",not_checked,official_or_institutional_confirmation,bibliographic/aggregator evidence only; API channels may share provenance; no PI or project fact inferred
20476002,B,2004,general,B08,P3,confirmed_bibliographic,C_bibliographic,crossref,1,,,,"""20476002""","""20476002"" ""National Natural Science Foundation of China""","site:edu.cn OR site:ac.cn ""20476002""",not_checked,official_or_institutional_confirmation,bibliographic/aggregator evidence only; API channels may share provenance; no PI or project fact inferred
20576053,B,2005,general,B08,P3,confirmed_bibliographic,C_bibliographic,crossref,1,,,,"""20576053""","""20576053"" ""National Natural Science Foundation of China""","site:edu.cn OR site:ac.cn ""20576053""",not_checked,official_or_institutional_confirmation,bibliographic/aggregator evidence only; API channels may share provenance; no PI or project fact inferred
21705011,B,2017,youth_c,B04,P3,confirmed_bibliographic,C_bibliographic,crossref,1,,,,"""21705011""","""21705011"" ""National Natural Science Foundation of China""","site:edu.cn OR site:ac.cn ""21705011""",not_checked,official_or_institutional_confirmation,bibliographic/aggregator evidence only; API channels may share provenance; no PI or project fact inferred
20675073,B,2006,general,B04,P3,confirmed_bibliographic,C_bibliographic,crossref,1,,,,"""20675073""","""20675073"" ""National Natural Science Foundation of China""","site:edu.cn OR site:ac.cn ""20675073""",not_checked,official_or_institutional_confirmation,bibliographic/aggregator evidence only; API channels may share provenance; no PI or project fact inferred
21205085,B,2012,youth_c,B04,P3,confirmed_bibliographic,C_bibliographic,crossref,1,,,,"""21205085""","""21205085"" ""National Natural Science Foundation of China""","site:edu.cn OR site:ac.cn ""21205085""",not_checked,official_or_institutional_confirmation,bibliographic/aggregator evidence only; API channels may share provenance; no PI or project fact inferred
20575061,B,2005,general,B04,P3,confirmed_bibliographic,C_bibliographic,crossref,1,,,,"""20575061""","""20575061"" ""National Natural Science Foundation of China""","site:edu.cn OR site:ac.cn ""20575061""",not_checked,official_or_institutional_confirmation,bibliographic/aggregator evidence only; API channels may share provenance; no PI or project fact inferred
21075113,B,2010,general,B04,P3,confirmed_bibliographic,C_bibliographic,crossref,1,,,,"""21075113""","""21075113"" ""National Natural Science Foundation of China""","site:edu.cn OR site:ac.cn ""21075113""",not_checked,official_or_institutional_confirmation,bibliographic/aggregator evidence only; API channels may share provenance; no PI or project fact inferred
21075121,B,2010,general,B04,P3,confirmed_bibliographic,C_bibliographic,crossref,1,,,,"""21075121""","""21075121"" ""National Natural Science Foundation of China""","site:edu.cn OR site:ac.cn ""21075121""",not_checked,official_or_institutional_confirmation,bibliographic/aggregator evidence only; API channels may share provenance; no PI or project fact inferred
20176025,B,2001,general,B08,P3,confirmed_bibliographic,C_bibliographic,crossref,1,,,,"""20176025""","""20176025"" ""National Natural Science Foundation of China""","site:edu.cn OR site:ac.cn ""20176025""",not_checked,official_or_institutional_confirmation,bibliographic/aggregator evidence only; API channels may share provenance; no PI or project fact inferred
20176034,B,2001,general,B08,P3,confirmed_bibliographic,C_bibliographic,crossref,1,,,,"""20176034""","""20176034"" ""National Natural Science Foundation of China""","site:edu.cn OR site:ac.cn ""20176034""",not_checked,official_or_institutional_confirmation,bibliographic/aggregator evidence only; API channels may share provenance; no PI or project fact inferred
20875061,B,2008,general,B04,P3,confirmed_bibliographic,C_bibliographic,crossref,1,,,,"""20875061""","""20875061"" ""National Natural Science Foundation of China""","site:edu.cn OR site:ac.cn ""20875061""",not_checked,official_or_institutional_confirmation,bibliographic/aggregator evidence only; API channels may share provenance; no PI or project fact inferred
20905075,B,2009,youth_c,B04,P3,confirmed_bibliographic,C_bibliographic,crossref,1,,,,"""20905075""","""20905075"" ""National Natural Science Foundation of China""","site:edu.cn OR site:ac.cn ""20905075""",not_checked,official_or_institutional_confirmation,bibliographic/aggregator evidence only; API channels may share provenance; no PI or project fact inferred
20175036,B,2001,general,B04,P3,confirmed_bibliographic,C_bibliographic,crossref,1,,,,"""20175036""","""20175036"" ""National Natural Science Foundation of China""","site:edu.cn OR site:ac.cn ""20175036""",not_checked,official_or_institutional_confirmation,bibliographic/aggregator evidence only; API channels may share provenance; no PI or project fact inferred
20775091,B,2007,general,B04,P3,confirmed_bibliographic,C_bibliographic,crossref,1,,,,"""20775091""","""20775091"" ""National Natural Science Foundation of China""","site:edu.cn OR site:ac.cn ""20775091""",not_checked,official_or_institutional_confirmation,bibliographic/aggregator evidence only; API channels may share provenance; no PI or project fact inferred
20975115,B,2009,general,B04,P3,confirmed_bibliographic,C_bibliographic,crossref,1,,,,"""20975115""","""20975115"" ""National Natural Science Foundation of China""","site:edu.cn OR site:ac.cn ""20975115""",not_checked,official_or_institutional_confirmation,bibliographic/aggregator evidence only; API channels may share provenance; no PI or project fact inferred
21305043,B,2013,youth_c,B04,P3,confirmed_bibliographic,C_bibliographic,crossref,1,,,,"""21305043""","""21305043"" ""National Natural Science Foundation of China""","site:edu.cn OR site:ac.cn ""21305043""",not_checked,official_or_institutional_confirmation,bibliographic/aggregator evidence only; API channels may share provenance; no PI or project fact inferred
21305105,B,2013,youth_c,B04,P3,confirmed_bibliographic,C_bibliographic,crossref,1,,,,"""21305105""","""21305105"" ""National Natural Science Foundation of China""","site:edu.cn OR site:ac.cn ""21305105""",not_checked,official_or_institutional_confirmation,bibliographic/aggregator evidence only; API channels may share provenance; no PI or project fact inferred
21175119,B,2011,general,B04,P3,confirmed_bibliographic,C_bibliographic,crossref,1,,,,"""21175119""","""21175119"" ""National Natural Science Foundation of China""","site:edu.cn OR site:ac.cn ""21175119""",not_checked,official_or_institutional_confirmation,bibliographic/aggregator evidence only; API channels may share provenance; no PI or project fact inferred
21175123,B,2011,general,B04,P3,confirmed_bibliographic,C_bibliographic,crossref,1,,,,"""21175123""","""21175123"" ""National Natural Science Foundation of China""","site:edu.cn OR site:ac.cn ""21175123""",not_checked,official_or_institutional_confirmation,bibliographic/aggregator evidence only; API channels may share provenance; no PI or project fact inferred
20475068,B,2004,general,B04,P3,confirmed_bibliographic,C_bibliographic,crossref,1,,,,"""20475068""","""20475068"" ""National Natural Science Foundation of China""","site:edu.cn OR site:ac.cn ""20475068""",not_checked,official_or_institutional_confirmation,bibliographic/aggregator evidence only; API channels may share provenance; no PI or project fact inferred
20102007,B,2001,youth_c,B01,P3,confirmed_bibliographic,C_bibliographic,crossref,1,,,,"""20102007""","""20102007"" ""National Natural Science Foundation of China""","site:edu.cn OR site:ac.cn ""20102007""",not_checked,official_or_institutional_confirmation,bibliographic/aggregator evidence only; API channels may share provenance; no PI or project fact inferred
20733004,B,2007,key,B03,P3,confirmed_bibliographic,C_bibliographic,crossref,1,,,,"""20733004""","""20733004"" ""National Natural Science Foundation of China""","site:edu.cn OR site:ac.cn ""20733004""",not_checked,official_or_institutional_confirmation,bibliographic/aggregator evidence only; API channels may share provenance; no PI or project fact inferred
21065007,B,2010,regional,B04,P3,confirmed_bibliographic,C_bibliographic,crossref,1,,,,"""21065007""","""21065007"" ""National Natural Science Foundation of China""","site:edu.cn OR site:ac.cn ""21065007""",not_checked,official_or_institutional_confirmation,bibliographic/aggregator evidence only; API channels may share provenance; no PI or project fact inferred
91022021,B,2010,major_research_plan,B05,P3,confirmed_bibliographic,C_bibliographic,crossref,1,,,,"""91022021""","""91022021"" ""National Natural Science Foundation of China""","site:edu.cn OR site:ac.cn ""91022021""",not_checked,official_or_institutional_confirmation,bibliographic/aggregator evidence only; API channels may share provenance; no PI or project fact inferred
51872101,E,2018,general,E02,P1,confirmed_bibliographic,C_bibliographic,crossref,27,,,,"""51872101""","""51872101"" ""National Natural Science Foundation of China""","site:edu.cn OR site:ac.cn ""51872101""",not_checked,official_or_institutional_confirmation,bibliographic/aggregator evidence only; API channels may share provenance; no PI or project fact inferred
52105012,E,2021,youth_c,E05,P1,confirmed_bibliographic,C_bibliographic,crossref,22,,,,"""52105012""","""52105012"" ""National Natural Science Foundation of China""","site:edu.cn OR site:ac.cn ""52105012""",not_checked,official_or_institutional_confirmation,bibliographic/aggregator evidence only; API channels may share provenance; no PI or project fact inferred
51173172,E,2011,general,E03,P1,confirmed_bibliographic,C_bibliographic,crossref,18,,,,"""51173172""","""51173172"" ""National Natural Science Foundation of China""","site:edu.cn OR site:ac.cn ""51173172""",not_checked,official_or_institutional_confirmation,bibliographic/aggregator evidence only; API channels may share provenance; no PI or project fact inferred
51974216,E,2019,general,E04,P1,confirmed_bibliographic,C_bibliographic,crossref,14,,,,"""51974216""","""51974216"" ""National Natural Science Foundation of China""","site:edu.cn OR site:ac.cn ""51974216""",not_checked,official_or_institutional_confirmation,bibliographic/aggregator evidence only; API channels may share provenance; no PI or project fact inferred
52005411,E,2020,youth_c,E05,P1,confirmed_bibliographic,C_bibliographic,crossref,14,,,,"""52005411""","""52005411"" ""National Natural Science Foundation of China""","site:edu.cn OR site:ac.cn ""52005411""",not_checked,official_or_institutional_confirmation,bibliographic/aggregator evidence only; API channels may share provenance; no PI or project fact inferred
51403158,E,2014,youth_c,E03,P1,confirmed_bibliographic,C_bibliographic,crossref,14,,,,"""51403158""","""51403158"" ""National Natural Science Foundation of China""","site:edu.cn OR site:ac.cn ""51403158""",not_checked,official_or_institutional_confirmation,bibliographic/aggregator evidence only; API channels may share provenance; no PI or project fact inferred
51672191,E,2016,general,E02,P1,confirmed_bibliographic,C_bibliographic,crossref,12,,,,"""51672191""","""51672191"" ""National Natural Science Foundation of China""","site:edu.cn OR site:ac.cn ""51672191""",not_checked,official_or_institutional_confirmation,bibliographic/aggregator evidence only; API channels may share provenance; no PI or project fact inferred
51576057,E,2015,general,E06,P1,confirmed_bibliographic,C_bibliographic,crossref,12,,,,"""51576057""","""51576057"" ""National Natural Science Foundation of China""","site:edu.cn OR site:ac.cn ""51576057""",not_checked,official_or_institutional_confirmation,bibliographic/aggregator evidence only; API channels may share provenance; no PI or project fact inferred
51972310,E,2019,general,E02,P1,confirmed_bibliographic,C_bibliographic,crossref,11,,,,"""51972310""","""51972310"" ""National Natural Science Foundation of China""","site:edu.cn OR site:ac.cn ""51972310""",not_checked,official_or_institutional_confirmation,bibliographic/aggregator evidence only; API channels may share provenance; no PI or project fact inferred
51774189,E,2017,general,E04,P1,confirmed_bibliographic,C_bibliographic,crossref,10,,,,"""51774189""","""51774189"" ""National Natural Science Foundation of China""","site:edu.cn OR site:ac.cn ""51774189""",not_checked,official_or_institutional_confirmation,bibliographic/aggregator evidence only; API channels may share provenance; no PI or project fact inferred
51372147,E,2013,general,E02,P1,confirmed_bibliographic,C_bibliographic,crossref,10,,,,"""51372147""","""51372147"" ""National Natural Science Foundation of China""","site:edu.cn OR site:ac.cn ""51372147""",not_checked,official_or_institutional_confirmation,bibliographic/aggregator evidence only; API channels may share provenance; no PI or project fact inferred
52075115,E,2020,general,E05,P1,confirmed_bibliographic,C_bibliographic,crossref,9,,,,"""52075115""","""52075115"" ""National Natural Science Foundation of China""","site:edu.cn OR site:ac.cn ""52075115""",not_checked,official_or_institutional_confirmation,bibliographic/aggregator evidence only; API channels may share provenance; no PI or project fact inferred
51405515,E,2014,youth_c,E05,P1,confirmed_bibliographic,C_bibliographic,crossref,9,,,,"""51405515""","""51405515"" ""National Natural Science Foundation of China""","site:edu.cn OR site:ac.cn ""51405515""",not_checked,official_or_institutional_confirmation,bibliographic/aggregator evidence only; API channels may share provenance; no PI or project fact inferred
51771187,E,2017,general,E01,P1,confirmed_bibliographic,C_bibliographic,crossref,9,,,,"""51771187""","""51771187"" ""National Natural Science Foundation of China""","site:edu.cn OR site:ac.cn ""51771187""",not_checked,official_or_institutional_confirmation,bibliographic/aggregator evidence only; API channels may share provenance; no PI or project fact inferred
51874094,E,2018,general,E04,P1,confirmed_bibliographic,C_bibliographic,crossref,8,,,,"""51874094""","""51874094"" ""National Natural Science Foundation of China""","site:edu.cn OR site:ac.cn ""51874094""",not_checked,official_or_institutional_confirmation,bibliographic/aggregator evidence only; API channels may share provenance; no PI or project fact inferred
51176037,E,2011,general,E06,P1,confirmed_bibliographic,C_bibliographic,crossref,8,,,,"""51176037""","""51176037"" ""National Natural Science Foundation of China""","site:edu.cn OR site:ac.cn ""51176037""",not_checked,official_or_institutional_confirmation,bibliographic/aggregator evidence only; API channels may share provenance; no PI or project fact inferred
52075345,E,2020,general,E05,P1,confirmed_bibliographic,C_bibliographic,crossref,7,,,,"""52075345""","""52075345"" ""National Natural Science Foundation of China""","site:edu.cn OR site:ac.cn ""52075345""",not_checked,official_or_institutional_confirmation,bibliographic/aggregator evidence only; API channels may share provenance; no PI or project fact inferred
51602158,E,2016,youth_c,E02,P1,confirmed_bibliographic,C_bibliographic,crossref,6,,,,"""51602158""","""51602158"" ""National Natural Science Foundation of China""","site:edu.cn OR site:ac.cn ""51602158""",not_checked,official_or_institutional_confirmation,bibliographic/aggregator evidence only; API channels may share provenance; no PI or project fact inferred
51975033,E,2019,general,E05,P1,confirmed_bibliographic,C_bibliographic,crossref,6,,,,"""51975033""","""51975033"" ""National Natural Science Foundation of China""","site:edu.cn OR site:ac.cn ""51975033""",not_checked,official_or_institutional_confirmation,bibliographic/aggregator evidence only; API channels may share provenance; no PI or project fact inferred
51807031,E,2018,youth_c,E07,P1,confirmed_bibliographic,C_bibliographic,crossref,6,,,,"""51807031""","""51807031"" ""National Natural Science Foundation of China""","site:edu.cn OR site:ac.cn ""51807031""",not_checked,official_or_institutional_confirmation,bibliographic/aggregator evidence only; API channels may share provenance; no PI or project fact inferred
52108449,E,2021,youth_c,E08,P1,confirmed_bibliographic,C_bibliographic,crossref,6,,,,"""52108449""","""52108449"" ""National Natural Science Foundation of China""","site:edu.cn OR site:ac.cn ""52108449""",not_checked,official_or_institutional_confirmation,bibliographic/aggregator evidence only; API channels may share provenance; no PI or project fact inferred
52108479,E,2021,youth_c,E08,P1,confirmed_bibliographic,C_bibliographic,crossref,6,,,,"""52108479""","""52108479"" ""National Natural Science Foundation of China""","site:edu.cn OR site:ac.cn ""52108479""",not_checked,official_or_institutional_confirmation,bibliographic/aggregator evidence only; API channels may share provenance; no PI or project fact inferred
51365030,E,2013,regional,E05,P1,confirmed_bibliographic,C_bibliographic,crossref,6,,,,"""51365030""","""51365030"" ""National Natural Science Foundation of China""","site:edu.cn OR site:ac.cn ""51365030""",not_checked,official_or_institutional_confirmation,bibliographic/aggregator evidence only; API channels may share provenance; no PI or project fact inferred
51875186,E,2018,general,E05,P1,confirmed_bibliographic,C_bibliographic,crossref,5,,,,"""51875186""","""51875186"" ""National Natural Science Foundation of China""","site:edu.cn OR site:ac.cn ""51875186""",not_checked,official_or_institutional_confirmation,bibliographic/aggregator evidence only; API channels may share provenance; no PI or project fact inferred
52008397,E,2020,youth_c,E08,P1,confirmed_bibliographic,C_bibliographic,crossref,5,,,,"""52008397""","""52008397"" ""National Natural Science Foundation of China""","site:edu.cn OR site:ac.cn ""52008397""",not_checked,official_or_institutional_confirmation,bibliographic/aggregator evidence only; API channels may share provenance; no PI or project fact inferred
51764014,E,2017,regional,E04,P1,confirmed_bibliographic,C_bibliographic,crossref,5,,,,"""51764014""","""51764014"" ""National Natural Science Foundation of China""","site:edu.cn OR site:ac.cn ""51764014""",not_checked,official_or_institutional_confirmation,bibliographic/aggregator evidence only; API channels may share provenance; no PI or project fact inferred
51775530,E,2017,general,E05,P1,confirmed_bibliographic,C_bibliographic,crossref,4,,,,"""51775530""","""51775530"" ""National Natural Science Foundation of China""","site:edu.cn OR site:ac.cn ""51775530""",not_checked,official_or_institutional_confirmation,bibliographic/aggregator evidence only; API channels may share provenance; no PI or project fact inferred
51975359,E,2019,general,E05,P1,confirmed_bibliographic,C_bibliographic,crossref,4,,,,"""51975359""","""51975359"" ""National Natural Science Foundation of China""","site:edu.cn OR site:ac.cn ""51975359""",not_checked,official_or_institutional_confirmation,bibliographic/aggregator evidence only; API channels may share provenance; no PI or project fact inferred
51504102,E,2015,youth_c,E04,P1,confirmed_bibliographic,C_bibliographic,crossref,4,,,,"""51504102""","""51504102"" ""National Natural Science Foundation of China""","site:edu.cn OR site:ac.cn ""51504102""",not_checked,official_or_institutional_confirmation,bibliographic/aggregator evidence only; API channels may share provenance; no PI or project fact inferred
51605448,E,2016,youth_c,E05,P1,confirmed_bibliographic,C_bibliographic,crossref,4,,,,"""51605448""","""51605448"" ""National Natural Science Foundation of China""","site:edu.cn OR site:ac.cn ""51605448""",not_checked,official_or_institutional_confirmation,bibliographic/aggregator evidence only; API channels may share provenance; no PI or project fact inferred
51702252,E,2017,youth_c,E02,P1,confirmed_bibliographic,C_bibliographic,crossref,4,,,,"""51702252""","""51702252"" ""National Natural Science Foundation of China""","site:edu.cn OR site:ac.cn ""51702252""",not_checked,official_or_institutional_confirmation,bibliographic/aggregator evidence only; API channels may share provenance; no PI or project fact inferred
52105285,E,2021,youth_c,E05,P1,confirmed_bibliographic,C_bibliographic,crossref,4,,,,"""52105285""","""52105285"" ""National Natural Science Foundation of China""","site:edu.cn OR site:ac.cn ""52105285""",not_checked,official_or_institutional_confirmation,bibliographic/aggregator evidence only; API channels may share provenance; no PI or project fact inferred
52105476,E,2021,youth_c,E05,P1,confirmed_bibliographic,C_bibliographic,crossref,4,,,,"""52105476""","""52105476"" ""National Natural Science Foundation of China""","site:edu.cn OR site:ac.cn ""52105476""",not_checked,official_or_institutional_confirmation,bibliographic/aggregator evidence only; API channels may share provenance; no PI or project fact inferred
51501191,E,2015,youth_c,E01,P1,confirmed_bibliographic,C_bibliographic,crossref,4,,,,"""51501191""","""51501191"" ""National Natural Science Foundation of China""","site:edu.cn OR site:ac.cn ""51501191""",not_checked,official_or_institutional_confirmation,bibliographic/aggregator evidence only; API channels may share provenance; no PI or project fact inferred
51205070,E,2012,youth_c,E05,P1,confirmed_bibliographic,C_bibliographic,crossref,3,,,,"""51205070""","""51205070"" ""National Natural Science Foundation of China""","site:edu.cn OR site:ac.cn ""51205070""",not_checked,official_or_institutional_confirmation,bibliographic/aggregator evidence only; API channels may share provenance; no PI or project fact inferred
51973174,E,2019,general,E03,P1,confirmed_bibliographic,C_bibliographic,crossref,3,,,,"""51973174""","""51973174"" ""National Natural Science Foundation of China""","site:edu.cn OR site:ac.cn ""51973174""",not_checked,official_or_institutional_confirmation,bibliographic/aggregator evidence only; API channels may share provenance; no PI or project fact inferred
51601096,E,2016,youth_c,E01,P1,confirmed_bibliographic,C_bibliographic,crossref,3,,,,"""51601096""","""51601096"" ""National Natural Science Foundation of China""","site:edu.cn OR site:ac.cn ""51601096""",not_checked,official_or_institutional_confirmation,bibliographic/aggregator evidence only; API channels may share provenance; no PI or project fact inferred
51407099,E,2014,youth_c,E07,P1,confirmed_bibliographic,C_bibliographic,crossref,3,,,,"""51407099""","""51407099"" ""National Natural Science Foundation of China""","site:edu.cn OR site:ac.cn ""51407099""",not_checked,official_or_institutional_confirmation,bibliographic/aggregator evidence only; API channels may share provenance; no PI or project fact inferred
51701178,E,2017,youth_c,E01,P1,confirmed_bibliographic,C_bibliographic,crossref,3,,,,"""51701178""","""51701178"" ""National Natural Science Foundation of China""","site:edu.cn OR site:ac.cn ""51701178""",not_checked,official_or_institutional_confirmation,bibliographic/aggregator evidence only; API channels may share provenance; no PI or project fact inferred
51401218,E,2014,youth_c,E01,P1,confirmed_bibliographic,C_bibliographic,crossref,3,,,,"""51401218""","""51401218"" ""National Natural Science Foundation of China""","site:edu.cn OR site:ac.cn ""51401218""",not_checked,official_or_institutional_confirmation,bibliographic/aggregator evidence only; API channels may share provenance; no PI or project fact inferred
51173050,E,2011,general,E03,P1,confirmed_bibliographic,C_bibliographic,crossref,3,,,,"""51173050""","""51173050"" ""National Natural Science Foundation of China""","site:edu.cn OR site:ac.cn ""51173050""",not_checked,official_or_institutional_confirmation,bibliographic/aggregator evidence only; API channels may share provenance; no PI or project fact inferred
52105199,E,2021,youth_c,E05,P1,confirmed_bibliographic,C_bibliographic,crossref,3,,,,"""52105199""","""52105199"" ""National Natural Science Foundation of China""","site:edu.cn OR site:ac.cn ""52105199""",not_checked,official_or_institutional_confirmation,bibliographic/aggregator evidence only; API channels may share provenance; no PI or project fact inferred
51505496,E,2015,youth_c,E05,P1,confirmed_bibliographic,C_bibliographic,crossref,2,,,,"""51505496""","""51505496"" ""National Natural Science Foundation of China""","site:edu.cn OR site:ac.cn ""51505496""",not_checked,official_or_institutional_confirmation,bibliographic/aggregator evidence only; API channels may share provenance; no PI or project fact inferred
51502303,E,2015,youth_c,E02,P1,confirmed_bibliographic,C_bibliographic,crossref,2,,,,"""51502303""","""51502303"" ""National Natural Science Foundation of China""","site:edu.cn OR site:ac.cn ""51502303""",not_checked,official_or_institutional_confirmation,bibliographic/aggregator evidence only; API channels may share provenance; no PI or project fact inferred
50975236,E,2009,general,E05,P1,confirmed_bibliographic,C_bibliographic,crossref,2,,,,"""50975236""","""50975236"" ""National Natural Science Foundation of China""","site:edu.cn OR site:ac.cn ""50975236""",not_checked,official_or_institutional_confirmation,bibliographic/aggregator evidence only; API channels may share provenance; no PI or project fact inferred
51272082,E,2012,general,E02,P1,confirmed_bibliographic,C_bibliographic,crossref,2,,,,"""51272082""","""51272082"" ""National Natural Science Foundation of China""","site:edu.cn OR site:ac.cn ""51272082""",not_checked,official_or_institutional_confirmation,bibliographic/aggregator evidence only; API channels may share provenance; no PI or project fact inferred
51977129,E,2019,general,E07,P1,confirmed_bibliographic,C_bibliographic,crossref,2,,,,"""51977129""","""51977129"" ""National Natural Science Foundation of China""","site:edu.cn OR site:ac.cn ""51977129""",not_checked,official_or_institutional_confirmation,bibliographic/aggregator evidence only; API channels may share provenance; no PI or project fact inferred
52100193,E,2021,youth_c,E10,P1,confirmed_bibliographic,C_bibliographic,crossref,2,,,,"""52100193""","""52100193"" ""National Natural Science Foundation of China""","site:edu.cn OR site:ac.cn ""52100193""",not_checked,official_or_institutional_confirmation,bibliographic/aggregator evidence only; API channels may share provenance; no PI or project fact inferred
51972311,E,2019,general,E02,P1,confirmed_bibliographic,C_bibliographic,crossref,2,,,,"""51972311""","""51972311"" ""National Natural Science Foundation of China""","site:edu.cn OR site:ac.cn ""51972311""",not_checked,official_or_institutional_confirmation,bibliographic/aggregator evidence only; API channels may share provenance; no PI or project fact inferred
52108229,E,2021,youth_c,E08,P1,confirmed_bibliographic,C_bibliographic,crossref,2,,,,"""52108229""","""52108229"" ""National Natural Science Foundation of China""","site:edu.cn OR site:ac.cn ""52108229""",not_checked,official_or_institutional_confirmation,bibliographic/aggregator evidence only; API channels may share provenance; no PI or project fact inferred
51401229,E,2014,youth_c,E01,P1,confirmed_bibliographic,C_bibliographic,crossref,2,,,,"""51401229""","""51401229"" ""National Natural Science Foundation of China""","site:edu.cn OR site:ac.cn ""51401229""",not_checked,official_or_institutional_confirmation,bibliographic/aggregator evidence only; API channels may share provenance; no PI or project fact inferred
52105436,E,2021,youth_c,E05,P1,confirmed_bibliographic,C_bibliographic,crossref,2,,,,"""52105436""","""52105436"" ""National Natural Science Foundation of China""","site:edu.cn OR site:ac.cn ""52105436""",not_checked,official_or_institutional_confirmation,bibliographic/aggregator evidence only; API channels may share provenance; no PI or project fact inferred
52068003,E,2020,regional,E08,P1,confirmed_bibliographic,C_bibliographic,crossref,2,,,,"""52068003""","""52068003"" ""National Natural Science Foundation of China""","site:edu.cn OR site:ac.cn ""52068003""",not_checked,official_or_institutional_confirmation,bibliographic/aggregator evidence only; API channels may share provenance; no PI or project fact inferred
52065039,E,2020,regional,E05,P1,confirmed_bibliographic,C_bibliographic,crossref,2,,,,"""52065039""","""52065039"" ""National Natural Science Foundation of China""","site:edu.cn OR site:ac.cn ""52065039""",not_checked,official_or_institutional_confirmation,bibliographic/aggregator evidence only; API channels may share provenance; no PI or project fact inferred
51675468,E,2016,general,E05,P1,confirmed_bibliographic,C_bibliographic,crossref,1,,,,"""51675468""","""51675468"" ""National Natural Science Foundation of China""","site:edu.cn OR site:ac.cn ""51675468""",not_checked,official_or_institutional_confirmation,bibliographic/aggregator evidence only; API channels may share provenance; no PI or project fact inferred
51375019,E,2013,general,E05,P1,confirmed_bibliographic,C_bibliographic,crossref,1,,,,"""51375019""","""51375019"" ""National Natural Science Foundation of China""","site:edu.cn OR site:ac.cn ""51375019""",not_checked,official_or_institutional_confirmation,bibliographic/aggregator evidence only; API channels may share provenance; no PI or project fact inferred
51904231,E,2019,youth_c,E04,P1,confirmed_bibliographic,C_bibliographic,crossref,1,,,,"""51904231""","""51904231"" ""National Natural Science Foundation of China""","site:edu.cn OR site:ac.cn ""51904231""",not_checked,official_or_institutional_confirmation,bibliographic/aggregator evidence only; API channels may share provenance; no PI or project fact inferred
51804047,E,2018,youth_c,E04,P1,confirmed_bibliographic,C_bibliographic,crossref,1,,,,"""51804047""","""51804047"" ""National Natural Science Foundation of China""","site:edu.cn OR site:ac.cn ""51804047""",not_checked,official_or_institutional_confirmation,bibliographic/aggregator evidence only; API channels may share provenance; no PI or project fact inferred
51705150,E,2017,youth_c,E05,P1,confirmed_bibliographic,C_bibliographic,crossref,1,,,,"""51705150""","""51705150"" ""National Natural Science Foundation of China""","site:edu.cn OR site:ac.cn ""51705150""",not_checked,official_or_institutional_confirmation,bibliographic/aggregator evidence only; API channels may share provenance; no PI or project fact inferred
51706003,E,2017,youth_c,E06,P1,confirmed_bibliographic,C_bibliographic,crossref,1,,,,"""51706003""","""51706003"" ""National Natural Science Foundation of China""","site:edu.cn OR site:ac.cn ""51706003""",not_checked,official_or_institutional_confirmation,bibliographic/aggregator evidence only; API channels may share provenance; no PI or project fact inferred
51371058,E,2013,general,E01,P1,confirmed_bibliographic,C_bibliographic,crossref,1,,,,"""51371058""","""51371058"" ""National Natural Science Foundation of China""","site:edu.cn OR site:ac.cn ""51371058""",not_checked,official_or_institutional_confirmation,bibliographic/aggregator evidence only; API channels may share provenance; no PI or project fact inferred
52007116,E,2020,youth_c,E07,P1,confirmed_bibliographic,C_bibliographic,crossref,1,,,,"""52007116""","""52007116"" ""National Natural Science Foundation of China""","site:edu.cn OR site:ac.cn ""52007116""",not_checked,official_or_institutional_confirmation,bibliographic/aggregator evidence only; API channels may share provenance; no PI or project fact inferred
51177054,E,2011,general,E07,P1,confirmed_bibliographic,C_bibliographic,crossref,1,,,,"""51177054""","""51177054"" ""National Natural Science Foundation of China""","site:edu.cn OR site:ac.cn ""51177054""",not_checked,official_or_institutional_confirmation,bibliographic/aggregator evidence only; API channels may share provenance; no PI or project fact inferred
50972046,E,2009,general,E02,P1,confirmed_bibliographic,C_bibliographic,crossref,1,,,,"""50972046""","""50972046"" ""National Natural Science Foundation of China""","site:edu.cn OR site:ac.cn ""50972046""",not_checked,official_or_institutional_confirmation,bibliographic/aggregator evidence only; API channels may share provenance; no PI or project fact inferred
52079144,E,2020,general,E09,P1,confirmed_bibliographic,C_bibliographic,crossref,1,,,,"""52079144""","""52079144"" ""National Natural Science Foundation of China""","site:edu.cn OR site:ac.cn ""52079144""",not_checked,official_or_institutional_confirmation,bibliographic/aggregator evidence only; API channels may share provenance; no PI or project fact inferred
50672091,E,2006,general,E02,P1,confirmed_bibliographic,C_bibliographic,crossref,1,,,,"""50672091""","""50672091"" ""National Natural Science Foundation of China""","site:edu.cn OR site:ac.cn ""50672091""",not_checked,official_or_institutional_confirmation,bibliographic/aggregator evidence only; API channels may share provenance; no PI or project fact inferred
51406211,E,2014,youth_c,E06,P1,confirmed_bibliographic,C_bibliographic,crossref,1,,,,"""51406211""","""51406211"" ""National Natural Science Foundation of China""","site:edu.cn OR site:ac.cn ""51406211""",not_checked,official_or_institutional_confirmation,bibliographic/aggregator evidence only; API channels may share provenance; no PI or project fact inferred
51302192,E,2013,youth_c,E02,P1,confirmed_bibliographic,C_bibliographic,crossref,1,,,,"""51302192""","""51302192"" ""National Natural Science Foundation of China""","site:edu.cn OR site:ac.cn ""51302192""",not_checked,official_or_institutional_confirmation,bibliographic/aggregator evidence only; API channels may share provenance; no PI or project fact inferred
51303119,E,2013,youth_c,E03,P1,confirmed_bibliographic,C_bibliographic,crossref,1,,,,"""51303119""","""51303119"" ""National Natural Science Foundation of China""","site:edu.cn OR site:ac.cn ""51303119""",not_checked,official_or_institutional_confirmation,bibliographic/aggregator evidence only; API channels may share provenance; no PI or project fact inferred
52008101,E,2020,youth_c,E08,P1,confirmed_bibliographic,C_bibliographic,crossref,1,,,,"""52008101""","""52008101"" ""National Natural Science Foundation of China""","site:edu.cn OR site:ac.cn ""52008101""",not_checked,official_or_institutional_confirmation,bibliographic/aggregator evidence only; API channels may share provenance; no PI or project fact inferred
51965048,E,2019,regional,E05,P1,confirmed_bibliographic,C_bibliographic,crossref,1,,,,"""51965048""","""51965048"" ""National Natural Science Foundation of China""","site:edu.cn OR site:ac.cn ""51965048""",not_checked,official_or_institutional_confirmation,bibliographic/aggregator evidence only; API channels may share provenance; no PI or project fact inferred
51902352,E,2019,youth_c,E02,P1,confirmed_bibliographic,C_bibliographic,crossref,1,,,,"""51902352""","""51902352"" ""National Natural Science Foundation of China""","site:edu.cn OR site:ac.cn ""51902352""",not_checked,official_or_institutional_confirmation,bibliographic/aggregator evidence only; API channels may share provenance; no PI or project fact inferred
51432005,E,2014,key,E02,P2,confirmed_bibliographic,C_bibliographic,crossref,369,,,,"""51432005""","""51432005"" ""National Natural Science Foundation of China""","site:edu.cn OR site:ac.cn ""51432005""",not_checked,official_or_institutional_confirmation,bibliographic/aggregator evidence only; API channels may share provenance; no PI or project fact inferred
51732002,E,2017,key,E02,P2,confirmed_bibliographic,C_bibliographic,crossref,38,,,,"""51732002""","""51732002"" ""National Natural Science Foundation of China""","site:edu.cn OR site:ac.cn ""51732002""",not_checked,official_or_institutional_confirmation,bibliographic/aggregator evidence only; API channels may share provenance; no PI or project fact inferred
51634005,E,2016,key,E04,P2,confirmed_bibliographic,C_bibliographic,crossref,20,,,,"""51634005""","""51634005"" ""National Natural Science Foundation of China""","site:edu.cn OR site:ac.cn ""51634005""",not_checked,official_or_institutional_confirmation,bibliographic/aggregator evidence only; API channels may share provenance; no PI or project fact inferred
51662003,E,2016,regional,E02,P2,confirmed_bibliographic,C_bibliographic,crossref,6,,,,"""51662003""","""51662003"" ""National Natural Science Foundation of China""","site:edu.cn OR site:ac.cn ""51662003""",not_checked,official_or_institutional_confirmation,bibliographic/aggregator evidence only; API channels may share provenance; no PI or project fact inferred
51862030,E,2018,regional,E02,P2,confirmed_bibliographic,C_bibliographic,crossref,5,,,,"""51862030""","""51862030"" ""National Natural Science Foundation of China""","site:edu.cn OR site:ac.cn ""51862030""",not_checked,official_or_institutional_confirmation,bibliographic/aggregator evidence only; API channels may share provenance; no PI or project fact inferred
50671062,E,2006,general,E01,P2,confirmed_bibliographic,C_bibliographic,crossref,4,,,,"""50671062""","""50671062"" ""National Natural Science Foundation of China""","site:edu.cn OR site:ac.cn ""50671062""",not_checked,official_or_institutional_confirmation,bibliographic/aggregator evidence only; API channels may share provenance; no PI or project fact inferred
50271061,E,2002,general,E01,P2,confirmed_bibliographic,C_bibliographic,crossref,1,,,,"""50271061""","""50271061"" ""National Natural Science Foundation of China""","site:edu.cn OR site:ac.cn ""50271061""",not_checked,official_or_institutional_confirmation,bibliographic/aggregator evidence only; API channels may share provenance; no PI or project fact inferred
51338005,E,2013,key,E08,P3,confirmed_bibliographic,C_bibliographic,crossref,122,,,,"""51338005""","""51338005"" ""National Natural Science Foundation of China""","site:edu.cn OR site:ac.cn ""51338005""",not_checked,official_or_institutional_confirmation,bibliographic/aggregator evidence only; API channels may share provenance; no PI or project fact inferred
51838005,E,2018,key,E08,P3,confirmed_bibliographic,C_bibliographic,crossref,71,,,,"""51838005""","""51838005"" ""National Natural Science Foundation of China""","site:edu.cn OR site:ac.cn ""51838005""",not_checked,official_or_institutional_confirmation,bibliographic/aggregator evidence only; API channels may share provenance; no PI or project fact inferred
51438008,E,2014,key,E08,P3,confirmed_bibliographic,C_bibliographic,crossref,65,,,,"""51438008""","""51438008"" ""National Natural Science Foundation of China""","site:edu.cn OR site:ac.cn ""51438008""",not_checked,official_or_institutional_confirmation,bibliographic/aggregator evidence only; API channels may share provenance; no PI or project fact inferred
51738005,E,2017,key,E08,P3,confirmed_bibliographic,C_bibliographic,crossref,64,,,,"""51738005""","""51738005"" ""National Natural Science Foundation of China""","site:edu.cn OR site:ac.cn ""51738005""",not_checked,official_or_institutional_confirmation,bibliographic/aggregator evidence only; API channels may share provenance; no PI or project fact inferred
51838009,E,2018,key,E08,P3,confirmed_bibliographic,C_bibliographic,crossref,62,,,,"""51838009""","""51838009"" ""National Natural Science Foundation of China""","site:edu.cn OR site:ac.cn ""51838009""",not_checked,official_or_institutional_confirmation,bibliographic/aggregator evidence only; API channels may share provenance; no PI or project fact inferred
51539008,E,2015,key,E09,P3,confirmed_bibliographic,C_bibliographic,crossref,61,,,,"""51539008""","""51539008"" ""National Natural Science Foundation of China""","site:edu.cn OR site:ac.cn ""51539008""",not_checked,official_or_institutional_confirmation,bibliographic/aggregator evidence only; API channels may share provenance; no PI or project fact inferred
51938007,E,2019,key,E08,P3,confirmed_bibliographic,C_bibliographic,crossref,54,,,,"""51938007""","""51938007"" ""National Natural Science Foundation of China""","site:edu.cn OR site:ac.cn ""51938007""",not_checked,official_or_institutional_confirmation,bibliographic/aggregator evidence only; API channels may share provenance; no PI or project fact inferred
51939009,E,2019,key,E09,P3,confirmed_bibliographic,C_bibliographic,crossref,49,,,,"""51939009""","""51939009"" ""National Natural Science Foundation of China""","site:edu.cn OR site:ac.cn ""51939009""",not_checked,official_or_institutional_confirmation,bibliographic/aggregator evidence only; API channels may share provenance; no PI or project fact inferred
U1810110,E,2018,joint_fund,E01,P3,confirmed_bibliographic,C_bibliographic,crossref,46,,,,"""U1810110""","""U1810110"" ""National Natural Science Foundation of China""","site:edu.cn OR site:ac.cn ""U1810110""",not_checked,official_or_institutional_confirmation,bibliographic/aggregator evidence only; API channels may share provenance; no PI or project fact inferred
51938010,E,2019,key,E08,P3,confirmed_bibliographic,C_bibliographic,crossref,45,,,,"""51938010""","""51938010"" ""National Natural Science Foundation of China""","site:edu.cn OR site:ac.cn ""51938010""",not_checked,official_or_institutional_confirmation,bibliographic/aggregator evidence only; API channels may share provenance; no PI or project fact inferred
51438006,E,2014,key,E08,P3,confirmed_bibliographic,C_bibliographic,crossref,41,,,,"""51438006""","""51438006"" ""National Natural Science Foundation of China""","site:edu.cn OR site:ac.cn ""51438006""",not_checked,official_or_institutional_confirmation,bibliographic/aggregator evidence only; API channels may share provenance; no PI or project fact inferred
51538008,E,2015,key,E08,P3,confirmed_bibliographic,C_bibliographic,crossref,38,,,,"""51538008""","""51538008"" ""National Natural Science Foundation of China""","site:edu.cn OR site:ac.cn ""51538008""",not_checked,official_or_institutional_confirmation,bibliographic/aggregator evidence only; API channels may share provenance; no PI or project fact inferred
U1909219,E,2019,joint_fund,E05,P3,confirmed_bibliographic,C_bibliographic,crossref,34,,,,"""U1909219""","""U1909219"" ""National Natural Science Foundation of China""","site:edu.cn OR site:ac.cn ""U1909219""",not_checked,official_or_institutional_confirmation,bibliographic/aggregator evidence only; API channels may share provenance; no PI or project fact inferred
U1706225,E,2017,joint_fund,E11,P3,confirmed_bibliographic,C_bibliographic,crossref,30,,,,"""U1706225""","""U1706225"" ""National Natural Science Foundation of China""","site:edu.cn OR site:ac.cn ""U1706225""",not_checked,official_or_institutional_confirmation,bibliographic/aggregator evidence only; API channels may share provenance; no PI or project fact inferred
51138006,E,2011,key,E08,P3,confirmed_bibliographic,C_bibliographic,crossref,24,,,,"""51138006""","""51138006"" ""National Natural Science Foundation of China""","site:edu.cn OR site:ac.cn ""51138006""",not_checked,official_or_institutional_confirmation,bibliographic/aggregator evidence only; API channels may share provenance; no PI or project fact inferred
51238004,E,2012,key,E08,P3,confirmed_bibliographic,C_bibliographic,crossref,24,,,,"""51238004""","""51238004"" ""National Natural Science Foundation of China""","site:edu.cn OR site:ac.cn ""51238004""",not_checked,official_or_institutional_confirmation,bibliographic/aggregator evidence only; API channels may share provenance; no PI or project fact inferred
51238006,E,2012,key,E08,P3,confirmed_bibliographic,C_bibliographic,crossref,23,,,,"""51238006""","""51238006"" ""National Natural Science Foundation of China""","site:edu.cn OR site:ac.cn ""51238006""",not_checked,official_or_institutional_confirmation,bibliographic/aggregator evidence only; API channels may share provenance; no PI or project fact inferred
52101061,E,2021,youth_c,E01,P3,confirmed_bibliographic,C_bibliographic,crossref,21,,,,"""52101061""","""52101061"" ""National Natural Science Foundation of China""","site:edu.cn OR site:ac.cn ""52101061""",not_checked,official_or_institutional_confirmation,bibliographic/aggregator evidence only; API channels may share provenance; no PI or project fact inferred
51869014,E,2018,regional,E09,P3,confirmed_bibliographic,C_bibliographic,crossref,17,,,,"""51869014""","""51869014"" ""National Natural Science Foundation of China""","site:edu.cn OR site:ac.cn ""51869014""",not_checked,official_or_institutional_confirmation,bibliographic/aggregator evidence only; API channels may share provenance; no PI or project fact inferred
51368025,E,2013,regional,E08,P3,confirmed_bibliographic,C_bibliographic,crossref,17,,,,"""51368025""","""51368025"" ""National Natural Science Foundation of China""","site:edu.cn OR site:ac.cn ""51368025""",not_checked,official_or_institutional_confirmation,bibliographic/aggregator evidence only; API channels may share provenance; no PI or project fact inferred
91023041,E,2010,major_research_plan,E05,P3,confirmed_bibliographic,C_bibliographic,crossref,16,,,,"""91023041""","""91023041"" ""National Natural Science Foundation of China""","site:edu.cn OR site:ac.cn ""91023041""",not_checked,official_or_institutional_confirmation,bibliographic/aggregator evidence only; API channels may share provenance; no PI or project fact inferred
U1713205,E,2017,joint_fund,E05,P3,confirmed_bibliographic,C_bibliographic,crossref,13,,,,"""U1713205""","""U1713205"" ""National Natural Science Foundation of China""","site:edu.cn OR site:ac.cn ""U1713205""",not_checked,official_or_institutional_confirmation,bibliographic/aggregator evidence only; API channels may share provenance; no PI or project fact inferred
51468016,E,2014,regional,E08,P3,confirmed_bibliographic,C_bibliographic,crossref,13,,,,"""51468016""","""51468016"" ""National Natural Science Foundation of China""","site:edu.cn OR site:ac.cn ""51468016""",not_checked,official_or_institutional_confirmation,bibliographic/aggregator evidence only; API channels may share provenance; no PI or project fact inferred
51769034,E,2017,regional,E09,P3,confirmed_bibliographic,C_bibliographic,crossref,12,,,,"""51769034""","""51769034"" ""National Natural Science Foundation of China""","site:edu.cn OR site:ac.cn ""51769034""",not_checked,official_or_institutional_confirmation,bibliographic/aggregator evidence only; API channels may share provenance; no PI or project fact inferred
51468043,E,2014,regional,E08,P3,confirmed_bibliographic,C_bibliographic,crossref,12,,,,"""51468043""","""51468043"" ""National Natural Science Foundation of China""","site:edu.cn OR site:ac.cn ""51468043""",not_checked,official_or_institutional_confirmation,bibliographic/aggregator evidence only; API channels may share provenance; no PI or project fact inferred
51869012,E,2018,regional,E09,P3,confirmed_bibliographic,C_bibliographic,crossref,12,,,,"""51869012""","""51869012"" ""National Natural Science Foundation of China""","site:edu.cn OR site:ac.cn ""51869012""",not_checked,official_or_institutional_confirmation,bibliographic/aggregator evidence only; API channels may share provenance; no PI or project fact inferred
51368026,E,2013,regional,E08,P3,confirmed_bibliographic,C_bibliographic,crossref,12,,,,"""51368026""","""51368026"" ""National Natural Science Foundation of China""","site:edu.cn OR site:ac.cn ""51368026""",not_checked,official_or_institutional_confirmation,bibliographic/aggregator evidence only; API channels may share provenance; no PI or project fact inferred
51368004,E,2013,regional,E08,P3,confirmed_bibliographic,C_bibliographic,crossref,11,,,,"""51368004""","""51368004"" ""National Natural Science Foundation of China""","site:edu.cn OR site:ac.cn ""51368004""",not_checked,official_or_institutional_confirmation,bibliographic/aggregator evidence only; API channels may share provenance; no PI or project fact inferred
51769006,E,2017,regional,E09,P3,confirmed_bibliographic,C_bibliographic,crossref,10,,,,"""51769006""","""51769006"" ""National Natural Science Foundation of China""","site:edu.cn OR site:ac.cn ""51769006""",not_checked,official_or_institutional_confirmation,bibliographic/aggregator evidence only; API channels may share provenance; no PI or project fact inferred
51368030,E,2013,regional,E08,P3,confirmed_bibliographic,C_bibliographic,crossref,10,,,,"""51368030""","""51368030"" ""National Natural Science Foundation of China""","site:edu.cn OR site:ac.cn ""51368030""",not_checked,official_or_institutional_confirmation,bibliographic/aggregator evidence only; API channels may share provenance; no PI or project fact inferred
51869006,E,2018,regional,E09,P3,confirmed_bibliographic,C_bibliographic,crossref,9,,,,"""51869006""","""51869006"" ""National Natural Science Foundation of China""","site:edu.cn OR site:ac.cn ""51869006""",not_checked,official_or_institutional_confirmation,bibliographic/aggregator evidence only; API channels may share provenance; no PI or project fact inferred
51669028,E,2016,regional,E09,P3,confirmed_bibliographic,C_bibliographic,crossref,9,,,,"""51669028""","""51669028"" ""National Natural Science Foundation of China""","site:edu.cn OR site:ac.cn ""51669028""",not_checked,official_or_institutional_confirmation,bibliographic/aggregator evidence only; API channels may share provenance; no PI or project fact inferred
51168026,E,2011,regional,E08,P3,confirmed_bibliographic,C_bibliographic,crossref,9,,,,"""51168026""","""51168026"" ""National Natural Science Foundation of China""","site:edu.cn OR site:ac.cn ""51168026""",not_checked,official_or_institutional_confirmation,bibliographic/aggregator evidence only; API channels may share provenance; no PI or project fact inferred
51038003,E,2010,key,E08,P3,confirmed_bibliographic,C_bibliographic,crossref,8,,,,"""51038003""","""51038003"" ""National Natural Science Foundation of China""","site:edu.cn OR site:ac.cn ""51038003""",not_checked,official_or_institutional_confirmation,bibliographic/aggregator evidence only; API channels may share provenance; no PI or project fact inferred
51468044,E,2014,regional,E08,P3,confirmed_bibliographic,C_bibliographic,crossref,8,,,,"""51468044""","""51468044"" ""National Natural Science Foundation of China""","site:edu.cn OR site:ac.cn ""51468044""",not_checked,official_or_institutional_confirmation,bibliographic/aggregator evidence only; API channels may share provenance; no PI or project fact inferred
51368044,E,2013,regional,E08,P3,confirmed_bibliographic,C_bibliographic,crossref,8,,,,"""51368044""","""51368044"" ""National Natural Science Foundation of China""","site:edu.cn OR site:ac.cn ""51368044""",not_checked,official_or_institutional_confirmation,bibliographic/aggregator evidence only; API channels may share provenance; no PI or project fact inferred
51468011,E,2014,regional,E08,P3,confirmed_bibliographic,C_bibliographic,crossref,7,,,,"""51468011""","""51468011"" ""National Natural Science Foundation of China""","site:edu.cn OR site:ac.cn ""51468011""",not_checked,official_or_institutional_confirmation,bibliographic/aggregator evidence only; API channels may share provenance; no PI or project fact inferred
51869020,E,2018,regional,E09,P3,confirmed_bibliographic,C_bibliographic,crossref,7,,,,"""51869020""","""51869020"" ""National Natural Science Foundation of China""","site:edu.cn OR site:ac.cn ""51869020""",not_checked,official_or_institutional_confirmation,bibliographic/aggregator evidence only; API channels may share provenance; no PI or project fact inferred
52000138,E,2020,youth_c,E10,P3,confirmed_bibliographic,C_bibliographic,crossref,5,,,,"""52000138""","""52000138"" ""National Natural Science Foundation of China""","site:edu.cn OR site:ac.cn ""52000138""",not_checked,official_or_institutional_confirmation,bibliographic/aggregator evidence only; API channels may share provenance; no PI or project fact inferred
51969008,E,2019,regional,E09,P3,confirmed_bibliographic,C_bibliographic,crossref,5,,,,"""51969008""","""51969008"" ""National Natural Science Foundation of China""","site:edu.cn OR site:ac.cn ""51969008""",not_checked,official_or_institutional_confirmation,bibliographic/aggregator evidence only; API channels may share provenance; no PI or project fact inferred
91023039,E,2010,major_research_plan,E05,P3,confirmed_bibliographic,C_bibliographic,crossref,5,,,,"""91023039""","""91023039"" ""National Natural Science Foundation of China""","site:edu.cn OR site:ac.cn ""91023039""",not_checked,official_or_institutional_confirmation,bibliographic/aggregator evidence only; API channels may share provenance; no PI or project fact inferred
51769003,E,2017,regional,E09,P3,confirmed_bibliographic,C_bibliographic,crossref,5,,,,"""51769003""","""51769003"" ""National Natural Science Foundation of China""","site:edu.cn OR site:ac.cn ""51769003""",not_checked,official_or_institutional_confirmation,bibliographic/aggregator evidence only; API channels may share provenance; no PI or project fact inferred
51769015,E,2017,regional,E09,P3,confirmed_bibliographic,C_bibliographic,crossref,5,,,,"""51769015""","""51769015"" ""National Natural Science Foundation of China""","site:edu.cn OR site:ac.cn ""51769015""",not_checked,official_or_institutional_confirmation,bibliographic/aggregator evidence only; API channels may share provenance; no PI or project fact inferred
51268021,E,2012,regional,E08,P3,confirmed_bibliographic,C_bibliographic,crossref,5,,,,"""51268021""","""51268021"" ""National Natural Science Foundation of China""","site:edu.cn OR site:ac.cn ""51268021""",not_checked,official_or_institutional_confirmation,bibliographic/aggregator evidence only; API channels may share provenance; no PI or project fact inferred
91023040,E,2010,major_research_plan,E05,P3,confirmed_bibliographic,C_bibliographic,crossref,4,,,,"""91023040""","""91023040"" ""National Natural Science Foundation of China""","site:edu.cn OR site:ac.cn ""91023040""",not_checked,official_or_institutional_confirmation,bibliographic/aggregator evidence only; API channels may share provenance; no PI or project fact inferred
50574056,E,2005,general,E04,P3,confirmed_bibliographic,C_bibliographic,crossref,4,,,,"""50574056""","""50574056"" ""National Natural Science Foundation of China""","site:edu.cn OR site:ac.cn ""50574056""",not_checked,official_or_institutional_confirmation,bibliographic/aggregator evidence only; API channels may share provenance; no PI or project fact inferred
50738006,E,2007,key,E08,P3,confirmed_bibliographic,C_bibliographic,crossref,4,,,,"""50738006""","""50738006"" ""National Natural Science Foundation of China""","site:edu.cn OR site:ac.cn ""50738006""",not_checked,official_or_institutional_confirmation,bibliographic/aggregator evidence only; API channels may share provenance; no PI or project fact inferred
90715029,E,2007,major_research_plan,E08,P3,confirmed_bibliographic,C_bibliographic,crossref,4,,,,"""90715029""","""90715029"" ""National Natural Science Foundation of China""","site:edu.cn OR site:ac.cn ""90715029""",not_checked,official_or_institutional_confirmation,bibliographic/aggregator evidence only; API channels may share provenance; no PI or project fact inferred
51669011,E,2016,regional,E09,P3,confirmed_bibliographic,C_bibliographic,crossref,4,,,,"""51669011""","""51669011"" ""National Natural Science Foundation of China""","site:edu.cn OR site:ac.cn ""51669011""",not_checked,official_or_institutional_confirmation,bibliographic/aggregator evidence only; API channels may share provenance; no PI or project fact inferred
51669022,E,2016,regional,E09,P3,confirmed_bibliographic,C_bibliographic,crossref,4,,,,"""51669022""","""51669022"" ""National Natural Science Foundation of China""","site:edu.cn OR site:ac.cn ""51669022""",not_checked,official_or_institutional_confirmation,bibliographic/aggregator evidence only; API channels may share provenance; no PI or project fact inferred
51168029,E,2011,regional,E08,P3,confirmed_bibliographic,C_bibliographic,crossref,4,,,,"""51168029""","""51168029"" ""National Natural Science Foundation of China""","site:edu.cn OR site:ac.cn ""51168029""",not_checked,official_or_institutional_confirmation,bibliographic/aggregator evidence only; API channels may share provenance; no PI or project fact inferred
51368012,E,2013,regional,E08,P3,confirmed_bibliographic,C_bibliographic,crossref,4,,,,"""51368012""","""51368012"" ""National Natural Science Foundation of China""","site:edu.cn OR site:ac.cn ""51368012""",not_checked,official_or_institutional_confirmation,bibliographic/aggregator evidence only; API channels may share provenance; no PI or project fact inferred
52102047,E,2021,youth_c,E02,P3,confirmed_bibliographic,C_bibliographic,crossref,3,,,,"""52102047""","""52102047"" ""National Natural Science Foundation of China""","site:edu.cn OR site:ac.cn ""52102047""",not_checked,official_or_institutional_confirmation,bibliographic/aggregator evidence only; API channels may share provenance; no PI or project fact inferred
52000141,E,2020,youth_c,E10,P3,confirmed_bibliographic,C_bibliographic,crossref,3,,,,"""52000141""","""52000141"" ""National Natural Science Foundation of China""","site:edu.cn OR site:ac.cn ""52000141""",not_checked,official_or_institutional_confirmation,bibliographic/aggregator evidence only; API channels may share provenance; no PI or project fact inferred
51061014,E,2010,regional,E01,P3,confirmed_bibliographic,C_bibliographic,crossref,3,,,,"""51061014""","""51061014"" ""National Natural Science Foundation of China""","site:edu.cn OR site:ac.cn ""51061014""",not_checked,official_or_institutional_confirmation,bibliographic/aggregator evidence only; API channels may share provenance; no PI or project fact inferred
51769004,E,2017,regional,E09,P3,confirmed_bibliographic,C_bibliographic,crossref,3,,,,"""51769004""","""51769004"" ""National Natural Science Foundation of China""","site:edu.cn OR site:ac.cn ""51769004""",not_checked,official_or_institutional_confirmation,bibliographic/aggregator evidence only; API channels may share provenance; no PI or project fact inferred
51469030,E,2014,regional,E09,P3,confirmed_bibliographic,C_bibliographic,crossref,3,,,,"""51469030""","""51469030"" ""National Natural Science Foundation of China""","site:edu.cn OR site:ac.cn ""51469030""",not_checked,official_or_institutional_confirmation,bibliographic/aggregator evidence only; API channels may share provenance; no PI or project fact inferred
51569008,E,2015,regional,E09,P3,confirmed_bibliographic,C_bibliographic,crossref,3,,,,"""51569008""","""51569008"" ""National Natural Science Foundation of China""","site:edu.cn OR site:ac.cn ""51569008""",not_checked,official_or_institutional_confirmation,bibliographic/aggregator evidence only; API channels may share provenance; no PI or project fact inferred
51468024,E,2014,regional,E08,P3,confirmed_bibliographic,C_bibliographic,crossref,3,,,,"""51468024""","""51468024"" ""National Natural Science Foundation of China""","site:edu.cn OR site:ac.cn ""51468024""",not_checked,official_or_institutional_confirmation,bibliographic/aggregator evidence only; API channels may share provenance; no PI or project fact inferred
50474085,E,2004,general,E04,P3,confirmed_bibliographic,C_bibliographic,crossref,3,,,,"""50474085""","""50474085"" ""National Natural Science Foundation of China""","site:edu.cn OR site:ac.cn ""50474085""",not_checked,official_or_institutional_confirmation,bibliographic/aggregator evidence only; API channels may share provenance; no PI or project fact inferred
51669021,E,2016,regional,E09,P3,confirmed_bibliographic,C_bibliographic,crossref,3,,,,"""51669021""","""51669021"" ""National Natural Science Foundation of China""","site:edu.cn OR site:ac.cn ""51669021""",not_checked,official_or_institutional_confirmation,bibliographic/aggregator evidence only; API channels may share provenance; no PI or project fact inferred
50179011,E,2001,general,E09,P3,confirmed_bibliographic,C_bibliographic,crossref,3,,,,"""50179011""","""50179011"" ""National Natural Science Foundation of China""","site:edu.cn OR site:ac.cn ""50179011""",not_checked,official_or_institutional_confirmation,bibliographic/aggregator evidence only; API channels may share provenance; no PI or project fact inferred
51268034,E,2012,regional,E08,P3,confirmed_bibliographic,C_bibliographic,crossref,3,,,,"""51268034""","""51268034"" ""National Natural Science Foundation of China""","site:edu.cn OR site:ac.cn ""51268034""",not_checked,official_or_institutional_confirmation,bibliographic/aggregator evidence only; API channels may share provenance; no PI or project fact inferred
51969005,E,2019,regional,E09,P3,confirmed_bibliographic,C_bibliographic,crossref,2,,,,"""51969005""","""51969005"" ""National Natural Science Foundation of China""","site:edu.cn OR site:ac.cn ""51969005""",not_checked,official_or_institutional_confirmation,bibliographic/aggregator evidence only; API channels may share provenance; no PI or project fact inferred
50968002,E,2009,regional,E08,P3,confirmed_bibliographic,C_bibliographic,crossref,2,,,,"""50968002""","""50968002"" ""National Natural Science Foundation of China""","site:edu.cn OR site:ac.cn ""50968002""",not_checked,official_or_institutional_confirmation,bibliographic/aggregator evidence only; API channels may share provenance; no PI or project fact inferred
51469006,E,2014,regional,E09,P3,confirmed_bibliographic,C_bibliographic,crossref,2,,,,"""51469006""","""51469006"" ""National Natural Science Foundation of China""","site:edu.cn OR site:ac.cn ""51469006""",not_checked,official_or_institutional_confirmation,bibliographic/aggregator evidence only; API channels may share provenance; no PI or project fact inferred
51469017,E,2014,regional,E09,P3,confirmed_bibliographic,C_bibliographic,crossref,2,,,,"""51469017""","""51469017"" ""National Natural Science Foundation of China""","site:edu.cn OR site:ac.cn ""51469017""",not_checked,official_or_institutional_confirmation,bibliographic/aggregator evidence only; API channels may share provenance; no PI or project fact inferred
51569019,E,2015,regional,E09,P3,confirmed_bibliographic,C_bibliographic,crossref,2,,,,"""51569019""","""51569019"" ""National Natural Science Foundation of China""","site:edu.cn OR site:ac.cn ""51569019""",not_checked,official_or_institutional_confirmation,bibliographic/aggregator evidence only; API channels may share provenance; no PI or project fact inferred
51468046,E,2014,regional,E08,P3,confirmed_bibliographic,C_bibliographic,crossref,2,,,,"""51468046""","""51468046"" ""National Natural Science Foundation of China""","site:edu.cn OR site:ac.cn ""51468046""",not_checked,official_or_institutional_confirmation,bibliographic/aggregator evidence only; API channels may share provenance; no PI or project fact inferred
51669029,E,2016,regional,E09,P3,confirmed_bibliographic,C_bibliographic,crossref,2,,,,"""51669029""","""51669029"" ""National Natural Science Foundation of China""","site:edu.cn OR site:ac.cn ""51669029""",not_checked,official_or_institutional_confirmation,bibliographic/aggregator evidence only; API channels may share provenance; no PI or project fact inferred
50679049,E,2006,general,E09,P3,confirmed_bibliographic,C_bibliographic,crossref,2,,,,"""50679049""","""50679049"" ""National Natural Science Foundation of China""","site:edu.cn OR site:ac.cn ""50679049""",not_checked,official_or_institutional_confirmation,bibliographic/aggregator evidence only; API channels may share provenance; no PI or project fact inferred
51168027,E,2011,regional,E08,P3,confirmed_bibliographic,C_bibliographic,crossref,2,,,,"""51168027""","""51168027"" ""National Natural Science Foundation of China""","site:edu.cn OR site:ac.cn ""51168027""",not_checked,official_or_institutional_confirmation,bibliographic/aggregator evidence only; API channels may share provenance; no PI or project fact inferred
51168028,E,2011,regional,E08,P3,confirmed_bibliographic,C_bibliographic,crossref,2,,,,"""51168028""","""51168028"" ""National Natural Science Foundation of China""","site:edu.cn OR site:ac.cn ""51168028""",not_checked,official_or_institutional_confirmation,bibliographic/aggregator evidence only; API channels may share provenance; no PI or project fact inferred
51268008,E,2012,regional,E08,P3,confirmed_bibliographic,C_bibliographic,crossref,2,,,,"""51268008""","""51268008"" ""National Natural Science Foundation of China""","site:edu.cn OR site:ac.cn ""51268008""",not_checked,official_or_institutional_confirmation,bibliographic/aggregator evidence only; API channels may share provenance; no PI or project fact inferred
51268018,E,2012,regional,E08,P3,confirmed_bibliographic,C_bibliographic,crossref,2,,,,"""51268018""","""51268018"" ""National Natural Science Foundation of China""","site:edu.cn OR site:ac.cn ""51268018""",not_checked,official_or_institutional_confirmation,bibliographic/aggregator evidence only; API channels may share provenance; no PI or project fact inferred
51368011,E,2013,regional,E08,P3,confirmed_bibliographic,C_bibliographic,crossref,2,,,,"""51368011""","""51368011"" ""National Natural Science Foundation of China""","site:edu.cn OR site:ac.cn ""51368011""",not_checked,official_or_institutional_confirmation,bibliographic/aggregator evidence only; API channels may share provenance; no PI or project fact inferred
51368045,E,2013,regional,E08,P3,confirmed_bibliographic,C_bibliographic,crossref,2,,,,"""51368045""","""51368045"" ""National Natural Science Foundation of China""","site:edu.cn OR site:ac.cn ""51368045""",not_checked,official_or_institutional_confirmation,bibliographic/aggregator evidence only; API channels may share provenance; no PI or project fact inferred
50408024,E,2004,youth_c,E08,P3,confirmed_bibliographic,C_bibliographic,crossref,2,,,,"""50408024""","""50408024"" ""National Natural Science Foundation of China""","site:edu.cn OR site:ac.cn ""50408024""",not_checked,official_or_institutional_confirmation,bibliographic/aggregator evidence only; API channels may share provenance; no PI or project fact inferred
51369008,E,2013,regional,E09,P3,confirmed_bibliographic,C_bibliographic,crossref,2,,,,"""51369008""","""51369008"" ""National Natural Science Foundation of China""","site:edu.cn OR site:ac.cn ""51369008""",not_checked,official_or_institutional_confirmation,bibliographic/aggregator evidence only; API channels may share provenance; no PI or project fact inferred
50471102,E,2004,general,E01,P3,confirmed_bibliographic,C_bibliographic,crossref,1,,,,"""50471102""","""50471102"" ""National Natural Science Foundation of China""","site:edu.cn OR site:ac.cn ""50471102""",not_checked,official_or_institutional_confirmation,bibliographic/aggregator evidence only; API channels may share provenance; no PI or project fact inferred
51666009,E,2016,regional,E06,P3,confirmed_bibliographic,C_bibliographic,crossref,1,,,,"""51666009""","""51666009"" ""National Natural Science Foundation of China""","site:edu.cn OR site:ac.cn ""51666009""",not_checked,official_or_institutional_confirmation,bibliographic/aggregator evidence only; API channels may share provenance; no PI or project fact inferred
50371057,E,2003,general,E01,P3,confirmed_bibliographic,C_bibliographic,crossref,1,,,,"""50371057""","""50371057"" ""National Natural Science Foundation of China""","site:edu.cn OR site:ac.cn ""50371057""",not_checked,official_or_institutional_confirmation,bibliographic/aggregator evidence only; API channels may share provenance; no PI or project fact inferred
50103012,E,2001,youth_c,E03,P3,confirmed_bibliographic,C_bibliographic,crossref,1,,,,"""50103012""","""50103012"" ""National Natural Science Foundation of China""","site:edu.cn OR site:ac.cn ""50103012""",not_checked,official_or_institutional_confirmation,bibliographic/aggregator evidence only; API channels may share provenance; no PI or project fact inferred
50574020,E,2005,general,E04,P3,confirmed_bibliographic,C_bibliographic,crossref,1,,,,"""50574020""","""50574020"" ""National Natural Science Foundation of China""","site:edu.cn OR site:ac.cn ""50574020""",not_checked,official_or_institutional_confirmation,bibliographic/aggregator evidence only; API channels may share provenance; no PI or project fact inferred
90815001,E,2008,major_research_plan,E08,P3,confirmed_bibliographic,C_bibliographic,crossref,1,,,,"""90815001""","""90815001"" ""National Natural Science Foundation of China""","site:edu.cn OR site:ac.cn ""90815001""",not_checked,official_or_institutional_confirmation,bibliographic/aggregator evidence only; API channels may share provenance; no PI or project fact inferred
51469025,E,2014,regional,E09,P3,confirmed_bibliographic,C_bibliographic,crossref,1,,,,"""51469025""","""51469025"" ""National Natural Science Foundation of China""","site:edu.cn OR site:ac.cn ""51469025""",not_checked,official_or_institutional_confirmation,bibliographic/aggregator evidence only; API channels may share provenance; no PI or project fact inferred
51569024,E,2015,regional,E09,P3,confirmed_bibliographic,C_bibliographic,crossref,1,,,,"""51569024""","""51569024"" ""National Natural Science Foundation of China""","site:edu.cn OR site:ac.cn ""51569024""",not_checked,official_or_institutional_confirmation,bibliographic/aggregator evidence only; API channels may share provenance; no PI or project fact inferred
50779008,E,2007,general,E09,P3,confirmed_bibliographic,C_bibliographic,crossref,1,,,,"""50779008""","""50779008"" ""National Natural Science Foundation of China""","site:edu.cn OR site:ac.cn ""50779008""",not_checked,official_or_institutional_confirmation,bibliographic/aggregator evidence only; API channels may share provenance; no PI or project fact inferred
50779027,E,2007,general,E09,P3,confirmed_bibliographic,C_bibliographic,crossref,1,,,,"""50779027""","""50779027"" ""National Natural Science Foundation of China""","site:edu.cn OR site:ac.cn ""50779027""",not_checked,official_or_institutional_confirmation,bibliographic/aggregator evidence only; API channels may share provenance; no PI or project fact inferred
50779080,E,2007,general,E09,P3,confirmed_bibliographic,C_bibliographic,crossref,1,,,,"""50779080""","""50779080"" ""National Natural Science Foundation of China""","site:edu.cn OR site:ac.cn ""50779080""",not_checked,official_or_institutional_confirmation,bibliographic/aggregator evidence only; API channels may share provenance; no PI or project fact inferred
50579008,E,2005,general,E09,P3,confirmed_bibliographic,C_bibliographic,crossref,1,,,,"""50579008""","""50579008"" ""National Natural Science Foundation of China""","site:edu.cn OR site:ac.cn ""50579008""",not_checked,official_or_institutional_confirmation,bibliographic/aggregator evidence only; API channels may share provenance; no PI or project fact inferred
90715031,E,2007,major_research_plan,E08,P3,confirmed_bibliographic,C_bibliographic,crossref,1,,,,"""90715031""","""90715031"" ""National Natural Science Foundation of China""","site:edu.cn OR site:ac.cn ""90715031""",not_checked,official_or_institutional_confirmation,bibliographic/aggregator evidence only; API channels may share provenance; no PI or project fact inferred
51468030,E,2014,regional,E08,P3,confirmed_bibliographic,C_bibliographic,crossref,1,,,,"""51468030""","""51468030"" ""National Natural Science Foundation of China""","site:edu.cn OR site:ac.cn ""51468030""",not_checked,official_or_institutional_confirmation,bibliographic/aggregator evidence only; API channels may share provenance; no PI or project fact inferred
51468048,E,2014,regional,E08,P3,confirmed_bibliographic,C_bibliographic,crossref,1,,,,"""51468048""","""51468048"" ""National Natural Science Foundation of China""","site:edu.cn OR site:ac.cn ""51468048""",not_checked,official_or_institutional_confirmation,bibliographic/aggregator evidence only; API channels may share provenance; no PI or project fact inferred
51468056,E,2014,regional,E08,P3,confirmed_bibliographic,C_bibliographic,crossref,1,,,,"""51468056""","""51468056"" ""National Natural Science Foundation of China""","site:edu.cn OR site:ac.cn ""51468056""",not_checked,official_or_institutional_confirmation,bibliographic/aggregator evidence only; API channels may share provenance; no PI or project fact inferred
51169017,E,2011,regional,E09,P3,confirmed_bibliographic,C_bibliographic,crossref,1,,,,"""51169017""","""51169017"" ""National Natural Science Foundation of China""","site:edu.cn OR site:ac.cn ""51169017""",not_checked,official_or_institutional_confirmation,bibliographic/aggregator evidence only; API channels may share provenance; no PI or project fact inferred
51869021,E,2018,regional,E09,P3,confirmed_bibliographic,C_bibliographic,crossref,1,,,,"""51869021""","""51869021"" ""National Natural Science Foundation of China""","site:edu.cn OR site:ac.cn ""51869021""",not_checked,official_or_institutional_confirmation,bibliographic/aggregator evidence only; API channels may share provenance; no PI or project fact inferred
50508006,E,2005,youth_c,E08,P3,confirmed_bibliographic,C_bibliographic,crossref,1,,,,"""50508006""","""50508006"" ""National Natural Science Foundation of China""","site:edu.cn OR site:ac.cn ""50508006""",not_checked,official_or_institutional_confirmation,bibliographic/aggregator evidence only; API channels may share provenance; no PI or project fact inferred
50508014,E,2005,youth_c,E08,P3,confirmed_bibliographic,C_bibliographic,crossref,1,,,,"""50508014""","""50508014"" ""National Natural Science Foundation of China""","site:edu.cn OR site:ac.cn ""50508014""",not_checked,official_or_institutional_confirmation,bibliographic/aggregator evidence only; API channels may share provenance; no PI or project fact inferred
50508018,E,2005,youth_c,E08,P3,confirmed_bibliographic,C_bibliographic,crossref,1,,,,"""50508018""","""50508018"" ""National Natural Science Foundation of China""","site:edu.cn OR site:ac.cn ""50508018""",not_checked,official_or_institutional_confirmation,bibliographic/aggregator evidence only; API channels may share provenance; no PI or project fact inferred
50108009,E,2001,youth_c,E08,P3,confirmed_bibliographic,C_bibliographic,crossref,1,,,,"""50108009""","""50108009"" ""National Natural Science Foundation of China""","site:edu.cn OR site:ac.cn ""50108009""",not_checked,official_or_institutional_confirmation,bibliographic/aggregator evidence only; API channels may share provenance; no PI or project fact inferred
50278076,E,2002,general,E08,P3,confirmed_bibliographic,C_bibliographic,crossref,1,,,,"""50278076""","""50278076"" ""National Natural Science Foundation of China""","site:edu.cn OR site:ac.cn ""50278076""",not_checked,official_or_institutional_confirmation,bibliographic/aggregator evidence only; API channels may share provenance; no PI or project fact inferred
51069007,E,2010,regional,E09,P3,confirmed_bibliographic,C_bibliographic,crossref,1,,,,"""51069007""","""51069007"" ""National Natural Science Foundation of China""","site:edu.cn OR site:ac.cn ""51069007""",not_checked,official_or_institutional_confirmation,bibliographic/aggregator evidence only; API channels may share provenance; no PI or project fact inferred
50679018,E,2006,general,E09,P3,confirmed_bibliographic,C_bibliographic,crossref,1,,,,"""50679018""","""50679018"" ""National Natural Science Foundation of China""","site:edu.cn OR site:ac.cn ""50679018""",not_checked,official_or_institutional_confirmation,bibliographic/aggregator evidence only; API channels may share provenance; no PI or project fact inferred
51268026,E,2012,regional,E08,P3,confirmed_bibliographic,C_bibliographic,crossref,1,,,,"""51268026""","""51268026"" ""National Natural Science Foundation of China""","site:edu.cn OR site:ac.cn ""51268026""",not_checked,official_or_institutional_confirmation,bibliographic/aggregator evidence only; API channels may share provenance; no PI or project fact inferred
51268047,E,2012,regional,E08,P3,confirmed_bibliographic,C_bibliographic,crossref,1,,,,"""51268047""","""51268047"" ""National Natural Science Foundation of China""","site:edu.cn OR site:ac.cn ""51268047""",not_checked,official_or_institutional_confirmation,bibliographic/aggregator evidence only; API channels may share provenance; no PI or project fact inferred
51268052,E,2012,regional,E08,P3,confirmed_bibliographic,C_bibliographic,crossref,1,,,,"""51268052""","""51268052"" ""National Natural Science Foundation of China""","site:edu.cn OR site:ac.cn ""51268052""",not_checked,official_or_institutional_confirmation,bibliographic/aggregator evidence only; API channels may share provenance; no PI or project fact inferred
51269002,E,2012,regional,E09,P3,confirmed_bibliographic,C_bibliographic,crossref,1,,,,"""51269002""","""51269002"" ""National Natural Science Foundation of China""","site:edu.cn OR site:ac.cn ""51269002""",not_checked,official_or_institutional_confirmation,bibliographic/aggregator evidence only; API channels may share provenance; no PI or project fact inferred
51269017,E,2012,regional,E09,P3,confirmed_bibliographic,C_bibliographic,crossref,1,,,,"""51269017""","""51269017"" ""National Natural Science Foundation of China""","site:edu.cn OR site:ac.cn ""51269017""",not_checked,official_or_institutional_confirmation,bibliographic/aggregator evidence only; API channels may share provenance; no PI or project fact inferred
59778016,E,1997,general,E08,P3,confirmed_bibliographic,C_bibliographic,crossref,1,,,,"""59778016""","""59778016"" ""National Natural Science Foundation of China""","site:edu.cn OR site:ac.cn ""59778016""",not_checked,official_or_institutional_confirmation,bibliographic/aggregator evidence only; API channels may share provenance; no PI or project fact inferred
51368024,E,2013,regional,E08,P3,confirmed_bibliographic,C_bibliographic,crossref,1,,,,"""51368024""","""51368024"" ""National Natural Science Foundation of China""","site:edu.cn OR site:ac.cn ""51368024""",not_checked,official_or_institutional_confirmation,bibliographic/aggregator evidence only; API channels may share provenance; no PI or project fact inferred
51368029,E,2013,regional,E08,P3,confirmed_bibliographic,C_bibliographic,crossref,1,,,,"""51368029""","""51368029"" ""National Natural Science Foundation of China""","site:edu.cn OR site:ac.cn ""51368029""",not_checked,official_or_institutional_confirmation,bibliographic/aggregator evidence only; API channels may share provenance; no PI or project fact inferred
51368051,E,2013,regional,E08,P3,confirmed_bibliographic,C_bibliographic,crossref,1,,,,"""51368051""","""51368051"" ""National Natural Science Foundation of China""","site:edu.cn OR site:ac.cn ""51368051""",not_checked,official_or_institutional_confirmation,bibliographic/aggregator evidence only; API channels may share provenance; no PI or project fact inferred
51369004,E,2013,regional,E09,P3,confirmed_bibliographic,C_bibliographic,crossref,1,,,,"""51369004""","""51369004"" ""National Natural Science Foundation of China""","site:edu.cn OR site:ac.cn ""51369004""",not_checked,official_or_institutional_confirmation,bibliographic/aggregator evidence only; API channels may share provenance; no PI or project fact inferred
51369030,E,2013,regional,E09,P3,confirmed_bibliographic,C_bibliographic,crossref,1,,,,"""51369030""","""51369030"" ""National Natural Science Foundation of China""","site:edu.cn OR site:ac.cn ""51369030""",not_checked,official_or_institutional_confirmation,bibliographic/aggregator evidence only; API channels may share provenance; no PI or project fact inferred
59978020,E,1999,general,E08,P3,confirmed_bibliographic,C_bibliographic,crossref,1,,,,"""59978020""","""59978020"" ""National Natural Science Foundation of China""","site:edu.cn OR site:ac.cn ""59978020""",not_checked,official_or_institutional_confirmation,bibliographic/aggregator evidence only; API channels may share provenance; no PI or project fact inferred
