segment_id,run_index,run_start_serial,run_end_serial,run_count,run_start_number,run_end_number
1986|general|B01|28670|3,1,165,259,95,28670165,28670259
1986|general|B01|28670|3,2,338,399,62,28670338,28670399
1986|general|B03|28670|3,1,1,164,164,28670001,28670164
1986|general|B04|28670|3,1,400,492,93,28670400,28670492
1986|general|B05|28670|3,1,260,337,78,28670260,28670337
1986|general|B08|28670|3,1,493,545,53,28670493,28670545
1986|general|B08|28670|3,2,547,547,1,28670547,28670547
1987|general|B01|28770|3,1,2,5,4,28770002,28770005
1987|general|B01|28770|3,2,7,10,4,28770007,28770010
1987|general|B01|28770|3,3,13,13,1,28770013,28770013
1987|general|B01|28770|3,4,16,17,2,28770016,28770017
1987|general|B01|28770|3,5,19,20,2,28770019,28770020
1987|general|B01|28770|3,6,23,23,1,28770023,28770023
1987|general|B01|28770|3,7,26,27,2,28770026,28770027
1987|general|B01|28770|3,8,29,29,1,28770029,28770029
1987|general|B01|28770|3,9,33,34,2,28770033,28770034
1987|general|B01|28770|3,10,36,37,2,28770036,28770037
1987|general|B01|28770|3,11,40,40,1,28770040,28770040
1987|general|B01|28770|3,12,47,48,2,28770047,28770048
1987|general|B01|28770|3,13,51,52,2,28770051,28770052
1987|general|B01|28770|3,14,54,54,1,28770054,28770054
1987|general|B01|28770|3,15,56,58,3,28770056,28770058
1987|general|B01|28770|3,16,60,60,1,28770060,28770060
1987|general|B01|28770|3,17,63,63,1,28770063,28770063
1987|general|B01|28770|3,18,65,67,3,28770065,28770067
1987|general|B01|28770|3,19,69,69,1,28770069,28770069
1987|general|B01|28770|3,20,73,73,1,28770073,28770073
1987|general|B01|28770|3,21,79,81,3,28770079,28770081
1987|general|B01|28770|3,22,84,84,1,28770084,28770084
1987|general|B01|28770|3,23,87,87,1,28770087,28770087
1987|general|B01|28770|3,24,90,90,1,28770090,28770090
1987|general|B01|28770|3,25,92,96,5,28770092,28770096
1987|general|B01|28770|3,26,99,101,3,28770099,28770101
1987|general|B01|28770|3,27,105,105,1,28770105,28770105
1987|general|B01|28770|3,28,107,107,1,28770107,28770107
1987|general|B01|28770|3,29,110,110,1,28770110,28770110
1987|general|B01|28770|3,30,112,115,4,28770112,28770115
1987|general|B01|28770|3,31,118,118,1,28770118,28770118
1987|general|B01|28770|3,32,121,122,2,28770121,28770122
1987|general|B01|28770|3,33,229,230,2,28770229,28770230
1987|general|B01|28770|3,34,232,232,1,28770232,28770232
1987|general|B01|28770|3,35,242,242,1,28770242,28770242
1987|general|B01|28770|3,36,244,244,1,28770244,28770244
1987|general|B01|28770|3,37,246,246,1,28770246,28770246
1987|general|B01|28770|3,38,248,248,1,28770248,28770248
1987|general|B01|28770|3,39,256,256,1,28770256,28770256
1987|general|B01|28770|3,40,259,259,1,28770259,28770259
1987|general|B01|28770|3,41,261,261,1,28770261,28770261
1987|general|B01|28770|3,42,269,269,1,28770269,28770269
1987|general|B01|28770|3,43,272,272,1,28770272,28770272
1987|general|B01|28770|3,44,275,275,1,28770275,28770275
1987|general|B02|28770|3,1,12,12,1,28770012,28770012
1987|general|B02|28770|3,2,125,126,2,28770125,28770126
1987|general|B02|28770|3,3,131,131,1,28770131,28770131
1987|general|B02|28770|3,4,133,133,1,28770133,28770133
1987|general|B02|28770|3,5,135,135,1,28770135,28770135
1987|general|B02|28770|3,6,139,140,2,28770139,28770140
1987|general|B02|28770|3,7,147,147,1,28770147,28770147
1987|general|B02|28770|3,8,149,149,1,28770149,28770149
1987|general|B02|28770|3,9,151,152,2,28770151,28770152
1987|general|B02|28770|3,10,154,154,1,28770154,28770154
1987|general|B02|28770|3,11,157,157,1,28770157,28770157
1987|general|B02|28770|3,12,160,160,1,28770160,28770160
1987|general|B02|28770|3,13,164,165,2,28770164,28770165
1987|general|B02|28770|3,14,167,167,1,28770167,28770167
1987|general|B02|28770|3,15,169,174,6,28770169,28770174
1987|general|B02|28770|3,16,176,177,2,28770176,28770177
1987|general|B02|28770|3,17,179,180,2,28770179,28770180
1987|general|B02|28770|3,18,182,186,5,28770182,28770186
1987|general|B02|28770|3,19,188,194,7,28770188,28770194
1987|general|B02|28770|3,20,197,197,1,28770197,28770197
1987|general|B02|28770|3,21,199,200,2,28770199,28770200
1987|general|B02|28770|3,22,203,207,5,28770203,28770207
1987|general|B02|28770|3,23,216,216,1,28770216,28770216
1987|general|B02|28770|3,24,218,219,2,28770218,28770219
1987|general|B02|28770|3,25,223,223,1,28770223,28770223
1987|general|B02|28770|3,26,226,226,1,28770226,28770226
1987|general|B03|28770|3,1,1,1,1,28770001,28770001
1987|general|B03|28770|3,2,6,6,1,28770006,28770006
1987|general|B03|28770|3,3,18,18,1,28770018,28770018
1987|general|B03|28770|3,4,28,28,1,28770028,28770028
1987|general|B03|28770|3,5,35,35,1,28770035,28770035
1987|general|B03|28770|3,6,38,38,1,28770038,28770038
1987|general|B03|28770|3,7,42,43,2,28770042,28770043
1987|general|B03|28770|3,8,46,46,1,28770046,28770046
1987|general|B03|28770|3,9,59,59,1,28770059,28770059
1987|general|B03|28770|3,10,77,78,2,28770077,28770078
1987|general|B03|28770|3,11,82,82,1,28770082,28770082
1987|general|B03|28770|3,12,109,109,1,28770109,28770109
1987|general|B03|28770|3,13,123,124,2,28770123,28770124
1987|general|B03|28770|3,14,127,130,4,28770127,28770130
1987|general|B03|28770|3,15,132,132,1,28770132,28770132
1987|general|B03|28770|3,16,134,134,1,28770134,28770134
1987|general|B03|28770|3,17,136,138,3,28770136,28770138
1987|general|B03|28770|3,18,141,144,4,28770141,28770144
1987|general|B03|28770|3,19,146,146,1,28770146,28770146
1987|general|B03|28770|3,20,150,150,1,28770150,28770150
1987|general|B03|28770|3,21,153,153,1,28770153,28770153
1987|general|B03|28770|3,22,155,156,2,28770155,28770156
1987|general|B03|28770|3,23,158,159,2,28770158,28770159
1987|general|B03|28770|3,24,161,163,3,28770161,28770163
1987|general|B03|28770|3,25,166,166,1,28770166,28770166
1987|general|B03|28770|3,26,168,168,1,28770168,28770168
1987|general|B03|28770|3,27,175,175,1,28770175,28770175
1987|general|B03|28770|3,28,178,178,1,28770178,28770178
1987|general|B03|28770|3,29,181,181,1,28770181,28770181
1987|general|B03|28770|3,30,187,187,1,28770187,28770187
1987|general|B03|28770|3,31,195,196,2,28770195,28770196
1987|general|B03|28770|3,32,198,198,1,28770198,28770198
1987|general|B03|28770|3,33,202,202,1,28770202,28770202
1987|general|B03|28770|3,34,208,210,3,28770208,28770210
1987|general|B03|28770|3,35,212,215,4,28770212,28770215
1987|general|B03|28770|3,36,217,217,1,28770217,28770217
1987|general|B03|28770|3,37,220,222,3,28770220,28770222
1987|general|B03|28770|3,38,224,225,2,28770224,28770225
1987|general|B03|28770|3,39,263,263,1,28770263,28770263
1987|general|B03|28770|3,40,270,270,1,28770270,28770270
1987|general|B03|28770|3,41,273,273,1,28770273,28770273
1987|general|B03|28770|3,42,284,284,1,28770284,28770284
1987|general|B04|28770|3,1,41,41,1,28770041,28770041
1987|general|B04|28770|3,2,44,44,1,28770044,28770044
1987|general|B04|28770|3,3,74,75,2,28770074,28770075
1987|general|B04|28770|3,4,98,98,1,28770098,28770098
1987|general|B04|28770|3,5,117,117,1,28770117,28770117
1987|general|B04|28770|3,6,238,238,1,28770238,28770238
1987|general|B04|28770|3,7,260,260,1,28770260,28770260
1987|general|B04|28770|3,8,262,262,1,28770262,28770262
1987|general|B04|28770|3,9,267,267,1,28770267,28770267
1987|general|B04|28770|3,10,274,274,1,28770274,28770274
1987|general|B04|28770|3,11,276,283,8,28770276,28770283
1987|general|B04|28770|3,12,285,327,43,28770285,28770327
1987|general|B05|28770|3,1,145,145,1,28770145,28770145
1987|general|B05|28770|3,2,148,148,1,28770148,28770148
1987|general|B05|28770|3,3,227,228,2,28770227,28770228
1987|general|B05|28770|3,4,231,231,1,28770231,28770231
1987|general|B05|28770|3,5,233,237,5,28770233,28770237
1987|general|B05|28770|3,6,239,241,3,28770239,28770241
1987|general|B05|28770|3,7,243,243,1,28770243,28770243
1987|general|B05|28770|3,8,245,245,1,28770245,28770245
1987|general|B05|28770|3,9,247,247,1,28770247,28770247
1987|general|B05|28770|3,10,249,255,7,28770249,28770255
1987|general|B05|28770|3,11,257,258,2,28770257,28770258
1987|general|B05|28770|3,12,264,266,3,28770264,28770266
1987|general|B05|28770|3,13,268,268,1,28770268,28770268
1987|general|B05|28770|3,14,271,271,1,28770271,28770271
1987|general|B06|28770|3,1,39,39,1,28770039,28770039
1987|general|B06|28770|3,2,45,45,1,28770045,28770045
1987|general|B06|28770|3,3,49,49,1,28770049,28770049
1987|general|B06|28770|3,4,201,201,1,28770201,28770201
1987|general|B06|28770|3,5,351,351,1,28770351,28770351
1987|general|B07|28770|3,1,11,11,1,28770011,28770011
1987|general|B07|28770|3,2,14,15,2,28770014,28770015
1987|general|B07|28770|3,3,21,22,2,28770021,28770022
1987|general|B07|28770|3,4,24,25,2,28770024,28770025
1987|general|B07|28770|3,5,30,32,3,28770030,28770032
1987|general|B07|28770|3,6,50,50,1,28770050,28770050
1987|general|B07|28770|3,7,53,53,1,28770053,28770053
1987|general|B07|28770|3,8,61,62,2,28770061,28770062
1987|general|B07|28770|3,9,64,64,1,28770064,28770064
1987|general|B07|28770|3,10,68,68,1,28770068,28770068
1987|general|B07|28770|3,11,70,72,3,28770070,28770072
1987|general|B07|28770|3,12,76,76,1,28770076,28770076
1987|general|B07|28770|3,13,83,83,1,28770083,28770083
1987|general|B07|28770|3,14,85,86,2,28770085,28770086
1987|general|B07|28770|3,15,88,89,2,28770088,28770089
1987|general|B07|28770|3,16,91,91,1,28770091,28770091
1987|general|B07|28770|3,17,97,97,1,28770097,28770097
1987|general|B07|28770|3,18,102,104,3,28770102,28770104
1987|general|B07|28770|3,19,106,106,1,28770106,28770106
1987|general|B07|28770|3,20,108,108,1,28770108,28770108
1987|general|B07|28770|3,21,111,111,1,28770111,28770111
1987|general|B07|28770|3,22,116,116,1,28770116,28770116
1987|general|B07|28770|3,23,119,120,2,28770119,28770120
1987|general|B07|28770|3,24,211,211,1,28770211,28770211
1987|general|B08|28770|3,1,55,55,1,28770055,28770055
1987|general|B08|28770|3,2,328,350,23,28770328,28770350
1987|general|B08|28770|3,3,352,367,16,28770352,28770367
1987|special|B01|28780|3,1,5,5,1,28780005,28780005
1987|special|B01|28780|3,2,8,9,2,28780008,28780009
1987|special|B01|28780|3,3,16,16,1,28780016,28780016
1987|special|B01|38780|3,1,20,20,1,38780020,38780020
1987|special|B03|28780|3,1,1,1,1,28780001,28780001
1987|special|B03|28780|3,2,4,4,1,28780004,28780004
1987|special|B04|28780|3,1,3,3,1,28780003,28780003
1987|special|B04|28780|3,2,14,14,1,28780014,28780014
1987|special|B05|18780|3,1,705,705,1,18780705,18780705
1987|special|B05|28780|3,1,2,2,1,28780002,28780002
1987|special|B05|28780|3,2,10,13,4,28780010,28780013
1987|special|B08|28780|3,1,6,7,2,28780006,28780007
1987|special|B08|28780|3,2,15,15,1,28780015,28780015
1987|youth_c|B01|28700|3,1,1,1,1,28700001,28700001
1987|youth_c|B01|28700|3,2,9,9,1,28700009,28700009
1987|youth_c|B02|28700|3,1,5,6,2,28700005,28700006
1987|youth_c|B03|28700|3,1,4,4,1,28700004,28700004
1987|youth_c|B04|28700|3,1,2,3,2,28700002,28700003
1987|youth_c|B05|28700|3,1,8,8,1,28700008,28700008
1987|youth_c|B07|28700|3,1,7,7,1,28700007,28700007
1987|youth_c|B08|28700|3,1,10,10,1,28700010,28700010
1988|general|B01|28870|3,1,1,1,1,28870001,28870001
1988|general|B01|28870|3,2,3,5,3,28870003,28870005
1988|general|B01|28870|3,3,8,11,4,28870008,28870011
1988|general|B01|28870|3,4,13,14,2,28870013,28870014
1988|general|B01|28870|3,5,16,19,4,28870016,28870019
1988|general|B01|28870|3,6,22,23,2,28870022,28870023
1988|general|B01|28870|3,7,25,25,1,28870025,28870025
1988|general|B01|28870|3,8,33,33,1,28870033,28870033
1988|general|B01|28870|3,9,39,40,2,28870039,28870040
1988|general|B01|28870|3,10,42,43,2,28870042,28870043
1988|general|B01|28870|3,11,46,46,1,28870046,28870046
1988|general|B01|28870|3,12,48,49,2,28870048,28870049
1988|general|B01|28870|3,13,51,52,2,28870051,28870052
1988|general|B01|28870|3,14,55,56,2,28870055,28870056
1988|general|B01|28870|3,15,58,60,3,28870058,28870060
1988|general|B01|28870|3,16,62,63,2,28870062,28870063
1988|general|B01|28870|3,17,65,65,1,28870065,28870065
1988|general|B01|28870|3,18,67,70,4,28870067,28870070
1988|general|B01|28870|3,19,72,81,10,28870072,28870081
1988|general|B01|28870|3,20,83,87,5,28870083,28870087
1988|general|B01|28870|3,21,89,90,2,28870089,28870090
1988|general|B01|28870|3,22,92,92,1,28870092,28870092
1988|general|B01|28870|3,23,97,98,2,28870097,28870098
1988|general|B01|28870|3,24,101,103,3,28870101,28870103
1988|general|B01|28870|3,25,107,107,1,28870107,28870107
1988|general|B01|28870|3,26,112,112,1,28870112,28870112
1988|general|B01|28870|3,27,114,114,1,28870114,28870114
1988|general|B01|28870|3,28,180,180,1,28870180,28870180
1988|general|B01|28870|3,29,188,188,1,28870188,28870188
1988|general|B01|28870|3,30,201,201,1,28870201,28870201
1988|general|B02|28870|3,1,20,20,1,28870020,28870020
1988|general|B02|28870|3,2,118,118,1,28870118,28870118
1988|general|B02|28870|3,3,121,122,2,28870121,28870122
1988|general|B02|28870|3,4,124,126,3,28870124,28870126
1988|general|B02|28870|3,5,128,129,2,28870128,28870129
1988|general|B02|28870|3,6,131,131,1,28870131,28870131
1988|general|B02|28870|3,7,135,136,2,28870135,28870136
1988|general|B02|28870|3,8,138,138,1,28870138,28870138
1988|general|B02|28870|3,9,140,140,1,28870140,28870140
1988|general|B02|28870|3,10,143,143,1,28870143,28870143
1988|general|B02|28870|3,11,146,148,3,28870146,28870148
1988|general|B02|28870|3,12,151,157,7,28870151,28870157
1988|general|B02|28870|3,13,161,162,2,28870161,28870162
1988|general|B02|28870|3,14,165,165,1,28870165,28870165
1988|general|B02|28870|3,15,171,172,2,28870171,28870172
1988|general|B02|28870|3,16,174,174,1,28870174,28870174
1988|general|B02|28870|3,17,177,178,2,28870177,28870178
1988|general|B03|28870|3,1,12,12,1,28870012,28870012
1988|general|B03|28870|3,2,15,15,1,28870015,28870015
1988|general|B03|28870|3,3,26,26,1,28870026,28870026
1988|general|B03|28870|3,4,31,32,2,28870031,28870032
1988|general|B03|28870|3,5,34,34,1,28870034,28870034
1988|general|B03|28870|3,6,53,53,1,28870053,28870053
1988|general|B03|28870|3,7,57,57,1,28870057,28870057
1988|general|B03|28870|3,8,66,66,1,28870066,28870066
1988|general|B03|28870|3,9,91,91,1,28870091,28870091
1988|general|B03|28870|3,10,93,93,1,28870093,28870093
1988|general|B03|28870|3,11,95,95,1,28870095,28870095
1988|general|B03|28870|3,12,113,113,1,28870113,28870113
1988|general|B03|28870|3,13,115,117,3,28870115,28870117
1988|general|B03|28870|3,14,119,120,2,28870119,28870120
1988|general|B03|28870|3,15,123,123,1,28870123,28870123
1988|general|B03|28870|3,16,127,127,1,28870127,28870127
1988|general|B03|28870|3,17,130,130,1,28870130,28870130
1988|general|B03|28870|3,18,132,134,3,28870132,28870134
1988|general|B03|28870|3,19,137,137,1,28870137,28870137
1988|general|B03|28870|3,20,139,139,1,28870139,28870139
1988|general|B03|28870|3,21,142,142,1,28870142,28870142
1988|general|B03|28870|3,22,144,145,2,28870144,28870145
1988|general|B03|28870|3,23,149,150,2,28870149,28870150
1988|general|B03|28870|3,24,158,160,3,28870158,28870160
1988|general|B03|28870|3,25,163,164,2,28870163,28870164
1988|general|B03|28870|3,26,166,170,5,28870166,28870170
1988|general|B03|28870|3,27,173,173,1,28870173,28870173
1988|general|B03|28870|3,28,175,176,2,28870175,28870176
1988|general|B03|28870|3,29,181,181,1,28870181,28870181
1988|general|B03|28870|3,30,189,189,1,28870189,28870189
1988|general|B03|28870|3,31,198,199,2,28870198,28870199
1988|general|B03|28870|3,32,204,204,1,28870204,28870204
1988|general|B03|28870|3,33,220,220,1,28870220,28870220
1988|general|B04|28870|3,1,50,50,1,28870050,28870050
1988|general|B04|28870|3,2,54,54,1,28870054,28870054
1988|general|B04|28870|3,3,94,94,1,28870094,28870094
1988|general|B04|28870|3,4,104,104,1,28870104,28870104
1988|general|B04|28870|3,5,183,183,1,28870183,28870183
1988|general|B04|28870|3,6,196,197,2,28870196,28870197
1988|general|B04|28870|3,7,205,219,15,28870205,28870219
1988|general|B04|28870|3,8,221,244,24,28870221,28870244
1988|general|B05|28870|3,1,179,179,1,28870179,28870179
1988|general|B05|28870|3,2,182,182,1,28870182,28870182
1988|general|B05|28870|3,3,184,187,4,28870184,28870187
1988|general|B05|28870|3,4,190,195,6,28870190,28870195
1988|general|B05|28870|3,5,200,200,1,28870200,28870200
1988|general|B05|28870|3,6,202,203,2,28870202,28870203
1988|general|B06|28870|3,1,2,2,1,28870002,28870002
1988|general|B06|28870|3,2,24,24,1,28870024,28870024
1988|general|B06|28870|3,3,29,29,1,28870029,28870029
1988|general|B06|28870|3,4,35,35,1,28870035,28870035
1988|general|B06|28870|3,5,38,38,1,28870038,28870038
1988|general|B06|28870|3,6,282,296,15,28870282,28870296
1988|general|B07|28870|3,1,6,7,2,28870006,28870007
1988|general|B07|28870|3,2,27,28,2,28870027,28870028
1988|general|B07|28870|3,3,30,30,1,28870030,28870030
1988|general|B07|28870|3,4,36,37,2,28870036,28870037
1988|general|B07|28870|3,5,41,41,1,28870041,28870041
1988|general|B07|28870|3,6,44,45,2,28870044,28870045
1988|general|B07|28870|3,7,47,47,1,28870047,28870047
1988|general|B07|28870|3,8,61,61,1,28870061,28870061
1988|general|B07|28870|3,9,64,64,1,28870064,28870064
1988|general|B07|28870|3,10,71,71,1,28870071,28870071
1988|general|B07|28870|3,11,82,82,1,28870082,28870082
1988|general|B07|28870|3,12,88,88,1,28870088,28870088
1988|general|B07|28870|3,13,96,96,1,28870096,28870096
1988|general|B07|28870|3,14,99,100,2,28870099,28870100
1988|general|B07|28870|3,15,105,106,2,28870105,28870106
1988|general|B07|28870|3,16,108,111,4,28870108,28870111
1988|general|B07|28870|3,17,141,141,1,28870141,28870141
1988|general|B07|28879|3,1,4,4,1,28879004,28879004
1988|general|B08|28870|3,1,245,281,37,28870245,28870281
1988|special|B01|28880|3,1,1,2,2,28880001,28880002
1988|special|B02|28880|3,1,4,4,1,28880004,28880004
1988|special|B03|28849|3,1,1,1,1,28849001,28849001
1988|special|B03|28849|3,2,3,3,1,28849003,28849003
1988|special|B03|28880|3,1,3,3,1,28880003,28880003
1988|special|B04|28880|3,1,6,6,1,28880006,28880006
1988|special|B07|28849|3,1,2,2,1,28849002,28849002
1988|special|B07|28880|3,1,5,5,1,28880005,28880005
1988|special|B08|28880|3,1,7,9,3,28880007,28880009
1988|youth_c|B01|28800|3,1,1,1,1,28800001,28800001
1988|youth_c|B01|28800|3,2,3,4,2,28800003,28800004
1988|youth_c|B01|28800|3,3,6,6,1,28800006,28800006
1988|youth_c|B03|28800|3,1,7,11,5,28800007,28800011
1988|youth_c|B04|28800|3,1,13,14,2,28800013,28800014
1988|youth_c|B05|28800|3,1,12,12,1,28800012,28800012
1988|youth_c|B07|28800|3,1,2,2,1,28800002,28800002
1988|youth_c|B07|28800|3,2,5,5,1,28800005,28800005
1988|youth_c|B08|28800|3,1,15,15,1,28800015,28800015
1989|general|B01|28970|3,1,4,6,3,28970004,28970006
1989|general|B01|28970|3,2,8,9,2,28970008,28970009
1989|general|B01|28970|3,3,11,12,2,28970011,28970012
1989|general|B01|28970|3,4,14,14,1,28970014,28970014
1989|general|B01|28970|3,5,16,17,2,28970016,28970017
1989|general|B01|28970|3,6,19,21,3,28970019,28970021
1989|general|B01|28970|3,7,24,29,6,28970024,28970029
1989|general|B01|28970|3,8,32,32,1,28970032,28970032
1989|general|B01|28970|3,9,36,36,1,28970036,28970036
1989|general|B01|28970|3,10,38,40,3,28970038,28970040
1989|general|B01|28970|3,11,42,42,1,28970042,28970042
1989|general|B01|28970|3,12,45,45,1,28970045,28970045
1989|general|B01|28970|3,13,47,48,2,28970047,28970048
1989|general|B01|28970|3,14,51,51,1,28970051,28970051
1989|general|B01|28970|3,15,53,53,1,28970053,28970053
1989|general|B01|28970|3,16,55,55,1,28970055,28970055
1989|general|B01|28970|3,17,57,57,1,28970057,28970057
1989|general|B01|28970|3,18,59,59,1,28970059,28970059
1989|general|B01|28970|3,19,61,65,5,28970061,28970065
1989|general|B01|28970|3,20,67,69,3,28970067,28970069
1989|general|B01|28970|3,21,73,73,1,28970073,28970073
1989|general|B01|28970|3,22,75,75,1,28970075,28970075
1989|general|B01|28970|3,23,78,84,7,28970078,28970084
1989|general|B01|28970|3,24,86,87,2,28970086,28970087
1989|general|B01|28970|3,25,92,94,3,28970092,28970094
1989|general|B01|28970|3,26,96,96,1,28970096,28970096
1989|general|B01|28970|3,27,99,99,1,28970099,28970099
1989|general|B01|28970|3,28,102,102,1,28970102,28970102
1989|general|B01|28970|3,29,109,109,1,28970109,28970109
1989|general|B01|28970|3,30,190,190,1,28970190,28970190
1989|general|B01|28970|3,31,194,197,4,28970194,28970197
1989|general|B01|28970|3,32,199,199,1,28970199,28970199
1989|general|B01|28970|3,33,203,203,1,28970203,28970203
1989|general|B01|28970|3,34,205,205,1,28970205,28970205
1989|general|B01|28970|3,35,212,213,2,28970212,28970213
1989|general|B01|28970|3,36,220,220,1,28970220,28970220
1989|general|B01|28970|3,37,225,225,1,28970225,28970225
1989|general|B01|28970|3,38,228,228,1,28970228,28970228
1989|general|B02|28970|3,1,2,2,1,28970002,28970002
1989|general|B02|28970|3,2,111,111,1,28970111,28970111
1989|general|B02|28970|3,3,115,115,1,28970115,28970115
1989|general|B02|28970|3,4,117,117,1,28970117,28970117
1989|general|B02|28970|3,5,123,123,1,28970123,28970123
1989|general|B02|28970|3,6,126,126,1,28970126,28970126
1989|general|B02|28970|3,7,128,128,1,28970128,28970128
1989|general|B02|28970|3,8,131,131,1,28970131,28970131
1989|general|B02|28970|3,9,133,133,1,28970133,28970133
1989|general|B02|28970|3,10,135,136,2,28970135,28970136
1989|general|B02|28970|3,11,138,140,3,28970138,28970140
1989|general|B02|28970|3,12,143,143,1,28970143,28970143
1989|general|B02|28970|3,13,145,149,5,28970145,28970149
1989|general|B02|28970|3,14,151,152,2,28970151,28970152
1989|general|B02|28970|3,15,154,154,1,28970154,28970154
1989|general|B02|28970|3,16,156,161,6,28970156,28970161
1989|general|B02|28970|3,17,163,163,1,28970163,28970163
1989|general|B02|28970|3,18,166,167,2,28970166,28970167
1989|general|B02|28970|3,19,172,172,1,28970172,28970172
1989|general|B02|28970|3,20,174,174,1,28970174,28970174
1989|general|B02|28970|3,21,179,180,2,28970179,28970180
1989|general|B03|28970|3,1,1,1,1,28970001,28970001
1989|general|B03|28970|3,2,3,3,1,28970003,28970003
1989|general|B03|28970|3,3,31,31,1,28970031,28970031
1989|general|B03|28970|3,4,44,44,1,28970044,28970044
1989|general|B03|28970|3,5,56,56,1,28970056,28970056
1989|general|B03|28970|3,6,66,66,1,28970066,28970066
1989|general|B03|28970|3,7,110,110,1,28970110,28970110
1989|general|B03|28970|3,8,112,114,3,28970112,28970114
1989|general|B03|28970|3,9,116,116,1,28970116,28970116
1989|general|B03|28970|3,10,118,122,5,28970118,28970122
1989|general|B03|28970|3,11,124,125,2,28970124,28970125
1989|general|B03|28970|3,12,127,127,1,28970127,28970127
1989|general|B03|28970|3,13,129,130,2,28970129,28970130
1989|general|B03|28970|3,14,132,132,1,28970132,28970132
1989|general|B03|28970|3,15,134,134,1,28970134,28970134
1989|general|B03|28970|3,16,137,137,1,28970137,28970137
1989|general|B03|28970|3,17,141,142,2,28970141,28970142
1989|general|B03|28970|3,18,144,144,1,28970144,28970144
1989|general|B03|28970|3,19,150,150,1,28970150,28970150
1989|general|B03|28970|3,20,153,153,1,28970153,28970153
1989|general|B03|28970|3,21,155,155,1,28970155,28970155
1989|general|B03|28970|3,22,162,162,1,28970162,28970162
1989|general|B03|28970|3,23,164,165,2,28970164,28970165
1989|general|B03|28970|3,24,168,171,4,28970168,28970171
1989|general|B03|28970|3,25,173,173,1,28970173,28970173
1989|general|B03|28970|3,26,175,178,4,28970175,28970178
1989|general|B03|28970|3,27,192,192,1,28970192,28970192
1989|general|B03|28970|3,28,218,218,1,28970218,28970218
1989|general|B03|28970|3,29,222,222,1,28970222,28970222
1989|general|B04|28970|3,1,7,7,1,28970007,28970007
1989|general|B04|28970|3,2,52,52,1,28970052,28970052
1989|general|B04|28970|3,3,54,54,1,28970054,28970054
1989|general|B04|28970|3,4,91,91,1,28970091,28970091
1989|general|B04|28970|3,5,101,101,1,28970101,28970101
1989|general|B04|28970|3,6,185,185,1,28970185,28970185
1989|general|B04|28970|3,7,188,188,1,28970188,28970188
1989|general|B04|28970|3,8,198,198,1,28970198,28970198
1989|general|B04|28970|3,9,207,207,1,28970207,28970207
1989|general|B04|28970|3,10,215,215,1,28970215,28970215
1989|general|B04|28970|3,11,219,219,1,28970219,28970219
1989|general|B04|28970|3,12,224,224,1,28970224,28970224
1989|general|B04|28970|3,13,229,273,45,28970229,28970273
1989|general|B05|28970|3,1,43,43,1,28970043,28970043
1989|general|B05|28970|3,2,46,46,1,28970046,28970046
1989|general|B05|28970|3,3,58,58,1,28970058,28970058
1989|general|B05|28970|3,4,74,74,1,28970074,28970074
1989|general|B05|28970|3,5,76,76,1,28970076,28970076
1989|general|B05|28970|3,6,103,103,1,28970103,28970103
1989|general|B05|28970|3,7,181,184,4,28970181,28970184
1989|general|B05|28970|3,8,186,187,2,28970186,28970187
1989|general|B05|28970|3,9,189,189,1,28970189,28970189
1989|general|B05|28970|3,10,191,191,1,28970191,28970191
1989|general|B05|28970|3,11,193,193,1,28970193,28970193
1989|general|B05|28970|3,12,200,202,3,28970200,28970202
1989|general|B05|28970|3,13,204,204,1,28970204,28970204
1989|general|B05|28970|3,14,206,206,1,28970206,28970206
1989|general|B05|28970|3,15,208,211,4,28970208,28970211
1989|general|B05|28970|3,16,214,214,1,28970214,28970214
1989|general|B05|28970|3,17,216,217,2,28970216,28970217
1989|general|B05|28970|3,18,221,221,1,28970221,28970221
1989|general|B05|28970|3,19,223,223,1,28970223,28970223
1989|general|B05|28970|3,20,226,227,2,28970226,28970227
1989|general|B06|28970|3,1,10,10,1,28970010,28970010
1989|general|B06|28970|3,2,33,34,2,28970033,28970034
1989|general|B06|28970|3,3,310,326,17,28970310,28970326
1989|general|B07|28970|3,1,13,13,1,28970013,28970013
1989|general|B07|28970|3,2,15,15,1,28970015,28970015
1989|general|B07|28970|3,3,18,18,1,28970018,28970018
1989|general|B07|28970|3,4,22,23,2,28970022,28970023
1989|general|B07|28970|3,5,35,35,1,28970035,28970035
1989|general|B07|28970|3,6,37,37,1,28970037,28970037
1989|general|B07|28970|3,7,41,41,1,28970041,28970041
1989|general|B07|28970|3,8,49,50,2,28970049,28970050
1989|general|B07|28970|3,9,60,60,1,28970060,28970060
1989|general|B07|28970|3,10,70,72,3,28970070,28970072
1989|general|B07|28970|3,11,77,77,1,28970077,28970077
1989|general|B07|28970|3,12,85,85,1,28970085,28970085
1989|general|B07|28970|3,13,88,90,3,28970088,28970090
1989|general|B07|28970|3,14,95,95,1,28970095,28970095
1989|general|B07|28970|3,15,97,98,2,28970097,28970098
1989|general|B07|28970|3,16,100,100,1,28970100,28970100
1989|general|B07|28970|3,17,104,108,5,28970104,28970108
1989|general|B08|28970|3,1,274,309,36,28970274,28970309
1989|regional|B01|28960|3,1,3,3,1,28960003,28960003
1989|regional|B01|28960|3,2,9,9,1,28960009,28960009
1989|regional|B02|28960|3,1,4,4,1,28960004,28960004
1989|regional|B02|28960|3,2,10,10,1,28960010,28960010
1989|regional|B04|28960|3,1,2,2,1,28960002,28960002
1989|regional|B04|28960|3,2,8,8,1,28960008,28960008
1989|regional|B06|28960|3,1,6,6,1,28960006,28960006
1989|regional|B07|28960|3,1,7,7,1,28960007,28960007
1989|regional|B07|28960|3,2,11,12,2,28960011,28960012
1989|regional|B08|28960|3,1,1,1,1,28960001,28960001
1989|regional|B08|28960|3,2,5,5,1,28960005,28960005
1989|youth_c|B01|28900|3,1,2,2,1,28900002,28900002
1989|youth_c|B01|28900|3,2,14,14,1,28900014,28900014
1989|youth_c|B01|28900|3,3,16,16,1,28900016,28900016
1989|youth_c|B02|28900|3,1,7,7,1,28900007,28900007
1989|youth_c|B02|28900|3,2,17,18,2,28900017,28900018
1989|youth_c|B03|28900|3,1,15,15,1,28900015,28900015
1989|youth_c|B04|28900|3,1,10,10,1,28900010,28900010
1989|youth_c|B04|28900|3,2,19,19,1,28900019,28900019
1989|youth_c|B05|28900|3,1,4,4,1,28900004,28900004
1989|youth_c|B05|28900|3,2,13,13,1,28900013,28900013
1989|youth_c|B07|28900|3,1,8,8,1,28900008,28900008
1989|youth_c|B07|28900|3,2,11,11,1,28900011,28900011
1989|youth_c|B08|28900|3,1,1,1,1,28900001,28900001
1989|youth_c|B08|28900|3,2,3,3,1,28900003,28900003
1989|youth_c|B08|28900|3,3,5,6,2,28900005,28900006
1989|youth_c|B08|28900|3,4,9,9,1,28900009,28900009
1989|youth_c|B08|28900|3,5,12,12,1,28900012,28900012
1990|general|B01|29070|3,1,2,4,3,29070002,29070004
1990|general|B01|29070|3,2,6,9,4,29070006,29070009
1990|general|B01|29070|3,3,11,13,3,29070011,29070013
1990|general|B01|29070|3,4,22,25,4,29070022,29070025
1990|general|B01|29070|3,5,28,29,2,29070028,29070029
1990|general|B01|29070|3,6,34,34,1,29070034,29070034
1990|general|B01|29070|3,7,36,37,2,29070036,29070037
1990|general|B01|29070|3,8,39,46,8,29070039,29070046
1990|general|B01|29070|3,9,48,48,1,29070048,29070048
1990|general|B01|29070|3,10,51,52,2,29070051,29070052
1990|general|B01|29070|3,11,54,61,8,29070054,29070061
1990|general|B01|29070|3,12,63,63,1,29070063,29070063
1990|general|B01|29070|3,13,65,67,3,29070065,29070067
1990|general|B01|29070|3,14,71,72,2,29070071,29070072
1990|general|B01|29070|3,15,74,75,2,29070074,29070075
1990|general|B01|29070|3,16,77,79,3,29070077,29070079
1990|general|B01|29070|3,17,81,81,1,29070081,29070081
1990|general|B01|29070|3,18,83,83,1,29070083,29070083
1990|general|B01|29070|3,19,89,92,4,29070089,29070092
1990|general|B01|29070|3,20,95,98,4,29070095,29070098
1990|general|B01|29070|3,21,100,100,1,29070100,29070100
1990|general|B01|29070|3,22,103,103,1,29070103,29070103
1990|general|B01|29070|3,23,105,108,4,29070105,29070108
1990|general|B01|29070|3,24,111,111,1,29070111,29070111
1990|general|B01|29070|3,25,192,192,1,29070192,29070192
1990|general|B01|29070|3,26,200,200,1,29070200,29070200
1990|general|B01|29070|3,27,205,205,1,29070205,29070205
1990|general|B01|29070|3,28,208,209,2,29070208,29070209
1990|general|B01|29070|3,29,214,214,1,29070214,29070214
1990|general|B01|29070|3,30,223,223,1,29070223,29070223
1990|general|B02|29070|3,1,124,148,25,29070124,29070148
1990|general|B02|29070|3,2,154,172,19,29070154,29070172
1990|general|B03|29070|3,1,5,5,1,29070005,29070005
1990|general|B03|29070|3,2,27,27,1,29070027,29070027
1990|general|B03|29070|3,3,30,30,1,29070030,29070030
1990|general|B03|29070|3,4,35,35,1,29070035,29070035
1990|general|B03|29070|3,5,38,38,1,29070038,29070038
1990|general|B03|29070|3,6,69,69,1,29070069,29070069
1990|general|B03|29070|3,7,85,85,1,29070085,29070085
1990|general|B03|29070|3,8,87,88,2,29070087,29070088
1990|general|B03|29070|3,9,93,93,1,29070093,29070093
1990|general|B03|29070|3,10,112,123,12,29070112,29070123
1990|general|B03|29070|3,11,149,153,5,29070149,29070153
1990|general|B03|29070|3,12,173,182,10,29070173,29070182
1990|general|B03|29070|3,13,188,188,1,29070188,29070188
1990|general|B03|29070|3,14,197,197,1,29070197,29070197
1990|general|B03|29070|3,15,207,207,1,29070207,29070207
1990|general|B03|29070|3,16,220,220,1,29070220,29070220
1990|general|B03|29070|3,17,229,229,1,29070229,29070229
1990|general|B03|29070|3,18,231,231,1,29070231,29070231
1990|general|B03|29070|3,19,257,257,1,29070257,29070257
1990|general|B03|29070|3,20,261,261,1,29070261,29070261
1990|general|B03|29070|3,21,264,264,1,29070264,29070264
1990|general|B04|29070|3,1,15,15,1,29070015,29070015
1990|general|B04|29070|3,2,99,99,1,29070099,29070099
1990|general|B04|29070|3,3,190,190,1,29070190,29070190
1990|general|B04|29070|3,4,196,196,1,29070196,29070196
1990|general|B04|29070|3,5,201,201,1,29070201,29070201
1990|general|B04|29070|3,6,203,203,1,29070203,29070203
1990|general|B04|29070|3,7,225,228,4,29070225,29070228
1990|general|B04|29070|3,8,230,230,1,29070230,29070230
1990|general|B04|29070|3,9,232,256,25,29070232,29070256
1990|general|B04|29070|3,10,258,260,3,29070258,29070260
1990|general|B04|29070|3,11,262,263,2,29070262,29070263
1990|general|B04|29070|3,12,265,267,3,29070265,29070267
1990|general|B05|29070|3,1,49,49,1,29070049,29070049
1990|general|B05|29070|3,2,73,73,1,29070073,29070073
1990|general|B05|29070|3,3,80,80,1,29070080,29070080
1990|general|B05|29070|3,4,185,187,3,29070185,29070187
1990|general|B05|29070|3,5,189,189,1,29070189,29070189
1990|general|B05|29070|3,6,191,191,1,29070191,29070191
1990|general|B05|29070|3,7,193,195,3,29070193,29070195
1990|general|B05|29070|3,8,198,199,2,29070198,29070199
1990|general|B05|29070|3,9,202,202,1,29070202,29070202
1990|general|B05|29070|3,10,204,204,1,29070204,29070204
1990|general|B05|29070|3,11,206,206,1,29070206,29070206
1990|general|B05|29070|3,12,210,213,4,29070210,29070213
1990|general|B05|29070|3,13,215,219,5,29070215,29070219
1990|general|B05|29070|3,14,221,222,2,29070221,29070222
1990|general|B05|29070|3,15,224,224,1,29070224,29070224
1990|general|B06|29070|3,1,10,10,1,29070010,29070010
1990|general|B06|29070|3,2,19,19,1,29070019,29070019
1990|general|B06|29070|3,3,33,33,1,29070033,29070033
1990|general|B06|29070|3,4,183,183,1,29070183,29070183
1990|general|B06|29070|3,5,291,291,1,29070291,29070291
1990|general|B06|29070|3,6,313,330,18,29070313,29070330
1990|general|B07|29070|3,1,1,1,1,29070001,29070001
1990|general|B07|29070|3,2,14,14,1,29070014,29070014
1990|general|B07|29070|3,3,16,18,3,29070016,29070018
1990|general|B07|29070|3,4,20,21,2,29070020,29070021
1990|general|B07|29070|3,5,26,26,1,29070026,29070026
1990|general|B07|29070|3,6,31,32,2,29070031,29070032
1990|general|B07|29070|3,7,47,47,1,29070047,29070047
1990|general|B07|29070|3,8,50,50,1,29070050,29070050
1990|general|B07|29070|3,9,53,53,1,29070053,29070053
1990|general|B07|29070|3,10,62,62,1,29070062,29070062
1990|general|B07|29070|3,11,64,64,1,29070064,29070064
1990|general|B07|29070|3,12,68,68,1,29070068,29070068
1990|general|B07|29070|3,13,70,70,1,29070070,29070070
1990|general|B07|29070|3,14,76,76,1,29070076,29070076
1990|general|B07|29070|3,15,82,82,1,29070082,29070082
1990|general|B07|29070|3,16,84,84,1,29070084,29070084
1990|general|B07|29070|3,17,86,86,1,29070086,29070086
1990|general|B07|29070|3,18,94,94,1,29070094,29070094
1990|general|B07|29070|3,19,101,102,2,29070101,29070102
1990|general|B07|29070|3,20,104,104,1,29070104,29070104
1990|general|B07|29070|3,21,109,110,2,29070109,29070110
1990|general|B08|29070|3,1,268,290,23,29070268,29070290
1990|general|B08|29070|3,2,292,312,21,29070292,29070312
1990|regional|B01|29060|3,1,1,2,2,29060001,29060002
1990|regional|B01|29060|3,2,8,8,1,29060008,29060008
1990|regional|B01|29060|3,3,10,10,1,29060010,29060010
1990|regional|B04|29060|3,1,11,12,2,29060011,29060012
1990|regional|B05|29060|3,1,9,9,1,29060009,29060009
1990|regional|B06|29060|3,1,15,15,1,29060015,29060015
1990|regional|B07|29060|3,1,3,7,5,29060003,29060007
1990|regional|B08|29060|3,1,13,14,2,29060013,29060014
1990|special|B01|29080|3,1,2,2,1,29080002,29080002
1990|special|B02|29050|3,1,184,184,1,29050184,29050184
1990|special|B03|29080|3,1,3,4,2,29080003,29080004
1990|special|B04|29080|3,1,1,1,1,29080001,29080001
1990|special|B04|29080|3,2,7,7,1,29080007,29080007
1990|special|B05|29080|3,1,5,6,2,29080005,29080006
1990|special|B08|29080|3,1,8,9,2,29080008,29080009
1990|youth_c|B01|29000|3,1,2,2,1,29000002,29000002
1990|youth_c|B01|29000|3,2,4,5,2,29000004,29000005
1990|youth_c|B01|29000|3,3,9,9,1,29000009,29000009
1990|youth_c|B02|29000|3,1,1,1,1,29000001,29000001
1990|youth_c|B02|29000|3,2,11,11,1,29000011,29000011
1990|youth_c|B02|29000|3,3,13,14,2,29000013,29000014
1990|youth_c|B02|29000|3,4,16,16,1,29000016,29000016
1990|youth_c|B03|29000|3,1,6,6,1,29000006,29000006
1990|youth_c|B03|29000|3,2,10,10,1,29000010,29000010
1990|youth_c|B03|29000|3,3,12,12,1,29000012,29000012
1990|youth_c|B03|29000|3,4,15,15,1,29000015,29000015
1990|youth_c|B04|29000|3,1,17,17,1,29000017,29000017
1990|youth_c|B04|29000|3,2,19,20,2,29000019,29000020
1990|youth_c|B04|29000|3,3,22,26,5,29000022,29000026
1990|youth_c|B05|29000|3,1,8,8,1,29000008,29000008
1990|youth_c|B05|29000|3,2,18,18,1,29000018,29000018
1990|youth_c|B05|29000|3,3,21,21,1,29000021,29000021
1990|youth_c|B06|29000|3,1,35,36,2,29000035,29000036
1990|youth_c|B07|29000|3,1,3,3,1,29000003,29000003
1990|youth_c|B07|29000|3,2,7,7,1,29000007,29000007
1990|youth_c|B08|29000|3,1,27,34,8,29000027,29000034
1991|general|B01|29170|3,1,2,5,4,29170002,29170005
1991|general|B01|29170|3,2,7,7,1,29170007,29170007
1991|general|B01|29170|3,3,10,11,2,29170010,29170011
1991|general|B01|29170|3,4,13,15,3,29170013,29170015
1991|general|B01|29170|3,5,17,19,3,29170017,29170019
1991|general|B01|29170|3,6,23,23,1,29170023,29170023
1991|general|B01|29170|3,7,32,32,1,29170032,29170032
1991|general|B01|29170|3,8,36,36,1,29170036,29170036
1991|general|B01|29170|3,9,42,42,1,29170042,29170042
1991|general|B01|29170|3,10,44,44,1,29170044,29170044
1991|general|B01|29170|3,11,46,47,2,29170046,29170047
1991|general|B01|29170|3,12,49,49,1,29170049,29170049
1991|general|B01|29170|3,13,51,53,3,29170051,29170053
1991|general|B01|29170|3,14,55,55,1,29170055,29170055
1991|general|B01|29170|3,15,57,60,4,29170057,29170060
1991|general|B01|29170|3,16,62,63,2,29170062,29170063
1991|general|B01|29170|3,17,65,67,3,29170065,29170067
1991|general|B01|29170|3,18,69,71,3,29170069,29170071
1991|general|B01|29170|3,19,73,74,2,29170073,29170074
1991|general|B01|29170|3,20,76,76,1,29170076,29170076
1991|general|B01|29170|3,21,78,79,2,29170078,29170079
1991|general|B01|29170|3,22,81,82,2,29170081,29170082
1991|general|B01|29170|3,23,85,85,1,29170085,29170085
1991|general|B01|29170|3,24,87,87,1,29170087,29170087
1991|general|B01|29170|3,25,91,93,3,29170091,29170093
1991|general|B01|29170|3,26,95,96,2,29170095,29170096
1991|general|B01|29170|3,27,98,99,2,29170098,29170099
1991|general|B01|29170|3,28,172,172,1,29170172,29170172
1991|general|B01|29170|3,29,184,185,2,29170184,29170185
1991|general|B01|29170|3,30,189,189,1,29170189,29170189
1991|general|B01|29170|3,31,198,198,1,29170198,29170198
1991|general|B01|29170|3,32,204,204,1,29170204,29170204
1991|general|B02|29170|3,1,22,22,1,29170022,29170022
1991|general|B02|29170|3,2,103,109,7,29170103,29170109
1991|general|B02|29170|3,3,115,118,4,29170115,29170118
1991|general|B02|29170|3,4,120,122,3,29170120,29170122
1991|general|B02|29170|3,5,125,130,6,29170125,29170130
1991|general|B02|29170|3,6,132,133,2,29170132,29170133
1991|general|B02|29170|3,7,135,135,1,29170135,29170135
1991|general|B02|29170|3,8,137,138,2,29170137,29170138
1991|general|B02|29170|3,9,140,140,1,29170140,29170140
1991|general|B02|29170|3,10,144,145,2,29170144,29170145
1991|general|B02|29170|3,11,147,147,1,29170147,29170147
1991|general|B02|29170|3,12,149,151,3,29170149,29170151
1991|general|B02|29170|3,13,153,153,1,29170153,29170153
1991|general|B02|29170|3,14,157,157,1,29170157,29170157
1991|general|B02|29170|3,15,162,165,4,29170162,29170165
1991|general|B03|29170|3,1,1,1,1,29170001,29170001
1991|general|B03|29170|3,2,21,21,1,29170021,29170021
1991|general|B03|29170|3,3,25,27,3,29170025,29170027
1991|general|B03|29170|3,4,31,31,1,29170031,29170031
1991|general|B03|29170|3,5,33,34,2,29170033,29170034
1991|general|B03|29170|3,6,37,37,1,29170037,29170037
1991|general|B03|29170|3,7,56,56,1,29170056,29170056
1991|general|B03|29170|3,8,77,77,1,29170077,29170077
1991|general|B03|29170|3,9,102,102,1,29170102,29170102
1991|general|B03|29170|3,10,110,114,5,29170110,29170114
1991|general|B03|29170|3,11,119,119,1,29170119,29170119
1991|general|B03|29170|3,12,123,124,2,29170123,29170124
1991|general|B03|29170|3,13,131,131,1,29170131,29170131
1991|general|B03|29170|3,14,134,134,1,29170134,29170134
1991|general|B03|29170|3,15,136,136,1,29170136,29170136
1991|general|B03|29170|3,16,139,139,1,29170139,29170139
1991|general|B03|29170|3,17,141,143,3,29170141,29170143
1991|general|B03|29170|3,18,146,146,1,29170146,29170146
1991|general|B03|29170|3,19,148,148,1,29170148,29170148
1991|general|B03|29170|3,20,152,152,1,29170152,29170152
1991|general|B03|29170|3,21,154,156,3,29170154,29170156
1991|general|B03|29170|3,22,158,161,4,29170158,29170161
1991|general|B03|29170|3,23,166,168,3,29170166,29170168
1991|general|B03|29170|3,24,191,191,1,29170191,29170191
1991|general|B03|29170|3,25,195,195,1,29170195,29170195
1991|general|B03|29170|3,26,202,202,1,29170202,29170202
1991|general|B03|29170|3,27,219,219,1,29170219,29170219
1991|general|B03|29170|3,28,230,230,1,29170230,29170230
1991|general|B03|29170|3,29,242,242,1,29170242,29170242
1991|general|B04|29170|3,1,64,64,1,29170064,29170064
1991|general|B04|29170|3,2,170,171,2,29170170,29170171
1991|general|B04|29170|3,3,181,181,1,29170181,29170181
1991|general|B04|29170|3,4,190,190,1,29170190,29170190
1991|general|B04|29170|3,5,192,192,1,29170192,29170192
1991|general|B04|29170|3,6,200,200,1,29170200,29170200
1991|general|B04|29170|3,7,203,203,1,29170203,29170203
1991|general|B04|29170|3,8,205,218,14,29170205,29170218
1991|general|B04|29170|3,9,220,229,10,29170220,29170229
1991|general|B04|29170|3,10,231,241,11,29170231,29170241
1991|general|B04|29170|3,11,243,246,4,29170243,29170246
1991|general|B05|29170|3,1,41,41,1,29170041,29170041
1991|general|B05|29170|3,2,48,48,1,29170048,29170048
1991|general|B05|29170|3,3,68,68,1,29170068,29170068
1991|general|B05|29170|3,4,75,75,1,29170075,29170075
1991|general|B05|29170|3,5,80,80,1,29170080,29170080
1991|general|B05|29170|3,6,94,94,1,29170094,29170094
1991|general|B05|29170|3,7,169,169,1,29170169,29170169
1991|general|B05|29170|3,8,173,180,8,29170173,29170180
1991|general|B05|29170|3,9,182,183,2,29170182,29170183
1991|general|B05|29170|3,10,186,188,3,29170186,29170188
1991|general|B05|29170|3,11,193,194,2,29170193,29170194
1991|general|B05|29170|3,12,196,197,2,29170196,29170197
1991|general|B05|29170|3,13,199,199,1,29170199,29170199
1991|general|B05|29170|3,14,201,201,1,29170201,29170201
1991|general|B06|29170|3,1,8,9,2,29170008,29170009
1991|general|B06|29170|3,2,28,29,2,29170028,29170029
1991|general|B06|29170|3,3,35,35,1,29170035,29170035
1991|general|B06|29170|3,4,296,314,19,29170296,29170314
1991|general|B07|29170|3,1,6,6,1,29170006,29170006
1991|general|B07|29170|3,2,12,12,1,29170012,29170012
1991|general|B07|29170|3,3,16,16,1,29170016,29170016
1991|general|B07|29170|3,4,20,20,1,29170020,29170020
1991|general|B07|29170|3,5,24,24,1,29170024,29170024
1991|general|B07|29170|3,6,30,30,1,29170030,29170030
1991|general|B07|29170|3,7,38,40,3,29170038,29170040
1991|general|B07|29170|3,8,43,43,1,29170043,29170043
1991|general|B07|29170|3,9,45,45,1,29170045,29170045
1991|general|B07|29170|3,10,50,50,1,29170050,29170050
1991|general|B07|29170|3,11,54,54,1,29170054,29170054
1991|general|B07|29170|3,12,61,61,1,29170061,29170061
1991|general|B07|29170|3,13,72,72,1,29170072,29170072
1991|general|B07|29170|3,14,83,84,2,29170083,29170084
1991|general|B07|29170|3,15,86,86,1,29170086,29170086
1991|general|B07|29170|3,16,88,90,3,29170088,29170090
1991|general|B07|29170|3,17,97,97,1,29170097,29170097
1991|general|B07|29170|3,18,100,101,2,29170100,29170101
1991|general|B08|29170|3,1,247,295,49,29170247,29170295
1991|key|B01|29131|3,1,10,17,8,29131010,29131017
1991|key|B01|29131|3,2,24,24,1,29131024,29131024
1991|key|B01|29132|3,1,30,33,4,29132030,29132033
1991|key|B01|29132|3,2,35,36,2,29132035,29132036
1991|key|B01|29132|3,3,38,38,1,29132038,29132038
1991|key|B01|29132|3,4,50,51,2,29132050,29132051
1991|key|B01|29134|3,1,102,103,2,29134102,29134103
1991|key|B02|29133|3,1,72,72,1,29133072,29133072
1991|key|B02|29133|3,2,75,76,2,29133075,29133076
1991|key|B02|29133|3,3,78,83,6,29133078,29133083
1991|key|B03|29131|3,1,20,23,4,29131020,29131023
1991|key|B03|29133|3,1,60,64,5,29133060,29133064
1991|key|B03|29133|3,2,66,66,1,29133066,29133066
1991|key|B03|29133|3,3,70,71,2,29133070,29133071
1991|key|B03|29133|3,4,73,74,2,29133073,29133074
1991|key|B03|29133|3,5,77,77,1,29133077,29133077
1991|key|B03|29135|3,1,120,123,4,29135120,29135123
1991|key|B04|29135|3,1,110,113,4,29135110,29135113
1991|key|B05|29134|3,1,90,93,4,29134090,29134093
1991|key|B05|29134|3,2,100,101,2,29134100,29134101
1991|key|B07|29132|3,1,34,34,1,29132034,29132034
1991|key|B07|29132|3,2,37,37,1,29132037,29132037
1991|key|B07|29132|3,3,40,40,1,29132040,29132040
1991|key|B07|29132|3,4,52,54,3,29132052,29132054
1991|key|B08|29136|3,1,130,133,4,29136130,29136133
1991|key|B08|29136|3,2,140,143,4,29136140,29136143
1991|key|B08|29136|3,3,150,153,4,29136150,29136153
1991|regional|B01|29160|3,1,1,7,7,29160001,29160007
1991|regional|B03|29160|3,1,8,10,3,29160008,29160010
1991|regional|B04|29160|3,1,13,13,1,29160013,29160013
1991|regional|B05|29160|3,1,11,12,2,29160011,29160012
1991|regional|B08|29160|3,1,14,17,4,29160014,29160017
1991|special|B01|29180|3,1,6,6,1,29180006,29180006
1991|special|B01|29180|3,2,12,12,1,29180012,29180012
1991|special|B02|29180|3,1,1,1,1,29180001,29180001
1991|special|B02|29180|3,2,3,3,1,29180003,29180003
1991|special|B03|29140|3,1,2,2,1,29140002,29140002
1991|special|B03|29180|3,1,10,10,1,29180010,29180010
1991|special|B04|29180|3,1,11,11,1,29180011,29180011
1991|special|B05|29180|3,1,4,5,2,29180004,29180005
1991|special|B07|29140|3,1,1,1,1,29140001,29140001
1991|special|B07|29180|3,1,2,2,1,29180002,29180002
1991|special|B07|29180|3,2,9,9,1,29180009,29180009
1991|special|B08|29180|3,1,7,8,2,29180007,29180008
1991|youth_c|B01|29100|3,1,1,10,10,29100001,29100010
1991|youth_c|B03|29100|3,1,11,18,8,29100011,29100018
1991|youth_c|B03|29100|3,2,36,38,3,29100036,29100038
1991|youth_c|B04|29100|3,1,23,26,4,29100023,29100026
1991|youth_c|B05|29100|3,1,19,22,4,29100019,29100022
1991|youth_c|B06|29100|3,1,35,35,1,29100035,29100035
1991|youth_c|B08|29100|3,1,27,34,8,29100027,29100034
1992|general|B01|29271|3,1,1,2,2,29271001,29271002
1992|general|B01|29271|3,2,5,7,3,29271005,29271007
1992|general|B01|29271|3,3,11,11,1,29271011,29271011
1992|general|B01|29271|3,4,13,15,3,29271013,29271015
1992|general|B01|29271|3,5,17,17,1,29271017,29271017
1992|general|B01|29271|3,6,19,21,3,29271019,29271021
1992|general|B01|29271|3,7,23,24,2,29271023,29271024
1992|general|B01|29271|3,8,26,31,6,29271026,29271031
1992|general|B01|29271|3,9,33,33,1,29271033,29271033
1992|general|B01|29272|3,1,35,35,1,29272035,29272035
1992|general|B01|29272|3,2,37,41,5,29272037,29272041
1992|general|B01|29272|3,3,45,45,1,29272045,29272045
1992|general|B01|29272|3,4,47,47,1,29272047,29272047
1992|general|B01|29272|3,5,49,52,4,29272049,29272052
1992|general|B01|29272|3,6,55,55,1,29272055,29272055
1992|general|B01|29272|3,7,58,58,1,29272058,29272058
1992|general|B01|29272|3,8,60,61,2,29272060,29272061
1992|general|B01|29272|3,9,66,68,3,29272066,29272068
1992|general|B01|29272|3,10,73,73,1,29272073,29272073
1992|general|B01|29272|3,11,75,78,4,29272075,29272078
1992|general|B01|29272|3,12,88,88,1,29272088,29272088
1992|general|B01|29274|3,1,151,152,2,29274151,29274152
1992|general|B01|29274|3,2,156,156,1,29274156,29274156
1992|general|B01|29274|3,3,162,162,1,29274162,29274162
1992|general|B01|29274|3,4,165,167,3,29274165,29274167
1992|general|B01|29274|3,5,169,169,1,29274169,29274169
1992|general|B01|29274|3,6,171,171,1,29274171,29274171
1992|general|B01|29274|3,7,179,179,1,29274179,29274179
1992|general|B01|29274|3,8,182,182,1,29274182,29274182
1992|general|B01|29274|3,9,189,190,2,29274189,29274190
1992|general|B02|29273|3,1,91,94,4,29273091,29273094
1992|general|B02|29273|3,2,96,96,1,29273096,29273096
1992|general|B02|29273|3,3,98,100,3,29273098,29273100
1992|general|B02|29273|3,4,105,105,1,29273105,29273105
1992|general|B02|29273|3,5,107,107,1,29273107,29273107
1992|general|B02|29273|3,6,109,109,1,29273109,29273109
1992|general|B02|29273|3,7,111,112,2,29273111,29273112
1992|general|B02|29273|3,8,114,115,2,29273114,29273115
1992|general|B02|29273|3,9,117,117,1,29273117,29273117
1992|general|B02|29273|3,10,119,119,1,29273119,29273119
1992|general|B02|29273|3,11,122,123,2,29273122,29273123
1992|general|B02|29273|3,12,125,125,1,29273125,29273125
1992|general|B02|29273|3,13,129,134,6,29273129,29273134
1992|general|B02|29273|3,14,136,136,1,29273136,29273136
1992|general|B02|29273|3,15,139,139,1,29273139,29273139
1992|general|B02|29273|3,16,144,146,3,29273144,29273146
1992|general|B02|29273|3,17,150,150,1,29273150,29273150
1992|general|B03|29271|3,1,10,10,1,29271010,29271010
1992|general|B03|29271|3,2,34,34,1,29271034,29271034
1992|general|B03|29272|3,1,43,43,1,29272043,29272043
1992|general|B03|29272|3,2,70,70,1,29272070,29272070
1992|general|B03|29273|3,1,90,90,1,29273090,29273090
1992|general|B03|29273|3,2,95,95,1,29273095,29273095
1992|general|B03|29273|3,3,97,97,1,29273097,29273097
1992|general|B03|29273|3,4,101,104,4,29273101,29273104
1992|general|B03|29273|3,5,106,106,1,29273106,29273106
1992|general|B03|29273|3,6,108,108,1,29273108,29273108
1992|general|B03|29273|3,7,110,110,1,29273110,29273110
1992|general|B03|29273|3,8,113,113,1,29273113,29273113
1992|general|B03|29273|3,9,116,116,1,29273116,29273116
1992|general|B03|29273|3,10,118,118,1,29273118,29273118
1992|general|B03|29273|3,11,120,120,1,29273120,29273120
1992|general|B03|29273|3,12,124,124,1,29273124,29273124
1992|general|B03|29273|3,13,126,128,3,29273126,29273128
1992|general|B03|29273|3,14,135,135,1,29273135,29273135
1992|general|B03|29273|3,15,137,138,2,29273137,29273138
1992|general|B03|29273|3,16,140,143,4,29273140,29273143
1992|general|B03|29273|3,17,147,149,3,29273147,29273149
1992|general|B03|29274|3,1,177,177,1,29274177,29274177
1992|general|B03|29274|3,2,184,184,1,29274184,29274184
1992|general|B03|29274|3,3,192,192,1,29274192,29274192
1992|general|B03|29275|3,1,199,199,1,29275199,29275199
1992|general|B03|29275|3,2,209,209,1,29275209,29275209
1992|general|B04|29271|3,1,3,4,2,29271003,29271004
1992|general|B04|29271|3,2,9,9,1,29271009,29271009
1992|general|B04|29272|3,1,72,72,1,29272072,29272072
1992|general|B04|29274|3,1,154,154,1,29274154,29274154
1992|general|B04|29274|3,2,163,163,1,29274163,29274163
1992|general|B04|29274|3,3,174,174,1,29274174,29274174
1992|general|B04|29274|3,4,178,178,1,29274178,29274178
1992|general|B04|29274|3,5,183,183,1,29274183,29274183
1992|general|B04|29274|3,6,185,186,2,29274185,29274186
1992|general|B04|29275|3,1,193,198,6,29275193,29275198
1992|general|B04|29275|3,2,200,208,9,29275200,29275208
1992|general|B04|29275|3,3,210,226,17,29275210,29275226
1992|general|B05|29272|3,1,53,54,2,29272053,29272054
1992|general|B05|29272|3,2,56,56,1,29272056,29272056
1992|general|B05|29272|3,3,64,65,2,29272064,29272065
1992|general|B05|29274|3,1,153,153,1,29274153,29274153
1992|general|B05|29274|3,2,155,155,1,29274155,29274155
1992|general|B05|29274|3,3,157,161,5,29274157,29274161
1992|general|B05|29274|3,4,164,164,1,29274164,29274164
1992|general|B05|29274|3,5,168,168,1,29274168,29274168
1992|general|B05|29274|3,6,170,170,1,29274170,29274170
1992|general|B05|29274|3,7,172,173,2,29274172,29274173
1992|general|B05|29274|3,8,175,176,2,29274175,29274176
1992|general|B05|29274|3,9,180,181,2,29274180,29274181
1992|general|B05|29274|3,10,187,188,2,29274187,29274188
1992|general|B05|29274|3,11,191,191,1,29274191,29274191
1992|general|B06|29271|3,1,8,8,1,29271008,29271008
1992|general|B06|29277|3,1,266,282,17,29277266,29277282
1992|general|B07|29271|3,1,12,12,1,29271012,29271012
1992|general|B07|29271|3,2,16,16,1,29271016,29271016
1992|general|B07|29271|3,3,18,18,1,29271018,29271018
1992|general|B07|29271|3,4,22,22,1,29271022,29271022
1992|general|B07|29271|3,5,25,25,1,29271025,29271025
1992|general|B07|29271|3,6,32,32,1,29271032,29271032
1992|general|B07|29272|3,1,36,36,1,29272036,29272036
1992|general|B07|29272|3,2,42,42,1,29272042,29272042
1992|general|B07|29272|3,3,44,44,1,29272044,29272044
1992|general|B07|29272|3,4,46,46,1,29272046,29272046
1992|general|B07|29272|3,5,48,48,1,29272048,29272048
1992|general|B07|29272|3,6,57,57,1,29272057,29272057
1992|general|B07|29272|3,7,59,59,1,29272059,29272059
1992|general|B07|29272|3,8,62,63,2,29272062,29272063
1992|general|B07|29272|3,9,69,69,1,29272069,29272069
1992|general|B07|29272|3,10,71,71,1,29272071,29272071
1992|general|B07|29272|3,11,74,74,1,29272074,29272074
1992|general|B07|29272|3,12,79,87,9,29272079,29272087
1992|general|B07|29272|3,13,89,89,1,29272089,29272089
1992|general|B07|29273|3,1,121,121,1,29273121,29273121
1992|general|B08|29276|3,1,227,265,39,29276227,29276265
1992|key|B01|29232|3,1,10,10,1,29232010,29232010
1992|key|B01|29232|3,2,30,30,1,29232030,29232030
1992|key|B01|29232|3,3,40,41,2,29232040,29232041
1992|key|B01|29232|3,4,43,43,1,29232043,29232043
1992|key|B01|29234|3,1,92,93,2,29234092,29234093
1992|key|B02|29233|3,1,50,52,3,29233050,29233052
1992|key|B02|29233|3,2,70,73,4,29233070,29233073
1992|key|B03|29233|3,1,53,53,1,29233053,29233053
1992|key|B03|29233|3,2,60,62,3,29233060,29233062
1992|key|B03|29233|3,3,82,82,1,29233082,29233082
1992|key|B04|29233|3,1,80,81,2,29233080,29233081
1992|key|B04|29235|3,1,100,103,4,29235100,29235103
1992|key|B04|29235|3,2,110,113,4,29235110,29235113
1992|key|B05|29234|3,1,90,91,2,29234090,29234091
1992|key|B05|29236|3,1,120,121,2,29236120,29236121
1992|key|B05|29236|3,2,123,123,1,29236123,29236123
1992|key|B06|29237|3,1,160,162,3,29237160,29237162
1992|key|B07|29232|3,1,20,22,3,29232020,29232022
1992|key|B07|29232|3,2,42,42,1,29232042,29232042
1992|key|B08|29236|3,1,122,122,1,29236122,29236122
1992|key|B08|29236|3,2,130,133,4,29236130,29236133
1992|key|B08|29236|3,3,140,142,3,29236140,29236142
1992|key|B08|29236|3,4,150,153,4,29236150,29236153
1992|regional|B01|29261|3,1,1,1,1,29261001,29261001
1992|regional|B01|29261|3,2,3,3,1,29261003,29261003
1992|regional|B01|29262|3,1,8,8,1,29262008,29262008
1992|regional|B01|29264|3,1,11,11,1,29264011,29264011
1992|regional|B02|29263|3,1,10,10,1,29263010,29263010
1992|regional|B03|29261|3,1,2,2,1,29261002,29261002
1992|regional|B04|29265|3,1,12,12,1,29265012,29265012
1992|regional|B06|29267|3,1,14,14,1,29267014,29267014
1992|regional|B07|29261|3,1,4,4,1,29261004,29261004
1992|regional|B07|29262|3,1,5,7,3,29262005,29262007
1992|regional|B07|29262|3,2,9,9,1,29262009,29262009
1992|regional|B08|29266|3,1,13,13,1,29266013,29266013
1992|special|B01|29222|3,1,2,2,1,29222002,29222002
1992|special|B01|29222|3,2,5,5,1,29222005,29222005
1992|special|B01|29251|3,1,1,1,1,29251001,29251001
1992|special|B02|29283|3,1,4,4,1,29283004,29283004
1992|special|B03|29243|3,1,2,3,2,29243002,29243003
1992|special|B03|29253|3,1,2,2,1,29253002,29253002
1992|special|B04|29281|3,1,1,1,1,29281001,29281001
1992|special|B05|29244|3,1,1,1,1,29244001,29244001
1992|special|B05|29282|3,1,2,2,1,29282002,29282002
1992|special|B05|29284|3,1,6,6,1,29284006,29284006
1992|special|B07|29222|3,1,1,1,1,29222001,29222001
1992|special|B07|29222|3,2,3,4,2,29222003,29222004
1992|special|B07|29281|3,1,5,5,1,29281005,29281005
1992|special|B08|29223|3,1,1,1,1,29223001,29223001
1992|special|B08|29286|3,1,3,3,1,29286003,29286003
1992|youth_c|B01|29201|3,1,2,2,1,29201002,29201002
1992|youth_c|B01|29201|3,2,4,5,2,29201004,29201005
1992|youth_c|B01|29202|3,1,7,10,4,29202007,29202010
1992|youth_c|B01|29202|3,2,14,14,1,29202014,29202014
1992|youth_c|B01|29202|3,3,16,16,1,29202016,29202016
1992|youth_c|B01|29204|3,1,26,27,2,29204026,29204027
1992|youth_c|B01|29204|3,2,31,31,1,29204031,29204031
1992|youth_c|B02|29203|3,1,18,21,4,29203018,29203021
1992|youth_c|B03|29203|3,1,17,17,1,29203017,29203017
1992|youth_c|B03|29203|3,2,22,25,4,29203022,29203025
1992|youth_c|B03|29204|3,1,32,32,1,29204032,29204032
1992|youth_c|B04|29202|3,1,11,11,1,29202011,29202011
1992|youth_c|B04|29204|3,1,29,29,1,29204029,29204029
1992|youth_c|B04|29205|3,1,34,37,4,29205034,29205037
1992|youth_c|B05|29201|3,1,1,1,1,29201001,29201001
1992|youth_c|B05|29204|3,1,28,28,1,29204028,29204028
1992|youth_c|B05|29204|3,2,30,30,1,29204030,29204030
1992|youth_c|B05|29204|3,3,33,33,1,29204033,29204033
1992|youth_c|B06|29207|3,1,47,48,2,29207047,29207048
1992|youth_c|B07|29201|3,1,3,3,1,29201003,29201003
1992|youth_c|B07|29202|3,1,6,6,1,29202006,29202006
1992|youth_c|B07|29202|3,2,12,13,2,29202012,29202013
1992|youth_c|B07|29202|3,3,15,15,1,29202015,29202015
1992|youth_c|B08|29206|3,1,38,46,9,29206038,29206046
1993|general|B01|29371|3,1,1,1,1,29371001,29371001
1993|general|B01|29371|3,2,6,9,4,29371006,29371009
1993|general|B01|29371|3,3,11,16,6,29371011,29371016
1993|general|B01|29371|3,4,18,21,4,29371018,29371021
1993|general|B01|29371|3,5,24,24,1,29371024,29371024
1993|general|B01|29371|3,6,26,27,2,29371026,29371027
1993|general|B01|29371|3,7,29,29,1,29371029,29371029
1993|general|B01|29372|3,1,34,35,2,29372034,29372035
1993|general|B01|29372|3,2,38,39,2,29372038,29372039
1993|general|B01|29372|3,3,43,44,2,29372043,29372044
1993|general|B01|29372|3,4,47,47,1,29372047,29372047
1993|general|B01|29372|3,5,49,52,4,29372049,29372052
1993|general|B01|29372|3,6,54,56,3,29372054,29372056
1993|general|B01|29372|3,7,58,58,1,29372058,29372058
1993|general|B01|29372|3,8,62,67,6,29372062,29372067
1993|general|B01|29372|3,9,72,72,1,29372072,29372072
1993|general|B01|29372|3,10,75,76,2,29372075,29372076
1993|general|B01|29372|3,11,78,78,1,29372078,29372078
1993|general|B01|29372|3,12,80,82,3,29372080,29372082
1993|general|B01|29372|3,13,88,88,1,29372088,29372088
1993|general|B01|29374|3,1,150,150,1,29374150,29374150
1993|general|B01|29374|3,2,153,154,2,29374153,29374154
1993|general|B01|29374|3,3,158,160,3,29374158,29374160
1993|general|B01|29374|3,4,169,169,1,29374169,29374169
1993|general|B01|29374|3,5,171,173,3,29374171,29374173
1993|general|B01|29374|3,6,178,178,1,29374178,29374178
1993|general|B01|29374|3,7,180,180,1,29374180,29374180
1993|general|B01|29374|3,8,186,187,2,29374186,29374187
1993|general|B02|29373|3,1,89,89,1,29373089,29373089
1993|general|B02|29373|3,2,91,92,2,29373091,29373092
1993|general|B02|29373|3,3,95,95,1,29373095,29373095
1993|general|B02|29373|3,4,97,103,7,29373097,29373103
1993|general|B02|29373|3,5,105,106,2,29373105,29373106
1993|general|B02|29373|3,6,109,110,2,29373109,29373110
1993|general|B02|29373|3,7,112,114,3,29373112,29373114
1993|general|B02|29373|3,8,116,117,2,29373116,29373117
1993|general|B02|29373|3,9,119,119,1,29373119,29373119
1993|general|B02|29373|3,10,123,123,1,29373123,29373123
1993|general|B02|29373|3,11,125,127,3,29373125,29373127
1993|general|B02|29373|3,12,129,130,2,29373129,29373130
1993|general|B02|29373|3,13,135,135,1,29373135,29373135
1993|general|B02|29373|3,14,142,145,4,29373142,29373145
1993|general|B03|29371|3,1,2,2,1,29371002,29371002
1993|general|B03|29371|3,2,4,5,2,29371004,29371005
1993|general|B03|29371|3,3,10,10,1,29371010,29371010
1993|general|B03|29371|3,4,23,23,1,29371023,29371023
1993|general|B03|29371|3,5,28,28,1,29371028,29371028
1993|general|B03|29371|3,6,30,31,2,29371030,29371031
1993|general|B03|29372|3,1,41,41,1,29372041,29372041
1993|general|B03|29372|3,2,57,57,1,29372057,29372057
1993|general|B03|29372|3,3,69,69,1,29372069,29372069
1993|general|B03|29373|3,1,90,90,1,29373090,29373090
1993|general|B03|29373|3,2,93,94,2,29373093,29373094
1993|general|B03|29373|3,3,96,96,1,29373096,29373096
1993|general|B03|29373|3,4,104,104,1,29373104,29373104
1993|general|B03|29373|3,5,107,108,2,29373107,29373108
1993|general|B03|29373|3,6,111,111,1,29373111,29373111
1993|general|B03|29373|3,7,115,115,1,29373115,29373115
1993|general|B03|29373|3,8,118,118,1,29373118,29373118
1993|general|B03|29373|3,9,120,122,3,29373120,29373122
1993|general|B03|29373|3,10,124,124,1,29373124,29373124
1993|general|B03|29373|3,11,128,128,1,29373128,29373128
1993|general|B03|29373|3,12,131,134,4,29373131,29373134
1993|general|B03|29373|3,13,136,141,6,29373136,29373141
1993|general|B03|29373|3,14,146,149,4,29373146,29373149
1993|general|B03|29374|3,1,156,157,2,29374156,29374157
1993|general|B03|29374|3,2,170,170,1,29374170,29374170
1993|general|B03|29374|3,3,177,177,1,29374177,29374177
1993|general|B03|29374|3,4,179,179,1,29374179,29374179
1993|general|B03|29375|3,1,193,193,1,29375193,29375193
1993|general|B03|29375|3,2,195,195,1,29375195,29375195
1993|general|B03|29375|3,3,197,197,1,29375197,29375197
1993|general|B03|29375|3,4,201,201,1,29375201,29375201
1993|general|B03|29375|3,5,204,205,2,29375204,29375205
1993|general|B03|29375|3,6,211,211,1,29375211,29375211
1993|general|B04|29372|3,1,46,46,1,29372046,29372046
1993|general|B04|29372|3,2,68,68,1,29372068,29372068
1993|general|B04|29372|3,3,73,73,1,29372073,29372073
1993|general|B04|29374|3,1,152,152,1,29374152,29374152
1993|general|B04|29374|3,2,168,168,1,29374168,29374168
1993|general|B04|29375|3,1,188,192,5,29375188,29375192
1993|general|B04|29375|3,2,194,194,1,29375194,29375194
1993|general|B04|29375|3,3,196,196,1,29375196,29375196
1993|general|B04|29375|3,4,198,200,3,29375198,29375200
1993|general|B04|29375|3,5,202,203,2,29375202,29375203
1993|general|B04|29375|3,6,206,210,5,29375206,29375210
1993|general|B04|29375|3,7,212,222,11,29375212,29375222
1993|general|B05|29372|3,1,37,37,1,29372037,29372037
1993|general|B05|29372|3,2,42,42,1,29372042,29372042
1993|general|B05|29372|3,3,70,70,1,29372070,29372070
1993|general|B05|29372|3,4,79,79,1,29372079,29372079
1993|general|B05|29372|3,5,84,84,1,29372084,29372084
1993|general|B05|29374|3,1,151,151,1,29374151,29374151
1993|general|B05|29374|3,2,155,155,1,29374155,29374155
1993|general|B05|29374|3,3,161,164,4,29374161,29374164
1993|general|B05|29374|3,4,166,167,2,29374166,29374167
1993|general|B05|29374|3,5,174,176,3,29374174,29374176
1993|general|B05|29374|3,6,181,185,5,29374181,29374185
1993|general|B06|29376|3,1,254,254,1,29376254,29376254
1993|general|B06|29377|3,1,267,286,20,29377267,29377286
1993|general|B07|29371|3,1,3,3,1,29371003,29371003
1993|general|B07|29371|3,2,17,17,1,29371017,29371017
1993|general|B07|29371|3,3,22,22,1,29371022,29371022
1993|general|B07|29371|3,4,25,25,1,29371025,29371025
1993|general|B07|29371|3,5,33,33,1,29371033,29371033
1993|general|B07|29372|3,1,36,36,1,29372036,29372036
1993|general|B07|29372|3,2,40,40,1,29372040,29372040
1993|general|B07|29372|3,3,45,45,1,29372045,29372045
1993|general|B07|29372|3,4,53,53,1,29372053,29372053
1993|general|B07|29372|3,5,59,61,3,29372059,29372061
1993|general|B07|29372|3,6,71,71,1,29372071,29372071
1993|general|B07|29372|3,7,74,74,1,29372074,29372074
1993|general|B07|29372|3,8,77,77,1,29372077,29372077
1993|general|B07|29372|3,9,83,83,1,29372083,29372083
1993|general|B07|29372|3,10,85,87,3,29372085,29372087
1993|general|B08|29372|3,1,48,48,1,29372048,29372048
1993|general|B08|29376|3,1,223,253,31,29376223,29376253
1993|general|B08|29376|3,2,255,266,12,29376255,29376266
1993|general|B09|29374|3,1,165,165,1,29374165,29374165
1993|key|B01|29331|3,1,20,23,4,29331020,29331023
1993|key|B03|29333|3,1,30,33,4,29333030,29333033
1993|key|B06|29331|3,1,10,12,3,29331010,29331012
1993|key|B07|29331|3,1,13,13,1,29331013,29331013
1993|regional|B01|29361|3,1,1,2,2,29361001,29361002
1993|regional|B01|29362|3,1,7,7,1,29362007,29362007
1993|regional|B01|29364|3,1,10,10,1,29364010,29364010
1993|regional|B02|29363|3,1,9,9,1,29363009,29363009
1993|regional|B03|29365|3,1,11,11,1,29365011,29365011
1993|regional|B06|29367|3,1,14,14,1,29367014,29367014
1993|regional|B07|29362|3,1,3,6,4,29362003,29362006
1993|regional|B07|29363|3,1,8,8,1,29363008,29363008
1993|regional|B08|29366|3,1,12,13,2,29366012,29366013
1993|special|B01|29322|3,1,1,1,1,29322001,29322001
1993|special|B01|29344|3,1,4,4,1,29344004,29344004
1993|special|B01|29344|3,2,6,6,1,29344006,29344006
1993|special|B01|29381|3,1,1,1,1,29381001,29381001
1993|special|B01|29382|3,1,2,3,2,29382002,29382003
1993|special|B02|29343|3,1,1,2,2,29343001,29343002
1993|special|B02|29383|3,1,4,4,1,29383004,29383004
1993|special|B03|29353|3,1,2,2,1,29353002,29353002
1993|special|B03|29383|3,1,5,5,1,29383005,29383005
1993|special|B05|29344|3,1,5,5,1,29344005,29344005
1993|special|B05|29384|3,1,6,7,2,29384006,29384007
1993|special|B07|29322|3,1,2,3,2,29322002,29322003
1993|special|B08|29346|3,1,3,3,1,29346003,29346003
1993|special|B08|29356|3,1,1,1,1,29356001,29356001
1993|special|B08|29386|3,1,8,8,1,29386008,29386008
1993|youth_c|B01|29301|3,1,1,3,3,29301001,29301003
1993|youth_c|B01|29301|3,2,5,5,1,29301005,29301005
1993|youth_c|B01|29302|3,1,7,7,1,29302007,29302007
1993|youth_c|B01|29302|3,2,9,12,4,29302009,29302012
1993|youth_c|B01|29302|3,3,14,16,3,29302014,29302016
1993|youth_c|B02|29303|3,1,22,22,1,29303022,29303022
1993|youth_c|B02|29304|3,1,29,29,1,29304029,29304029
1993|youth_c|B03|29303|3,1,17,21,5,29303017,29303021
1993|youth_c|B03|29303|3,2,23,25,3,29303023,29303025
1993|youth_c|B03|29304|3,1,30,32,3,29304030,29304032
1993|youth_c|B04|29304|3,1,27,27,1,29304027,29304027
1993|youth_c|B04|29305|3,1,34,37,4,29305034,29305037
1993|youth_c|B05|29304|3,1,26,26,1,29304026,29304026
1993|youth_c|B05|29304|3,2,28,28,1,29304028,29304028
1993|youth_c|B05|29304|3,3,33,33,1,29304033,29304033
1993|youth_c|B06|29307|3,1,48,50,3,29307048,29307050
1993|youth_c|B07|29301|3,1,4,4,1,29301004,29301004
1993|youth_c|B07|29302|3,1,6,6,1,29302006,29302006
1993|youth_c|B07|29302|3,2,8,8,1,29302008,29302008
1993|youth_c|B07|29302|3,3,13,13,1,29302013,29302013
1993|youth_c|B08|29306|3,1,38,47,10,29306038,29306047
1994|general|B01|29471|3,1,2,6,5,29471002,29471006
1994|general|B01|29471|3,2,8,9,2,29471008,29471009
1994|general|B01|29471|3,3,11,11,1,29471011,29471011
1994|general|B01|29471|3,4,14,14,1,29471014,29471014
1994|general|B01|29471|3,5,16,17,2,29471016,29471017
1994|general|B01|29471|3,6,20,21,2,29471020,29471021
1994|general|B01|29471|3,7,23,26,4,29471023,29471026
1994|general|B01|29472|3,1,35,36,2,29472035,29472036
1994|general|B01|29472|3,2,38,39,2,29472038,29472039
1994|general|B01|29472|3,3,42,44,3,29472042,29472044
1994|general|B01|29472|3,4,46,52,7,29472046,29472052
1994|general|B01|29472|3,5,59,60,2,29472059,29472060
1994|general|B01|29472|3,6,62,64,3,29472062,29472064
1994|general|B01|29472|3,7,66,74,9,29472066,29472074
1994|general|B01|29472|3,8,76,76,1,29472076,29472076
1994|general|B01|29472|3,9,78,79,2,29472078,29472079
1994|general|B01|29472|3,10,81,81,1,29472081,29472081
1994|general|B01|29472|3,11,85,85,1,29472085,29472085
1994|general|B01|29474|3,1,149,149,1,29474149,29474149
1994|general|B01|29474|3,2,154,154,1,29474154,29474154
1994|general|B01|29474|3,3,156,156,1,29474156,29474156
1994|general|B01|29474|3,4,160,160,1,29474160,29474160
1994|general|B01|29474|3,5,162,162,1,29474162,29474162
1994|general|B01|29474|3,6,165,166,2,29474165,29474166
1994|general|B01|29474|3,7,169,170,2,29474169,29474170
1994|general|B01|29474|3,8,175,175,1,29474175,29474175
1994|general|B01|29474|3,9,178,178,1,29474178,29474178
1994|general|B01|29474|3,10,180,180,1,29474180,29474180
1994|general|B01|29474|3,11,183,184,2,29474183,29474184
1994|general|B02|29473|3,1,88,88,1,29473088,29473088
1994|general|B02|29473|3,2,90,92,3,29473090,29473092
1994|general|B02|29473|3,3,95,98,4,29473095,29473098
1994|general|B02|29473|3,4,100,101,2,29473100,29473101
1994|general|B02|29473|3,5,103,103,1,29473103,29473103
1994|general|B02|29473|3,6,109,114,6,29473109,29473114
1994|general|B02|29473|3,7,116,118,3,29473116,29473118
1994|general|B02|29473|3,8,121,126,6,29473121,29473126
1994|general|B02|29473|3,9,129,129,1,29473129,29473129
1994|general|B02|29473|3,10,131,132,2,29473131,29473132
1994|general|B02|29473|3,11,135,136,2,29473135,29473136
1994|general|B02|29473|3,12,138,138,1,29473138,29473138
1994|general|B02|29473|3,13,144,145,2,29473144,29473145
1994|general|B02|29473|3,14,147,147,1,29473147,29473147
1994|general|B03|29471|3,1,1,1,1,29471001,29471001
1994|general|B03|29471|3,2,12,12,1,29471012,29471012
1994|general|B03|29471|3,3,22,22,1,29471022,29471022
1994|general|B03|29471|3,4,31,31,1,29471031,29471031
1994|general|B03|29472|3,1,37,37,1,29472037,29472037
1994|general|B03|29472|3,2,53,55,3,29472053,29472055
1994|general|B03|29472|3,3,61,61,1,29472061,29472061
1994|general|B03|29472|3,4,75,75,1,29472075,29472075
1994|general|B03|29473|3,1,87,87,1,29473087,29473087
1994|general|B03|29473|3,2,89,89,1,29473089,29473089
1994|general|B03|29473|3,3,93,94,2,29473093,29473094
1994|general|B03|29473|3,4,99,99,1,29473099,29473099
1994|general|B03|29473|3,5,102,102,1,29473102,29473102
1994|general|B03|29473|3,6,104,108,5,29473104,29473108
1994|general|B03|29473|3,7,119,120,2,29473119,29473120
1994|general|B03|29473|3,8,127,128,2,29473127,29473128
1994|general|B03|29473|3,9,130,130,1,29473130,29473130
1994|general|B03|29473|3,10,133,133,1,29473133,29473133
1994|general|B03|29473|3,11,137,137,1,29473137,29473137
1994|general|B03|29473|3,12,139,143,5,29473139,29473143
1994|general|B03|29473|3,13,146,146,1,29473146,29473146
1994|general|B03|29474|3,1,152,153,2,29474152,29474153
1994|general|B03|29474|3,2,158,158,1,29474158,29474158
1994|general|B03|29474|3,3,163,163,1,29474163,29474163
1994|general|B03|29474|3,4,168,168,1,29474168,29474168
1994|general|B03|29474|3,5,172,172,1,29474172,29474172
1994|general|B03|29474|3,6,185,185,1,29474185,29474185
1994|general|B03|29475|3,1,193,193,1,29475193,29475193
1994|general|B03|29475|3,2,200,200,1,29475200,29475200
1994|general|B03|29475|3,3,208,208,1,29475208,29475208
1994|general|B03|29475|3,4,210,210,1,29475210,29475210
1994|general|B04|29472|3,1,45,45,1,29472045,29472045
1994|general|B04|29474|3,1,179,179,1,29474179,29474179
1994|general|B04|29475|3,1,186,192,7,29475186,29475192
1994|general|B04|29475|3,2,194,199,6,29475194,29475199
1994|general|B04|29475|3,3,201,207,7,29475201,29475207
1994|general|B04|29475|3,4,209,209,1,29475209,29475209
1994|general|B04|29475|3,5,211,220,10,29475211,29475220
1994|general|B05|29472|3,1,58,58,1,29472058,29472058
1994|general|B05|29472|3,2,77,77,1,29472077,29472077
1994|general|B05|29474|3,1,148,148,1,29474148,29474148
1994|general|B05|29474|3,2,150,151,2,29474150,29474151
1994|general|B05|29474|3,3,155,155,1,29474155,29474155
1994|general|B05|29474|3,4,157,157,1,29474157,29474157
1994|general|B05|29474|3,5,159,159,1,29474159,29474159
1994|general|B05|29474|3,6,161,161,1,29474161,29474161
1994|general|B05|29474|3,7,164,164,1,29474164,29474164
1994|general|B05|29474|3,8,167,167,1,29474167,29474167
1994|general|B05|29474|3,9,171,171,1,29474171,29474171
1994|general|B05|29474|3,10,173,174,2,29474173,29474174
1994|general|B05|29474|3,11,176,177,2,29474176,29474177
1994|general|B05|29474|3,12,181,182,2,29474181,29474182
1994|general|B06|29471|3,1,10,10,1,29471010,29471010
1994|general|B06|29477|3,1,265,286,22,29477265,29477286
1994|general|B07|29471|3,1,7,7,1,29471007,29471007
1994|general|B07|29471|3,2,13,13,1,29471013,29471013
1994|general|B07|29471|3,3,15,15,1,29471015,29471015
1994|general|B07|29471|3,4,18,19,2,29471018,29471019
1994|general|B07|29471|3,5,27,30,4,29471027,29471030
1994|general|B07|29471|3,6,32,32,1,29471032,29471032
1994|general|B07|29472|3,1,33,34,2,29472033,29472034
1994|general|B07|29472|3,2,40,41,2,29472040,29472041
1994|general|B07|29472|3,3,56,57,2,29472056,29472057
1994|general|B07|29472|3,4,65,65,1,29472065,29472065
1994|general|B07|29472|3,5,80,80,1,29472080,29472080
1994|general|B07|29472|3,6,82,84,3,29472082,29472084
1994|general|B07|29472|3,7,86,86,1,29472086,29472086
1994|general|B07|29473|3,1,115,115,1,29473115,29473115
1994|general|B08|29476|3,1,221,264,44,29476221,29476264
1994|key|B03|29434|3,1,12,13,2,29434012,29434013
1994|key|B05|29434|3,1,10,11,2,29434010,29434011
1994|key|B05|29434|3,2,20,23,4,29434020,29434023
1994|regional|B01|29461|3,1,2,3,2,29461002,29461003
1994|regional|B01|29464|3,1,11,11,1,29464011,29464011
1994|regional|B02|29463|3,1,10,10,1,29463010,29463010
1994|regional|B03|29462|3,1,6,6,1,29462006,29462006
1994|regional|B04|29461|3,1,1,1,1,29461001,29461001
1994|regional|B06|29467|3,1,14,14,1,29467014,29467014
1994|regional|B07|29462|3,1,4,5,2,29462004,29462005
1994|regional|B07|29462|3,2,7,9,3,29462007,29462009
1994|regional|B08|29466|3,1,12,13,2,29466012,29466013
1994|special|B01|29422|3,1,2,3,2,29422002,29422003
1994|special|B01|29441|3,1,2,2,1,29441002,29441002
1994|special|B01|29442|3,1,2,2,1,29442002,29442002
1994|special|B01|29442|3,2,10,10,1,29442010,29442010
1994|special|B01|29444|3,1,3,4,2,29444003,29444004
1994|special|B01|29444|3,2,6,6,1,29444006,29444006
1994|special|B01|29481|3,1,1,2,2,29481001,29481002
1994|special|B01|29484|3,1,7,7,1,29484007,29484007
1994|special|B02|29453|3,1,1,1,1,29453001,29453001
1994|special|B02|29483|3,1,5,5,1,29483005,29483005
1994|special|B03|29443|3,1,1,1,1,29443001,29443001
1994|special|B03|29443|3,2,9,9,1,29443009,29443009
1994|special|B03|29453|3,1,2,2,1,29453002,29453002
1994|special|B03|29483|3,1,4,4,1,29483004,29483004
1994|special|B04|29485|3,1,9,9,1,29485009,29485009
1994|special|B05|29444|3,1,5,5,1,29444005,29444005
1994|special|B05|29484|3,1,6,6,1,29484006,29484006
1994|special|B05|29484|3,2,8,8,1,29484008,29484008
1994|special|B07|29422|3,1,1,1,1,29422001,29422001
1994|special|B07|29422|3,2,4,4,1,29422004,29422004
1994|special|B07|29441|3,1,11,11,1,29441011,29441011
1994|special|B07|29482|3,1,3,3,1,29482003,29482003
1994|special|B08|29442|3,1,7,7,1,29442007,29442007
1994|special|B08|29486|3,1,10,11,2,29486010,29486011
1994|youth_c|B01|29401|3,1,2,5,4,29401002,29401005
1994|youth_c|B01|29402|3,1,7,7,1,29402007,29402007
1994|youth_c|B01|29402|3,2,10,10,1,29402010,29402010
1994|youth_c|B01|29402|3,3,12,12,1,29402012,29402012
1994|youth_c|B01|29402|3,4,14,14,1,29402014,29402014
1994|youth_c|B01|29402|3,5,17,17,1,29402017,29402017
1994|youth_c|B01|29404|3,1,35,35,1,29404035,29404035
1994|youth_c|B02|29403|3,1,19,20,2,29403019,29403020
1994|youth_c|B02|29403|3,2,22,23,2,29403022,29403023
1994|youth_c|B02|29403|3,3,26,26,1,29403026,29403026
1994|youth_c|B03|29401|3,1,6,6,1,29401006,29401006
1994|youth_c|B03|29402|3,1,18,18,1,29402018,29402018
1994|youth_c|B03|29403|3,1,21,21,1,29403021,29403021
1994|youth_c|B03|29403|3,2,24,25,2,29403024,29403025
1994|youth_c|B03|29403|3,3,27,27,1,29403027,29403027
1994|youth_c|B03|29404|3,1,30,30,1,29404030,29404030
1994|youth_c|B03|29405|3,1,36,36,1,29405036,29405036
1994|youth_c|B04|29404|3,1,33,33,1,29404033,29404033
1994|youth_c|B04|29405|3,1,37,40,4,29405037,29405040
1994|youth_c|B05|29402|3,1,11,11,1,29402011,29402011
1994|youth_c|B05|29404|3,1,28,29,2,29404028,29404029
1994|youth_c|B05|29404|3,2,31,32,2,29404031,29404032
1994|youth_c|B06|29401|3,1,1,1,1,29401001,29401001
1994|youth_c|B06|29407|3,1,51,54,4,29407051,29407054
1994|youth_c|B07|29402|3,1,8,9,2,29402008,29402009
1994|youth_c|B07|29402|3,2,15,16,2,29402015,29402016
1994|youth_c|B08|29406|3,1,41,50,10,29406041,29406050
1994|youth_c|B09|29404|3,1,34,34,1,29404034,29404034
1995|general|B01|29571|3,1,1,1,1,29571001,29571001
1995|general|B01|29571|3,2,4,4,1,29571004,29571004
1995|general|B01|29571|3,3,8,9,2,29571008,29571009
1995|general|B01|29571|3,4,11,14,4,29571011,29571014
1995|general|B01|29571|3,5,16,16,1,29571016,29571016
1995|general|B01|29571|3,6,18,20,3,29571018,29571020
1995|general|B01|29571|3,7,26,26,1,29571026,29571026
1995|general|B01|29571|3,8,29,31,3,29571029,29571031
1995|general|B01|29571|3,9,33,33,1,29571033,29571033
1995|general|B01|29572|3,1,34,35,2,29572034,29572035
1995|general|B01|29572|3,2,39,39,1,29572039,29572039
1995|general|B01|29572|3,3,41,41,1,29572041,29572041
1995|general|B01|29572|3,4,46,47,2,29572046,29572047
1995|general|B01|29572|3,5,49,54,6,29572049,29572054
1995|general|B01|29572|3,6,56,56,1,29572056,29572056
1995|general|B01|29572|3,7,59,63,5,29572059,29572063
1995|general|B01|29572|3,8,65,65,1,29572065,29572065
1995|general|B01|29572|3,9,68,69,2,29572068,29572069
1995|general|B01|29572|3,10,72,72,1,29572072,29572072
1995|general|B01|29572|3,11,76,76,1,29572076,29572076
1995|general|B01|29572|3,12,79,86,8,29572079,29572086
1995|general|B01|29574|3,1,155,155,1,29574155,29574155
1995|general|B01|29574|3,2,161,162,2,29574161,29574162
1995|general|B01|29574|3,3,166,166,1,29574166,29574166
1995|general|B01|29574|3,4,169,169,1,29574169,29574169
1995|general|B01|29574|3,5,172,172,1,29574172,29574172
1995|general|B01|29574|3,6,174,174,1,29574174,29574174
1995|general|B01|29574|3,7,177,178,2,29574177,29574178
1995|general|B01|29574|3,8,183,183,1,29574183,29574183
1995|general|B01|29574|3,9,188,189,2,29574188,29574189
1995|general|B02|29573|3,1,89,89,1,29573089,29573089
1995|general|B02|29573|3,2,91,91,1,29573091,29573091
1995|general|B02|29573|3,3,93,94,2,29573093,29573094
1995|general|B02|29573|3,4,99,100,2,29573099,29573100
1995|general|B02|29573|3,5,103,103,1,29573103,29573103
1995|general|B02|29573|3,6,105,105,1,29573105,29573105
1995|general|B02|29573|3,7,107,108,2,29573107,29573108
1995|general|B02|29573|3,8,111,111,1,29573111,29573111
1995|general|B02|29573|3,9,113,116,4,29573113,29573116
1995|general|B02|29573|3,10,122,122,1,29573122,29573122
1995|general|B02|29573|3,11,128,128,1,29573128,29573128
1995|general|B02|29573|3,12,130,131,2,29573130,29573131
1995|general|B02|29573|3,13,134,135,2,29573134,29573135
1995|general|B02|29573|3,14,137,137,1,29573137,29573137
1995|general|B02|29573|3,15,139,139,1,29573139,29573139
1995|general|B02|29573|3,16,141,143,3,29573141,29573143
1995|general|B02|29573|3,17,145,145,1,29573145,29573145
1995|general|B02|29573|3,18,149,149,1,29573149,29573149
1995|general|B02|29574|3,1,167,167,1,29574167,29574167
1995|general|B02|29574|3,2,180,180,1,29574180,29574180
1995|general|B02|29575|3,1,218,218,1,29575218,29575218
1995|general|B02|29575|3,2,220,220,1,29575220,29575220
1995|general|B03|29571|3,1,2,2,1,29571002,29571002
1995|general|B03|29571|3,2,10,10,1,29571010,29571010
1995|general|B03|29571|3,3,22,22,1,29571022,29571022
1995|general|B03|29571|3,4,24,25,2,29571024,29571025
1995|general|B03|29571|3,5,27,28,2,29571027,29571028
1995|general|B03|29572|3,1,38,38,1,29572038,29572038
1995|general|B03|29572|3,2,66,67,2,29572066,29572067
1995|general|B03|29572|3,3,71,71,1,29572071,29572071
1995|general|B03|29572|3,4,74,74,1,29572074,29572074
1995|general|B03|29573|3,1,90,90,1,29573090,29573090
1995|general|B03|29573|3,2,92,92,1,29573092,29573092
1995|general|B03|29573|3,3,95,96,2,29573095,29573096
1995|general|B03|29573|3,4,98,98,1,29573098,29573098
1995|general|B03|29573|3,5,101,102,2,29573101,29573102
1995|general|B03|29573|3,6,104,104,1,29573104,29573104
1995|general|B03|29573|3,7,106,106,1,29573106,29573106
1995|general|B03|29573|3,8,109,110,2,29573109,29573110
1995|general|B03|29573|3,9,112,112,1,29573112,29573112
1995|general|B03|29573|3,10,117,121,5,29573117,29573121
1995|general|B03|29573|3,11,123,127,5,29573123,29573127
1995|general|B03|29573|3,12,132,133,2,29573132,29573133
1995|general|B03|29573|3,13,136,136,1,29573136,29573136
1995|general|B03|29573|3,14,138,138,1,29573138,29573138
1995|general|B03|29573|3,15,140,140,1,29573140,29573140
1995|general|B03|29573|3,16,144,144,1,29573144,29573144
1995|general|B03|29573|3,17,146,148,3,29573146,29573148
1995|general|B03|29574|3,1,151,151,1,29574151,29574151
1995|general|B03|29574|3,2,154,154,1,29574154,29574154
1995|general|B03|29574|3,3,165,165,1,29574165,29574165
1995|general|B03|29574|3,4,171,171,1,29574171,29574171
1995|general|B03|29574|3,5,181,181,1,29574181,29574181
1995|general|B03|29574|3,6,184,184,1,29574184,29574184
1995|general|B03|29575|3,1,196,196,1,29575196,29575196
1995|general|B03|29575|3,2,200,200,1,29575200,29575200
1995|general|B03|29575|3,3,203,203,1,29575203,29575203
1995|general|B04|29571|3,1,3,3,1,29571003,29571003
1995|general|B04|29574|3,1,150,150,1,29574150,29574150
1995|general|B04|29575|3,1,190,195,6,29575190,29575195
1995|general|B04|29575|3,2,197,199,3,29575197,29575199
1995|general|B04|29575|3,3,201,202,2,29575201,29575202
1995|general|B04|29575|3,4,204,217,14,29575204,29575217
1995|general|B04|29575|3,5,219,219,1,29575219,29575219
1995|general|B04|29575|3,6,221,223,3,29575221,29575223
1995|general|B05|29571|3,1,32,32,1,29571032,29571032
1995|general|B05|29572|3,1,36,36,1,29572036,29572036
1995|general|B05|29572|3,2,44,44,1,29572044,29572044
1995|general|B05|29572|3,3,55,55,1,29572055,29572055
1995|general|B05|29572|3,4,78,78,1,29572078,29572078
1995|general|B05|29574|3,1,152,153,2,29574152,29574153
1995|general|B05|29574|3,2,156,159,4,29574156,29574159
1995|general|B05|29574|3,3,163,164,2,29574163,29574164
1995|general|B05|29574|3,4,168,168,1,29574168,29574168
1995|general|B05|29574|3,5,170,170,1,29574170,29574170
1995|general|B05|29574|3,6,173,173,1,29574173,29574173
1995|general|B05|29574|3,7,175,175,1,29574175,29574175
1995|general|B05|29574|3,8,179,179,1,29574179,29574179
1995|general|B05|29574|3,9,182,182,1,29574182,29574182
1995|general|B05|29574|3,10,186,187,2,29574186,29574187
1995|general|B06|29571|3,1,5,6,2,29571005,29571006
1995|general|B06|29573|3,1,129,129,1,29573129,29573129
1995|general|B06|29577|3,1,268,292,25,29577268,29577292
1995|general|B07|29571|3,1,7,7,1,29571007,29571007
1995|general|B07|29571|3,2,15,15,1,29571015,29571015
1995|general|B07|29571|3,3,17,17,1,29571017,29571017
1995|general|B07|29571|3,4,21,21,1,29571021,29571021
1995|general|B07|29571|3,5,23,23,1,29571023,29571023
1995|general|B07|29572|3,1,37,37,1,29572037,29572037
1995|general|B07|29572|3,2,40,40,1,29572040,29572040
1995|general|B07|29572|3,3,42,42,1,29572042,29572042
1995|general|B07|29572|3,4,45,45,1,29572045,29572045
1995|general|B07|29572|3,5,48,48,1,29572048,29572048
1995|general|B07|29572|3,6,57,58,2,29572057,29572058
1995|general|B07|29572|3,7,64,64,1,29572064,29572064
1995|general|B07|29572|3,8,70,70,1,29572070,29572070
1995|general|B07|29572|3,9,73,73,1,29572073,29572073
1995|general|B07|29572|3,10,75,75,1,29572075,29572075
1995|general|B07|29572|3,11,77,77,1,29572077,29572077
1995|general|B07|29572|3,12,87,88,2,29572087,29572088
1995|general|B07|29573|3,1,97,97,1,29573097,29573097
1995|general|B08|29572|3,1,43,43,1,29572043,29572043
1995|general|B08|29576|3,1,224,267,44,29576224,29576267
1995|general|B09|29574|3,1,160,160,1,29574160,29574160
1995|general|B09|29574|3,2,176,176,1,29574176,29574176
1995|regional|B01|29561|3,1,1,2,2,29561001,29561002
1995|regional|B01|29562|3,1,3,3,1,29562003,29562003
1995|regional|B01|29562|3,2,5,5,1,29562005,29562005
1995|regional|B01|29564|3,1,8,8,1,29564008,29564008
1995|regional|B02|29563|3,1,7,7,1,29563007,29563007
1995|regional|B04|29565|3,1,9,9,1,29565009,29565009
1995|regional|B06|29567|3,1,11,11,1,29567011,29567011
1995|regional|B07|29562|3,1,4,4,1,29562004,29562004
1995|regional|B07|29562|3,2,6,6,1,29562006,29562006
1995|regional|B08|29566|3,1,10,10,1,29566010,29566010
1995|special|B01|29541|3,1,3,3,1,29541003,29541003
1995|special|B01|29541|3,2,9,9,1,29541009,29541009
1995|special|B01|29542|3,1,10,10,1,29542010,29542010
1995|special|B01|29544|3,1,4,4,1,29544004,29544004
1995|special|B01|29551|3,1,2,2,1,29551002,29551002
1995|special|B01|29552|3,1,1,1,1,29552001,29552001
1995|special|B01|29582|3,1,1,2,2,29582001,29582002
1995|special|B02|29543|3,1,3,3,1,29543003,29543003
1995|special|B02|29543|3,2,8,8,1,29543008,29543008
1995|special|B02|29543|3,3,11,11,1,29543011,29543011
1995|special|B03|29523|3,1,1,1,1,29523001,29523001
1995|special|B03|29542|3,1,6,6,1,29542006,29542006
1995|special|B03|29543|3,1,1,1,1,29543001,29543001
1995|special|B03|29543|3,2,12,12,1,29543012,29543012
1995|special|B04|29545|3,1,6,6,1,29545006,29545006
1995|special|B04|29545|3,2,15,15,1,29545015,29545015
1995|special|B05|29544|3,1,13,13,1,29544013,29544013
1995|special|B05|29584|3,1,3,3,1,29584003,29584003
1995|special|B05|29584|3,2,5,5,1,29584005,29584005
1995|special|B06|29545|3,1,14,14,1,29545014,29545014
1995|special|B06|29555|3,1,3,3,1,29555003,29555003
1995|special|B07|29522|3,1,1,3,3,29522001,29522003
1995|special|B07|29541|3,1,1,2,2,29541001,29541002
1995|special|B07|29542|3,1,5,5,1,29542005,29542005
1995|special|B08|29546|3,1,3,3,1,29546003,29546003
1995|special|B08|29546|3,2,16,17,2,29546016,29546017
1995|special|B08|29586|3,1,4,4,1,29586004,29586004
1995|youth_c|B01|29501|3,1,1,5,5,29501001,29501005
1995|youth_c|B01|29502|3,1,6,6,1,29502006,29502006
1995|youth_c|B01|29502|3,2,8,10,3,29502008,29502010
1995|youth_c|B01|29502|3,3,12,13,2,29502012,29502013
1995|youth_c|B01|29502|3,4,15,15,1,29502015,29502015
1995|youth_c|B01|29504|3,1,29,33,5,29504029,29504033
1995|youth_c|B02|29503|3,1,17,18,2,29503017,29503018
1995|youth_c|B02|29503|3,2,21,22,2,29503021,29503022
1995|youth_c|B02|29503|3,3,24,24,1,29503024,29503024
1995|youth_c|B02|29503|3,4,26,26,1,29503026,29503026
1995|youth_c|B03|29503|3,1,16,16,1,29503016,29503016
1995|youth_c|B03|29503|3,2,19,20,2,29503019,29503020
1995|youth_c|B03|29503|3,3,23,23,1,29503023,29503023
1995|youth_c|B03|29503|3,4,25,25,1,29503025,29503025
1995|youth_c|B03|29504|3,1,27,28,2,29504027,29504028
1995|youth_c|B03|29504|3,2,35,35,1,29504035,29504035
1995|youth_c|B03|29505|3,1,37,37,1,29505037,29505037
1995|youth_c|B04|29505|3,1,36,36,1,29505036,29505036
1995|youth_c|B04|29505|3,2,38,38,1,29505038,29505038
1995|youth_c|B04|29505|3,3,40,40,1,29505040,29505040
1995|youth_c|B05|29504|3,1,34,34,1,29504034,29504034
1995|youth_c|B06|29507|3,1,51,54,4,29507051,29507054
1995|youth_c|B07|29502|3,1,7,7,1,29502007,29502007
1995|youth_c|B07|29502|3,2,14,14,1,29502014,29502014
1995|youth_c|B08|29502|3,1,11,11,1,29502011,29502011
1995|youth_c|B08|29506|3,1,41,50,10,29506041,29506050
1996|general|B01|29671|3,1,1,1,1,29671001,29671001
1996|general|B01|29671|3,2,3,5,3,29671003,29671005
1996|general|B01|29671|3,3,7,7,1,29671007,29671007
1996|general|B01|29671|3,4,9,13,5,29671009,29671013
1996|general|B01|29671|3,5,15,15,1,29671015,29671015
1996|general|B01|29671|3,6,17,18,2,29671017,29671018
1996|general|B01|29671|3,7,20,21,2,29671020,29671021
1996|general|B01|29671|3,8,26,28,3,29671026,29671028
1996|general|B01|29671|3,9,30,31,2,29671030,29671031
1996|general|B01|29671|3,10,34,35,2,29671034,29671035
1996|general|B01|29672|3,1,1,1,1,29672001,29672001
1996|general|B01|29672|3,2,4,8,5,29672004,29672008
1996|general|B01|29672|3,3,12,12,1,29672012,29672012
1996|general|B01|29672|3,4,14,16,3,29672014,29672016
1996|general|B01|29672|3,5,18,19,2,29672018,29672019
1996|general|B01|29672|3,6,23,23,1,29672023,29672023
1996|general|B01|29672|3,7,25,25,1,29672025,29672025
1996|general|B01|29672|3,8,27,27,1,29672027,29672027
1996|general|B01|29672|3,9,32,33,2,29672032,29672033
1996|general|B01|29672|3,10,38,44,7,29672038,29672044
1996|general|B01|29672|3,11,48,49,2,29672048,29672049
1996|general|B01|29674|3,1,1,2,2,29674001,29674002
1996|general|B01|29674|3,2,9,9,1,29674009,29674009
1996|general|B01|29674|3,3,16,16,1,29674016,29674016
1996|general|B01|29674|3,4,18,18,1,29674018,29674018
1996|general|B01|29674|3,5,23,24,2,29674023,29674024
1996|general|B01|29674|3,6,27,27,1,29674027,29674027
1996|general|B01|29674|3,7,36,37,2,29674036,29674037
1996|general|B01|29674|3,8,39,40,2,29674039,29674040
1996|general|B02|29671|3,1,6,6,1,29671006,29671006
1996|general|B02|29673|3,1,2,3,2,29673002,29673003
1996|general|B02|29673|3,2,5,6,2,29673005,29673006
1996|general|B02|29673|3,3,9,9,1,29673009,29673009
1996|general|B02|29673|3,4,11,13,3,29673011,29673013
1996|general|B02|29673|3,5,15,15,1,29673015,29673015
1996|general|B02|29673|3,6,17,17,1,29673017,29673017
1996|general|B02|29673|3,7,21,22,2,29673021,29673022
1996|general|B02|29673|3,8,25,25,1,29673025,29673025
1996|general|B02|29673|3,9,27,27,1,29673027,29673027
1996|general|B02|29673|3,10,30,36,7,29673030,29673036
1996|general|B02|29673|3,11,38,38,1,29673038,29673038
1996|general|B02|29673|3,12,40,43,4,29673040,29673043
1996|general|B02|29673|3,13,45,45,1,29673045,29673045
1996|general|B02|29673|3,14,48,48,1,29673048,29673048
1996|general|B02|29673|3,15,51,52,2,29673051,29673052
1996|general|B02|29673|3,16,54,54,1,29673054,29673054
1996|general|B02|29673|3,17,56,56,1,29673056,29673056
1996|general|B02|29673|3,18,59,59,1,29673059,29673059
1996|general|B02|29675|3,1,21,21,1,29675021,29675021
1996|general|B02|29675|3,2,25,25,1,29675025,29675025
1996|general|B02|29675|3,3,29,29,1,29675029,29675029
1996|general|B02|29675|3,4,31,31,1,29675031,29675031
1996|general|B03|29671|3,1,23,23,1,29671023,29671023
1996|general|B03|29671|3,2,25,25,1,29671025,29671025
1996|general|B03|29671|3,3,32,32,1,29671032,29671032
1996|general|B03|29672|3,1,3,3,1,29672003,29672003
1996|general|B03|29672|3,2,21,21,1,29672021,29672021
1996|general|B03|29672|3,3,31,31,1,29672031,29672031
1996|general|B03|29672|3,4,34,34,1,29672034,29672034
1996|general|B03|29672|3,5,46,46,1,29672046,29672046
1996|general|B03|29673|3,1,1,1,1,29673001,29673001
1996|general|B03|29673|3,2,4,4,1,29673004,29673004
1996|general|B03|29673|3,3,7,8,2,29673007,29673008
1996|general|B03|29673|3,4,10,10,1,29673010,29673010
1996|general|B03|29673|3,5,14,14,1,29673014,29673014
1996|general|B03|29673|3,6,16,16,1,29673016,29673016
1996|general|B03|29673|3,7,18,20,3,29673018,29673020
1996|general|B03|29673|3,8,23,24,2,29673023,29673024
1996|general|B03|29673|3,9,26,26,1,29673026,29673026
1996|general|B03|29673|3,10,28,29,2,29673028,29673029
1996|general|B03|29673|3,11,37,37,1,29673037,29673037
1996|general|B03|29673|3,12,39,39,1,29673039,29673039
1996|general|B03|29673|3,13,44,44,1,29673044,29673044
1996|general|B03|29673|3,14,46,47,2,29673046,29673047
1996|general|B03|29673|3,15,49,50,2,29673049,29673050
1996|general|B03|29673|3,16,53,53,1,29673053,29673053
1996|general|B03|29673|3,17,55,55,1,29673055,29673055
1996|general|B03|29673|3,18,57,58,2,29673057,29673058
1996|general|B03|29674|3,1,5,6,2,29674005,29674006
1996|general|B03|29674|3,2,11,11,1,29674011,29674011
1996|general|B03|29674|3,3,20,20,1,29674020,29674020
1996|general|B03|29674|3,4,26,26,1,29674026,29674026
1996|general|B03|29674|3,5,28,30,3,29674028,29674030
1996|general|B03|29674|3,6,34,34,1,29674034,29674034
1996|general|B03|29674|3,7,38,38,1,29674038,29674038
1996|general|B03|29675|3,1,13,13,1,29675013,29675013
1996|general|B03|29675|3,2,23,23,1,29675023,29675023
1996|general|B04|29671|3,1,22,22,1,29671022,29671022
1996|general|B04|29672|3,1,54,54,1,29672054,29672054
1996|general|B04|29674|3,1,7,7,1,29674007,29674007
1996|general|B04|29675|3,1,1,12,12,29675001,29675012
1996|general|B04|29675|3,2,14,20,7,29675014,29675020
1996|general|B04|29675|3,3,22,22,1,29675022,29675022
1996|general|B04|29675|3,4,24,24,1,29675024,29675024
1996|general|B04|29675|3,5,26,28,3,29675026,29675028
1996|general|B04|29675|3,6,30,30,1,29675030,29675030
1996|general|B04|29675|3,7,32,34,3,29675032,29675034
1996|general|B05|29672|3,1,13,13,1,29672013,29672013
1996|general|B05|29672|3,2,20,20,1,29672020,29672020
1996|general|B05|29672|3,3,24,24,1,29672024,29672024
1996|general|B05|29672|3,4,26,26,1,29672026,29672026
1996|general|B05|29672|3,5,29,29,1,29672029,29672029
1996|general|B05|29672|3,6,45,45,1,29672045,29672045
1996|general|B05|29674|3,1,3,4,2,29674003,29674004
1996|general|B05|29674|3,2,8,8,1,29674008,29674008
1996|general|B05|29674|3,3,10,10,1,29674010,29674010
1996|general|B05|29674|3,4,12,15,4,29674012,29674015
1996|general|B05|29674|3,5,17,17,1,29674017,29674017
1996|general|B05|29674|3,6,19,19,1,29674019,29674019
1996|general|B05|29674|3,7,21,22,2,29674021,29674022
1996|general|B05|29674|3,8,25,25,1,29674025,29674025
1996|general|B05|29674|3,9,31,33,3,29674031,29674033
1996|general|B05|29674|3,10,35,35,1,29674035,29674035
1996|general|B06|29671|3,1,16,16,1,29671016,29671016
1996|general|B06|29671|3,2,24,24,1,29671024,29671024
1996|general|B06|29671|3,3,33,33,1,29671033,29671033
1996|general|B06|29676|3,1,28,28,1,29676028,29676028
1996|general|B06|29677|3,1,1,28,28,29677001,29677028
1996|general|B07|29671|3,1,2,2,1,29671002,29671002
1996|general|B07|29671|3,2,8,8,1,29671008,29671008
1996|general|B07|29671|3,3,14,14,1,29671014,29671014
1996|general|B07|29671|3,4,19,19,1,29671019,29671019
1996|general|B07|29671|3,5,29,29,1,29671029,29671029
1996|general|B07|29672|3,1,2,2,1,29672002,29672002
1996|general|B07|29672|3,2,9,11,3,29672009,29672011
1996|general|B07|29672|3,3,17,17,1,29672017,29672017
1996|general|B07|29672|3,4,22,22,1,29672022,29672022
1996|general|B07|29672|3,5,28,28,1,29672028,29672028
1996|general|B07|29672|3,6,30,30,1,29672030,29672030
1996|general|B07|29672|3,7,35,37,3,29672035,29672037
1996|general|B07|29672|3,8,47,47,1,29672047,29672047
1996|general|B07|29672|3,9,50,53,4,29672050,29672053
1996|general|B08|29676|3,1,1,27,27,29676001,29676027
1996|general|B08|29676|3,2,29,45,17,29676029,29676045
1996|key|B01|29631|3,1,30,30,1,29631030,29631030
1996|key|B01|29631|3,2,40,40,1,29631040,29631040
1996|key|B01|29632|3,1,30,30,1,29632030,29632030
1996|key|B01|29634|3,1,10,10,1,29634010,29634010
1996|key|B02|29633|3,1,30,30,1,29633030,29633030
1996|key|B03|29631|3,1,20,20,1,29631020,29631020
1996|key|B03|29633|3,1,10,10,1,29633010,29633010
1996|key|B03|29633|3,2,20,20,1,29633020,29633020
1996|key|B04|29635|3,1,10,10,1,29635010,29635010
1996|key|B04|29635|3,2,20,20,1,29635020,29635020
1996|key|B05|29634|3,1,20,20,1,29634020,29634020
1996|key|B05|29634|3,2,30,30,1,29634030,29634030
1996|key|B06|29637|3,1,10,10,1,29637010,29637010
1996|key|B07|29631|3,1,10,10,1,29631010,29631010
1996|key|B07|29632|3,1,40,40,1,29632040,29632040
1996|key|B07|29632|3,2,50,50,1,29632050,29632050
1996|key|B07|29632|3,3,60,60,1,29632060,29632060
1996|key|B08|29636|3,1,10,10,1,29636010,29636010
1996|regional|B01|29661|3,1,1,2,2,29661001,29661002
1996|regional|B02|29663|3,1,1,1,1,29663001,29663001
1996|regional|B03|29662|3,1,4,4,1,29662004,29662004
1996|regional|B04|29665|3,1,1,1,1,29665001,29665001
1996|regional|B05|29662|3,1,3,3,1,29662003,29662003
1996|regional|B05|29664|3,1,1,1,1,29664001,29664001
1996|regional|B06|29667|3,1,1,1,1,29667001,29667001
1996|regional|B07|29662|3,1,1,2,2,29662001,29662002
1996|regional|B07|29662|3,2,5,5,1,29662005,29662005
1996|regional|B08|29666|3,1,1,1,1,29666001,29666001
1996|special|B01|29622|3,1,3,3,1,29622003,29622003
1996|special|B01|29641|3,1,1,1,1,29641001,29641001
1996|special|B01|29641|3,2,3,3,1,29641003,29641003
1996|special|B01|29682|3,1,1,1,1,29682001,29682001
1996|special|B01|29684|3,1,1,1,1,29684001,29684001
1996|special|B02|29643|3,1,1,1,1,29643001,29643001
1996|special|B03|29681|3,1,1,1,1,29681001,29681001
1996|special|B03|29683|3,1,1,1,1,29683001,29683001
1996|special|B07|29622|3,1,1,1,1,29622001,29622001
1996|special|B07|29622|3,2,6,6,1,29622006,29622006
1996|special|B08|29686|3,1,1,1,1,29686001,29686001
1996|youth_c|B01|29601|3,1,1,3,3,29601001,29601003
1996|youth_c|B01|29601|3,2,5,5,1,29601005,29601005
1996|youth_c|B01|29602|3,1,1,2,2,29602001,29602002
1996|youth_c|B01|29602|3,2,5,10,6,29602005,29602010
1996|youth_c|B01|29604|3,1,1,1,1,29604001,29604001
1996|youth_c|B01|29604|3,2,3,3,1,29604003,29604003
1996|youth_c|B01|29604|3,3,6,6,1,29604006,29604006
1996|youth_c|B02|29603|3,1,1,1,1,29603001,29603001
1996|youth_c|B02|29603|3,2,6,7,2,29603006,29603007
1996|youth_c|B02|29603|3,3,10,10,1,29603010,29603010
1996|youth_c|B03|29601|3,1,6,6,1,29601006,29601006
1996|youth_c|B03|29603|3,1,2,5,4,29603002,29603005
1996|youth_c|B03|29603|3,2,8,9,2,29603008,29603009
1996|youth_c|B03|29603|3,3,11,11,1,29603011,29603011
1996|youth_c|B03|29604|3,1,7,7,1,29604007,29604007
1996|youth_c|B04|29605|3,1,1,1,1,29605001,29605001
1996|youth_c|B04|29605|3,2,3,5,3,29605003,29605005
1996|youth_c|B05|29604|3,1,2,2,1,29604002,29604002
1996|youth_c|B05|29604|3,2,4,5,2,29604004,29604005
1996|youth_c|B05|29604|3,3,8,8,1,29604008,29604008
1996|youth_c|B06|29601|3,1,4,4,1,29601004,29601004
1996|youth_c|B06|29607|3,1,1,4,4,29607001,29607004
1996|youth_c|B07|29602|3,1,3,4,2,29602003,29602004
1996|youth_c|B08|29606|3,1,1,1,1,29606001,29606001
1996|youth_c|B08|29606|3,2,3,9,7,29606003,29606009
1996|youth_c|B08|29606|3,3,11,11,1,29606011,29606011
1996|youth_c|B09|29604|3,1,9,9,1,29604009,29604009
1997|general|B01|29771|3,1,1,1,1,29771001,29771001
1997|general|B01|29771|3,2,3,3,1,29771003,29771003
1997|general|B01|29771|3,3,5,6,2,29771005,29771006
1997|general|B01|29771|3,4,13,17,5,29771013,29771017
1997|general|B01|29771|3,5,20,21,2,29771020,29771021
1997|general|B01|29771|3,6,25,25,1,29771025,29771025
1997|general|B01|29771|3,7,27,30,4,29771027,29771030
1997|general|B01|29772|3,1,3,3,1,29772003,29772003
1997|general|B01|29772|3,2,6,7,2,29772006,29772007
1997|general|B01|29772|3,3,12,12,1,29772012,29772012
1997|general|B01|29772|3,4,14,14,1,29772014,29772014
1997|general|B01|29772|3,5,16,21,6,29772016,29772021
1997|general|B01|29772|3,6,23,23,1,29772023,29772023
1997|general|B01|29772|3,7,25,30,6,29772025,29772030
1997|general|B01|29772|3,8,32,33,2,29772032,29772033
1997|general|B01|29772|3,9,36,38,3,29772036,29772038
1997|general|B01|29772|3,10,40,44,5,29772040,29772044
1997|general|B01|29772|3,11,46,49,4,29772046,29772049
1997|general|B01|29772|3,12,52,52,1,29772052,29772052
1997|general|B01|29772|3,13,57,57,1,29772057,29772057
1997|general|B01|29774|3,1,14,14,1,29774014,29774014
1997|general|B01|29774|3,2,21,22,2,29774021,29774022
1997|general|B01|29774|3,3,27,29,3,29774027,29774029
1997|general|B01|29774|3,4,31,32,2,29774031,29774032
1997|general|B01|29774|3,5,39,39,1,29774039,29774039
1997|general|B02|29771|3,1,10,10,1,29771010,29771010
1997|general|B02|29771|3,2,24,24,1,29771024,29771024
1997|general|B02|29773|3,1,1,1,1,29773001,29773001
1997|general|B02|29773|3,2,4,4,1,29773004,29773004
1997|general|B02|29773|3,3,6,6,1,29773006,29773006
1997|general|B02|29773|3,4,8,9,2,29773008,29773009
1997|general|B02|29773|3,5,12,18,7,29773012,29773018
1997|general|B02|29773|3,6,20,21,2,29773020,29773021
1997|general|B02|29773|3,7,26,26,1,29773026,29773026
1997|general|B02|29773|3,8,28,32,5,29773028,29773032
1997|general|B02|29773|3,9,34,34,1,29773034,29773034
1997|general|B02|29773|3,10,37,39,3,29773037,29773039
1997|general|B02|29773|3,11,42,42,1,29773042,29773042
1997|general|B02|29773|3,12,46,47,2,29773046,29773047
1997|general|B02|29773|3,13,55,57,3,29773055,29773057
1997|general|B03|29771|3,1,2,2,1,29771002,29771002
1997|general|B03|29771|3,2,4,4,1,29771004,29771004
1997|general|B03|29771|3,3,7,9,3,29771007,29771009
1997|general|B03|29771|3,4,11,11,1,29771011,29771011
1997|general|B03|29771|3,5,32,32,1,29771032,29771032
1997|general|B03|29772|3,1,5,5,1,29772005,29772005
1997|general|B03|29772|3,2,11,11,1,29772011,29772011
1997|general|B03|29772|3,3,22,22,1,29772022,29772022
1997|general|B03|29773|3,1,2,3,2,29773002,29773003
1997|general|B03|29773|3,2,5,5,1,29773005,29773005
1997|general|B03|29773|3,3,7,7,1,29773007,29773007
1997|general|B03|29773|3,4,10,11,2,29773010,29773011
1997|general|B03|29773|3,5,19,19,1,29773019,29773019
1997|general|B03|29773|3,6,22,25,4,29773022,29773025
1997|general|B03|29773|3,7,27,27,1,29773027,29773027
1997|general|B03|29773|3,8,33,33,1,29773033,29773033
1997|general|B03|29773|3,9,35,36,2,29773035,29773036
1997|general|B03|29773|3,10,40,41,2,29773040,29773041
1997|general|B03|29773|3,11,43,45,3,29773043,29773045
1997|general|B03|29773|3,12,48,54,7,29773048,29773054
1997|general|B03|29773|3,13,58,59,2,29773058,29773059
1997|general|B03|29774|3,1,3,3,1,29774003,29774003
1997|general|B03|29774|3,2,7,7,1,29774007,29774007
1997|general|B03|29774|3,3,16,16,1,29774016,29774016
1997|general|B03|29774|3,4,20,20,1,29774020,29774020
1997|general|B03|29774|3,5,33,33,1,29774033,29774033
1997|general|B03|29775|3,1,15,15,1,29775015,29775015
1997|general|B03|29775|3,2,22,22,1,29775022,29775022
1997|general|B03|29775|3,3,33,33,1,29775033,29775033
1997|general|B04|29775|3,1,1,14,14,29775001,29775014
1997|general|B04|29775|3,2,16,21,6,29775016,29775021
1997|general|B04|29775|3,3,23,32,10,29775023,29775032
1997|general|B04|29775|3,4,34,35,2,29775034,29775035
1997|general|B05|29772|3,1,8,8,1,29772008,29772008
1997|general|B05|29772|3,2,50,50,1,29772050,29772050
1997|general|B05|29774|3,1,1,2,2,29774001,29774002
1997|general|B05|29774|3,2,4,6,3,29774004,29774006
1997|general|B05|29774|3,3,8,13,6,29774008,29774013
1997|general|B05|29774|3,4,15,15,1,29774015,29774015
1997|general|B05|29774|3,5,17,19,3,29774017,29774019
1997|general|B05|29774|3,6,23,26,4,29774023,29774026
1997|general|B05|29774|3,7,30,30,1,29774030,29774030
1997|general|B05|29774|3,8,34,35,2,29774034,29774035
1997|general|B05|29774|3,9,37,38,2,29774037,29774038
1997|general|B06|29771|3,1,26,26,1,29771026,29771026
1997|general|B06|29771|3,2,31,31,1,29771031,29771031
1997|general|B06|29777|3,1,1,30,30,29777001,29777030
1997|general|B07|29771|3,1,12,12,1,29771012,29771012
1997|general|B07|29771|3,2,18,19,2,29771018,29771019
1997|general|B07|29771|3,3,22,23,2,29771022,29771023
1997|general|B07|29771|3,4,33,34,2,29771033,29771034
1997|general|B07|29772|3,1,1,2,2,29772001,29772002
1997|general|B07|29772|3,2,4,4,1,29772004,29772004
1997|general|B07|29772|3,3,10,10,1,29772010,29772010
1997|general|B07|29772|3,4,15,15,1,29772015,29772015
1997|general|B07|29772|3,5,24,24,1,29772024,29772024
1997|general|B07|29772|3,6,31,31,1,29772031,29772031
1997|general|B07|29772|3,7,34,35,2,29772034,29772035
1997|general|B07|29772|3,8,39,39,1,29772039,29772039
1997|general|B07|29772|3,9,45,45,1,29772045,29772045
1997|general|B07|29772|3,10,51,51,1,29772051,29772051
1997|general|B07|29772|3,11,53,56,4,29772053,29772056
1997|general|B07|29772|3,12,58,58,1,29772058,29772058
1997|general|B08|29772|3,1,9,9,1,29772009,29772009
1997|general|B08|29772|3,2,13,13,1,29772013,29772013
1997|general|B08|29776|3,1,1,46,46,29776001,29776046
1997|general|B09|29774|3,1,36,36,1,29774036,29774036
1997|key|B01|29731|3,1,10,10,1,29731010,29731010
1997|key|B01|29732|3,1,50,50,1,29732050,29732050
1997|key|B01|29732|3,2,60,60,1,29732060,29732060
1997|key|B01|29734|3,1,120,120,1,29734120,29734120
1997|key|B01|29734|3,2,130,130,1,29734130,29734130
1997|key|B01|29734|3,3,140,140,1,29734140,29734140
1997|key|B02|29733|3,1,70,70,1,29733070,29733070
1997|key|B02|29733|3,2,110,110,1,29733110,29733110
1997|key|B03|29733|3,1,80,80,1,29733080,29733080
1997|key|B03|29733|3,2,90,90,1,29733090,29733090
1997|key|B03|29733|3,3,100,100,1,29733100,29733100
1997|key|B03|29735|3,1,150,150,1,29735150,29735150
1997|key|B04|29735|3,1,160,160,1,29735160,29735160
1997|key|B06|29731|3,1,20,20,1,29731020,29731020
1997|key|B07|29731|3,1,30,30,1,29731030,29731030
1997|key|B07|29732|3,1,40,40,1,29732040,29732040
1997|key|B08|29736|3,1,170,170,1,29736170,29736170
1997|key|B08|29736|3,2,180,180,1,29736180,29736180
1997|key|B08|29736|3,3,190,190,1,29736190,29736190
1997|regional|B01|29762|3,1,5,6,2,29762005,29762006
1997|regional|B03|29761|3,1,1,1,1,29761001,29761001
1997|regional|B03|29763|3,1,1,2,2,29763001,29763002
1997|regional|B03|29765|3,1,1,1,1,29765001,29765001
1997|regional|B05|29764|3,1,1,1,1,29764001,29764001
1997|regional|B06|29767|3,1,1,1,1,29767001,29767001
1997|regional|B07|29761|3,1,2,2,1,29761002,29761002
1997|regional|B07|29762|3,1,1,3,3,29762001,29762003
1997|regional|B08|29766|3,1,1,4,4,29766001,29766004
1997|special|B01|29741|3,1,1,2,2,29741001,29741002
1997|special|B01|29742|3,1,1,1,1,29742001,29742001
1997|special|B01|29781|3,1,1,1,1,29781001,29781001
1997|special|B02|29743|3,1,1,3,3,29743001,29743003
1997|special|B02|29783|3,1,1,1,1,29783001,29783001
1997|special|B03|29741|3,1,4,4,1,29741004,29741004
1997|special|B03|29742|3,1,2,2,1,29742002,29742002
1997|special|B04|29745|3,1,1,2,2,29745001,29745002
1997|special|B05|29744|3,1,1,1,1,29744001,29744001
1997|special|B05|29784|3,1,1,1,1,29784001,29784001
1997|special|B07|29741|3,1,3,3,1,29741003,29741003
1997|special|B08|29746|3,1,1,2,2,29746001,29746002
1997|youth_c|B01|29701|3,1,2,3,2,29701002,29701003
1997|youth_c|B01|29701|3,2,6,6,1,29701006,29701006
1997|youth_c|B01|29702|3,1,2,2,1,29702002,29702002
1997|youth_c|B01|29702|3,2,4,4,1,29702004,29702004
1997|youth_c|B01|29702|3,3,9,10,2,29702009,29702010
1997|youth_c|B01|29704|3,1,1,2,2,29704001,29704002
1997|youth_c|B01|29704|3,2,5,5,1,29704005,29704005
1997|youth_c|B02|29703|3,1,2,2,1,29703002,29703002
1997|youth_c|B02|29703|3,2,4,6,3,29703004,29703006
1997|youth_c|B02|29703|3,3,8,8,1,29703008,29703008
1997|youth_c|B02|29703|3,4,10,10,1,29703010,29703010
1997|youth_c|B03|29701|3,1,1,1,1,29701001,29701001
1997|youth_c|B03|29701|3,2,4,4,1,29701004,29701004
1997|youth_c|B03|29702|3,1,5,5,1,29702005,29702005
1997|youth_c|B03|29702|3,2,8,8,1,29702008,29702008
1997|youth_c|B03|29703|3,1,1,1,1,29703001,29703001
1997|youth_c|B03|29703|3,2,3,3,1,29703003,29703003
1997|youth_c|B03|29703|3,3,7,7,1,29703007,29703007
1997|youth_c|B03|29703|3,4,9,9,1,29703009,29703009
1997|youth_c|B03|29704|3,1,3,4,2,29704003,29704004
1997|youth_c|B03|29704|3,2,7,8,2,29704007,29704008
1997|youth_c|B04|29705|3,1,1,4,4,29705001,29705004
1997|youth_c|B05|29702|3,1,1,1,1,29702001,29702001
1997|youth_c|B05|29704|3,1,9,9,1,29704009,29704009
1997|youth_c|B06|29707|3,1,1,4,4,29707001,29707004
1997|youth_c|B07|29701|3,1,5,5,1,29701005,29701005
1997|youth_c|B07|29702|3,1,3,3,1,29702003,29702003
1997|youth_c|B07|29702|3,2,6,6,1,29702006,29702006
1997|youth_c|B08|29702|3,1,7,7,1,29702007,29702007
1997|youth_c|B08|29706|3,1,1,11,11,29706001,29706011
1997|youth_c|B09|29704|3,1,6,6,1,29704006,29704006
1998|general|B01|29871|3,1,1,1,1,29871001,29871001
1998|general|B01|29871|3,2,8,10,3,29871008,29871010
1998|general|B01|29871|3,3,12,16,5,29871012,29871016
1998|general|B01|29871|3,4,18,19,2,29871018,29871019
1998|general|B01|29871|3,5,23,25,3,29871023,29871025
1998|general|B01|29871|3,6,27,28,2,29871027,29871028
1998|general|B01|29871|3,7,32,33,2,29871032,29871033
1998|general|B01|29871|3,8,35,36,2,29871035,29871036
1998|general|B01|29872|3,1,7,8,2,29872007,29872008
1998|general|B01|29872|3,2,11,12,2,29872011,29872012
1998|general|B01|29872|3,3,14,20,7,29872014,29872020
1998|general|B01|29872|3,4,23,23,1,29872023,29872023
1998|general|B01|29872|3,5,25,28,4,29872025,29872028
1998|general|B01|29872|3,6,30,30,1,29872030,29872030
1998|general|B01|29872|3,7,32,33,2,29872032,29872033
1998|general|B01|29872|3,8,35,37,3,29872035,29872037
1998|general|B01|29872|3,9,39,41,3,29872039,29872041
1998|general|B01|29872|3,10,44,52,9,29872044,29872052
1998|general|B01|29872|3,11,59,59,1,29872059,29872059
1998|general|B01|29874|3,1,1,2,2,29874001,29874002
1998|general|B01|29874|3,2,4,5,2,29874004,29874005
1998|general|B01|29874|3,3,10,10,1,29874010,29874010
1998|general|B01|29874|3,4,14,14,1,29874014,29874014
1998|general|B01|29874|3,5,17,18,2,29874017,29874018
1998|general|B01|29874|3,6,21,21,1,29874021,29874021
1998|general|B01|29874|3,7,27,27,1,29874027,29874027
1998|general|B01|29874|3,8,34,34,1,29874034,29874034
1998|general|B01|29874|3,9,39,40,2,29874039,29874040
1998|general|B02|29871|3,1,26,26,1,29871026,29871026
1998|general|B02|29871|3,2,31,31,1,29871031,29871031
1998|general|B02|29873|3,1,4,4,1,29873004,29873004
1998|general|B02|29873|3,2,10,15,6,29873010,29873015
1998|general|B02|29873|3,3,17,19,3,29873017,29873019
1998|general|B02|29873|3,4,24,24,1,29873024,29873024
1998|general|B02|29873|3,5,26,28,3,29873026,29873028
1998|general|B02|29873|3,6,31,35,5,29873031,29873035
1998|general|B02|29873|3,7,37,41,5,29873037,29873041
1998|general|B02|29873|3,8,44,44,1,29873044,29873044
1998|general|B02|29873|3,9,48,50,3,29873048,29873050
1998|general|B02|29873|3,10,55,58,4,29873055,29873058
1998|general|B02|29873|3,11,61,61,1,29873061,29873061
1998|general|B02|29873|3,12,63,64,2,29873063,29873064
1998|general|B02|29874|3,1,36,36,1,29874036,29874036
1998|general|B02|29875|3,1,13,13,1,29875013,29875013
1998|general|B03|29871|3,1,2,3,2,29871002,29871003
1998|general|B03|29871|3,2,5,6,2,29871005,29871006
1998|general|B03|29871|3,3,21,21,1,29871021,29871021
1998|general|B03|29871|3,4,29,29,1,29871029,29871029
1998|general|B03|29871|3,5,34,34,1,29871034,29871034
1998|general|B03|29872|3,1,21,21,1,29872021,29872021
1998|general|B03|29872|3,2,34,34,1,29872034,29872034
1998|general|B03|29872|3,3,42,43,2,29872042,29872043
1998|general|B03|29872|3,4,55,55,1,29872055,29872055
1998|general|B03|29873|3,1,1,3,3,29873001,29873003
1998|general|B03|29873|3,2,6,9,4,29873006,29873009
1998|general|B03|29873|3,3,16,16,1,29873016,29873016
1998|general|B03|29873|3,4,20,23,4,29873020,29873023
1998|general|B03|29873|3,5,25,25,1,29873025,29873025
1998|general|B03|29873|3,6,29,30,2,29873029,29873030
1998|general|B03|29873|3,7,42,43,2,29873042,29873043
1998|general|B03|29873|3,8,45,47,3,29873045,29873047
1998|general|B03|29873|3,9,51,54,4,29873051,29873054
1998|general|B03|29873|3,10,59,60,2,29873059,29873060
1998|general|B03|29873|3,11,62,62,1,29873062,29873062
1998|general|B03|29873|3,12,65,65,1,29873065,29873065
1998|general|B03|29874|3,1,19,19,1,29874019,29874019
1998|general|B03|29874|3,2,31,32,2,29874031,29874032
1998|general|B03|29874|3,3,35,35,1,29874035,29874035
1998|general|B03|29874|3,4,37,38,2,29874037,29874038
1998|general|B03|29875|3,1,7,7,1,29875007,29875007
1998|general|B03|29875|3,2,29,29,1,29875029,29875029
1998|general|B04|29874|3,1,11,12,2,29874011,29874012
1998|general|B04|29875|3,1,1,6,6,29875001,29875006
1998|general|B04|29875|3,2,8,12,5,29875008,29875012
1998|general|B04|29875|3,3,14,28,15,29875014,29875028
1998|general|B04|29875|3,4,30,36,7,29875030,29875036
1998|general|B05|29872|3,1,9,10,2,29872009,29872010
1998|general|B05|29872|3,2,24,24,1,29872024,29872024
1998|general|B05|29872|3,3,31,31,1,29872031,29872031
1998|general|B05|29872|3,4,53,54,2,29872053,29872054
1998|general|B05|29874|3,1,3,3,1,29874003,29874003
1998|general|B05|29874|3,2,6,9,4,29874006,29874009
1998|general|B05|29874|3,3,13,13,1,29874013,29874013
1998|general|B05|29874|3,4,15,16,2,29874015,29874016
1998|general|B05|29874|3,5,20,20,1,29874020,29874020
1998|general|B05|29874|3,6,22,26,5,29874022,29874026
1998|general|B05|29874|3,7,28,30,3,29874028,29874030
1998|general|B05|29874|3,8,33,33,1,29874033,29874033
1998|general|B06|29871|3,1,4,4,1,29871004,29871004
1998|general|B06|29871|3,2,22,22,1,29871022,29871022
1998|general|B06|29871|3,3,30,30,1,29871030,29871030
1998|general|B06|29876|3,1,8,8,1,29876008,29876008
1998|general|B06|29877|3,1,1,32,32,29877001,29877032
1998|general|B07|29871|3,1,7,7,1,29871007,29871007
1998|general|B07|29871|3,2,11,11,1,29871011,29871011
1998|general|B07|29871|3,3,17,17,1,29871017,29871017
1998|general|B07|29871|3,4,20,20,1,29871020,29871020
1998|general|B07|29872|3,1,1,3,3,29872001,29872003
1998|general|B07|29872|3,2,5,6,2,29872005,29872006
1998|general|B07|29872|3,3,22,22,1,29872022,29872022
1998|general|B07|29872|3,4,29,29,1,29872029,29872029
1998|general|B07|29872|3,5,38,38,1,29872038,29872038
1998|general|B07|29872|3,6,56,58,3,29872056,29872058
1998|general|B07|29872|3,7,60,61,2,29872060,29872061
1998|general|B07|29873|3,1,5,5,1,29873005,29873005
1998|general|B07|29873|3,2,36,36,1,29873036,29873036
1998|general|B08|29872|3,1,4,4,1,29872004,29872004
1998|general|B08|29872|3,2,13,13,1,29872013,29872013
1998|general|B08|29876|3,1,1,7,7,29876001,29876007
1998|general|B08|29876|3,2,9,47,39,29876009,29876047
1998|key|B01|29832|3,1,20,20,1,29832020,29832020
1998|key|B01|29832|3,2,30,30,1,29832030,29832030
1998|key|B01|29834|3,1,100,100,1,29834100,29834100
1998|key|B02|29833|3,1,60,60,1,29833060,29833060
1998|key|B02|29833|3,2,70,70,1,29833070,29833070
1998|key|B02|29833|3,3,90,90,1,29833090,29833090
1998|key|B03|29831|3,1,10,10,1,29831010,29831010
1998|key|B03|29832|3,1,40,40,1,29832040,29832040
1998|key|B03|29833|3,1,80,80,1,29833080,29833080
1998|key|B04|29835|3,1,110,110,1,29835110,29835110
1998|key|B04|29835|3,2,120,120,1,29835120,29835120
1998|key|B06|29837|3,1,170,170,1,29837170,29837170
1998|key|B06|29837|3,2,180,180,1,29837180,29837180
1998|key|B06|29837|3,3,190,190,1,29837190,29837190
1998|key|B07|29832|3,1,50,50,1,29832050,29832050
1998|key|B08|29836|3,1,130,130,1,29836130,29836130
1998|key|B08|29836|3,2,140,140,1,29836140,29836140
1998|key|B08|29836|3,3,150,150,1,29836150,29836150
1998|key|B08|29836|3,4,160,160,1,29836160,29836160
1998|regional|B01|29861|3,1,1,2,2,29861001,29861002
1998|regional|B01|29862|3,1,4,4,1,29862004,29862004
1998|regional|B02|29863|3,1,2,2,1,29863002,29863002
1998|regional|B02|29869|3,1,1,1,1,29869001,29869001
1998|regional|B03|29863|3,1,1,1,1,29863001,29863001
1998|regional|B04|29865|3,1,1,1,1,29865001,29865001
1998|regional|B05|29864|3,1,1,1,1,29864001,29864001
1998|regional|B06|29867|3,1,1,1,1,29867001,29867001
1998|regional|B07|29862|3,1,1,3,3,29862001,29862003
1998|regional|B07|29862|3,2,5,5,1,29862005,29862005
1998|regional|B08|29866|3,1,1,3,3,29866001,29866003
1998|special|B01|29823|3,1,1,1,1,29823001,29823001
1998|special|B01|29841|3,1,1,1,1,29841001,29841001
1998|special|B01|29841|3,2,3,4,2,29841003,29841004
1998|special|B01|29844|3,1,2,3,2,29844002,29844003
1998|special|B01|29881|3,1,1,1,1,29881001,29881001
1998|special|B01|29884|3,1,1,1,1,29884001,29884001
1998|special|B02|29843|3,1,3,4,2,29843003,29843004
1998|special|B03|29841|3,1,2,2,1,29841002,29841002
1998|special|B03|29843|3,1,1,2,2,29843001,29843002
1998|special|B03|29853|3,1,1,1,1,29853001,29853001
1998|special|B03|29883|3,1,1,1,1,29883001,29883001
1998|special|B04|29827|3,1,1,1,1,29827001,29827001
1998|special|B04|29845|3,1,2,2,1,29845002,29845002
1998|special|B05|29844|3,1,1,1,1,29844001,29844001
1998|special|B08|29886|3,1,1,1,1,29886001,29886001
1998|youth_c|B01|29801|3,1,3,3,1,29801003,29801003
1998|youth_c|B01|29801|3,2,5,5,1,29801005,29801005
1998|youth_c|B01|29802|3,1,3,4,2,29802003,29802004
1998|youth_c|B01|29802|3,2,7,7,1,29802007,29802007
1998|youth_c|B01|29804|3,1,6,7,2,29804006,29804007
1998|youth_c|B02|29803|3,1,1,5,5,29803001,29803005
1998|youth_c|B02|29803|3,2,7,7,1,29803007,29803007
1998|youth_c|B02|29804|3,1,5,5,1,29804005,29804005
1998|youth_c|B03|29801|3,1,1,1,1,29801001,29801001
1998|youth_c|B03|29801|3,2,6,6,1,29801006,29801006
1998|youth_c|B03|29802|3,1,1,1,1,29802001,29802001
1998|youth_c|B03|29802|3,2,5,5,1,29802005,29802005
1998|youth_c|B03|29803|3,1,6,6,1,29803006,29803006
1998|youth_c|B03|29803|3,2,8,8,1,29803008,29803008
1998|youth_c|B03|29803|3,3,10,10,1,29803010,29803010
1998|youth_c|B03|29804|3,1,3,3,1,29804003,29804003
1998|youth_c|B04|29801|3,1,4,4,1,29801004,29801004
1998|youth_c|B04|29805|3,1,1,5,5,29805001,29805005
1998|youth_c|B05|29804|3,1,1,2,2,29804001,29804002
1998|youth_c|B05|29804|3,2,4,4,1,29804004,29804004
1998|youth_c|B05|29804|3,3,8,11,4,29804008,29804011
1998|youth_c|B06|29801|3,1,2,2,1,29801002,29801002
1998|youth_c|B06|29807|3,1,1,4,4,29807001,29807004
1998|youth_c|B07|29802|3,1,2,2,1,29802002,29802002
1998|youth_c|B07|29802|3,2,6,6,1,29802006,29802006
1998|youth_c|B07|29802|3,3,8,10,3,29802008,29802010
1998|youth_c|B08|29806|3,1,1,12,12,29806001,29806012
1999|general|B01|29971|3,1,1,1,1,29971001,29971001
1999|general|B01|29971|3,2,5,7,3,29971005,29971007
1999|general|B01|29971|3,3,10,11,2,29971010,29971011
1999|general|B01|29971|3,4,15,15,1,29971015,29971015
1999|general|B01|29971|3,5,17,17,1,29971017,29971017
1999|general|B01|29971|3,6,22,26,5,29971022,29971026
1999|general|B01|29971|3,7,31,33,3,29971031,29971033
1999|general|B01|29972|3,1,1,2,2,29972001,29972002
1999|general|B01|29972|3,2,7,8,2,29972007,29972008
1999|general|B01|29972|3,3,12,13,2,29972012,29972013
1999|general|B01|29972|3,4,15,16,2,29972015,29972016
1999|general|B01|29972|3,5,18,18,1,29972018,29972018
1999|general|B01|29972|3,6,20,24,5,29972020,29972024
1999|general|B01|29972|3,7,32,37,6,29972032,29972037
1999|general|B01|29972|3,8,39,40,2,29972039,29972040
1999|general|B01|29972|3,9,42,42,1,29972042,29972042
1999|general|B01|29972|3,10,44,51,8,29972044,29972051
1999|general|B01|29972|3,11,53,53,1,29972053,29972053
1999|general|B01|29972|3,12,55,55,1,29972055,29972055
1999|general|B01|29972|3,13,57,57,1,29972057,29972057
1999|general|B01|29974|3,1,1,3,3,29974001,29974003
1999|general|B01|29974|3,2,7,9,3,29974007,29974009
1999|general|B01|29974|3,3,16,17,2,29974016,29974017
1999|general|B01|29974|3,4,24,24,1,29974024,29974024
1999|general|B01|29974|3,5,29,30,2,29974029,29974030
1999|general|B01|29974|3,6,34,34,1,29974034,29974034
1999|general|B01|29974|3,7,39,39,1,29974039,29974039
1999|general|B02|29971|3,1,13,13,1,29971013,29971013
1999|general|B02|29973|3,1,2,2,1,29973002,29973002
1999|general|B02|29973|3,2,4,4,1,29973004,29973004
1999|general|B02|29973|3,3,7,7,1,29973007,29973007
1999|general|B02|29973|3,4,11,17,7,29973011,29973017
1999|general|B02|29973|3,5,23,26,4,29973023,29973026
1999|general|B02|29973|3,6,28,29,2,29973028,29973029
1999|general|B02|29973|3,7,32,35,4,29973032,29973035
1999|general|B02|29973|3,8,37,37,1,29973037,29973037
1999|general|B02|29973|3,9,41,43,3,29973041,29973043
1999|general|B02|29973|3,10,49,49,1,29973049,29973049
1999|general|B02|29973|3,11,53,53,1,29973053,29973053
1999|general|B02|29973|3,12,56,57,2,29973056,29973057
1999|general|B03|29971|3,1,2,4,3,29971002,29971004
1999|general|B03|29971|3,2,16,16,1,29971016,29971016
1999|general|B03|29971|3,3,28,28,1,29971028,29971028
1999|general|B03|29971|3,4,30,30,1,29971030,29971030
1999|general|B03|29972|3,1,28,29,2,29972028,29972029
1999|general|B03|29972|3,2,31,31,1,29972031,29972031
1999|general|B03|29972|3,3,38,38,1,29972038,29972038
1999|general|B03|29972|3,4,52,52,1,29972052,29972052
1999|general|B03|29973|3,1,1,1,1,29973001,29973001
1999|general|B03|29973|3,2,3,3,1,29973003,29973003
1999|general|B03|29973|3,3,5,6,2,29973005,29973006
1999|general|B03|29973|3,4,8,10,3,29973008,29973010
1999|general|B03|29973|3,5,18,18,1,29973018,29973018
1999|general|B03|29973|3,6,20,22,3,29973020,29973022
1999|general|B03|29973|3,7,27,27,1,29973027,29973027
1999|general|B03|29973|3,8,31,31,1,29973031,29973031
1999|general|B03|29973|3,9,36,36,1,29973036,29973036
1999|general|B03|29973|3,10,38,40,3,29973038,29973040
1999|general|B03|29973|3,11,44,48,5,29973044,29973048
1999|general|B03|29973|3,12,50,52,3,29973050,29973052
1999|general|B03|29973|3,13,54,55,2,29973054,29973055
1999|general|B03|29973|3,14,58,59,2,29973058,29973059
1999|general|B03|29974|3,1,6,6,1,29974006,29974006
1999|general|B03|29974|3,2,14,14,1,29974014,29974014
1999|general|B03|29974|3,3,19,19,1,29974019,29974019
1999|general|B03|29974|3,4,27,28,2,29974027,29974028
1999|general|B03|29974|3,5,32,33,2,29974032,29974033
1999|general|B03|29975|3,1,4,4,1,29975004,29975004
1999|general|B03|29975|3,2,7,7,1,29975007,29975007
1999|general|B03|29975|3,3,19,19,1,29975019,29975019
1999|general|B03|29975|3,4,27,27,1,29975027,29975027
1999|general|B04|29971|3,1,20,20,1,29971020,29971020
1999|general|B04|29975|3,1,1,3,3,29975001,29975003
1999|general|B04|29975|3,2,5,6,2,29975005,29975006
1999|general|B04|29975|3,3,8,18,11,29975008,29975018
1999|general|B04|29975|3,4,20,26,7,29975020,29975026
1999|general|B04|29975|3,5,28,33,6,29975028,29975033
1999|general|B05|29972|3,1,25,27,3,29972025,29972027
1999|general|B05|29974|3,1,4,5,2,29974004,29974005
1999|general|B05|29974|3,2,10,13,4,29974010,29974013
1999|general|B05|29974|3,3,15,15,1,29974015,29974015
1999|general|B05|29974|3,4,18,18,1,29974018,29974018
1999|general|B05|29974|3,5,20,23,4,29974020,29974023
1999|general|B05|29974|3,6,25,26,2,29974025,29974026
1999|general|B05|29974|3,7,31,31,1,29974031,29974031
1999|general|B05|29974|3,8,35,38,4,29974035,29974038
1999|general|B06|29971|3,1,21,21,1,29971021,29971021
1999|general|B06|29971|3,2,27,27,1,29971027,29971027
1999|general|B06|29977|3,1,1,31,31,29977001,29977031
1999|general|B07|29971|3,1,8,9,2,29971008,29971009
1999|general|B07|29971|3,2,12,12,1,29971012,29971012
1999|general|B07|29971|3,3,14,14,1,29971014,29971014
1999|general|B07|29971|3,4,18,19,2,29971018,29971019
1999|general|B07|29971|3,5,29,29,1,29971029,29971029
1999|general|B07|29971|3,6,34,34,1,29971034,29971034
1999|general|B07|29972|3,1,3,5,3,29972003,29972005
1999|general|B07|29972|3,2,9,10,2,29972009,29972010
1999|general|B07|29972|3,3,14,14,1,29972014,29972014
1999|general|B07|29972|3,4,17,17,1,29972017,29972017
1999|general|B07|29972|3,5,30,30,1,29972030,29972030
1999|general|B07|29972|3,6,41,41,1,29972041,29972041
1999|general|B07|29972|3,7,43,43,1,29972043,29972043
1999|general|B07|29972|3,8,54,54,1,29972054,29972054
1999|general|B07|29972|3,9,56,56,1,29972056,29972056
1999|general|B07|29973|3,1,19,19,1,29973019,29973019
1999|general|B07|29973|3,2,30,30,1,29973030,29973030
1999|general|B08|29972|3,1,6,6,1,29972006,29972006
1999|general|B08|29972|3,2,11,11,1,29972011,29972011
1999|general|B08|29972|3,3,19,19,1,29972019,29972019
1999|general|B08|29976|3,1,1,47,47,29976001,29976047
1999|key|B01|29931|3,1,10,10,1,29931010,29931010
1999|key|B01|29932|3,1,20,20,1,29932020,29932020
1999|key|B02|29933|3,1,40,40,1,29933040,29933040
1999|key|B03|29933|3,1,50,50,1,29933050,29933050
1999|key|B04|29935|3,1,80,80,1,29935080,29935080
1999|key|B05|29934|3,1,60,60,1,29934060,29934060
1999|key|B05|29934|3,2,70,70,1,29934070,29934070
1999|key|B07|29932|3,1,30,30,1,29932030,29932030
1999|key|B08|29936|3,1,90,90,1,29936090,29936090
1999|key|B08|29936|3,2,100,100,1,29936100,29936100
1999|key|B08|29936|3,3,110,110,1,29936110,29936110
1999|regional|B01|29961|3,1,2,2,1,29961002,29961002
1999|regional|B01|29964|3,1,1,1,1,29964001,29964001
1999|regional|B02|29963|3,1,1,2,2,29963001,29963002
1999|regional|B04|29965|3,1,1,1,1,29965001,29965001
1999|regional|B06|29967|3,1,1,1,1,29967001,29967001
1999|regional|B07|29961|3,1,1,1,1,29961001,29961001
1999|regional|B07|29962|3,1,1,2,2,29962001,29962002
1999|regional|B07|29962|3,2,4,4,1,29962004,29962004
1999|regional|B08|29962|3,1,3,3,1,29962003,29962003
1999|regional|B08|29966|3,1,1,4,4,29966001,29966004
1999|special|B01|29920|3,1,9,10,2,29920009,29920010
1999|special|B01|29941|3,1,4,4,1,29941004,29941004
1999|special|B01|29981|3,1,1,1,1,29981001,29981001
1999|special|B02|29920|3,1,8,8,1,29920008,29920008
1999|special|B02|29920|3,2,13,13,1,29920013,29920013
1999|special|B03|29927|3,1,3,3,1,29927003,29927003
1999|special|B03|29981|3,1,2,2,1,29981002,29981002
1999|special|B03|29983|3,1,1,1,1,29983001,29983001
1999|special|B04|29920|3,1,11,12,2,29920011,29920012
1999|special|B04|29927|3,1,1,2,2,29927001,29927002
1999|special|B05|29984|3,1,1,1,1,29984001,29984001
1999|special|B08|29986|3,1,1,2,2,29986001,29986002
1999|youth_c|B01|29901|3,1,1,1,1,29901001,29901001
1999|youth_c|B01|29901|3,2,3,4,2,29901003,29901004
1999|youth_c|B01|29902|3,1,1,1,1,29902001,29902001
1999|youth_c|B01|29902|3,2,4,5,2,29902004,29902005
1999|youth_c|B01|29902|3,3,7,8,2,29902007,29902008
1999|youth_c|B01|29904|3,1,4,4,1,29904004,29904004
1999|youth_c|B01|29904|3,2,6,6,1,29904006,29904006
1999|youth_c|B01|29904|3,3,10,10,1,29904010,29904010
1999|youth_c|B02|29903|3,1,1,9,9,29903001,29903009
1999|youth_c|B02|29903|3,2,11,11,1,29903011,29903011
1999|youth_c|B03|29901|3,1,5,6,2,29901005,29901006
1999|youth_c|B03|29903|3,1,10,10,1,29903010,29903010
1999|youth_c|B03|29904|3,1,8,8,1,29904008,29904008
1999|youth_c|B04|29901|3,1,2,2,1,29901002,29901002
1999|youth_c|B04|29905|3,1,1,5,5,29905001,29905005
1999|youth_c|B05|29902|3,1,2,2,1,29902002,29902002
1999|youth_c|B05|29904|3,1,1,3,3,29904001,29904003
1999|youth_c|B05|29904|3,2,5,5,1,29904005,29904005
1999|youth_c|B05|29904|3,3,7,7,1,29904007,29904007
1999|youth_c|B05|29904|3,4,9,9,1,29904009,29904009
1999|youth_c|B06|29907|3,1,1,5,5,29907001,29907005
1999|youth_c|B07|29902|3,1,3,3,1,29902003,29902003
1999|youth_c|B07|29902|3,2,6,6,1,29902006,29902006
1999|youth_c|B07|29902|3,3,9,9,1,29902009,29902009
1999|youth_c|B08|29906|3,1,1,12,12,29906001,29906012
2000|general|B01|20071|3,1,1,1,1,20071001,20071001
2000|general|B01|20071|3,2,4,4,1,20071004,20071004
2000|general|B01|20071|3,3,6,8,3,20071006,20071008
2000|general|B01|20071|3,4,10,10,1,20071010,20071010
2000|general|B01|20071|3,5,12,20,9,20071012,20071020
2000|general|B01|20071|3,6,24,24,1,20071024,20071024
2000|general|B01|20071|3,7,26,28,3,20071026,20071028
2000|general|B01|20071|3,8,31,31,1,20071031,20071031
2000|general|B01|20071|3,9,33,33,1,20071033,20071033
2000|general|B01|20072|3,1,7,7,1,20072007,20072007
2000|general|B01|20072|3,2,10,12,3,20072010,20072012
2000|general|B01|20072|3,3,15,18,4,20072015,20072018
2000|general|B01|20072|3,4,22,22,1,20072022,20072022
2000|general|B01|20072|3,5,24,25,2,20072024,20072025
2000|general|B01|20072|3,6,29,33,5,20072029,20072033
2000|general|B01|20072|3,7,35,35,1,20072035,20072035
2000|general|B01|20072|3,8,37,40,4,20072037,20072040
2000|general|B01|20072|3,9,43,49,7,20072043,20072049
2000|general|B01|20074|3,1,1,2,2,20074001,20074002
2000|general|B01|20074|3,2,16,16,1,20074016,20074016
2000|general|B01|20074|3,3,18,18,1,20074018,20074018
2000|general|B01|20074|3,4,20,20,1,20074020,20074020
2000|general|B01|20074|3,5,24,24,1,20074024,20074024
2000|general|B01|20074|3,6,28,30,3,20074028,20074030
2000|general|B01|20074|3,7,34,34,1,20074034,20074034
2000|general|B01|20074|3,8,40,40,1,20074040,20074040
2000|general|B01|20074|3,9,42,42,1,20074042,20074042
2000|general|B02|20073|3,1,1,3,3,20073001,20073003
2000|general|B02|20073|3,2,7,7,1,20073007,20073007
2000|general|B02|20073|3,3,9,12,4,20073009,20073012
2000|general|B02|20073|3,4,15,17,3,20073015,20073017
2000|general|B02|20073|3,5,21,21,1,20073021,20073021
2000|general|B02|20073|3,6,23,23,1,20073023,20073023
2000|general|B02|20073|3,7,25,26,2,20073025,20073026
2000|general|B02|20073|3,8,28,31,4,20073028,20073031
2000|general|B02|20073|3,9,34,38,5,20073034,20073038
2000|general|B02|20073|3,10,45,46,2,20073045,20073046
2000|general|B02|20073|3,11,49,49,1,20073049,20073049
2000|general|B02|20073|3,12,60,61,2,20073060,20073061
2000|general|B02|20074|3,1,33,33,1,20074033,20074033
2000|general|B02|20075|3,1,19,19,1,20075019,20075019
2000|general|B02|20075|3,2,23,23,1,20075023,20075023
2000|general|B02|20075|3,3,26,26,1,20075026,20075026
2000|general|B03|20071|3,1,2,3,2,20071002,20071003
2000|general|B03|20071|3,2,11,11,1,20071011,20071011
2000|general|B03|20071|3,3,21,21,1,20071021,20071021
2000|general|B03|20071|3,4,25,25,1,20071025,20071025
2000|general|B03|20071|3,5,29,30,2,20071029,20071030
2000|general|B03|20071|3,6,35,35,1,20071035,20071035
2000|general|B03|20072|3,1,13,13,1,20072013,20072013
2000|general|B03|20072|3,2,20,20,1,20072020,20072020
2000|general|B03|20072|3,3,34,34,1,20072034,20072034
2000|general|B03|20072|3,4,36,36,1,20072036,20072036
2000|general|B03|20072|3,5,41,42,2,20072041,20072042
2000|general|B03|20072|3,6,53,53,1,20072053,20072053
2000|general|B03|20073|3,1,4,6,3,20073004,20073006
2000|general|B03|20073|3,2,8,8,1,20073008,20073008
2000|general|B03|20073|3,3,13,14,2,20073013,20073014
2000|general|B03|20073|3,4,18,20,3,20073018,20073020
2000|general|B03|20073|3,5,22,22,1,20073022,20073022
2000|general|B03|20073|3,6,24,24,1,20073024,20073024
2000|general|B03|20073|3,7,27,27,1,20073027,20073027
2000|general|B03|20073|3,8,32,33,2,20073032,20073033
2000|general|B03|20073|3,9,40,44,5,20073040,20073044
2000|general|B03|20073|3,10,47,48,2,20073047,20073048
2000|general|B03|20073|3,11,50,59,10,20073050,20073059
2000|general|B03|20074|3,1,3,3,1,20074003,20074003
2000|general|B03|20074|3,2,8,9,2,20074008,20074009
2000|general|B03|20074|3,3,25,25,1,20074025,20074025
2000|general|B03|20074|3,4,35,35,1,20074035,20074035
2000|general|B03|20074|3,5,37,37,1,20074037,20074037
2000|general|B03|20074|3,6,41,41,1,20074041,20074041
2000|general|B03|20075|3,1,21,21,1,20075021,20075021
2000|general|B04|20074|3,1,4,4,1,20074004,20074004
2000|general|B04|20074|3,2,38,38,1,20074038,20074038
2000|general|B04|20075|3,1,1,18,18,20075001,20075018
2000|general|B04|20075|3,2,20,20,1,20075020,20075020
2000|general|B04|20075|3,3,22,22,1,20075022,20075022
2000|general|B04|20075|3,4,24,25,2,20075024,20075025
2000|general|B04|20075|3,5,27,35,9,20075027,20075035
2000|general|B05|20072|3,1,1,1,1,20072001,20072001
2000|general|B05|20072|3,2,3,5,3,20072003,20072005
2000|general|B05|20072|3,3,19,19,1,20072019,20072019
2000|general|B05|20072|3,4,27,27,1,20072027,20072027
2000|general|B05|20072|3,5,50,51,2,20072050,20072051
2000|general|B05|20074|3,1,5,7,3,20074005,20074007
2000|general|B05|20074|3,2,10,15,6,20074010,20074015
2000|general|B05|20074|3,3,17,17,1,20074017,20074017
2000|general|B05|20074|3,4,19,19,1,20074019,20074019
2000|general|B05|20074|3,5,21,23,3,20074021,20074023
2000|general|B05|20074|3,6,26,27,2,20074026,20074027
2000|general|B05|20074|3,7,31,32,2,20074031,20074032
2000|general|B05|20074|3,8,36,36,1,20074036,20074036
2000|general|B05|20074|3,9,39,39,1,20074039,20074039
2000|general|B06|20071|3,1,5,5,1,20071005,20071005
2000|general|B06|20071|3,2,23,23,1,20071023,20071023
2000|general|B06|20077|3,1,1,33,33,20077001,20077033
2000|general|B07|20071|3,1,9,9,1,20071009,20071009
2000|general|B07|20071|3,2,22,22,1,20071022,20071022
2000|general|B07|20071|3,3,32,32,1,20071032,20071032
2000|general|B07|20071|3,4,34,34,1,20071034,20071034
2000|general|B07|20072|3,1,2,2,1,20072002,20072002
2000|general|B07|20072|3,2,6,6,1,20072006,20072006
2000|general|B07|20072|3,3,8,9,2,20072008,20072009
2000|general|B07|20072|3,4,14,14,1,20072014,20072014
2000|general|B07|20072|3,5,21,21,1,20072021,20072021
2000|general|B07|20072|3,6,23,23,1,20072023,20072023
2000|general|B07|20072|3,7,26,26,1,20072026,20072026
2000|general|B07|20072|3,8,28,28,1,20072028,20072028
2000|general|B07|20072|3,9,54,58,5,20072054,20072058
2000|general|B07|20073|3,1,39,39,1,20073039,20073039
2000|general|B08|20072|3,1,52,52,1,20072052,20072052
2000|general|B08|20076|3,1,1,51,51,20076001,20076051
2000|key|B01|20032|3,1,10,10,1,20032010,20032010
2000|key|B01|20032|3,2,20,20,1,20032020,20032020
2000|key|B02|20033|3,1,10,10,1,20033010,20033010
2000|key|B04|20035|3,1,10,10,1,20035010,20035010
2000|key|B05|20034|3,1,10,10,1,20034010,20034010
2000|key|B06|20037|3,1,10,10,1,20037010,20037010
2000|key|B07|20031|3,1,10,10,1,20031010,20031010
2000|key|B08|20036|3,1,10,10,1,20036010,20036010
2000|regional|B01|20061|3,1,1,1,1,20061001,20061001
2000|regional|B01|20061|3,2,3,3,1,20061003,20061003
2000|regional|B01|20062|3,1,1,2,2,20062001,20062002
2000|regional|B02|20063|3,1,1,2,2,20063001,20063002
2000|regional|B03|20061|3,1,2,2,1,20061002,20061002
2000|regional|B03|20065|3,1,1,1,1,20065001,20065001
2000|regional|B05|20062|3,1,4,4,1,20062004,20062004
2000|regional|B05|20064|3,1,1,1,1,20064001,20064001
2000|regional|B06|20067|3,1,1,1,1,20067001,20067001
2000|regional|B07|20062|3,1,3,3,1,20062003,20062003
2000|regional|B08|20062|3,1,5,5,1,20062005,20062005
2000|regional|B08|20066|3,1,1,2,2,20066001,20066002
2000|special|B01|20023|3,1,2,2,1,20023002,20023002
2000|special|B01|20023|3,2,4,5,2,20023004,20023005
2000|special|B01|20041|3,1,2,6,5,20041002,20041006
2000|special|B01|20081|3,1,1,1,1,20081001,20081001
2000|special|B01|20082|3,1,1,1,1,20082001,20082001
2000|special|B01|20084|3,1,1,1,1,20084001,20084001
2000|special|B02|20043|3,1,1,2,2,20043001,20043002
2000|special|B02|20044|3,1,2,2,1,20044002,20044002
2000|special|B03|20023|3,1,1,1,1,20023001,20023001
2000|special|B03|20023|3,2,3,3,1,20023003,20023003
2000|special|B03|20027|3,1,1,2,2,20027001,20027002
2000|special|B03|20042|3,1,1,2,2,20042001,20042002
2000|special|B03|20044|3,1,5,5,1,20044005,20044005
2000|special|B03|20083|3,1,1,1,1,20083001,20083001
2000|special|B04|20041|3,1,1,1,1,20041001,20041001
2000|special|B04|20045|3,1,1,2,2,20045001,20045002
2000|special|B05|20044|3,1,1,1,1,20044001,20044001
2000|special|B05|20044|3,2,3,4,2,20044003,20044004
2000|special|B06|20047|3,1,1,1,1,20047001,20047001
2000|special|B08|20046|3,1,1,2,2,20046001,20046002
2000|special|B08|20086|3,1,1,1,1,20086001,20086001
2000|youth_c|B01|20001|3,1,1,6,6,20001001,20001006
2000|youth_c|B01|20001|3,2,8,8,1,20001008,20001008
2000|youth_c|B01|20002|3,1,8,8,1,20002008,20002008
2000|youth_c|B01|20004|3,1,1,1,1,20004001,20004001
2000|youth_c|B01|20004|3,2,4,4,1,20004004,20004004
2000|youth_c|B01|20004|3,3,6,6,1,20004006,20004006
2000|youth_c|B02|20003|3,1,1,2,2,20003001,20003002
2000|youth_c|B02|20003|3,2,5,9,5,20003005,20003009
2000|youth_c|B02|20003|3,3,11,11,1,20003011,20003011
2000|youth_c|B02|20004|3,1,7,7,1,20004007,20004007
2000|youth_c|B03|20001|3,1,7,7,1,20001007,20001007
2000|youth_c|B03|20002|3,1,6,6,1,20002006,20002006
2000|youth_c|B03|20003|3,1,3,4,2,20003003,20003004
2000|youth_c|B03|20003|3,2,10,10,1,20003010,20003010
2000|youth_c|B03|20003|3,3,12,12,1,20003012,20003012
2000|youth_c|B03|20004|3,1,8,8,1,20004008,20004008
2000|youth_c|B03|20004|3,2,11,11,1,20004011,20004011
2000|youth_c|B04|20004|3,1,2,2,1,20004002,20004002
2000|youth_c|B04|20005|3,1,1,6,6,20005001,20005006
2000|youth_c|B05|20004|3,1,3,3,1,20004003,20004003
2000|youth_c|B05|20004|3,2,5,5,1,20004005,20004005
2000|youth_c|B05|20004|3,3,9,10,2,20004009,20004010
2000|youth_c|B06|20007|3,1,1,1,1,20007001,20007001
2000|youth_c|B06|20007|3,2,3,6,4,20007003,20007006
2000|youth_c|B07|20002|3,1,1,5,5,20002001,20002005
2000|youth_c|B07|20002|3,2,9,9,1,20002009,20002009
2000|youth_c|B08|20006|3,1,1,15,15,20006001,20006015
2001|general|B01|20171|3,1,1,3,3,20171001,20171003
2001|general|B01|20171|3,2,7,7,1,20171007,20171007
2001|general|B01|20171|3,3,10,11,2,20171010,20171011
2001|general|B01|20171|3,4,13,13,1,20171013,20171013
2001|general|B01|20171|3,5,15,15,1,20171015,20171015
2001|general|B01|20171|3,6,17,17,1,20171017,20171017
2001|general|B01|20171|3,7,19,22,4,20171019,20171022
2001|general|B01|20171|3,8,24,25,2,20171024,20171025
2001|general|B01|20171|3,9,28,28,1,20171028,20171028
2001|general|B01|20171|3,10,30,30,1,20171030,20171030
2001|general|B01|20171|3,11,32,32,1,20171032,20171032
2001|general|B01|20171|3,12,35,37,3,20171035,20171037
2001|general|B01|20171|3,13,40,40,1,20171040,20171040
2001|general|B01|20171|3,14,42,42,1,20171042,20171042
2001|general|B01|20171|3,15,44,45,2,20171044,20171045
2001|general|B01|20172|3,1,1,2,2,20172001,20172002
2001|general|B01|20172|3,2,8,10,3,20172008,20172010
2001|general|B01|20172|3,3,13,16,4,20172013,20172016
2001|general|B01|20172|3,4,18,19,2,20172018,20172019
2001|general|B01|20172|3,5,21,24,4,20172021,20172024
2001|general|B01|20172|3,6,26,27,2,20172026,20172027
2001|general|B01|20172|3,7,34,34,1,20172034,20172034
2001|general|B01|20172|3,8,36,37,2,20172036,20172037
2001|general|B01|20172|3,9,39,41,3,20172039,20172041
2001|general|B01|20172|3,10,44,44,1,20172044,20172044
2001|general|B01|20172|3,11,46,47,2,20172046,20172047
2001|general|B01|20172|3,12,49,49,1,20172049,20172049
2001|general|B01|20172|3,13,51,51,1,20172051,20172051
2001|general|B01|20172|3,14,53,56,4,20172053,20172056
2001|general|B01|20172|3,15,59,65,7,20172059,20172065
2001|general|B01|20174|3,1,1,3,3,20174001,20174003
2001|general|B01|20174|3,2,9,9,1,20174009,20174009
2001|general|B01|20174|3,3,13,13,1,20174013,20174013
2001|general|B01|20174|3,4,15,15,1,20174015,20174015
2001|general|B01|20174|3,5,20,21,2,20174020,20174021
2001|general|B01|20174|3,6,23,23,1,20174023,20174023
2001|general|B01|20174|3,7,28,28,1,20174028,20174028
2001|general|B01|20174|3,8,30,30,1,20174030,20174030
2001|general|B01|20174|3,9,32,34,3,20174032,20174034
2001|general|B01|20174|3,10,40,41,2,20174040,20174041
2001|general|B01|20174|3,11,47,47,1,20174047,20174047
2001|general|B01|20174|3,12,50,50,1,20174050,20174050
2001|general|B02|20173|3,1,3,10,8,20173003,20173010
2001|general|B02|20173|3,2,12,13,2,20173012,20173013
2001|general|B02|20173|3,3,15,18,4,20173015,20173018
2001|general|B02|20173|3,4,22,22,1,20173022,20173022
2001|general|B02|20173|3,5,26,26,1,20173026,20173026
2001|general|B02|20173|3,6,33,33,1,20173033,20173033
2001|general|B02|20173|3,7,35,35,1,20173035,20173035
2001|general|B02|20173|3,8,38,41,4,20173038,20173041
2001|general|B02|20173|3,9,43,46,4,20173043,20173046
2001|general|B02|20173|3,10,48,49,2,20173048,20173049
2001|general|B02|20173|3,11,54,54,1,20173054,20173054
2001|general|B02|20173|3,12,58,59,2,20173058,20173059
2001|general|B02|20173|3,13,61,62,2,20173061,20173062
2001|general|B02|20173|3,14,68,68,1,20173068,20173068
2001|general|B02|20173|3,15,70,70,1,20173070,20173070
2001|general|B02|20173|3,16,73,73,1,20173073,20173073
2001|general|B03|20171|3,1,6,6,1,20171006,20171006
2001|general|B03|20171|3,2,12,12,1,20171012,20171012
2001|general|B03|20171|3,3,14,14,1,20171014,20171014
2001|general|B03|20171|3,4,16,16,1,20171016,20171016
2001|general|B03|20171|3,5,18,18,1,20171018,20171018
2001|general|B03|20171|3,6,27,27,1,20171027,20171027
2001|general|B03|20171|3,7,34,34,1,20171034,20171034
2001|general|B03|20171|3,8,39,39,1,20171039,20171039
2001|general|B03|20171|3,9,43,43,1,20171043,20171043
2001|general|B03|20171|3,10,46,46,1,20171046,20171046
2001|general|B03|20172|3,1,25,25,1,20172025,20172025
2001|general|B03|20172|3,2,43,43,1,20172043,20172043
2001|general|B03|20172|3,3,48,48,1,20172048,20172048
2001|general|B03|20172|3,4,69,69,1,20172069,20172069
2001|general|B03|20173|3,1,1,2,2,20173001,20173002
2001|general|B03|20173|3,2,11,11,1,20173011,20173011
2001|general|B03|20173|3,3,14,14,1,20173014,20173014
2001|general|B03|20173|3,4,19,21,3,20173019,20173021
2001|general|B03|20173|3,5,23,25,3,20173023,20173025
2001|general|B03|20173|3,6,27,32,6,20173027,20173032
2001|general|B03|20173|3,7,34,34,1,20173034,20173034
2001|general|B03|20173|3,8,36,37,2,20173036,20173037
2001|general|B03|20173|3,9,42,42,1,20173042,20173042
2001|general|B03|20173|3,10,47,47,1,20173047,20173047
2001|general|B03|20173|3,11,51,53,3,20173051,20173053
2001|general|B03|20173|3,12,55,57,3,20173055,20173057
2001|general|B03|20173|3,13,60,60,1,20173060,20173060
2001|general|B03|20173|3,14,63,64,2,20173063,20173064
2001|general|B03|20173|3,15,66,67,2,20173066,20173067
2001|general|B03|20173|3,16,69,69,1,20173069,20173069
2001|general|B03|20173|3,17,71,72,2,20173071,20173072
2001|general|B03|20173|3,18,74,74,1,20173074,20173074
2001|general|B03|20174|3,1,4,4,1,20174004,20174004
2001|general|B03|20174|3,2,8,8,1,20174008,20174008
2001|general|B03|20174|3,3,10,10,1,20174010,20174010
2001|general|B03|20174|3,4,14,14,1,20174014,20174014
2001|general|B03|20174|3,5,19,19,1,20174019,20174019
2001|general|B03|20174|3,6,22,22,1,20174022,20174022
2001|general|B03|20174|3,7,43,43,1,20174043,20174043
2001|general|B03|20174|3,8,48,49,2,20174048,20174049
2001|general|B03|20175|3,1,13,13,1,20175013,20175013
2001|general|B03|20175|3,2,36,36,1,20175036,20175036
2001|general|B04|20171|3,1,29,29,1,20171029,20171029
2001|general|B04|20172|3,1,42,42,1,20172042,20172042
2001|general|B04|20174|3,1,24,24,1,20174024,20174024
2001|general|B04|20174|3,2,36,36,1,20174036,20174036
2001|general|B04|20175|3,1,1,12,12,20175001,20175012
2001|general|B04|20175|3,2,14,35,22,20175014,20175035
2001|general|B04|20175|3,3,37,39,3,20175037,20175039
2001|general|B05|20172|3,1,3,3,1,20172003,20172003
2001|general|B05|20172|3,2,28,29,2,20172028,20172029
2001|general|B05|20172|3,3,32,32,1,20172032,20172032
2001|general|B05|20172|3,4,45,45,1,20172045,20172045
2001|general|B05|20172|3,5,66,67,2,20172066,20172067
2001|general|B05|20174|3,1,5,7,3,20174005,20174007
2001|general|B05|20174|3,2,11,12,2,20174011,20174012
2001|general|B05|20174|3,3,16,18,3,20174016,20174018
2001|general|B05|20174|3,4,25,27,3,20174025,20174027
2001|general|B05|20174|3,5,29,29,1,20174029,20174029
2001|general|B05|20174|3,6,31,31,1,20174031,20174031
2001|general|B05|20174|3,7,35,35,1,20174035,20174035
2001|general|B05|20174|3,8,37,39,3,20174037,20174039
2001|general|B05|20174|3,9,42,42,1,20174042,20174042
2001|general|B05|20174|3,10,44,46,3,20174044,20174046
2001|general|B06|20171|3,1,5,5,1,20171005,20171005
2001|general|B06|20171|3,2,8,8,1,20171008,20171008
2001|general|B06|20171|3,3,33,33,1,20171033,20171033
2001|general|B06|20176|3,1,34,34,1,20176034,20176034
2001|general|B06|20177|3,1,1,36,36,20177001,20177036
2001|general|B07|20171|3,1,4,4,1,20171004,20171004
2001|general|B07|20171|3,2,9,9,1,20171009,20171009
2001|general|B07|20171|3,3,23,23,1,20171023,20171023
2001|general|B07|20171|3,4,26,26,1,20171026,20171026
2001|general|B07|20171|3,5,31,31,1,20171031,20171031
2001|general|B07|20171|3,6,38,38,1,20171038,20171038
2001|general|B07|20171|3,7,41,41,1,20171041,20171041
2001|general|B07|20172|3,1,4,7,4,20172004,20172007
2001|general|B07|20172|3,2,17,17,1,20172017,20172017
2001|general|B07|20172|3,3,20,20,1,20172020,20172020
2001|general|B07|20172|3,4,30,31,2,20172030,20172031
2001|general|B07|20172|3,5,33,33,1,20172033,20172033
2001|general|B07|20172|3,6,38,38,1,20172038,20172038
2001|general|B07|20172|3,7,50,50,1,20172050,20172050
2001|general|B07|20172|3,8,52,52,1,20172052,20172052
2001|general|B07|20172|3,9,57,58,2,20172057,20172058
2001|general|B07|20172|3,10,68,68,1,20172068,20172068
2001|general|B07|20172|3,11,70,72,3,20172070,20172072
2001|general|B07|20173|3,1,50,50,1,20173050,20173050
2001|general|B08|20172|3,1,11,12,2,20172011,20172012
2001|general|B08|20172|3,2,35,35,1,20172035,20172035
2001|general|B08|20176|3,1,1,24,24,20176001,20176024
2001|general|B08|20176|3,2,26,33,8,20176026,20176033
2001|general|B08|20176|3,3,35,52,18,20176035,20176052
2001|general|B08|20176|3,4,54,66,13,20176054,20176066
2001|joint_fund|B02|20122|3,1,101,101,1,20122101,20122101
2001|joint_fund|B06|20122|3,1,202,203,2,20122202,20122203
2001|joint_fund|B08|20122|3,1,201,201,1,20122201,20122201
2001|joint_fund|B08|20176|3,1,25,25,1,20176025,20176025
2001|joint_fund|B08|20176|3,2,53,53,1,20176053,20176053
2001|key|B01|20131|3,1,10,10,1,20131010,20131010
2001|key|B01|20131|3,2,20,20,1,20131020,20131020
2001|key|B01|20131|3,3,30,30,1,20131030,20131030
2001|key|B01|20131|3,4,40,40,1,20131040,20131040
2001|key|B01|20132|3,1,10,10,1,20132010,20132010
2001|key|B01|20132|3,2,20,20,1,20132020,20132020
2001|key|B01|20132|3,3,30,30,1,20132030,20132030
2001|key|B02|20133|3,1,10,10,1,20133010,20133010
2001|key|B02|20133|3,2,40,40,1,20133040,20133040
2001|key|B03|20133|3,1,20,20,1,20133020,20133020
2001|key|B03|20133|3,2,30,30,1,20133030,20133030
2001|key|B04|20135|3,1,10,10,1,20135010,20135010
2001|key|B05|20134|3,1,10,10,1,20134010,20134010
2001|key|B05|20134|3,2,20,20,1,20134020,20134020
2001|key|B06|20137|3,1,10,10,1,20137010,20137010
2001|key|B08|20136|3,1,10,10,1,20136010,20136010
2001|key|B08|20136|3,2,20,20,1,20136020,20136020
2001|major_research_plan|B01|90101|3,1,14,14,1,90101014,90101014
2001|major_research_plan|B01|90101|3,2,18,18,1,90101018,90101018
2001|major_research_plan|B01|90101|3,3,28,28,1,90101028,90101028
2001|major_research_plan|B03|90101|3,1,10,10,1,90101010,90101010
2001|major_research_plan|B03|90103|3,1,36,37,2,90103036,90103037
2001|major_research_plan|B05|90101|3,1,19,19,1,90101019,90101019
2001|regional|B01|20161|3,1,3,3,1,20161003,20161003
2001|regional|B01|20162|3,1,5,5,1,20162005,20162005
2001|regional|B02|20163|3,1,1,1,1,20163001,20163001
2001|regional|B03|20161|3,1,1,2,2,20161001,20161002
2001|regional|B03|20163|3,1,2,2,1,20163002,20163002
2001|regional|B04|20165|3,1,1,1,1,20165001,20165001
2001|regional|B05|20164|3,1,1,1,1,20164001,20164001
2001|regional|B06|20167|3,1,1,2,2,20167001,20167002
2001|regional|B07|20162|3,1,2,4,3,20162002,20162004
2001|regional|B08|20162|3,1,1,1,1,20162001,20162001
2001|regional|B08|20166|3,1,1,1,1,20166001,20166001
2001|regional|B08|20166|3,2,3,4,2,20166003,20166004
2001|special|B01|20120|3,1,1,1,1,20120001,20120001
2001|special|B01|20141|3,1,1,4,4,20141001,20141004
2001|special|B01|20142|3,1,1,2,2,20142001,20142002
2001|special|B01|20142|3,2,4,4,1,20142004,20142004
2001|special|B01|20144|3,1,2,2,1,20144002,20144002
2001|special|B01|20151|3,1,3,4,2,20151003,20151004
2001|special|B02|20127|3,1,302,302,1,20127302,20127302
2001|special|B02|20143|3,1,3,4,2,20143003,20143004
2001|special|B03|20127|3,1,101,101,1,20127101,20127101
2001|special|B03|20127|3,2,403,403,1,20127403,20127403
2001|special|B03|20142|3,1,3,3,1,20142003,20142003
2001|special|B03|20143|3,1,1,2,2,20143001,20143002
2001|special|B03|20143|3,2,5,5,1,20143005,20143005
2001|special|B03|20144|3,1,1,1,1,20144001,20144001
2001|special|B04|20145|3,1,1,1,1,20145001,20145001
2001|special|B06|20147|3,1,1,1,1,20147001,20147001
2001|special|B07|20147|3,1,2,2,1,20147002,20147002
2001|special|B08|20146|3,1,1,2,2,20146001,20146002
2001|youth_c|B01|20101|3,1,2,2,1,20101002,20101002
2001|youth_c|B01|20101|3,2,4,5,2,20101004,20101005
2001|youth_c|B01|20101|3,3,7,7,1,20101007,20101007
2001|youth_c|B01|20102|3,1,1,6,6,20102001,20102006
2001|youth_c|B01|20102|3,2,8,8,1,20102008,20102008
2001|youth_c|B01|20104|3,1,6,6,1,20104006,20104006
2001|youth_c|B02|20103|3,1,5,6,2,20103005,20103006
2001|youth_c|B03|20101|3,1,3,3,1,20101003,20101003
2001|youth_c|B03|20101|3,2,6,6,1,20101006,20101006
2001|youth_c|B03|20103|3,1,1,4,4,20103001,20103004
2001|youth_c|B03|20103|3,2,7,10,4,20103007,20103010
2001|youth_c|B03|20104|3,1,4,4,1,20104004,20104004
2001|youth_c|B04|20105|3,1,1,7,7,20105001,20105007
2001|youth_c|B05|20104|3,1,1,3,3,20104001,20104003
2001|youth_c|B05|20104|3,2,5,5,1,20104005,20104005
2001|youth_c|B05|20104|3,3,7,8,2,20104007,20104008
2001|youth_c|B06|20106|3,1,2,2,1,20106002,20106002
2001|youth_c|B06|20106|3,2,9,9,1,20106009,20106009
2001|youth_c|B06|20107|3,1,1,6,6,20107001,20107006
2001|youth_c|B07|20101|3,1,1,1,1,20101001,20101001
2001|youth_c|B07|20102|3,1,7,7,1,20102007,20102007
2001|youth_c|B08|20106|3,1,1,1,1,20106001,20106001
2001|youth_c|B08|20106|3,2,3,3,1,20106003,20106003
2001|youth_c|B08|20106|3,3,5,8,4,20106005,20106008
2001|youth_c|B08|20106|3,4,10,16,7,20106010,20106016
2002|general|B01|20271|3,1,1,4,4,20271001,20271004
2002|general|B01|20271|3,2,6,8,3,20271006,20271008
2002|general|B01|20271|3,3,11,11,1,20271011,20271011
2002|general|B01|20271|3,4,13,13,1,20271013,20271013
2002|general|B01|20271|3,5,15,18,4,20271015,20271018
2002|general|B01|20271|3,6,20,21,2,20271020,20271021
2002|general|B01|20271|3,7,24,26,3,20271024,20271026
2002|general|B01|20271|3,8,28,31,4,20271028,20271031
2002|general|B01|20271|3,9,35,36,2,20271035,20271036
2002|general|B01|20271|3,10,39,39,1,20271039,20271039
2002|general|B01|20271|3,11,41,41,1,20271041,20271041
2002|general|B01|20271|3,12,43,44,2,20271043,20271044
2002|general|B01|20271|3,13,46,46,1,20271046,20271046
2002|general|B01|20271|3,14,48,53,6,20271048,20271053
2002|general|B01|20272|3,1,1,2,2,20272001,20272002
2002|general|B01|20272|3,2,6,9,4,20272006,20272009
2002|general|B01|20272|3,3,11,14,4,20272011,20272014
2002|general|B01|20272|3,4,16,25,10,20272016,20272025
2002|general|B01|20272|3,5,34,34,1,20272034,20272034
2002|general|B01|20272|3,6,37,37,1,20272037,20272037
2002|general|B01|20272|3,7,39,39,1,20272039,20272039
2002|general|B01|20272|3,8,44,45,2,20272044,20272045
2002|general|B01|20272|3,9,47,51,5,20272047,20272051
2002|general|B01|20272|3,10,54,54,1,20272054,20272054
2002|general|B01|20272|3,11,56,56,1,20272056,20272056
2002|general|B01|20272|3,12,58,61,4,20272058,20272061
2002|general|B01|20272|3,13,64,66,3,20272064,20272066
2002|general|B01|20272|3,14,68,76,9,20272068,20272076
2002|general|B01|20272|3,15,82,82,1,20272082,20272082
2002|general|B01|20274|3,1,1,1,1,20274001,20274001
2002|general|B01|20274|3,2,8,8,1,20274008,20274008
2002|general|B01|20274|3,3,11,11,1,20274011,20274011
2002|general|B01|20274|3,4,14,14,1,20274014,20274014
2002|general|B01|20274|3,5,21,24,4,20274021,20274024
2002|general|B01|20274|3,6,30,32,3,20274030,20274032
2002|general|B01|20274|3,7,36,37,2,20274036,20274037
2002|general|B01|20274|3,8,42,43,2,20274042,20274043
2002|general|B01|20274|3,9,46,46,1,20274046,20274046
2002|general|B01|20274|3,10,53,53,1,20274053,20274053
2002|general|B02|20271|3,1,37,37,1,20271037,20271037
2002|general|B02|20273|3,1,6,7,2,20273006,20273007
2002|general|B02|20273|3,2,10,10,1,20273010,20273010
2002|general|B02|20273|3,3,12,12,1,20273012,20273012
2002|general|B02|20273|3,4,14,14,1,20273014,20273014
2002|general|B02|20273|3,5,16,18,3,20273016,20273018
2002|general|B02|20273|3,6,21,21,1,20273021,20273021
2002|general|B02|20273|3,7,25,26,2,20273025,20273026
2002|general|B02|20273|3,8,28,28,1,20273028,20273028
2002|general|B02|20273|3,9,31,31,1,20273031,20273031
2002|general|B02|20273|3,10,34,37,4,20273034,20273037
2002|general|B02|20273|3,11,41,41,1,20273041,20273041
2002|general|B02|20273|3,12,43,48,6,20273043,20273048
2002|general|B02|20273|3,13,50,50,1,20273050,20273050
2002|general|B02|20273|3,14,52,60,9,20273052,20273060
2002|general|B02|20273|3,15,65,65,1,20273065,20273065
2002|general|B02|20273|3,16,68,70,3,20273068,20273070
2002|general|B02|20273|3,17,75,75,1,20273075,20273075
2002|general|B02|20273|3,18,78,78,1,20273078,20273078
2002|general|B02|20273|3,19,80,80,1,20273080,20273080
2002|general|B02|20273|3,20,86,86,1,20273086,20273086
2002|general|B02|20274|3,1,3,3,1,20274003,20274003
2002|general|B03|20271|3,1,12,12,1,20271012,20271012
2002|general|B03|20271|3,2,14,14,1,20271014,20271014
2002|general|B03|20271|3,3,19,19,1,20271019,20271019
2002|general|B03|20271|3,4,32,32,1,20271032,20271032
2002|general|B03|20271|3,5,40,40,1,20271040,20271040
2002|general|B03|20271|3,6,42,42,1,20271042,20271042
2002|general|B03|20271|3,7,45,45,1,20271045,20271045
2002|general|B03|20271|3,8,47,47,1,20271047,20271047
2002|general|B03|20272|3,1,27,28,2,20272027,20272028
2002|general|B03|20272|3,2,35,35,1,20272035,20272035
2002|general|B03|20272|3,3,57,57,1,20272057,20272057
2002|general|B03|20272|3,4,63,63,1,20272063,20272063
2002|general|B03|20272|3,5,78,78,1,20272078,20272078
2002|general|B03|20273|3,1,1,5,5,20273001,20273005
2002|general|B03|20273|3,2,8,9,2,20273008,20273009
2002|general|B03|20273|3,3,11,11,1,20273011,20273011
2002|general|B03|20273|3,4,13,13,1,20273013,20273013
2002|general|B03|20273|3,5,15,15,1,20273015,20273015
2002|general|B03|20273|3,6,19,20,2,20273019,20273020
2002|general|B03|20273|3,7,22,24,3,20273022,20273024
2002|general|B03|20273|3,8,27,27,1,20273027,20273027
2002|general|B03|20273|3,9,29,30,2,20273029,20273030
2002|general|B03|20273|3,10,32,33,2,20273032,20273033
2002|general|B03|20273|3,11,38,40,3,20273038,20273040
2002|general|B03|20273|3,12,42,42,1,20273042,20273042
2002|general|B03|20273|3,13,51,51,1,20273051,20273051
2002|general|B03|20273|3,14,62,64,3,20273062,20273064
2002|general|B03|20273|3,15,66,67,2,20273066,20273067
2002|general|B03|20273|3,16,71,74,4,20273071,20273074
2002|general|B03|20273|3,17,76,77,2,20273076,20273077
2002|general|B03|20273|3,18,79,79,1,20273079,20273079
2002|general|B03|20273|3,19,81,85,5,20273081,20273085
2002|general|B03|20274|3,1,10,10,1,20274010,20274010
2002|general|B03|20274|3,2,20,20,1,20274020,20274020
2002|general|B03|20274|3,3,28,28,1,20274028,20274028
2002|general|B03|20274|3,4,45,45,1,20274045,20274045
2002|general|B03|20274|3,5,49,50,2,20274049,20274050
2002|general|B03|20274|3,6,55,57,3,20274055,20274057
2002|general|B03|20275|3,1,26,26,1,20275026,20275026
2002|general|B04|20274|3,1,4,4,1,20274004,20274004
2002|general|B04|20274|3,2,40,40,1,20274040,20274040
2002|general|B04|20275|3,1,1,25,25,20275001,20275025
2002|general|B04|20275|3,2,27,46,20,20275027,20275046
2002|general|B05|20272|3,1,26,26,1,20272026,20272026
2002|general|B05|20272|3,2,40,40,1,20272040,20272040
2002|general|B05|20272|3,3,43,43,1,20272043,20272043
2002|general|B05|20272|3,4,62,62,1,20272062,20272062
2002|general|B05|20272|3,5,77,77,1,20272077,20272077
2002|general|B05|20274|3,1,2,2,1,20274002,20274002
2002|general|B05|20274|3,2,5,7,3,20274005,20274007
2002|general|B05|20274|3,3,9,9,1,20274009,20274009
2002|general|B05|20274|3,4,12,13,2,20274012,20274013
2002|general|B05|20274|3,5,15,19,5,20274015,20274019
2002|general|B05|20274|3,6,25,27,3,20274025,20274027
2002|general|B05|20274|3,7,29,29,1,20274029,20274029
2002|general|B05|20274|3,8,34,35,2,20274034,20274035
2002|general|B05|20274|3,9,38,38,1,20274038,20274038
2002|general|B05|20274|3,10,41,41,1,20274041,20274041
2002|general|B05|20274|3,11,44,44,1,20274044,20274044
2002|general|B05|20274|3,12,47,48,2,20274047,20274048
2002|general|B05|20274|3,13,51,52,2,20274051,20274052
2002|general|B05|20274|3,14,54,54,1,20274054,20274054
2002|general|B05|20274|3,15,58,58,1,20274058,20274058
2002|general|B06|20277|3,1,1,46,46,20277001,20277046
2002|general|B07|20271|3,1,5,5,1,20271005,20271005
2002|general|B07|20271|3,2,9,10,2,20271009,20271010
2002|general|B07|20271|3,3,22,23,2,20271022,20271023
2002|general|B07|20271|3,4,27,27,1,20271027,20271027
2002|general|B07|20271|3,5,33,34,2,20271033,20271034
2002|general|B07|20271|3,6,38,38,1,20271038,20271038
2002|general|B07|20272|3,1,3,5,3,20272003,20272005
2002|general|B07|20272|3,2,10,10,1,20272010,20272010
2002|general|B07|20272|3,3,15,15,1,20272015,20272015
2002|general|B07|20272|3,4,29,33,5,20272029,20272033
2002|general|B07|20272|3,5,38,38,1,20272038,20272038
2002|general|B07|20272|3,6,41,42,2,20272041,20272042
2002|general|B07|20272|3,7,46,46,1,20272046,20272046
2002|general|B07|20272|3,8,52,53,2,20272052,20272053
2002|general|B07|20272|3,9,55,55,1,20272055,20272055
2002|general|B07|20272|3,10,67,67,1,20272067,20272067
2002|general|B07|20272|3,11,79,81,3,20272079,20272081
2002|general|B07|20272|3,12,83,85,3,20272083,20272085
2002|general|B07|20273|3,1,61,61,1,20273061,20273061
2002|general|B08|20272|3,1,36,36,1,20272036,20272036
2002|general|B08|20276|3,1,1,80,80,20276001,20276080
2002|general|B09|20274|3,1,33,33,1,20274033,20274033
2002|general|B09|20274|3,2,39,39,1,20274039,20274039
2002|joint_fund|B02|20222|3,1,201,201,1,20222201,20222201
2002|joint_fund|B02|20233|3,1,40,40,1,20233040,20233040
2002|joint_fund|B08|20236|3,1,30,30,1,20236030,20236030
2002|key|B01|20231|3,1,20,20,1,20231020,20231020
2002|key|B01|20232|3,1,10,10,1,20232010,20232010
2002|key|B01|20232|3,2,20,20,1,20232020,20232020
2002|key|B02|20233|3,1,10,10,1,20233010,20233010
2002|key|B02|20233|3,2,30,30,1,20233030,20233030
2002|key|B03|20233|3,1,20,20,1,20233020,20233020
2002|key|B03|20233|3,2,50,50,1,20233050,20233050
2002|key|B03|20234|3,1,10,10,1,20234010,20234010
2002|key|B03|20234|3,2,20,20,1,20234020,20234020
2002|key|B03|20235|3,1,20,20,1,20235020,20235020
2002|key|B04|20235|3,1,10,10,1,20235010,20235010
2002|key|B06|20237|3,1,10,10,1,20237010,20237010
2002|key|B07|20231|3,1,10,10,1,20231010,20231010
2002|key|B08|20236|3,1,10,10,1,20236010,20236010
2002|key|B08|20236|3,2,20,20,1,20236020,20236020
2002|key|B08|20236|3,3,40,40,1,20236040,20236040
2002|key|B08|20236|3,4,50,50,1,20236050,20236050
2002|major_research_plan|B01|90201|3,1,14,14,1,90201014,90201014
2002|major_research_plan|B01|90206|3,1,0,0,1,90206000,90206000
2002|major_research_plan|B01|90206|3,2,8,8,1,90206008,90206008
2002|major_research_plan|B01|90206|3,3,13,13,1,90206013,90206013
2002|major_research_plan|B01|90206|3,4,34,34,1,90206034,90206034
2002|major_research_plan|B01|90206|3,5,40,40,1,90206040,90206040
2002|major_research_plan|B02|90206|3,1,9,9,1,90206009,90206009
2002|major_research_plan|B02|90206|3,2,35,35,1,90206035,90206035
2002|major_research_plan|B02|90210|3,1,33,33,1,90210033,90210033
2002|major_research_plan|B02|90210|3,2,36,36,1,90210036,90210036
2002|major_research_plan|B03|90201|3,1,15,15,1,90201015,90201015
2002|major_research_plan|B03|90203|3,1,14,14,1,90203014,90203014
2002|major_research_plan|B03|90206|3,1,4,5,2,90206004,90206005
2002|major_research_plan|B03|90206|3,2,10,12,3,90206010,90206012
2002|major_research_plan|B03|90206|3,3,14,14,1,90206014,90206014
2002|major_research_plan|B03|90206|3,4,36,36,1,90206036,90206036
2002|major_research_plan|B03|90206|3,5,38,39,2,90206038,90206039
2002|major_research_plan|B03|90210|3,1,24,24,1,90210024,90210024
2002|major_research_plan|B04|90206|3,1,37,37,1,90206037,90206037
2002|major_research_plan|B04|90208|3,1,20,20,1,90208020,90208020
2002|major_research_plan|B04|90209|3,1,16,16,1,90209016,90209016
2002|major_research_plan|B04|90209|3,2,48,48,1,90209048,90209048
2002|major_research_plan|B04|90209|3,3,56,56,1,90209056,90209056
2002|major_research_plan|B05|90201|3,1,3,3,1,90201003,90201003
2002|major_research_plan|B05|90201|3,2,5,5,1,90201005,90201005
2002|major_research_plan|B05|90201|3,3,8,8,1,90201008,90201008
2002|major_research_plan|B05|90201|3,4,16,16,1,90201016,90201016
2002|major_research_plan|B05|90201|3,5,31,31,1,90201031,90201031
2002|major_research_plan|B05|90203|3,1,15,15,1,90203015,90203015
2002|major_research_plan|B05|90205|3,1,15,15,1,90205015,90205015
2002|major_research_plan|B05|90206|3,1,6,6,1,90206006,90206006
2002|major_research_plan|B07|90209|3,1,51,51,1,90209051,90209051
2002|major_research_plan|B08|90206|3,1,1,1,1,90206001,90206001
2002|major_research_plan|B08|90206|3,2,7,7,1,90206007,90206007
2002|major_research_plan|B08|90210|3,1,1,1,1,90210001,90210001
2002|major_research_plan|B08|90210|3,2,20,20,1,90210020,90210020
2002|major_research_plan|B08|90210|3,3,25,25,1,90210025,90210025
2002|major_research_plan|B08|90210|3,4,34,34,1,90210034,90210034
2002|regional|B01|20261|3,1,2,5,4,20261002,20261005
2002|regional|B01|20261|3,2,7,7,1,20261007,20261007
2002|regional|B01|20262|3,1,5,6,2,20262005,20262006
2002|regional|B01|20264|3,1,1,1,1,20264001,20264001
2002|regional|B02|20263|3,1,1,3,3,20263001,20263003
2002|regional|B03|20261|3,1,6,6,1,20261006,20261006
2002|regional|B04|20262|3,1,7,7,1,20262007,20262007
2002|regional|B04|20265|3,1,1,1,1,20265001,20265001
2002|regional|B05|20264|3,1,2,2,1,20264002,20264002
2002|regional|B06|20267|3,1,1,2,2,20267001,20267002
2002|regional|B07|20261|3,1,1,1,1,20261001,20261001
2002|regional|B07|20262|3,1,1,4,4,20262001,20262004
2002|regional|B08|20266|3,1,1,5,5,20266001,20266005
2002|special|B01|20241|3,1,3,4,2,20241003,20241004
2002|special|B01|20242|3,1,1,5,5,20242001,20242005
2002|special|B01|20242|3,2,8,8,1,20242008,20242008
2002|special|B01|20242|3,3,12,12,1,20242012,20242012
2002|special|B01|20244|3,1,2,2,1,20244002,20244002
2002|special|B01|20254|3,1,1,1,1,20254001,20254001
2002|special|B02|20243|3,1,2,2,1,20243002,20243002
2002|special|B02|20243|3,2,5,7,3,20243005,20243007
2002|special|B03|20243|3,1,1,1,1,20243001,20243001
2002|special|B03|20243|3,2,3,4,2,20243003,20243004
2002|special|B03|20244|3,1,3,4,2,20244003,20244004
2002|special|B04|20227|3,1,501,502,2,20227501,20227502
2002|special|B04|20245|3,1,1,4,4,20245001,20245004
2002|special|B05|20242|3,1,10,10,1,20242010,20242010
2002|special|B05|20244|3,1,1,1,1,20244001,20244001
2002|special|B05|20244|3,2,5,5,1,20244005,20244005
2002|special|B06|20247|3,1,1,3,3,20247001,20247003
2002|special|B07|20241|3,1,1,2,2,20241001,20241002
2002|special|B07|20242|3,1,6,6,1,20242006,20242006
2002|special|B07|20242|3,2,9,9,1,20242009,20242009
2002|special|B07|20242|3,3,11,11,1,20242011,20242011
2002|special|B08|20242|3,1,7,7,1,20242007,20242007
2002|special|B08|20246|3,1,1,5,5,20246001,20246005
2002|youth_c|B01|20201|3,1,1,1,1,20201001,20201001
2002|youth_c|B01|20201|3,2,3,3,1,20201003,20201003
2002|youth_c|B01|20201|3,3,6,14,9,20201006,20201014
2002|youth_c|B01|20202|3,1,1,4,4,20202001,20202004
2002|youth_c|B01|20202|3,2,6,7,2,20202006,20202007
2002|youth_c|B01|20202|3,3,9,13,5,20202009,20202013
2002|youth_c|B01|20204|3,1,1,1,1,20204001,20204001
2002|youth_c|B01|20204|3,2,5,5,1,20204005,20204005
2002|youth_c|B01|20204|3,3,13,13,1,20204013,20204013
2002|youth_c|B01|20204|3,4,15,16,2,20204015,20204016
2002|youth_c|B01|20204|3,5,19,20,2,20204019,20204020
2002|youth_c|B02|20203|3,1,2,4,3,20203002,20203004
2002|youth_c|B02|20203|3,2,6,8,3,20203006,20203008
2002|youth_c|B02|20203|3,3,10,10,1,20203010,20203010
2002|youth_c|B02|20203|3,4,12,12,1,20203012,20203012
2002|youth_c|B02|20203|3,5,14,16,3,20203014,20203016
2002|youth_c|B02|20204|3,1,3,3,1,20204003,20204003
2002|youth_c|B02|20204|3,2,6,6,1,20204006,20204006
2002|youth_c|B02|20204|3,3,17,17,1,20204017,20204017
2002|youth_c|B03|20201|3,1,2,2,1,20201002,20201002
2002|youth_c|B03|20203|3,1,1,1,1,20203001,20203001
2002|youth_c|B03|20203|3,2,5,5,1,20203005,20203005
2002|youth_c|B03|20203|3,3,9,9,1,20203009,20203009
2002|youth_c|B03|20203|3,4,11,11,1,20203011,20203011
2002|youth_c|B03|20203|3,5,13,13,1,20203013,20203013
2002|youth_c|B03|20203|3,6,17,20,4,20203017,20203020
2002|youth_c|B03|20204|3,1,4,4,1,20204004,20204004
2002|youth_c|B03|20204|3,2,11,11,1,20204011,20204011
2002|youth_c|B03|20205|3,1,3,3,1,20205003,20205003
2002|youth_c|B03|20205|3,2,5,5,1,20205005,20205005
2002|youth_c|B04|20202|3,1,15,15,1,20202015,20202015
2002|youth_c|B04|20204|3,1,7,7,1,20204007,20204007
2002|youth_c|B04|20204|3,2,12,12,1,20204012,20204012
2002|youth_c|B04|20204|3,3,14,14,1,20204014,20204014
2002|youth_c|B04|20205|3,1,1,2,2,20205001,20205002
2002|youth_c|B04|20205|3,2,4,4,1,20205004,20205004
2002|youth_c|B04|20205|3,3,6,8,3,20205006,20205008
2002|youth_c|B05|20204|3,1,2,2,1,20204002,20204002
2002|youth_c|B05|20204|3,2,8,10,3,20204008,20204010
2002|youth_c|B05|20204|3,3,18,18,1,20204018,20204018
2002|youth_c|B06|20201|3,1,4,4,1,20201004,20201004
2002|youth_c|B06|20207|3,1,1,14,14,20207001,20207014
2002|youth_c|B07|20201|3,1,5,5,1,20201005,20201005
2002|youth_c|B07|20202|3,1,5,5,1,20202005,20202005
2002|youth_c|B07|20202|3,2,14,14,1,20202014,20202014
2002|youth_c|B08|20202|3,1,8,8,1,20202008,20202008
2002|youth_c|B08|20206|3,1,1,33,33,20206001,20206033
2003|general|B01|20371|3,1,2,4,3,20371002,20371004
2003|general|B01|20371|3,2,7,8,2,20371007,20371008
2003|general|B01|20371|3,3,10,15,6,20371010,20371015
2003|general|B01|20371|3,4,19,23,5,20371019,20371023
2003|general|B01|20371|3,5,25,30,6,20371025,20371030
2003|general|B01|20371|3,6,32,34,3,20371032,20371034
2003|general|B01|20371|3,7,36,36,1,20371036,20371036
2003|general|B01|20371|3,8,38,43,6,20371038,20371043
2003|general|B01|20371|3,9,47,48,2,20371047,20371048
2003|general|B01|20371|3,10,51,52,2,20371051,20371052
2003|general|B01|20372|3,1,1,1,1,20372001,20372001
2003|general|B01|20372|3,2,9,10,2,20372009,20372010
2003|general|B01|20372|3,3,12,12,1,20372012,20372012
2003|general|B01|20372|3,4,15,16,2,20372015,20372016
2003|general|B01|20372|3,5,18,19,2,20372018,20372019
2003|general|B01|20372|3,6,24,24,1,20372024,20372024
2003|general|B01|20372|3,7,26,28,3,20372026,20372028
2003|general|B01|20372|3,8,32,34,3,20372032,20372034
2003|general|B01|20372|3,9,39,39,1,20372039,20372039
2003|general|B01|20372|3,10,41,42,2,20372041,20372042
2003|general|B01|20372|3,11,44,45,2,20372044,20372045
2003|general|B01|20372|3,12,48,51,4,20372048,20372051
2003|general|B01|20372|3,13,53,54,2,20372053,20372054
2003|general|B01|20372|3,14,56,59,4,20372056,20372059
2003|general|B01|20372|3,15,61,61,1,20372061,20372061
2003|general|B01|20372|3,16,63,66,4,20372063,20372066
2003|general|B01|20372|3,17,68,68,1,20372068,20372068
2003|general|B01|20372|3,18,70,77,8,20372070,20372077
2003|general|B01|20372|3,19,82,83,2,20372082,20372083
2003|general|B01|20374|3,1,1,1,1,20374001,20374001
2003|general|B01|20374|3,2,4,8,5,20374004,20374008
2003|general|B01|20374|3,3,10,11,2,20374010,20374011
2003|general|B01|20374|3,4,18,19,2,20374018,20374019
2003|general|B01|20374|3,5,22,23,2,20374022,20374023
2003|general|B01|20374|3,6,36,36,1,20374036,20374036
2003|general|B01|20374|3,7,42,43,2,20374042,20374043
2003|general|B01|20374|3,8,47,48,2,20374047,20374048
2003|general|B01|20374|3,9,52,53,2,20374052,20374053
2003|general|B01|20374|3,10,59,59,1,20374059,20374059
2003|general|B02|20371|3,1,37,37,1,20371037,20371037
2003|general|B02|20373|3,1,3,6,4,20373003,20373006
2003|general|B02|20373|3,2,10,12,3,20373010,20373012
2003|general|B02|20373|3,3,14,16,3,20373014,20373016
2003|general|B02|20373|3,4,18,20,3,20373018,20373020
2003|general|B02|20373|3,5,23,25,3,20373023,20373025
2003|general|B02|20373|3,6,27,27,1,20373027,20373027
2003|general|B02|20373|3,7,29,29,1,20373029,20373029
2003|general|B02|20373|3,8,31,31,1,20373031,20373031
2003|general|B02|20373|3,9,35,39,5,20373035,20373039
2003|general|B02|20373|3,10,42,43,2,20373042,20373043
2003|general|B02|20373|3,11,46,47,2,20373046,20373047
2003|general|B02|20373|3,12,49,49,1,20373049,20373049
2003|general|B02|20373|3,13,54,63,10,20373054,20373063
2003|general|B02|20373|3,14,68,69,2,20373068,20373069
2003|general|B02|20373|3,15,74,76,3,20373074,20373076
2003|general|B02|20373|3,16,81,82,2,20373081,20373082
2003|general|B02|20373|3,17,85,85,1,20373085,20373085
2003|general|B02|20373|3,18,87,87,1,20373087,20373087
2003|general|B02|20373|3,19,90,90,1,20373090,20373090
2003|general|B02|20374|3,1,14,14,1,20374014,20374014
2003|general|B03|20371|3,1,5,6,2,20371005,20371006
2003|general|B03|20371|3,2,17,17,1,20371017,20371017
2003|general|B03|20371|3,3,24,24,1,20371024,20371024
2003|general|B03|20371|3,4,35,35,1,20371035,20371035
2003|general|B03|20371|3,5,44,44,1,20371044,20371044
2003|general|B03|20371|3,6,49,49,1,20371049,20371049
2003|general|B03|20371|3,7,53,53,1,20371053,20371053
2003|general|B03|20372|3,1,11,11,1,20372011,20372011
2003|general|B03|20372|3,2,30,30,1,20372030,20372030
2003|general|B03|20372|3,3,38,38,1,20372038,20372038
2003|general|B03|20372|3,4,67,67,1,20372067,20372067
2003|general|B03|20372|3,5,80,80,1,20372080,20372080
2003|general|B03|20373|3,1,1,2,2,20373001,20373002
2003|general|B03|20373|3,2,7,9,3,20373007,20373009
2003|general|B03|20373|3,3,13,13,1,20373013,20373013
2003|general|B03|20373|3,4,17,17,1,20373017,20373017
2003|general|B03|20373|3,5,21,22,2,20373021,20373022
2003|general|B03|20373|3,6,28,28,1,20373028,20373028
2003|general|B03|20373|3,7,30,30,1,20373030,20373030
2003|general|B03|20373|3,8,32,34,3,20373032,20373034
2003|general|B03|20373|3,9,40,41,2,20373040,20373041
2003|general|B03|20373|3,10,44,45,2,20373044,20373045
2003|general|B03|20373|3,11,48,48,1,20373048,20373048
2003|general|B03|20373|3,12,50,50,1,20373050,20373050
2003|general|B03|20373|3,13,52,53,2,20373052,20373053
2003|general|B03|20373|3,14,64,67,4,20373064,20373067
2003|general|B03|20373|3,15,70,73,4,20373070,20373073
2003|general|B03|20373|3,16,77,80,4,20373077,20373080
2003|general|B03|20373|3,17,83,84,2,20373083,20373084
2003|general|B03|20373|3,18,86,86,1,20373086,20373086
2003|general|B03|20373|3,19,88,89,2,20373088,20373089
2003|general|B03|20374|3,1,3,3,1,20374003,20374003
2003|general|B03|20374|3,2,15,16,2,20374015,20374016
2003|general|B03|20374|3,3,21,21,1,20374021,20374021
2003|general|B03|20374|3,4,27,27,1,20374027,20374027
2003|general|B03|20374|3,5,30,32,3,20374030,20374032
2003|general|B03|20374|3,6,38,38,1,20374038,20374038
2003|general|B03|20374|3,7,46,46,1,20374046,20374046
2003|general|B03|20374|3,8,49,49,1,20374049,20374049
2003|general|B03|20374|3,9,51,51,1,20374051,20374051
2003|general|B03|20374|3,10,56,56,1,20374056,20374056
2003|general|B03|20375|3,1,12,12,1,20375012,20375012
2003|general|B04|20371|3,1,46,46,1,20371046,20371046
2003|general|B04|20374|3,1,50,50,1,20374050,20374050
2003|general|B04|20375|3,1,1,11,11,20375001,20375011
2003|general|B04|20375|3,2,13,51,39,20375013,20375051
2003|general|B05|20371|3,1,45,45,1,20371045,20371045
2003|general|B05|20372|3,1,22,22,1,20372022,20372022
2003|general|B05|20372|3,2,35,37,3,20372035,20372037
2003|general|B05|20372|3,3,60,60,1,20372060,20372060
2003|general|B05|20374|3,1,2,2,1,20374002,20374002
2003|general|B05|20374|3,2,9,9,1,20374009,20374009
2003|general|B05|20374|3,3,12,13,2,20374012,20374013
2003|general|B05|20374|3,4,17,17,1,20374017,20374017
2003|general|B05|20374|3,5,20,20,1,20374020,20374020
2003|general|B05|20374|3,6,24,26,3,20374024,20374026
2003|general|B05|20374|3,7,28,29,2,20374028,20374029
2003|general|B05|20374|3,8,33,35,3,20374033,20374035
2003|general|B05|20374|3,9,37,37,1,20374037,20374037
2003|general|B05|20374|3,10,39,41,3,20374039,20374041
2003|general|B05|20374|3,11,44,45,2,20374044,20374045
2003|general|B05|20374|3,12,55,55,1,20374055,20374055
2003|general|B05|20374|3,13,57,58,2,20374057,20374058
2003|general|B06|20371|3,1,9,9,1,20371009,20371009
2003|general|B06|20377|3,1,1,54,54,20377001,20377054
2003|general|B07|20371|3,1,1,1,1,20371001,20371001
2003|general|B07|20371|3,2,16,16,1,20371016,20371016
2003|general|B07|20371|3,3,18,18,1,20371018,20371018
2003|general|B07|20371|3,4,31,31,1,20371031,20371031
2003|general|B07|20371|3,5,50,50,1,20371050,20371050
2003|general|B07|20372|3,1,2,8,7,20372002,20372008
2003|general|B07|20372|3,2,13,14,2,20372013,20372014
2003|general|B07|20372|3,3,17,17,1,20372017,20372017
2003|general|B07|20372|3,4,20,21,2,20372020,20372021
2003|general|B07|20372|3,5,23,23,1,20372023,20372023
2003|general|B07|20372|3,6,25,25,1,20372025,20372025
2003|general|B07|20372|3,7,29,29,1,20372029,20372029
2003|general|B07|20372|3,8,31,31,1,20372031,20372031
2003|general|B07|20372|3,9,40,40,1,20372040,20372040
2003|general|B07|20372|3,10,43,43,1,20372043,20372043
2003|general|B07|20372|3,11,46,47,2,20372046,20372047
2003|general|B07|20372|3,12,52,52,1,20372052,20372052
2003|general|B07|20372|3,13,55,55,1,20372055,20372055
2003|general|B07|20372|3,14,62,62,1,20372062,20372062
2003|general|B07|20372|3,15,69,69,1,20372069,20372069
2003|general|B07|20372|3,16,78,79,2,20372078,20372079
2003|general|B07|20372|3,17,81,81,1,20372081,20372081
2003|general|B07|20372|3,18,84,87,4,20372084,20372087
2003|general|B07|20373|3,1,26,26,1,20373026,20373026
2003|general|B07|20373|3,2,51,51,1,20373051,20373051
2003|general|B08|20376|3,1,1,88,88,20376001,20376088
2003|general|B09|20374|3,1,54,54,1,20374054,20374054
2003|joint_fund|B01|20334|3,1,30,30,1,20334030,20334030
2003|joint_fund|B02|20333|3,1,60,60,1,20333060,20333060
2003|joint_fund|B06|20322|3,1,201,203,3,20322201,20322203
2003|key|B01|20331|3,1,10,10,1,20331010,20331010
2003|key|B01|20332|3,1,30,30,1,20332030,20332030
2003|key|B01|20332|3,2,50,50,1,20332050,20332050
2003|key|B01|20334|3,1,20,20,1,20334020,20334020
2003|key|B02|20333|3,1,30,30,1,20333030,20333030
2003|key|B02|20333|3,2,40,40,1,20333040,20333040
2003|key|B03|20331|3,1,30,30,1,20331030,20331030
2003|key|B03|20332|3,1,20,20,1,20332020,20332020
2003|key|B03|20332|3,2,40,40,1,20332040,20332040
2003|key|B03|20333|3,1,10,10,1,20333010,20333010
2003|key|B03|20333|3,2,20,20,1,20333020,20333020
2003|key|B03|20333|3,3,50,50,1,20333050,20333050
2003|key|B03|20333|3,4,70,70,1,20333070,20333070
2003|key|B03|20333|3,5,80,80,1,20333080,20333080
2003|key|B04|20335|3,1,10,10,1,20335010,20335010
2003|key|B04|20335|3,2,20,20,1,20335020,20335020
2003|key|B04|20335|3,3,30,30,1,20335030,20335030
2003|key|B04|20335|3,4,40,40,1,20335040,20335040
2003|key|B05|20332|3,1,60,60,1,20332060,20332060
2003|key|B05|20334|3,1,10,10,1,20334010,20334010
2003|key|B06|20337|3,1,10,10,1,20337010,20337010
2003|key|B06|20337|3,2,20,20,1,20337020,20337020
2003|key|B07|20331|3,1,20,20,1,20331020,20331020
2003|key|B07|20332|3,1,10,10,1,20332010,20332010
2003|key|B08|20336|3,1,10,10,1,20336010,20336010
2003|key|B08|20336|3,2,20,20,1,20336020,20336020
2003|key|B08|20336|3,3,30,30,1,20336030,20336030
2003|key|B08|20336|3,4,40,40,1,20336040,20336040
2003|major_research_plan|B01|90301|3,1,5,5,1,90301005,90301005
2003|major_research_plan|B01|90306|3,1,9,10,2,90306009,90306010
2003|major_research_plan|B01|90306|3,2,12,12,1,90306012,90306012
2003|major_research_plan|B02|90306|3,1,2,3,2,90306002,90306003
2003|major_research_plan|B02|90306|3,2,11,11,1,90306011,90306011
2003|major_research_plan|B03|90301|3,1,1,1,1,90301001,90301001
2003|major_research_plan|B03|90301|3,2,10,10,1,90301010,90301010
2003|major_research_plan|B03|90303|3,1,19,21,3,90303019,90303021
2003|major_research_plan|B03|90306|3,1,1,1,1,90306001,90306001
2003|major_research_plan|B08|90305|3,1,11,11,1,90305011,90305011
2003|regional|B01|20361|3,1,3,4,2,20361003,20361004
2003|regional|B01|20362|3,1,3,3,1,20362003,20362003
2003|regional|B01|20362|3,2,10,10,1,20362010,20362010
2003|regional|B01|20364|3,1,1,1,1,20364001,20364001
2003|regional|B02|20363|3,1,1,2,2,20363001,20363002
2003|regional|B03|20365|3,1,2,2,1,20365002,20365002
2003|regional|B04|20365|3,1,1,1,1,20365001,20365001
2003|regional|B05|20362|3,1,7,7,1,20362007,20362007
2003|regional|B05|20364|3,1,2,2,1,20364002,20364002
2003|regional|B06|20363|3,1,3,3,1,20363003,20363003
2003|regional|B06|20366|3,1,4,4,1,20366004,20366004
2003|regional|B06|20367|3,1,1,2,2,20367001,20367002
2003|regional|B07|20361|3,1,1,2,2,20361001,20361002
2003|regional|B07|20362|3,1,1,2,2,20362001,20362002
2003|regional|B07|20362|3,2,5,6,2,20362005,20362006
2003|regional|B07|20362|3,3,9,9,1,20362009,20362009
2003|regional|B08|20362|3,1,4,4,1,20362004,20362004
2003|regional|B08|20362|3,2,8,8,1,20362008,20362008
2003|regional|B08|20366|3,1,1,3,3,20366001,20366003
2003|regional|B08|20366|3,2,5,5,1,20366005,20366005
2003|special|B01|20341|3,1,1,2,2,20341001,20341002
2003|special|B01|20341|3,2,4,6,3,20341004,20341006
2003|special|B01|20342|3,1,2,2,1,20342002,20342002
2003|special|B01|20342|3,2,5,7,3,20342005,20342007
2003|special|B02|20341|3,1,3,3,1,20341003,20341003
2003|special|B02|20343|3,1,2,3,2,20343002,20343003
2003|special|B02|20343|3,2,5,6,2,20343005,20343006
2003|special|B02|20344|3,1,2,2,1,20344002,20344002
2003|special|B03|20342|3,1,1,1,1,20342001,20342001
2003|special|B03|20343|3,1,1,1,1,20343001,20343001
2003|special|B03|20343|3,2,4,4,1,20343004,20343004
2003|special|B03|20343|3,3,7,7,1,20343007,20343007
2003|special|B04|20327|3,1,1,2,2,20327001,20327002
2003|special|B04|20345|3,1,1,6,6,20345001,20345006
2003|special|B05|20344|3,1,1,1,1,20344001,20344001
2003|special|B05|20344|3,2,3,4,2,20344003,20344004
2003|special|B06|20347|3,1,1,4,4,20347001,20347004
2003|special|B07|20342|3,1,3,4,2,20342003,20342004
2003|special|B08|20327|3,1,3,3,1,20327003,20327003
2003|special|B08|20346|3,1,1,3,3,20346001,20346003
2003|youth_c|B01|20301|3,1,3,5,3,20301003,20301005
2003|youth_c|B01|20301|3,2,7,7,1,20301007,20301007
2003|youth_c|B01|20301|3,3,9,10,2,20301009,20301010
2003|youth_c|B01|20301|3,4,12,14,3,20301012,20301014
2003|youth_c|B01|20302|3,1,1,3,3,20302001,20302003
2003|youth_c|B01|20302|3,2,5,8,4,20302005,20302008
2003|youth_c|B01|20302|3,3,10,10,1,20302010,20302010
2003|youth_c|B01|20302|3,4,14,14,1,20302014,20302014
2003|youth_c|B01|20304|3,1,1,1,1,20304001,20304001
2003|youth_c|B01|20304|3,2,5,5,1,20304005,20304005
2003|youth_c|B01|20304|3,3,7,7,1,20304007,20304007
2003|youth_c|B01|20304|3,4,11,12,2,20304011,20304012
2003|youth_c|B01|20304|3,5,17,17,1,20304017,20304017
2003|youth_c|B01|20304|3,6,19,19,1,20304019,20304019
2003|youth_c|B02|20303|3,1,4,5,2,20303004,20303005
2003|youth_c|B02|20303|3,2,12,14,3,20303012,20303014
2003|youth_c|B02|20303|3,3,16,20,5,20303016,20303020
2003|youth_c|B02|20303|3,4,22,22,1,20303022,20303022
2003|youth_c|B02|20303|3,5,24,24,1,20303024,20303024
2003|youth_c|B02|20303|3,6,26,26,1,20303026,20303026
2003|youth_c|B02|20304|3,1,4,4,1,20304004,20304004
2003|youth_c|B03|20301|3,1,2,2,1,20301002,20301002
2003|youth_c|B03|20301|3,2,6,6,1,20301006,20301006
2003|youth_c|B03|20303|3,1,2,3,2,20303002,20303003
2003|youth_c|B03|20303|3,2,6,11,6,20303006,20303011
2003|youth_c|B03|20303|3,3,15,15,1,20303015,20303015
2003|youth_c|B03|20303|3,4,21,21,1,20303021,20303021
2003|youth_c|B03|20303|3,5,23,23,1,20303023,20303023
2003|youth_c|B03|20303|3,6,25,25,1,20303025,20303025
2003|youth_c|B03|20303|3,7,27,27,1,20303027,20303027
2003|youth_c|B03|20304|3,1,2,2,1,20304002,20304002
2003|youth_c|B03|20304|3,2,8,8,1,20304008,20304008
2003|youth_c|B03|20304|3,3,18,18,1,20304018,20304018
2003|youth_c|B04|20301|3,1,8,8,1,20301008,20301008
2003|youth_c|B04|20304|3,1,15,15,1,20304015,20304015
2003|youth_c|B04|20305|3,1,1,13,13,20305001,20305013
2003|youth_c|B05|20302|3,1,11,11,1,20302011,20302011
2003|youth_c|B05|20304|3,1,3,3,1,20304003,20304003
2003|youth_c|B05|20304|3,2,6,6,1,20304006,20304006
2003|youth_c|B05|20304|3,3,9,10,2,20304009,20304010
2003|youth_c|B05|20304|3,4,13,14,2,20304013,20304014
2003|youth_c|B05|20304|3,5,16,16,1,20304016,20304016
2003|youth_c|B06|20301|3,1,1,1,1,20301001,20301001
2003|youth_c|B06|20301|3,2,11,11,1,20301011,20301011
2003|youth_c|B06|20306|3,1,3,3,1,20306003,20306003
2003|youth_c|B06|20307|3,1,1,12,12,20307001,20307012
2003|youth_c|B07|20301|3,1,15,15,1,20301015,20301015
2003|youth_c|B07|20302|3,1,4,4,1,20302004,20302004
2003|youth_c|B07|20302|3,2,9,9,1,20302009,20302009
2003|youth_c|B07|20302|3,3,12,13,2,20302012,20302013
2003|youth_c|B07|20302|3,4,15,15,1,20302015,20302015
2003|youth_c|B08|20306|3,1,1,2,2,20306001,20306002
2003|youth_c|B08|20306|3,2,4,32,29,20306004,20306032
2004|general|B01|20471|3,1,2,4,3,20471002,20471004
2004|general|B01|20471|3,2,6,8,3,20471006,20471008
2004|general|B01|20471|3,3,12,12,1,20471012,20471012
2004|general|B01|20471|3,4,14,22,9,20471014,20471022
2004|general|B01|20471|3,5,26,29,4,20471026,20471029
2004|general|B01|20471|3,6,31,32,2,20471031,20471032
2004|general|B01|20471|3,7,35,35,1,20471035,20471035
2004|general|B01|20471|3,8,40,42,3,20471040,20471042
2004|general|B01|20471|3,9,45,45,1,20471045,20471045
2004|general|B01|20471|3,10,47,50,4,20471047,20471050
2004|general|B01|20471|3,11,53,54,2,20471053,20471054
2004|general|B01|20471|3,12,56,57,2,20471056,20471057
2004|general|B01|20471|3,13,60,60,1,20471060,20471060
2004|general|B01|20471|3,14,62,64,3,20471062,20471064
2004|general|B01|20471|3,15,67,67,1,20471067,20471067
2004|general|B01|20471|3,16,69,69,1,20471069,20471069
2004|general|B01|20472|3,1,2,5,4,20472002,20472005
2004|general|B01|20472|3,2,10,10,1,20472010,20472010
2004|general|B01|20472|3,3,13,13,1,20472013,20472013
2004|general|B01|20472|3,4,16,18,3,20472016,20472018
2004|general|B01|20472|3,5,21,22,2,20472021,20472022
2004|general|B01|20472|3,6,25,26,2,20472025,20472026
2004|general|B01|20472|3,7,28,36,9,20472028,20472036
2004|general|B01|20472|3,8,44,44,1,20472044,20472044
2004|general|B01|20472|3,9,47,49,3,20472047,20472049
2004|general|B01|20472|3,10,52,52,1,20472052,20472052
2004|general|B01|20472|3,11,55,56,2,20472055,20472056
2004|general|B01|20472|3,12,58,58,1,20472058,20472058
2004|general|B01|20472|3,13,60,62,3,20472060,20472062
2004|general|B01|20472|3,14,64,64,1,20472064,20472064
2004|general|B01|20472|3,15,67,72,6,20472067,20472072
2004|general|B01|20472|3,16,77,78,2,20472077,20472078
2004|general|B01|20472|3,17,80,83,4,20472080,20472083
2004|general|B01|20472|3,18,85,87,3,20472085,20472087
2004|general|B01|20472|3,19,89,92,4,20472089,20472092
2004|general|B01|20472|3,20,96,106,11,20472096,20472106
2004|general|B01|20472|3,21,110,111,2,20472110,20472111
2004|general|B01|20472|3,22,116,116,1,20472116,20472116
2004|general|B01|20474|3,1,1,3,3,20474001,20474003
2004|general|B01|20474|3,2,6,7,2,20474006,20474007
2004|general|B01|20474|3,3,15,15,1,20474015,20474015
2004|general|B01|20474|3,4,17,17,1,20474017,20474017
2004|general|B01|20474|3,5,29,31,3,20474029,20474031
2004|general|B01|20474|3,6,36,36,1,20474036,20474036
2004|general|B01|20474|3,7,41,42,2,20474041,20474042
2004|general|B01|20474|3,8,57,57,1,20474057,20474057
2004|general|B01|20474|3,9,59,59,1,20474059,20474059
2004|general|B01|20474|3,10,61,61,1,20474061,20474061
2004|general|B01|20474|3,11,67,67,1,20474067,20474067
2004|general|B02|20471|3,1,9,9,1,20471009,20471009
2004|general|B02|20471|3,2,43,43,1,20471043,20471043
2004|general|B02|20473|3,1,2,10,9,20473002,20473010
2004|general|B02|20473|3,2,14,15,2,20473014,20473015
2004|general|B02|20473|3,3,17,18,2,20473017,20473018
2004|general|B02|20473|3,4,21,22,2,20473021,20473022
2004|general|B02|20473|3,5,24,27,4,20473024,20473027
2004|general|B02|20473|3,6,32,32,1,20473032,20473032
2004|general|B02|20473|3,7,34,34,1,20473034,20473034
2004|general|B02|20473|3,8,37,41,5,20473037,20473041
2004|general|B02|20473|3,9,43,45,3,20473043,20473045
2004|general|B02|20473|3,10,49,49,1,20473049,20473049
2004|general|B02|20473|3,11,51,51,1,20473051,20473051
2004|general|B02|20473|3,12,53,53,1,20473053,20473053
2004|general|B02|20473|3,13,56,59,4,20473056,20473059
2004|general|B02|20473|3,14,63,72,10,20473063,20473072
2004|general|B02|20473|3,15,74,75,2,20473074,20473075
2004|general|B02|20473|3,16,86,89,4,20473086,20473089
2004|general|B02|20473|3,17,99,99,1,20473099,20473099
2004|general|B02|20473|3,18,101,103,3,20473101,20473103
2004|general|B02|20473|3,19,107,108,2,20473107,20473108
2004|general|B02|20473|3,20,110,111,2,20473110,20473111
2004|general|B02|20473|3,21,113,114,2,20473113,20473114
2004|general|B02|20474|3,1,37,37,1,20474037,20474037
2004|general|B02|20474|3,2,58,58,1,20474058,20474058
2004|general|B02|20474|3,3,68,68,1,20474068,20474068
2004|general|B02|20475|3,1,62,62,1,20475062,20475062
2004|general|B03|20471|3,1,10,10,1,20471010,20471010
2004|general|B03|20471|3,2,34,34,1,20471034,20471034
2004|general|B03|20471|3,3,36,36,1,20471036,20471036
2004|general|B03|20471|3,4,44,44,1,20471044,20471044
2004|general|B03|20471|3,5,46,46,1,20471046,20471046
2004|general|B03|20471|3,6,55,55,1,20471055,20471055
2004|general|B03|20471|3,7,58,59,2,20471058,20471059
2004|general|B03|20471|3,8,65,66,2,20471065,20471066
2004|general|B03|20471|3,9,68,68,1,20471068,20471068
2004|general|B03|20472|3,1,11,11,1,20472011,20472011
2004|general|B03|20472|3,2,19,19,1,20472019,20472019
2004|general|B03|20472|3,3,27,27,1,20472027,20472027
2004|general|B03|20472|3,4,38,38,1,20472038,20472038
2004|general|B03|20472|3,5,79,79,1,20472079,20472079
2004|general|B03|20472|3,6,88,88,1,20472088,20472088
2004|general|B03|20472|3,7,109,109,1,20472109,20472109
2004|general|B03|20473|3,1,1,1,1,20473001,20473001
2004|general|B03|20473|3,2,11,13,3,20473011,20473013
2004|general|B03|20473|3,3,19,20,2,20473019,20473020
2004|general|B03|20473|3,4,23,23,1,20473023,20473023
2004|general|B03|20473|3,5,28,31,4,20473028,20473031
2004|general|B03|20473|3,6,33,33,1,20473033,20473033
2004|general|B03|20473|3,7,35,36,2,20473035,20473036
2004|general|B03|20473|3,8,42,42,1,20473042,20473042
2004|general|B03|20473|3,9,46,48,3,20473046,20473048
2004|general|B03|20473|3,10,50,50,1,20473050,20473050
2004|general|B03|20473|3,11,52,52,1,20473052,20473052
2004|general|B03|20473|3,12,54,55,2,20473054,20473055
2004|general|B03|20473|3,13,60,62,3,20473060,20473062
2004|general|B03|20473|3,14,73,73,1,20473073,20473073
2004|general|B03|20473|3,15,76,85,10,20473076,20473085
2004|general|B03|20473|3,16,90,98,9,20473090,20473098
2004|general|B03|20473|3,17,100,100,1,20473100,20473100
2004|general|B03|20473|3,18,104,106,3,20473104,20473106
2004|general|B03|20473|3,19,109,109,1,20473109,20473109
2004|general|B03|20473|3,20,112,112,1,20473112,20473112
2004|general|B03|20474|3,1,11,14,4,20474011,20474014
2004|general|B03|20474|3,2,18,19,2,20474018,20474019
2004|general|B03|20474|3,3,22,22,1,20474022,20474022
2004|general|B03|20474|3,4,26,28,3,20474026,20474028
2004|general|B03|20474|3,5,33,35,3,20474033,20474035
2004|general|B03|20474|3,6,38,38,1,20474038,20474038
2004|general|B03|20474|3,7,40,40,1,20474040,20474040
2004|general|B03|20474|3,8,60,60,1,20474060,20474060
2004|general|B03|20474|3,9,65,66,2,20474065,20474066
2004|general|B03|20474|3,10,71,73,3,20474071,20474073
2004|general|B03|20475|3,1,44,44,1,20475044,20475044
2004|general|B03|20475|3,2,66,68,3,20475066,20475068
2004|general|B04|20471|3,1,51,51,1,20471051,20471051
2004|general|B04|20472|3,1,59,59,1,20472059,20472059
2004|general|B04|20472|3,2,73,73,1,20472073,20472073
2004|general|B04|20474|3,1,39,39,1,20474039,20474039
2004|general|B04|20474|3,2,74,75,2,20474074,20474075
2004|general|B04|20475|3,1,1,43,43,20475001,20475043
2004|general|B04|20475|3,2,45,61,17,20475045,20475061
2004|general|B04|20475|3,3,63,65,3,20475063,20475065
2004|general|B04|20475|3,4,69,69,1,20475069,20475069
2004|general|B05|20471|3,1,52,52,1,20471052,20471052
2004|general|B05|20472|3,1,1,1,1,20472001,20472001
2004|general|B05|20472|3,2,14,14,1,20472014,20472014
2004|general|B05|20472|3,3,23,23,1,20472023,20472023
2004|general|B05|20472|3,4,37,37,1,20472037,20472037
2004|general|B05|20472|3,5,46,46,1,20472046,20472046
2004|general|B05|20472|3,6,63,63,1,20472063,20472063
2004|general|B05|20472|3,7,74,74,1,20472074,20472074
2004|general|B05|20472|3,8,107,108,2,20472107,20472108
2004|general|B05|20474|3,1,4,5,2,20474004,20474005
2004|general|B05|20474|3,2,8,9,2,20474008,20474009
2004|general|B05|20474|3,3,16,16,1,20474016,20474016
2004|general|B05|20474|3,4,20,21,2,20474020,20474021
2004|general|B05|20474|3,5,23,25,3,20474023,20474025
2004|general|B05|20474|3,6,32,32,1,20474032,20474032
2004|general|B05|20474|3,7,43,50,8,20474043,20474050
2004|general|B05|20474|3,8,53,56,4,20474053,20474056
2004|general|B05|20474|3,9,62,64,3,20474062,20474064
2004|general|B05|20474|3,10,69,70,2,20474069,20474070
2004|general|B05|20474|3,11,76,76,1,20474076,20474076
2004|general|B06|20471|3,1,5,5,1,20471005,20471005
2004|general|B06|20471|3,2,11,11,1,20471011,20471011
2004|general|B06|20471|3,3,39,39,1,20471039,20471039
2004|general|B06|20473|3,1,16,16,1,20473016,20473016
2004|general|B06|20476|3,1,2,2,1,20476002,20476002
2004|general|B06|20476|3,2,11,11,1,20476011,20476011
2004|general|B06|20476|3,3,60,60,1,20476060,20476060
2004|general|B06|20477|3,1,1,59,59,20477001,20477059
2004|general|B07|20471|3,1,1,1,1,20471001,20471001
2004|general|B07|20471|3,2,13,13,1,20471013,20471013
2004|general|B07|20471|3,3,23,25,3,20471023,20471025
2004|general|B07|20471|3,4,30,30,1,20471030,20471030
2004|general|B07|20471|3,5,33,33,1,20471033,20471033
2004|general|B07|20471|3,6,37,38,2,20471037,20471038
2004|general|B07|20471|3,7,61,61,1,20471061,20471061
2004|general|B07|20471|3,8,70,70,1,20471070,20471070
2004|general|B07|20472|3,1,6,9,4,20472006,20472009
2004|general|B07|20472|3,2,15,15,1,20472015,20472015
2004|general|B07|20472|3,3,24,24,1,20472024,20472024
2004|general|B07|20472|3,4,39,43,5,20472039,20472043
2004|general|B07|20472|3,5,45,45,1,20472045,20472045
2004|general|B07|20472|3,6,50,50,1,20472050,20472050
2004|general|B07|20472|3,7,53,54,2,20472053,20472054
2004|general|B07|20472|3,8,57,57,1,20472057,20472057
2004|general|B07|20472|3,9,65,65,1,20472065,20472065
2004|general|B07|20472|3,10,75,76,2,20472075,20472076
2004|general|B07|20472|3,11,84,84,1,20472084,20472084
2004|general|B07|20472|3,12,93,95,3,20472093,20472095
2004|general|B07|20472|3,13,112,115,4,20472112,20472115
2004|general|B07|20472|3,14,117,117,1,20472117,20472117
2004|general|B08|20472|3,1,12,12,1,20472012,20472012
2004|general|B08|20472|3,2,20,20,1,20472020,20472020
2004|general|B08|20472|3,3,51,51,1,20472051,20472051
2004|general|B08|20472|3,4,66,66,1,20472066,20472066
2004|general|B08|20476|3,1,1,1,1,20476001,20476001
2004|general|B08|20476|3,2,3,10,8,20476003,20476010
2004|general|B08|20476|3,3,12,59,48,20476012,20476059
2004|general|B08|20476|3,4,61,109,49,20476061,20476109
2004|general|B09|20474|3,1,10,10,1,20474010,20474010
2004|general|B09|20474|3,2,51,52,2,20474051,20474052
2004|joint_fund|B08|20422|3,1,201,201,1,20422201,20422201
2004|key|B01|20431|3,1,10,10,1,20431010,20431010
2004|key|B01|20431|3,2,20,20,1,20431020,20431020
2004|key|B01|20431|3,3,30,30,1,20431030,20431030
2004|key|B01|20432|3,1,10,10,1,20432010,20432010
2004|key|B01|20432|3,2,20,20,1,20432020,20432020
2004|key|B01|20434|3,1,20,20,1,20434020,20434020
2004|key|B02|20433|3,1,30,30,1,20433030,20433030
2004|key|B02|20433|3,2,40,40,1,20433040,20433040
2004|key|B02|20433|3,3,60,60,1,20433060,20433060
2004|key|B03|20433|3,1,10,10,1,20433010,20433010
2004|key|B03|20433|3,2,20,20,1,20433020,20433020
2004|key|B03|20433|3,3,50,50,1,20433050,20433050
2004|key|B03|20433|3,4,70,70,1,20433070,20433070
2004|key|B03|20433|3,5,80,80,1,20433080,20433080
2004|key|B04|20435|3,1,10,10,1,20435010,20435010
2004|key|B04|20435|3,2,20,20,1,20435020,20435020
2004|key|B04|20435|3,3,30,30,1,20435030,20435030
2004|key|B05|20434|3,1,10,10,1,20434010,20434010
2004|key|B05|20434|3,2,30,30,1,20434030,20434030
2004|key|B06|20437|3,1,10,10,1,20437010,20437010
2004|key|B06|20437|3,2,20,20,1,20437020,20437020
2004|key|B07|20432|3,1,30,30,1,20432030,20432030
2004|key|B08|20436|3,1,20,20,1,20436020,20436020
2004|key|B08|20436|3,2,30,30,1,20436030,20436030
2004|key|B08|20436|3,3,40,40,1,20436040,20436040
2004|key|B08|20436|3,4,50,50,1,20436050,20436050
2004|major_research_plan|B01|90401|3,1,5,5,1,90401005,90401005
2004|major_research_plan|B01|90401|3,2,7,7,1,90401007,90401007
2004|major_research_plan|B01|90406|3,1,2,3,2,90406002,90406003
2004|major_research_plan|B01|90406|3,2,18,18,1,90406018,90406018
2004|major_research_plan|B01|90406|3,3,24,24,1,90406024,90406024
2004|major_research_plan|B02|90406|3,1,5,5,1,90406005,90406005
2004|major_research_plan|B02|90407|3,1,19,19,1,90407019,90407019
2004|major_research_plan|B03|90401|3,1,26,26,1,90401026,90401026
2004|major_research_plan|B03|90403|3,1,13,13,1,90403013,90403013
2004|major_research_plan|B03|90403|3,2,26,26,1,90403026,90403026
2004|major_research_plan|B03|90406|3,1,1,1,1,90406001,90406001
2004|major_research_plan|B03|90406|3,2,4,4,1,90406004,90406004
2004|major_research_plan|B03|90406|3,3,19,19,1,90406019,90406019
2004|major_research_plan|B04|90401|3,1,19,19,1,90401019,90401019
2004|major_research_plan|B04|90403|3,1,22,22,1,90403022,90403022
2004|major_research_plan|B04|90406|3,1,6,6,1,90406006,90406006
2004|major_research_plan|B04|90406|3,2,16,16,1,90406016,90406016
2004|major_research_plan|B04|90408|3,1,14,14,1,90408014,90408014
2004|major_research_plan|B04|90408|3,2,18,18,1,90408018,90408018
2004|major_research_plan|B04|90408|3,3,23,23,1,90408023,90408023
2004|major_research_plan|B05|90401|3,1,21,21,1,90401021,90401021
2004|major_research_plan|B08|90410|3,1,3,3,1,90410003,90410003
2004|major_research_plan|B08|90410|3,2,18,18,1,90410018,90410018
2004|regional|B01|20461|3,1,1,3,3,20461001,20461003
2004|regional|B01|20462|3,1,1,3,3,20462001,20462003
2004|regional|B01|20464|3,1,2,2,1,20464002,20464002
2004|regional|B02|20464|3,1,1,1,1,20464001,20464001
2004|regional|B03|20462|3,1,7,7,1,20462007,20462007
2004|regional|B03|20463|3,1,1,3,3,20463001,20463003
2004|regional|B04|20465|3,1,1,3,3,20465001,20465003
2004|regional|B06|20467|3,1,1,2,2,20467001,20467002
2004|regional|B07|20462|3,1,4,4,1,20462004,20462004
2004|regional|B07|20462|3,2,6,6,1,20462006,20462006
2004|regional|B07|20462|3,3,8,8,1,20462008,20462008
2004|regional|B08|20462|3,1,5,5,1,20462005,20462005
2004|regional|B08|20466|3,1,1,4,4,20466001,20466004
2004|special|B01|20423|3,1,1,1,1,20423001,20423001
2004|special|B01|20423|3,2,5,5,1,20423005,20423005
2004|special|B01|20424|3,1,6,6,1,20424006,20424006
2004|special|B01|20441|3,1,1,6,6,20441001,20441006
2004|special|B01|20442|3,1,4,5,2,20442004,20442005
2004|special|B01|20442|3,2,7,7,1,20442007,20442007
2004|special|B01|20452|3,1,1,1,1,20452001,20452001
2004|special|B02|20443|3,1,4,6,3,20443004,20443006
2004|special|B02|20443|3,2,8,11,4,20443008,20443011
2004|special|B03|20423|3,1,2,2,1,20423002,20423002
2004|special|B03|20423|3,2,4,4,1,20423004,20423004
2004|special|B03|20424|3,1,1,1,1,20424001,20424001
2004|special|B03|20427|3,1,1,1,1,20427001,20427001
2004|special|B03|20443|3,1,1,3,3,20443001,20443003
2004|special|B03|20443|3,2,7,7,1,20443007,20443007
2004|special|B03|20445|3,1,2,2,1,20445002,20445002
2004|special|B03|20452|3,1,2,2,1,20452002,20452002
2004|special|B04|20424|3,1,3,4,2,20424003,20424004
2004|special|B04|20427|3,1,2,3,2,20427002,20427003
2004|special|B04|20445|3,1,1,1,1,20445001,20445001
2004|special|B04|20445|3,2,3,3,1,20445003,20445003
2004|special|B05|20423|3,1,3,3,1,20423003,20423003
2004|special|B05|20442|3,1,2,2,1,20442002,20442002
2004|special|B05|20444|3,1,1,2,2,20444001,20444002
2004|special|B06|20447|3,1,1,3,3,20447001,20447003
2004|special|B07|20442|3,1,1,1,1,20442001,20442001
2004|special|B07|20442|3,2,6,6,1,20442006,20442006
2004|special|B08|20424|3,1,2,2,1,20424002,20424002
2004|special|B08|20424|3,2,5,5,1,20424005,20424005
2004|special|B08|20442|3,1,3,3,1,20442003,20442003
2004|special|B08|20446|3,1,1,4,4,20446001,20446004
2004|youth_c|B01|20401|3,1,2,3,2,20401002,20401003
2004|youth_c|B01|20401|3,2,5,6,2,20401005,20401006
2004|youth_c|B01|20401|3,3,8,15,8,20401008,20401015
2004|youth_c|B01|20402|3,1,2,2,1,20402002,20402002
2004|youth_c|B01|20402|3,2,4,7,4,20402004,20402007
2004|youth_c|B01|20402|3,3,9,13,5,20402009,20402013
2004|youth_c|B01|20402|3,4,15,15,1,20402015,20402015
2004|youth_c|B01|20402|3,5,17,18,2,20402017,20402018
2004|youth_c|B01|20402|3,6,20,22,3,20402020,20402022
2004|youth_c|B01|20404|3,1,3,3,1,20404003,20404003
2004|youth_c|B01|20404|3,2,6,6,1,20404006,20404006
2004|youth_c|B01|20404|3,3,12,12,1,20404012,20404012
2004|youth_c|B01|20404|3,4,17,17,1,20404017,20404017
2004|youth_c|B02|20401|3,1,1,1,1,20401001,20401001
2004|youth_c|B02|20403|3,1,2,2,1,20403002,20403002
2004|youth_c|B02|20403|3,2,4,6,3,20403004,20403006
2004|youth_c|B02|20403|3,3,8,10,3,20403008,20403010
2004|youth_c|B02|20403|3,4,12,12,1,20403012,20403012
2004|youth_c|B02|20403|3,5,14,14,1,20403014,20403014
2004|youth_c|B02|20403|3,6,18,18,1,20403018,20403018
2004|youth_c|B02|20403|3,7,21,23,3,20403021,20403023
2004|youth_c|B02|20403|3,8,25,26,2,20403025,20403026
2004|youth_c|B02|20403|3,9,28,28,1,20403028,20403028
2004|youth_c|B03|20401|3,1,16,16,1,20401016,20401016
2004|youth_c|B03|20402|3,1,8,8,1,20402008,20402008
2004|youth_c|B03|20403|3,1,1,1,1,20403001,20403001
2004|youth_c|B03|20403|3,2,3,3,1,20403003,20403003
2004|youth_c|B03|20403|3,3,7,7,1,20403007,20403007
2004|youth_c|B03|20403|3,4,11,11,1,20403011,20403011
2004|youth_c|B03|20403|3,5,13,13,1,20403013,20403013
2004|youth_c|B03|20403|3,6,15,17,3,20403015,20403017
2004|youth_c|B03|20403|3,7,19,20,2,20403019,20403020
2004|youth_c|B03|20403|3,8,24,24,1,20403024,20403024
2004|youth_c|B03|20403|3,9,29,29,1,20403029,20403029
2004|youth_c|B03|20404|3,1,10,11,2,20404010,20404011
2004|youth_c|B03|20404|3,2,14,14,1,20404014,20404014
2004|youth_c|B04|20404|3,1,5,5,1,20404005,20404005
2004|youth_c|B04|20405|3,1,1,17,17,20405001,20405017
2004|youth_c|B05|20402|3,1,19,19,1,20402019,20402019
2004|youth_c|B05|20404|3,1,1,2,2,20404001,20404002
2004|youth_c|B05|20404|3,2,7,9,3,20404007,20404009
2004|youth_c|B05|20404|3,3,13,13,1,20404013,20404013
2004|youth_c|B05|20404|3,4,15,16,2,20404015,20404016
2004|youth_c|B06|20401|3,1,4,4,1,20401004,20401004
2004|youth_c|B06|20407|3,1,1,17,17,20407001,20407017
2004|youth_c|B07|20401|3,1,7,7,1,20401007,20401007
2004|youth_c|B07|20402|3,1,1,1,1,20402001,20402001
2004|youth_c|B07|20402|3,2,14,14,1,20402014,20402014
2004|youth_c|B07|20402|3,3,16,16,1,20402016,20402016
2004|youth_c|B07|20402|3,4,23,25,3,20402023,20402025
2004|youth_c|B08|20406|3,1,1,24,24,20406001,20406024
2005|general|B01|20571|3,1,1,5,5,20571001,20571005
2005|general|B01|20571|3,2,9,11,3,20571009,20571011
2005|general|B01|20571|3,3,13,13,1,20571013,20571013
2005|general|B01|20571|3,4,16,17,2,20571016,20571017
2005|general|B01|20571|3,5,21,23,3,20571021,20571023
2005|general|B01|20571|3,6,25,27,3,20571025,20571027
2005|general|B01|20571|3,7,29,33,5,20571029,20571033
2005|general|B01|20571|3,8,35,37,3,20571035,20571037
2005|general|B01|20571|3,9,39,41,3,20571039,20571041
2005|general|B01|20571|3,10,44,46,3,20571044,20571046
2005|general|B01|20571|3,11,48,48,1,20571048,20571048
2005|general|B01|20571|3,12,50,52,3,20571050,20571052
2005|general|B01|20571|3,13,54,55,2,20571054,20571055
2005|general|B01|20571|3,14,57,57,1,20571057,20571057
2005|general|B01|20571|3,15,60,62,3,20571060,20571062
2005|general|B01|20571|3,16,66,66,1,20571066,20571066
2005|general|B01|20571|3,17,68,68,1,20571068,20571068
2005|general|B01|20571|3,18,71,72,2,20571071,20571072
2005|general|B01|20571|3,19,74,75,2,20571074,20571075
2005|general|B01|20571|3,20,77,82,6,20571077,20571082
2005|general|B01|20571|3,21,86,88,3,20571086,20571088
2005|general|B01|20572|3,1,1,4,4,20572001,20572004
2005|general|B01|20572|3,2,7,7,1,20572007,20572007
2005|general|B01|20572|3,3,9,11,3,20572009,20572011
2005|general|B01|20572|3,4,13,13,1,20572013,20572013
2005|general|B01|20572|3,5,15,15,1,20572015,20572015
2005|general|B01|20572|3,6,17,18,2,20572017,20572018
2005|general|B01|20572|3,7,20,20,1,20572020,20572020
2005|general|B01|20572|3,8,25,25,1,20572025,20572025
2005|general|B01|20572|3,9,27,28,2,20572027,20572028
2005|general|B01|20572|3,10,31,32,2,20572031,20572032
2005|general|B01|20572|3,11,35,39,5,20572035,20572039
2005|general|B01|20572|3,12,41,42,2,20572041,20572042
2005|general|B01|20572|3,13,44,51,8,20572044,20572051
2005|general|B01|20572|3,14,56,59,4,20572056,20572059
2005|general|B01|20572|3,15,66,66,1,20572066,20572066
2005|general|B01|20572|3,16,68,70,3,20572068,20572070
2005|general|B01|20572|3,17,72,72,1,20572072,20572072
2005|general|B01|20572|3,18,75,75,1,20572075,20572075
2005|general|B01|20572|3,19,78,80,3,20572078,20572080
2005|general|B01|20572|3,20,85,88,4,20572085,20572088
2005|general|B01|20572|3,21,90,96,7,20572090,20572096
2005|general|B01|20572|3,22,99,101,3,20572099,20572101
2005|general|B01|20572|3,23,104,106,3,20572104,20572106
2005|general|B01|20572|3,24,108,114,7,20572108,20572114
2005|general|B01|20572|3,25,118,124,7,20572118,20572124
2005|general|B01|20572|3,26,130,131,2,20572130,20572131
2005|general|B01|20574|3,1,3,3,1,20574003,20574003
2005|general|B01|20574|3,2,5,5,1,20574005,20574005
2005|general|B01|20574|3,3,7,11,5,20574007,20574011
2005|general|B01|20574|3,4,20,20,1,20574020,20574020
2005|general|B01|20574|3,5,27,27,1,20574027,20574027
2005|general|B01|20574|3,6,32,33,2,20574032,20574033
2005|general|B01|20574|3,7,36,36,1,20574036,20574036
2005|general|B01|20574|3,8,41,41,1,20574041,20574041
2005|general|B01|20574|3,9,43,44,2,20574043,20574044
2005|general|B01|20574|3,10,46,46,1,20574046,20574046
2005|general|B01|20574|3,11,49,50,2,20574049,20574050
2005|general|B01|20574|3,12,53,54,2,20574053,20574054
2005|general|B01|20574|3,13,56,56,1,20574056,20574056
2005|general|B01|20574|3,14,62,62,1,20574062,20574062
2005|general|B01|20574|3,15,66,66,1,20574066,20574066
2005|general|B01|20574|3,16,86,88,3,20574086,20574088
2005|general|B02|20573|3,1,4,8,5,20573004,20573008
2005|general|B02|20573|3,2,10,10,1,20573010,20573010
2005|general|B02|20573|3,3,13,15,3,20573013,20573015
2005|general|B02|20573|3,4,17,20,4,20573017,20573020
2005|general|B02|20573|3,5,24,26,3,20573024,20573026
2005|general|B02|20573|3,6,29,29,1,20573029,20573029
2005|general|B02|20573|3,7,31,31,1,20573031,20573031
2005|general|B02|20573|3,8,33,33,1,20573033,20573033
2005|general|B02|20573|3,9,35,39,5,20573035,20573039
2005|general|B02|20573|3,10,44,45,2,20573044,20573045
2005|general|B02|20573|3,11,48,48,1,20573048,20573048
2005|general|B02|20573|3,12,52,53,2,20573052,20573053
2005|general|B02|20573|3,13,56,57,2,20573056,20573057
2005|general|B02|20573|3,14,59,62,4,20573059,20573062
2005|general|B02|20573|3,15,65,69,5,20573065,20573069
2005|general|B02|20573|3,16,71,73,3,20573071,20573073
2005|general|B02|20573|3,17,75,82,8,20573075,20573082
2005|general|B02|20573|3,18,85,87,3,20573085,20573087
2005|general|B02|20573|3,19,89,89,1,20573089,20573089
2005|general|B02|20573|3,20,91,91,1,20573091,20573091
2005|general|B02|20573|3,21,94,95,2,20573094,20573095
2005|general|B02|20573|3,22,98,98,1,20573098,20573098
2005|general|B02|20573|3,23,103,105,3,20573103,20573105
2005|general|B02|20573|3,24,107,108,2,20573107,20573108
2005|general|B02|20573|3,25,120,121,2,20573120,20573121
2005|general|B02|20573|3,26,124,124,1,20573124,20573124
2005|general|B02|20573|3,27,126,126,1,20573126,20573126
2005|general|B02|20573|3,28,128,129,2,20573128,20573129
2005|general|B02|20573|3,29,135,136,2,20573135,20573136
2005|general|B02|20574|3,1,29,29,1,20574029,20574029
2005|general|B02|20574|3,2,58,59,2,20574058,20574059
2005|general|B02|20575|3,1,61,61,1,20575061,20575061
2005|general|B03|20571|3,1,8,8,1,20571008,20571008
2005|general|B03|20571|3,2,12,12,1,20571012,20571012
2005|general|B03|20571|3,3,14,15,2,20571014,20571015
2005|general|B03|20571|3,4,19,20,2,20571019,20571020
2005|general|B03|20571|3,5,24,24,1,20571024,20571024
2005|general|B03|20571|3,6,47,47,1,20571047,20571047
2005|general|B03|20571|3,7,49,49,1,20571049,20571049
2005|general|B03|20571|3,8,59,59,1,20571059,20571059
2005|general|B03|20571|3,9,63,65,3,20571063,20571065
2005|general|B03|20571|3,10,67,67,1,20571067,20571067
2005|general|B03|20571|3,11,70,70,1,20571070,20571070
2005|general|B03|20571|3,12,73,73,1,20571073,20571073
2005|general|B03|20571|3,13,83,83,1,20571083,20571083
2005|general|B03|20572|3,1,33,33,1,20572033,20572033
2005|general|B03|20572|3,2,40,40,1,20572040,20572040
2005|general|B03|20572|3,3,52,52,1,20572052,20572052
2005|general|B03|20572|3,4,67,67,1,20572067,20572067
2005|general|B03|20572|3,5,71,71,1,20572071,20572071
2005|general|B03|20572|3,6,73,73,1,20572073,20572073
2005|general|B03|20572|3,7,117,117,1,20572117,20572117
2005|general|B03|20572|3,8,125,126,2,20572125,20572126
2005|general|B03|20573|3,1,1,3,3,20573001,20573003
2005|general|B03|20573|3,2,9,9,1,20573009,20573009
2005|general|B03|20573|3,3,11,12,2,20573011,20573012
2005|general|B03|20573|3,4,16,16,1,20573016,20573016
2005|general|B03|20573|3,5,21,23,3,20573021,20573023
2005|general|B03|20573|3,6,27,28,2,20573027,20573028
2005|general|B03|20573|3,7,30,30,1,20573030,20573030
2005|general|B03|20573|3,8,32,32,1,20573032,20573032
2005|general|B03|20573|3,9,34,34,1,20573034,20573034
2005|general|B03|20573|3,10,40,43,4,20573040,20573043
2005|general|B03|20573|3,11,46,47,2,20573046,20573047
2005|general|B03|20573|3,12,49,51,3,20573049,20573051
2005|general|B03|20573|3,13,55,55,1,20573055,20573055
2005|general|B03|20573|3,14,58,58,1,20573058,20573058
2005|general|B03|20573|3,15,63,64,2,20573063,20573064
2005|general|B03|20573|3,16,70,70,1,20573070,20573070
2005|general|B03|20573|3,17,74,74,1,20573074,20573074
2005|general|B03|20573|3,18,83,84,2,20573083,20573084
2005|general|B03|20573|3,19,88,88,1,20573088,20573088
2005|general|B03|20573|3,20,90,90,1,20573090,20573090
2005|general|B03|20573|3,21,92,93,2,20573092,20573093
2005|general|B03|20573|3,22,96,97,2,20573096,20573097
2005|general|B03|20573|3,23,99,102,4,20573099,20573102
2005|general|B03|20573|3,24,106,106,1,20573106,20573106
2005|general|B03|20573|3,25,109,119,11,20573109,20573119
2005|general|B03|20573|3,26,122,123,2,20573122,20573123
2005|general|B03|20573|3,27,125,125,1,20573125,20573125
2005|general|B03|20573|3,28,127,127,1,20573127,20573127
2005|general|B03|20573|3,29,130,134,5,20573130,20573134
2005|general|B03|20574|3,1,15,16,2,20574015,20574016
2005|general|B03|20574|3,2,18,18,1,20574018,20574018
2005|general|B03|20574|3,3,23,23,1,20574023,20574023
2005|general|B03|20574|3,4,60,60,1,20574060,20574060
2005|general|B03|20574|3,5,65,65,1,20574065,20574065
2005|general|B03|20574|3,6,68,69,2,20574068,20574069
2005|general|B03|20574|3,7,79,80,2,20574079,20574080
2005|general|B03|20574|3,8,82,84,3,20574082,20574084
2005|general|B03|20575|3,1,24,24,1,20575024,20575024
2005|general|B03|20575|3,2,31,31,1,20575031,20575031
2005|general|B03|20575|3,3,82,82,1,20575082,20575082
2005|general|B04|20572|3,1,8,8,1,20572008,20572008
2005|general|B04|20572|3,2,83,83,1,20572083,20572083
2005|general|B04|20574|3,1,45,45,1,20574045,20574045
2005|general|B04|20574|3,2,52,52,1,20574052,20574052
2005|general|B04|20574|3,3,70,70,1,20574070,20574070
2005|general|B04|20574|3,4,81,81,1,20574081,20574081
2005|general|B04|20574|3,5,85,85,1,20574085,20574085
2005|general|B04|20575|3,1,1,23,23,20575001,20575023
2005|general|B04|20575|3,2,25,30,6,20575025,20575030
2005|general|B04|20575|3,3,32,60,29,20575032,20575060
2005|general|B04|20575|3,4,62,81,20,20575062,20575081
2005|general|B05|20572|3,1,14,14,1,20572014,20572014
2005|general|B05|20572|3,2,26,26,1,20572026,20572026
2005|general|B05|20572|3,3,29,29,1,20572029,20572029
2005|general|B05|20572|3,4,62,62,1,20572062,20572062
2005|general|B05|20572|3,5,64,65,2,20572064,20572065
2005|general|B05|20572|3,6,77,77,1,20572077,20572077
2005|general|B05|20572|3,7,89,89,1,20572089,20572089
2005|general|B05|20572|3,8,97,97,1,20572097,20572097
2005|general|B05|20572|3,9,102,102,1,20572102,20572102
2005|general|B05|20574|3,1,1,2,2,20574001,20574002
2005|general|B05|20574|3,2,4,4,1,20574004,20574004
2005|general|B05|20574|3,3,6,6,1,20574006,20574006
2005|general|B05|20574|3,4,12,14,3,20574012,20574014
2005|general|B05|20574|3,5,19,19,1,20574019,20574019
2005|general|B05|20574|3,6,21,22,2,20574021,20574022
2005|general|B05|20574|3,7,24,26,3,20574024,20574026
2005|general|B05|20574|3,8,28,28,1,20574028,20574028
2005|general|B05|20574|3,9,30,31,2,20574030,20574031
2005|general|B05|20574|3,10,34,34,1,20574034,20574034
2005|general|B05|20574|3,11,37,40,4,20574037,20574040
2005|general|B05|20574|3,12,42,42,1,20574042,20574042
2005|general|B05|20574|3,13,47,48,2,20574047,20574048
2005|general|B05|20574|3,14,51,51,1,20574051,20574051
2005|general|B05|20574|3,15,55,55,1,20574055,20574055
2005|general|B05|20574|3,16,57,57,1,20574057,20574057
2005|general|B05|20574|3,17,63,64,2,20574063,20574064
2005|general|B05|20574|3,18,67,67,1,20574067,20574067
2005|general|B05|20574|3,19,71,78,8,20574071,20574078
2005|general|B05|20574|3,20,89,89,1,20574089,20574089
2005|general|B06|20571|3,1,53,53,1,20571053,20571053
2005|general|B06|20571|3,2,76,76,1,20571076,20571076
2005|general|B06|20571|3,3,85,85,1,20571085,20571085
2005|general|B06|20576|3,1,3,3,1,20576003,20576003
2005|general|B06|20576|3,2,15,15,1,20576015,20576015
2005|general|B06|20576|3,3,53,53,1,20576053,20576053
2005|general|B06|20577|3,1,1,72,72,20577001,20577072
2005|general|B07|20571|3,1,6,7,2,20571006,20571007
2005|general|B07|20571|3,2,18,18,1,20571018,20571018
2005|general|B07|20571|3,3,28,28,1,20571028,20571028
2005|general|B07|20571|3,4,34,34,1,20571034,20571034
2005|general|B07|20571|3,5,38,38,1,20571038,20571038
2005|general|B07|20571|3,6,42,43,2,20571042,20571043
2005|general|B07|20571|3,7,56,56,1,20571056,20571056
2005|general|B07|20571|3,8,58,58,1,20571058,20571058
2005|general|B07|20571|3,9,69,69,1,20571069,20571069
2005|general|B07|20571|3,10,84,84,1,20571084,20571084
2005|general|B07|20571|3,11,89,89,1,20571089,20571089
2005|general|B07|20572|3,1,5,6,2,20572005,20572006
2005|general|B07|20572|3,2,16,16,1,20572016,20572016
2005|general|B07|20572|3,3,19,19,1,20572019,20572019
2005|general|B07|20572|3,4,22,24,3,20572022,20572024
2005|general|B07|20572|3,5,30,30,1,20572030,20572030
2005|general|B07|20572|3,6,34,34,1,20572034,20572034
2005|general|B07|20572|3,7,43,43,1,20572043,20572043
2005|general|B07|20572|3,8,53,55,3,20572053,20572055
2005|general|B07|20572|3,9,60,61,2,20572060,20572061
2005|general|B07|20572|3,10,63,63,1,20572063,20572063
2005|general|B07|20572|3,11,74,74,1,20572074,20572074
2005|general|B07|20572|3,12,76,76,1,20572076,20572076
2005|general|B07|20572|3,13,81,82,2,20572081,20572082
2005|general|B07|20572|3,14,84,84,1,20572084,20572084
2005|general|B07|20572|3,15,98,98,1,20572098,20572098
2005|general|B07|20572|3,16,103,103,1,20572103,20572103
2005|general|B07|20572|3,17,107,107,1,20572107,20572107
2005|general|B07|20572|3,18,115,116,2,20572115,20572116
2005|general|B07|20572|3,19,127,129,3,20572127,20572129
2005|general|B07|20572|3,20,132,136,5,20572132,20572136
2005|general|B08|20572|3,1,12,12,1,20572012,20572012
2005|general|B08|20572|3,2,21,21,1,20572021,20572021
2005|general|B08|20576|3,1,1,2,2,20576001,20576002
2005|general|B08|20576|3,2,4,14,11,20576004,20576014
2005|general|B08|20576|3,3,16,41,26,20576016,20576041
2005|general|B08|20576|3,4,43,52,10,20576043,20576052
2005|general|B08|20576|3,5,54,142,89,20576054,20576142
2005|general|B09|20574|3,1,17,17,1,20574017,20574017
2005|general|B09|20574|3,2,35,35,1,20574035,20574035
2005|general|B09|20574|3,3,61,61,1,20574061,20574061
2005|key|B01|20531|3,1,10,10,1,20531010,20531010
2005|key|B01|20531|3,2,20,20,1,20531020,20531020
2005|key|B01|20531|3,3,30,30,1,20531030,20531030
2005|key|B01|20531|3,4,40,40,1,20531040,20531040
2005|key|B01|20531|3,5,50,50,1,20531050,20531050
2005|key|B01|20531|3,6,60,60,1,20531060,20531060
2005|key|B01|20531|3,7,70,70,1,20531070,20531070
2005|key|B01|20532|3,1,10,10,1,20532010,20532010
2005|key|B01|20532|3,2,40,40,1,20532040,20532040
2005|key|B01|20532|3,3,50,50,1,20532050,20532050
2005|key|B01|20534|3,1,10,10,1,20534010,20534010
2005|key|B03|20532|3,1,30,30,1,20532030,20532030
2005|key|B03|20533|3,1,10,10,1,20533010,20533010
2005|key|B03|20533|3,2,20,20,1,20533020,20533020
2005|key|B03|20533|3,3,30,30,1,20533030,20533030
2005|key|B03|20533|3,4,40,40,1,20533040,20533040
2005|key|B03|20533|3,5,50,50,1,20533050,20533050
2005|key|B03|20533|3,6,60,60,1,20533060,20533060
2005|key|B03|20533|3,7,70,70,1,20533070,20533070
2005|key|B03|20533|3,8,80,80,1,20533080,20533080
2005|key|B04|20535|3,1,10,10,1,20535010,20535010
2005|key|B04|20535|3,2,20,20,1,20535020,20535020
2005|key|B05|20534|3,1,20,20,1,20534020,20534020
2005|key|B05|20534|3,2,30,30,1,20534030,20534030
2005|key|B05|20534|3,3,40,40,1,20534040,20534040
2005|key|B06|20537|3,1,10,10,1,20537010,20537010
2005|key|B06|20537|3,2,20,20,1,20537020,20537020
2005|key|B07|20532|3,1,20,20,1,20532020,20532020
2005|key|B08|20536|3,1,10,10,1,20536010,20536010
2005|key|B08|20536|3,2,20,20,1,20536020,20536020
2005|key|B08|20536|3,3,30,30,1,20536030,20536030
2005|key|B08|20536|3,4,40,40,1,20536040,20536040
2005|key|B08|20536|3,5,50,50,1,20536050,20536050
2005|major_research_plan|B02|90510|3,1,12,12,1,90510012,90510012
2005|major_research_plan|B08|90510|3,1,8,8,1,90510008,90510008
2005|major_research_plan|B08|90510|3,2,13,13,1,90510013,90510013
2005|regional|B01|20561|3,1,1,4,4,20561001,20561004
2005|regional|B01|20562|3,1,5,5,1,20562005,20562005
2005|regional|B01|20562|3,2,7,7,1,20562007,20562007
2005|regional|B01|20562|3,3,10,10,1,20562010,20562010
2005|regional|B01|20562|3,4,12,14,3,20562012,20562014
2005|regional|B01|20564|3,1,1,1,1,20564001,20564001
2005|regional|B02|20563|3,1,1,1,1,20563001,20563001
2005|regional|B02|20563|3,2,3,4,2,20563003,20563004
2005|regional|B03|20562|3,1,11,11,1,20562011,20562011
2005|regional|B03|20563|3,1,2,2,1,20563002,20563002
2005|regional|B03|20563|3,2,5,5,1,20563005,20563005
2005|regional|B04|20565|3,1,1,4,4,20565001,20565004
2005|regional|B05|20564|3,1,2,2,1,20564002,20564002
2005|regional|B06|20566|3,1,3,3,1,20566003,20566003
2005|regional|B06|20567|3,1,1,4,4,20567001,20567004
2005|regional|B07|20562|3,1,1,4,4,20562001,20562004
2005|regional|B07|20562|3,2,6,6,1,20562006,20562006
2005|regional|B07|20562|3,3,8,9,2,20562008,20562009
2005|regional|B07|20562|3,4,15,15,1,20562015,20562015
2005|regional|B08|20566|3,1,1,2,2,20566001,20566002
2005|regional|B08|20566|3,2,4,5,2,20566004,20566005
2005|special|B01|20541|3,1,3,3,1,20541003,20541003
2005|special|B01|20542|3,1,1,1,1,20542001,20542001
2005|special|B01|20542|3,2,3,4,2,20542003,20542004
2005|special|B01|20542|3,3,6,9,4,20542006,20542009
2005|special|B01|20544|3,1,4,4,1,20544004,20544004
2005|special|B02|20543|3,1,1,1,1,20543001,20543001
2005|special|B02|20543|3,2,3,7,5,20543003,20543007
2005|special|B03|20527|3,1,1,2,2,20527001,20527002
2005|special|B03|20541|3,1,1,2,2,20541001,20541002
2005|special|B03|20542|3,1,2,2,1,20542002,20542002
2005|special|B03|20544|3,1,3,3,1,20544003,20544003
2005|special|B04|20527|3,1,3,5,3,20527003,20527005
2005|special|B04|20545|3,1,1,2,2,20545001,20545002
2005|special|B05|20544|3,1,1,2,2,20544001,20544002
2005|special|B06|20547|3,1,1,1,1,20547001,20547001
2005|special|B07|20542|3,1,5,5,1,20542005,20542005
2005|special|B07|20543|3,1,2,2,1,20543002,20543002
2005|special|B08|20546|3,1,1,5,5,20546001,20546005
2005|youth_c|B01|20501|3,1,1,3,3,20501001,20501003
2005|youth_c|B01|20501|3,2,5,6,2,20501005,20501006
2005|youth_c|B01|20501|3,3,9,9,1,20501009,20501009
2005|youth_c|B01|20501|3,4,11,18,8,20501011,20501018
2005|youth_c|B01|20502|3,1,1,1,1,20502001,20502001
2005|youth_c|B01|20502|3,2,3,4,2,20502003,20502004
2005|youth_c|B01|20502|3,3,7,8,2,20502007,20502008
2005|youth_c|B01|20502|3,4,12,15,4,20502012,20502015
2005|youth_c|B01|20502|3,5,17,20,4,20502017,20502020
2005|youth_c|B01|20502|3,6,23,25,3,20502023,20502025
2005|youth_c|B01|20502|3,7,29,29,1,20502029,20502029
2005|youth_c|B01|20502|3,8,33,33,1,20502033,20502033
2005|youth_c|B01|20504|3,1,6,6,1,20504006,20504006
2005|youth_c|B01|20504|3,2,15,15,1,20504015,20504015
2005|youth_c|B01|20504|3,3,20,23,4,20504020,20504023
2005|youth_c|B01|20504|3,4,26,26,1,20504026,20504026
2005|youth_c|B02|20503|3,1,3,7,5,20503003,20503007
2005|youth_c|B02|20503|3,2,9,9,1,20503009,20503009
2005|youth_c|B02|20503|3,3,11,12,2,20503011,20503012
2005|youth_c|B02|20503|3,4,16,16,1,20503016,20503016
2005|youth_c|B02|20503|3,5,19,20,2,20503019,20503020
2005|youth_c|B02|20503|3,6,23,24,2,20503023,20503024
2005|youth_c|B02|20503|3,7,27,27,1,20503027,20503027
2005|youth_c|B02|20503|3,8,31,34,4,20503031,20503034
2005|youth_c|B02|20503|3,9,36,36,1,20503036,20503036
2005|youth_c|B02|20503|3,10,38,40,3,20503038,20503040
2005|youth_c|B03|20501|3,1,7,7,1,20501007,20501007
2005|youth_c|B03|20501|3,2,21,21,1,20501021,20501021
2005|youth_c|B03|20501|3,3,23,23,1,20501023,20501023
2005|youth_c|B03|20502|3,1,5,5,1,20502005,20502005
2005|youth_c|B03|20502|3,2,10,10,1,20502010,20502010
2005|youth_c|B03|20502|3,3,22,22,1,20502022,20502022
2005|youth_c|B03|20503|3,1,1,2,2,20503001,20503002
2005|youth_c|B03|20503|3,2,8,8,1,20503008,20503008
2005|youth_c|B03|20503|3,3,10,10,1,20503010,20503010
2005|youth_c|B03|20503|3,4,13,15,3,20503013,20503015
2005|youth_c|B03|20503|3,5,17,18,2,20503017,20503018
2005|youth_c|B03|20503|3,6,21,22,2,20503021,20503022
2005|youth_c|B03|20503|3,7,25,26,2,20503025,20503026
2005|youth_c|B03|20503|3,8,28,30,3,20503028,20503030
2005|youth_c|B03|20503|3,9,35,35,1,20503035,20503035
2005|youth_c|B03|20503|3,10,41,41,1,20503041,20503041
2005|youth_c|B03|20504|3,1,4,4,1,20504004,20504004
2005|youth_c|B03|20504|3,2,13,14,2,20504013,20504014
2005|youth_c|B03|20504|3,3,16,16,1,20504016,20504016
2005|youth_c|B03|20504|3,4,19,19,1,20504019,20504019
2005|youth_c|B03|20505|3,1,15,15,1,20505015,20505015
2005|youth_c|B04|20504|3,1,8,8,1,20504008,20504008
2005|youth_c|B04|20504|3,2,27,27,1,20504027,20504027
2005|youth_c|B04|20505|3,1,1,12,12,20505001,20505012
2005|youth_c|B04|20505|3,2,14,14,1,20505014,20505014
2005|youth_c|B04|20505|3,3,16,20,5,20505016,20505020
2005|youth_c|B05|20504|3,1,1,3,3,20504001,20504003
2005|youth_c|B05|20504|3,2,5,5,1,20504005,20504005
2005|youth_c|B05|20504|3,3,7,7,1,20504007,20504007
2005|youth_c|B05|20504|3,4,9,12,4,20504009,20504012
2005|youth_c|B05|20504|3,5,17,18,2,20504017,20504018
2005|youth_c|B05|20504|3,6,24,25,2,20504024,20504025
2005|youth_c|B06|20501|3,1,4,4,1,20501004,20501004
2005|youth_c|B06|20501|3,2,10,10,1,20501010,20501010
2005|youth_c|B06|20501|3,3,19,19,1,20501019,20501019
2005|youth_c|B06|20501|3,4,22,22,1,20501022,20501022
2005|youth_c|B06|20506|3,1,14,14,1,20506014,20506014
2005|youth_c|B06|20507|3,1,1,19,19,20507001,20507019
2005|youth_c|B06|20507|3,2,21,23,3,20507021,20507023
2005|youth_c|B07|20501|3,1,8,8,1,20501008,20501008
2005|youth_c|B07|20501|3,2,20,20,1,20501020,20501020
2005|youth_c|B07|20502|3,1,2,2,1,20502002,20502002
2005|youth_c|B07|20502|3,2,6,6,1,20502006,20502006
2005|youth_c|B07|20502|3,3,9,9,1,20502009,20502009
2005|youth_c|B07|20502|3,4,11,11,1,20502011,20502011
2005|youth_c|B07|20502|3,5,16,16,1,20502016,20502016
2005|youth_c|B07|20502|3,6,21,21,1,20502021,20502021
2005|youth_c|B07|20502|3,7,26,28,3,20502026,20502028
2005|youth_c|B07|20502|3,8,30,32,3,20502030,20502032
2005|youth_c|B07|20502|3,9,34,36,3,20502034,20502036
2005|youth_c|B08|20506|3,1,1,13,13,20506001,20506013
2005|youth_c|B08|20506|3,2,16,29,14,20506016,20506029
2006|general|B01|20671|3,1,2,7,6,20671002,20671007
2006|general|B01|20671|3,2,9,11,3,20671009,20671011
2006|general|B01|20671|3,3,15,16,2,20671015,20671016
2006|general|B01|20671|3,4,20,21,2,20671020,20671021
2006|general|B01|20671|3,5,24,25,2,20671024,20671025
2006|general|B01|20671|3,6,27,31,5,20671027,20671031
2006|general|B01|20671|3,7,33,33,1,20671033,20671033
2006|general|B01|20671|3,8,36,36,1,20671036,20671036
2006|general|B01|20671|3,9,38,41,4,20671038,20671041
2006|general|B01|20671|3,10,43,43,1,20671043,20671043
2006|general|B01|20671|3,11,45,50,6,20671045,20671050
2006|general|B01|20671|3,12,52,55,4,20671052,20671055
2006|general|B01|20671|3,13,57,64,8,20671057,20671064
2006|general|B01|20671|3,14,66,66,1,20671066,20671066
2006|general|B01|20671|3,15,68,68,1,20671068,20671068
2006|general|B01|20671|3,16,70,72,3,20671070,20671072
2006|general|B01|20671|3,17,74,79,6,20671074,20671079
2006|general|B01|20671|3,18,82,85,4,20671082,20671085
2006|general|B01|20671|3,19,89,91,3,20671089,20671091
2006|general|B01|20671|3,20,93,94,2,20671093,20671094
2006|general|B01|20671|3,21,96,97,2,20671096,20671097
2006|general|B01|20672|3,1,1,1,1,20672001,20672001
2006|general|B01|20672|3,2,3,6,4,20672003,20672006
2006|general|B01|20672|3,3,13,14,2,20672013,20672014
2006|general|B01|20672|3,4,16,16,1,20672016,20672016
2006|general|B01|20672|3,5,19,20,2,20672019,20672020
2006|general|B01|20672|3,6,25,26,2,20672025,20672026
2006|general|B01|20672|3,7,28,28,1,20672028,20672028
2006|general|B01|20672|3,8,32,34,3,20672032,20672034
2006|general|B01|20672|3,9,36,38,3,20672036,20672038
2006|general|B01|20672|3,10,40,40,1,20672040,20672040
2006|general|B01|20672|3,11,45,46,2,20672045,20672046
2006|general|B01|20672|3,12,48,51,4,20672048,20672051
2006|general|B01|20672|3,13,53,57,5,20672053,20672057
2006|general|B01|20672|3,14,65,66,2,20672065,20672066
2006|general|B01|20672|3,15,71,76,6,20672071,20672076
2006|general|B01|20672|3,16,79,79,1,20672079,20672079
2006|general|B01|20672|3,17,82,83,2,20672082,20672083
2006|general|B01|20672|3,18,86,86,1,20672086,20672086
2006|general|B01|20672|3,19,88,90,3,20672088,20672090
2006|general|B01|20672|3,20,92,96,5,20672092,20672096
2006|general|B01|20672|3,21,99,100,2,20672099,20672100
2006|general|B01|20672|3,22,102,102,1,20672102,20672102
2006|general|B01|20672|3,23,105,108,4,20672105,20672108
2006|general|B01|20672|3,24,110,112,3,20672110,20672112
2006|general|B01|20672|3,25,115,116,2,20672115,20672116
2006|general|B01|20672|3,26,122,123,2,20672122,20672123
2006|general|B01|20672|3,27,126,132,7,20672126,20672132
2006|general|B01|20672|3,28,139,139,1,20672139,20672139
2006|general|B01|20672|3,29,141,142,2,20672141,20672142
2006|general|B01|20672|3,30,148,148,1,20672148,20672148
2006|general|B01|20674|3,1,1,3,3,20674001,20674003
2006|general|B01|20674|3,2,6,8,3,20674006,20674008
2006|general|B01|20674|3,3,17,17,1,20674017,20674017
2006|general|B01|20674|3,4,24,24,1,20674024,20674024
2006|general|B01|20674|3,5,32,33,2,20674032,20674033
2006|general|B01|20674|3,6,38,39,2,20674038,20674039
2006|general|B01|20674|3,7,41,42,2,20674041,20674042
2006|general|B01|20674|3,8,48,49,2,20674048,20674049
2006|general|B01|20674|3,9,56,56,1,20674056,20674056
2006|general|B01|20674|3,10,60,60,1,20674060,20674060
2006|general|B01|20674|3,11,64,64,1,20674064,20674064
2006|general|B01|20674|3,12,67,67,1,20674067,20674067
2006|general|B01|20674|3,13,75,76,2,20674075,20674076
2006|general|B01|20674|3,14,80,82,3,20674080,20674082
2006|general|B01|20674|3,15,89,89,1,20674089,20674089
2006|general|B01|20674|3,16,94,94,1,20674094,20674094
2006|general|B01|20674|3,17,97,97,1,20674097,20674097
2006|general|B02|20673|3,1,5,9,5,20673005,20673009
2006|general|B02|20673|3,2,14,17,4,20673014,20673017
2006|general|B02|20673|3,3,20,21,2,20673020,20673021
2006|general|B02|20673|3,4,25,28,4,20673025,20673028
2006|general|B02|20673|3,5,30,32,3,20673030,20673032
2006|general|B02|20673|3,6,35,42,8,20673035,20673042
2006|general|B02|20673|3,7,46,48,3,20673046,20673048
2006|general|B02|20673|3,8,52,57,6,20673052,20673057
2006|general|B02|20673|3,9,62,62,1,20673062,20673062
2006|general|B02|20673|3,10,64,65,2,20673064,20673065
2006|general|B02|20673|3,11,67,68,2,20673067,20673068
2006|general|B02|20673|3,12,71,72,2,20673071,20673072
2006|general|B02|20673|3,13,75,76,2,20673075,20673076
2006|general|B02|20673|3,14,78,78,1,20673078,20673078
2006|general|B02|20673|3,15,82,84,3,20673082,20673084
2006|general|B02|20673|3,16,89,95,7,20673089,20673095
2006|general|B02|20673|3,17,97,97,1,20673097,20673097
2006|general|B02|20673|3,18,99,103,5,20673099,20673103
2006|general|B02|20673|3,19,109,109,1,20673109,20673109
2006|general|B02|20673|3,20,112,116,5,20673112,20673116
2006|general|B02|20673|3,21,124,125,2,20673124,20673125
2006|general|B02|20673|3,22,128,128,1,20673128,20673128
2006|general|B02|20673|3,23,130,131,2,20673130,20673131
2006|general|B02|20673|3,24,135,136,2,20673135,20673136
2006|general|B02|20673|3,25,141,141,1,20673141,20673141
2006|general|B02|20673|3,26,145,146,2,20673145,20673146
2006|general|B02|20674|3,1,5,5,1,20674005,20674005
2006|general|B02|20674|3,2,20,20,1,20674020,20674020
2006|general|B02|20674|3,3,54,54,1,20674054,20674054
2006|general|B02|20674|3,4,62,62,1,20674062,20674062
2006|general|B02|20674|3,5,96,96,1,20674096,20674096
2006|general|B03|20671|3,1,12,12,1,20671012,20671012
2006|general|B03|20671|3,2,17,19,3,20671017,20671019
2006|general|B03|20671|3,3,22,22,1,20671022,20671022
2006|general|B03|20671|3,4,26,26,1,20671026,20671026
2006|general|B03|20671|3,5,32,32,1,20671032,20671032
2006|general|B03|20671|3,6,35,35,1,20671035,20671035
2006|general|B03|20671|3,7,42,42,1,20671042,20671042
2006|general|B03|20671|3,8,56,56,1,20671056,20671056
2006|general|B03|20671|3,9,69,69,1,20671069,20671069
2006|general|B03|20671|3,10,80,80,1,20671080,20671080
2006|general|B03|20671|3,11,86,88,3,20671086,20671088
2006|general|B03|20671|3,12,92,92,1,20671092,20671092
2006|general|B03|20672|3,1,11,11,1,20672011,20672011
2006|general|B03|20672|3,2,41,41,1,20672041,20672041
2006|general|B03|20672|3,3,60,60,1,20672060,20672060
2006|general|B03|20672|3,4,118,119,2,20672118,20672119
2006|general|B03|20672|3,5,121,121,1,20672121,20672121
2006|general|B03|20672|3,6,136,137,2,20672136,20672137
2006|general|B03|20673|3,1,1,4,4,20673001,20673004
2006|general|B03|20673|3,2,10,13,4,20673010,20673013
2006|general|B03|20673|3,3,19,19,1,20673019,20673019
2006|general|B03|20673|3,4,22,24,3,20673022,20673024
2006|general|B03|20673|3,5,29,29,1,20673029,20673029
2006|general|B03|20673|3,6,33,33,1,20673033,20673033
2006|general|B03|20673|3,7,43,45,3,20673043,20673045
2006|general|B03|20673|3,8,49,51,3,20673049,20673051
2006|general|B03|20673|3,9,58,61,4,20673058,20673061
2006|general|B03|20673|3,10,63,63,1,20673063,20673063
2006|general|B03|20673|3,11,66,66,1,20673066,20673066
2006|general|B03|20673|3,12,69,70,2,20673069,20673070
2006|general|B03|20673|3,13,73,74,2,20673073,20673074
2006|general|B03|20673|3,14,79,79,1,20673079,20673079
2006|general|B03|20673|3,15,81,81,1,20673081,20673081
2006|general|B03|20673|3,16,85,88,4,20673085,20673088
2006|general|B03|20673|3,17,96,96,1,20673096,20673096
2006|general|B03|20673|3,18,104,108,5,20673104,20673108
2006|general|B03|20673|3,19,110,111,2,20673110,20673111
2006|general|B03|20673|3,20,117,123,7,20673117,20673123
2006|general|B03|20673|3,21,126,127,2,20673126,20673127
2006|general|B03|20673|3,22,129,129,1,20673129,20673129
2006|general|B03|20673|3,23,132,134,3,20673132,20673134
2006|general|B03|20673|3,24,137,140,4,20673137,20673140
2006|general|B03|20673|3,25,142,144,3,20673142,20673144
2006|general|B03|20673|3,26,147,150,4,20673147,20673150
2006|general|B03|20674|3,1,12,13,2,20674012,20674013
2006|general|B03|20674|3,2,16,16,1,20674016,20674016
2006|general|B03|20674|3,3,30,30,1,20674030,20674030
2006|general|B03|20674|3,4,35,36,2,20674035,20674036
2006|general|B03|20674|3,5,44,44,1,20674044,20674044
2006|general|B03|20674|3,6,73,73,1,20674073,20674073
2006|general|B03|20674|3,7,78,79,2,20674078,20674079
2006|general|B03|20674|3,8,85,86,2,20674085,20674086
2006|general|B03|20674|3,9,90,91,2,20674090,20674091
2006|general|B03|20675|3,1,57,57,1,20675057,20675057
2006|general|B03|20675|3,2,63,63,1,20675063,20675063
2006|general|B03|20675|3,3,73,73,1,20675073,20675073
2006|general|B04|20672|3,1,23,23,1,20672023,20672023
2006|general|B04|20672|3,2,42,42,1,20672042,20672042
2006|general|B04|20672|3,3,68,68,1,20672068,20672068
2006|general|B04|20672|3,4,98,98,1,20672098,20672098
2006|general|B04|20672|3,5,143,143,1,20672143,20672143
2006|general|B04|20674|3,1,37,37,1,20674037,20674037
2006|general|B04|20674|3,2,72,72,1,20674072,20674072
2006|general|B04|20674|3,3,74,74,1,20674074,20674074
2006|general|B04|20674|3,4,92,93,2,20674092,20674093
2006|general|B04|20675|3,1,1,56,56,20675001,20675056
2006|general|B04|20675|3,2,58,62,5,20675058,20675062
2006|general|B04|20675|3,3,64,72,9,20675064,20675072
2006|general|B04|20675|3,4,74,89,16,20675074,20675089
2006|general|B05|20672|3,1,2,2,1,20672002,20672002
2006|general|B05|20672|3,2,35,35,1,20672035,20672035
2006|general|B05|20672|3,3,58,59,2,20672058,20672059
2006|general|B05|20672|3,4,70,70,1,20672070,20672070
2006|general|B05|20672|3,5,81,81,1,20672081,20672081
2006|general|B05|20672|3,6,91,91,1,20672091,20672091
2006|general|B05|20672|3,7,97,97,1,20672097,20672097
2006|general|B05|20672|3,8,133,134,2,20672133,20672134
2006|general|B05|20674|3,1,4,4,1,20674004,20674004
2006|general|B05|20674|3,2,9,11,3,20674009,20674011
2006|general|B05|20674|3,3,14,14,1,20674014,20674014
2006|general|B05|20674|3,4,18,19,2,20674018,20674019
2006|general|B05|20674|3,5,21,21,1,20674021,20674021
2006|general|B05|20674|3,6,23,23,1,20674023,20674023
2006|general|B05|20674|3,7,25,29,5,20674025,20674029
2006|general|B05|20674|3,8,31,31,1,20674031,20674031
2006|general|B05|20674|3,9,34,34,1,20674034,20674034
2006|general|B05|20674|3,10,40,40,1,20674040,20674040
2006|general|B05|20674|3,11,43,43,1,20674043,20674043
2006|general|B05|20674|3,12,45,47,3,20674045,20674047
2006|general|B05|20674|3,13,50,53,4,20674050,20674053
2006|general|B05|20674|3,14,55,55,1,20674055,20674055
2006|general|B05|20674|3,15,57,59,3,20674057,20674059
2006|general|B05|20674|3,16,61,61,1,20674061,20674061
2006|general|B05|20674|3,17,63,63,1,20674063,20674063
2006|general|B05|20674|3,18,65,66,2,20674065,20674066
2006|general|B05|20674|3,19,68,71,4,20674068,20674071
2006|general|B05|20674|3,20,77,77,1,20674077,20674077
2006|general|B05|20674|3,21,83,84,2,20674083,20674084
2006|general|B05|20674|3,22,87,87,1,20674087,20674087
2006|general|B05|20674|3,23,95,95,1,20674095,20674095
2006|general|B05|20674|3,24,98,98,1,20674098,20674098
2006|general|B06|20671|3,1,13,14,2,20671013,20671014
2006|general|B06|20671|3,2,65,65,1,20671065,20671065
2006|general|B06|20671|3,3,81,81,1,20671081,20671081
2006|general|B06|20673|3,1,18,18,1,20673018,20673018
2006|general|B06|20676|3,1,49,49,1,20676049,20676049
2006|general|B06|20677|3,1,1,80,80,20677001,20677080
2006|general|B07|20671|3,1,1,1,1,20671001,20671001
2006|general|B07|20671|3,2,8,8,1,20671008,20671008
2006|general|B07|20671|3,3,23,23,1,20671023,20671023
2006|general|B07|20671|3,4,34,34,1,20671034,20671034
2006|general|B07|20671|3,5,37,37,1,20671037,20671037
2006|general|B07|20671|3,6,44,44,1,20671044,20671044
2006|general|B07|20671|3,7,51,51,1,20671051,20671051
2006|general|B07|20671|3,8,67,67,1,20671067,20671067
2006|general|B07|20671|3,9,73,73,1,20671073,20671073
2006|general|B07|20671|3,10,95,95,1,20671095,20671095
2006|general|B07|20671|3,11,98,98,1,20671098,20671098
2006|general|B07|20672|3,1,7,10,4,20672007,20672010
2006|general|B07|20672|3,2,12,12,1,20672012,20672012
2006|general|B07|20672|3,3,15,15,1,20672015,20672015
2006|general|B07|20672|3,4,17,17,1,20672017,20672017
2006|general|B07|20672|3,5,21,22,2,20672021,20672022
2006|general|B07|20672|3,6,27,27,1,20672027,20672027
2006|general|B07|20672|3,7,30,31,2,20672030,20672031
2006|general|B07|20672|3,8,39,39,1,20672039,20672039
2006|general|B07|20672|3,9,43,44,2,20672043,20672044
2006|general|B07|20672|3,10,47,47,1,20672047,20672047
2006|general|B07|20672|3,11,52,52,1,20672052,20672052
2006|general|B07|20672|3,12,61,64,4,20672061,20672064
2006|general|B07|20672|3,13,67,67,1,20672067,20672067
2006|general|B07|20672|3,14,69,69,1,20672069,20672069
2006|general|B07|20672|3,15,77,78,2,20672077,20672078
2006|general|B07|20672|3,16,84,85,2,20672084,20672085
2006|general|B07|20672|3,17,87,87,1,20672087,20672087
2006|general|B07|20672|3,18,101,101,1,20672101,20672101
2006|general|B07|20672|3,19,103,104,2,20672103,20672104
2006|general|B07|20672|3,20,109,109,1,20672109,20672109
2006|general|B07|20672|3,21,113,114,2,20672113,20672114
2006|general|B07|20672|3,22,117,117,1,20672117,20672117
2006|general|B07|20672|3,23,120,120,1,20672120,20672120
2006|general|B07|20672|3,24,124,125,2,20672124,20672125
2006|general|B07|20672|3,25,135,135,1,20672135,20672135
2006|general|B07|20672|3,26,138,138,1,20672138,20672138
2006|general|B07|20672|3,27,140,140,1,20672140,20672140
2006|general|B07|20672|3,28,144,147,4,20672144,20672147
2006|general|B07|20673|3,1,34,34,1,20673034,20673034
2006|general|B07|20673|3,2,77,77,1,20673077,20673077
2006|general|B07|20673|3,3,80,80,1,20673080,20673080
2006|general|B07|20673|3,4,98,98,1,20673098,20673098
2006|general|B08|20672|3,1,18,18,1,20672018,20672018
2006|general|B08|20672|3,2,24,24,1,20672024,20672024
2006|general|B08|20672|3,3,29,29,1,20672029,20672029
2006|general|B08|20672|3,4,80,80,1,20672080,20672080
2006|general|B08|20676|3,1,1,48,48,20676001,20676048
2006|general|B08|20676|3,2,50,156,107,20676050,20676156
2006|general|B09|20674|3,1,15,15,1,20674015,20674015
2006|general|B09|20674|3,2,22,22,1,20674022,20674022
2006|general|B09|20674|3,3,88,88,1,20674088,20674088
2006|joint_fund|B05|U0634|3,1,3,3,1,U0634003,U0634003
2006|joint_fund|B08|U0633|3,1,3,3,1,U0633003,U0633003
2006|key|B01|20631|3,1,10,10,1,20631010,20631010
2006|key|B01|20631|3,2,20,20,1,20631020,20631020
2006|key|B01|20631|3,3,30,30,1,20631030,20631030
2006|key|B01|20631|3,4,50,50,1,20631050,20631050
2006|key|B01|20632|3,1,10,10,1,20632010,20632010
2006|key|B01|20632|3,2,20,20,1,20632020,20632020
2006|key|B01|20632|3,3,30,30,1,20632030,20632030
2006|key|B01|20632|3,4,40,40,1,20632040,20632040
2006|key|B01|20632|3,5,50,50,1,20632050,20632050
2006|key|B01|20632|3,6,60,60,1,20632060,20632060
2006|key|B01|20634|3,1,10,10,1,20634010,20634010
2006|key|B01|20634|3,2,20,20,1,20634020,20634020
2006|key|B01|20634|3,3,40,40,1,20634040,20634040
2006|key|B02|20633|3,1,10,10,1,20633010,20633010
2006|key|B02|20633|3,2,20,20,1,20633020,20633020
2006|key|B02|20633|3,3,30,30,1,20633030,20633030
2006|key|B02|20633|3,4,40,40,1,20633040,20633040
2006|key|B02|20633|3,5,90,90,1,20633090,20633090
2006|key|B03|20631|3,1,40,40,1,20631040,20631040
2006|key|B03|20633|3,1,50,50,1,20633050,20633050
2006|key|B03|20633|3,2,60,60,1,20633060,20633060
2006|key|B03|20633|3,3,70,70,1,20633070,20633070
2006|key|B03|20633|3,4,80,80,1,20633080,20633080
2006|key|B03|20634|3,1,50,50,1,20634050,20634050
2006|key|B04|20635|3,1,1,2,2,20635001,20635002
2006|key|B04|20635|3,2,10,10,1,20635010,20635010
2006|key|B04|20635|3,3,20,20,1,20635020,20635020
2006|key|B04|20635|3,4,30,30,1,20635030,20635030
2006|key|B04|20635|3,5,40,40,1,20635040,20635040
2006|key|B05|20634|3,1,30,30,1,20634030,20634030
2006|key|B06|20637|3,1,1,1,1,20637001,20637001
2006|key|B06|20637|3,2,10,10,1,20637010,20637010
2006|key|B06|20637|3,3,20,20,1,20637020,20637020
2006|key|B06|20637|3,4,30,30,1,20637030,20637030
2006|key|B07|20632|3,1,70,70,1,20632070,20632070
2006|key|B08|20636|3,1,10,10,1,20636010,20636010
2006|key|B08|20636|3,2,20,20,1,20636020,20636020
2006|key|B08|20636|3,3,30,30,1,20636030,20636030
2006|key|B08|20636|3,4,40,40,1,20636040,20636040
2006|key|B08|20636|3,5,50,50,1,20636050,20636050
2006|key|B08|20636|3,6,60,60,1,20636060,20636060
2006|major_research_plan|B01|90606|3,1,5,6,2,90606005,90606006
2006|major_research_plan|B01|90606|3,2,11,11,1,90606011,90606011
2006|major_research_plan|B01|90606|3,3,29,29,1,90606029,90606029
2006|major_research_plan|B02|90606|3,1,15,15,1,90606015,90606015
2006|major_research_plan|B02|90610|3,1,2,2,1,90610002,90610002
2006|major_research_plan|B03|90606|3,1,4,4,1,90606004,90606004
2006|major_research_plan|B03|90606|3,2,17,17,1,90606017,90606017
2006|major_research_plan|B03|90606|3,3,30,30,1,90606030,90606030
2006|major_research_plan|B03|90610|3,1,1,1,1,90610001,90610001
2006|major_research_plan|B04|90606|3,1,3,3,1,90606003,90606003
2006|major_research_plan|B04|90606|3,2,14,14,1,90606014,90606014
2006|major_research_plan|B04|90606|3,3,16,16,1,90606016,90606016
2006|major_research_plan|B04|90607|3,1,16,16,1,90607016,90607016
2006|major_research_plan|B05|90606|3,1,13,13,1,90606013,90606013
2006|major_research_plan|B05|90606|3,2,31,31,1,90606031,90606031
2006|major_research_plan|B06|90610|3,1,7,7,1,90610007,90610007
2006|major_research_plan|B07|90606|3,1,12,12,1,90606012,90606012
2006|major_research_plan|B08|90610|3,1,3,6,4,90610003,90610006
2006|regional|B01|20661|3,1,1,1,1,20661001,20661001
2006|regional|B01|20661|3,2,3,3,1,20661003,20661003
2006|regional|B01|20662|3,1,3,3,1,20662003,20662003
2006|regional|B01|20662|3,2,9,11,3,20662009,20662011
2006|regional|B01|20664|3,1,1,1,1,20664001,20664001
2006|regional|B02|20663|3,1,1,7,7,20663001,20663007
2006|regional|B04|20665|3,1,1,4,4,20665001,20665004
2006|regional|B05|20664|3,1,2,2,1,20664002,20664002
2006|regional|B06|20667|3,1,1,4,4,20667001,20667004
2006|regional|B07|20661|3,1,2,2,1,20661002,20661002
2006|regional|B07|20662|3,1,1,2,2,20662001,20662002
2006|regional|B07|20662|3,2,4,8,5,20662004,20662008
2006|regional|B08|20666|3,1,1,6,6,20666001,20666006
2006|special|B01|B0624|3,1,3,4,2,B0624003,B0624004
2006|special|B01|B0624|3,2,9,9,1,B0624009,B0624009
2006|special|B01|B0624|3,3,11,15,5,B0624011,B0624015
2006|special|B01|20641|3,1,1,1,1,20641001,20641001
2006|special|B01|20641|3,2,3,3,1,20641003,20641003
2006|special|B01|20642|3,1,1,1,1,20642001,20642001
2006|special|B01|20642|3,2,5,6,2,20642005,20642006
2006|special|B01|20644|3,1,2,3,2,20644002,20644003
2006|special|B02|20643|3,1,2,3,2,20643002,20643003
2006|special|B02|20643|3,2,5,6,2,20643005,20643006
2006|special|B02|20643|3,3,8,8,1,20643008,20643008
2006|special|B03|B0624|3,1,7,7,1,B0624007,B0624007
2006|special|B03|B0624|3,2,16,16,1,B0624016,B0624016
2006|special|B03|20627|3,1,1,2,2,20627001,20627002
2006|special|B03|20641|3,1,4,4,1,20641004,20641004
2006|special|B03|20642|3,1,2,4,3,20642002,20642004
2006|special|B03|20643|3,1,1,1,1,20643001,20643001
2006|special|B03|20643|3,2,4,4,1,20643004,20643004
2006|special|B03|20643|3,3,7,7,1,20643007,20643007
2006|special|B03|20643|3,4,9,9,1,20643009,20643009
2006|special|B04|B0624|3,1,2,2,1,B0624002,B0624002
2006|special|B04|B0624|3,2,6,6,1,B0624006,B0624006
2006|special|B04|B0624|3,3,17,17,1,B0624017,B0624017
2006|special|B04|20627|3,1,3,6,4,20627003,20627006
2006|special|B04|20645|3,1,1,4,4,20645001,20645004
2006|special|B05|B0624|3,1,5,5,1,B0624005,B0624005
2006|special|B05|B0624|3,2,8,8,1,B0624008,B0624008
2006|special|B05|B0624|3,3,10,10,1,B0624010,B0624010
2006|special|B05|20644|3,1,1,1,1,20644001,20644001
2006|special|B05|20644|3,2,4,4,1,20644004,20644004
2006|special|B06|20647|3,1,1,3,3,20647001,20647003
2006|special|B07|20641|3,1,2,2,1,20641002,20641002
2006|special|B08|20646|3,1,1,4,4,20646001,20646004
2006|youth_c|B01|20601|3,1,1,4,4,20601001,20601004
2006|youth_c|B01|20601|3,2,6,7,2,20601006,20601007
2006|youth_c|B01|20601|3,3,10,12,3,20601010,20601012
2006|youth_c|B01|20601|3,4,14,15,2,20601014,20601015
2006|youth_c|B01|20601|3,5,21,22,2,20601021,20601022
2006|youth_c|B01|20601|3,6,25,25,1,20601025,20601025
2006|youth_c|B01|20602|3,1,1,1,1,20602001,20602001
2006|youth_c|B01|20602|3,2,4,8,5,20602004,20602008
2006|youth_c|B01|20602|3,3,11,13,3,20602011,20602013
2006|youth_c|B01|20602|3,4,17,20,4,20602017,20602020
2006|youth_c|B01|20602|3,5,22,22,1,20602022,20602022
2006|youth_c|B01|20602|3,6,24,25,2,20602024,20602025
2006|youth_c|B01|20602|3,7,28,29,2,20602028,20602029
2006|youth_c|B01|20602|3,8,32,33,2,20602032,20602033
2006|youth_c|B01|20602|3,9,35,36,2,20602035,20602036
2006|youth_c|B01|20602|3,10,38,38,1,20602038,20602038
2006|youth_c|B01|20602|3,11,40,40,1,20602040,20602040
2006|youth_c|B01|20602|3,12,44,44,1,20602044,20602044
2006|youth_c|B01|20604|3,1,1,1,1,20604001,20604001
2006|youth_c|B01|20604|3,2,4,4,1,20604004,20604004
2006|youth_c|B01|20604|3,3,9,9,1,20604009,20604009
2006|youth_c|B01|20604|3,4,20,20,1,20604020,20604020
2006|youth_c|B01|20604|3,5,23,24,2,20604023,20604024
2006|youth_c|B01|20604|3,6,32,32,1,20604032,20604032
2006|youth_c|B01|20604|3,7,34,34,1,20604034,20604034
2006|youth_c|B02|20601|3,1,5,5,1,20601005,20601005
2006|youth_c|B02|20603|3,1,2,2,1,20603002,20603002
2006|youth_c|B02|20603|3,2,4,7,4,20603004,20603007
2006|youth_c|B02|20603|3,3,10,12,3,20603010,20603012
2006|youth_c|B02|20603|3,4,14,17,4,20603014,20603017
2006|youth_c|B02|20603|3,5,19,20,2,20603019,20603020
2006|youth_c|B02|20603|3,6,22,24,3,20603022,20603024
2006|youth_c|B02|20603|3,7,27,27,1,20603027,20603027
2006|youth_c|B02|20603|3,8,29,29,1,20603029,20603029
2006|youth_c|B02|20603|3,9,31,31,1,20603031,20603031
2006|youth_c|B02|20603|3,10,36,38,3,20603036,20603038
2006|youth_c|B02|20603|3,11,43,46,4,20603043,20603046
2006|youth_c|B02|20603|3,12,48,49,2,20603048,20603049
2006|youth_c|B02|20604|3,1,5,5,1,20604005,20604005
2006|youth_c|B02|20604|3,2,15,15,1,20604015,20604015
2006|youth_c|B02|20604|3,3,18,18,1,20604018,20604018
2006|youth_c|B02|20604|3,4,27,27,1,20604027,20604027
2006|youth_c|B02|20604|3,5,29,29,1,20604029,20604029
2006|youth_c|B03|20601|3,1,8,9,2,20601008,20601009
2006|youth_c|B03|20601|3,2,13,13,1,20601013,20601013
2006|youth_c|B03|20601|3,3,16,16,1,20601016,20601016
2006|youth_c|B03|20601|3,4,20,20,1,20601020,20601020
2006|youth_c|B03|20601|3,5,24,24,1,20601024,20601024
2006|youth_c|B03|20601|3,6,26,26,1,20601026,20601026
2006|youth_c|B03|20602|3,1,16,16,1,20602016,20602016
2006|youth_c|B03|20602|3,2,26,26,1,20602026,20602026
2006|youth_c|B03|20602|3,3,34,34,1,20602034,20602034
2006|youth_c|B03|20603|3,1,1,1,1,20603001,20603001
2006|youth_c|B03|20603|3,2,3,3,1,20603003,20603003
2006|youth_c|B03|20603|3,3,8,9,2,20603008,20603009
2006|youth_c|B03|20603|3,4,13,13,1,20603013,20603013
2006|youth_c|B03|20603|3,5,18,18,1,20603018,20603018
2006|youth_c|B03|20603|3,6,21,21,1,20603021,20603021
2006|youth_c|B03|20603|3,7,25,26,2,20603025,20603026
2006|youth_c|B03|20603|3,8,28,28,1,20603028,20603028
2006|youth_c|B03|20603|3,9,30,30,1,20603030,20603030
2006|youth_c|B03|20603|3,10,32,35,4,20603032,20603035
2006|youth_c|B03|20603|3,11,39,42,4,20603039,20603042
2006|youth_c|B03|20603|3,12,47,47,1,20603047,20603047
2006|youth_c|B03|20604|3,1,6,6,1,20604006,20604006
2006|youth_c|B03|20604|3,2,17,17,1,20604017,20604017
2006|youth_c|B03|20604|3,3,21,22,2,20604021,20604022
2006|youth_c|B03|20604|3,4,30,31,2,20604030,20604031
2006|youth_c|B03|20605|3,1,3,3,1,20605003,20605003
2006|youth_c|B03|20605|3,2,10,10,1,20605010,20605010
2006|youth_c|B04|20602|3,1,31,31,1,20602031,20602031
2006|youth_c|B04|20605|3,1,1,2,2,20605001,20605002
2006|youth_c|B04|20605|3,2,4,9,6,20605004,20605009
2006|youth_c|B04|20605|3,3,11,28,18,20605011,20605028
2006|youth_c|B05|20602|3,1,3,3,1,20602003,20602003
2006|youth_c|B05|20604|3,1,2,3,2,20604002,20604003
2006|youth_c|B05|20604|3,2,7,8,2,20604007,20604008
2006|youth_c|B05|20604|3,3,10,14,5,20604010,20604014
2006|youth_c|B05|20604|3,4,16,16,1,20604016,20604016
2006|youth_c|B05|20604|3,5,19,19,1,20604019,20604019
2006|youth_c|B05|20604|3,6,26,26,1,20604026,20604026
2006|youth_c|B05|20604|3,7,28,28,1,20604028,20604028
2006|youth_c|B05|20604|3,8,33,33,1,20604033,20604033
2006|youth_c|B06|20601|3,1,28,28,1,20601028,20601028
2006|youth_c|B06|20606|3,1,16,16,1,20606016,20606016
2006|youth_c|B06|20607|3,1,1,31,31,20607001,20607031
2006|youth_c|B07|20601|3,1,18,19,2,20601018,20601019
2006|youth_c|B07|20601|3,2,23,23,1,20601023,20601023
2006|youth_c|B07|20601|3,3,27,27,1,20601027,20601027
2006|youth_c|B07|20602|3,1,2,2,1,20602002,20602002
2006|youth_c|B07|20602|3,2,9,10,2,20602009,20602010
2006|youth_c|B07|20602|3,3,14,15,2,20602014,20602015
2006|youth_c|B07|20602|3,4,21,21,1,20602021,20602021
2006|youth_c|B07|20602|3,5,23,23,1,20602023,20602023
2006|youth_c|B07|20602|3,6,27,27,1,20602027,20602027
2006|youth_c|B07|20602|3,7,30,30,1,20602030,20602030
2006|youth_c|B07|20602|3,8,37,37,1,20602037,20602037
2006|youth_c|B07|20602|3,9,39,39,1,20602039,20602039
2006|youth_c|B07|20602|3,10,41,43,3,20602041,20602043
2006|youth_c|B08|20606|3,1,1,15,15,20606001,20606015
2006|youth_c|B08|20606|3,2,17,38,22,20606017,20606038
2006|youth_c|B09|20604|3,1,25,25,1,20604025,20604025
2007|general|B01|20771|3,1,1,10,10,20771001,20771010
2007|general|B01|20771|3,2,12,14,3,20771012,20771014
2007|general|B01|20771|3,3,16,16,1,20771016,20771016
2007|general|B01|20771|3,4,19,19,1,20771019,20771019
2007|general|B01|20771|3,5,21,24,4,20771021,20771024
2007|general|B01|20771|3,6,27,28,2,20771027,20771028
2007|general|B01|20771|3,7,30,30,1,20771030,20771030
2007|general|B01|20771|3,8,32,32,1,20771032,20771032
2007|general|B01|20771|3,9,34,35,2,20771034,20771035
2007|general|B01|20771|3,10,37,38,2,20771037,20771038
2007|general|B01|20771|3,11,40,43,4,20771040,20771043
2007|general|B01|20771|3,12,45,45,1,20771045,20771045
2007|general|B01|20771|3,13,47,48,2,20771047,20771048
2007|general|B01|20771|3,14,50,51,2,20771050,20771051
2007|general|B01|20771|3,15,53,62,10,20771053,20771062
2007|general|B01|20771|3,16,64,65,2,20771064,20771065
2007|general|B01|20771|3,17,67,67,1,20771067,20771067
2007|general|B01|20771|3,18,69,73,5,20771069,20771073
2007|general|B01|20771|3,19,75,78,4,20771075,20771078
2007|general|B01|20771|3,20,81,85,5,20771081,20771085
2007|general|B01|20771|3,21,89,91,3,20771089,20771091
2007|general|B01|20771|3,22,93,99,7,20771093,20771099
2007|general|B01|20771|3,23,101,101,1,20771101,20771101
2007|general|B01|20771|3,24,103,104,2,20771103,20771104
2007|general|B01|20772|3,1,1,6,6,20772001,20772006
2007|general|B01|20772|3,2,10,11,2,20772010,20772011
2007|general|B01|20772|3,3,15,15,1,20772015,20772015
2007|general|B01|20772|3,4,17,18,2,20772017,20772018
2007|general|B01|20772|3,5,20,22,3,20772020,20772022
2007|general|B01|20772|3,6,24,24,1,20772024,20772024
2007|general|B01|20772|3,7,26,26,1,20772026,20772026
2007|general|B01|20772|3,8,29,36,8,20772029,20772036
2007|general|B01|20772|3,9,38,38,1,20772038,20772038
2007|general|B01|20772|3,10,40,40,1,20772040,20772040
2007|general|B01|20772|3,11,43,43,1,20772043,20772043
2007|general|B01|20772|3,12,45,46,2,20772045,20772046
2007|general|B01|20772|3,13,50,52,3,20772050,20772052
2007|general|B01|20772|3,14,55,61,7,20772055,20772061
2007|general|B01|20772|3,15,64,64,1,20772064,20772064
2007|general|B01|20772|3,16,73,73,1,20772073,20772073
2007|general|B01|20772|3,17,78,81,4,20772078,20772081
2007|general|B01|20772|3,18,83,84,2,20772083,20772084
2007|general|B01|20772|3,19,88,89,2,20772088,20772089
2007|general|B01|20772|3,20,91,94,4,20772091,20772094
2007|general|B01|20772|3,21,96,99,4,20772096,20772099
2007|general|B01|20772|3,22,101,103,3,20772101,20772103
2007|general|B01|20772|3,23,106,107,2,20772106,20772107
2007|general|B01|20772|3,24,110,113,4,20772110,20772113
2007|general|B01|20772|3,25,115,120,6,20772115,20772120
2007|general|B01|20772|3,26,122,122,1,20772122,20772122
2007|general|B01|20772|3,27,125,134,10,20772125,20772134
2007|general|B01|20772|3,28,139,147,9,20772139,20772147
2007|general|B01|20772|3,29,153,153,1,20772153,20772153
2007|general|B01|20772|3,30,158,161,4,20772158,20772161
2007|general|B01|20774|3,1,1,1,1,20774001,20774001
2007|general|B01|20774|3,2,8,10,3,20774008,20774010
2007|general|B01|20774|3,3,25,27,3,20774025,20774027
2007|general|B01|20774|3,4,32,32,1,20774032,20774032
2007|general|B01|20774|3,5,37,37,1,20774037,20774037
2007|general|B01|20774|3,6,44,46,3,20774044,20774046
2007|general|B01|20774|3,7,59,59,1,20774059,20774059
2007|general|B01|20774|3,8,65,65,1,20774065,20774065
2007|general|B01|20774|3,9,78,79,2,20774078,20774079
2007|general|B01|20774|3,10,86,87,2,20774086,20774087
2007|general|B01|20774|3,11,92,92,1,20774092,20774092
2007|general|B01|20774|3,12,98,100,3,20774098,20774100
2007|general|B01|20774|3,13,109,110,2,20774109,20774110
2007|general|B02|20771|3,1,15,15,1,20771015,20771015
2007|general|B02|20773|3,1,4,5,2,20773004,20773005
2007|general|B02|20773|3,2,7,8,2,20773007,20773008
2007|general|B02|20773|3,3,12,12,1,20773012,20773012
2007|general|B02|20773|3,4,20,20,1,20773020,20773020
2007|general|B02|20773|3,5,25,25,1,20773025,20773025
2007|general|B02|20773|3,6,27,28,2,20773027,20773028
2007|general|B02|20773|3,7,31,33,3,20773031,20773033
2007|general|B02|20773|3,8,35,35,1,20773035,20773035
2007|general|B02|20773|3,9,37,42,6,20773037,20773042
2007|general|B02|20773|3,10,49,50,2,20773049,20773050
2007|general|B02|20773|3,11,52,53,2,20773052,20773053
2007|general|B02|20773|3,12,55,55,1,20773055,20773055
2007|general|B02|20773|3,13,57,57,1,20773057,20773057
2007|general|B02|20773|3,14,61,67,7,20773061,20773067
2007|general|B02|20773|3,15,69,70,2,20773069,20773070
2007|general|B02|20773|3,16,74,75,2,20773074,20773075
2007|general|B02|20773|3,17,79,84,6,20773079,20773084
2007|general|B02|20773|3,18,87,88,2,20773087,20773088
2007|general|B02|20773|3,19,90,103,14,20773090,20773103
2007|general|B02|20773|3,20,105,108,4,20773105,20773108
2007|general|B02|20773|3,21,110,110,1,20773110,20773110
2007|general|B02|20773|3,22,113,113,1,20773113,20773113
2007|general|B02|20773|3,23,116,116,1,20773116,20773116
2007|general|B02|20773|3,24,118,124,7,20773118,20773124
2007|general|B02|20773|3,25,132,132,1,20773132,20773132
2007|general|B02|20773|3,26,138,138,1,20773138,20773138
2007|general|B02|20773|3,27,140,143,4,20773140,20773143
2007|general|B02|20773|3,28,146,148,3,20773146,20773148
2007|general|B02|20773|3,29,150,151,2,20773150,20773151
2007|general|B02|20773|3,30,153,158,6,20773153,20773158
2007|general|B02|20773|3,31,162,164,3,20773162,20773164
2007|general|B02|20773|3,32,166,166,1,20773166,20773166
2007|general|B02|20774|3,1,29,29,1,20774029,20774029
2007|general|B02|20774|3,2,35,35,1,20774035,20774035
2007|general|B02|20774|3,3,57,57,1,20774057,20774057
2007|general|B02|20774|3,4,63,64,2,20774063,20774064
2007|general|B02|20774|3,5,90,90,1,20774090,20774090
2007|general|B02|20774|3,6,108,108,1,20774108,20774108
2007|general|B03|20771|3,1,17,17,1,20771017,20771017
2007|general|B03|20771|3,2,25,26,2,20771025,20771026
2007|general|B03|20771|3,3,31,31,1,20771031,20771031
2007|general|B03|20771|3,4,33,33,1,20771033,20771033
2007|general|B03|20771|3,5,46,46,1,20771046,20771046
2007|general|B03|20771|3,6,49,49,1,20771049,20771049
2007|general|B03|20771|3,7,52,52,1,20771052,20771052
2007|general|B03|20771|3,8,66,66,1,20771066,20771066
2007|general|B03|20771|3,9,79,80,2,20771079,20771080
2007|general|B03|20771|3,10,86,88,3,20771086,20771088
2007|general|B03|20771|3,11,92,92,1,20771092,20771092
2007|general|B03|20771|3,12,100,100,1,20771100,20771100
2007|general|B03|20771|3,13,102,102,1,20771102,20771102
2007|general|B03|20772|3,1,7,7,1,20772007,20772007
2007|general|B03|20772|3,2,14,14,1,20772014,20772014
2007|general|B03|20772|3,3,27,28,2,20772027,20772028
2007|general|B03|20772|3,4,53,53,1,20772053,20772053
2007|general|B03|20772|3,5,62,63,2,20772062,20772063
2007|general|B03|20772|3,6,77,77,1,20772077,20772077
2007|general|B03|20772|3,7,85,85,1,20772085,20772085
2007|general|B03|20773|3,1,1,3,3,20773001,20773003
2007|general|B03|20773|3,2,6,6,1,20773006,20773006
2007|general|B03|20773|3,3,9,11,3,20773009,20773011
2007|general|B03|20773|3,4,13,19,7,20773013,20773019
2007|general|B03|20773|3,5,21,24,4,20773021,20773024
2007|general|B03|20773|3,6,26,26,1,20773026,20773026
2007|general|B03|20773|3,7,29,30,2,20773029,20773030
2007|general|B03|20773|3,8,34,34,1,20773034,20773034
2007|general|B03|20773|3,9,36,36,1,20773036,20773036
2007|general|B03|20773|3,10,43,48,6,20773043,20773048
2007|general|B03|20773|3,11,51,51,1,20773051,20773051
2007|general|B03|20773|3,12,54,54,1,20773054,20773054
2007|general|B03|20773|3,13,56,56,1,20773056,20773056
2007|general|B03|20773|3,14,58,58,1,20773058,20773058
2007|general|B03|20773|3,15,60,60,1,20773060,20773060
2007|general|B03|20773|3,16,68,68,1,20773068,20773068
2007|general|B03|20773|3,17,71,73,3,20773071,20773073
2007|general|B03|20773|3,18,76,78,3,20773076,20773078
2007|general|B03|20773|3,19,85,86,2,20773085,20773086
2007|general|B03|20773|3,20,89,89,1,20773089,20773089
2007|general|B03|20773|3,21,104,104,1,20773104,20773104
2007|general|B03|20773|3,22,109,109,1,20773109,20773109
2007|general|B03|20773|3,23,111,112,2,20773111,20773112
2007|general|B03|20773|3,24,114,115,2,20773114,20773115
2007|general|B03|20773|3,25,117,117,1,20773117,20773117
2007|general|B03|20773|3,26,125,131,7,20773125,20773131
2007|general|B03|20773|3,27,133,137,5,20773133,20773137
2007|general|B03|20773|3,28,139,139,1,20773139,20773139
2007|general|B03|20773|3,29,144,145,2,20773144,20773145
2007|general|B03|20773|3,30,149,149,1,20773149,20773149
2007|general|B03|20773|3,31,152,152,1,20773152,20773152
2007|general|B03|20773|3,32,159,161,3,20773159,20773161
2007|general|B03|20773|3,33,165,165,1,20773165,20773165
2007|general|B03|20773|3,34,167,168,2,20773167,20773168
2007|general|B03|20774|3,1,6,6,1,20774006,20774006
2007|general|B03|20774|3,2,13,15,3,20774013,20774015
2007|general|B03|20774|3,3,18,18,1,20774018,20774018
2007|general|B03|20774|3,4,21,22,2,20774021,20774022
2007|general|B03|20774|3,5,24,24,1,20774024,20774024
2007|general|B03|20774|3,6,38,38,1,20774038,20774038
2007|general|B03|20774|3,7,41,42,2,20774041,20774042
2007|general|B03|20774|3,8,52,54,3,20774052,20774054
2007|general|B03|20774|3,9,58,58,1,20774058,20774058
2007|general|B03|20774|3,10,62,62,1,20774062,20774062
2007|general|B03|20774|3,11,73,73,1,20774073,20774073
2007|general|B03|20774|3,12,84,85,2,20774084,20774085
2007|general|B03|20774|3,13,91,91,1,20774091,20774091
2007|general|B03|20774|3,14,95,97,3,20774095,20774097
2007|general|B03|20774|3,15,106,106,1,20774106,20774106
2007|general|B03|20775|3,1,25,25,1,20775025,20775025
2007|general|B03|20775|3,2,36,36,1,20775036,20775036
2007|general|B03|20775|3,3,49,49,1,20775049,20775049
2007|general|B03|20775|3,4,52,52,1,20775052,20775052
2007|general|B03|20775|3,5,91,91,1,20775091,20775091
2007|general|B04|20772|3,1,109,109,1,20772109,20772109
2007|general|B04|20774|3,1,30,30,1,20774030,20774030
2007|general|B04|20774|3,2,36,36,1,20774036,20774036
2007|general|B04|20774|3,3,66,66,1,20774066,20774066
2007|general|B04|20775|3,1,1,24,24,20775001,20775024
2007|general|B04|20775|3,2,26,35,10,20775026,20775035
2007|general|B04|20775|3,3,37,48,12,20775037,20775048
2007|general|B04|20775|3,4,50,51,2,20775050,20775051
2007|general|B04|20775|3,5,53,90,38,20775053,20775090
2007|general|B04|20775|3,6,92,96,5,20775092,20775096
2007|general|B05|20772|3,1,16,16,1,20772016,20772016
2007|general|B05|20772|3,2,19,19,1,20772019,20772019
2007|general|B05|20772|3,3,37,37,1,20772037,20772037
2007|general|B05|20772|3,4,39,39,1,20772039,20772039
2007|general|B05|20772|3,5,44,44,1,20772044,20772044
2007|general|B05|20772|3,6,72,72,1,20772072,20772072
2007|general|B05|20772|3,7,74,74,1,20772074,20772074
2007|general|B05|20772|3,8,100,100,1,20772100,20772100
2007|general|B05|20772|3,9,108,108,1,20772108,20772108
2007|general|B05|20772|3,10,114,114,1,20772114,20772114
2007|general|B05|20772|3,11,124,124,1,20772124,20772124
2007|general|B05|20772|3,12,152,152,1,20772152,20772152
2007|general|B05|20774|3,1,2,5,4,20774002,20774005
2007|general|B05|20774|3,2,7,7,1,20774007,20774007
2007|general|B05|20774|3,3,11,12,2,20774011,20774012
2007|general|B05|20774|3,4,16,17,2,20774016,20774017
2007|general|B05|20774|3,5,19,20,2,20774019,20774020
2007|general|B05|20774|3,6,23,23,1,20774023,20774023
2007|general|B05|20774|3,7,28,28,1,20774028,20774028
2007|general|B05|20774|3,8,33,34,2,20774033,20774034
2007|general|B05|20774|3,9,39,39,1,20774039,20774039
2007|general|B05|20774|3,10,43,43,1,20774043,20774043
2007|general|B05|20774|3,11,47,51,5,20774047,20774051
2007|general|B05|20774|3,12,55,56,2,20774055,20774056
2007|general|B05|20774|3,13,60,61,2,20774060,20774061
2007|general|B05|20774|3,14,67,72,6,20774067,20774072
2007|general|B05|20774|3,15,74,77,4,20774074,20774077
2007|general|B05|20774|3,16,80,82,3,20774080,20774082
2007|general|B05|20774|3,17,89,89,1,20774089,20774089
2007|general|B05|20774|3,18,93,94,2,20774093,20774094
2007|general|B05|20774|3,19,101,103,3,20774101,20774103
2007|general|B05|20774|3,20,105,105,1,20774105,20774105
2007|general|B05|20774|3,21,107,107,1,20774107,20774107
2007|general|B06|20771|3,1,11,11,1,20771011,20771011
2007|general|B06|20771|3,2,18,18,1,20771018,20771018
2007|general|B06|20771|3,3,74,74,1,20771074,20771074
2007|general|B06|20776|3,1,12,12,1,20776012,20776012
2007|general|B06|20776|3,2,27,27,1,20776027,20776027
2007|general|B06|20777|3,1,1,95,95,20777001,20777095
2007|general|B07|20771|3,1,20,20,1,20771020,20771020
2007|general|B07|20771|3,2,29,29,1,20771029,20771029
2007|general|B07|20771|3,3,36,36,1,20771036,20771036
2007|general|B07|20771|3,4,39,39,1,20771039,20771039
2007|general|B07|20771|3,5,44,44,1,20771044,20771044
2007|general|B07|20771|3,6,63,63,1,20771063,20771063
2007|general|B07|20771|3,7,68,68,1,20771068,20771068
2007|general|B07|20771|3,8,105,105,1,20771105,20771105
2007|general|B07|20772|3,1,8,9,2,20772008,20772009
2007|general|B07|20772|3,2,12,13,2,20772012,20772013
2007|general|B07|20772|3,3,23,23,1,20772023,20772023
2007|general|B07|20772|3,4,25,25,1,20772025,20772025
2007|general|B07|20772|3,5,41,42,2,20772041,20772042
2007|general|B07|20772|3,6,47,48,2,20772047,20772048
2007|general|B07|20772|3,7,65,71,7,20772065,20772071
2007|general|B07|20772|3,8,75,76,2,20772075,20772076
2007|general|B07|20772|3,9,82,82,1,20772082,20772082
2007|general|B07|20772|3,10,86,87,2,20772086,20772087
2007|general|B07|20772|3,11,95,95,1,20772095,20772095
2007|general|B07|20772|3,12,104,105,2,20772104,20772105
2007|general|B07|20772|3,13,123,123,1,20772123,20772123
2007|general|B07|20772|3,14,135,138,4,20772135,20772138
2007|general|B07|20772|3,15,148,151,4,20772148,20772151
2007|general|B07|20772|3,16,154,157,4,20772154,20772157
2007|general|B07|20772|3,17,162,162,1,20772162,20772162
2007|general|B07|20773|3,1,59,59,1,20773059,20773059
2007|general|B08|20772|3,1,49,49,1,20772049,20772049
2007|general|B08|20772|3,2,54,54,1,20772054,20772054
2007|general|B08|20772|3,3,90,90,1,20772090,20772090
2007|general|B08|20776|3,1,1,11,11,20776001,20776011
2007|general|B08|20776|3,2,13,26,14,20776013,20776026
2007|general|B08|20776|3,3,28,165,138,20776028,20776165
2007|general|B09|20774|3,1,31,31,1,20774031,20774031
2007|general|B09|20774|3,2,40,40,1,20774040,20774040
2007|general|B09|20774|3,3,83,83,1,20774083,20774083
2007|general|B09|20774|3,4,88,88,1,20774088,20774088
2007|general|B09|20774|3,5,104,104,1,20774104,20774104
2007|joint_fund|B02|20733|3,1,9,9,1,20733009,20733009
2007|joint_fund|B03|20733|3,1,10,10,1,20733010,20733010
2007|joint_fund|B03|20734|3,1,5,6,2,20734005,20734006
2007|joint_fund|B08|U0733|3,1,1,1,1,U0733001,U0733001
2007|joint_fund|B08|20736|3,1,9,11,3,20736009,20736011
2007|key|B01|20731|3,1,2,6,5,20731002,20731006
2007|key|B01|20732|3,1,2,3,2,20732002,20732003
2007|key|B01|20732|3,2,5,8,4,20732005,20732008
2007|key|B01|20734|3,1,2,2,1,20734002,20734002
2007|key|B01|20734|3,2,4,4,1,20734004,20734004
2007|key|B02|20733|3,1,4,4,1,20733004,20733004
2007|key|B03|20731|3,1,1,1,1,20731001,20731001
2007|key|B03|20733|3,1,1,3,3,20733001,20733003
2007|key|B03|20733|3,2,5,8,4,20733005,20733008
2007|key|B03|20734|3,1,1,1,1,20734001,20734001
2007|key|B03|20734|3,2,3,3,1,20734003,20734003
2007|key|B04|20735|3,1,1,5,5,20735001,20735005
2007|key|B06|20737|3,1,1,3,3,20737001,20737003
2007|key|B07|20732|3,1,1,1,1,20732001,20732001
2007|key|B07|20732|3,2,4,4,1,20732004,20732004
2007|key|B08|20736|3,1,1,8,8,20736001,20736008
2007|major_research_plan|B01|90713|3,1,0,0,1,90713000,90713000
2007|major_research_plan|B01|90713|3,2,12,12,1,90713012,90713012
2007|major_research_plan|B04|90709|3,1,14,14,1,90709014,90709014
2007|major_research_plan|B04|90709|3,2,21,21,1,90709021,90709021
2007|major_research_plan|B04|90713|3,1,13,24,12,90713013,90713024
2007|major_research_plan|B07|90713|3,1,1,11,11,90713001,90713011
2007|major_research_plan|B07|90713|3,2,44,46,3,90713044,90713046
2007|regional|B01|20761|3,1,1,6,6,20761001,20761006
2007|regional|B01|20762|3,1,1,1,1,20762001,20762001
2007|regional|B01|20762|3,2,6,6,1,20762006,20762006
2007|regional|B01|20762|3,3,10,11,2,20762010,20762011
2007|regional|B01|20762|3,4,15,15,1,20762015,20762015
2007|regional|B01|20764|3,1,1,1,1,20764001,20764001
2007|regional|B02|20763|3,1,1,6,6,20763001,20763006
2007|regional|B02|20763|3,2,8,9,2,20763008,20763009
2007|regional|B03|20763|3,1,7,7,1,20763007,20763007
2007|regional|B04|20765|3,1,1,5,5,20765001,20765005
2007|regional|B05|20762|3,1,9,9,1,20762009,20762009
2007|regional|B06|20767|3,1,1,6,6,20767001,20767006
2007|regional|B07|20762|3,1,3,5,3,20762003,20762005
2007|regional|B07|20762|3,2,7,8,2,20762007,20762008
2007|regional|B07|20762|3,3,12,14,3,20762012,20762014
2007|regional|B07|20762|3,4,16,17,2,20762016,20762017
2007|regional|B08|20762|3,1,2,2,1,20762002,20762002
2007|regional|B08|20766|3,1,1,5,5,20766001,20766005
2007|special|B01|B0724|3,1,10,11,2,B0724010,B0724011
2007|special|B01|B0724|3,2,13,13,1,B0724013,B0724013
2007|special|B01|20741|3,1,2,4,3,20741002,20741004
2007|special|B01|20741|3,2,6,8,3,20741006,20741008
2007|special|B01|20742|3,1,1,4,4,20742001,20742004
2007|special|B01|20744|3,1,3,4,2,20744003,20744004
2007|special|B02|20743|3,1,1,3,3,20743001,20743003
2007|special|B02|20753|3,1,1,1,1,20753001,20753001
2007|special|B03|B0724|3,1,14,14,1,B0724014,B0724014
2007|special|B03|20727|3,1,1,1,1,20727001,20727001
2007|special|B03|20741|3,1,1,1,1,20741001,20741001
2007|special|B03|20741|3,2,5,5,1,20741005,20741005
2007|special|B03|20743|3,1,4,5,2,20743004,20743005
2007|special|B03|20745|3,1,5,5,1,20745005,20745005
2007|special|B03|20753|3,1,2,2,1,20753002,20753002
2007|special|B04|20727|3,1,2,6,5,20727002,20727006
2007|special|B04|20745|3,1,1,4,4,20745001,20745004
2007|special|B05|20744|3,1,1,2,2,20744001,20744002
2007|special|B05|20744|3,2,5,6,2,20744005,20744006
2007|special|B06|B0724|3,1,12,12,1,B0724012,B0724012
2007|special|B06|20747|3,1,1,3,3,20747001,20747003
2007|special|B07|20742|3,1,5,5,1,20742005,20742005
2007|special|B07|20751|3,1,1,1,1,20751001,20751001
2007|special|B08|20746|3,1,1,3,3,20746001,20746003
2007|youth_c|B01|20701|3,1,1,3,3,20701001,20701003
2007|youth_c|B01|20701|3,2,5,12,8,20701005,20701012
2007|youth_c|B01|20701|3,3,14,19,6,20701014,20701019
2007|youth_c|B01|20701|3,4,21,23,3,20701021,20701023
2007|youth_c|B01|20701|3,5,25,27,3,20701025,20701027
2007|youth_c|B01|20701|3,6,31,31,1,20701031,20701031
2007|youth_c|B01|20701|3,7,33,33,1,20701033,20701033
2007|youth_c|B01|20701|3,8,35,35,1,20701035,20701035
2007|youth_c|B01|20701|3,9,37,41,5,20701037,20701041
2007|youth_c|B01|20702|3,1,1,2,2,20702001,20702002
2007|youth_c|B01|20702|3,2,4,4,1,20702004,20702004
2007|youth_c|B01|20702|3,3,6,8,3,20702006,20702008
2007|youth_c|B01|20702|3,4,10,15,6,20702010,20702015
2007|youth_c|B01|20702|3,5,17,17,1,20702017,20702017
2007|youth_c|B01|20702|3,6,19,19,1,20702019,20702019
2007|youth_c|B01|20702|3,7,21,25,5,20702021,20702025
2007|youth_c|B01|20702|3,8,28,28,1,20702028,20702028
2007|youth_c|B01|20702|3,9,30,30,1,20702030,20702030
2007|youth_c|B01|20702|3,10,32,33,2,20702032,20702033
2007|youth_c|B01|20702|3,11,36,36,1,20702036,20702036
2007|youth_c|B01|20702|3,12,38,39,2,20702038,20702039
2007|youth_c|B01|20702|3,13,43,48,6,20702043,20702048
2007|youth_c|B01|20702|3,14,50,53,4,20702050,20702053
2007|youth_c|B01|20702|3,15,56,56,1,20702056,20702056
2007|youth_c|B01|20702|3,16,58,58,1,20702058,20702058
2007|youth_c|B01|20702|3,17,62,65,4,20702062,20702065
2007|youth_c|B01|20704|3,1,5,5,1,20704005,20704005
2007|youth_c|B01|20704|3,2,7,7,1,20704007,20704007
2007|youth_c|B01|20704|3,3,11,13,3,20704011,20704013
2007|youth_c|B01|20704|3,4,15,17,3,20704015,20704017
2007|youth_c|B01|20704|3,5,19,19,1,20704019,20704019
2007|youth_c|B01|20704|3,6,32,32,1,20704032,20704032
2007|youth_c|B01|20704|3,7,34,36,3,20704034,20704036
2007|youth_c|B01|20704|3,8,40,40,1,20704040,20704040
2007|youth_c|B02|20703|3,1,5,6,2,20703005,20703006
2007|youth_c|B02|20703|3,2,9,11,3,20703009,20703011
2007|youth_c|B02|20703|3,3,13,13,1,20703013,20703013
2007|youth_c|B02|20703|3,4,16,16,1,20703016,20703016
2007|youth_c|B02|20703|3,5,18,19,2,20703018,20703019
2007|youth_c|B02|20703|3,6,23,24,2,20703023,20703024
2007|youth_c|B02|20703|3,7,26,29,4,20703026,20703029
2007|youth_c|B02|20703|3,8,31,31,1,20703031,20703031
2007|youth_c|B02|20703|3,9,34,35,2,20703034,20703035
2007|youth_c|B02|20703|3,10,37,37,1,20703037,20703037
2007|youth_c|B02|20703|3,11,39,39,1,20703039,20703039
2007|youth_c|B02|20703|3,12,42,44,3,20703042,20703044
2007|youth_c|B02|20703|3,13,46,46,1,20703046,20703046
2007|youth_c|B02|20703|3,14,50,50,1,20703050,20703050
2007|youth_c|B02|20703|3,15,53,55,3,20703053,20703055
2007|youth_c|B02|20703|3,16,57,57,1,20703057,20703057
2007|youth_c|B02|20703|3,17,63,63,1,20703063,20703063
2007|youth_c|B02|20703|3,18,65,66,2,20703065,20703066
2007|youth_c|B02|20704|3,1,3,4,2,20704003,20704004
2007|youth_c|B02|20704|3,2,18,18,1,20704018,20704018
2007|youth_c|B02|20704|3,3,41,41,1,20704041,20704041
2007|youth_c|B02|20705|3,1,11,11,1,20705011,20705011
2007|youth_c|B03|20701|3,1,13,13,1,20701013,20701013
2007|youth_c|B03|20701|3,2,29,30,2,20701029,20701030
2007|youth_c|B03|20701|3,3,32,32,1,20701032,20701032
2007|youth_c|B03|20701|3,4,34,34,1,20701034,20701034
2007|youth_c|B03|20701|3,5,36,36,1,20701036,20701036
2007|youth_c|B03|20702|3,1,5,5,1,20702005,20702005
2007|youth_c|B03|20702|3,2,37,37,1,20702037,20702037
2007|youth_c|B03|20702|3,3,40,40,1,20702040,20702040
2007|youth_c|B03|20702|3,4,59,60,2,20702059,20702060
2007|youth_c|B03|20703|3,1,1,4,4,20703001,20703004
2007|youth_c|B03|20703|3,2,7,8,2,20703007,20703008
2007|youth_c|B03|20703|3,3,12,12,1,20703012,20703012
2007|youth_c|B03|20703|3,4,14,15,2,20703014,20703015
2007|youth_c|B03|20703|3,5,17,17,1,20703017,20703017
2007|youth_c|B03|20703|3,6,20,22,3,20703020,20703022
2007|youth_c|B03|20703|3,7,25,25,1,20703025,20703025
2007|youth_c|B03|20703|3,8,30,30,1,20703030,20703030
2007|youth_c|B03|20703|3,9,32,33,2,20703032,20703033
2007|youth_c|B03|20703|3,10,36,36,1,20703036,20703036
2007|youth_c|B03|20703|3,11,38,38,1,20703038,20703038
2007|youth_c|B03|20703|3,12,40,41,2,20703040,20703041
2007|youth_c|B03|20703|3,13,45,45,1,20703045,20703045
2007|youth_c|B03|20703|3,14,47,49,3,20703047,20703049
2007|youth_c|B03|20703|3,15,51,52,2,20703051,20703052
2007|youth_c|B03|20703|3,16,56,56,1,20703056,20703056
2007|youth_c|B03|20703|3,17,58,62,5,20703058,20703062
2007|youth_c|B03|20703|3,18,64,64,1,20703064,20703064
2007|youth_c|B03|20703|3,19,67,67,1,20703067,20703067
2007|youth_c|B03|20704|3,1,1,1,1,20704001,20704001
2007|youth_c|B03|20704|3,2,6,6,1,20704006,20704006
2007|youth_c|B03|20704|3,3,10,10,1,20704010,20704010
2007|youth_c|B03|20704|3,4,25,25,1,20704025,20704025
2007|youth_c|B03|20704|3,5,29,29,1,20704029,20704029
2007|youth_c|B03|20704|3,6,38,38,1,20704038,20704038
2007|youth_c|B03|20704|3,7,44,44,1,20704044,20704044
2007|youth_c|B03|20705|3,1,22,22,1,20705022,20705022
2007|youth_c|B03|20705|3,2,24,24,1,20705024,20705024
2007|youth_c|B03|20705|3,3,27,27,1,20705027,20705027
2007|youth_c|B03|20705|3,4,32,32,1,20705032,20705032
2007|youth_c|B04|20704|3,1,33,33,1,20704033,20704033
2007|youth_c|B04|20705|3,1,1,10,10,20705001,20705010
2007|youth_c|B04|20705|3,2,12,21,10,20705012,20705021
2007|youth_c|B04|20705|3,3,23,23,1,20705023,20705023
2007|youth_c|B04|20705|3,4,25,26,2,20705025,20705026
2007|youth_c|B04|20705|3,5,28,31,4,20705028,20705031
2007|youth_c|B04|20705|3,6,33,42,10,20705033,20705042
2007|youth_c|B05|20701|3,1,20,20,1,20701020,20701020
2007|youth_c|B05|20702|3,1,3,3,1,20702003,20702003
2007|youth_c|B05|20702|3,2,20,20,1,20702020,20702020
2007|youth_c|B05|20702|3,3,26,26,1,20702026,20702026
2007|youth_c|B05|20702|3,4,29,29,1,20702029,20702029
2007|youth_c|B05|20702|3,5,41,42,2,20702041,20702042
2007|youth_c|B05|20704|3,1,2,2,1,20704002,20704002
2007|youth_c|B05|20704|3,2,8,9,2,20704008,20704009
2007|youth_c|B05|20704|3,3,14,14,1,20704014,20704014
2007|youth_c|B05|20704|3,4,20,24,5,20704020,20704024
2007|youth_c|B05|20704|3,5,26,28,3,20704026,20704028
2007|youth_c|B05|20704|3,6,30,31,2,20704030,20704031
2007|youth_c|B05|20704|3,7,37,37,1,20704037,20704037
2007|youth_c|B05|20704|3,8,42,43,2,20704042,20704043
2007|youth_c|B06|20701|3,1,4,4,1,20701004,20701004
2007|youth_c|B06|20701|3,2,24,24,1,20701024,20701024
2007|youth_c|B06|20707|3,1,1,3,3,20707001,20707003
2007|youth_c|B06|20707|3,2,5,41,37,20707005,20707041
2007|youth_c|B07|20701|3,1,28,28,1,20701028,20701028
2007|youth_c|B07|20702|3,1,9,9,1,20702009,20702009
2007|youth_c|B07|20702|3,2,18,18,1,20702018,20702018
2007|youth_c|B07|20702|3,3,27,27,1,20702027,20702027
2007|youth_c|B07|20702|3,4,31,31,1,20702031,20702031
2007|youth_c|B07|20702|3,5,34,35,2,20702034,20702035
2007|youth_c|B07|20702|3,6,49,49,1,20702049,20702049
2007|youth_c|B07|20702|3,7,54,55,2,20702054,20702055
2007|youth_c|B07|20702|3,8,57,57,1,20702057,20702057
2007|youth_c|B07|20702|3,9,61,61,1,20702061,20702061
2007|youth_c|B08|20702|3,1,16,16,1,20702016,20702016
2007|youth_c|B08|20706|3,1,1,60,60,20706001,20706060
2008|general|B01|20871|3,1,2,7,6,20871002,20871007
2008|general|B01|20871|3,2,10,10,1,20871010,20871010
2008|general|B01|20871|3,3,15,16,2,20871015,20871016
2008|general|B01|20871|3,4,18,18,1,20871018,20871018
2008|general|B01|20871|3,5,22,22,1,20871022,20871022
2008|general|B01|20871|3,6,25,28,4,20871025,20871028
2008|general|B01|20871|3,7,30,31,2,20871030,20871031
2008|general|B01|20871|3,8,33,33,1,20871033,20871033
2008|general|B01|20871|3,9,37,39,3,20871037,20871039
2008|general|B01|20871|3,10,43,46,4,20871043,20871046
2008|general|B01|20871|3,11,48,52,5,20871048,20871052
2008|general|B01|20871|3,12,54,55,2,20871054,20871055
2008|general|B01|20871|3,13,59,61,3,20871059,20871061
2008|general|B01|20871|3,14,63,63,1,20871063,20871063
2008|general|B01|20871|3,15,65,65,1,20871065,20871065
2008|general|B01|20871|3,16,68,68,1,20871068,20871068
2008|general|B01|20871|3,17,70,73,4,20871070,20871073
2008|general|B01|20871|3,18,75,76,2,20871075,20871076
2008|general|B01|20871|3,19,78,78,1,20871078,20871078
2008|general|B01|20871|3,20,82,84,3,20871082,20871084
2008|general|B01|20871|3,21,87,88,2,20871087,20871088
2008|general|B01|20871|3,22,93,93,1,20871093,20871093
2008|general|B01|20871|3,23,95,95,1,20871095,20871095
2008|general|B01|20871|3,24,98,99,2,20871098,20871099
2008|general|B01|20871|3,25,105,106,2,20871105,20871106
2008|general|B01|20871|3,26,108,110,3,20871108,20871110
2008|general|B01|20871|3,27,112,115,4,20871112,20871115
2008|general|B01|20871|3,28,117,119,3,20871117,20871119
2008|general|B01|20871|3,29,121,121,1,20871121,20871121
2008|general|B01|20872|3,1,1,5,5,20872001,20872005
2008|general|B01|20872|3,2,9,10,2,20872009,20872010
2008|general|B01|20872|3,3,14,15,2,20872014,20872015
2008|general|B01|20872|3,4,17,17,1,20872017,20872017
2008|general|B01|20872|3,5,23,23,1,20872023,20872023
2008|general|B01|20872|3,6,25,26,2,20872025,20872026
2008|general|B01|20872|3,7,31,31,1,20872031,20872031
2008|general|B01|20872|3,8,36,38,3,20872036,20872038
2008|general|B01|20872|3,9,40,43,4,20872040,20872043
2008|general|B01|20872|3,10,52,54,3,20872052,20872054
2008|general|B01|20872|3,11,57,59,3,20872057,20872059
2008|general|B01|20872|3,12,61,66,6,20872061,20872066
2008|general|B01|20872|3,13,73,76,4,20872073,20872076
2008|general|B01|20872|3,14,79,80,2,20872079,20872080
2008|general|B01|20872|3,15,84,91,8,20872084,20872091
2008|general|B01|20872|3,16,94,97,4,20872094,20872097
2008|general|B01|20872|3,17,102,106,5,20872102,20872106
2008|general|B01|20872|3,18,108,108,1,20872108,20872108
2008|general|B01|20872|3,19,111,112,2,20872111,20872112
2008|general|B01|20872|3,20,114,115,2,20872114,20872115
2008|general|B01|20872|3,21,117,118,2,20872117,20872118
2008|general|B01|20872|3,22,120,120,1,20872120,20872120
2008|general|B01|20872|3,23,123,124,2,20872123,20872124
2008|general|B01|20872|3,24,126,134,9,20872126,20872134
2008|general|B01|20872|3,25,136,136,1,20872136,20872136
2008|general|B01|20872|3,26,138,145,8,20872138,20872145
2008|general|B01|20872|3,27,147,147,1,20872147,20872147
2008|general|B01|20872|3,28,149,150,2,20872149,20872150
2008|general|B01|20872|3,29,152,152,1,20872152,20872152
2008|general|B01|20872|3,30,155,166,12,20872155,20872166
2008|general|B01|20872|3,31,173,173,1,20872173,20872173
2008|general|B01|20872|3,32,176,176,1,20872176,20872176
2008|general|B01|20872|3,33,182,182,1,20872182,20872182
2008|general|B01|20872|3,34,184,184,1,20872184,20872184
2008|general|B01|20874|3,1,3,3,1,20874003,20874003
2008|general|B01|20874|3,2,6,8,3,20874006,20874008
2008|general|B01|20874|3,3,12,14,3,20874012,20874014
2008|general|B01|20874|3,4,22,22,1,20874022,20874022
2008|general|B01|20874|3,5,26,26,1,20874026,20874026
2008|general|B01|20874|3,6,28,28,1,20874028,20874028
2008|general|B01|20874|3,7,30,30,1,20874030,20874030
2008|general|B01|20874|3,8,34,34,1,20874034,20874034
2008|general|B01|20874|3,9,38,38,1,20874038,20874038
2008|general|B01|20874|3,10,49,51,3,20874049,20874051
2008|general|B01|20874|3,11,54,55,2,20874054,20874055
2008|general|B01|20874|3,12,57,57,1,20874057,20874057
2008|general|B01|20874|3,13,60,60,1,20874060,20874060
2008|general|B01|20874|3,14,62,62,1,20874062,20874062
2008|general|B01|20874|3,15,67,69,3,20874067,20874069
2008|general|B01|20874|3,16,72,72,1,20874072,20874072
2008|general|B01|20874|3,17,80,81,2,20874080,20874081
2008|general|B01|20874|3,18,83,84,2,20874083,20874084
2008|general|B01|20874|3,19,92,93,2,20874092,20874093
2008|general|B01|20874|3,20,96,96,1,20874096,20874096
2008|general|B01|20874|3,21,99,99,1,20874099,20874099
2008|general|B01|20874|3,22,104,105,2,20874104,20874105
2008|general|B01|20874|3,23,113,115,3,20874113,20874115
2008|general|B02|20873|3,1,1,2,2,20873001,20873002
2008|general|B02|20873|3,2,4,4,1,20873004,20873004
2008|general|B02|20873|3,3,12,15,4,20873012,20873015
2008|general|B02|20873|3,4,18,18,1,20873018,20873018
2008|general|B02|20873|3,5,22,31,10,20873022,20873031
2008|general|B02|20873|3,6,34,34,1,20873034,20873034
2008|general|B02|20873|3,7,38,38,1,20873038,20873038
2008|general|B02|20873|3,8,40,44,5,20873040,20873044
2008|general|B02|20873|3,9,46,48,3,20873046,20873048
2008|general|B02|20873|3,10,51,51,1,20873051,20873051
2008|general|B02|20873|3,11,56,56,1,20873056,20873056
2008|general|B02|20873|3,12,59,63,5,20873059,20873063
2008|general|B02|20873|3,13,69,71,3,20873069,20873071
2008|general|B02|20873|3,14,73,73,1,20873073,20873073
2008|general|B02|20873|3,15,77,78,2,20873077,20873078
2008|general|B02|20873|3,16,80,80,1,20873080,20873080
2008|general|B02|20873|3,17,82,84,3,20873082,20873084
2008|general|B02|20873|3,18,86,86,1,20873086,20873086
2008|general|B02|20873|3,19,90,93,4,20873090,20873093
2008|general|B02|20873|3,20,97,97,1,20873097,20873097
2008|general|B02|20873|3,21,99,99,1,20873099,20873099
2008|general|B02|20873|3,22,108,113,6,20873108,20873113
2008|general|B02|20873|3,23,118,119,2,20873118,20873119
2008|general|B02|20873|3,24,122,124,3,20873122,20873124
2008|general|B02|20873|3,25,126,126,1,20873126,20873126
2008|general|B02|20873|3,26,134,134,1,20873134,20873134
2008|general|B02|20873|3,27,139,139,1,20873139,20873139
2008|general|B02|20873|3,28,143,145,3,20873143,20873145
2008|general|B02|20873|3,29,151,151,1,20873151,20873151
2008|general|B02|20873|3,30,156,156,1,20873156,20873156
2008|general|B02|20873|3,31,158,162,5,20873158,20873162
2008|general|B02|20873|3,32,166,167,2,20873166,20873167
2008|general|B02|20873|3,33,174,175,2,20873174,20873175
2008|general|B02|20873|3,34,178,179,2,20873178,20873179
2008|general|B02|20873|3,35,181,181,1,20873181,20873181
2008|general|B02|20873|3,36,184,184,1,20873184,20873184
2008|general|B02|20874|3,1,2,2,1,20874002,20874002
2008|general|B02|20874|3,2,9,9,1,20874009,20874009
2008|general|B02|20874|3,3,71,71,1,20874071,20874071
2008|general|B02|20874|3,4,112,112,1,20874112,20874112
2008|general|B02|20875|3,1,47,47,1,20875047,20875047
2008|general|B03|20871|3,1,12,12,1,20871012,20871012
2008|general|B03|20871|3,2,19,19,1,20871019,20871019
2008|general|B03|20871|3,3,23,23,1,20871023,20871023
2008|general|B03|20871|3,4,34,34,1,20871034,20871034
2008|general|B03|20871|3,5,47,47,1,20871047,20871047
2008|general|B03|20871|3,6,79,79,1,20871079,20871079
2008|general|B03|20871|3,7,96,96,1,20871096,20871096
2008|general|B03|20872|3,1,47,47,1,20872047,20872047
2008|general|B03|20872|3,2,56,56,1,20872056,20872056
2008|general|B03|20872|3,3,109,109,1,20872109,20872109
2008|general|B03|20872|3,4,167,168,2,20872167,20872168
2008|general|B03|20873|3,1,5,11,7,20873005,20873011
2008|general|B03|20873|3,2,17,17,1,20873017,20873017
2008|general|B03|20873|3,3,19,21,3,20873019,20873021
2008|general|B03|20873|3,4,33,33,1,20873033,20873033
2008|general|B03|20873|3,5,35,37,3,20873035,20873037
2008|general|B03|20873|3,6,45,45,1,20873045,20873045
2008|general|B03|20873|3,7,49,50,2,20873049,20873050
2008|general|B03|20873|3,8,53,53,1,20873053,20873053
2008|general|B03|20873|3,9,55,55,1,20873055,20873055
2008|general|B03|20873|3,10,57,58,2,20873057,20873058
2008|general|B03|20873|3,11,66,68,3,20873066,20873068
2008|general|B03|20873|3,12,74,76,3,20873074,20873076
2008|general|B03|20873|3,13,79,79,1,20873079,20873079
2008|general|B03|20873|3,14,81,81,1,20873081,20873081
2008|general|B03|20873|3,15,87,89,3,20873087,20873089
2008|general|B03|20873|3,16,96,96,1,20873096,20873096
2008|general|B03|20873|3,17,98,98,1,20873098,20873098
2008|general|B03|20873|3,18,100,107,8,20873100,20873107
2008|general|B03|20873|3,19,117,117,1,20873117,20873117
2008|general|B03|20873|3,20,121,121,1,20873121,20873121
2008|general|B03|20873|3,21,125,125,1,20873125,20873125
2008|general|B03|20873|3,22,127,133,7,20873127,20873133
2008|general|B03|20873|3,23,136,138,3,20873136,20873138
2008|general|B03|20873|3,24,140,142,3,20873140,20873142
2008|general|B03|20873|3,25,146,150,5,20873146,20873150
2008|general|B03|20873|3,26,152,155,4,20873152,20873155
2008|general|B03|20873|3,27,157,157,1,20873157,20873157
2008|general|B03|20873|3,28,164,164,1,20873164,20873164
2008|general|B03|20873|3,29,168,170,3,20873168,20873170
2008|general|B03|20873|3,30,172,173,2,20873172,20873173
2008|general|B03|20873|3,31,177,177,1,20873177,20873177
2008|general|B03|20873|3,32,180,180,1,20873180,20873180
2008|general|B03|20873|3,33,182,183,2,20873182,20873183
2008|general|B03|20874|3,1,11,11,1,20874011,20874011
2008|general|B03|20874|3,2,17,18,2,20874017,20874018
2008|general|B03|20874|3,3,23,24,2,20874023,20874024
2008|general|B03|20874|3,4,29,29,1,20874029,20874029
2008|general|B03|20874|3,5,39,39,1,20874039,20874039
2008|general|B03|20874|3,6,41,41,1,20874041,20874041
2008|general|B03|20874|3,7,45,45,1,20874045,20874045
2008|general|B03|20874|3,8,53,53,1,20874053,20874053
2008|general|B03|20874|3,9,56,56,1,20874056,20874056
2008|general|B03|20874|3,10,63,65,3,20874063,20874065
2008|general|B03|20874|3,11,87,87,1,20874087,20874087
2008|general|B03|20874|3,12,89,89,1,20874089,20874089
2008|general|B03|20874|3,13,100,101,2,20874100,20874101
2008|general|B03|20874|3,14,107,108,2,20874107,20874108
2008|general|B03|20875|3,1,22,22,1,20875022,20875022
2008|general|B03|20875|3,2,61,61,1,20875061,20875061
2008|general|B03|20875|3,3,65,65,1,20875065,20875065
2008|general|B03|20875|3,4,104,104,1,20875104,20875104
2008|general|B03|20875|3,5,106,106,1,20875106,20875106
2008|general|B04|20871|3,1,14,14,1,20871014,20871014
2008|general|B04|20872|3,1,20,20,1,20872020,20872020
2008|general|B04|20874|3,1,5,5,1,20874005,20874005
2008|general|B04|20874|3,2,19,21,3,20874019,20874021
2008|general|B04|20874|3,3,46,46,1,20874046,20874046
2008|general|B04|20874|3,4,88,88,1,20874088,20874088
2008|general|B04|20874|3,5,109,111,3,20874109,20874111
2008|general|B04|20875|3,1,1,21,21,20875001,20875021
2008|general|B04|20875|3,2,23,46,24,20875023,20875046
2008|general|B04|20875|3,3,48,60,13,20875048,20875060
2008|general|B04|20875|3,4,62,64,3,20875062,20875064
2008|general|B04|20875|3,5,66,103,38,20875066,20875103
2008|general|B04|20875|3,6,105,105,1,20875105,20875105
2008|general|B05|20871|3,1,11,11,1,20871011,20871011
2008|general|B05|20871|3,2,13,13,1,20871013,20871013
2008|general|B05|20871|3,3,29,29,1,20871029,20871029
2008|general|B05|20871|3,4,32,32,1,20871032,20871032
2008|general|B05|20871|3,5,36,36,1,20871036,20871036
2008|general|B05|20871|3,6,40,42,3,20871040,20871042
2008|general|B05|20871|3,7,53,53,1,20871053,20871053
2008|general|B05|20871|3,8,58,58,1,20871058,20871058
2008|general|B05|20871|3,9,67,67,1,20871067,20871067
2008|general|B05|20871|3,10,77,77,1,20871077,20871077
2008|general|B05|20871|3,11,89,91,3,20871089,20871091
2008|general|B05|20871|3,12,100,102,3,20871100,20871102
2008|general|B05|20871|3,13,104,104,1,20871104,20871104
2008|general|B05|20871|3,14,107,107,1,20871107,20871107
2008|general|B05|20872|3,1,30,30,1,20872030,20872030
2008|general|B05|20872|3,2,35,35,1,20872035,20872035
2008|general|B05|20872|3,3,51,51,1,20872051,20872051
2008|general|B05|20872|3,4,92,92,1,20872092,20872092
2008|general|B05|20872|3,5,121,121,1,20872121,20872121
2008|general|B05|20872|3,6,135,135,1,20872135,20872135
2008|general|B05|20872|3,7,146,146,1,20872146,20872146
2008|general|B05|20872|3,8,171,171,1,20872171,20872171
2008|general|B05|20874|3,1,1,1,1,20874001,20874001
2008|general|B05|20874|3,2,4,4,1,20874004,20874004
2008|general|B05|20874|3,3,10,10,1,20874010,20874010
2008|general|B05|20874|3,4,15,16,2,20874015,20874016
2008|general|B05|20874|3,5,25,25,1,20874025,20874025
2008|general|B05|20874|3,6,27,27,1,20874027,20874027
2008|general|B05|20874|3,7,31,33,3,20874031,20874033
2008|general|B05|20874|3,8,35,37,3,20874035,20874037
2008|general|B05|20874|3,9,40,40,1,20874040,20874040
2008|general|B05|20874|3,10,42,44,3,20874042,20874044
2008|general|B05|20874|3,11,47,48,2,20874047,20874048
2008|general|B05|20874|3,12,52,52,1,20874052,20874052
2008|general|B05|20874|3,13,58,59,2,20874058,20874059
2008|general|B05|20874|3,14,61,61,1,20874061,20874061
2008|general|B05|20874|3,15,66,66,1,20874066,20874066
2008|general|B05|20874|3,16,70,70,1,20874070,20874070
2008|general|B05|20874|3,17,73,79,7,20874073,20874079
2008|general|B05|20874|3,18,82,82,1,20874082,20874082
2008|general|B05|20874|3,19,85,86,2,20874085,20874086
2008|general|B05|20874|3,20,90,90,1,20874090,20874090
2008|general|B05|20874|3,21,94,95,2,20874094,20874095
2008|general|B05|20874|3,22,97,98,2,20874097,20874098
2008|general|B05|20874|3,23,102,103,2,20874102,20874103
2008|general|B05|20874|3,24,106,106,1,20874106,20874106
2008|general|B05|20874|3,25,116,117,2,20874116,20874117
2008|general|B06|20871|3,1,9,9,1,20871009,20871009
2008|general|B06|20871|3,2,62,62,1,20871062,20871062
2008|general|B06|20871|3,3,74,74,1,20871074,20871074
2008|general|B06|20871|3,4,86,86,1,20871086,20871086
2008|general|B06|20871|3,5,103,103,1,20871103,20871103
2008|general|B06|20876|3,1,2,2,1,20876002,20876002
2008|general|B06|20876|3,2,10,10,1,20876010,20876010
2008|general|B06|20877|3,1,1,105,105,20877001,20877105
2008|general|B07|20871|3,1,1,1,1,20871001,20871001
2008|general|B07|20871|3,2,8,8,1,20871008,20871008
2008|general|B07|20871|3,3,17,17,1,20871017,20871017
2008|general|B07|20871|3,4,20,21,2,20871020,20871021
2008|general|B07|20871|3,5,24,24,1,20871024,20871024
2008|general|B07|20871|3,6,35,35,1,20871035,20871035
2008|general|B07|20871|3,7,56,57,2,20871056,20871057
2008|general|B07|20871|3,8,64,64,1,20871064,20871064
2008|general|B07|20871|3,9,66,66,1,20871066,20871066
2008|general|B07|20871|3,10,69,69,1,20871069,20871069
2008|general|B07|20871|3,11,80,81,2,20871080,20871081
2008|general|B07|20871|3,12,85,85,1,20871085,20871085
2008|general|B07|20871|3,13,92,92,1,20871092,20871092
2008|general|B07|20871|3,14,94,94,1,20871094,20871094
2008|general|B07|20871|3,15,97,97,1,20871097,20871097
2008|general|B07|20871|3,16,111,111,1,20871111,20871111
2008|general|B07|20871|3,17,116,116,1,20871116,20871116
2008|general|B07|20871|3,18,120,120,1,20871120,20871120
2008|general|B07|20871|3,19,122,122,1,20871122,20871122
2008|general|B07|20872|3,1,6,8,3,20872006,20872008
2008|general|B07|20872|3,2,11,11,1,20872011,20872011
2008|general|B07|20872|3,3,13,13,1,20872013,20872013
2008|general|B07|20872|3,4,16,16,1,20872016,20872016
2008|general|B07|20872|3,5,18,19,2,20872018,20872019
2008|general|B07|20872|3,6,22,22,1,20872022,20872022
2008|general|B07|20872|3,7,24,24,1,20872024,20872024
2008|general|B07|20872|3,8,27,29,3,20872027,20872029
2008|general|B07|20872|3,9,32,34,3,20872032,20872034
2008|general|B07|20872|3,10,39,39,1,20872039,20872039
2008|general|B07|20872|3,11,44,46,3,20872044,20872046
2008|general|B07|20872|3,12,48,48,1,20872048,20872048
2008|general|B07|20872|3,13,55,55,1,20872055,20872055
2008|general|B07|20872|3,14,60,60,1,20872060,20872060
2008|general|B07|20872|3,15,67,68,2,20872067,20872068
2008|general|B07|20872|3,16,70,72,3,20872070,20872072
2008|general|B07|20872|3,17,77,78,2,20872077,20872078
2008|general|B07|20872|3,18,81,83,3,20872081,20872083
2008|general|B07|20872|3,19,93,93,1,20872093,20872093
2008|general|B07|20872|3,20,98,101,4,20872098,20872101
2008|general|B07|20872|3,21,107,107,1,20872107,20872107
2008|general|B07|20872|3,22,110,110,1,20872110,20872110
2008|general|B07|20872|3,23,113,113,1,20872113,20872113
2008|general|B07|20872|3,24,116,116,1,20872116,20872116
2008|general|B07|20872|3,25,119,119,1,20872119,20872119
2008|general|B07|20872|3,26,122,122,1,20872122,20872122
2008|general|B07|20872|3,27,125,125,1,20872125,20872125
2008|general|B07|20872|3,28,137,137,1,20872137,20872137
2008|general|B07|20872|3,29,148,148,1,20872148,20872148
2008|general|B07|20872|3,30,151,151,1,20872151,20872151
2008|general|B07|20872|3,31,153,154,2,20872153,20872154
2008|general|B07|20872|3,32,169,170,2,20872169,20872170
2008|general|B07|20872|3,33,172,172,1,20872172,20872172
2008|general|B07|20872|3,34,174,175,2,20872174,20872175
2008|general|B07|20872|3,35,177,181,5,20872177,20872181
2008|general|B07|20872|3,36,183,183,1,20872183,20872183
2008|general|B07|20873|3,1,3,3,1,20873003,20873003
2008|general|B07|20873|3,2,39,39,1,20873039,20873039
2008|general|B07|20873|3,3,116,116,1,20873116,20873116
2008|general|B07|20873|3,4,135,135,1,20873135,20873135
2008|general|B07|20873|3,5,165,165,1,20873165,20873165
2008|general|B07|20873|3,6,171,171,1,20873171,20873171
2008|general|B07|20873|3,7,176,176,1,20873176,20873176
2008|general|B08|20872|3,1,12,12,1,20872012,20872012
2008|general|B08|20872|3,2,21,21,1,20872021,20872021
2008|general|B08|20872|3,3,49,50,2,20872049,20872050
2008|general|B08|20872|3,4,69,69,1,20872069,20872069
2008|general|B08|20873|3,1,163,163,1,20873163,20873163
2008|general|B08|20876|3,1,1,1,1,20876001,20876001
2008|general|B08|20876|3,2,3,9,7,20876003,20876009
2008|general|B08|20876|3,3,11,183,173,20876011,20876183
2008|general|B09|20873|3,1,16,16,1,20873016,20873016
2008|general|B09|20873|3,2,32,32,1,20873032,20873032
2008|general|B09|20873|3,3,52,52,1,20873052,20873052
2008|general|B09|20873|3,4,54,54,1,20873054,20873054
2008|general|B09|20873|3,5,64,65,2,20873064,20873065
2008|general|B09|20873|3,6,72,72,1,20873072,20873072
2008|general|B09|20873|3,7,85,85,1,20873085,20873085
2008|general|B09|20873|3,8,94,95,2,20873094,20873095
2008|general|B09|20873|3,9,114,115,2,20873114,20873115
2008|general|B09|20873|3,10,120,120,1,20873120,20873120
2008|general|B09|20874|3,1,91,91,1,20874091,20874091
2008|joint_fund|B08|50876|3,1,121,121,1,50876121,50876121
2008|key|B01|20831|3,1,1,2,2,20831001,20831002
2008|key|B01|20831|3,2,5,5,1,20831005,20831005
2008|key|B01|20832|3,1,1,3,3,20832001,20832003
2008|key|B01|20832|3,2,5,9,5,20832005,20832009
2008|key|B01|20834|3,1,2,2,1,20834002,20834002
2008|key|B01|20834|3,2,4,4,1,20834004,20834004
2008|key|B01|20834|3,3,6,6,1,20834006,20834006
2008|key|B02|20833|3,1,5,6,2,20833005,20833006
2008|key|B02|20833|3,2,10,11,2,20833010,20833011
2008|key|B03|20831|3,1,4,4,1,20831004,20831004
2008|key|B03|20832|3,1,4,4,1,20832004,20832004
2008|key|B03|20833|3,1,1,4,4,20833001,20833004
2008|key|B03|20833|3,2,7,9,3,20833007,20833009
2008|key|B03|20835|3,1,2,2,1,20835002,20835002
2008|key|B04|20835|3,1,1,1,1,20835001,20835001
2008|key|B04|20835|3,2,3,6,4,20835003,20835006
2008|key|B05|20834|3,1,1,1,1,20834001,20834001
2008|key|B05|20834|3,2,3,3,1,20834003,20834003
2008|key|B05|20834|3,3,5,5,1,20834005,20834005
2008|key|B06|20837|3,1,1,4,4,20837001,20837004
2008|key|B07|20831|3,1,3,3,1,20831003,20831003
2008|key|B07|20831|3,2,6,6,1,20831006,20831006
2008|key|B08|20836|3,1,1,9,9,20836001,20836009
2008|major_research_plan|B01|90813|3,1,3,3,1,90813003,90813003
2008|major_research_plan|B04|90813|3,1,14,20,7,90813014,90813020
2008|major_research_plan|B04|90813|3,2,32,32,1,90813032,90813032
2008|major_research_plan|B07|90813|3,1,1,2,2,90813001,90813002
2008|major_research_plan|B07|90813|3,2,4,13,10,90813004,90813013
2008|major_research_plan|B07|90813|3,3,31,31,1,90813031,90813031
2008|regional|B01|20861|3,1,1,1,1,20861001,20861001
2008|regional|B01|20861|3,2,5,5,1,20861005,20861005
2008|regional|B01|20861|3,3,7,8,2,20861007,20861008
2008|regional|B01|20862|3,1,1,1,1,20862001,20862001
2008|regional|B01|20862|3,2,6,8,3,20862006,20862008
2008|regional|B01|20862|3,3,12,12,1,20862012,20862012
2008|regional|B01|20862|3,4,15,17,3,20862015,20862017
2008|regional|B01|20862|3,5,19,20,2,20862019,20862020
2008|regional|B01|20864|3,1,2,3,2,20864002,20864003
2008|regional|B02|20863|3,1,2,3,2,20863002,20863003
2008|regional|B02|20863|3,2,6,7,2,20863006,20863007
2008|regional|B02|20863|3,3,9,9,1,20863009,20863009
2008|regional|B03|20863|3,1,1,1,1,20863001,20863001
2008|regional|B03|20863|3,2,4,5,2,20863004,20863005
2008|regional|B04|20865|3,1,1,6,6,20865001,20865006
2008|regional|B05|20861|3,1,3,3,1,20861003,20861003
2008|regional|B05|20861|3,2,6,6,1,20861006,20861006
2008|regional|B05|20864|3,1,1,1,1,20864001,20864001
2008|regional|B06|20867|3,1,1,5,5,20867001,20867005
2008|regional|B07|20861|3,1,2,2,1,20861002,20861002
2008|regional|B07|20861|3,2,4,4,1,20861004,20861004
2008|regional|B07|20862|3,1,2,5,4,20862002,20862005
2008|regional|B07|20862|3,2,9,11,3,20862009,20862011
2008|regional|B07|20862|3,3,13,13,1,20862013,20862013
2008|regional|B07|20862|3,4,18,18,1,20862018,20862018
2008|regional|B08|20862|3,1,14,14,1,20862014,20862014
2008|regional|B08|20863|3,1,8,8,1,20863008,20863008
2008|regional|B08|20866|3,1,1,9,9,20866001,20866009
2008|special|B01|20824|3,1,1,3,3,20824001,20824003
2008|special|B01|20841|3,1,1,3,3,20841001,20841003
2008|special|B01|20841|3,2,402,402,1,20841402,20841402
2008|special|B01|20842|3,1,2,2,1,20842002,20842002
2008|special|B01|20842|3,2,4,5,2,20842004,20842005
2008|special|B01|20842|3,3,7,7,1,20842007,20842007
2008|special|B01|20842|3,4,402,403,2,20842402,20842403
2008|special|B01|20844|3,1,1,1,1,20844001,20844001
2008|special|B01|20844|3,2,4,4,1,20844004,20844004
2008|special|B01|20851|3,1,2,2,1,20851002,20851002
2008|special|B01|20852|3,1,3,4,2,20852003,20852004
2008|special|B02|20827|3,1,1,2,2,20827001,20827002
2008|special|B02|20843|3,1,1,1,1,20843001,20843001
2008|special|B02|20843|3,2,3,3,1,20843003,20843003
2008|special|B02|20843|3,3,5,6,2,20843005,20843006
2008|special|B02|20853|3,1,2,2,1,20853002,20853002
2008|special|B03|20824|3,1,4,4,1,20824004,20824004
2008|special|B03|20843|3,1,2,2,1,20843002,20843002
2008|special|B03|20843|3,2,4,4,1,20843004,20843004
2008|special|B03|20843|3,3,401,401,1,20843401,20843401
2008|special|B03|20844|3,1,2,3,2,20844002,20844003
2008|special|B03|20844|3,2,6,6,1,20844006,20844006
2008|special|B03|20844|3,3,401,401,1,20844401,20844401
2008|special|B03|20851|3,1,1,1,1,20851001,20851001
2008|special|B03|20853|3,1,1,1,1,20853001,20853001
2008|special|B04|20824|3,1,5,5,1,20824005,20824005
2008|special|B04|20827|3,1,4,7,4,20827004,20827007
2008|special|B04|20845|3,1,1,6,6,20845001,20845006
2008|special|B04|20845|3,2,401,402,2,20845401,20845402
2008|special|B05|20842|3,1,6,6,1,20842006,20842006
2008|special|B05|20844|3,1,5,5,1,20844005,20844005
2008|special|B05|20844|3,2,7,7,1,20844007,20844007
2008|special|B05|20844|3,3,402,403,2,20844402,20844403
2008|special|B05|20854|3,1,1,1,1,20854001,20854001
2008|special|B06|20847|3,1,1,3,3,20847001,20847003
2008|special|B07|20841|3,1,401,401,1,20841401,20841401
2008|special|B07|20842|3,1,1,1,1,20842001,20842001
2008|special|B07|20842|3,2,3,3,1,20842003,20842003
2008|special|B07|20842|3,3,401,401,1,20842401,20842401
2008|special|B07|20843|3,1,7,7,1,20843007,20843007
2008|special|B07|20852|3,1,1,2,2,20852001,20852002
2008|special|B08|20846|3,1,1,3,3,20846001,20846003
2008|special|B08|20846|3,2,401,402,2,20846401,20846402
2008|special|B09|20827|3,1,3,3,1,20827003,20827003
2008|youth_c|B01|20801|3,1,1,6,6,20801001,20801006
2008|youth_c|B01|20801|3,2,8,8,1,20801008,20801008
2008|youth_c|B01|20801|3,3,11,15,5,20801011,20801015
2008|youth_c|B01|20801|3,4,18,20,3,20801018,20801020
2008|youth_c|B01|20801|3,5,22,22,1,20801022,20801022
2008|youth_c|B01|20801|3,6,25,25,1,20801025,20801025
2008|youth_c|B01|20801|3,7,27,28,2,20801027,20801028
2008|youth_c|B01|20801|3,8,31,34,4,20801031,20801034
2008|youth_c|B01|20801|3,9,38,38,1,20801038,20801038
2008|youth_c|B01|20801|3,10,41,42,2,20801041,20801042
2008|youth_c|B01|20801|3,11,44,52,9,20801044,20801052
2008|youth_c|B01|20801|3,12,54,54,1,20801054,20801054
2008|youth_c|B01|20801|3,13,56,58,3,20801056,20801058
2008|youth_c|B01|20801|3,14,62,62,1,20801062,20801062
2008|youth_c|B01|20802|3,1,1,4,4,20802001,20802004
2008|youth_c|B01|20802|3,2,7,9,3,20802007,20802009
2008|youth_c|B01|20802|3,3,13,14,2,20802013,20802014
2008|youth_c|B01|20802|3,4,16,16,1,20802016,20802016
2008|youth_c|B01|20802|3,5,21,21,1,20802021,20802021
2008|youth_c|B01|20802|3,6,25,26,2,20802025,20802026
2008|youth_c|B01|20802|3,7,28,29,2,20802028,20802029
2008|youth_c|B01|20802|3,8,34,34,1,20802034,20802034
2008|youth_c|B01|20802|3,9,36,36,1,20802036,20802036
2008|youth_c|B01|20802|3,10,38,39,2,20802038,20802039
2008|youth_c|B01|20802|3,11,41,41,1,20802041,20802041
2008|youth_c|B01|20802|3,12,43,49,7,20802043,20802049
2008|youth_c|B01|20802|3,13,52,53,2,20802052,20802053
2008|youth_c|B01|20802|3,14,56,56,1,20802056,20802056
2008|youth_c|B01|20802|3,15,61,61,1,20802061,20802061
2008|youth_c|B01|20802|3,16,66,68,3,20802066,20802068
2008|youth_c|B01|20802|3,17,70,76,7,20802070,20802076
2008|youth_c|B01|20802|3,18,79,80,2,20802079,20802080
2008|youth_c|B01|20802|3,19,85,85,1,20802085,20802085
2008|youth_c|B01|20802|3,20,87,88,2,20802087,20802088
2008|youth_c|B01|20802|3,21,90,90,1,20802090,20802090
2008|youth_c|B01|20802|3,22,95,95,1,20802095,20802095
2008|youth_c|B01|20804|3,1,6,6,1,20804006,20804006
2008|youth_c|B01|20804|3,2,9,10,2,20804009,20804010
2008|youth_c|B01|20804|3,3,20,20,1,20804020,20804020
2008|youth_c|B01|20804|3,4,22,22,1,20804022,20804022
2008|youth_c|B01|20804|3,5,24,24,1,20804024,20804024
2008|youth_c|B01|20804|3,6,28,28,1,20804028,20804028
2008|youth_c|B01|20804|3,7,31,31,1,20804031,20804031
2008|youth_c|B01|20804|3,8,33,33,1,20804033,20804033
2008|youth_c|B01|20804|3,9,36,36,1,20804036,20804036
2008|youth_c|B01|20804|3,10,41,42,2,20804041,20804042
2008|youth_c|B01|20804|3,11,44,44,1,20804044,20804044
2008|youth_c|B01|20804|3,12,55,55,1,20804055,20804055
2008|youth_c|B01|20804|3,13,58,60,3,20804058,20804060
2008|youth_c|B02|20803|3,1,3,6,4,20803003,20803006
2008|youth_c|B02|20803|3,2,9,13,5,20803009,20803013
2008|youth_c|B02|20803|3,3,18,18,1,20803018,20803018
2008|youth_c|B02|20803|3,4,21,21,1,20803021,20803021
2008|youth_c|B02|20803|3,5,23,25,3,20803023,20803025
2008|youth_c|B02|20803|3,6,28,30,3,20803028,20803030
2008|youth_c|B02|20803|3,7,32,33,2,20803032,20803033
2008|youth_c|B02|20803|3,8,36,41,6,20803036,20803041
2008|youth_c|B02|20803|3,9,44,47,4,20803044,20803047
2008|youth_c|B02|20803|3,10,49,50,2,20803049,20803050
2008|youth_c|B02|20803|3,11,53,56,4,20803053,20803056
2008|youth_c|B02|20803|3,12,60,61,2,20803060,20803061
2008|youth_c|B02|20803|3,13,65,65,1,20803065,20803065
2008|youth_c|B02|20803|3,14,67,69,3,20803067,20803069
2008|youth_c|B02|20803|3,15,72,77,6,20803072,20803077
2008|youth_c|B02|20803|3,16,84,84,1,20803084,20803084
2008|youth_c|B02|20803|3,17,87,88,2,20803087,20803088
2008|youth_c|B02|20803|3,18,93,94,2,20803093,20803094
2008|youth_c|B02|20803|3,19,96,97,2,20803096,20803097
2008|youth_c|B02|20804|3,1,50,50,1,20804050,20804050
2008|youth_c|B03|20801|3,1,17,17,1,20801017,20801017
2008|youth_c|B03|20802|3,1,11,11,1,20802011,20802011
2008|youth_c|B03|20802|3,2,15,15,1,20802015,20802015
2008|youth_c|B03|20802|3,3,93,93,1,20802093,20802093
2008|youth_c|B03|20803|3,1,2,2,1,20803002,20803002
2008|youth_c|B03|20803|3,2,14,14,1,20803014,20803014
2008|youth_c|B03|20803|3,3,16,17,2,20803016,20803017
2008|youth_c|B03|20803|3,4,19,20,2,20803019,20803020
2008|youth_c|B03|20803|3,5,22,22,1,20803022,20803022
2008|youth_c|B03|20803|3,6,26,26,1,20803026,20803026
2008|youth_c|B03|20803|3,7,31,31,1,20803031,20803031
2008|youth_c|B03|20803|3,8,34,34,1,20803034,20803034
2008|youth_c|B03|20803|3,9,43,43,1,20803043,20803043
2008|youth_c|B03|20803|3,10,48,48,1,20803048,20803048
2008|youth_c|B03|20803|3,11,51,52,2,20803051,20803052
2008|youth_c|B03|20803|3,12,58,59,2,20803058,20803059
2008|youth_c|B03|20803|3,13,62,64,3,20803062,20803064
2008|youth_c|B03|20803|3,14,66,66,1,20803066,20803066
2008|youth_c|B03|20803|3,15,70,71,2,20803070,20803071
2008|youth_c|B03|20803|3,16,79,83,5,20803079,20803083
2008|youth_c|B03|20803|3,17,89,92,4,20803089,20803092
2008|youth_c|B03|20804|3,1,4,5,2,20804004,20804005
2008|youth_c|B03|20804|3,2,11,11,1,20804011,20804011
2008|youth_c|B03|20804|3,3,13,13,1,20804013,20804013
2008|youth_c|B03|20804|3,4,16,16,1,20804016,20804016
2008|youth_c|B03|20804|3,5,37,37,1,20804037,20804037
2008|youth_c|B03|20804|3,6,40,40,1,20804040,20804040
2008|youth_c|B03|20804|3,7,43,43,1,20804043,20804043
2008|youth_c|B03|20804|3,8,46,46,1,20804046,20804046
2008|youth_c|B03|20804|3,9,51,54,4,20804051,20804054
2008|youth_c|B04|20802|3,1,23,23,1,20802023,20802023
2008|youth_c|B04|20802|3,2,91,91,1,20802091,20802091
2008|youth_c|B04|20804|3,1,1,1,1,20804001,20804001
2008|youth_c|B04|20804|3,2,23,23,1,20804023,20804023
2008|youth_c|B04|20804|3,3,47,47,1,20804047,20804047
2008|youth_c|B04|20805|3,1,1,60,60,20805001,20805060
2008|youth_c|B05|20801|3,1,9,10,2,20801009,20801010
2008|youth_c|B05|20801|3,2,16,16,1,20801016,20801016
2008|youth_c|B05|20801|3,3,21,21,1,20801021,20801021
2008|youth_c|B05|20801|3,4,23,23,1,20801023,20801023
2008|youth_c|B05|20801|3,5,26,26,1,20801026,20801026
2008|youth_c|B05|20801|3,6,29,29,1,20801029,20801029
2008|youth_c|B05|20801|3,7,36,37,2,20801036,20801037
2008|youth_c|B05|20801|3,8,39,39,1,20801039,20801039
2008|youth_c|B05|20801|3,9,53,53,1,20801053,20801053
2008|youth_c|B05|20801|3,10,55,55,1,20801055,20801055
2008|youth_c|B05|20801|3,11,59,59,1,20801059,20801059
2008|youth_c|B05|20802|3,1,10,10,1,20802010,20802010
2008|youth_c|B05|20802|3,2,19,19,1,20802019,20802019
2008|youth_c|B05|20802|3,3,22,22,1,20802022,20802022
2008|youth_c|B05|20802|3,4,33,33,1,20802033,20802033
2008|youth_c|B05|20802|3,5,42,42,1,20802042,20802042
2008|youth_c|B05|20802|3,6,65,65,1,20802065,20802065
2008|youth_c|B05|20802|3,7,81,81,1,20802081,20802081
2008|youth_c|B05|20804|3,1,2,3,2,20804002,20804003
2008|youth_c|B05|20804|3,2,8,8,1,20804008,20804008
2008|youth_c|B05|20804|3,3,12,12,1,20804012,20804012
2008|youth_c|B05|20804|3,4,14,15,2,20804014,20804015
2008|youth_c|B05|20804|3,5,17,19,3,20804017,20804019
2008|youth_c|B05|20804|3,6,21,21,1,20804021,20804021
2008|youth_c|B05|20804|3,7,25,27,3,20804025,20804027
2008|youth_c|B05|20804|3,8,29,29,1,20804029,20804029
2008|youth_c|B05|20804|3,9,32,32,1,20804032,20804032
2008|youth_c|B05|20804|3,10,34,34,1,20804034,20804034
2008|youth_c|B05|20804|3,11,39,39,1,20804039,20804039
2008|youth_c|B05|20804|3,12,45,45,1,20804045,20804045
2008|youth_c|B05|20804|3,13,48,49,2,20804048,20804049
2008|youth_c|B05|20804|3,14,56,57,2,20804056,20804057
2008|youth_c|B06|20801|3,1,7,7,1,20801007,20801007
2008|youth_c|B06|20801|3,2,30,30,1,20801030,20801030
2008|youth_c|B06|20803|3,1,7,7,1,20803007,20803007
2008|youth_c|B06|20807|3,1,1,59,59,20807001,20807059
2008|youth_c|B07|20801|3,1,24,24,1,20801024,20801024
2008|youth_c|B07|20801|3,2,35,35,1,20801035,20801035
2008|youth_c|B07|20801|3,3,40,40,1,20801040,20801040
2008|youth_c|B07|20801|3,4,43,43,1,20801043,20801043
2008|youth_c|B07|20801|3,5,60,61,2,20801060,20801061
2008|youth_c|B07|20802|3,1,5,6,2,20802005,20802006
2008|youth_c|B07|20802|3,2,12,12,1,20802012,20802012
2008|youth_c|B07|20802|3,3,17,18,2,20802017,20802018
2008|youth_c|B07|20802|3,4,20,20,1,20802020,20802020
2008|youth_c|B07|20802|3,5,24,24,1,20802024,20802024
2008|youth_c|B07|20802|3,6,27,27,1,20802027,20802027
2008|youth_c|B07|20802|3,7,30,32,3,20802030,20802032
2008|youth_c|B07|20802|3,8,35,35,1,20802035,20802035
2008|youth_c|B07|20802|3,9,37,37,1,20802037,20802037
2008|youth_c|B07|20802|3,10,40,40,1,20802040,20802040
2008|youth_c|B07|20802|3,11,50,51,2,20802050,20802051
2008|youth_c|B07|20802|3,12,54,55,2,20802054,20802055
2008|youth_c|B07|20802|3,13,57,60,4,20802057,20802060
2008|youth_c|B07|20802|3,14,62,64,3,20802062,20802064
2008|youth_c|B07|20802|3,15,69,69,1,20802069,20802069
2008|youth_c|B07|20802|3,16,77,78,2,20802077,20802078
2008|youth_c|B07|20802|3,17,82,84,3,20802082,20802084
2008|youth_c|B07|20802|3,18,86,86,1,20802086,20802086
2008|youth_c|B07|20802|3,19,89,89,1,20802089,20802089
2008|youth_c|B07|20802|3,20,92,92,1,20802092,20802092
2008|youth_c|B07|20802|3,21,94,94,1,20802094,20802094
2008|youth_c|B07|20803|3,1,98,98,1,20803098,20803098
2008|youth_c|B08|20803|3,1,8,8,1,20803008,20803008
2008|youth_c|B08|20803|3,2,85,86,2,20803085,20803086
2008|youth_c|B08|20806|3,1,1,96,96,20806001,20806096
2008|youth_c|B09|20803|3,1,1,1,1,20803001,20803001
2008|youth_c|B09|20803|3,2,15,15,1,20803015,20803015
2008|youth_c|B09|20803|3,3,27,27,1,20803027,20803027
2008|youth_c|B09|20803|3,4,35,35,1,20803035,20803035
2008|youth_c|B09|20803|3,5,42,42,1,20803042,20803042
2008|youth_c|B09|20803|3,6,57,57,1,20803057,20803057
2008|youth_c|B09|20803|3,7,78,78,1,20803078,20803078
2008|youth_c|B09|20803|3,8,95,95,1,20803095,20803095
2008|youth_c|B09|20804|3,1,7,7,1,20804007,20804007
2008|youth_c|B09|20804|3,2,30,30,1,20804030,20804030
2008|youth_c|B09|20804|3,3,38,38,1,20804038,20804038
2009|general|B01|20971|3,1,1,6,6,20971001,20971006
2009|general|B01|20971|3,2,10,10,1,20971010,20971010
2009|general|B01|20971|3,3,12,15,4,20971012,20971015
2009|general|B01|20971|3,4,17,19,3,20971017,20971019
2009|general|B01|20971|3,5,23,23,1,20971023,20971023
2009|general|B01|20971|3,6,26,29,4,20971026,20971029
2009|general|B01|20971|3,7,31,32,2,20971031,20971032
2009|general|B01|20971|3,8,37,38,2,20971037,20971038
2009|general|B01|20971|3,9,41,41,1,20971041,20971041
2009|general|B01|20971|3,10,44,45,2,20971044,20971045
2009|general|B01|20971|3,11,47,48,2,20971047,20971048
2009|general|B01|20971|3,12,51,53,3,20971051,20971053
2009|general|B01|20971|3,13,55,55,1,20971055,20971055
2009|general|B01|20971|3,14,58,58,1,20971058,20971058
2009|general|B01|20971|3,15,62,68,7,20971062,20971068
2009|general|B01|20971|3,16,70,76,7,20971070,20971076
2009|general|B01|20971|3,17,78,80,3,20971078,20971080
2009|general|B01|20971|3,18,83,83,1,20971083,20971083
2009|general|B01|20971|3,19,85,85,1,20971085,20971085
2009|general|B01|20971|3,20,87,87,1,20971087,20971087
2009|general|B01|20971|3,21,90,92,3,20971090,20971092
2009|general|B01|20971|3,22,94,94,1,20971094,20971094
2009|general|B01|20971|3,23,96,98,3,20971096,20971098
2009|general|B01|20971|3,24,100,110,11,20971100,20971110
2009|general|B01|20971|3,25,112,112,1,20971112,20971112
2009|general|B01|20971|3,26,116,117,2,20971116,20971117
2009|general|B01|20971|3,27,120,124,5,20971120,20971124
2009|general|B01|20971|3,28,127,132,6,20971127,20971132
2009|general|B01|20972|3,1,1,6,6,20972001,20972006
2009|general|B01|20972|3,2,13,18,6,20972013,20972018
2009|general|B01|20972|3,3,20,23,4,20972020,20972023
2009|general|B01|20972|3,4,25,32,8,20972025,20972032
2009|general|B01|20972|3,5,36,37,2,20972036,20972037
2009|general|B01|20972|3,6,41,41,1,20972041,20972041
2009|general|B01|20972|3,7,43,43,1,20972043,20972043
2009|general|B01|20972|3,8,45,45,1,20972045,20972045
2009|general|B01|20972|3,9,47,50,4,20972047,20972050
2009|general|B01|20972|3,10,53,55,3,20972053,20972055
2009|general|B01|20972|3,11,57,60,4,20972057,20972060
2009|general|B01|20972|3,12,64,65,2,20972064,20972065
2009|general|B01|20972|3,13,67,77,11,20972067,20972077
2009|general|B01|20972|3,14,83,85,3,20972083,20972085
2009|general|B01|20972|3,15,87,87,1,20972087,20972087
2009|general|B01|20972|3,16,90,96,7,20972090,20972096
2009|general|B01|20972|3,17,100,102,3,20972100,20972102
2009|general|B01|20972|3,18,107,111,5,20972107,20972111
2009|general|B01|20972|3,19,113,115,3,20972113,20972115
2009|general|B01|20972|3,20,117,118,2,20972117,20972118
2009|general|B01|20972|3,21,120,120,1,20972120,20972120
2009|general|B01|20972|3,22,122,125,4,20972122,20972125
2009|general|B01|20972|3,23,127,127,1,20972127,20972127
2009|general|B01|20972|3,24,129,129,1,20972129,20972129
2009|general|B01|20972|3,25,131,135,5,20972131,20972135
2009|general|B01|20972|3,26,139,141,3,20972139,20972141
2009|general|B01|20972|3,27,143,147,5,20972143,20972147
2009|general|B01|20972|3,28,150,152,3,20972150,20972152
2009|general|B01|20972|3,29,154,157,4,20972154,20972157
2009|general|B01|20972|3,30,159,159,1,20972159,20972159
2009|general|B01|20972|3,31,161,164,4,20972161,20972164
2009|general|B01|20972|3,32,169,172,4,20972169,20972172
2009|general|B01|20972|3,33,175,180,6,20972175,20972180
2009|general|B01|20972|3,34,182,182,1,20972182,20972182
2009|general|B01|20972|3,35,189,189,1,20972189,20972189
2009|general|B01|20972|3,36,193,193,1,20972193,20972193
2009|general|B01|20972|3,37,195,196,2,20972195,20972196
2009|general|B01|20974|3,1,4,4,1,20974004,20974004
2009|general|B01|20974|3,2,7,8,2,20974007,20974008
2009|general|B01|20974|3,3,14,17,4,20974014,20974017
2009|general|B01|20974|3,4,19,21,3,20974019,20974021
2009|general|B01|20974|3,5,28,28,1,20974028,20974028
2009|general|B01|20974|3,6,30,31,2,20974030,20974031
2009|general|B01|20974|3,7,34,34,1,20974034,20974034
2009|general|B01|20974|3,8,38,38,1,20974038,20974038
2009|general|B01|20974|3,9,41,42,2,20974041,20974042
2009|general|B01|20974|3,10,47,49,3,20974047,20974049
2009|general|B01|20974|3,11,54,54,1,20974054,20974054
2009|general|B01|20974|3,12,58,59,2,20974058,20974059
2009|general|B01|20974|3,13,62,62,1,20974062,20974062
2009|general|B01|20974|3,14,69,69,1,20974069,20974069
2009|general|B01|20974|3,15,71,71,1,20974071,20974071
2009|general|B01|20974|3,16,80,80,1,20974080,20974080
2009|general|B01|20974|3,17,85,85,1,20974085,20974085
2009|general|B01|20974|3,18,90,90,1,20974090,20974090
2009|general|B01|20974|3,19,93,93,1,20974093,20974093
2009|general|B01|20974|3,20,99,100,2,20974099,20974100
2009|general|B01|20974|3,21,103,104,2,20974103,20974104
2009|general|B01|20974|3,22,109,109,1,20974109,20974109
2009|general|B01|20974|3,23,112,112,1,20974112,20974112
2009|general|B01|20974|3,24,117,119,3,20974117,20974119
2009|general|B01|20974|3,25,123,127,5,20974123,20974127
2009|general|B02|20971|3,1,16,16,1,20971016,20971016
2009|general|B02|20971|3,2,30,30,1,20971030,20971030
2009|general|B02|20973|3,1,11,14,4,20973011,20973014
2009|general|B02|20973|3,2,17,17,1,20973017,20973017
2009|general|B02|20973|3,3,20,23,4,20973020,20973023
2009|general|B02|20973|3,4,29,33,5,20973029,20973033
2009|general|B02|20973|3,5,35,36,2,20973035,20973036
2009|general|B02|20973|3,6,42,42,1,20973042,20973042
2009|general|B02|20973|3,7,47,48,2,20973047,20973048
2009|general|B02|20973|3,8,51,51,1,20973051,20973051
2009|general|B02|20973|3,9,54,54,1,20973054,20973054
2009|general|B02|20973|3,10,56,57,2,20973056,20973057
2009|general|B02|20973|3,11,59,59,1,20973059,20973059
2009|general|B02|20973|3,12,64,65,2,20973064,20973065
2009|general|B02|20973|3,13,68,72,5,20973068,20973072
2009|general|B02|20973|3,14,79,80,2,20973079,20973080
2009|general|B02|20973|3,15,82,82,1,20973082,20973082
2009|general|B02|20973|3,16,86,86,1,20973086,20973086
2009|general|B02|20973|3,17,91,92,2,20973091,20973092
2009|general|B02|20973|3,18,94,98,5,20973094,20973098
2009|general|B02|20973|3,19,102,106,5,20973102,20973106
2009|general|B02|20973|3,20,110,111,2,20973110,20973111
2009|general|B02|20973|3,21,113,114,2,20973113,20973114
2009|general|B02|20973|3,22,120,120,1,20973120,20973120
2009|general|B02|20973|3,23,123,124,2,20973123,20973124
2009|general|B02|20973|3,24,127,131,5,20973127,20973131
2009|general|B02|20973|3,25,134,134,1,20973134,20973134
2009|general|B02|20973|3,26,140,144,5,20973140,20973144
2009|general|B02|20973|3,27,146,148,3,20973146,20973148
2009|general|B02|20973|3,28,150,153,4,20973150,20973153
2009|general|B02|20973|3,29,157,157,1,20973157,20973157
2009|general|B02|20973|3,30,161,161,1,20973161,20973161
2009|general|B02|20973|3,31,163,167,5,20973163,20973167
2009|general|B02|20973|3,32,169,169,1,20973169,20973169
2009|general|B02|20973|3,33,175,175,1,20973175,20973175
2009|general|B02|20973|3,34,177,178,2,20973177,20973178
2009|general|B02|20973|3,35,181,184,4,20973181,20973184
2009|general|B02|20973|3,36,187,188,2,20973187,20973188
2009|general|B02|20973|3,37,190,190,1,20973190,20973190
2009|general|B02|20973|3,38,193,193,1,20973193,20973193
2009|general|B02|20973|3,39,196,196,1,20973196,20973196
2009|general|B02|20973|3,40,198,199,2,20973198,20973199
2009|general|B02|20973|3,41,201,201,1,20973201,20973201
2009|general|B02|20974|3,1,37,37,1,20974037,20974037
2009|general|B02|20974|3,2,68,68,1,20974068,20974068
2009|general|B02|20974|3,3,106,106,1,20974106,20974106
2009|general|B02|20975|3,1,107,107,1,20975107,20975107
2009|general|B03|20971|3,1,20,20,1,20971020,20971020
2009|general|B03|20971|3,2,25,25,1,20971025,20971025
2009|general|B03|20971|3,3,36,36,1,20971036,20971036
2009|general|B03|20971|3,4,46,46,1,20971046,20971046
2009|general|B03|20971|3,5,54,54,1,20971054,20971054
2009|general|B03|20971|3,6,119,119,1,20971119,20971119
2009|general|B03|20971|3,7,125,125,1,20971125,20971125
2009|general|B03|20972|3,1,63,63,1,20972063,20972063
2009|general|B03|20972|3,2,119,119,1,20972119,20972119
2009|general|B03|20972|3,3,148,149,2,20972148,20972149
2009|general|B03|20973|3,1,1,10,10,20973001,20973010
2009|general|B03|20973|3,2,18,19,2,20973018,20973019
2009|general|B03|20973|3,3,24,27,4,20973024,20973027
2009|general|B03|20973|3,4,37,37,1,20973037,20973037
2009|general|B03|20973|3,5,39,41,3,20973039,20973041
2009|general|B03|20973|3,6,43,46,4,20973043,20973046
2009|general|B03|20973|3,7,49,50,2,20973049,20973050
2009|general|B03|20973|3,8,52,53,2,20973052,20973053
2009|general|B03|20973|3,9,55,55,1,20973055,20973055
2009|general|B03|20973|3,10,58,58,1,20973058,20973058
2009|general|B03|20973|3,11,61,63,3,20973061,20973063
2009|general|B03|20973|3,12,66,67,2,20973066,20973067
2009|general|B03|20973|3,13,73,78,6,20973073,20973078
2009|general|B03|20973|3,14,81,81,1,20973081,20973081
2009|general|B03|20973|3,15,84,85,2,20973084,20973085
2009|general|B03|20973|3,16,88,90,3,20973088,20973090
2009|general|B03|20973|3,17,93,93,1,20973093,20973093
2009|general|B03|20973|3,18,100,101,2,20973100,20973101
2009|general|B03|20973|3,19,107,109,3,20973107,20973109
2009|general|B03|20973|3,20,115,119,5,20973115,20973119
2009|general|B03|20973|3,21,121,122,2,20973121,20973122
2009|general|B03|20973|3,22,126,126,1,20973126,20973126
2009|general|B03|20973|3,23,133,133,1,20973133,20973133
2009|general|B03|20973|3,24,135,139,5,20973135,20973139
2009|general|B03|20973|3,25,149,149,1,20973149,20973149
2009|general|B03|20973|3,26,154,156,3,20973154,20973156
2009|general|B03|20973|3,27,158,160,3,20973158,20973160
2009|general|B03|20973|3,28,162,162,1,20973162,20973162
2009|general|B03|20973|3,29,168,168,1,20973168,20973168
2009|general|B03|20973|3,30,170,174,5,20973170,20973174
2009|general|B03|20973|3,31,176,176,1,20973176,20973176
2009|general|B03|20973|3,32,179,180,2,20973179,20973180
2009|general|B03|20973|3,33,185,185,1,20973185,20973185
2009|general|B03|20973|3,34,189,189,1,20973189,20973189
2009|general|B03|20973|3,35,191,192,2,20973191,20973192
2009|general|B03|20973|3,36,194,195,2,20973194,20973195
2009|general|B03|20973|3,37,197,197,1,20973197,20973197
2009|general|B03|20973|3,38,202,204,3,20973202,20973204
2009|general|B03|20974|3,1,10,12,3,20974010,20974012
2009|general|B03|20974|3,2,39,39,1,20974039,20974039
2009|general|B03|20974|3,3,45,45,1,20974045,20974045
2009|general|B03|20974|3,4,55,56,2,20974055,20974056
2009|general|B03|20974|3,5,60,60,1,20974060,20974060
2009|general|B03|20974|3,6,77,79,3,20974077,20974079
2009|general|B03|20974|3,7,86,86,1,20974086,20974086
2009|general|B03|20974|3,8,88,89,2,20974088,20974089
2009|general|B03|20974|3,9,102,102,1,20974102,20974102
2009|general|B03|20974|3,10,107,108,2,20974107,20974108
2009|general|B03|20975|3,1,11,11,1,20975011,20975011
2009|general|B03|20975|3,2,39,40,2,20975039,20975040
2009|general|B03|20975|3,3,64,64,1,20975064,20975064
2009|general|B03|20975|3,4,81,81,1,20975081,20975081
2009|general|B03|20975|3,5,115,115,1,20975115,20975115
2009|general|B03|20975|3,6,117,117,1,20975117,20975117
2009|general|B04|20972|3,1,38,38,1,20972038,20972038
2009|general|B04|20972|3,2,128,128,1,20972128,20972128
2009|general|B04|20972|3,3,136,136,1,20972136,20972136
2009|general|B04|20974|3,1,1,1,1,20974001,20974001
2009|general|B04|20974|3,2,26,26,1,20974026,20974026
2009|general|B04|20974|3,3,32,32,1,20974032,20974032
2009|general|B04|20974|3,4,40,40,1,20974040,20974040
2009|general|B04|20974|3,5,81,81,1,20974081,20974081
2009|general|B04|20974|3,6,101,101,1,20974101,20974101
2009|general|B04|20974|3,7,110,110,1,20974110,20974110
2009|general|B04|20974|3,8,115,115,1,20974115,20974115
2009|general|B04|20975|3,1,1,10,10,20975001,20975010
2009|general|B04|20975|3,2,12,38,27,20975012,20975038
2009|general|B04|20975|3,3,41,63,23,20975041,20975063
2009|general|B04|20975|3,4,65,80,16,20975065,20975080
2009|general|B04|20975|3,5,82,106,25,20975082,20975106
2009|general|B04|20975|3,6,108,114,7,20975108,20975114
2009|general|B04|20975|3,7,116,116,1,20975116,20975116
2009|general|B05|20971|3,1,9,9,1,20971009,20971009
2009|general|B05|20971|3,2,11,11,1,20971011,20971011
2009|general|B05|20971|3,3,21,21,1,20971021,20971021
2009|general|B05|20971|3,4,35,35,1,20971035,20971035
2009|general|B05|20971|3,5,39,40,2,20971039,20971040
2009|general|B05|20971|3,6,42,42,1,20971042,20971042
2009|general|B05|20971|3,7,57,57,1,20971057,20971057
2009|general|B05|20971|3,8,60,60,1,20971060,20971060
2009|general|B05|20971|3,9,77,77,1,20971077,20971077
2009|general|B05|20971|3,10,82,82,1,20971082,20971082
2009|general|B05|20971|3,11,88,89,2,20971088,20971089
2009|general|B05|20971|3,12,95,95,1,20971095,20971095
2009|general|B05|20971|3,13,111,111,1,20971111,20971111
2009|general|B05|20971|3,14,113,113,1,20971113,20971113
2009|general|B05|20971|3,15,118,118,1,20971118,20971118
2009|general|B05|20972|3,1,34,35,2,20972034,20972035
2009|general|B05|20972|3,2,44,44,1,20972044,20972044
2009|general|B05|20972|3,3,89,89,1,20972089,20972089
2009|general|B05|20972|3,4,97,97,1,20972097,20972097
2009|general|B05|20972|3,5,137,137,1,20972137,20972137
2009|general|B05|20974|3,1,2,3,2,20974002,20974003
2009|general|B05|20974|3,2,5,6,2,20974005,20974006
2009|general|B05|20974|3,3,9,9,1,20974009,20974009
2009|general|B05|20974|3,4,13,13,1,20974013,20974013
2009|general|B05|20974|3,5,18,18,1,20974018,20974018
2009|general|B05|20974|3,6,22,25,4,20974022,20974025
2009|general|B05|20974|3,7,27,27,1,20974027,20974027
2009|general|B05|20974|3,8,29,29,1,20974029,20974029
2009|general|B05|20974|3,9,33,33,1,20974033,20974033
2009|general|B05|20974|3,10,35,36,2,20974035,20974036
2009|general|B05|20974|3,11,43,44,2,20974043,20974044
2009|general|B05|20974|3,12,46,46,1,20974046,20974046
2009|general|B05|20974|3,13,50,53,4,20974050,20974053
2009|general|B05|20974|3,14,57,57,1,20974057,20974057
2009|general|B05|20974|3,15,61,61,1,20974061,20974061
2009|general|B05|20974|3,16,63,67,5,20974063,20974067
2009|general|B05|20974|3,17,70,70,1,20974070,20974070
2009|general|B05|20974|3,18,72,76,5,20974072,20974076
2009|general|B05|20974|3,19,82,84,3,20974082,20974084
2009|general|B05|20974|3,20,87,87,1,20974087,20974087
2009|general|B05|20974|3,21,91,92,2,20974091,20974092
2009|general|B05|20974|3,22,94,98,5,20974094,20974098
2009|general|B05|20974|3,23,105,105,1,20974105,20974105
2009|general|B05|20974|3,24,111,111,1,20974111,20974111
2009|general|B05|20974|3,25,113,114,2,20974113,20974114
2009|general|B05|20974|3,26,116,116,1,20974116,20974116
2009|general|B05|20974|3,27,121,122,2,20974121,20974122
2009|general|B05|20974|3,28,128,130,3,20974128,20974130
2009|general|B06|20971|3,1,33,33,1,20971033,20971033
2009|general|B06|20971|3,2,61,61,1,20971061,20971061
2009|general|B06|20971|3,3,114,114,1,20971114,20971114
2009|general|B06|20973|3,1,28,28,1,20973028,20973028
2009|general|B06|20976|3,1,2,2,1,20976002,20976002
2009|general|B06|20976|3,2,59,59,1,20976059,20976059
2009|general|B06|20977|3,1,1,117,117,20977001,20977117
2009|general|B07|20971|3,1,7,8,2,20971007,20971008
2009|general|B07|20971|3,2,22,22,1,20971022,20971022
2009|general|B07|20971|3,3,24,24,1,20971024,20971024
2009|general|B07|20971|3,4,34,34,1,20971034,20971034
2009|general|B07|20971|3,5,43,43,1,20971043,20971043
2009|general|B07|20971|3,6,49,50,2,20971049,20971050
2009|general|B07|20971|3,7,56,56,1,20971056,20971056
2009|general|B07|20971|3,8,59,59,1,20971059,20971059
2009|general|B07|20971|3,9,69,69,1,20971069,20971069
2009|general|B07|20971|3,10,81,81,1,20971081,20971081
2009|general|B07|20971|3,11,84,84,1,20971084,20971084
2009|general|B07|20971|3,12,86,86,1,20971086,20971086
2009|general|B07|20971|3,13,93,93,1,20971093,20971093
2009|general|B07|20971|3,14,99,99,1,20971099,20971099
2009|general|B07|20971|3,15,115,115,1,20971115,20971115
2009|general|B07|20972|3,1,7,12,6,20972007,20972012
2009|general|B07|20972|3,2,19,19,1,20972019,20972019
2009|general|B07|20972|3,3,33,33,1,20972033,20972033
2009|general|B07|20972|3,4,39,40,2,20972039,20972040
2009|general|B07|20972|3,5,42,42,1,20972042,20972042
2009|general|B07|20972|3,6,46,46,1,20972046,20972046
2009|general|B07|20972|3,7,51,52,2,20972051,20972052
2009|general|B07|20972|3,8,56,56,1,20972056,20972056
2009|general|B07|20972|3,9,61,62,2,20972061,20972062
2009|general|B07|20972|3,10,66,66,1,20972066,20972066
2009|general|B07|20972|3,11,78,82,5,20972078,20972082
2009|general|B07|20972|3,12,86,86,1,20972086,20972086
2009|general|B07|20972|3,13,88,88,1,20972088,20972088
2009|general|B07|20972|3,14,98,99,2,20972098,20972099
2009|general|B07|20972|3,15,103,106,4,20972103,20972106
2009|general|B07|20972|3,16,112,112,1,20972112,20972112
2009|general|B07|20972|3,17,116,116,1,20972116,20972116
2009|general|B07|20972|3,18,121,121,1,20972121,20972121
2009|general|B07|20972|3,19,126,126,1,20972126,20972126
2009|general|B07|20972|3,20,130,130,1,20972130,20972130
2009|general|B07|20972|3,21,138,138,1,20972138,20972138
2009|general|B07|20972|3,22,142,142,1,20972142,20972142
2009|general|B07|20972|3,23,153,153,1,20972153,20972153
2009|general|B07|20972|3,24,158,158,1,20972158,20972158
2009|general|B07|20972|3,25,160,160,1,20972160,20972160
2009|general|B07|20972|3,26,165,168,4,20972165,20972168
2009|general|B07|20972|3,27,173,174,2,20972173,20972174
2009|general|B07|20972|3,28,183,188,6,20972183,20972188
2009|general|B07|20972|3,29,190,192,3,20972190,20972192
2009|general|B07|20972|3,30,194,194,1,20972194,20972194
2009|general|B07|20972|3,31,197,198,2,20972197,20972198
2009|general|B07|20973|3,1,15,16,2,20973015,20973016
2009|general|B07|20973|3,2,34,34,1,20973034,20973034
2009|general|B07|20973|3,3,83,83,1,20973083,20973083
2009|general|B07|20973|3,4,125,125,1,20973125,20973125
2009|general|B07|20973|3,5,145,145,1,20973145,20973145
2009|general|B07|20973|3,6,186,186,1,20973186,20973186
2009|general|B08|20972|3,1,24,24,1,20972024,20972024
2009|general|B08|20972|3,2,181,181,1,20972181,20972181
2009|general|B08|20976|3,1,1,1,1,20976001,20976001
2009|general|B08|20976|3,2,3,58,56,20976003,20976058
2009|general|B08|20976|3,3,60,205,146,20976060,20976205
2009|general|B09|20973|3,1,38,38,1,20973038,20973038
2009|general|B09|20973|3,2,60,60,1,20973060,20973060
2009|general|B09|20973|3,3,99,99,1,20973099,20973099
2009|general|B09|20973|3,4,112,112,1,20973112,20973112
2009|general|B09|20973|3,5,132,132,1,20973132,20973132
2009|general|B09|20973|3,6,200,200,1,20973200,20973200
2009|general|B09|20973|3,7,205,205,1,20973205,20973205
2009|general|B09|20974|3,1,120,120,1,20974120,20974120
2009|key|B01|20931|3,1,1,6,6,20931001,20931006
2009|key|B01|20932|3,1,2,2,1,20932002,20932002
2009|key|B01|20932|3,2,7,8,2,20932007,20932008
2009|key|B01|20934|3,1,1,1,1,20934001,20934001
2009|key|B01|20934|3,2,6,6,1,20934006,20934006
2009|key|B02|20933|3,1,4,5,2,20933004,20933005
2009|key|B03|20932|3,1,4,4,1,20932004,20932004
2009|key|B03|20932|3,2,6,6,1,20932006,20932006
2009|key|B03|20933|3,1,1,3,3,20933001,20933003
2009|key|B03|20933|3,2,6,10,5,20933006,20933010
2009|key|B03|20934|3,1,2,2,1,20934002,20934002
2009|key|B03|20934|3,2,4,5,2,20934004,20934005
2009|key|B04|20935|3,1,1,5,5,20935001,20935005
2009|key|B05|20934|3,1,3,3,1,20934003,20934003
2009|key|B06|20937|3,1,1,4,4,20937001,20937004
2009|key|B07|20932|3,1,1,1,1,20932001,20932001
2009|key|B07|20932|3,2,3,3,1,20932003,20932003
2009|key|B07|20932|3,3,5,5,1,20932005,20932005
2009|key|B07|20932|3,4,9,9,1,20932009,20932009
2009|key|B08|20936|3,1,1,8,8,20936001,20936008
2009|major_research_plan|B01|90913|3,1,0,0,1,90913000,90913000
2009|major_research_plan|B01|90922|3,1,0,0,1,90922000,90922000
2009|major_research_plan|B01|90922|3,2,4,13,10,90922004,90922013
2009|major_research_plan|B01|90922|3,3,18,18,1,90922018,90922018
2009|major_research_plan|B01|90922|3,4,31,32,2,90922031,90922032
2009|major_research_plan|B01|90923|3,1,6,6,1,90923006,90923006
2009|major_research_plan|B02|90923|3,1,7,8,2,90923007,90923008
2009|major_research_plan|B03|90922|3,1,14,15,2,90922014,90922015
2009|major_research_plan|B03|90922|3,2,21,22,2,90922021,90922022
2009|major_research_plan|B03|90922|3,3,33,33,1,90922033,90922033
2009|major_research_plan|B04|90913|3,1,11,15,5,90913011,90913015
2009|major_research_plan|B04|90922|3,1,23,23,1,90922023,90922023
2009|major_research_plan|B05|90922|3,1,16,17,2,90922016,90922017
2009|major_research_plan|B05|90922|3,2,19,20,2,90922019,90922020
2009|major_research_plan|B05|90922|3,3,34,35,2,90922034,90922035
2009|major_research_plan|B07|90913|3,1,1,10,10,90913001,90913010
2009|major_research_plan|B07|90913|3,2,21,22,2,90913021,90913022
2009|major_research_plan|B07|90923|3,1,9,9,1,90923009,90923009
2009|regional|B01|20961|3,1,2,2,1,20961002,20961002
2009|regional|B01|20961|3,2,5,8,4,20961005,20961008
2009|regional|B01|20961|3,3,10,11,2,20961010,20961011
2009|regional|B01|20962|3,1,3,3,1,20962003,20962003
2009|regional|B01|20962|3,2,6,8,3,20962006,20962008
2009|regional|B01|20962|3,3,10,10,1,20962010,20962010
2009|regional|B01|20962|3,4,16,18,3,20962016,20962018
2009|regional|B01|20962|3,5,23,23,1,20962023,20962023
2009|regional|B01|20964|3,1,2,2,1,20964002,20964002
2009|regional|B01|20964|3,2,4,4,1,20964004,20964004
2009|regional|B02|20963|3,1,3,11,9,20963003,20963011
2009|regional|B03|20963|3,1,1,2,2,20963001,20963002
2009|regional|B03|20964|3,1,1,1,1,20964001,20964001
2009|regional|B04|20961|3,1,3,3,1,20961003,20961003
2009|regional|B04|20961|3,2,12,12,1,20961012,20961012
2009|regional|B04|20965|3,1,1,9,9,20965001,20965009
2009|regional|B05|20961|3,1,1,1,1,20961001,20961001
2009|regional|B05|20961|3,2,4,4,1,20961004,20961004
2009|regional|B05|20962|3,1,22,22,1,20962022,20962022
2009|regional|B05|20964|3,1,3,3,1,20964003,20964003
2009|regional|B05|20964|3,2,5,5,1,20964005,20964005
2009|regional|B06|20967|3,1,1,7,7,20967001,20967007
2009|regional|B07|20961|3,1,9,9,1,20961009,20961009
2009|regional|B07|20962|3,1,2,2,1,20962002,20962002
2009|regional|B07|20962|3,2,4,5,2,20962004,20962005
2009|regional|B07|20962|3,3,9,9,1,20962009,20962009
2009|regional|B07|20962|3,4,11,14,4,20962011,20962014
2009|regional|B07|20962|3,5,20,21,2,20962020,20962021
2009|regional|B07|20962|3,6,24,24,1,20962024,20962024
2009|regional|B08|20962|3,1,1,1,1,20962001,20962001
2009|regional|B08|20962|3,2,15,15,1,20962015,20962015
2009|regional|B08|20962|3,3,19,19,1,20962019,20962019
2009|regional|B08|20966|3,1,1,8,8,20966001,20966008
2009|special|B01|20923|3,1,3,3,1,20923003,20923003
2009|special|B01|20923|3,2,5,5,1,20923005,20923005
2009|special|B01|20941|3,1,3,4,2,20941003,20941004
2009|special|B01|20941|3,2,402,403,2,20941402,20941403
2009|special|B01|20942|3,1,1,1,1,20942001,20942001
2009|special|B01|20942|3,2,3,4,2,20942003,20942004
2009|special|B01|20942|3,3,7,9,3,20942007,20942009
2009|special|B01|20942|3,4,401,401,1,20942401,20942401
2009|special|B01|20942|3,5,403,403,1,20942403,20942403
2009|special|B01|20944|3,1,1,2,2,20944001,20944002
2009|special|B01|20951|3,1,1,3,3,20951001,20951003
2009|special|B02|20923|3,1,4,4,1,20923004,20923004
2009|special|B02|20927|3,1,1,1,1,20927001,20927001
2009|special|B02|20943|3,1,1,1,1,20943001,20943001
2009|special|B02|20943|3,2,401,401,1,20943401,20943401
2009|special|B02|20953|3,1,3,4,2,20953003,20953004
2009|special|B03|20923|3,1,1,2,2,20923001,20923002
2009|special|B03|20927|3,1,2,2,1,20927002,20927002
2009|special|B03|20943|3,1,3,3,1,20943003,20943003
2009|special|B03|20943|3,2,5,5,1,20943005,20943005
2009|special|B03|20943|3,3,402,402,1,20943402,20943402
2009|special|B03|20944|3,1,4,4,1,20944004,20944004
2009|special|B03|20953|3,1,1,1,1,20953001,20953001
2009|special|B03|20953|3,2,5,6,2,20953005,20953006
2009|special|B04|20927|3,1,3,7,5,20927003,20927007
2009|special|B04|20942|3,1,2,2,1,20942002,20942002
2009|special|B04|20942|3,2,10,10,1,20942010,20942010
2009|special|B04|20945|3,1,1,4,4,20945001,20945004
2009|special|B04|20945|3,2,401,402,2,20945401,20945402
2009|special|B04|20954|3,1,1,1,1,20954001,20954001
2009|special|B04|20955|3,1,1,1,1,20955001,20955001
2009|special|B05|20920|3,1,2,2,1,20920002,20920002
2009|special|B05|20941|3,1,1,2,2,20941001,20941002
2009|special|B05|20942|3,1,402,402,1,20942402,20942402
2009|special|B05|20944|3,1,3,3,1,20944003,20944003
2009|special|B05|20944|3,2,401,401,1,20944401,20944401
2009|special|B05|20952|3,1,1,1,1,20952001,20952001
2009|special|B06|20947|3,1,1,3,3,20947001,20947003
2009|special|B06|20947|3,2,401,401,1,20947401,20947401
2009|special|B07|20941|3,1,401,401,1,20941401,20941401
2009|special|B07|20942|3,1,5,6,2,20942005,20942006
2009|special|B07|20942|3,2,11,12,2,20942011,20942012
2009|special|B07|20942|3,3,404,404,1,20942404,20942404
2009|special|B07|20943|3,1,2,2,1,20943002,20943002
2009|special|B08|20923|3,1,6,6,1,20923006,20923006
2009|special|B08|20946|3,1,1,3,3,20946001,20946003
2009|special|B08|20953|3,1,2,2,1,20953002,20953002
2009|special|B08|20956|3,1,1,2,2,20956001,20956002
2009|special|B09|20943|3,1,4,4,1,20943004,20943004
2009|youth_c|B01|20901|3,1,1,1,1,20901001,20901001
2009|youth_c|B01|20901|3,2,4,4,1,20901004,20901004
2009|youth_c|B01|20901|3,3,9,19,11,20901009,20901019
2009|youth_c|B01|20901|3,4,21,24,4,20901021,20901024
2009|youth_c|B01|20901|3,5,26,27,2,20901026,20901027
2009|youth_c|B01|20901|3,6,29,29,1,20901029,20901029
2009|youth_c|B01|20901|3,7,31,37,7,20901031,20901037
2009|youth_c|B01|20901|3,8,39,42,4,20901039,20901042
2009|youth_c|B01|20901|3,9,45,45,1,20901045,20901045
2009|youth_c|B01|20901|3,10,49,52,4,20901049,20901052
2009|youth_c|B01|20901|3,11,54,55,2,20901054,20901055
2009|youth_c|B01|20901|3,12,57,57,1,20901057,20901057
2009|youth_c|B01|20901|3,13,59,59,1,20901059,20901059
2009|youth_c|B01|20901|3,14,61,61,1,20901061,20901061
2009|youth_c|B01|20901|3,15,63,65,3,20901063,20901065
2009|youth_c|B01|20901|3,16,67,70,4,20901067,20901070
2009|youth_c|B01|20901|3,17,74,77,4,20901074,20901077
2009|youth_c|B01|20901|3,18,81,82,2,20901081,20901082
2009|youth_c|B01|20901|3,19,84,84,1,20901084,20901084
2009|youth_c|B01|20902|3,1,1,2,2,20902001,20902002
2009|youth_c|B01|20902|3,2,4,6,3,20902004,20902006
2009|youth_c|B01|20902|3,3,8,8,1,20902008,20902008
2009|youth_c|B01|20902|3,4,11,12,2,20902011,20902012
2009|youth_c|B01|20902|3,5,14,15,2,20902014,20902015
2009|youth_c|B01|20902|3,6,17,21,5,20902017,20902021
2009|youth_c|B01|20902|3,7,23,23,1,20902023,20902023
2009|youth_c|B01|20902|3,8,25,33,9,20902025,20902033
2009|youth_c|B01|20902|3,9,39,39,1,20902039,20902039
2009|youth_c|B01|20902|3,10,42,47,6,20902042,20902047
2009|youth_c|B01|20902|3,11,52,52,1,20902052,20902052
2009|youth_c|B01|20902|3,12,57,58,2,20902057,20902058
2009|youth_c|B01|20902|3,13,60,61,2,20902060,20902061
2009|youth_c|B01|20902|3,14,67,67,1,20902067,20902067
2009|youth_c|B01|20902|3,15,69,70,2,20902069,20902070
2009|youth_c|B01|20902|3,16,73,77,5,20902073,20902077
2009|youth_c|B01|20902|3,17,80,81,2,20902080,20902081
2009|youth_c|B01|20902|3,18,83,84,2,20902083,20902084
2009|youth_c|B01|20902|3,19,89,89,1,20902089,20902089
2009|youth_c|B01|20902|3,20,91,92,2,20902091,20902092
2009|youth_c|B01|20902|3,21,96,100,5,20902096,20902100
2009|youth_c|B01|20902|3,22,102,102,1,20902102,20902102
2009|youth_c|B01|20902|3,23,112,114,3,20902112,20902114
2009|youth_c|B01|20904|3,1,1,1,1,20904001,20904001
2009|youth_c|B01|20904|3,2,5,5,1,20904005,20904005
2009|youth_c|B01|20904|3,3,10,10,1,20904010,20904010
2009|youth_c|B01|20904|3,4,13,13,1,20904013,20904013
2009|youth_c|B01|20904|3,5,16,18,3,20904016,20904018
2009|youth_c|B01|20904|3,6,28,29,2,20904028,20904029
2009|youth_c|B01|20904|3,7,32,32,1,20904032,20904032
2009|youth_c|B01|20904|3,8,36,36,1,20904036,20904036
2009|youth_c|B01|20904|3,9,44,44,1,20904044,20904044
2009|youth_c|B01|20904|3,10,46,46,1,20904046,20904046
2009|youth_c|B01|20904|3,11,51,51,1,20904051,20904051
2009|youth_c|B01|20904|3,12,59,59,1,20904059,20904059
2009|youth_c|B01|20904|3,13,65,65,1,20904065,20904065
2009|youth_c|B02|20901|3,1,6,6,1,20901006,20901006
2009|youth_c|B02|20901|3,2,78,78,1,20901078,20901078
2009|youth_c|B02|20903|3,1,5,5,1,20903005,20903005
2009|youth_c|B02|20903|3,2,8,8,1,20903008,20903008
2009|youth_c|B02|20903|3,3,12,12,1,20903012,20903012
2009|youth_c|B02|20903|3,4,15,15,1,20903015,20903015
2009|youth_c|B02|20903|3,5,18,19,2,20903018,20903019
2009|youth_c|B02|20903|3,6,21,24,4,20903021,20903024
2009|youth_c|B02|20903|3,7,28,28,1,20903028,20903028
2009|youth_c|B02|20903|3,8,30,30,1,20903030,20903030
2009|youth_c|B02|20903|3,9,34,35,2,20903034,20903035
2009|youth_c|B02|20903|3,10,39,39,1,20903039,20903039
2009|youth_c|B02|20903|3,11,42,42,1,20903042,20903042
2009|youth_c|B02|20903|3,12,46,49,4,20903046,20903049
2009|youth_c|B02|20903|3,13,54,54,1,20903054,20903054
2009|youth_c|B02|20903|3,14,57,57,1,20903057,20903057
2009|youth_c|B02|20903|3,15,59,59,1,20903059,20903059
2009|youth_c|B02|20903|3,16,64,64,1,20903064,20903064
2009|youth_c|B02|20903|3,17,68,70,3,20903068,20903070
2009|youth_c|B02|20903|3,18,72,72,1,20903072,20903072
2009|youth_c|B02|20903|3,19,74,74,1,20903074,20903074
2009|youth_c|B02|20903|3,20,76,76,1,20903076,20903076
2009|youth_c|B02|20903|3,21,78,81,4,20903078,20903081
2009|youth_c|B02|20903|3,22,84,84,1,20903084,20903084
2009|youth_c|B02|20903|3,23,88,93,6,20903088,20903093
2009|youth_c|B02|20903|3,24,103,103,1,20903103,20903103
2009|youth_c|B02|20903|3,25,105,107,3,20903105,20903107
2009|youth_c|B02|20903|3,26,111,111,1,20903111,20903111
2009|youth_c|B02|20903|3,27,114,114,1,20903114,20903114
2009|youth_c|B02|20903|3,28,118,118,1,20903118,20903118
2009|youth_c|B02|20903|3,29,121,122,2,20903121,20903122
2009|youth_c|B02|20904|3,1,21,21,1,20904021,20904021
2009|youth_c|B02|20904|3,2,31,31,1,20904031,20904031
2009|youth_c|B02|20904|3,3,60,60,1,20904060,20904060
2009|youth_c|B03|20901|3,1,20,20,1,20901020,20901020
2009|youth_c|B03|20901|3,2,44,44,1,20901044,20901044
2009|youth_c|B03|20901|3,3,47,47,1,20901047,20901047
2009|youth_c|B03|20902|3,1,40,40,1,20902040,20902040
2009|youth_c|B03|20902|3,2,88,88,1,20902088,20902088
2009|youth_c|B03|20903|3,1,1,4,4,20903001,20903004
2009|youth_c|B03|20903|3,2,6,7,2,20903006,20903007
2009|youth_c|B03|20903|3,3,9,10,2,20903009,20903010
2009|youth_c|B03|20903|3,4,13,13,1,20903013,20903013
2009|youth_c|B03|20903|3,5,17,17,1,20903017,20903017
2009|youth_c|B03|20903|3,6,20,20,1,20903020,20903020
2009|youth_c|B03|20903|3,7,25,27,3,20903025,20903027
2009|youth_c|B03|20903|3,8,29,29,1,20903029,20903029
2009|youth_c|B03|20903|3,9,32,33,2,20903032,20903033
2009|youth_c|B03|20903|3,10,36,38,3,20903036,20903038
2009|youth_c|B03|20903|3,11,40,40,1,20903040,20903040
2009|youth_c|B03|20903|3,12,43,45,3,20903043,20903045
2009|youth_c|B03|20903|3,13,51,53,3,20903051,20903053
2009|youth_c|B03|20903|3,14,56,56,1,20903056,20903056
2009|youth_c|B03|20903|3,15,58,58,1,20903058,20903058
2009|youth_c|B03|20903|3,16,60,60,1,20903060,20903060
2009|youth_c|B03|20903|3,17,62,63,2,20903062,20903063
2009|youth_c|B03|20903|3,18,66,67,2,20903066,20903067
2009|youth_c|B03|20903|3,19,71,71,1,20903071,20903071
2009|youth_c|B03|20903|3,20,75,75,1,20903075,20903075
2009|youth_c|B03|20903|3,21,85,85,1,20903085,20903085
2009|youth_c|B03|20903|3,22,87,87,1,20903087,20903087
2009|youth_c|B03|20903|3,23,94,102,9,20903094,20903102
2009|youth_c|B03|20903|3,24,104,104,1,20903104,20903104
2009|youth_c|B03|20903|3,25,109,110,2,20903109,20903110
2009|youth_c|B03|20903|3,26,112,113,2,20903112,20903113
2009|youth_c|B03|20903|3,27,115,117,3,20903115,20903117
2009|youth_c|B03|20903|3,28,119,120,2,20903119,20903120
2009|youth_c|B03|20903|3,29,123,123,1,20903123,20903123
2009|youth_c|B03|20904|3,1,20,20,1,20904020,20904020
2009|youth_c|B03|20904|3,2,40,40,1,20904040,20904040
2009|youth_c|B03|20904|3,3,47,48,2,20904047,20904048
2009|youth_c|B03|20904|3,4,50,50,1,20904050,20904050
2009|youth_c|B03|20904|3,5,56,56,1,20904056,20904056
2009|youth_c|B03|20904|3,6,62,62,1,20904062,20904062
2009|youth_c|B03|20905|3,1,15,15,1,20905015,20905015
2009|youth_c|B03|20905|3,2,33,33,1,20905033,20905033
2009|youth_c|B03|20905|3,3,54,54,1,20905054,20905054
2009|youth_c|B03|20905|3,4,75,75,1,20905075,20905075
2009|youth_c|B04|20901|3,1,73,73,1,20901073,20901073
2009|youth_c|B04|20902|3,1,64,64,1,20902064,20902064
2009|youth_c|B04|20902|3,2,104,104,1,20902104,20902104
2009|youth_c|B04|20904|3,1,7,7,1,20904007,20904007
2009|youth_c|B04|20904|3,2,26,27,2,20904026,20904027
2009|youth_c|B04|20904|3,3,35,35,1,20904035,20904035
2009|youth_c|B04|20904|3,4,64,64,1,20904064,20904064
2009|youth_c|B04|20905|3,1,1,14,14,20905001,20905014
2009|youth_c|B04|20905|3,2,16,32,17,20905016,20905032
2009|youth_c|B04|20905|3,3,34,53,20,20905034,20905053
2009|youth_c|B04|20905|3,4,55,74,20,20905055,20905074
2009|youth_c|B04|20905|3,5,76,80,5,20905076,20905080
2009|youth_c|B05|20901|3,1,3,3,1,20901003,20901003
2009|youth_c|B05|20901|3,2,7,8,2,20901007,20901008
2009|youth_c|B05|20901|3,3,25,25,1,20901025,20901025
2009|youth_c|B05|20901|3,4,28,28,1,20901028,20901028
2009|youth_c|B05|20901|3,5,38,38,1,20901038,20901038
2009|youth_c|B05|20901|3,6,43,43,1,20901043,20901043
2009|youth_c|B05|20901|3,7,46,46,1,20901046,20901046
2009|youth_c|B05|20901|3,8,53,53,1,20901053,20901053
2009|youth_c|B05|20901|3,9,56,56,1,20901056,20901056
2009|youth_c|B05|20901|3,10,58,58,1,20901058,20901058
2009|youth_c|B05|20901|3,11,62,62,1,20901062,20901062
2009|youth_c|B05|20901|3,12,66,66,1,20901066,20901066
2009|youth_c|B05|20901|3,13,72,72,1,20901072,20901072
2009|youth_c|B05|20901|3,14,79,79,1,20901079,20901079
2009|youth_c|B05|20901|3,15,83,83,1,20901083,20901083
2009|youth_c|B05|20901|3,16,85,85,1,20901085,20901085
2009|youth_c|B05|20902|3,1,24,24,1,20902024,20902024
2009|youth_c|B05|20902|3,2,51,51,1,20902051,20902051
2009|youth_c|B05|20902|3,3,55,55,1,20902055,20902055
2009|youth_c|B05|20902|3,4,65,66,2,20902065,20902066
2009|youth_c|B05|20902|3,5,72,72,1,20902072,20902072
2009|youth_c|B05|20902|3,6,105,105,1,20902105,20902105
2009|youth_c|B05|20904|3,1,2,4,3,20904002,20904004
2009|youth_c|B05|20904|3,2,6,6,1,20904006,20904006
2009|youth_c|B05|20904|3,3,8,9,2,20904008,20904009
2009|youth_c|B05|20904|3,4,11,12,2,20904011,20904012
2009|youth_c|B05|20904|3,5,14,15,2,20904014,20904015
2009|youth_c|B05|20904|3,6,19,19,1,20904019,20904019
2009|youth_c|B05|20904|3,7,22,25,4,20904022,20904025
2009|youth_c|B05|20904|3,8,30,30,1,20904030,20904030
2009|youth_c|B05|20904|3,9,33,34,2,20904033,20904034
2009|youth_c|B05|20904|3,10,37,39,3,20904037,20904039
2009|youth_c|B05|20904|3,11,41,43,3,20904041,20904043
2009|youth_c|B05|20904|3,12,45,45,1,20904045,20904045
2009|youth_c|B05|20904|3,13,49,49,1,20904049,20904049
2009|youth_c|B05|20904|3,14,52,55,4,20904052,20904055
2009|youth_c|B05|20904|3,15,57,58,2,20904057,20904058
2009|youth_c|B05|20904|3,16,61,61,1,20904061,20904061
2009|youth_c|B05|20904|3,17,63,63,1,20904063,20904063
2009|youth_c|B05|20904|3,18,66,66,1,20904066,20904066
2009|youth_c|B06|20901|3,1,71,71,1,20901071,20901071
2009|youth_c|B06|20901|3,2,80,80,1,20901080,20901080
2009|youth_c|B06|20903|3,1,83,83,1,20903083,20903083
2009|youth_c|B06|20907|3,1,1,76,76,20907001,20907076
2009|youth_c|B07|20901|3,1,2,2,1,20901002,20901002
2009|youth_c|B07|20901|3,2,5,5,1,20901005,20901005
2009|youth_c|B07|20901|3,3,30,30,1,20901030,20901030
2009|youth_c|B07|20901|3,4,48,48,1,20901048,20901048
2009|youth_c|B07|20901|3,5,60,60,1,20901060,20901060
2009|youth_c|B07|20901|3,6,86,86,1,20901086,20901086
2009|youth_c|B07|20902|3,1,3,3,1,20902003,20902003
2009|youth_c|B07|20902|3,2,7,7,1,20902007,20902007
2009|youth_c|B07|20902|3,3,9,10,2,20902009,20902010
2009|youth_c|B07|20902|3,4,13,13,1,20902013,20902013
2009|youth_c|B07|20902|3,5,16,16,1,20902016,20902016
2009|youth_c|B07|20902|3,6,22,22,1,20902022,20902022
2009|youth_c|B07|20902|3,7,34,38,5,20902034,20902038
2009|youth_c|B07|20902|3,8,41,41,1,20902041,20902041
2009|youth_c|B07|20902|3,9,48,50,3,20902048,20902050
2009|youth_c|B07|20902|3,10,53,54,2,20902053,20902054
2009|youth_c|B07|20902|3,11,56,56,1,20902056,20902056
2009|youth_c|B07|20902|3,12,59,59,1,20902059,20902059
2009|youth_c|B07|20902|3,13,62,63,2,20902062,20902063
2009|youth_c|B07|20902|3,14,68,68,1,20902068,20902068
2009|youth_c|B07|20902|3,15,71,71,1,20902071,20902071
2009|youth_c|B07|20902|3,16,78,79,2,20902078,20902079
2009|youth_c|B07|20902|3,17,82,82,1,20902082,20902082
2009|youth_c|B07|20902|3,18,85,87,3,20902085,20902087
2009|youth_c|B07|20902|3,19,93,95,3,20902093,20902095
2009|youth_c|B07|20902|3,20,101,101,1,20902101,20902101
2009|youth_c|B07|20902|3,21,103,103,1,20902103,20902103
2009|youth_c|B07|20902|3,22,106,111,6,20902106,20902111
2009|youth_c|B07|20903|3,1,11,11,1,20903011,20903011
2009|youth_c|B07|20903|3,2,86,86,1,20903086,20903086
2009|youth_c|B08|20903|3,1,41,41,1,20903041,20903041
2009|youth_c|B08|20903|3,2,108,108,1,20903108,20903108
2009|youth_c|B08|20906|3,1,1,107,107,20906001,20906107
2009|youth_c|B09|20903|3,1,14,14,1,20903014,20903014
2009|youth_c|B09|20903|3,2,16,16,1,20903016,20903016
2009|youth_c|B09|20903|3,3,31,31,1,20903031,20903031
2009|youth_c|B09|20903|3,4,50,50,1,20903050,20903050
2009|youth_c|B09|20903|3,5,55,55,1,20903055,20903055
2009|youth_c|B09|20903|3,6,61,61,1,20903061,20903061
2009|youth_c|B09|20903|3,7,65,65,1,20903065,20903065
2009|youth_c|B09|20903|3,8,73,73,1,20903073,20903073
2009|youth_c|B09|20903|3,9,77,77,1,20903077,20903077
2009|youth_c|B09|20903|3,10,82,82,1,20903082,20903082
2010|general|B01|21071|3,1,1,2,2,21071001,21071002
2010|general|B01|21071|3,2,5,6,2,21071005,21071006
2010|general|B01|21071|3,3,12,18,7,21071012,21071018
2010|general|B01|21071|3,4,20,20,1,21071020,21071020
2010|general|B01|21071|3,5,25,30,6,21071025,21071030
2010|general|B01|21071|3,6,32,35,4,21071032,21071035
2010|general|B01|21071|3,7,37,44,8,21071037,21071044
2010|general|B01|21071|3,8,49,49,1,21071049,21071049
2010|general|B01|21071|3,9,53,56,4,21071053,21071056
2010|general|B01|21071|3,10,58,59,2,21071058,21071059
2010|general|B01|21071|3,11,61,61,1,21071061,21071061
2010|general|B01|21071|3,12,66,76,11,21071066,21071076
2010|general|B01|21071|3,13,78,81,4,21071078,21071081
2010|general|B01|21071|3,14,83,84,2,21071083,21071084
2010|general|B01|21071|3,15,86,87,2,21071086,21071087
2010|general|B01|21071|3,16,90,90,1,21071090,21071090
2010|general|B01|21071|3,17,93,93,1,21071093,21071093
2010|general|B01|21071|3,18,95,97,3,21071095,21071097
2010|general|B01|21071|3,19,99,101,3,21071099,21071101
2010|general|B01|21071|3,20,103,103,1,21071103,21071103
2010|general|B01|21071|3,21,107,107,1,21071107,21071107
2010|general|B01|21071|3,22,109,112,4,21071109,21071112
2010|general|B01|21071|3,23,117,119,3,21071117,21071119
2010|general|B01|21071|3,24,121,121,1,21071121,21071121
2010|general|B01|21071|3,25,123,124,2,21071123,21071124
2010|general|B01|21071|3,26,126,129,4,21071126,21071129
2010|general|B01|21071|3,27,133,133,1,21071133,21071133
2010|general|B01|21071|3,28,135,137,3,21071135,21071137
2010|general|B01|21071|3,29,139,139,1,21071139,21071139
2010|general|B01|21071|3,30,142,144,3,21071142,21071144
2010|general|B01|21071|3,31,149,149,1,21071149,21071149
2010|general|B01|21071|3,32,152,152,1,21071152,21071152
2010|general|B01|21071|3,33,154,154,1,21071154,21071154
2010|general|B01|21071|3,34,156,156,1,21071156,21071156
2010|general|B01|21072|3,1,3,10,8,21072003,21072010
2010|general|B01|21072|3,2,19,23,5,21072019,21072023
2010|general|B01|21072|3,3,26,28,3,21072026,21072028
2010|general|B01|21072|3,4,30,34,5,21072030,21072034
2010|general|B01|21072|3,5,36,39,4,21072036,21072039
2010|general|B01|21072|3,6,41,44,4,21072041,21072044
2010|general|B01|21072|3,7,46,46,1,21072046,21072046
2010|general|B01|21072|3,8,49,52,4,21072049,21072052
2010|general|B01|21072|3,9,54,58,5,21072054,21072058
2010|general|B01|21072|3,10,60,60,1,21072060,21072060
2010|general|B01|21072|3,11,62,67,6,21072062,21072067
2010|general|B01|21072|3,12,69,72,4,21072069,21072072
2010|general|B01|21072|3,13,75,75,1,21072075,21072075
2010|general|B01|21072|3,14,77,77,1,21072077,21072077
2010|general|B01|21072|3,15,79,85,7,21072079,21072085
2010|general|B01|21072|3,16,87,89,3,21072087,21072089
2010|general|B01|21072|3,17,91,93,3,21072091,21072093
2010|general|B01|21072|3,18,97,102,6,21072097,21072102
2010|general|B01|21072|3,19,110,110,1,21072110,21072110
2010|general|B01|21072|3,20,112,113,2,21072112,21072113
2010|general|B01|21072|3,21,117,121,5,21072117,21072121
2010|general|B01|21072|3,22,123,123,1,21072123,21072123
2010|general|B01|21072|3,23,125,129,5,21072125,21072129
2010|general|B01|21072|3,24,131,134,4,21072131,21072134
2010|general|B01|21072|3,25,138,146,9,21072138,21072146
2010|general|B01|21072|3,26,148,149,2,21072148,21072149
2010|general|B01|21072|3,27,151,154,4,21072151,21072154
2010|general|B01|21072|3,28,157,161,5,21072157,21072161
2010|general|B01|21072|3,29,163,170,8,21072163,21072170
2010|general|B01|21072|3,30,172,173,2,21072172,21072173
2010|general|B01|21072|3,31,176,180,5,21072176,21072180
2010|general|B01|21072|3,32,183,183,1,21072183,21072183
2010|general|B01|21072|3,33,186,188,3,21072186,21072188
2010|general|B01|21072|3,34,190,190,1,21072190,21072190
2010|general|B01|21072|3,35,193,197,5,21072193,21072197
2010|general|B01|21072|3,36,202,202,1,21072202,21072202
2010|general|B01|21072|3,37,206,209,4,21072206,21072209
2010|general|B01|21072|3,38,214,214,1,21072214,21072214
2010|general|B01|21072|3,39,219,219,1,21072219,21072219
2010|general|B01|21072|3,40,223,225,3,21072223,21072225
2010|general|B01|21072|3,41,228,228,1,21072228,21072228
2010|general|B01|21074|3,1,1,4,4,21074001,21074004
2010|general|B01|21074|3,2,6,6,1,21074006,21074006
2010|general|B01|21074|3,3,8,8,1,21074008,21074008
2010|general|B01|21074|3,4,11,11,1,21074011,21074011
2010|general|B01|21074|3,5,13,14,2,21074013,21074014
2010|general|B01|21074|3,6,20,20,1,21074020,21074020
2010|general|B01|21074|3,7,22,24,3,21074022,21074024
2010|general|B01|21074|3,8,28,28,1,21074028,21074028
2010|general|B01|21074|3,9,32,32,1,21074032,21074032
2010|general|B01|21074|3,10,35,37,3,21074035,21074037
2010|general|B01|21074|3,11,42,43,2,21074042,21074043
2010|general|B01|21074|3,12,46,47,2,21074046,21074047
2010|general|B01|21074|3,13,57,59,3,21074057,21074059
2010|general|B01|21074|3,14,64,64,1,21074064,21074064
2010|general|B01|21074|3,15,66,67,2,21074066,21074067
2010|general|B01|21074|3,16,69,69,1,21074069,21074069
2010|general|B01|21074|3,17,78,82,5,21074078,21074082
2010|general|B01|21074|3,18,86,86,1,21074086,21074086
2010|general|B01|21074|3,19,88,88,1,21074088,21074088
2010|general|B01|21074|3,20,90,90,1,21074090,21074090
2010|general|B01|21074|3,21,95,95,1,21074095,21074095
2010|general|B01|21074|3,22,97,97,1,21074097,21074097
2010|general|B01|21074|3,23,103,104,2,21074103,21074104
2010|general|B01|21074|3,24,106,108,3,21074106,21074108
2010|general|B01|21074|3,25,116,117,2,21074116,21074117
2010|general|B01|21074|3,26,119,121,3,21074119,21074121
2010|general|B01|21074|3,27,127,128,2,21074127,21074128
2010|general|B01|21074|3,28,134,134,1,21074134,21074134
2010|general|B01|21074|3,29,138,138,1,21074138,21074138
2010|general|B01|21074|3,30,140,140,1,21074140,21074140
2010|general|B01|21074|3,31,145,147,3,21074145,21074147
2010|general|B01|21074|3,32,150,150,1,21074150,21074150
2010|general|B02|21071|3,1,108,108,1,21071108,21071108
2010|general|B02|21071|3,2,113,113,1,21071113,21071113
2010|general|B02|21071|3,3,148,148,1,21071148,21071148
2010|general|B02|21073|3,1,4,7,4,21073004,21073007
2010|general|B02|21073|3,2,9,9,1,21073009,21073009
2010|general|B02|21073|3,3,11,12,2,21073011,21073012
2010|general|B02|21073|3,4,18,20,3,21073018,21073020
2010|general|B02|21073|3,5,22,27,6,21073022,21073027
2010|general|B02|21073|3,6,31,33,3,21073031,21073033
2010|general|B02|21073|3,7,36,39,4,21073036,21073039
2010|general|B02|21073|3,8,41,45,5,21073041,21073045
2010|general|B02|21073|3,9,48,50,3,21073048,21073050
2010|general|B02|21073|3,10,54,54,1,21073054,21073054
2010|general|B02|21073|3,11,57,61,5,21073057,21073061
2010|general|B02|21073|3,12,64,66,3,21073064,21073066
2010|general|B02|21073|3,13,68,70,3,21073068,21073070
2010|general|B02|21073|3,14,76,76,1,21073076,21073076
2010|general|B02|21073|3,15,78,78,1,21073078,21073078
2010|general|B02|21073|3,16,81,81,1,21073081,21073081
2010|general|B02|21073|3,17,87,91,5,21073087,21073091
2010|general|B02|21073|3,18,93,93,1,21073093,21073093
2010|general|B02|21073|3,19,98,99,2,21073098,21073099
2010|general|B02|21073|3,20,102,105,4,21073102,21073105
2010|general|B02|21073|3,21,111,111,1,21073111,21073111
2010|general|B02|21073|3,22,113,116,4,21073113,21073116
2010|general|B02|21073|3,23,122,123,2,21073122,21073123
2010|general|B02|21073|3,24,126,128,3,21073126,21073128
2010|general|B02|21073|3,25,131,131,1,21073131,21073131
2010|general|B02|21073|3,26,136,137,2,21073136,21073137
2010|general|B02|21073|3,27,140,140,1,21073140,21073140
2010|general|B02|21073|3,28,147,156,10,21073147,21073156
2010|general|B02|21073|3,29,159,163,5,21073159,21073163
2010|general|B02|21073|3,30,165,166,2,21073165,21073166
2010|general|B02|21073|3,31,172,172,1,21073172,21073172
2010|general|B02|21073|3,32,174,176,3,21073174,21073176
2010|general|B02|21073|3,33,179,180,2,21073179,21073180
2010|general|B02|21073|3,34,182,184,3,21073182,21073184
2010|general|B02|21073|3,35,193,193,1,21073193,21073193
2010|general|B02|21073|3,36,197,197,1,21073197,21073197
2010|general|B02|21073|3,37,202,204,3,21073202,21073204
2010|general|B02|21073|3,38,208,212,5,21073208,21073212
2010|general|B02|21073|3,39,216,216,1,21073216,21073216
2010|general|B02|21073|3,40,219,219,1,21073219,21073219
2010|general|B02|21073|3,41,224,226,3,21073224,21073226
2010|general|B02|21073|3,42,231,231,1,21073231,21073231
2010|general|B02|21073|3,43,234,235,2,21073234,21073235
2010|general|B02|21073|3,44,237,238,2,21073237,21073238
2010|general|B02|21073|3,45,240,241,2,21073240,21073241
2010|general|B02|21074|3,1,91,91,1,21074091,21074091
2010|general|B02|21074|3,2,133,133,1,21074133,21074133
2010|general|B02|21075|3,1,53,53,1,21075053,21075053
2010|general|B02|21075|3,2,121,121,1,21075121,21075121
2010|general|B03|21071|3,1,8,8,1,21071008,21071008
2010|general|B03|21071|3,2,19,19,1,21071019,21071019
2010|general|B03|21071|3,3,31,31,1,21071031,21071031
2010|general|B03|21071|3,4,45,45,1,21071045,21071045
2010|general|B03|21071|3,5,82,82,1,21071082,21071082
2010|general|B03|21071|3,6,85,85,1,21071085,21071085
2010|general|B03|21071|3,7,125,125,1,21071125,21071125
2010|general|B03|21071|3,8,140,140,1,21071140,21071140
2010|general|B03|21072|3,1,1,1,1,21072001,21072001
2010|general|B03|21072|3,2,13,13,1,21072013,21072013
2010|general|B03|21072|3,3,18,18,1,21072018,21072018
2010|general|B03|21072|3,4,40,40,1,21072040,21072040
2010|general|B03|21072|3,5,53,53,1,21072053,21072053
2010|general|B03|21072|3,6,181,181,1,21072181,21072181
2010|general|B03|21072|3,7,211,211,1,21072211,21072211
2010|general|B03|21073|3,1,2,3,2,21073002,21073003
2010|general|B03|21073|3,2,8,8,1,21073008,21073008
2010|general|B03|21073|3,3,13,17,5,21073013,21073017
2010|general|B03|21073|3,4,28,28,1,21073028,21073028
2010|general|B03|21073|3,5,30,30,1,21073030,21073030
2010|general|B03|21073|3,6,34,35,2,21073034,21073035
2010|general|B03|21073|3,7,40,40,1,21073040,21073040
2010|general|B03|21073|3,8,47,47,1,21073047,21073047
2010|general|B03|21073|3,9,51,53,3,21073051,21073053
2010|general|B03|21073|3,10,55,56,2,21073055,21073056
2010|general|B03|21073|3,11,63,63,1,21073063,21073063
2010|general|B03|21073|3,12,67,67,1,21073067,21073067
2010|general|B03|21073|3,13,71,75,5,21073071,21073075
2010|general|B03|21073|3,14,77,77,1,21073077,21073077
2010|general|B03|21073|3,15,80,80,1,21073080,21073080
2010|general|B03|21073|3,16,82,86,5,21073082,21073086
2010|general|B03|21073|3,17,95,97,3,21073095,21073097
2010|general|B03|21073|3,18,106,110,5,21073106,21073110
2010|general|B03|21073|3,19,112,112,1,21073112,21073112
2010|general|B03|21073|3,20,117,119,3,21073117,21073119
2010|general|B03|21073|3,21,121,121,1,21073121,21073121
2010|general|B03|21073|3,22,124,125,2,21073124,21073125
2010|general|B03|21073|3,23,132,132,1,21073132,21073132
2010|general|B03|21073|3,24,134,135,2,21073134,21073135
2010|general|B03|21073|3,25,139,139,1,21073139,21073139
2010|general|B03|21073|3,26,141,146,6,21073141,21073146
2010|general|B03|21073|3,27,157,158,2,21073157,21073158
2010|general|B03|21073|3,28,164,164,1,21073164,21073164
2010|general|B03|21073|3,29,167,171,5,21073167,21073171
2010|general|B03|21073|3,30,173,173,1,21073173,21073173
2010|general|B03|21073|3,31,177,178,2,21073177,21073178
2010|general|B03|21073|3,32,185,192,8,21073185,21073192
2010|general|B03|21073|3,33,194,196,3,21073194,21073196
2010|general|B03|21073|3,34,198,201,4,21073198,21073201
2010|general|B03|21073|3,35,206,207,2,21073206,21073207
2010|general|B03|21073|3,36,214,215,2,21073214,21073215
2010|general|B03|21073|3,37,217,218,2,21073217,21073218
2010|general|B03|21073|3,38,220,220,1,21073220,21073220
2010|general|B03|21073|3,39,223,223,1,21073223,21073223
2010|general|B03|21073|3,40,227,229,3,21073227,21073229
2010|general|B03|21073|3,41,232,232,1,21073232,21073232
2010|general|B03|21073|3,42,239,239,1,21073239,21073239
2010|general|B03|21073|3,43,242,242,1,21073242,21073242
2010|general|B03|21074|3,1,5,5,1,21074005,21074005
2010|general|B03|21074|3,2,9,9,1,21074009,21074009
2010|general|B03|21074|3,3,15,16,2,21074015,21074016
2010|general|B03|21074|3,4,26,26,1,21074026,21074026
2010|general|B03|21074|3,5,30,30,1,21074030,21074030
2010|general|B03|21074|3,6,48,48,1,21074048,21074048
2010|general|B03|21074|3,7,53,54,2,21074053,21074054
2010|general|B03|21074|3,8,56,56,1,21074056,21074056
2010|general|B03|21074|3,9,70,70,1,21074070,21074070
2010|general|B03|21074|3,10,73,73,1,21074073,21074073
2010|general|B03|21074|3,11,75,75,1,21074075,21074075
2010|general|B03|21074|3,12,87,87,1,21074087,21074087
2010|general|B03|21074|3,13,102,102,1,21074102,21074102
2010|general|B03|21074|3,14,114,114,1,21074114,21074114
2010|general|B03|21074|3,15,135,136,2,21074135,21074136
2010|general|B03|21074|3,16,141,141,1,21074141,21074141
2010|general|B03|21074|3,17,143,143,1,21074143,21074143
2010|general|B03|21074|3,18,149,149,1,21074149,21074149
2010|general|B03|21075|3,1,34,34,1,21075034,21075034
2010|general|B03|21075|3,2,46,46,1,21075046,21075046
2010|general|B03|21075|3,3,113,113,1,21075113,21075113
2010|general|B03|21075|3,4,138,138,1,21075138,21075138
2010|general|B04|21071|3,1,52,52,1,21071052,21071052
2010|general|B04|21071|3,2,88,88,1,21071088,21071088
2010|general|B04|21072|3,1,174,174,1,21072174,21072174
2010|general|B04|21072|3,2,185,185,1,21072185,21072185
2010|general|B04|21072|3,3,215,215,1,21072215,21072215
2010|general|B04|21074|3,1,40,40,1,21074040,21074040
2010|general|B04|21074|3,2,62,62,1,21074062,21074062
2010|general|B04|21074|3,3,71,71,1,21074071,21074071
2010|general|B04|21074|3,4,96,96,1,21074096,21074096
2010|general|B04|21074|3,5,115,115,1,21074115,21074115
2010|general|B04|21074|3,6,126,126,1,21074126,21074126
2010|general|B04|21074|3,7,137,137,1,21074137,21074137
2010|general|B04|21075|3,1,1,33,33,21075001,21075033
2010|general|B04|21075|3,2,35,45,11,21075035,21075045
2010|general|B04|21075|3,3,47,52,6,21075047,21075052
2010|general|B04|21075|3,4,54,112,59,21075054,21075112
2010|general|B04|21075|3,5,114,120,7,21075114,21075120
2010|general|B04|21075|3,6,122,137,16,21075122,21075137
2010|general|B04|21075|3,7,139,141,3,21075139,21075141
2010|general|B05|21071|3,1,3,4,2,21071003,21071004
2010|general|B05|21071|3,2,7,7,1,21071007,21071007
2010|general|B05|21071|3,3,9,9,1,21071009,21071009
2010|general|B05|21071|3,4,11,11,1,21071011,21071011
2010|general|B05|21071|3,5,24,24,1,21071024,21071024
2010|general|B05|21071|3,6,36,36,1,21071036,21071036
2010|general|B05|21071|3,7,46,48,3,21071046,21071048
2010|general|B05|21071|3,8,50,50,1,21071050,21071050
2010|general|B05|21071|3,9,57,57,1,21071057,21071057
2010|general|B05|21071|3,10,60,60,1,21071060,21071060
2010|general|B05|21071|3,11,63,63,1,21071063,21071063
2010|general|B05|21071|3,12,65,65,1,21071065,21071065
2010|general|B05|21071|3,13,98,98,1,21071098,21071098
2010|general|B05|21071|3,14,104,106,3,21071104,21071106
2010|general|B05|21071|3,15,114,116,3,21071114,21071116
2010|general|B05|21071|3,16,122,122,1,21071122,21071122
2010|general|B05|21071|3,17,130,130,1,21071130,21071130
2010|general|B05|21071|3,18,138,138,1,21071138,21071138
2010|general|B05|21071|3,19,141,141,1,21071141,21071141
2010|general|B05|21071|3,20,146,146,1,21071146,21071146
2010|general|B05|21071|3,21,151,151,1,21071151,21071151
2010|general|B05|21071|3,22,153,153,1,21071153,21071153
2010|general|B05|21072|3,1,25,25,1,21072025,21072025
2010|general|B05|21072|3,2,48,48,1,21072048,21072048
2010|general|B05|21072|3,3,61,61,1,21072061,21072061
2010|general|B05|21072|3,4,76,76,1,21072076,21072076
2010|general|B05|21072|3,5,124,124,1,21072124,21072124
2010|general|B05|21072|3,6,147,147,1,21072147,21072147
2010|general|B05|21072|3,7,175,175,1,21072175,21072175
2010|general|B05|21072|3,8,218,218,1,21072218,21072218
2010|general|B05|21072|3,9,220,221,2,21072220,21072221
2010|general|B05|21072|3,10,235,235,1,21072235,21072235
2010|general|B05|21074|3,1,7,7,1,21074007,21074007
2010|general|B05|21074|3,2,10,10,1,21074010,21074010
2010|general|B05|21074|3,3,12,12,1,21074012,21074012
2010|general|B05|21074|3,4,17,19,3,21074017,21074019
2010|general|B05|21074|3,5,21,21,1,21074021,21074021
2010|general|B05|21074|3,6,25,25,1,21074025,21074025
2010|general|B05|21074|3,7,27,27,1,21074027,21074027
2010|general|B05|21074|3,8,29,29,1,21074029,21074029
2010|general|B05|21074|3,9,31,31,1,21074031,21074031
2010|general|B05|21074|3,10,33,34,2,21074033,21074034
2010|general|B05|21074|3,11,38,39,2,21074038,21074039
2010|general|B05|21074|3,12,41,41,1,21074041,21074041
2010|general|B05|21074|3,13,44,45,2,21074044,21074045
2010|general|B05|21074|3,14,49,52,4,21074049,21074052
2010|general|B05|21074|3,15,55,55,1,21074055,21074055
2010|general|B05|21074|3,16,60,61,2,21074060,21074061
2010|general|B05|21074|3,17,63,63,1,21074063,21074063
2010|general|B05|21074|3,18,65,65,1,21074065,21074065
2010|general|B05|21074|3,19,68,68,1,21074068,21074068
2010|general|B05|21074|3,20,72,72,1,21074072,21074072
2010|general|B05|21074|3,21,74,74,1,21074074,21074074
2010|general|B05|21074|3,22,76,77,2,21074076,21074077
2010|general|B05|21074|3,23,83,85,3,21074083,21074085
2010|general|B05|21074|3,24,89,89,1,21074089,21074089
2010|general|B05|21074|3,25,92,94,3,21074092,21074094
2010|general|B05|21074|3,26,98,101,4,21074098,21074101
2010|general|B05|21074|3,27,105,105,1,21074105,21074105
2010|general|B05|21074|3,28,109,113,5,21074109,21074113
2010|general|B05|21074|3,29,118,118,1,21074118,21074118
2010|general|B05|21074|3,30,122,125,4,21074122,21074125
2010|general|B05|21074|3,31,129,132,4,21074129,21074132
2010|general|B05|21074|3,32,139,139,1,21074139,21074139
2010|general|B05|21074|3,33,142,142,1,21074142,21074142
2010|general|B05|21074|3,34,144,144,1,21074144,21074144
2010|general|B05|21074|3,35,148,148,1,21074148,21074148
2010|general|B05|21074|3,36,151,152,2,21074151,21074152
2010|general|B06|21071|3,1,89,89,1,21071089,21071089
2010|general|B06|21071|3,2,94,94,1,21071094,21071094
2010|general|B06|21071|3,3,102,102,1,21071102,21071102
2010|general|B06|21071|3,4,131,131,1,21071131,21071131
2010|general|B06|21071|3,5,147,147,1,21071147,21071147
2010|general|B06|21076|3,1,103,103,1,21076103,21076103
2010|general|B06|21077|3,1,1,106,106,21077001,21077106
2010|general|B06|21077|3,2,108,140,33,21077108,21077140
2010|general|B07|21071|3,1,10,10,1,21071010,21071010
2010|general|B07|21071|3,2,21,23,3,21071021,21071023
2010|general|B07|21071|3,3,51,51,1,21071051,21071051
2010|general|B07|21071|3,4,62,62,1,21071062,21071062
2010|general|B07|21071|3,5,64,64,1,21071064,21071064
2010|general|B07|21071|3,6,77,77,1,21071077,21071077
2010|general|B07|21071|3,7,91,92,2,21071091,21071092
2010|general|B07|21071|3,8,120,120,1,21071120,21071120
2010|general|B07|21071|3,9,132,132,1,21071132,21071132
2010|general|B07|21071|3,10,134,134,1,21071134,21071134
2010|general|B07|21071|3,11,145,145,1,21071145,21071145
2010|general|B07|21071|3,12,150,150,1,21071150,21071150
2010|general|B07|21071|3,13,155,155,1,21071155,21071155
2010|general|B07|21072|3,1,2,2,1,21072002,21072002
2010|general|B07|21072|3,2,11,12,2,21072011,21072012
2010|general|B07|21072|3,3,14,17,4,21072014,21072017
2010|general|B07|21072|3,4,29,29,1,21072029,21072029
2010|general|B07|21072|3,5,35,35,1,21072035,21072035
2010|general|B07|21072|3,6,45,45,1,21072045,21072045
2010|general|B07|21072|3,7,47,47,1,21072047,21072047
2010|general|B07|21072|3,8,59,59,1,21072059,21072059
2010|general|B07|21072|3,9,68,68,1,21072068,21072068
2010|general|B07|21072|3,10,73,74,2,21072073,21072074
2010|general|B07|21072|3,11,78,78,1,21072078,21072078
2010|general|B07|21072|3,12,86,86,1,21072086,21072086
2010|general|B07|21072|3,13,90,90,1,21072090,21072090
2010|general|B07|21072|3,14,94,96,3,21072094,21072096
2010|general|B07|21072|3,15,103,109,7,21072103,21072109
2010|general|B07|21072|3,16,111,111,1,21072111,21072111
2010|general|B07|21072|3,17,114,116,3,21072114,21072116
2010|general|B07|21072|3,18,122,122,1,21072122,21072122
2010|general|B07|21072|3,19,130,130,1,21072130,21072130
2010|general|B07|21072|3,20,135,136,2,21072135,21072136
2010|general|B07|21072|3,21,150,150,1,21072150,21072150
2010|general|B07|21072|3,22,155,156,2,21072155,21072156
2010|general|B07|21072|3,23,162,162,1,21072162,21072162
2010|general|B07|21072|3,24,171,171,1,21072171,21072171
2010|general|B07|21072|3,25,182,182,1,21072182,21072182
2010|general|B07|21072|3,26,184,184,1,21072184,21072184
2010|general|B07|21072|3,27,189,189,1,21072189,21072189
2010|general|B07|21072|3,28,191,192,2,21072191,21072192
2010|general|B07|21072|3,29,198,201,4,21072198,21072201
2010|general|B07|21072|3,30,203,205,3,21072203,21072205
2010|general|B07|21072|3,31,210,210,1,21072210,21072210
2010|general|B07|21072|3,32,212,213,2,21072212,21072213
2010|general|B07|21072|3,33,216,217,2,21072216,21072217
2010|general|B07|21072|3,34,222,222,1,21072222,21072222
2010|general|B07|21072|3,35,226,227,2,21072226,21072227
2010|general|B07|21072|3,36,229,234,6,21072229,21072234
2010|general|B07|21073|3,1,10,10,1,21073010,21073010
2010|general|B07|21073|3,2,101,101,1,21073101,21073101
2010|general|B07|21073|3,3,133,133,1,21073133,21073133
2010|general|B07|21073|3,4,181,181,1,21073181,21073181
2010|general|B07|21073|3,5,221,222,2,21073221,21073222
2010|general|B07|21073|3,6,230,230,1,21073230,21073230
2010|general|B07|21073|3,7,236,236,1,21073236,21073236
2010|general|B08|21072|3,1,24,24,1,21072024,21072024
2010|general|B08|21072|3,2,137,137,1,21072137,21072137
2010|general|B08|21073|3,1,62,62,1,21073062,21073062
2010|general|B08|21073|3,2,79,79,1,21073079,21073079
2010|general|B08|21073|3,3,213,213,1,21073213,21073213
2010|general|B08|21076|3,1,1,102,102,21076001,21076102
2010|general|B08|21076|3,2,104,142,39,21076104,21076142
2010|general|B08|21076|3,3,144,233,90,21076144,21076233
2010|general|B09|21073|3,1,1,1,1,21073001,21073001
2010|general|B09|21073|3,2,21,21,1,21073021,21073021
2010|general|B09|21073|3,3,29,29,1,21073029,21073029
2010|general|B09|21073|3,4,46,46,1,21073046,21073046
2010|general|B09|21073|3,5,92,92,1,21073092,21073092
2010|general|B09|21073|3,6,94,94,1,21073094,21073094
2010|general|B09|21073|3,7,100,100,1,21073100,21073100
2010|general|B09|21073|3,8,120,120,1,21073120,21073120
2010|general|B09|21073|3,9,129,130,2,21073129,21073130
2010|general|B09|21073|3,10,138,138,1,21073138,21073138
2010|general|B09|21073|3,11,205,205,1,21073205,21073205
2010|general|B09|21073|3,12,233,233,1,21073233,21073233
2010|key|B01|21031|3,1,2,2,1,21031002,21031002
2010|key|B01|21031|3,2,4,4,1,21031004,21031004
2010|key|B01|21032|3,1,1,1,1,21032001,21032001
2010|key|B01|21032|3,2,3,7,5,21032003,21032007
2010|key|B01|21034|3,1,1,1,1,21034001,21034001
2010|key|B01|21034|3,2,4,4,1,21034004,21034004
2010|key|B02|21033|3,1,3,7,5,21033003,21033007
2010|key|B02|21033|3,2,9,9,1,21033009,21033009
2010|key|B03|21031|3,1,5,5,1,21031005,21031005
2010|key|B03|21033|3,1,1,2,2,21033001,21033002
2010|key|B03|21033|3,2,8,8,1,21033008,21033008
2010|key|B04|21035|3,1,1,6,6,21035001,21035006
2010|key|B05|21031|3,1,1,1,1,21031001,21031001
2010|key|B05|21031|3,2,3,3,1,21031003,21031003
2010|key|B05|21031|3,3,6,6,1,21031006,21031006
2010|key|B05|21034|3,1,2,3,2,21034002,21034003
2010|key|B05|21034|3,2,5,6,2,21034005,21034006
2010|key|B06|21037|3,1,1,4,4,21037001,21037004
2010|key|B07|21032|3,1,2,2,1,21032002,21032002
2010|key|B07|21033|3,1,10,10,1,21033010,21033010
2010|key|B08|21036|3,1,1,9,9,21036001,21036009
2010|major_research_plan|B01|91022|3,1,0,0,1,91022000,91022000
2010|major_research_plan|B01|91022|3,2,3,15,13,91022003,91022015
2010|major_research_plan|B01|91022|3,3,21,21,1,91022021,91022021
2010|major_research_plan|B01|91022|3,4,30,32,3,91022030,91022032
2010|major_research_plan|B01|91027|3,1,2,7,6,91027002,91027007
2010|major_research_plan|B01|91027|3,2,23,32,10,91027023,91027032
2010|major_research_plan|B01|91027|3,3,41,41,1,91027041,91027041
2010|major_research_plan|B01|91027|3,4,46,46,1,91027046,91027046
2010|major_research_plan|B02|91022|3,1,23,23,1,91022023,91022023
2010|major_research_plan|B02|91023|3,1,4,6,3,91023004,91023006
2010|major_research_plan|B02|91027|3,1,14,14,1,91027014,91027014
2010|major_research_plan|B02|91027|3,2,16,22,7,91027016,91027022
2010|major_research_plan|B02|91027|3,3,45,45,1,91027045,91027045
2010|major_research_plan|B03|91022|3,1,16,17,2,91022016,91022017
2010|major_research_plan|B03|91022|3,2,33,33,1,91022033,91022033
2010|major_research_plan|B03|91023|3,1,2,3,2,91023002,91023003
2010|major_research_plan|B03|91027|3,1,9,13,5,91027009,91027013
2010|major_research_plan|B03|91027|3,2,15,15,1,91027015,91027015
2010|major_research_plan|B03|91027|3,3,42,44,3,91027042,91027044
2010|major_research_plan|B04|91027|3,1,33,38,6,91027033,91027038
2010|major_research_plan|B05|91010|3,1,8,8,1,91010008,91010008
2010|major_research_plan|B05|91022|3,1,18,20,3,91022018,91022020
2010|major_research_plan|B05|91022|3,2,22,22,1,91022022,91022022
2010|major_research_plan|B05|91023|3,1,1,1,1,91023001,91023001
2010|major_research_plan|B05|91027|3,1,8,8,1,91027008,91027008
2010|major_research_plan|B06|91026|3,1,19,19,1,91026019,91026019
2010|major_research_plan|B07|91013|3,1,1,9,9,91013001,91013009
2010|major_research_plan|B09|91027|3,1,0,0,1,91027000,91027000
2010|regional|B01|21061|3,1,1,1,1,21061001,21061001
2010|regional|B01|21061|3,2,3,3,1,21061003,21061003
2010|regional|B01|21061|3,3,5,5,1,21061005,21061005
2010|regional|B01|21061|3,4,7,11,5,21061007,21061011
2010|regional|B01|21061|3,5,13,16,4,21061013,21061016
2010|regional|B01|21062|3,1,1,2,2,21062001,21062002
2010|regional|B01|21062|3,2,4,4,1,21062004,21062004
2010|regional|B01|21062|3,3,6,7,2,21062006,21062007
2010|regional|B01|21062|3,4,9,9,1,21062009,21062009
2010|regional|B01|21062|3,5,11,11,1,21062011,21062011
2010|regional|B01|21062|3,6,13,13,1,21062013,21062013
2010|regional|B01|21062|3,7,16,17,2,21062016,21062017
2010|regional|B01|21062|3,8,19,22,4,21062019,21062022
2010|regional|B01|21062|3,9,24,24,1,21062024,21062024
2010|regional|B01|21062|3,10,27,28,2,21062027,21062028
2010|regional|B01|21062|3,11,30,30,1,21062030,21062030
2010|regional|B01|21064|3,1,3,3,1,21064003,21064003
2010|regional|B01|21064|3,2,6,7,2,21064006,21064007
2010|regional|B02|21063|3,1,3,3,1,21063003,21063003
2010|regional|B02|21063|3,2,6,8,3,21063006,21063008
2010|regional|B02|21063|3,3,10,10,1,21063010,21063010
2010|regional|B02|21063|3,4,14,17,4,21063014,21063017
2010|regional|B02|21065|3,1,10,10,1,21065010,21065010
2010|regional|B03|21063|3,1,1,2,2,21063001,21063002
2010|regional|B03|21063|3,2,4,5,2,21063004,21063005
2010|regional|B03|21063|3,3,9,9,1,21063009,21063009
2010|regional|B03|21065|3,1,7,7,1,21065007,21065007
2010|regional|B04|21065|3,1,1,6,6,21065001,21065006
2010|regional|B04|21065|3,2,8,9,2,21065008,21065009
2010|regional|B04|21065|3,3,11,14,4,21065011,21065014
2010|regional|B05|21061|3,1,4,4,1,21061004,21061004
2010|regional|B05|21061|3,2,6,6,1,21061006,21061006
2010|regional|B05|21061|3,3,12,12,1,21061012,21061012
2010|regional|B05|21064|3,1,1,2,2,21064001,21064002
2010|regional|B05|21064|3,2,4,5,2,21064004,21064005
2010|regional|B05|21064|3,3,8,10,3,21064008,21064010
2010|regional|B06|21063|3,1,12,12,1,21063012,21063012
2010|regional|B06|21067|3,1,1,13,13,21067001,21067013
2010|regional|B07|21061|3,1,2,2,1,21061002,21061002
2010|regional|B07|21062|3,1,3,3,1,21062003,21062003
2010|regional|B07|21062|3,2,5,5,1,21062005,21062005
2010|regional|B07|21062|3,3,8,8,1,21062008,21062008
2010|regional|B07|21062|3,4,10,10,1,21062010,21062010
2010|regional|B07|21062|3,5,14,15,2,21062014,21062015
2010|regional|B07|21062|3,6,18,18,1,21062018,21062018
2010|regional|B07|21062|3,7,23,23,1,21062023,21062023
2010|regional|B07|21062|3,8,25,26,2,21062025,21062026
2010|regional|B07|21062|3,9,29,29,1,21062029,21062029
2010|regional|B08|21062|3,1,12,12,1,21062012,21062012
2010|regional|B08|21066|3,1,1,14,14,21066001,21066014
2010|regional|B09|21063|3,1,11,11,1,21063011,21063011
2010|regional|B09|21063|3,2,13,13,1,21063013,21063013
2010|special|B01|21024|3,1,801,803,3,21024801,21024803
2010|special|B01|21041|3,1,1,2,2,21041001,21041002
2010|special|B01|21041|3,2,5,7,3,21041005,21041007
2010|special|B01|21041|3,3,9,9,1,21041009,21041009
2010|special|B01|21042|3,1,2,2,1,21042002,21042002
2010|special|B01|21042|3,2,4,8,5,21042004,21042008
2010|special|B01|21042|3,3,12,12,1,21042012,21042012
2010|special|B01|21042|3,4,401,402,2,21042401,21042402
2010|special|B01|21044|3,1,1,1,1,21044001,21044001
2010|special|B01|21044|3,2,3,4,2,21044003,21044004
2010|special|B01|21051|3,1,1,3,3,21051001,21051003
2010|special|B02|21041|3,1,4,4,1,21041004,21041004
2010|special|B02|21043|3,1,2,2,1,21043002,21043002
2010|special|B02|21043|3,2,4,4,1,21043004,21043004
2010|special|B02|21043|3,3,6,6,1,21043006,21043006
2010|special|B02|21043|3,4,9,9,1,21043009,21043009
2010|special|B02|21043|3,5,11,13,3,21043011,21043013
2010|special|B02|21043|3,6,402,402,1,21043402,21043402
2010|special|B03|21024|3,1,804,804,1,21024804,21024804
2010|special|B03|21027|3,1,5,6,2,21027005,21027006
2010|special|B03|21041|3,1,401,401,1,21041401,21041401
2010|special|B03|21043|3,1,1,1,1,21043001,21043001
2010|special|B03|21043|3,2,3,3,1,21043003,21043003
2010|special|B03|21043|3,3,5,5,1,21043005,21043005
2010|special|B03|21043|3,4,7,8,2,21043007,21043008
2010|special|B03|21043|3,5,10,10,1,21043010,21043010
2010|special|B03|21043|3,6,403,404,2,21043403,21043404
2010|special|B03|21044|3,1,402,402,1,21044402,21044402
2010|special|B03|21053|3,1,1,1,1,21053001,21053001
2010|special|B04|21027|3,1,1,3,3,21027001,21027003
2010|special|B04|21027|3,2,7,13,7,21027007,21027013
2010|special|B04|21045|3,1,1,7,7,21045001,21045007
2010|special|B04|21045|3,2,401,402,2,21045401,21045402
2010|special|B04|21052|3,1,1,1,1,21052001,21052001
2010|special|B04|21055|3,1,1,2,2,21055001,21055002
2010|special|B05|21041|3,1,3,3,1,21041003,21041003
2010|special|B05|21041|3,2,10,10,1,21041010,21041010
2010|special|B05|21044|3,1,2,2,1,21044002,21044002
2010|special|B05|21044|3,2,6,6,1,21044006,21044006
2010|special|B05|21044|3,3,401,401,1,21044401,21044401
2010|special|B05|21054|3,1,1,1,1,21054001,21054001
2010|special|B06|21024|3,1,806,806,1,21024806,21024806
2010|special|B06|21047|3,1,1,9,9,21047001,21047009
2010|special|B06|41023|3,1,5,5,1,41023005,41023005
2010|special|B07|21041|3,1,8,8,1,21041008,21041008
2010|special|B07|21042|3,1,1,1,1,21042001,21042001
2010|special|B07|21042|3,2,3,3,1,21042003,21042003
2010|special|B07|21042|3,3,9,11,3,21042009,21042011
2010|special|B07|21043|3,1,401,401,1,21043401,21043401
2010|special|B08|21024|3,1,805,805,1,21024805,21024805
2010|special|B08|21027|3,1,4,4,1,21027004,21027004
2010|special|B08|21046|3,1,1,10,10,21046001,21046010
2010|special|B08|21046|3,2,401,402,2,21046401,21046402
2010|special|B09|21044|3,1,5,5,1,21044005,21044005
2010|youth_c|B01|21001|3,1,1,3,3,21001001,21001003
2010|youth_c|B01|21001|3,2,5,9,5,21001005,21001009
2010|youth_c|B01|21001|3,3,14,15,2,21001014,21001015
2010|youth_c|B01|21001|3,4,17,26,10,21001017,21001026
2010|youth_c|B01|21001|3,5,29,32,4,21001029,21001032
2010|youth_c|B01|21001|3,6,37,37,1,21001037,21001037
2010|youth_c|B01|21001|3,7,39,40,2,21001039,21001040
2010|youth_c|B01|21001|3,8,43,43,1,21001043,21001043
2010|youth_c|B01|21001|3,9,49,50,2,21001049,21001050
2010|youth_c|B01|21001|3,10,54,54,1,21001054,21001054
2010|youth_c|B01|21001|3,11,56,59,4,21001056,21001059
2010|youth_c|B01|21001|3,12,61,61,1,21001061,21001061
2010|youth_c|B01|21001|3,13,63,63,1,21001063,21001063
2010|youth_c|B01|21001|3,14,65,65,1,21001065,21001065
2010|youth_c|B01|21001|3,15,68,69,2,21001068,21001069
2010|youth_c|B01|21001|3,16,72,76,5,21001072,21001076
2010|youth_c|B01|21001|3,17,78,83,6,21001078,21001083
2010|youth_c|B01|21001|3,18,86,90,5,21001086,21001090
2010|youth_c|B01|21001|3,19,93,94,2,21001093,21001094
2010|youth_c|B01|21001|3,20,98,102,5,21001098,21001102
2010|youth_c|B01|21001|3,21,104,106,3,21001104,21001106
2010|youth_c|B01|21001|3,22,108,108,1,21001108,21001108
2010|youth_c|B01|21001|3,23,110,110,1,21001110,21001110
2010|youth_c|B01|21001|3,24,112,112,1,21001112,21001112
2010|youth_c|B01|21001|3,25,115,115,1,21001115,21001115
2010|youth_c|B01|21001|3,26,118,120,3,21001118,21001120
2010|youth_c|B01|21002|3,1,1,1,1,21002001,21002001
2010|youth_c|B01|21002|3,2,8,10,3,21002008,21002010
2010|youth_c|B01|21002|3,3,17,23,7,21002017,21002023
2010|youth_c|B01|21002|3,4,25,26,2,21002025,21002026
2010|youth_c|B01|21002|3,5,29,29,1,21002029,21002029
2010|youth_c|B01|21002|3,6,31,33,3,21002031,21002033
2010|youth_c|B01|21002|3,7,36,36,1,21002036,21002036
2010|youth_c|B01|21002|3,8,39,40,2,21002039,21002040
2010|youth_c|B01|21002|3,9,42,45,4,21002042,21002045
2010|youth_c|B01|21002|3,10,50,52,3,21002050,21002052
2010|youth_c|B01|21002|3,11,58,58,1,21002058,21002058
2010|youth_c|B01|21002|3,12,61,61,1,21002061,21002061
2010|youth_c|B01|21002|3,13,63,63,1,21002063,21002063
2010|youth_c|B01|21002|3,14,66,66,1,21002066,21002066
2010|youth_c|B01|21002|3,15,68,72,5,21002068,21002072
2010|youth_c|B01|21002|3,16,76,77,2,21002076,21002077
2010|youth_c|B01|21002|3,17,79,81,3,21002079,21002081
2010|youth_c|B01|21002|3,18,83,83,1,21002083,21002083
2010|youth_c|B01|21002|3,19,87,87,1,21002087,21002087
2010|youth_c|B01|21002|3,20,89,89,1,21002089,21002089
2010|youth_c|B01|21002|3,21,91,92,2,21002091,21002092
2010|youth_c|B01|21002|3,22,94,94,1,21002094,21002094
2010|youth_c|B01|21002|3,23,99,103,5,21002099,21002103
2010|youth_c|B01|21002|3,24,106,106,1,21002106,21002106
2010|youth_c|B01|21002|3,25,108,109,2,21002108,21002109
2010|youth_c|B01|21002|3,26,111,116,6,21002111,21002116
2010|youth_c|B01|21002|3,27,120,120,1,21002120,21002120
2010|youth_c|B01|21002|3,28,123,124,2,21002123,21002124
2010|youth_c|B01|21002|3,29,127,127,1,21002127,21002127
2010|youth_c|B01|21004|3,1,4,4,1,21004004,21004004
2010|youth_c|B01|21004|3,2,11,12,2,21004011,21004012
2010|youth_c|B01|21004|3,3,14,14,1,21004014,21004014
2010|youth_c|B01|21004|3,4,17,17,1,21004017,21004017
2010|youth_c|B01|21004|3,5,20,20,1,21004020,21004020
2010|youth_c|B01|21004|3,6,26,26,1,21004026,21004026
2010|youth_c|B01|21004|3,7,28,29,2,21004028,21004029
2010|youth_c|B01|21004|3,8,32,32,1,21004032,21004032
2010|youth_c|B01|21004|3,9,34,34,1,21004034,21004034
2010|youth_c|B01|21004|3,10,38,38,1,21004038,21004038
2010|youth_c|B01|21004|3,11,49,49,1,21004049,21004049
2010|youth_c|B01|21004|3,12,53,53,1,21004053,21004053
2010|youth_c|B01|21004|3,13,60,61,2,21004060,21004061
2010|youth_c|B01|21004|3,14,63,63,1,21004063,21004063
2010|youth_c|B01|21004|3,15,67,67,1,21004067,21004067
2010|youth_c|B01|21004|3,16,72,72,1,21004072,21004072
2010|youth_c|B01|21004|3,17,76,76,1,21004076,21004076
2010|youth_c|B01|21004|3,18,79,79,1,21004079,21004079
2010|youth_c|B02|21001|3,1,42,42,1,21001042,21001042
2010|youth_c|B02|21003|3,1,5,5,1,21003005,21003005
2010|youth_c|B02|21003|3,2,7,8,2,21003007,21003008
2010|youth_c|B02|21003|3,3,12,12,1,21003012,21003012
2010|youth_c|B02|21003|3,4,15,18,4,21003015,21003018
2010|youth_c|B02|21003|3,5,21,22,2,21003021,21003022
2010|youth_c|B02|21003|3,6,24,26,3,21003024,21003026
2010|youth_c|B02|21003|3,7,31,32,2,21003031,21003032
2010|youth_c|B02|21003|3,8,40,40,1,21003040,21003040
2010|youth_c|B02|21003|3,9,42,44,3,21003042,21003044
2010|youth_c|B02|21003|3,10,47,47,1,21003047,21003047
2010|youth_c|B02|21003|3,11,49,51,3,21003049,21003051
2010|youth_c|B02|21003|3,12,55,55,1,21003055,21003055
2010|youth_c|B02|21003|3,13,59,59,1,21003059,21003059
2010|youth_c|B02|21003|3,14,64,67,4,21003064,21003067
2010|youth_c|B02|21003|3,15,69,71,3,21003069,21003071
2010|youth_c|B02|21003|3,16,73,75,3,21003073,21003075
2010|youth_c|B02|21003|3,17,77,80,4,21003077,21003080
2010|youth_c|B02|21003|3,18,83,84,2,21003083,21003084
2010|youth_c|B02|21003|3,19,88,89,2,21003088,21003089
2010|youth_c|B02|21003|3,20,92,95,4,21003092,21003095
2010|youth_c|B02|21003|3,21,99,99,1,21003099,21003099
2010|youth_c|B02|21003|3,22,102,102,1,21003102,21003102
2010|youth_c|B02|21003|3,23,106,109,4,21003106,21003109
2010|youth_c|B02|21003|3,24,111,111,1,21003111,21003111
2010|youth_c|B02|21003|3,25,118,123,6,21003118,21003123
2010|youth_c|B02|21003|3,26,128,130,3,21003128,21003130
2010|youth_c|B02|21003|3,27,133,133,1,21003133,21003133
2010|youth_c|B02|21003|3,28,135,137,3,21003135,21003137
2010|youth_c|B02|21003|3,29,145,146,2,21003145,21003146
2010|youth_c|B02|21003|3,30,148,150,3,21003148,21003150
2010|youth_c|B02|21003|3,31,157,157,1,21003157,21003157
2010|youth_c|B02|21003|3,32,159,161,3,21003159,21003161
2010|youth_c|B02|21003|3,33,163,163,1,21003163,21003163
2010|youth_c|B02|21004|3,1,21,21,1,21004021,21004021
2010|youth_c|B02|21004|3,2,33,33,1,21004033,21004033
2010|youth_c|B03|21001|3,1,27,27,1,21001027,21001027
2010|youth_c|B03|21001|3,2,64,64,1,21001064,21001064
2010|youth_c|B03|21001|3,3,107,107,1,21001107,21001107
2010|youth_c|B03|21002|3,1,55,55,1,21002055,21002055
2010|youth_c|B03|21002|3,2,73,73,1,21002073,21002073
2010|youth_c|B03|21002|3,3,88,88,1,21002088,21002088
2010|youth_c|B03|21003|3,1,1,4,4,21003001,21003004
2010|youth_c|B03|21003|3,2,6,6,1,21003006,21003006
2010|youth_c|B03|21003|3,3,9,11,3,21003009,21003011
2010|youth_c|B03|21003|3,4,13,14,2,21003013,21003014
2010|youth_c|B03|21003|3,5,19,20,2,21003019,21003020
2010|youth_c|B03|21003|3,6,23,23,1,21003023,21003023
2010|youth_c|B03|21003|3,7,28,30,3,21003028,21003030
2010|youth_c|B03|21003|3,8,33,36,4,21003033,21003036
2010|youth_c|B03|21003|3,9,38,39,2,21003038,21003039
2010|youth_c|B03|21003|3,10,46,46,1,21003046,21003046
2010|youth_c|B03|21003|3,11,48,48,1,21003048,21003048
2010|youth_c|B03|21003|3,12,53,53,1,21003053,21003053
2010|youth_c|B03|21003|3,13,56,58,3,21003056,21003058
2010|youth_c|B03|21003|3,14,60,60,1,21003060,21003060
2010|youth_c|B03|21003|3,15,62,63,2,21003062,21003063
2010|youth_c|B03|21003|3,16,68,68,1,21003068,21003068
2010|youth_c|B03|21003|3,17,72,72,1,21003072,21003072
2010|youth_c|B03|21003|3,18,76,76,1,21003076,21003076
2010|youth_c|B03|21003|3,19,81,82,2,21003081,21003082
2010|youth_c|B03|21003|3,20,85,86,2,21003085,21003086
2010|youth_c|B03|21003|3,21,90,91,2,21003090,21003091
2010|youth_c|B03|21003|3,22,97,98,2,21003097,21003098
2010|youth_c|B03|21003|3,23,100,101,2,21003100,21003101
2010|youth_c|B03|21003|3,24,103,105,3,21003103,21003105
2010|youth_c|B03|21003|3,25,112,117,6,21003112,21003117
2010|youth_c|B03|21003|3,26,124,127,4,21003124,21003127
2010|youth_c|B03|21003|3,27,131,132,2,21003131,21003132
2010|youth_c|B03|21003|3,28,134,134,1,21003134,21003134
2010|youth_c|B03|21003|3,29,139,139,1,21003139,21003139
2010|youth_c|B03|21003|3,30,141,144,4,21003141,21003144
2010|youth_c|B03|21003|3,31,147,147,1,21003147,21003147
2010|youth_c|B03|21003|3,32,151,151,1,21003151,21003151
2010|youth_c|B03|21003|3,33,153,155,3,21003153,21003155
2010|youth_c|B03|21003|3,34,158,158,1,21003158,21003158
2010|youth_c|B03|21003|3,35,162,162,1,21003162,21003162
2010|youth_c|B03|21004|3,1,1,3,3,21004001,21004003
2010|youth_c|B03|21004|3,2,6,6,1,21004006,21004006
2010|youth_c|B03|21004|3,3,9,10,2,21004009,21004010
2010|youth_c|B03|21004|3,4,13,13,1,21004013,21004013
2010|youth_c|B03|21004|3,5,25,25,1,21004025,21004025
2010|youth_c|B03|21004|3,6,36,36,1,21004036,21004036
2010|youth_c|B03|21004|3,7,54,54,1,21004054,21004054
2010|youth_c|B03|21004|3,8,57,58,2,21004057,21004058
2010|youth_c|B03|21004|3,9,64,64,1,21004064,21004064
2010|youth_c|B03|21004|3,10,68,70,3,21004068,21004070
2010|youth_c|B03|21004|3,11,73,73,1,21004073,21004073
2010|youth_c|B03|21005|3,1,52,52,1,21005052,21005052
2010|youth_c|B03|21005|3,2,63,63,1,21005063,21005063
2010|youth_c|B04|21002|3,1,118,118,1,21002118,21002118
2010|youth_c|B04|21002|3,2,121,121,1,21002121,21002121
2010|youth_c|B04|21004|3,1,18,18,1,21004018,21004018
2010|youth_c|B04|21004|3,2,59,59,1,21004059,21004059
2010|youth_c|B04|21004|3,3,65,65,1,21004065,21004065
2010|youth_c|B04|21005|3,1,1,51,51,21005001,21005051
2010|youth_c|B04|21005|3,2,53,62,10,21005053,21005062
2010|youth_c|B04|21005|3,3,64,92,29,21005064,21005092
2010|youth_c|B05|21001|3,1,4,4,1,21001004,21001004
2010|youth_c|B05|21001|3,2,12,13,2,21001012,21001013
2010|youth_c|B05|21001|3,3,28,28,1,21001028,21001028
2010|youth_c|B05|21001|3,4,33,33,1,21001033,21001033
2010|youth_c|B05|21001|3,5,35,36,2,21001035,21001036
2010|youth_c|B05|21001|3,6,41,41,1,21001041,21001041
2010|youth_c|B05|21001|3,7,46,46,1,21001046,21001046
2010|youth_c|B05|21001|3,8,48,48,1,21001048,21001048
2010|youth_c|B05|21001|3,9,51,52,2,21001051,21001052
2010|youth_c|B05|21001|3,10,62,62,1,21001062,21001062
2010|youth_c|B05|21001|3,11,84,85,2,21001084,21001085
2010|youth_c|B05|21001|3,12,91,92,2,21001091,21001092
2010|youth_c|B05|21001|3,13,96,97,2,21001096,21001097
2010|youth_c|B05|21001|3,14,103,103,1,21001103,21001103
2010|youth_c|B05|21001|3,15,109,109,1,21001109,21001109
2010|youth_c|B05|21001|3,16,111,111,1,21001111,21001111
2010|youth_c|B05|21001|3,17,113,114,2,21001113,21001114
2010|youth_c|B05|21001|3,18,116,117,2,21001116,21001117
2010|youth_c|B05|21002|3,1,11,12,2,21002011,21002012
2010|youth_c|B05|21002|3,2,35,35,1,21002035,21002035
2010|youth_c|B05|21002|3,3,49,49,1,21002049,21002049
2010|youth_c|B05|21002|3,4,57,57,1,21002057,21002057
2010|youth_c|B05|21002|3,5,59,59,1,21002059,21002059
2010|youth_c|B05|21002|3,6,75,75,1,21002075,21002075
2010|youth_c|B05|21002|3,7,82,82,1,21002082,21002082
2010|youth_c|B05|21002|3,8,86,86,1,21002086,21002086
2010|youth_c|B05|21002|3,9,96,97,2,21002096,21002097
2010|youth_c|B05|21002|3,10,104,104,1,21002104,21002104
2010|youth_c|B05|21002|3,11,107,107,1,21002107,21002107
2010|youth_c|B05|21002|3,12,119,119,1,21002119,21002119
2010|youth_c|B05|21004|3,1,5,5,1,21004005,21004005
2010|youth_c|B05|21004|3,2,7,8,2,21004007,21004008
2010|youth_c|B05|21004|3,3,15,16,2,21004015,21004016
2010|youth_c|B05|21004|3,4,19,19,1,21004019,21004019
2010|youth_c|B05|21004|3,5,22,24,3,21004022,21004024
2010|youth_c|B05|21004|3,6,27,27,1,21004027,21004027
2010|youth_c|B05|21004|3,7,30,31,2,21004030,21004031
2010|youth_c|B05|21004|3,8,35,35,1,21004035,21004035
2010|youth_c|B05|21004|3,9,37,37,1,21004037,21004037
2010|youth_c|B05|21004|3,10,39,48,10,21004039,21004048
2010|youth_c|B05|21004|3,11,50,52,3,21004050,21004052
2010|youth_c|B05|21004|3,12,56,56,1,21004056,21004056
2010|youth_c|B05|21004|3,13,62,62,1,21004062,21004062
2010|youth_c|B05|21004|3,14,66,66,1,21004066,21004066
2010|youth_c|B05|21004|3,15,71,71,1,21004071,21004071
2010|youth_c|B05|21004|3,16,74,75,2,21004074,21004075
2010|youth_c|B05|21004|3,17,77,78,2,21004077,21004078
2010|youth_c|B05|21004|3,18,80,80,1,21004080,21004080
2010|youth_c|B06|21001|3,1,67,67,1,21001067,21001067
2010|youth_c|B06|21007|3,1,1,94,94,21007001,21007094
2010|youth_c|B07|21001|3,1,10,11,2,21001010,21001011
2010|youth_c|B07|21001|3,2,16,16,1,21001016,21001016
2010|youth_c|B07|21001|3,3,34,34,1,21001034,21001034
2010|youth_c|B07|21001|3,4,38,38,1,21001038,21001038
2010|youth_c|B07|21001|3,5,44,45,2,21001044,21001045
2010|youth_c|B07|21001|3,6,47,47,1,21001047,21001047
2010|youth_c|B07|21001|3,7,53,53,1,21001053,21001053
2010|youth_c|B07|21001|3,8,55,55,1,21001055,21001055
2010|youth_c|B07|21001|3,9,60,60,1,21001060,21001060
2010|youth_c|B07|21001|3,10,66,66,1,21001066,21001066
2010|youth_c|B07|21001|3,11,70,71,2,21001070,21001071
2010|youth_c|B07|21001|3,12,77,77,1,21001077,21001077
2010|youth_c|B07|21001|3,13,95,95,1,21001095,21001095
2010|youth_c|B07|21001|3,14,121,121,1,21001121,21001121
2010|youth_c|B07|21002|3,1,2,7,6,21002002,21002007
2010|youth_c|B07|21002|3,2,13,16,4,21002013,21002016
2010|youth_c|B07|21002|3,3,24,24,1,21002024,21002024
2010|youth_c|B07|21002|3,4,27,28,2,21002027,21002028
2010|youth_c|B07|21002|3,5,30,30,1,21002030,21002030
2010|youth_c|B07|21002|3,6,37,38,2,21002037,21002038
2010|youth_c|B07|21002|3,7,41,41,1,21002041,21002041
2010|youth_c|B07|21002|3,8,46,48,3,21002046,21002048
2010|youth_c|B07|21002|3,9,53,54,2,21002053,21002054
2010|youth_c|B07|21002|3,10,56,56,1,21002056,21002056
2010|youth_c|B07|21002|3,11,60,60,1,21002060,21002060
2010|youth_c|B07|21002|3,12,62,62,1,21002062,21002062
2010|youth_c|B07|21002|3,13,64,65,2,21002064,21002065
2010|youth_c|B07|21002|3,14,67,67,1,21002067,21002067
2010|youth_c|B07|21002|3,15,74,74,1,21002074,21002074
2010|youth_c|B07|21002|3,16,78,78,1,21002078,21002078
2010|youth_c|B07|21002|3,17,84,85,2,21002084,21002085
2010|youth_c|B07|21002|3,18,90,90,1,21002090,21002090
2010|youth_c|B07|21002|3,19,93,93,1,21002093,21002093
2010|youth_c|B07|21002|3,20,95,95,1,21002095,21002095
2010|youth_c|B07|21002|3,21,98,98,1,21002098,21002098
2010|youth_c|B07|21002|3,22,105,105,1,21002105,21002105
2010|youth_c|B07|21002|3,23,110,110,1,21002110,21002110
2010|youth_c|B07|21002|3,24,117,117,1,21002117,21002117
2010|youth_c|B07|21002|3,25,122,122,1,21002122,21002122
2010|youth_c|B07|21002|3,26,125,126,2,21002125,21002126
2010|youth_c|B07|21003|3,1,27,27,1,21003027,21003027
2010|youth_c|B07|21003|3,2,37,37,1,21003037,21003037
2010|youth_c|B07|21003|3,3,140,140,1,21003140,21003140
2010|youth_c|B07|21003|3,4,156,156,1,21003156,21003156
2010|youth_c|B08|21002|3,1,34,34,1,21002034,21002034
2010|youth_c|B08|21003|3,1,61,61,1,21003061,21003061
2010|youth_c|B08|21003|3,2,138,138,1,21003138,21003138
2010|youth_c|B08|21006|3,1,1,130,130,21006001,21006130
2010|youth_c|B09|21003|3,1,41,41,1,21003041,21003041
2010|youth_c|B09|21003|3,2,45,45,1,21003045,21003045
2010|youth_c|B09|21003|3,3,52,52,1,21003052,21003052
2010|youth_c|B09|21003|3,4,54,54,1,21003054,21003054
2010|youth_c|B09|21003|3,5,87,87,1,21003087,21003087
2010|youth_c|B09|21003|3,6,96,96,1,21003096,21003096
2010|youth_c|B09|21003|3,7,110,110,1,21003110,21003110
2010|youth_c|B09|21003|3,8,152,152,1,21003152,21003152
2010|youth_c|B09|21004|3,1,55,55,1,21004055,21004055
2011|general|B01|21171|3,1,3,10,8,21171003,21171010
2011|general|B01|21171|3,2,12,13,2,21171012,21171013
2011|general|B01|21171|3,3,18,18,1,21171018,21171018
2011|general|B01|21171|3,4,22,22,1,21171022,21171022
2011|general|B01|21171|3,5,25,26,2,21171025,21171026
2011|general|B01|21171|3,6,28,33,6,21171028,21171033
2011|general|B01|21171|3,7,35,36,2,21171035,21171036
2011|general|B01|21171|3,8,38,38,1,21171038,21171038
2011|general|B01|21171|3,9,40,42,3,21171040,21171042
2011|general|B01|21171|3,10,44,46,3,21171044,21171046
2011|general|B01|21171|3,11,48,50,3,21171048,21171050
2011|general|B01|21171|3,12,53,53,1,21171053,21171053
2011|general|B01|21171|3,13,56,56,1,21171056,21171056
2011|general|B01|21171|3,14,59,64,6,21171059,21171064
2011|general|B01|21171|3,15,72,72,1,21171072,21171072
2011|general|B01|21171|3,16,74,78,5,21171074,21171078
2011|general|B01|21171|3,17,80,82,3,21171080,21171082
2011|general|B01|21171|3,18,84,84,1,21171084,21171084
2011|general|B01|21171|3,19,86,93,8,21171086,21171093
2011|general|B01|21171|3,20,96,100,5,21171096,21171100
2011|general|B01|21171|3,21,103,103,1,21171103,21171103
2011|general|B01|21171|3,22,105,107,3,21171105,21171107
2011|general|B01|21171|3,23,110,110,1,21171110,21171110
2011|general|B01|21171|3,24,112,113,2,21171112,21171113
2011|general|B01|21171|3,25,115,116,2,21171115,21171116
2011|general|B01|21171|3,26,118,119,2,21171118,21171119
2011|general|B01|21171|3,27,123,130,8,21171123,21171130
2011|general|B01|21171|3,28,132,134,3,21171132,21171134
2011|general|B01|21171|3,29,137,137,1,21171137,21171137
2011|general|B01|21171|3,30,141,142,2,21171141,21171142
2011|general|B01|21171|3,31,144,144,1,21171144,21171144
2011|general|B01|21171|3,32,146,151,6,21171146,21171151
2011|general|B01|21171|3,33,159,159,1,21171159,21171159
2011|general|B01|21171|3,34,162,166,5,21171162,21171166
2011|general|B01|21171|3,35,170,170,1,21171170,21171170
2011|general|B01|21171|3,36,173,174,2,21171173,21171174
2011|general|B01|21171|3,37,176,176,1,21171176,21171176
2011|general|B01|21172|3,1,1,7,7,21172001,21172007
2011|general|B01|21172|3,2,16,18,3,21172016,21172018
2011|general|B01|21172|3,3,20,23,4,21172020,21172023
2011|general|B01|21172|3,4,25,34,10,21172025,21172034
2011|general|B01|21172|3,5,38,40,3,21172038,21172040
2011|general|B01|21172|3,6,42,42,1,21172042,21172042
2011|general|B01|21172|3,7,45,45,1,21172045,21172045
2011|general|B01|21172|3,8,49,50,2,21172049,21172050
2011|general|B01|21172|3,9,52,52,1,21172052,21172052
2011|general|B01|21172|3,10,55,55,1,21172055,21172055
2011|general|B01|21172|3,11,60,62,3,21172060,21172062
2011|general|B01|21172|3,12,64,65,2,21172064,21172065
2011|general|B01|21172|3,13,68,69,2,21172068,21172069
2011|general|B01|21172|3,14,73,86,14,21172073,21172086
2011|general|B01|21172|3,15,92,93,2,21172092,21172093
2011|general|B01|21172|3,16,95,99,5,21172095,21172099
2011|general|B01|21172|3,17,102,107,6,21172102,21172107
2011|general|B01|21172|3,18,109,116,8,21172109,21172116
2011|general|B01|21172|3,19,119,119,1,21172119,21172119
2011|general|B01|21172|3,20,125,125,1,21172125,21172125
2011|general|B01|21172|3,21,127,128,2,21172127,21172128
2011|general|B01|21172|3,22,130,132,3,21172130,21172132
2011|general|B01|21172|3,23,136,146,11,21172136,21172146
2011|general|B01|21172|3,24,148,151,4,21172148,21172151
2011|general|B01|21172|3,25,155,155,1,21172155,21172155
2011|general|B01|21172|3,26,157,170,14,21172157,21172170
2011|general|B01|21172|3,27,172,172,1,21172172,21172172
2011|general|B01|21172|3,28,174,176,3,21172174,21172176
2011|general|B01|21172|3,29,178,181,4,21172178,21172181
2011|general|B01|21172|3,30,185,192,8,21172185,21172192
2011|general|B01|21172|3,31,195,195,1,21172195,21172195
2011|general|B01|21172|3,32,197,197,1,21172197,21172197
2011|general|B01|21172|3,33,199,201,3,21172199,21172201
2011|general|B01|21172|3,34,204,211,8,21172204,21172211
2011|general|B01|21172|3,35,213,213,1,21172213,21172213
2011|general|B01|21172|3,36,216,216,1,21172216,21172216
2011|general|B01|21172|3,37,218,219,2,21172218,21172219
2011|general|B01|21172|3,38,221,222,2,21172221,21172222
2011|general|B01|21172|3,39,226,229,4,21172226,21172229
2011|general|B01|21172|3,40,231,232,2,21172231,21172232
2011|general|B01|21172|3,41,235,245,11,21172235,21172245
2011|general|B01|21172|3,42,249,249,1,21172249,21172249
2011|general|B01|21172|3,43,251,251,1,21172251,21172251
2011|general|B01|21172|3,44,253,253,1,21172253,21172253
2011|general|B01|21172|3,45,258,258,1,21172258,21172258
2011|general|B01|21172|3,46,261,262,2,21172261,21172262
2011|general|B01|21172|3,47,264,264,1,21172264,21172264
2011|general|B01|21172|3,48,267,267,1,21172267,21172267
2011|general|B01|21172|3,49,269,270,2,21172269,21172270
2011|general|B01|21174|3,1,1,1,1,21174001,21174001
2011|general|B01|21174|3,2,5,5,1,21174005,21174005
2011|general|B01|21174|3,3,9,11,3,21174009,21174011
2011|general|B01|21174|3,4,18,18,1,21174018,21174018
2011|general|B01|21174|3,5,20,21,2,21174020,21174021
2011|general|B01|21174|3,6,24,24,1,21174024,21174024
2011|general|B01|21174|3,7,26,26,1,21174026,21174026
2011|general|B01|21174|3,8,30,30,1,21174030,21174030
2011|general|B01|21174|3,9,33,33,1,21174033,21174033
2011|general|B01|21174|3,10,35,35,1,21174035,21174035
2011|general|B01|21174|3,11,37,38,2,21174037,21174038
2011|general|B01|21174|3,12,45,45,1,21174045,21174045
2011|general|B01|21174|3,13,56,57,2,21174056,21174057
2011|general|B01|21174|3,14,65,68,4,21174065,21174068
2011|general|B01|21174|3,15,74,74,1,21174074,21174074
2011|general|B01|21174|3,16,76,76,1,21174076,21174076
2011|general|B01|21174|3,17,79,79,1,21174079,21174079
2011|general|B01|21174|3,18,86,86,1,21174086,21174086
2011|general|B01|21174|3,19,89,89,1,21174089,21174089
2011|general|B01|21174|3,20,94,96,3,21174094,21174096
2011|general|B01|21174|3,21,100,100,1,21174100,21174100
2011|general|B01|21174|3,22,107,107,1,21174107,21174107
2011|general|B01|21174|3,23,115,117,3,21174115,21174117
2011|general|B01|21174|3,24,120,123,4,21174120,21174123
2011|general|B01|21174|3,25,130,130,1,21174130,21174130
2011|general|B01|21174|3,26,133,133,1,21174133,21174133
2011|general|B01|21174|3,27,136,136,1,21174136,21174136
2011|general|B01|21174|3,28,141,141,1,21174141,21174141
2011|general|B01|21174|3,29,145,145,1,21174145,21174145
2011|general|B01|21174|3,30,147,147,1,21174147,21174147
2011|general|B01|21174|3,31,158,159,2,21174158,21174159
2011|general|B01|21174|3,32,163,165,3,21174163,21174165
2011|general|B02|21171|3,1,55,55,1,21171055,21171055
2011|general|B02|21171|3,2,143,143,1,21171143,21171143
2011|general|B02|21171|3,3,155,155,1,21171155,21171155
2011|general|B02|21171|3,4,175,175,1,21171175,21171175
2011|general|B02|21173|3,1,1,1,1,21173001,21173001
2011|general|B02|21173|3,2,3,3,1,21173003,21173003
2011|general|B02|21173|3,3,8,11,4,21173008,21173011
2011|general|B02|21173|3,4,16,19,4,21173016,21173019
2011|general|B02|21173|3,5,23,23,1,21173023,21173023
2011|general|B02|21173|3,6,25,25,1,21173025,21173025
2011|general|B02|21173|3,7,27,27,1,21173027,21173027
2011|general|B02|21173|3,8,30,32,3,21173030,21173032
2011|general|B02|21173|3,9,36,39,4,21173036,21173039
2011|general|B02|21173|3,10,41,49,9,21173041,21173049
2011|general|B02|21173|3,11,52,52,1,21173052,21173052
2011|general|B02|21173|3,12,57,58,2,21173057,21173058
2011|general|B02|21173|3,13,60,62,3,21173060,21173062
2011|general|B02|21173|3,14,64,66,3,21173064,21173066
2011|general|B02|21173|3,15,73,73,1,21173073,21173073
2011|general|B02|21173|3,16,77,77,1,21173077,21173077
2011|general|B02|21173|3,17,83,91,9,21173083,21173091
2011|general|B02|21173|3,18,93,93,1,21173093,21173093
2011|general|B02|21173|3,19,100,100,1,21173100,21173100
2011|general|B02|21173|3,20,102,102,1,21173102,21173102
2011|general|B02|21173|3,21,105,106,2,21173105,21173106
2011|general|B02|21173|3,22,110,110,1,21173110,21173110
2011|general|B02|21173|3,23,112,112,1,21173112,21173112
2011|general|B02|21173|3,24,117,119,3,21173117,21173119
2011|general|B02|21173|3,25,121,122,2,21173121,21173122
2011|general|B02|21173|3,26,124,125,2,21173124,21173125
2011|general|B02|21173|3,27,131,135,5,21173131,21173135
2011|general|B02|21173|3,28,137,137,1,21173137,21173137
2011|general|B02|21173|3,29,140,142,3,21173140,21173142
2011|general|B02|21173|3,30,144,144,1,21173144,21173144
2011|general|B02|21173|3,31,147,147,1,21173147,21173147
2011|general|B02|21173|3,32,149,149,1,21173149,21173149
2011|general|B02|21173|3,33,153,153,1,21173153,21173153
2011|general|B02|21173|3,34,155,155,1,21173155,21173155
2011|general|B02|21173|3,35,157,157,1,21173157,21173157
2011|general|B02|21173|3,36,159,161,3,21173159,21173161
2011|general|B02|21173|3,37,163,163,1,21173163,21173163
2011|general|B02|21173|3,38,167,167,1,21173167,21173167
2011|general|B02|21173|3,39,170,170,1,21173170,21173170
2011|general|B02|21173|3,40,172,177,6,21173172,21173177
2011|general|B02|21173|3,41,179,183,5,21173179,21173183
2011|general|B02|21173|3,42,186,189,4,21173186,21173189
2011|general|B02|21173|3,43,193,196,4,21173193,21173196
2011|general|B02|21173|3,44,204,204,1,21173204,21173204
2011|general|B02|21173|3,45,207,208,2,21173207,21173208
2011|general|B02|21173|3,46,213,215,3,21173213,21173215
2011|general|B02|21173|3,47,226,228,3,21173226,21173228
2011|general|B02|21173|3,48,234,234,1,21173234,21173234
2011|general|B02|21173|3,49,237,237,1,21173237,21173237
2011|general|B02|21173|3,50,240,243,4,21173240,21173243
2011|general|B02|21173|3,51,246,246,1,21173246,21173246
2011|general|B02|21173|3,52,248,251,4,21173248,21173251
2011|general|B02|21173|3,53,260,261,2,21173260,21173261
2011|general|B02|21173|3,54,269,270,2,21173269,21173270
2011|general|B02|21173|3,55,274,274,1,21173274,21173274
2011|general|B02|21174|3,1,28,28,1,21174028,21174028
2011|general|B02|21174|3,2,52,52,1,21174052,21174052
2011|general|B02|21174|3,3,55,55,1,21174055,21174055
2011|general|B02|21174|3,4,85,85,1,21174085,21174085
2011|general|B02|21174|3,5,104,104,1,21174104,21174104
2011|general|B02|21174|3,6,119,119,1,21174119,21174119
2011|general|B02|21175|3,1,130,130,1,21175130,21175130
2011|general|B03|21171|3,1,2,2,1,21171002,21171002
2011|general|B03|21171|3,2,20,21,2,21171020,21171021
2011|general|B03|21171|3,3,23,23,1,21171023,21171023
2011|general|B03|21171|3,4,39,39,1,21171039,21171039
2011|general|B03|21171|3,5,47,47,1,21171047,21171047
2011|general|B03|21171|3,6,57,57,1,21171057,21171057
2011|general|B03|21171|3,7,83,83,1,21171083,21171083
2011|general|B03|21171|3,8,111,111,1,21171111,21171111
2011|general|B03|21171|3,9,114,114,1,21171114,21171114
2011|general|B03|21171|3,10,138,138,1,21171138,21171138
2011|general|B03|21171|3,11,145,145,1,21171145,21171145
2011|general|B03|21171|3,12,158,158,1,21171158,21171158
2011|general|B03|21171|3,13,168,168,1,21171168,21171168
2011|general|B03|21172|3,1,66,66,1,21172066,21172066
2011|general|B03|21172|3,2,101,101,1,21172101,21172101
2011|general|B03|21172|3,3,118,118,1,21172118,21172118
2011|general|B03|21172|3,4,173,173,1,21172173,21172173
2011|general|B03|21172|3,5,184,184,1,21172184,21172184
2011|general|B03|21172|3,6,203,203,1,21172203,21172203
2011|general|B03|21172|3,7,212,212,1,21172212,21172212
2011|general|B03|21172|3,8,248,248,1,21172248,21172248
2011|general|B03|21173|3,1,2,2,1,21173002,21173002
2011|general|B03|21173|3,2,4,7,4,21173004,21173007
2011|general|B03|21173|3,3,14,15,2,21173014,21173015
2011|general|B03|21173|3,4,20,22,3,21173020,21173022
2011|general|B03|21173|3,5,24,24,1,21173024,21173024
2011|general|B03|21173|3,6,29,29,1,21173029,21173029
2011|general|B03|21173|3,7,34,35,2,21173034,21173035
2011|general|B03|21173|3,8,40,40,1,21173040,21173040
2011|general|B03|21173|3,9,50,51,2,21173050,21173051
2011|general|B03|21173|3,10,53,53,1,21173053,21173053
2011|general|B03|21173|3,11,55,56,2,21173055,21173056
2011|general|B03|21173|3,12,63,63,1,21173063,21173063
2011|general|B03|21173|3,13,67,72,6,21173067,21173072
2011|general|B03|21173|3,14,76,76,1,21173076,21173076
2011|general|B03|21173|3,15,79,82,4,21173079,21173082
2011|general|B03|21173|3,16,92,92,1,21173092,21173092
2011|general|B03|21173|3,17,95,99,5,21173095,21173099
2011|general|B03|21173|3,18,101,101,1,21173101,21173101
2011|general|B03|21173|3,19,103,104,2,21173103,21173104
2011|general|B03|21173|3,20,107,109,3,21173107,21173109
2011|general|B03|21173|3,21,111,111,1,21173111,21173111
2011|general|B03|21173|3,22,113,116,4,21173113,21173116
2011|general|B03|21173|3,23,123,123,1,21173123,21173123
2011|general|B03|21173|3,24,126,130,5,21173126,21173130
2011|general|B03|21173|3,25,136,136,1,21173136,21173136
2011|general|B03|21173|3,26,138,139,2,21173138,21173139
2011|general|B03|21173|3,27,143,143,1,21173143,21173143
2011|general|B03|21173|3,28,145,146,2,21173145,21173146
2011|general|B03|21173|3,29,150,152,3,21173150,21173152
2011|general|B03|21173|3,30,154,154,1,21173154,21173154
2011|general|B03|21173|3,31,156,156,1,21173156,21173156
2011|general|B03|21173|3,32,158,158,1,21173158,21173158
2011|general|B03|21173|3,33,164,166,3,21173164,21173166
2011|general|B03|21173|3,34,168,169,2,21173168,21173169
2011|general|B03|21173|3,35,171,171,1,21173171,21173171
2011|general|B03|21173|3,36,185,185,1,21173185,21173185
2011|general|B03|21173|3,37,191,191,1,21173191,21173191
2011|general|B03|21173|3,38,199,203,5,21173199,21173203
2011|general|B03|21173|3,39,205,205,1,21173205,21173205
2011|general|B03|21173|3,40,209,212,4,21173209,21173212
2011|general|B03|21173|3,41,216,225,10,21173216,21173225
2011|general|B03|21173|3,42,230,233,4,21173230,21173233
2011|general|B03|21173|3,43,235,236,2,21173235,21173236
2011|general|B03|21173|3,44,238,239,2,21173238,21173239
2011|general|B03|21173|3,45,245,245,1,21173245,21173245
2011|general|B03|21173|3,46,252,256,5,21173252,21173256
2011|general|B03|21173|3,47,262,268,7,21173262,21173268
2011|general|B03|21173|3,48,271,273,3,21173271,21173273
2011|general|B03|21174|3,1,6,6,1,21174006,21174006
2011|general|B03|21174|3,2,14,14,1,21174014,21174014
2011|general|B03|21174|3,3,19,19,1,21174019,21174019
2011|general|B03|21174|3,4,29,29,1,21174029,21174029
2011|general|B03|21174|3,5,31,32,2,21174031,21174032
2011|general|B03|21174|3,6,34,34,1,21174034,21174034
2011|general|B03|21174|3,7,39,39,1,21174039,21174039
2011|general|B03|21174|3,8,62,62,1,21174062,21174062
2011|general|B03|21174|3,9,72,72,1,21174072,21174072
2011|general|B03|21174|3,10,75,75,1,21174075,21174075
2011|general|B03|21174|3,11,101,101,1,21174101,21174101
2011|general|B03|21174|3,12,105,105,1,21174105,21174105
2011|general|B03|21174|3,13,134,134,1,21174134,21174134
2011|general|B03|21174|3,14,139,139,1,21174139,21174139
2011|general|B03|21174|3,15,152,152,1,21174152,21174152
2011|general|B03|21174|3,16,162,162,1,21174162,21174162
2011|general|B03|21174|3,17,167,167,1,21174167,21174167
2011|general|B03|21175|3,1,41,41,1,21175041,21175041
2011|general|B03|21175|3,2,63,64,2,21175063,21175064
2011|general|B03|21175|3,3,74,74,1,21175074,21175074
2011|general|B03|21175|3,4,95,95,1,21175095,21175095
2011|general|B03|21175|3,5,106,106,1,21175106,21175106
2011|general|B03|21175|3,6,119,119,1,21175119,21175119
2011|general|B03|21175|3,7,123,123,1,21175123,21175123
2011|general|B03|21175|3,8,157,157,1,21175157,21175157
2011|general|B04|21171|3,1,54,54,1,21171054,21171054
2011|general|B04|21171|3,2,69,69,1,21171069,21171069
2011|general|B04|21171|3,3,85,85,1,21171085,21171085
2011|general|B04|21171|3,4,161,161,1,21171161,21171161
2011|general|B04|21172|3,1,87,87,1,21172087,21172087
2011|general|B04|21172|3,2,121,121,1,21172121,21172121
2011|general|B04|21172|3,3,250,250,1,21172250,21172250
2011|general|B04|21174|3,1,7,7,1,21174007,21174007
2011|general|B04|21174|3,2,23,23,1,21174023,21174023
2011|general|B04|21174|3,3,44,44,1,21174044,21174044
2011|general|B04|21174|3,4,53,53,1,21174053,21174053
2011|general|B04|21174|3,5,80,80,1,21174080,21174080
2011|general|B04|21174|3,6,88,88,1,21174088,21174088
2011|general|B04|21174|3,7,102,102,1,21174102,21174102
2011|general|B04|21174|3,8,131,132,2,21174131,21174132
2011|general|B04|21174|3,9,135,135,1,21174135,21174135
2011|general|B04|21174|3,10,140,140,1,21174140,21174140
2011|general|B04|21174|3,11,146,146,1,21174146,21174146
2011|general|B04|21174|3,12,153,154,2,21174153,21174154
2011|general|B04|21174|3,13,161,161,1,21174161,21174161
2011|general|B04|21175|3,1,1,40,40,21175001,21175040
2011|general|B04|21175|3,2,42,62,21,21175042,21175062
2011|general|B04|21175|3,3,65,73,9,21175065,21175073
2011|general|B04|21175|3,4,75,94,20,21175075,21175094
2011|general|B04|21175|3,5,96,105,10,21175096,21175105
2011|general|B04|21175|3,6,107,118,12,21175107,21175118
2011|general|B04|21175|3,7,120,122,3,21175120,21175122
2011|general|B04|21175|3,8,124,129,6,21175124,21175129
2011|general|B04|21175|3,9,131,156,26,21175131,21175156
2011|general|B04|21175|3,10,158,159,2,21175158,21175159
2011|general|B05|21171|3,1,1,1,1,21171001,21171001
2011|general|B05|21171|3,2,14,17,4,21171014,21171017
2011|general|B05|21171|3,3,19,19,1,21171019,21171019
2011|general|B05|21171|3,4,27,27,1,21171027,21171027
2011|general|B05|21171|3,5,34,34,1,21171034,21171034
2011|general|B05|21171|3,6,37,37,1,21171037,21171037
2011|general|B05|21171|3,7,51,52,2,21171051,21171052
2011|general|B05|21171|3,8,58,58,1,21171058,21171058
2011|general|B05|21171|3,9,65,68,4,21171065,21171068
2011|general|B05|21171|3,10,71,71,1,21171071,21171071
2011|general|B05|21171|3,11,94,94,1,21171094,21171094
2011|general|B05|21171|3,12,102,102,1,21171102,21171102
2011|general|B05|21171|3,13,117,117,1,21171117,21171117
2011|general|B05|21171|3,14,121,121,1,21171121,21171121
2011|general|B05|21171|3,15,131,131,1,21171131,21171131
2011|general|B05|21171|3,16,136,136,1,21171136,21171136
2011|general|B05|21171|3,17,139,140,2,21171139,21171140
2011|general|B05|21171|3,18,152,152,1,21171152,21171152
2011|general|B05|21171|3,19,160,160,1,21171160,21171160
2011|general|B05|21171|3,20,171,172,2,21171171,21171172
2011|general|B05|21171|3,21,178,179,2,21171178,21171179
2011|general|B05|21172|3,1,35,36,2,21172035,21172036
2011|general|B05|21172|3,2,47,47,1,21172047,21172047
2011|general|B05|21172|3,3,63,63,1,21172063,21172063
2011|general|B05|21172|3,4,71,72,2,21172071,21172072
2011|general|B05|21172|3,5,126,126,1,21172126,21172126
2011|general|B05|21172|3,6,194,194,1,21172194,21172194
2011|general|B05|21172|3,7,252,252,1,21172252,21172252
2011|general|B05|21174|3,1,2,4,3,21174002,21174004
2011|general|B05|21174|3,2,8,8,1,21174008,21174008
2011|general|B05|21174|3,3,12,13,2,21174012,21174013
2011|general|B05|21174|3,4,15,17,3,21174015,21174017
2011|general|B05|21174|3,5,22,22,1,21174022,21174022
2011|general|B05|21174|3,6,25,25,1,21174025,21174025
2011|general|B05|21174|3,7,27,27,1,21174027,21174027
2011|general|B05|21174|3,8,36,36,1,21174036,21174036
2011|general|B05|21174|3,9,40,43,4,21174040,21174043
2011|general|B05|21174|3,10,46,51,6,21174046,21174051
2011|general|B05|21174|3,11,54,54,1,21174054,21174054
2011|general|B05|21174|3,12,58,61,4,21174058,21174061
2011|general|B05|21174|3,13,64,64,1,21174064,21174064
2011|general|B05|21174|3,14,69,71,3,21174069,21174071
2011|general|B05|21174|3,15,73,73,1,21174073,21174073
2011|general|B05|21174|3,16,77,78,2,21174077,21174078
2011|general|B05|21174|3,17,81,84,4,21174081,21174084
2011|general|B05|21174|3,18,87,87,1,21174087,21174087
2011|general|B05|21174|3,19,90,93,4,21174090,21174093
2011|general|B05|21174|3,20,97,99,3,21174097,21174099
2011|general|B05|21174|3,21,103,103,1,21174103,21174103
2011|general|B05|21174|3,22,106,106,1,21174106,21174106
2011|general|B05|21174|3,23,108,114,7,21174108,21174114
2011|general|B05|21174|3,24,118,118,1,21174118,21174118
2011|general|B05|21174|3,25,124,129,6,21174124,21174129
2011|general|B05|21174|3,26,137,138,2,21174137,21174138
2011|general|B05|21174|3,27,142,144,3,21174142,21174144
2011|general|B05|21174|3,28,148,151,4,21174148,21174151
2011|general|B05|21174|3,29,155,157,3,21174155,21174157
2011|general|B05|21174|3,30,160,160,1,21174160,21174160
2011|general|B05|21174|3,31,166,166,1,21174166,21174166
2011|general|B06|21171|3,1,104,104,1,21171104,21171104
2011|general|B06|21171|3,2,122,122,1,21171122,21171122
2011|general|B06|21171|3,3,169,169,1,21171169,21171169
2011|general|B06|21173|3,1,28,28,1,21173028,21173028
2011|general|B06|21173|3,2,33,33,1,21173033,21173033
2011|general|B06|21176|3,1,122,122,1,21176122,21176122
2011|general|B06|21177|3,1,1,164,164,21177001,21177164
2011|general|B07|21171|3,1,11,11,1,21171011,21171011
2011|general|B07|21171|3,2,24,24,1,21171024,21171024
2011|general|B07|21171|3,3,43,43,1,21171043,21171043
2011|general|B07|21171|3,4,70,70,1,21171070,21171070
2011|general|B07|21171|3,5,73,73,1,21171073,21171073
2011|general|B07|21171|3,6,79,79,1,21171079,21171079
2011|general|B07|21171|3,7,95,95,1,21171095,21171095
2011|general|B07|21171|3,8,101,101,1,21171101,21171101
2011|general|B07|21171|3,9,108,109,2,21171108,21171109
2011|general|B07|21171|3,10,120,120,1,21171120,21171120
2011|general|B07|21171|3,11,135,135,1,21171135,21171135
2011|general|B07|21171|3,12,153,154,2,21171153,21171154
2011|general|B07|21171|3,13,156,157,2,21171156,21171157
2011|general|B07|21171|3,14,167,167,1,21171167,21171167
2011|general|B07|21171|3,15,177,177,1,21171177,21171177
2011|general|B07|21172|3,1,8,15,8,21172008,21172015
2011|general|B07|21172|3,2,19,19,1,21172019,21172019
2011|general|B07|21172|3,3,24,24,1,21172024,21172024
2011|general|B07|21172|3,4,37,37,1,21172037,21172037
2011|general|B07|21172|3,5,41,41,1,21172041,21172041
2011|general|B07|21172|3,6,43,44,2,21172043,21172044
2011|general|B07|21172|3,7,46,46,1,21172046,21172046
2011|general|B07|21172|3,8,48,48,1,21172048,21172048
2011|general|B07|21172|3,9,51,51,1,21172051,21172051
2011|general|B07|21172|3,10,53,54,2,21172053,21172054
2011|general|B07|21172|3,11,56,59,4,21172056,21172059
2011|general|B07|21172|3,12,67,67,1,21172067,21172067
2011|general|B07|21172|3,13,70,70,1,21172070,21172070
2011|general|B07|21172|3,14,89,91,3,21172089,21172091
2011|general|B07|21172|3,15,94,94,1,21172094,21172094
2011|general|B07|21172|3,16,100,100,1,21172100,21172100
2011|general|B07|21172|3,17,108,108,1,21172108,21172108
2011|general|B07|21172|3,18,117,117,1,21172117,21172117
2011|general|B07|21172|3,19,120,120,1,21172120,21172120
2011|general|B07|21172|3,20,122,124,3,21172122,21172124
2011|general|B07|21172|3,21,129,129,1,21172129,21172129
2011|general|B07|21172|3,22,133,135,3,21172133,21172135
2011|general|B07|21172|3,23,147,147,1,21172147,21172147
2011|general|B07|21172|3,24,153,154,2,21172153,21172154
2011|general|B07|21172|3,25,156,156,1,21172156,21172156
2011|general|B07|21172|3,26,171,171,1,21172171,21172171
2011|general|B07|21172|3,27,177,177,1,21172177,21172177
2011|general|B07|21172|3,28,182,183,2,21172182,21172183
2011|general|B07|21172|3,29,193,193,1,21172193,21172193
2011|general|B07|21172|3,30,196,196,1,21172196,21172196
2011|general|B07|21172|3,31,198,198,1,21172198,21172198
2011|general|B07|21172|3,32,202,202,1,21172202,21172202
2011|general|B07|21172|3,33,214,215,2,21172214,21172215
2011|general|B07|21172|3,34,217,217,1,21172217,21172217
2011|general|B07|21172|3,35,220,220,1,21172220,21172220
2011|general|B07|21172|3,36,223,225,3,21172223,21172225
2011|general|B07|21172|3,37,230,230,1,21172230,21172230
2011|general|B07|21172|3,38,233,234,2,21172233,21172234
2011|general|B07|21172|3,39,246,247,2,21172246,21172247
2011|general|B07|21172|3,40,254,257,4,21172254,21172257
2011|general|B07|21172|3,41,259,260,2,21172259,21172260
2011|general|B07|21172|3,42,263,263,1,21172263,21172263
2011|general|B07|21172|3,43,265,266,2,21172265,21172266
2011|general|B07|21172|3,44,268,268,1,21172268,21172268
2011|general|B07|21172|3,45,271,274,4,21172271,21172274
2011|general|B07|21173|3,1,12,13,2,21173012,21173013
2011|general|B07|21173|3,2,26,26,1,21173026,21173026
2011|general|B07|21173|3,3,59,59,1,21173059,21173059
2011|general|B07|21173|3,4,184,184,1,21173184,21173184
2011|general|B07|21173|3,5,192,192,1,21173192,21173192
2011|general|B07|21173|3,6,229,229,1,21173229,21173229
2011|general|B07|21173|3,7,247,247,1,21173247,21173247
2011|general|B07|21173|3,8,257,259,3,21173257,21173259
2011|general|B08|21172|3,1,88,88,1,21172088,21172088
2011|general|B08|21173|3,1,74,74,1,21173074,21173074
2011|general|B08|21173|3,2,78,78,1,21173078,21173078
2011|general|B08|21173|3,3,244,244,1,21173244,21173244
2011|general|B08|21176|3,1,1,121,121,21176001,21176121
2011|general|B08|21176|3,2,123,273,151,21176123,21176273
2011|general|B09|21173|3,1,54,54,1,21173054,21173054
2011|general|B09|21173|3,2,75,75,1,21173075,21173075
2011|general|B09|21173|3,3,94,94,1,21173094,21173094
2011|general|B09|21173|3,4,120,120,1,21173120,21173120
2011|general|B09|21173|3,5,148,148,1,21173148,21173148
2011|general|B09|21173|3,6,162,162,1,21173162,21173162
2011|general|B09|21173|3,7,178,178,1,21173178,21173178
2011|general|B09|21173|3,8,190,190,1,21173190,21173190
2011|general|B09|21173|3,9,197,198,2,21173197,21173198
2011|general|B09|21173|3,10,206,206,1,21173206,21173206
2011|general|B09|21174|3,1,63,63,1,21174063,21174063
2011|joint_fund|B08|U1162|3,1,101,131,31,U1162101,U1162131
2011|joint_fund|B08|U1162|3,2,201,206,6,U1162201,U1162206
2011|key|B01|21131|3,1,1,1,1,21131001,21131001
2011|key|B01|21131|3,2,4,6,3,21131004,21131006
2011|key|B01|21132|3,1,1,2,2,21132001,21132002
2011|key|B01|21132|3,2,4,7,4,21132004,21132007
2011|key|B02|21133|3,1,8,8,1,21133008,21133008
2011|key|B02|21133|3,2,10,11,2,21133010,21133011
2011|key|B03|21133|3,1,1,1,1,21133001,21133001
2011|key|B03|21133|3,2,4,7,4,21133004,21133007
2011|key|B03|21133|3,3,9,9,1,21133009,21133009
2011|key|B03|21134|3,1,6,6,1,21134006,21134006
2011|key|B04|21135|3,1,1,6,6,21135001,21135006
2011|key|B05|21131|3,1,2,2,1,21131002,21131002
2011|key|B05|21134|3,1,1,5,5,21134001,21134005
2011|key|B06|21137|3,1,1,4,4,21137001,21137004
2011|key|B07|21131|3,1,3,3,1,21131003,21131003
2011|key|B07|21132|3,1,3,3,1,21132003,21132003
2011|key|B07|21132|3,2,8,9,2,21132008,21132009
2011|key|B07|21133|3,1,2,3,2,21133002,21133003
2011|key|B08|21136|3,1,1,9,9,21136001,21136009
2011|major_research_plan|B01|91106|3,1,0,0,1,91106000,91106000
2011|major_research_plan|B01|91122|3,1,0,13,14,91122000,91122013
2011|major_research_plan|B01|91122|3,2,27,32,6,91122027,91122032
2011|major_research_plan|B01|91123|3,1,1,1,1,91123001,91123001
2011|major_research_plan|B01|91127|3,1,1,2,2,91127001,91127002
2011|major_research_plan|B01|91127|3,2,4,9,6,91127004,91127009
2011|major_research_plan|B01|91127|3,3,30,32,3,91127030,91127032
2011|major_research_plan|B01|91127|3,4,40,41,2,91127040,91127041
2011|major_research_plan|B01|91127|3,5,45,47,3,91127045,91127047
2011|major_research_plan|B02|91127|3,1,17,24,8,91127017,91127024
2011|major_research_plan|B02|91127|3,2,43,44,2,91127043,91127044
2011|major_research_plan|B03|91121|3,1,6,6,1,91121006,91121006
2011|major_research_plan|B03|91122|3,1,14,15,2,91122014,91122015
2011|major_research_plan|B03|91123|3,1,2,3,2,91123002,91123003
2011|major_research_plan|B03|91127|3,1,11,16,6,91127011,91127016
2011|major_research_plan|B03|91127|3,2,42,42,1,91127042,91127042
2011|major_research_plan|B04|91127|3,1,33,37,5,91127033,91127037
2011|major_research_plan|B04|91132|3,1,708,708,1,91132708,91132708
2011|major_research_plan|B05|91122|3,1,16,19,4,91122016,91122019
2011|major_research_plan|B05|91122|3,2,33,34,2,91122033,91122034
2011|major_research_plan|B05|91127|3,1,3,3,1,91127003,91127003
2011|major_research_plan|B05|91127|3,2,10,10,1,91127010,91127010
2011|major_research_plan|B05|91127|3,3,25,29,5,91127025,91127029
2011|major_research_plan|B06|91126|3,1,6,6,1,91126006,91126006
2011|major_research_plan|B06|91126|3,2,21,22,2,91126021,91126022
2011|major_research_plan|B07|91113|3,1,0,0,1,91113000,91113000
2011|major_research_plan|B09|91127|3,1,0,0,1,91127000,91127000
2011|regional|B01|21161|3,1,5,6,2,21161005,21161006
2011|regional|B01|21161|3,2,8,9,2,21161008,21161009
2011|regional|B01|21161|3,3,11,11,1,21161011,21161011
2011|regional|B01|21161|3,4,13,14,2,21161013,21161014
2011|regional|B01|21161|3,5,16,16,1,21161016,21161016
2011|regional|B01|21161|3,6,18,19,2,21161018,21161019
2011|regional|B01|21161|3,7,21,21,1,21161021,21161021
2011|regional|B01|21161|3,8,23,23,1,21161023,21161023
2011|regional|B01|21162|3,1,2,3,2,21162002,21162003
2011|regional|B01|21162|3,2,8,8,1,21162008,21162008
2011|regional|B01|21162|3,3,10,13,4,21162010,21162013
2011|regional|B01|21162|3,4,15,15,1,21162015,21162015
2011|regional|B01|21162|3,5,17,17,1,21162017,21162017
2011|regional|B01|21162|3,6,22,22,1,21162022,21162022
2011|regional|B01|21162|3,7,24,27,4,21162024,21162027
2011|regional|B01|21162|3,8,29,29,1,21162029,21162029
2011|regional|B01|21162|3,9,32,36,5,21162032,21162036
2011|regional|B01|21162|3,10,40,40,1,21162040,21162040
2011|regional|B01|21162|3,11,42,43,2,21162042,21162043
2011|regional|B01|21162|3,12,47,47,1,21162047,21162047
2011|regional|B01|21164|3,1,5,6,2,21164005,21164006
2011|regional|B01|21164|3,2,8,8,1,21164008,21164008
2011|regional|B01|21164|3,3,13,13,1,21164013,21164013
2011|regional|B02|21161|3,1,12,12,1,21161012,21161012
2011|regional|B02|21163|3,1,2,2,1,21163002,21163002
2011|regional|B02|21163|3,2,4,8,5,21163004,21163008
2011|regional|B02|21163|3,3,11,13,3,21163011,21163013
2011|regional|B02|21163|3,4,15,21,7,21163015,21163021
2011|regional|B02|21163|3,5,23,23,1,21163023,21163023
2011|regional|B02|21163|3,6,25,25,1,21163025,21163025
2011|regional|B02|21165|3,1,11,11,1,21165011,21165011
2011|regional|B03|21161|3,1,20,20,1,21161020,21161020
2011|regional|B03|21163|3,1,1,1,1,21163001,21163001
2011|regional|B03|21163|3,2,3,3,1,21163003,21163003
2011|regional|B03|21163|3,3,9,9,1,21163009,21163009
2011|regional|B03|21163|3,4,22,22,1,21163022,21163022
2011|regional|B03|21164|3,1,1,1,1,21164001,21164001
2011|regional|B04|21165|3,1,1,10,10,21165001,21165010
2011|regional|B04|21165|3,2,12,23,12,21165012,21165023
2011|regional|B05|21161|3,1,2,2,1,21161002,21161002
2011|regional|B05|21161|3,2,4,4,1,21161004,21161004
2011|regional|B05|21161|3,3,7,7,1,21161007,21161007
2011|regional|B05|21161|3,4,15,15,1,21161015,21161015
2011|regional|B05|21161|3,5,17,17,1,21161017,21161017
2011|regional|B05|21164|3,1,2,4,3,21164002,21164004
2011|regional|B05|21164|3,2,7,7,1,21164007,21164007
2011|regional|B05|21164|3,3,9,12,4,21164009,21164012
2011|regional|B06|21167|3,1,1,18,18,21167001,21167018
2011|regional|B07|21161|3,1,1,1,1,21161001,21161001
2011|regional|B07|21161|3,2,3,3,1,21161003,21161003
2011|regional|B07|21161|3,3,10,10,1,21161010,21161010
2011|regional|B07|21161|3,4,22,22,1,21161022,21161022
2011|regional|B07|21162|3,1,1,1,1,21162001,21162001
2011|regional|B07|21162|3,2,4,7,4,21162004,21162007
2011|regional|B07|21162|3,3,9,9,1,21162009,21162009
2011|regional|B07|21162|3,4,14,14,1,21162014,21162014
2011|regional|B07|21162|3,5,16,16,1,21162016,21162016
2011|regional|B07|21162|3,6,20,21,2,21162020,21162021
2011|regional|B07|21162|3,7,23,23,1,21162023,21162023
2011|regional|B07|21162|3,8,28,28,1,21162028,21162028
2011|regional|B07|21162|3,9,30,31,2,21162030,21162031
2011|regional|B07|21162|3,10,37,39,3,21162037,21162039
2011|regional|B07|21162|3,11,41,41,1,21162041,21162041
2011|regional|B07|21162|3,12,44,46,3,21162044,21162046
2011|regional|B07|21163|3,1,14,14,1,21163014,21163014
2011|regional|B07|21163|3,2,24,24,1,21163024,21163024
2011|regional|B08|21162|3,1,18,19,2,21162018,21162019
2011|regional|B08|21166|3,1,1,18,18,21166001,21166018
2011|regional|B08|21166|3,2,20,24,5,21166020,21166024
2011|regional|B09|21163|3,1,10,10,1,21163010,21163010
2011|special|B01|21141|3,1,1,3,3,21141001,21141003
2011|special|B01|21141|3,2,6,8,3,21141006,21141008
2011|special|B01|21141|3,3,401,401,1,21141401,21141401
2011|special|B01|21141|3,4,403,403,1,21141403,21141403
2011|special|B01|21142|3,1,1,1,1,21142001,21142001
2011|special|B01|21142|3,2,6,6,1,21142006,21142006
2011|special|B01|21142|3,3,8,9,2,21142008,21142009
2011|special|B01|21142|3,4,12,12,1,21142012,21142012
2011|special|B01|21142|3,5,401,402,2,21142401,21142402
2011|special|B01|21144|3,1,8,8,1,21144008,21144008
2011|special|B01|21151|3,1,1,2,2,21151001,21151002
2011|special|B01|21152|3,1,1,1,1,21152001,21152001
2011|special|B02|21141|3,1,4,4,1,21141004,21141004
2011|special|B02|21143|3,1,1,2,2,21143001,21143002
2011|special|B02|21143|3,2,4,4,1,21143004,21143004
2011|special|B02|21143|3,3,6,6,1,21143006,21143006
2011|special|B02|21143|3,4,9,9,1,21143009,21143009
2011|special|B02|21143|3,5,401,401,1,21143401,21143401
2011|special|B03|21127|3,1,1,4,4,21127001,21127004
2011|special|B03|21143|3,1,3,3,1,21143003,21143003
2011|special|B03|21143|3,2,7,8,2,21143007,21143008
2011|special|B03|21143|3,3,10,11,2,21143010,21143011
2011|special|B03|21144|3,1,5,5,1,21144005,21144005
2011|special|B03|21144|3,2,7,7,1,21144007,21144007
2011|special|B03|21153|3,1,1,3,3,21153001,21153003
2011|special|B04|21127|3,1,5,10,6,21127005,21127010
2011|special|B04|21127|3,2,12,12,1,21127012,21127012
2011|special|B04|21144|3,1,1,1,1,21144001,21144001
2011|special|B04|21144|3,2,6,6,1,21144006,21144006
2011|special|B04|21145|3,1,1,6,6,21145001,21145006
2011|special|B04|21145|3,2,401,402,2,21145401,21145402
2011|special|B04|21155|3,1,1,2,2,21155001,21155002
2011|special|B05|21141|3,1,5,5,1,21141005,21141005
2011|special|B05|21144|3,1,2,4,3,21144002,21144004
2011|special|B05|21144|3,2,401,402,2,21144401,21144402
2011|special|B06|21147|3,1,1,7,7,21147001,21147007
2011|special|B06|21147|3,2,401,401,1,21147401,21147401
2011|special|B07|21141|3,1,402,402,1,21141402,21141402
2011|special|B07|21142|3,1,2,5,4,21142002,21142005
2011|special|B07|21142|3,2,7,7,1,21142007,21142007
2011|special|B07|21142|3,3,10,11,2,21142010,21142011
2011|special|B07|21142|3,4,13,14,2,21142013,21142014
2011|special|B07|21143|3,1,5,5,1,21143005,21143005
2011|special|B07|21152|3,1,2,2,1,21152002,21152002
2011|special|B08|21127|3,1,11,11,1,21127011,21127011
2011|special|B08|21146|3,1,1,12,12,21146001,21146012
2011|special|B08|21146|3,2,401,403,3,21146401,21146403
2011|youth_c|B01|21101|3,1,3,3,1,21101003,21101003
2011|youth_c|B01|21101|3,2,7,7,1,21101007,21101007
2011|youth_c|B01|21101|3,3,12,16,5,21101012,21101016
2011|youth_c|B01|21101|3,4,18,20,3,21101018,21101020
2011|youth_c|B01|21101|3,5,22,23,2,21101022,21101023
2011|youth_c|B01|21101|3,6,25,27,3,21101025,21101027
2011|youth_c|B01|21101|3,7,29,32,4,21101029,21101032
2011|youth_c|B01|21101|3,8,35,39,5,21101035,21101039
2011|youth_c|B01|21101|3,9,41,50,10,21101041,21101050
2011|youth_c|B01|21101|3,10,53,55,3,21101053,21101055
2011|youth_c|B01|21101|3,11,59,59,1,21101059,21101059
2011|youth_c|B01|21101|3,12,62,62,1,21101062,21101062
2011|youth_c|B01|21101|3,13,64,64,1,21101064,21101064
2011|youth_c|B01|21101|3,14,66,68,3,21101066,21101068
2011|youth_c|B01|21101|3,15,73,74,2,21101073,21101074
2011|youth_c|B01|21101|3,16,77,77,1,21101077,21101077
2011|youth_c|B01|21101|3,17,79,81,3,21101079,21101081
2011|youth_c|B01|21101|3,18,84,90,7,21101084,21101090
2011|youth_c|B01|21101|3,19,92,92,1,21101092,21101092
2011|youth_c|B01|21101|3,20,94,95,2,21101094,21101095
2011|youth_c|B01|21101|3,21,99,107,9,21101099,21101107
2011|youth_c|B01|21101|3,22,111,113,3,21101111,21101113
2011|youth_c|B01|21101|3,23,116,122,7,21101116,21101122
2011|youth_c|B01|21101|3,24,125,126,2,21101125,21101126
2011|youth_c|B01|21101|3,25,128,128,1,21101128,21101128
2011|youth_c|B01|21101|3,26,130,134,5,21101130,21101134
2011|youth_c|B01|21101|3,27,136,137,2,21101136,21101137
2011|youth_c|B01|21101|3,28,139,140,2,21101139,21101140
2011|youth_c|B01|21101|3,29,143,145,3,21101143,21101145
2011|youth_c|B01|21101|3,30,147,150,4,21101147,21101150
2011|youth_c|B01|21101|3,31,152,152,1,21101152,21101152
2011|youth_c|B01|21101|3,32,158,158,1,21101158,21101158
2011|youth_c|B01|21101|3,33,161,162,2,21101161,21101162
2011|youth_c|B01|21101|3,34,166,166,1,21101166,21101166
2011|youth_c|B01|21101|3,35,169,170,2,21101169,21101170
2011|youth_c|B01|21101|3,36,173,173,1,21101173,21101173
2011|youth_c|B01|21101|3,37,175,175,1,21101175,21101175
2011|youth_c|B01|21102|3,1,1,1,1,21102001,21102001
2011|youth_c|B01|21102|3,2,4,6,3,21102004,21102006
2011|youth_c|B01|21102|3,3,9,9,1,21102009,21102009
2011|youth_c|B01|21102|3,4,11,13,3,21102011,21102013
2011|youth_c|B01|21102|3,5,16,18,3,21102016,21102018
2011|youth_c|B01|21102|3,6,27,29,3,21102027,21102029
2011|youth_c|B01|21102|3,7,34,34,1,21102034,21102034
2011|youth_c|B01|21102|3,8,36,38,3,21102036,21102038
2011|youth_c|B01|21102|3,9,40,43,4,21102040,21102043
2011|youth_c|B01|21102|3,10,47,48,2,21102047,21102048
2011|youth_c|B01|21102|3,11,51,51,1,21102051,21102051
2011|youth_c|B01|21102|3,12,54,54,1,21102054,21102054
2011|youth_c|B01|21102|3,13,57,57,1,21102057,21102057
2011|youth_c|B01|21102|3,14,59,59,1,21102059,21102059
2011|youth_c|B01|21102|3,15,61,64,4,21102061,21102064
2011|youth_c|B01|21102|3,16,66,67,2,21102066,21102067
2011|youth_c|B01|21102|3,17,71,73,3,21102071,21102073
2011|youth_c|B01|21102|3,18,75,75,1,21102075,21102075
2011|youth_c|B01|21102|3,19,80,80,1,21102080,21102080
2011|youth_c|B01|21102|3,20,85,89,5,21102085,21102089
2011|youth_c|B01|21102|3,21,91,91,1,21102091,21102091
2011|youth_c|B01|21102|3,22,93,93,1,21102093,21102093
2011|youth_c|B01|21102|3,23,97,98,2,21102097,21102098
2011|youth_c|B01|21102|3,24,100,102,3,21102100,21102102
2011|youth_c|B01|21102|3,25,104,105,2,21102104,21102105
2011|youth_c|B01|21102|3,26,107,107,1,21102107,21102107
2011|youth_c|B01|21102|3,27,110,111,2,21102110,21102111
2011|youth_c|B01|21102|3,28,113,117,5,21102113,21102117
2011|youth_c|B01|21102|3,29,119,120,2,21102119,21102120
2011|youth_c|B01|21102|3,30,122,124,3,21102122,21102124
2011|youth_c|B01|21102|3,31,126,126,1,21102126,21102126
2011|youth_c|B01|21102|3,32,129,135,7,21102129,21102135
2011|youth_c|B01|21102|3,33,138,139,2,21102138,21102139
2011|youth_c|B01|21102|3,34,141,142,2,21102141,21102142
2011|youth_c|B01|21102|3,35,144,145,2,21102144,21102145
2011|youth_c|B01|21102|3,36,147,148,2,21102147,21102148
2011|youth_c|B01|21102|3,37,155,155,1,21102155,21102155
2011|youth_c|B01|21102|3,38,160,163,4,21102160,21102163
2011|youth_c|B01|21102|3,39,175,175,1,21102175,21102175
2011|youth_c|B01|21102|3,40,179,179,1,21102179,21102179
2011|youth_c|B01|21102|3,41,186,187,2,21102186,21102187
2011|youth_c|B01|21104|3,1,4,7,4,21104004,21104007
2011|youth_c|B01|21104|3,2,11,12,2,21104011,21104012
2011|youth_c|B01|21104|3,3,15,15,1,21104015,21104015
2011|youth_c|B01|21104|3,4,19,19,1,21104019,21104019
2011|youth_c|B01|21104|3,5,26,26,1,21104026,21104026
2011|youth_c|B01|21104|3,6,36,36,1,21104036,21104036
2011|youth_c|B01|21104|3,7,39,39,1,21104039,21104039
2011|youth_c|B01|21104|3,8,43,43,1,21104043,21104043
2011|youth_c|B01|21104|3,9,46,46,1,21104046,21104046
2011|youth_c|B01|21104|3,10,49,49,1,21104049,21104049
2011|youth_c|B01|21104|3,11,53,53,1,21104053,21104053
2011|youth_c|B01|21104|3,12,59,59,1,21104059,21104059
2011|youth_c|B01|21104|3,13,68,70,3,21104068,21104070
2011|youth_c|B01|21104|3,14,72,74,3,21104072,21104074
2011|youth_c|B01|21104|3,15,78,78,1,21104078,21104078
2011|youth_c|B01|21104|3,16,87,87,1,21104087,21104087
2011|youth_c|B01|21104|3,17,91,92,2,21104091,21104092
2011|youth_c|B01|21104|3,18,96,96,1,21104096,21104096
2011|youth_c|B02|21101|3,1,5,5,1,21101005,21101005
2011|youth_c|B02|21101|3,2,9,9,1,21101009,21101009
2011|youth_c|B02|21101|3,3,51,51,1,21101051,21101051
2011|youth_c|B02|21101|3,4,60,60,1,21101060,21101060
2011|youth_c|B02|21101|3,5,163,163,1,21101163,21101163
2011|youth_c|B02|21103|3,1,5,5,1,21103005,21103005
2011|youth_c|B02|21103|3,2,9,9,1,21103009,21103009
2011|youth_c|B02|21103|3,3,11,12,2,21103011,21103012
2011|youth_c|B02|21103|3,4,17,20,4,21103017,21103020
2011|youth_c|B02|21103|3,5,22,22,1,21103022,21103022
2011|youth_c|B02|21103|3,6,24,24,1,21103024,21103024
2011|youth_c|B02|21103|3,7,28,28,1,21103028,21103028
2011|youth_c|B02|21103|3,8,30,37,8,21103030,21103037
2011|youth_c|B02|21103|3,9,39,39,1,21103039,21103039
2011|youth_c|B02|21103|3,10,41,45,5,21103041,21103045
2011|youth_c|B02|21103|3,11,48,49,2,21103048,21103049
2011|youth_c|B02|21103|3,12,51,57,7,21103051,21103057
2011|youth_c|B02|21103|3,13,60,60,1,21103060,21103060
2011|youth_c|B02|21103|3,14,67,67,1,21103067,21103067
2011|youth_c|B02|21103|3,15,69,71,3,21103069,21103071
2011|youth_c|B02|21103|3,16,74,74,1,21103074,21103074
2011|youth_c|B02|21103|3,17,76,77,2,21103076,21103077
2011|youth_c|B02|21103|3,18,81,81,1,21103081,21103081
2011|youth_c|B02|21103|3,19,85,85,1,21103085,21103085
2011|youth_c|B02|21103|3,20,87,87,1,21103087,21103087
2011|youth_c|B02|21103|3,21,95,95,1,21103095,21103095
2011|youth_c|B02|21103|3,22,99,99,1,21103099,21103099
2011|youth_c|B02|21103|3,23,102,105,4,21103102,21103105
2011|youth_c|B02|21103|3,24,107,109,3,21103107,21103109
2011|youth_c|B02|21103|3,25,111,111,1,21103111,21103111
2011|youth_c|B02|21103|3,26,114,114,1,21103114,21103114
2011|youth_c|B02|21103|3,27,119,119,1,21103119,21103119
2011|youth_c|B02|21103|3,28,121,122,2,21103121,21103122
2011|youth_c|B02|21103|3,29,126,126,1,21103126,21103126
2011|youth_c|B02|21103|3,30,128,128,1,21103128,21103128
2011|youth_c|B02|21103|3,31,131,131,1,21103131,21103131
2011|youth_c|B02|21103|3,32,134,134,1,21103134,21103134
2011|youth_c|B02|21103|3,33,138,139,2,21103138,21103139
2011|youth_c|B02|21103|3,34,141,141,1,21103141,21103141
2011|youth_c|B02|21103|3,35,143,143,1,21103143,21103143
2011|youth_c|B02|21103|3,36,148,150,3,21103148,21103150
2011|youth_c|B02|21103|3,37,152,154,3,21103152,21103154
2011|youth_c|B02|21103|3,38,170,184,15,21103170,21103184
2011|youth_c|B02|21103|3,39,192,193,2,21103192,21103193
2011|youth_c|B02|21103|3,40,197,197,1,21103197,21103197
2011|youth_c|B02|21103|3,41,203,207,5,21103203,21103207
2011|youth_c|B02|21103|3,42,210,210,1,21103210,21103210
2011|youth_c|B02|21103|3,43,212,212,1,21103212,21103212
2011|youth_c|B02|21103|3,44,214,218,5,21103214,21103218
2011|youth_c|B02|21103|3,45,220,220,1,21103220,21103220
2011|youth_c|B02|21103|3,46,228,229,2,21103228,21103229
2011|youth_c|B02|21103|3,47,235,236,2,21103235,21103236
2011|youth_c|B02|21104|3,1,47,47,1,21104047,21104047
2011|youth_c|B02|21104|3,2,66,66,1,21104066,21104066
2011|youth_c|B02|21104|3,3,86,86,1,21104086,21104086
2011|youth_c|B02|21104|3,4,93,93,1,21104093,21104093
2011|youth_c|B03|21101|3,1,11,11,1,21101011,21101011
2011|youth_c|B03|21101|3,2,21,21,1,21101021,21101021
2011|youth_c|B03|21101|3,3,75,75,1,21101075,21101075
2011|youth_c|B03|21101|3,4,78,78,1,21101078,21101078
2011|youth_c|B03|21101|3,5,93,93,1,21101093,21101093
2011|youth_c|B03|21101|3,6,96,96,1,21101096,21101096
2011|youth_c|B03|21101|3,7,98,98,1,21101098,21101098
2011|youth_c|B03|21101|3,8,109,109,1,21101109,21101109
2011|youth_c|B03|21101|3,9,114,114,1,21101114,21101114
2011|youth_c|B03|21101|3,10,123,124,2,21101123,21101124
2011|youth_c|B03|21101|3,11,127,127,1,21101127,21101127
2011|youth_c|B03|21101|3,12,159,159,1,21101159,21101159
2011|youth_c|B03|21101|3,13,174,174,1,21101174,21101174
2011|youth_c|B03|21101|3,14,176,176,1,21101176,21101176
2011|youth_c|B03|21102|3,1,2,2,1,21102002,21102002
2011|youth_c|B03|21102|3,2,19,19,1,21102019,21102019
2011|youth_c|B03|21102|3,3,24,24,1,21102024,21102024
2011|youth_c|B03|21102|3,4,33,33,1,21102033,21102033
2011|youth_c|B03|21102|3,5,50,50,1,21102050,21102050
2011|youth_c|B03|21102|3,6,74,74,1,21102074,21102074
2011|youth_c|B03|21102|3,7,96,96,1,21102096,21102096
2011|youth_c|B03|21102|3,8,164,166,3,21102164,21102166
2011|youth_c|B03|21103|3,1,1,4,4,21103001,21103004
2011|youth_c|B03|21103|3,2,6,7,2,21103006,21103007
2011|youth_c|B03|21103|3,3,10,10,1,21103010,21103010
2011|youth_c|B03|21103|3,4,16,16,1,21103016,21103016
2011|youth_c|B03|21103|3,5,21,21,1,21103021,21103021
2011|youth_c|B03|21103|3,6,23,23,1,21103023,21103023
2011|youth_c|B03|21103|3,7,26,27,2,21103026,21103027
2011|youth_c|B03|21103|3,8,29,29,1,21103029,21103029
2011|youth_c|B03|21103|3,9,38,38,1,21103038,21103038
2011|youth_c|B03|21103|3,10,40,40,1,21103040,21103040
2011|youth_c|B03|21103|3,11,47,47,1,21103047,21103047
2011|youth_c|B03|21103|3,12,50,50,1,21103050,21103050
2011|youth_c|B03|21103|3,13,62,66,5,21103062,21103066
2011|youth_c|B03|21103|3,14,68,68,1,21103068,21103068
2011|youth_c|B03|21103|3,15,72,73,2,21103072,21103073
2011|youth_c|B03|21103|3,16,75,75,1,21103075,21103075
2011|youth_c|B03|21103|3,17,78,80,3,21103078,21103080
2011|youth_c|B03|21103|3,18,82,84,3,21103082,21103084
2011|youth_c|B03|21103|3,19,86,86,1,21103086,21103086
2011|youth_c|B03|21103|3,20,91,91,1,21103091,21103091
2011|youth_c|B03|21103|3,21,93,94,2,21103093,21103094
2011|youth_c|B03|21103|3,22,96,97,2,21103096,21103097
2011|youth_c|B03|21103|3,23,100,101,2,21103100,21103101
2011|youth_c|B03|21103|3,24,106,106,1,21103106,21103106
2011|youth_c|B03|21103|3,25,110,110,1,21103110,21103110
2011|youth_c|B03|21103|3,26,112,112,1,21103112,21103112
2011|youth_c|B03|21103|3,27,116,118,3,21103116,21103118
2011|youth_c|B03|21103|3,28,120,120,1,21103120,21103120
2011|youth_c|B03|21103|3,29,123,123,1,21103123,21103123
2011|youth_c|B03|21103|3,30,125,125,1,21103125,21103125
2011|youth_c|B03|21103|3,31,127,127,1,21103127,21103127
2011|youth_c|B03|21103|3,32,129,130,2,21103129,21103130
2011|youth_c|B03|21103|3,33,132,133,2,21103132,21103133
2011|youth_c|B03|21103|3,34,136,137,2,21103136,21103137
2011|youth_c|B03|21103|3,35,140,140,1,21103140,21103140
2011|youth_c|B03|21103|3,36,142,142,1,21103142,21103142
2011|youth_c|B03|21103|3,37,144,145,2,21103144,21103145
2011|youth_c|B03|21103|3,38,147,147,1,21103147,21103147
2011|youth_c|B03|21103|3,39,155,169,15,21103155,21103169
2011|youth_c|B03|21103|3,40,185,191,7,21103185,21103191
2011|youth_c|B03|21103|3,41,196,196,1,21103196,21103196
2011|youth_c|B03|21103|3,42,200,202,3,21103200,21103202
2011|youth_c|B03|21103|3,43,208,209,2,21103208,21103209
2011|youth_c|B03|21103|3,44,213,213,1,21103213,21103213
2011|youth_c|B03|21103|3,45,223,224,2,21103223,21103224
2011|youth_c|B03|21103|3,46,226,226,1,21103226,21103226
2011|youth_c|B03|21103|3,47,231,234,4,21103231,21103234
2011|youth_c|B03|21104|3,1,3,3,1,21104003,21104003
2011|youth_c|B03|21104|3,2,13,13,1,21104013,21104013
2011|youth_c|B03|21104|3,3,16,16,1,21104016,21104016
2011|youth_c|B03|21104|3,4,20,21,2,21104020,21104021
2011|youth_c|B03|21104|3,5,32,32,1,21104032,21104032
2011|youth_c|B03|21104|3,6,38,38,1,21104038,21104038
2011|youth_c|B03|21104|3,7,42,42,1,21104042,21104042
2011|youth_c|B03|21104|3,8,54,55,2,21104054,21104055
2011|youth_c|B03|21104|3,9,62,62,1,21104062,21104062
2011|youth_c|B03|21104|3,10,71,71,1,21104071,21104071
2011|youth_c|B03|21104|3,11,79,80,2,21104079,21104080
2011|youth_c|B03|21104|3,12,89,89,1,21104089,21104089
2011|youth_c|B03|21105|3,1,35,35,1,21105035,21105035
2011|youth_c|B03|21105|3,2,129,129,1,21105129,21105129
2011|youth_c|B04|21102|3,1,30,30,1,21102030,21102030
2011|youth_c|B04|21102|3,2,140,140,1,21102140,21102140
2011|youth_c|B04|21102|3,3,157,157,1,21102157,21102157
2011|youth_c|B04|21104|3,1,1,1,1,21104001,21104001
2011|youth_c|B04|21104|3,2,10,10,1,21104010,21104010
2011|youth_c|B04|21104|3,3,18,18,1,21104018,21104018
2011|youth_c|B04|21104|3,4,25,25,1,21104025,21104025
2011|youth_c|B04|21104|3,5,41,41,1,21104041,21104041
2011|youth_c|B04|21104|3,6,56,56,1,21104056,21104056
2011|youth_c|B04|21104|3,7,60,60,1,21104060,21104060
2011|youth_c|B04|21104|3,8,81,84,4,21104081,21104084
2011|youth_c|B04|21104|3,9,94,94,1,21104094,21104094
2011|youth_c|B04|21105|3,1,1,34,34,21105001,21105034
2011|youth_c|B04|21105|3,2,36,82,47,21105036,21105082
2011|youth_c|B04|21105|3,3,84,128,45,21105084,21105128
2011|youth_c|B04|21105|3,4,130,134,5,21105130,21105134
2011|youth_c|B05|21101|3,1,1,1,1,21101001,21101001
2011|youth_c|B05|21101|3,2,4,4,1,21101004,21101004
2011|youth_c|B05|21101|3,3,6,6,1,21101006,21101006
2011|youth_c|B05|21101|3,4,10,10,1,21101010,21101010
2011|youth_c|B05|21101|3,5,17,17,1,21101017,21101017
2011|youth_c|B05|21101|3,6,52,52,1,21101052,21101052
2011|youth_c|B05|21101|3,7,58,58,1,21101058,21101058
2011|youth_c|B05|21101|3,8,61,61,1,21101061,21101061
2011|youth_c|B05|21101|3,9,63,63,1,21101063,21101063
2011|youth_c|B05|21101|3,10,65,65,1,21101065,21101065
2011|youth_c|B05|21101|3,11,70,70,1,21101070,21101070
2011|youth_c|B05|21101|3,12,72,72,1,21101072,21101072
2011|youth_c|B05|21101|3,13,76,76,1,21101076,21101076
2011|youth_c|B05|21101|3,14,97,97,1,21101097,21101097
2011|youth_c|B05|21101|3,15,108,108,1,21101108,21101108
2011|youth_c|B05|21101|3,16,110,110,1,21101110,21101110
2011|youth_c|B05|21101|3,17,115,115,1,21101115,21101115
2011|youth_c|B05|21101|3,18,135,135,1,21101135,21101135
2011|youth_c|B05|21101|3,19,138,138,1,21101138,21101138
2011|youth_c|B05|21101|3,20,141,142,2,21101141,21101142
2011|youth_c|B05|21101|3,21,151,151,1,21101151,21101151
2011|youth_c|B05|21101|3,22,154,156,3,21101154,21101156
2011|youth_c|B05|21101|3,23,160,160,1,21101160,21101160
2011|youth_c|B05|21101|3,24,164,165,2,21101164,21101165
2011|youth_c|B05|21101|3,25,168,168,1,21101168,21101168
2011|youth_c|B05|21101|3,26,171,172,2,21101171,21101172
2011|youth_c|B05|21102|3,1,14,14,1,21102014,21102014
2011|youth_c|B05|21102|3,2,31,32,2,21102031,21102032
2011|youth_c|B05|21102|3,3,39,39,1,21102039,21102039
2011|youth_c|B05|21102|3,4,68,68,1,21102068,21102068
2011|youth_c|B05|21102|3,5,79,79,1,21102079,21102079
2011|youth_c|B05|21102|3,6,99,99,1,21102099,21102099
2011|youth_c|B05|21102|3,7,112,112,1,21102112,21102112
2011|youth_c|B05|21102|3,8,118,118,1,21102118,21102118
2011|youth_c|B05|21102|3,9,121,121,1,21102121,21102121
2011|youth_c|B05|21102|3,10,127,127,1,21102127,21102127
2011|youth_c|B05|21102|3,11,150,150,1,21102150,21102150
2011|youth_c|B05|21102|3,12,156,156,1,21102156,21102156
2011|youth_c|B05|21102|3,13,171,171,1,21102171,21102171
2011|youth_c|B05|21104|3,1,2,2,1,21104002,21104002
2011|youth_c|B05|21104|3,2,8,9,2,21104008,21104009
2011|youth_c|B05|21104|3,3,14,14,1,21104014,21104014
2011|youth_c|B05|21104|3,4,17,17,1,21104017,21104017
2011|youth_c|B05|21104|3,5,22,24,3,21104022,21104024
2011|youth_c|B05|21104|3,6,27,31,5,21104027,21104031
2011|youth_c|B05|21104|3,7,33,35,3,21104033,21104035
2011|youth_c|B05|21104|3,8,37,37,1,21104037,21104037
2011|youth_c|B05|21104|3,9,40,40,1,21104040,21104040
2011|youth_c|B05|21104|3,10,44,45,2,21104044,21104045
2011|youth_c|B05|21104|3,11,48,48,1,21104048,21104048
2011|youth_c|B05|21104|3,12,50,52,3,21104050,21104052
2011|youth_c|B05|21104|3,13,57,58,2,21104057,21104058
2011|youth_c|B05|21104|3,14,61,61,1,21104061,21104061
2011|youth_c|B05|21104|3,15,64,65,2,21104064,21104065
2011|youth_c|B05|21104|3,16,67,67,1,21104067,21104067
2011|youth_c|B05|21104|3,17,75,77,3,21104075,21104077
2011|youth_c|B05|21104|3,18,85,85,1,21104085,21104085
2011|youth_c|B05|21104|3,19,88,88,1,21104088,21104088
2011|youth_c|B05|21104|3,20,90,90,1,21104090,21104090
2011|youth_c|B05|21104|3,21,95,95,1,21104095,21104095
2011|youth_c|B05|21104|3,22,97,99,3,21104097,21104099
2011|youth_c|B06|21101|3,1,24,24,1,21101024,21101024
2011|youth_c|B06|21101|3,2,40,40,1,21101040,21101040
2011|youth_c|B06|21101|3,3,82,83,2,21101082,21101083
2011|youth_c|B06|21101|3,4,129,129,1,21101129,21101129
2011|youth_c|B06|21101|3,5,157,157,1,21101157,21101157
2011|youth_c|B06|21103|3,1,198,198,1,21103198,21103198
2011|youth_c|B06|21107|3,1,1,147,147,21107001,21107147
2011|youth_c|B07|21101|3,1,2,2,1,21101002,21101002
2011|youth_c|B07|21101|3,2,8,8,1,21101008,21101008
2011|youth_c|B07|21101|3,3,28,28,1,21101028,21101028
2011|youth_c|B07|21101|3,4,33,34,2,21101033,21101034
2011|youth_c|B07|21101|3,5,56,57,2,21101056,21101057
2011|youth_c|B07|21101|3,6,69,69,1,21101069,21101069
2011|youth_c|B07|21101|3,7,71,71,1,21101071,21101071
2011|youth_c|B07|21101|3,8,91,91,1,21101091,21101091
2011|youth_c|B07|21101|3,9,146,146,1,21101146,21101146
2011|youth_c|B07|21101|3,10,153,153,1,21101153,21101153
2011|youth_c|B07|21102|3,1,3,3,1,21102003,21102003
2011|youth_c|B07|21102|3,2,7,8,2,21102007,21102008
2011|youth_c|B07|21102|3,3,10,10,1,21102010,21102010
2011|youth_c|B07|21102|3,4,15,15,1,21102015,21102015
2011|youth_c|B07|21102|3,5,20,23,4,21102020,21102023
2011|youth_c|B07|21102|3,6,25,26,2,21102025,21102026
2011|youth_c|B07|21102|3,7,35,35,1,21102035,21102035
2011|youth_c|B07|21102|3,8,44,46,3,21102044,21102046
2011|youth_c|B07|21102|3,9,49,49,1,21102049,21102049
2011|youth_c|B07|21102|3,10,52,53,2,21102052,21102053
2011|youth_c|B07|21102|3,11,55,56,2,21102055,21102056
2011|youth_c|B07|21102|3,12,58,58,1,21102058,21102058
2011|youth_c|B07|21102|3,13,60,60,1,21102060,21102060
2011|youth_c|B07|21102|3,14,65,65,1,21102065,21102065
2011|youth_c|B07|21102|3,15,69,70,2,21102069,21102070
2011|youth_c|B07|21102|3,16,76,78,3,21102076,21102078
2011|youth_c|B07|21102|3,17,81,84,4,21102081,21102084
2011|youth_c|B07|21102|3,18,90,90,1,21102090,21102090
2011|youth_c|B07|21102|3,19,92,92,1,21102092,21102092
2011|youth_c|B07|21102|3,20,94,95,2,21102094,21102095
2011|youth_c|B07|21102|3,21,103,103,1,21102103,21102103
2011|youth_c|B07|21102|3,22,106,106,1,21102106,21102106
2011|youth_c|B07|21102|3,23,108,109,2,21102108,21102109
2011|youth_c|B07|21102|3,24,125,125,1,21102125,21102125
2011|youth_c|B07|21102|3,25,128,128,1,21102128,21102128
2011|youth_c|B07|21102|3,26,136,137,2,21102136,21102137
2011|youth_c|B07|21102|3,27,143,143,1,21102143,21102143
2011|youth_c|B07|21102|3,28,146,146,1,21102146,21102146
2011|youth_c|B07|21102|3,29,149,149,1,21102149,21102149
2011|youth_c|B07|21102|3,30,152,152,1,21102152,21102152
2011|youth_c|B07|21102|3,31,154,154,1,21102154,21102154
2011|youth_c|B07|21102|3,32,158,159,2,21102158,21102159
2011|youth_c|B07|21102|3,33,167,170,4,21102167,21102170
2011|youth_c|B07|21102|3,34,172,174,3,21102172,21102174
2011|youth_c|B07|21102|3,35,176,177,2,21102176,21102177
2011|youth_c|B07|21102|3,36,180,185,6,21102180,21102185
2011|youth_c|B07|21103|3,1,59,59,1,21103059,21103059
2011|youth_c|B07|21103|3,2,61,61,1,21103061,21103061
2011|youth_c|B07|21103|3,3,88,88,1,21103088,21103088
2011|youth_c|B07|21103|3,4,98,98,1,21103098,21103098
2011|youth_c|B07|21103|3,5,113,113,1,21103113,21103113
2011|youth_c|B07|21103|3,6,115,115,1,21103115,21103115
2011|youth_c|B07|21103|3,7,195,195,1,21103195,21103195
2011|youth_c|B07|21103|3,8,199,199,1,21103199,21103199
2011|youth_c|B07|21103|3,9,219,219,1,21103219,21103219
2011|youth_c|B07|21103|3,10,230,230,1,21103230,21103230
2011|youth_c|B08|21102|3,1,178,178,1,21102178,21102178
2011|youth_c|B08|21103|3,1,15,15,1,21103015,21103015
2011|youth_c|B08|21103|3,2,135,135,1,21103135,21103135
2011|youth_c|B08|21103|3,3,146,146,1,21103146,21103146
2011|youth_c|B08|21103|3,4,151,151,1,21103151,21103151
2011|youth_c|B08|21106|3,1,1,148,148,21106001,21106148
2011|youth_c|B08|21106|3,2,150,191,42,21106150,21106191
2011|youth_c|B09|21103|3,1,8,8,1,21103008,21103008
2011|youth_c|B09|21103|3,2,13,14,2,21103013,21103014
2011|youth_c|B09|21103|3,3,25,25,1,21103025,21103025
2011|youth_c|B09|21103|3,4,46,46,1,21103046,21103046
2011|youth_c|B09|21103|3,5,58,58,1,21103058,21103058
2011|youth_c|B09|21103|3,6,89,90,2,21103089,21103090
2011|youth_c|B09|21103|3,7,92,92,1,21103092,21103092
2011|youth_c|B09|21103|3,8,124,124,1,21103124,21103124
2011|youth_c|B09|21103|3,9,194,194,1,21103194,21103194
2011|youth_c|B09|21103|3,10,211,211,1,21103211,21103211
2011|youth_c|B09|21103|3,11,222,222,1,21103222,21103222
2011|youth_c|B09|21103|3,12,225,225,1,21103225,21103225
2011|youth_c|B09|21103|3,13,227,227,1,21103227,21103227
2011|youth_c|B09|21104|3,1,63,63,1,21104063,21104063
2012|general|B01|21271|3,1,1,1,1,21271001,21271001
2012|general|B01|21271|3,2,3,5,3,21271003,21271005
2012|general|B01|21271|3,3,9,11,3,21271009,21271011
2012|general|B01|21271|3,4,15,15,1,21271015,21271015
2012|general|B01|21271|3,5,18,21,4,21271018,21271021
2012|general|B01|21271|3,6,23,26,4,21271023,21271026
2012|general|B01|21271|3,7,28,28,1,21271028,21271028
2012|general|B01|21271|3,8,33,34,2,21271033,21271034
2012|general|B01|21271|3,9,37,39,3,21271037,21271039
2012|general|B01|21271|3,10,42,44,3,21271042,21271044
2012|general|B01|21271|3,11,47,47,1,21271047,21271047
2012|general|B01|21271|3,12,50,50,1,21271050,21271050
2012|general|B01|21271|3,13,52,52,1,21271052,21271052
2012|general|B01|21271|3,14,56,58,3,21271056,21271058
2012|general|B01|21271|3,15,60,62,3,21271060,21271062
2012|general|B01|21271|3,16,67,68,2,21271067,21271068
2012|general|B01|21271|3,17,70,70,1,21271070,21271070
2012|general|B01|21271|3,18,73,73,1,21271073,21271073
2012|general|B01|21271|3,19,81,83,3,21271081,21271083
2012|general|B01|21271|3,20,85,85,1,21271085,21271085
2012|general|B01|21271|3,21,89,89,1,21271089,21271089
2012|general|B01|21271|3,22,91,92,2,21271091,21271092
2012|general|B01|21271|3,23,95,99,5,21271095,21271099
2012|general|B01|21271|3,24,102,103,2,21271102,21271103
2012|general|B01|21271|3,25,105,107,3,21271105,21271107
2012|general|B01|21271|3,26,110,110,1,21271110,21271110
2012|general|B01|21271|3,27,112,112,1,21271112,21271112
2012|general|B01|21271|3,28,115,115,1,21271115,21271115
2012|general|B01|21271|3,29,117,117,1,21271117,21271117
2012|general|B01|21271|3,30,119,120,2,21271119,21271120
2012|general|B01|21271|3,31,124,124,1,21271124,21271124
2012|general|B01|21271|3,32,126,130,5,21271126,21271130
2012|general|B01|21271|3,33,133,140,8,21271133,21271140
2012|general|B01|21271|3,34,142,144,3,21271142,21271144
2012|general|B01|21271|3,35,147,149,3,21271147,21271149
2012|general|B01|21271|3,36,151,151,1,21271151,21271151
2012|general|B01|21271|3,37,156,157,2,21271156,21271157
2012|general|B01|21271|3,38,159,159,1,21271159,21271159
2012|general|B01|21271|3,39,162,163,2,21271162,21271163
2012|general|B01|21271|3,40,165,167,3,21271165,21271167
2012|general|B01|21271|3,41,170,174,5,21271170,21271174
2012|general|B01|21271|3,42,176,176,1,21271176,21271176
2012|general|B01|21271|3,43,179,179,1,21271179,21271179
2012|general|B01|21271|3,44,181,181,1,21271181,21271181
2012|general|B01|21271|3,45,184,184,1,21271184,21271184
2012|general|B01|21271|3,46,186,192,7,21271186,21271192
2012|general|B01|21272|3,1,1,7,7,21272001,21272007
2012|general|B01|21272|3,2,9,14,6,21272009,21272014
2012|general|B01|21272|3,3,21,22,2,21272021,21272022
2012|general|B01|21272|3,4,24,24,1,21272024,21272024
2012|general|B01|21272|3,5,26,26,1,21272026,21272026
2012|general|B01|21272|3,6,28,28,1,21272028,21272028
2012|general|B01|21272|3,7,34,40,7,21272034,21272040
2012|general|B01|21272|3,8,42,42,1,21272042,21272042
2012|general|B01|21272|3,9,44,45,2,21272044,21272045
2012|general|B01|21272|3,10,47,47,1,21272047,21272047
2012|general|B01|21272|3,11,49,49,1,21272049,21272049
2012|general|B01|21272|3,12,52,55,4,21272052,21272055
2012|general|B01|21272|3,13,57,57,1,21272057,21272057
2012|general|B01|21272|3,14,60,61,2,21272060,21272061
2012|general|B01|21272|3,15,65,70,6,21272065,21272070
2012|general|B01|21272|3,16,74,74,1,21272074,21272074
2012|general|B01|21272|3,17,77,80,4,21272077,21272080
2012|general|B01|21272|3,18,84,88,5,21272084,21272088
2012|general|B01|21272|3,19,93,93,1,21272093,21272093
2012|general|B01|21272|3,20,95,102,8,21272095,21272102
2012|general|B01|21272|3,21,106,106,1,21272106,21272106
2012|general|B01|21272|3,22,109,110,2,21272109,21272110
2012|general|B01|21272|3,23,112,112,1,21272112,21272112
2012|general|B01|21272|3,24,115,115,1,21272115,21272115
2012|general|B01|21272|3,25,117,123,7,21272117,21272123
2012|general|B01|21272|3,26,125,125,1,21272125,21272125
2012|general|B01|21272|3,27,130,130,1,21272130,21272130
2012|general|B01|21272|3,28,132,132,1,21272132,21272132
2012|general|B01|21272|3,29,137,139,3,21272137,21272139
2012|general|B01|21272|3,30,141,143,3,21272141,21272143
2012|general|B01|21272|3,31,145,153,9,21272145,21272153
2012|general|B01|21272|3,32,155,158,4,21272155,21272158
2012|general|B01|21272|3,33,160,162,3,21272160,21272162
2012|general|B01|21272|3,34,164,170,7,21272164,21272170
2012|general|B01|21272|3,35,172,178,7,21272172,21272178
2012|general|B01|21272|3,36,182,184,3,21272182,21272184
2012|general|B01|21272|3,37,186,186,1,21272186,21272186
2012|general|B01|21272|3,38,189,193,5,21272189,21272193
2012|general|B01|21272|3,39,197,205,9,21272197,21272205
2012|general|B01|21272|3,40,208,208,1,21272208,21272208
2012|general|B01|21272|3,41,214,218,5,21272214,21272218
2012|general|B01|21272|3,42,221,222,2,21272221,21272222
2012|general|B01|21272|3,43,226,228,3,21272226,21272228
2012|general|B01|21272|3,44,230,234,5,21272230,21272234
2012|general|B01|21272|3,45,236,239,4,21272236,21272239
2012|general|B01|21272|3,46,243,243,1,21272243,21272243
2012|general|B01|21272|3,47,247,257,11,21272247,21272257
2012|general|B01|21272|3,48,259,259,1,21272259,21272259
2012|general|B01|21272|3,49,267,268,2,21272267,21272268
2012|general|B01|21272|3,50,271,272,2,21272271,21272272
2012|general|B01|21272|3,51,274,274,1,21272274,21272274
2012|general|B01|21272|3,52,280,284,5,21272280,21272284
2012|general|B01|21272|3,53,293,293,1,21272293,21272293
2012|general|B01|21274|3,1,3,3,1,21274003,21274003
2012|general|B01|21274|3,2,8,8,1,21274008,21274008
2012|general|B01|21274|3,3,12,12,1,21274012,21274012
2012|general|B01|21274|3,4,15,15,1,21274015,21274015
2012|general|B01|21274|3,5,20,21,2,21274020,21274021
2012|general|B01|21274|3,6,23,25,3,21274023,21274025
2012|general|B01|21274|3,7,32,32,1,21274032,21274032
2012|general|B01|21274|3,8,34,34,1,21274034,21274034
2012|general|B01|21274|3,9,37,37,1,21274037,21274037
2012|general|B01|21274|3,10,39,41,3,21274039,21274041
2012|general|B01|21274|3,11,44,45,2,21274044,21274045
2012|general|B01|21274|3,12,47,47,1,21274047,21274047
2012|general|B01|21274|3,13,50,50,1,21274050,21274050
2012|general|B01|21274|3,14,53,55,3,21274053,21274055
2012|general|B01|21274|3,15,66,66,1,21274066,21274066
2012|general|B01|21274|3,16,70,70,1,21274070,21274070
2012|general|B01|21274|3,17,76,76,1,21274076,21274076
2012|general|B01|21274|3,18,80,80,1,21274080,21274080
2012|general|B01|21274|3,19,84,84,1,21274084,21274084
2012|general|B01|21274|3,20,93,93,1,21274093,21274093
2012|general|B01|21274|3,21,96,97,2,21274096,21274097
2012|general|B01|21274|3,22,102,102,1,21274102,21274102
2012|general|B01|21274|3,23,106,106,1,21274106,21274106
2012|general|B01|21274|3,24,110,110,1,21274110,21274110
2012|general|B01|21274|3,25,112,112,1,21274112,21274112
2012|general|B01|21274|3,26,116,116,1,21274116,21274116
2012|general|B01|21274|3,27,120,123,4,21274120,21274123
2012|general|B01|21274|3,28,128,128,1,21274128,21274128
2012|general|B01|21274|3,29,133,133,1,21274133,21274133
2012|general|B01|21274|3,30,135,136,2,21274135,21274136
2012|general|B01|21274|3,31,139,139,1,21274139,21274139
2012|general|B01|21274|3,32,142,145,4,21274142,21274145
2012|general|B01|21274|3,33,155,155,1,21274155,21274155
2012|general|B01|21274|3,34,162,163,2,21274162,21274163
2012|general|B01|21274|3,35,166,168,3,21274166,21274168
2012|general|B02|21271|3,1,27,27,1,21271027,21271027
2012|general|B02|21271|3,2,71,71,1,21271071,21271071
2012|general|B02|21271|3,3,160,160,1,21271160,21271160
2012|general|B02|21271|3,4,182,182,1,21271182,21271182
2012|general|B02|21273|3,1,1,2,2,21273001,21273002
2012|general|B02|21273|3,2,4,7,4,21273004,21273007
2012|general|B02|21273|3,3,13,15,3,21273013,21273015
2012|general|B02|21273|3,4,17,18,2,21273017,21273018
2012|general|B02|21273|3,5,22,22,1,21273022,21273022
2012|general|B02|21273|3,6,24,24,1,21273024,21273024
2012|general|B02|21273|3,7,26,27,2,21273026,21273027
2012|general|B02|21273|3,8,31,31,1,21273031,21273031
2012|general|B02|21273|3,9,34,40,7,21273034,21273040
2012|general|B02|21273|3,10,43,44,2,21273043,21273044
2012|general|B02|21273|3,11,46,47,2,21273046,21273047
2012|general|B02|21273|3,12,49,49,1,21273049,21273049
2012|general|B02|21273|3,13,52,53,2,21273052,21273053
2012|general|B02|21273|3,14,57,57,1,21273057,21273057
2012|general|B02|21273|3,15,60,60,1,21273060,21273060
2012|general|B02|21273|3,16,64,64,1,21273064,21273064
2012|general|B02|21273|3,17,66,68,3,21273066,21273068
2012|general|B02|21273|3,18,71,72,2,21273071,21273072
2012|general|B02|21273|3,19,75,80,6,21273075,21273080
2012|general|B02|21273|3,20,84,84,1,21273084,21273084
2012|general|B02|21273|3,21,86,86,1,21273086,21273086
2012|general|B02|21273|3,22,97,97,1,21273097,21273097
2012|general|B02|21273|3,23,105,114,10,21273105,21273114
2012|general|B02|21273|3,24,116,117,2,21273116,21273117
2012|general|B02|21273|3,25,119,120,2,21273119,21273120
2012|general|B02|21273|3,26,123,123,1,21273123,21273123
2012|general|B02|21273|3,27,125,128,4,21273125,21273128
2012|general|B02|21273|3,28,132,135,4,21273132,21273135
2012|general|B02|21273|3,29,137,137,1,21273137,21273137
2012|general|B02|21273|3,30,141,144,4,21273141,21273144
2012|general|B02|21273|3,31,149,153,5,21273149,21273153
2012|general|B02|21273|3,32,156,157,2,21273156,21273157
2012|general|B02|21273|3,33,159,162,4,21273159,21273162
2012|general|B02|21273|3,34,164,166,3,21273164,21273166
2012|general|B02|21273|3,35,169,169,1,21273169,21273169
2012|general|B02|21273|3,36,173,173,1,21273173,21273173
2012|general|B02|21273|3,37,178,178,1,21273178,21273178
2012|general|B02|21273|3,38,180,184,5,21273180,21273184
2012|general|B02|21273|3,39,192,195,4,21273192,21273195
2012|general|B02|21273|3,40,197,199,3,21273197,21273199
2012|general|B02|21273|3,41,205,205,1,21273205,21273205
2012|general|B02|21273|3,42,214,215,2,21273214,21273215
2012|general|B02|21273|3,43,220,223,4,21273220,21273223
2012|general|B02|21273|3,44,225,231,7,21273225,21273231
2012|general|B02|21273|3,45,235,235,1,21273235,21273235
2012|general|B02|21273|3,46,238,239,2,21273238,21273239
2012|general|B02|21273|3,47,241,242,2,21273241,21273242
2012|general|B02|21273|3,48,244,245,2,21273244,21273245
2012|general|B02|21273|3,49,248,250,3,21273248,21273250
2012|general|B02|21273|3,50,255,255,1,21273255,21273255
2012|general|B02|21273|3,51,257,257,1,21273257,21273257
2012|general|B02|21273|3,52,260,260,1,21273260,21273260
2012|general|B02|21273|3,53,263,266,4,21273263,21273266
2012|general|B02|21273|3,54,270,273,4,21273270,21273273
2012|general|B02|21273|3,55,276,276,1,21273276,21273276
2012|general|B02|21273|3,56,281,281,1,21273281,21273281
2012|general|B02|21273|3,57,285,286,2,21273285,21273286
2012|general|B02|21273|3,58,288,290,3,21273288,21273290
2012|general|B02|21273|3,59,292,293,2,21273292,21273293
2012|general|B02|21274|3,1,6,6,1,21274006,21274006
2012|general|B02|21274|3,2,68,68,1,21274068,21274068
2012|general|B02|21274|3,3,88,89,2,21274088,21274089
2012|general|B02|21274|3,4,101,101,1,21274101,21274101
2012|general|B02|21275|3,1,16,16,1,21275016,21275016
2012|general|B02|21275|3,2,140,140,1,21275140,21275140
2012|general|B03|21271|3,1,32,32,1,21271032,21271032
2012|general|B03|21271|3,2,48,48,1,21271048,21271048
2012|general|B03|21271|3,3,75,75,1,21271075,21271075
2012|general|B03|21271|3,4,84,84,1,21271084,21271084
2012|general|B03|21271|3,5,123,123,1,21271123,21271123
2012|general|B03|21271|3,6,125,125,1,21271125,21271125
2012|general|B03|21271|3,7,141,141,1,21271141,21271141
2012|general|B03|21271|3,8,150,150,1,21271150,21271150
2012|general|B03|21271|3,9,155,155,1,21271155,21271155
2012|general|B03|21272|3,1,50,50,1,21272050,21272050
2012|general|B03|21272|3,2,63,63,1,21272063,21272063
2012|general|B03|21272|3,3,124,124,1,21272124,21272124
2012|general|B03|21272|3,4,180,180,1,21272180,21272180
2012|general|B03|21272|3,5,211,211,1,21272211,21272211
2012|general|B03|21272|3,6,223,224,2,21272223,21272224
2012|general|B03|21273|3,1,3,3,1,21273003,21273003
2012|general|B03|21273|3,2,8,12,5,21273008,21273012
2012|general|B03|21273|3,3,16,16,1,21273016,21273016
2012|general|B03|21273|3,4,20,21,2,21273020,21273021
2012|general|B03|21273|3,5,28,28,1,21273028,21273028
2012|general|B03|21273|3,6,30,30,1,21273030,21273030
2012|general|B03|21273|3,7,33,33,1,21273033,21273033
2012|general|B03|21273|3,8,41,42,2,21273041,21273042
2012|general|B03|21273|3,9,45,45,1,21273045,21273045
2012|general|B03|21273|3,10,50,51,2,21273050,21273051
2012|general|B03|21273|3,11,56,56,1,21273056,21273056
2012|general|B03|21273|3,12,61,63,3,21273061,21273063
2012|general|B03|21273|3,13,65,65,1,21273065,21273065
2012|general|B03|21273|3,14,69,70,2,21273069,21273070
2012|general|B03|21273|3,15,73,74,2,21273073,21273074
2012|general|B03|21273|3,16,81,83,3,21273081,21273083
2012|general|B03|21273|3,17,88,89,2,21273088,21273089
2012|general|B03|21273|3,18,91,96,6,21273091,21273096
2012|general|B03|21273|3,19,98,100,3,21273098,21273100
2012|general|B03|21273|3,20,102,104,3,21273102,21273104
2012|general|B03|21273|3,21,115,115,1,21273115,21273115
2012|general|B03|21273|3,22,118,118,1,21273118,21273118
2012|general|B03|21273|3,23,122,122,1,21273122,21273122
2012|general|B03|21273|3,24,124,124,1,21273124,21273124
2012|general|B03|21273|3,25,130,131,2,21273130,21273131
2012|general|B03|21273|3,26,138,140,3,21273138,21273140
2012|general|B03|21273|3,27,145,145,1,21273145,21273145
2012|general|B03|21273|3,28,154,155,2,21273154,21273155
2012|general|B03|21273|3,29,158,158,1,21273158,21273158
2012|general|B03|21273|3,30,170,172,3,21273170,21273172
2012|general|B03|21273|3,31,174,177,4,21273174,21273177
2012|general|B03|21273|3,32,179,179,1,21273179,21273179
2012|general|B03|21273|3,33,186,186,1,21273186,21273186
2012|general|B03|21273|3,34,188,191,4,21273188,21273191
2012|general|B03|21273|3,35,196,196,1,21273196,21273196
2012|general|B03|21273|3,36,200,203,4,21273200,21273203
2012|general|B03|21273|3,37,206,213,8,21273206,21273213
2012|general|B03|21273|3,38,218,219,2,21273218,21273219
2012|general|B03|21273|3,39,224,224,1,21273224,21273224
2012|general|B03|21273|3,40,232,234,3,21273232,21273234
2012|general|B03|21273|3,41,236,237,2,21273236,21273237
2012|general|B03|21273|3,42,240,240,1,21273240,21273240
2012|general|B03|21273|3,43,243,243,1,21273243,21273243
2012|general|B03|21273|3,44,246,247,2,21273246,21273247
2012|general|B03|21273|3,45,252,253,2,21273252,21273253
2012|general|B03|21273|3,46,256,256,1,21273256,21273256
2012|general|B03|21273|3,47,258,259,2,21273258,21273259
2012|general|B03|21273|3,48,261,262,2,21273261,21273262
2012|general|B03|21273|3,49,267,269,3,21273267,21273269
2012|general|B03|21273|3,50,274,274,1,21273274,21273274
2012|general|B03|21273|3,51,277,278,2,21273277,21273278
2012|general|B03|21273|3,52,280,280,1,21273280,21273280
2012|general|B03|21273|3,53,282,282,1,21273282,21273282
2012|general|B03|21273|3,54,284,284,1,21273284,21273284
2012|general|B03|21273|3,55,291,291,1,21273291,21273291
2012|general|B03|21274|3,1,9,10,2,21274009,21274010
2012|general|B03|21274|3,2,18,19,2,21274018,21274019
2012|general|B03|21274|3,3,29,31,3,21274029,21274031
2012|general|B03|21274|3,4,56,56,1,21274056,21274056
2012|general|B03|21274|3,5,59,60,2,21274059,21274060
2012|general|B03|21274|3,6,71,71,1,21274071,21274071
2012|general|B03|21274|3,7,77,78,2,21274077,21274078
2012|general|B03|21274|3,8,91,91,1,21274091,21274091
2012|general|B03|21274|3,9,94,95,2,21274094,21274095
2012|general|B03|21274|3,10,103,103,1,21274103,21274103
2012|general|B03|21274|3,11,129,130,2,21274129,21274130
2012|general|B03|21274|3,12,140,141,2,21274140,21274141
2012|general|B03|21274|3,13,146,151,6,21274146,21274151
2012|general|B03|21274|3,14,156,156,1,21274156,21274156
2012|general|B03|21275|3,1,46,46,1,21275046,21275046
2012|general|B03|21275|3,2,61,61,1,21275061,21275061
2012|general|B03|21275|3,3,67,67,1,21275067,21275067
2012|general|B03|21275|3,4,94,94,1,21275094,21275094
2012|general|B03|21275|3,5,101,101,1,21275101,21275101
2012|general|B03|21275|3,6,108,108,1,21275108,21275108
2012|general|B03|21275|3,7,164,164,1,21275164,21275164
2012|general|B04|21271|3,1,54,54,1,21271054,21271054
2012|general|B04|21272|3,1,188,188,1,21272188,21272188
2012|general|B04|21272|3,2,209,209,1,21272209,21272209
2012|general|B04|21272|3,3,262,262,1,21272262,21272262
2012|general|B04|21274|3,1,5,5,1,21274005,21274005
2012|general|B04|21274|3,2,11,11,1,21274011,21274011
2012|general|B04|21274|3,3,38,38,1,21274038,21274038
2012|general|B04|21274|3,4,61,62,2,21274061,21274062
2012|general|B04|21274|3,5,72,72,1,21274072,21274072
2012|general|B04|21274|3,6,107,107,1,21274107,21274107
2012|general|B04|21274|3,7,111,111,1,21274111,21274111
2012|general|B04|21274|3,8,118,118,1,21274118,21274118
2012|general|B04|21274|3,9,152,153,2,21274152,21274153
2012|general|B04|21274|3,10,157,157,1,21274157,21274157
2012|general|B04|21274|3,11,164,164,1,21274164,21274164
2012|general|B04|21275|3,1,1,15,15,21275001,21275015
2012|general|B04|21275|3,2,17,45,29,21275017,21275045
2012|general|B04|21275|3,3,47,60,14,21275047,21275060
2012|general|B04|21275|3,4,62,66,5,21275062,21275066
2012|general|B04|21275|3,5,68,93,26,21275068,21275093
2012|general|B04|21275|3,6,95,100,6,21275095,21275100
2012|general|B04|21275|3,7,102,107,6,21275102,21275107
2012|general|B04|21275|3,8,109,139,31,21275109,21275139
2012|general|B04|21275|3,9,141,163,23,21275141,21275163
2012|general|B04|21275|3,10,165,169,5,21275165,21275169
2012|general|B05|21271|3,1,6,8,3,21271006,21271008
2012|general|B05|21271|3,2,14,14,1,21271014,21271014
2012|general|B05|21271|3,3,16,17,2,21271016,21271017
2012|general|B05|21271|3,4,22,22,1,21271022,21271022
2012|general|B05|21271|3,5,31,31,1,21271031,21271031
2012|general|B05|21271|3,6,35,35,1,21271035,21271035
2012|general|B05|21271|3,7,40,40,1,21271040,21271040
2012|general|B05|21271|3,8,46,46,1,21271046,21271046
2012|general|B05|21271|3,9,49,49,1,21271049,21271049
2012|general|B05|21271|3,10,53,53,1,21271053,21271053
2012|general|B05|21271|3,11,55,55,1,21271055,21271055
2012|general|B05|21271|3,12,63,66,4,21271063,21271066
2012|general|B05|21271|3,13,69,69,1,21271069,21271069
2012|general|B05|21271|3,14,74,74,1,21271074,21271074
2012|general|B05|21271|3,15,76,76,1,21271076,21271076
2012|general|B05|21271|3,16,78,78,1,21271078,21271078
2012|general|B05|21271|3,17,80,80,1,21271080,21271080
2012|general|B05|21271|3,18,87,87,1,21271087,21271087
2012|general|B05|21271|3,19,94,94,1,21271094,21271094
2012|general|B05|21271|3,20,108,109,2,21271108,21271109
2012|general|B05|21271|3,21,111,111,1,21271111,21271111
2012|general|B05|21271|3,22,116,116,1,21271116,21271116
2012|general|B05|21271|3,23,118,118,1,21271118,21271118
2012|general|B05|21271|3,24,145,146,2,21271145,21271146
2012|general|B05|21271|3,25,152,154,3,21271152,21271154
2012|general|B05|21271|3,26,158,158,1,21271158,21271158
2012|general|B05|21271|3,27,161,161,1,21271161,21271161
2012|general|B05|21271|3,28,164,164,1,21271164,21271164
2012|general|B05|21271|3,29,168,169,2,21271168,21271169
2012|general|B05|21271|3,30,175,175,1,21271175,21271175
2012|general|B05|21271|3,31,177,178,2,21271177,21271178
2012|general|B05|21271|3,32,180,180,1,21271180,21271180
2012|general|B05|21271|3,33,183,183,1,21271183,21271183
2012|general|B05|21272|3,1,33,33,1,21272033,21272033
2012|general|B05|21272|3,2,72,73,2,21272072,21272073
2012|general|B05|21272|3,3,111,111,1,21272111,21272111
2012|general|B05|21272|3,4,210,210,1,21272210,21272210
2012|general|B05|21272|3,5,264,264,1,21272264,21272264
2012|general|B05|21272|3,6,292,292,1,21272292,21272292
2012|general|B05|21274|3,1,1,2,2,21274001,21274002
2012|general|B05|21274|3,2,4,4,1,21274004,21274004
2012|general|B05|21274|3,3,7,7,1,21274007,21274007
2012|general|B05|21274|3,4,13,14,2,21274013,21274014
2012|general|B05|21274|3,5,16,17,2,21274016,21274017
2012|general|B05|21274|3,6,22,22,1,21274022,21274022
2012|general|B05|21274|3,7,26,28,3,21274026,21274028
2012|general|B05|21274|3,8,33,33,1,21274033,21274033
2012|general|B05|21274|3,9,35,36,2,21274035,21274036
2012|general|B05|21274|3,10,42,42,1,21274042,21274042
2012|general|B05|21274|3,11,46,46,1,21274046,21274046
2012|general|B05|21274|3,12,48,49,2,21274048,21274049
2012|general|B05|21274|3,13,51,52,2,21274051,21274052
2012|general|B05|21274|3,14,57,58,2,21274057,21274058
2012|general|B05|21274|3,15,63,65,3,21274063,21274065
2012|general|B05|21274|3,16,67,67,1,21274067,21274067
2012|general|B05|21274|3,17,69,69,1,21274069,21274069
2012|general|B05|21274|3,18,73,74,2,21274073,21274074
2012|general|B05|21274|3,19,79,79,1,21274079,21274079
2012|general|B05|21274|3,20,81,81,1,21274081,21274081
2012|general|B05|21274|3,21,83,83,1,21274083,21274083
2012|general|B05|21274|3,22,85,87,3,21274085,21274087
2012|general|B05|21274|3,23,90,90,1,21274090,21274090
2012|general|B05|21274|3,24,92,92,1,21274092,21274092
2012|general|B05|21274|3,25,98,100,3,21274098,21274100
2012|general|B05|21274|3,26,104,105,2,21274104,21274105
2012|general|B05|21274|3,27,108,109,2,21274108,21274109
2012|general|B05|21274|3,28,113,114,2,21274113,21274114
2012|general|B05|21274|3,29,117,117,1,21274117,21274117
2012|general|B05|21274|3,30,119,119,1,21274119,21274119
2012|general|B05|21274|3,31,124,127,4,21274124,21274127
2012|general|B05|21274|3,32,131,132,2,21274131,21274132
2012|general|B05|21274|3,33,134,134,1,21274134,21274134
2012|general|B05|21274|3,34,137,138,2,21274137,21274138
2012|general|B05|21274|3,35,154,154,1,21274154,21274154
2012|general|B05|21274|3,36,158,160,3,21274158,21274160
2012|general|B05|21274|3,37,165,165,1,21274165,21274165
2012|general|B05|21274|3,38,169,169,1,21274169,21274169
2012|general|B06|21271|3,1,113,114,2,21271113,21271114
2012|general|B06|21271|3,2,132,132,1,21271132,21271132
2012|general|B06|21276|3,1,16,16,1,21276016,21276016
2012|general|B06|21276|3,2,40,40,1,21276040,21276040
2012|general|B06|21276|3,3,59,59,1,21276059,21276059
2012|general|B06|21276|3,4,164,164,1,21276164,21276164
2012|general|B06|21276|3,5,258,258,1,21276258,21276258
2012|general|B06|21277|3,1,1,178,178,21277001,21277178
2012|general|B07|21271|3,1,2,2,1,21271002,21271002
2012|general|B07|21271|3,2,12,13,2,21271012,21271013
2012|general|B07|21271|3,3,29,30,2,21271029,21271030
2012|general|B07|21271|3,4,36,36,1,21271036,21271036
2012|general|B07|21271|3,5,41,41,1,21271041,21271041
2012|general|B07|21271|3,6,45,45,1,21271045,21271045
2012|general|B07|21271|3,7,51,51,1,21271051,21271051
2012|general|B07|21271|3,8,59,59,1,21271059,21271059
2012|general|B07|21271|3,9,72,72,1,21271072,21271072
2012|general|B07|21271|3,10,77,77,1,21271077,21271077
2012|general|B07|21271|3,11,79,79,1,21271079,21271079
2012|general|B07|21271|3,12,86,86,1,21271086,21271086
2012|general|B07|21271|3,13,88,88,1,21271088,21271088
2012|general|B07|21271|3,14,90,90,1,21271090,21271090
2012|general|B07|21271|3,15,93,93,1,21271093,21271093
2012|general|B07|21271|3,16,100,101,2,21271100,21271101
2012|general|B07|21271|3,17,104,104,1,21271104,21271104
2012|general|B07|21271|3,18,121,122,2,21271121,21271122
2012|general|B07|21271|3,19,131,131,1,21271131,21271131
2012|general|B07|21271|3,20,185,185,1,21271185,21271185
2012|general|B07|21272|3,1,8,8,1,21272008,21272008
2012|general|B07|21272|3,2,15,18,4,21272015,21272018
2012|general|B07|21272|3,3,20,20,1,21272020,21272020
2012|general|B07|21272|3,4,23,23,1,21272023,21272023
2012|general|B07|21272|3,5,25,25,1,21272025,21272025
2012|general|B07|21272|3,6,27,27,1,21272027,21272027
2012|general|B07|21272|3,7,29,29,1,21272029,21272029
2012|general|B07|21272|3,8,31,32,2,21272031,21272032
2012|general|B07|21272|3,9,41,41,1,21272041,21272041
2012|general|B07|21272|3,10,43,43,1,21272043,21272043
2012|general|B07|21272|3,11,46,46,1,21272046,21272046
2012|general|B07|21272|3,12,48,48,1,21272048,21272048
2012|general|B07|21272|3,13,56,56,1,21272056,21272056
2012|general|B07|21272|3,14,58,59,2,21272058,21272059
2012|general|B07|21272|3,15,62,62,1,21272062,21272062
2012|general|B07|21272|3,16,64,64,1,21272064,21272064
2012|general|B07|21272|3,17,71,71,1,21272071,21272071
2012|general|B07|21272|3,18,75,76,2,21272075,21272076
2012|general|B07|21272|3,19,81,83,3,21272081,21272083
2012|general|B07|21272|3,20,89,92,4,21272089,21272092
2012|general|B07|21272|3,21,94,94,1,21272094,21272094
2012|general|B07|21272|3,22,103,105,3,21272103,21272105
2012|general|B07|21272|3,23,107,108,2,21272107,21272108
2012|general|B07|21272|3,24,113,114,2,21272113,21272114
2012|general|B07|21272|3,25,116,116,1,21272116,21272116
2012|general|B07|21272|3,26,126,129,4,21272126,21272129
2012|general|B07|21272|3,27,131,131,1,21272131,21272131
2012|general|B07|21272|3,28,133,136,4,21272133,21272136
2012|general|B07|21272|3,29,140,140,1,21272140,21272140
2012|general|B07|21272|3,30,144,144,1,21272144,21272144
2012|general|B07|21272|3,31,154,154,1,21272154,21272154
2012|general|B07|21272|3,32,159,159,1,21272159,21272159
2012|general|B07|21272|3,33,163,163,1,21272163,21272163
2012|general|B07|21272|3,34,171,171,1,21272171,21272171
2012|general|B07|21272|3,35,179,179,1,21272179,21272179
2012|general|B07|21272|3,36,181,181,1,21272181,21272181
2012|general|B07|21272|3,37,185,185,1,21272185,21272185
2012|general|B07|21272|3,38,187,187,1,21272187,21272187
2012|general|B07|21272|3,39,194,196,3,21272194,21272196
2012|general|B07|21272|3,40,206,207,2,21272206,21272207
2012|general|B07|21272|3,41,212,213,2,21272212,21272213
2012|general|B07|21272|3,42,219,220,2,21272219,21272220
2012|general|B07|21272|3,43,225,225,1,21272225,21272225
2012|general|B07|21272|3,44,229,229,1,21272229,21272229
2012|general|B07|21272|3,45,235,235,1,21272235,21272235
2012|general|B07|21272|3,46,240,242,3,21272240,21272242
2012|general|B07|21272|3,47,244,246,3,21272244,21272246
2012|general|B07|21272|3,48,258,258,1,21272258,21272258
2012|general|B07|21272|3,49,260,261,2,21272260,21272261
2012|general|B07|21272|3,50,263,263,1,21272263,21272263
2012|general|B07|21272|3,51,265,266,2,21272265,21272266
2012|general|B07|21272|3,52,269,270,2,21272269,21272270
2012|general|B07|21272|3,53,273,273,1,21272273,21272273
2012|general|B07|21272|3,54,275,279,5,21272275,21272279
2012|general|B07|21272|3,55,285,291,7,21272285,21272291
2012|general|B07|21273|3,1,23,23,1,21273023,21273023
2012|general|B07|21273|3,2,32,32,1,21273032,21273032
2012|general|B07|21273|3,3,55,55,1,21273055,21273055
2012|general|B07|21273|3,4,59,59,1,21273059,21273059
2012|general|B07|21273|3,5,121,121,1,21273121,21273121
2012|general|B07|21273|3,6,136,136,1,21273136,21273136
2012|general|B07|21273|3,7,148,148,1,21273148,21273148
2012|general|B07|21273|3,8,216,217,2,21273216,21273217
2012|general|B07|21273|3,9,254,254,1,21273254,21273254
2012|general|B07|21273|3,10,275,275,1,21273275,21273275
2012|general|B07|21273|3,11,279,279,1,21273279,21273279
2012|general|B07|21273|3,12,283,283,1,21273283,21273283
2012|general|B07|21273|3,13,287,287,1,21273287,21273287
2012|general|B08|21272|3,1,30,30,1,21272030,21272030
2012|general|B08|21272|3,2,51,51,1,21272051,21272051
2012|general|B08|21273|3,1,48,48,1,21273048,21273048
2012|general|B08|21273|3,2,101,101,1,21273101,21273101
2012|general|B08|21273|3,3,251,251,1,21273251,21273251
2012|general|B08|21276|3,1,1,15,15,21276001,21276015
2012|general|B08|21276|3,2,17,39,23,21276017,21276039
2012|general|B08|21276|3,3,41,58,18,21276041,21276058
2012|general|B08|21276|3,4,60,163,104,21276060,21276163
2012|general|B08|21276|3,5,165,257,93,21276165,21276257
2012|general|B08|21276|3,6,259,291,33,21276259,21276291
2012|general|B09|21273|3,1,19,19,1,21273019,21273019
2012|general|B09|21273|3,2,25,25,1,21273025,21273025
2012|general|B09|21273|3,3,29,29,1,21273029,21273029
2012|general|B09|21273|3,4,54,54,1,21273054,21273054
2012|general|B09|21273|3,5,58,58,1,21273058,21273058
2012|general|B09|21273|3,6,85,85,1,21273085,21273085
2012|general|B09|21273|3,7,87,87,1,21273087,21273087
2012|general|B09|21273|3,8,90,90,1,21273090,21273090
2012|general|B09|21273|3,9,129,129,1,21273129,21273129
2012|general|B09|21273|3,10,146,147,2,21273146,21273147
2012|general|B09|21273|3,11,163,163,1,21273163,21273163
2012|general|B09|21273|3,12,167,168,2,21273167,21273168
2012|general|B09|21273|3,13,185,185,1,21273185,21273185
2012|general|B09|21273|3,14,204,204,1,21273204,21273204
2012|general|B09|21274|3,1,43,43,1,21274043,21274043
2012|general|B09|21274|3,2,75,75,1,21274075,21274075
2012|general|B09|21274|3,3,82,82,1,21274082,21274082
2012|general|B09|21274|3,4,115,115,1,21274115,21274115
2012|general|B09|21274|3,5,161,161,1,21274161,21274161
2012|joint_fund|B01|U1204|3,1,204,205,2,U1204204,U1204205
2012|joint_fund|B01|U1204|3,2,207,207,1,U1204207,U1204207
2012|joint_fund|B01|U1204|3,3,213,213,1,U1204213,U1204213
2012|joint_fund|B02|U1204|3,1,210,210,1,U1204210,U1204210
2012|joint_fund|B03|U1204|3,1,208,209,2,U1204208,U1204209
2012|joint_fund|B03|U1204|3,2,211,211,1,U1204211,U1204211
2012|joint_fund|B04|U1204|3,1,214,214,1,U1204214,U1204214
2012|joint_fund|B05|U1204|3,1,202,203,2,U1204202,U1204203
2012|joint_fund|B05|U1204|3,2,212,212,1,U1204212,U1204212
2012|joint_fund|B07|U1204|3,1,201,201,1,U1204201,U1204201
2012|joint_fund|B07|U1204|3,2,206,206,1,U1204206,U1204206
2012|joint_fund|B08|U1204|3,1,215,215,1,U1204215,U1204215
2012|key|B01|21231|3,1,2,4,3,21231002,21231004
2012|key|B01|21232|3,1,3,4,2,21232003,21232004
2012|key|B01|21232|3,2,6,9,4,21232006,21232009
2012|key|B01|21234|3,1,5,6,2,21234005,21234006
2012|key|B02|21233|3,1,1,1,1,21233001,21233001
2012|key|B02|21233|3,2,3,4,2,21233003,21233004
2012|key|B02|21233|3,3,8,8,1,21233008,21233008
2012|key|B02|21233|3,4,10,10,1,21233010,21233010
2012|key|B03|21231|3,1,1,1,1,21231001,21231001
2012|key|B03|21231|3,2,6,6,1,21231006,21231006
2012|key|B03|21232|3,1,1,1,1,21232001,21232001
2012|key|B03|21233|3,1,5,7,3,21233005,21233007
2012|key|B03|21233|3,2,9,9,1,21233009,21233009
2012|key|B03|21233|3,3,11,11,1,21233011,21233011
2012|key|B03|21234|3,1,1,1,1,21234001,21234001
2012|key|B03|21234|3,2,3,3,1,21234003,21234003
2012|key|B03|21234|3,3,7,7,1,21234007,21234007
2012|key|B04|21235|3,1,1,7,7,21235001,21235007
2012|key|B05|21231|3,1,5,5,1,21231005,21231005
2012|key|B05|21234|3,1,2,2,1,21234002,21234002
2012|key|B05|21234|3,2,4,4,1,21234004,21234004
2012|key|B06|21237|3,1,1,5,5,21237001,21237005
2012|key|B07|21231|3,1,7,7,1,21231007,21231007
2012|key|B07|21232|3,1,2,2,1,21232002,21232002
2012|key|B07|21232|3,2,5,5,1,21232005,21232005
2012|key|B07|21233|3,1,2,2,1,21233002,21233002
2012|key|B08|21236|3,1,1,9,9,21236001,21236009
2012|major_research_plan|B01|91213|3,1,301,301,1,91213301,91213301
2012|major_research_plan|B01|91222|3,1,101,105,5,91222101,91222105
2012|major_research_plan|B01|91222|3,2,201,203,3,91222201,91222203
2012|major_research_plan|B01|91227|3,1,103,103,1,91227103,91227103
2012|major_research_plan|B01|91227|3,2,105,108,4,91227105,91227108
2012|major_research_plan|B01|91227|3,3,118,119,2,91227118,91227119
2012|major_research_plan|B01|91227|3,4,202,203,2,91227202,91227203
2012|major_research_plan|B02|91227|3,1,116,117,2,91227116,91227117
2012|major_research_plan|B03|91221|3,1,104,105,2,91221104,91221105
2012|major_research_plan|B03|91227|3,1,110,115,6,91227110,91227115
2012|major_research_plan|B03|91227|3,2,120,120,1,91227120,91227120
2012|major_research_plan|B03|91227|3,3,201,201,1,91227201,91227201
2012|major_research_plan|B03|91233|3,1,104,108,5,91233104,91233108
2012|major_research_plan|B04|91213|3,1,305,305,1,91213305,91213305
2012|major_research_plan|B04|91227|3,1,121,121,1,91227121,91227121
2012|major_research_plan|B04|91232|3,1,703,703,1,91232703,91232703
2012|major_research_plan|B05|91222|3,1,106,108,3,91222106,91222108
2012|major_research_plan|B05|91227|3,1,104,104,1,91227104,91227104
2012|major_research_plan|B05|91227|3,2,109,109,1,91227109,91227109
2012|major_research_plan|B06|91226|3,1,108,113,6,91226108,91226113
2012|major_research_plan|B07|91213|3,1,302,302,1,91213302,91213302
2012|major_research_plan|B08|91233|3,1,201,201,1,91233201,91233201
2012|regional|B01|21261|3,1,2,2,1,21261002,21261002
2012|regional|B01|21261|3,2,4,6,3,21261004,21261006
2012|regional|B01|21261|3,3,8,12,5,21261008,21261012
2012|regional|B01|21261|3,4,14,15,2,21261014,21261015
2012|regional|B01|21261|3,5,17,22,6,21261017,21261022
2012|regional|B01|21261|3,6,24,24,1,21261024,21261024
2012|regional|B01|21261|3,7,28,28,1,21261028,21261028
2012|regional|B01|21262|3,1,2,3,2,21262002,21262003
2012|regional|B01|21262|3,2,8,8,1,21262008,21262008
2012|regional|B01|21262|3,3,10,11,2,21262010,21262011
2012|regional|B01|21262|3,4,14,18,5,21262014,21262018
2012|regional|B01|21262|3,5,20,20,1,21262020,21262020
2012|regional|B01|21262|3,6,23,25,3,21262023,21262025
2012|regional|B01|21262|3,7,27,32,6,21262027,21262032
2012|regional|B01|21262|3,8,34,36,3,21262034,21262036
2012|regional|B01|21262|3,9,38,39,2,21262038,21262039
2012|regional|B01|21262|3,10,41,41,1,21262041,21262041
2012|regional|B01|21262|3,11,45,45,1,21262045,21262045
2012|regional|B01|21262|3,12,49,49,1,21262049,21262049
2012|regional|B01|21262|3,13,51,51,1,21262051,21262051
2012|regional|B01|21264|3,1,8,8,1,21264008,21264008
2012|regional|B01|21264|3,2,10,11,2,21264010,21264011
2012|regional|B01|21264|3,3,14,14,1,21264014,21264014
2012|regional|B01|21264|3,4,17,17,1,21264017,21264017
2012|regional|B02|21263|3,1,1,2,2,21263001,21263002
2012|regional|B02|21263|3,2,5,9,5,21263005,21263009
2012|regional|B02|21263|3,3,11,11,1,21263011,21263011
2012|regional|B02|21263|3,4,14,15,2,21263014,21263015
2012|regional|B02|21263|3,5,17,18,2,21263017,21263018
2012|regional|B02|21263|3,6,24,27,4,21263024,21263027
2012|regional|B02|21264|3,1,13,13,1,21264013,21264013
2012|regional|B03|21261|3,1,1,1,1,21261001,21261001
2012|regional|B03|21261|3,2,13,13,1,21261013,21261013
2012|regional|B03|21262|3,1,37,37,1,21262037,21262037
2012|regional|B03|21263|3,1,10,10,1,21263010,21263010
2012|regional|B03|21263|3,2,12,13,2,21263012,21263013
2012|regional|B03|21263|3,3,16,16,1,21263016,21263016
2012|regional|B03|21263|3,4,19,19,1,21263019,21263019
2012|regional|B03|21263|3,5,22,23,2,21263022,21263023
2012|regional|B03|21264|3,1,1,1,1,21264001,21264001
2012|regional|B03|21264|3,2,4,4,1,21264004,21264004
2012|regional|B03|21264|3,3,12,12,1,21264012,21264012
2012|regional|B03|21264|3,4,16,16,1,21264016,21264016
2012|regional|B03|21265|3,1,6,6,1,21265006,21265006
2012|regional|B04|21265|3,1,1,5,5,21265001,21265005
2012|regional|B04|21265|3,2,7,26,20,21265007,21265026
2012|regional|B05|21261|3,1,3,3,1,21261003,21261003
2012|regional|B05|21261|3,2,7,7,1,21261007,21261007
2012|regional|B05|21261|3,3,16,16,1,21261016,21261016
2012|regional|B05|21261|3,4,23,23,1,21261023,21261023
2012|regional|B05|21261|3,5,26,27,2,21261026,21261027
2012|regional|B05|21262|3,1,46,46,1,21262046,21262046
2012|regional|B05|21262|3,2,50,50,1,21262050,21262050
2012|regional|B05|21264|3,1,2,3,2,21264002,21264003
2012|regional|B05|21264|3,2,5,7,3,21264005,21264007
2012|regional|B05|21264|3,3,9,9,1,21264009,21264009
2012|regional|B06|21267|3,1,1,25,25,21267001,21267025
2012|regional|B07|21261|3,1,25,25,1,21261025,21261025
2012|regional|B07|21262|3,1,1,1,1,21262001,21262001
2012|regional|B07|21262|3,2,4,7,4,21262004,21262007
2012|regional|B07|21262|3,3,9,9,1,21262009,21262009
2012|regional|B07|21262|3,4,12,13,2,21262012,21262013
2012|regional|B07|21262|3,5,19,19,1,21262019,21262019
2012|regional|B07|21262|3,6,21,22,2,21262021,21262022
2012|regional|B07|21262|3,7,26,26,1,21262026,21262026
2012|regional|B07|21262|3,8,33,33,1,21262033,21262033
2012|regional|B07|21262|3,9,40,40,1,21262040,21262040
2012|regional|B07|21262|3,10,42,44,3,21262042,21262044
2012|regional|B07|21262|3,11,47,48,2,21262047,21262048
2012|regional|B07|21263|3,1,20,20,1,21263020,21263020
2012|regional|B08|21266|3,1,1,3,3,21266001,21266003
2012|regional|B08|21266|3,2,5,32,28,21266005,21266032
2012|regional|B09|21263|3,1,3,4,2,21263003,21263004
2012|regional|B09|21263|3,2,21,21,1,21263021,21263021
2012|regional|B09|21264|3,1,15,15,1,21264015,21264015
2012|special|B01|21224|3,1,1,2,2,21224001,21224002
2012|special|B01|21227|3,1,1,1,1,21227001,21227001
2012|special|B01|21241|3,1,1,1,1,21241001,21241001
2012|special|B01|21241|3,2,3,6,4,21241003,21241006
2012|special|B01|21241|3,3,8,8,1,21241008,21241008
2012|special|B01|21241|3,4,10,10,1,21241010,21241010
2012|special|B01|21241|3,5,401,401,1,21241401,21241401
2012|special|B01|21241|3,6,403,403,1,21241403,21241403
2012|special|B01|21241|3,7,405,406,2,21241405,21241406
2012|special|B01|21242|3,1,1,1,1,21242001,21242001
2012|special|B01|21242|3,2,3,4,2,21242003,21242004
2012|special|B01|21242|3,3,6,7,2,21242006,21242007
2012|special|B01|21242|3,4,12,14,3,21242012,21242014
2012|special|B01|21242|3,5,401,409,9,21242401,21242409
2012|special|B01|21244|3,1,6,8,3,21244006,21244008
2012|special|B01|21252|3,1,1,1,1,21252001,21252001
2012|special|B02|21227|3,1,2,2,1,21227002,21227002
2012|special|B02|21227|3,2,4,4,1,21227004,21227004
2012|special|B02|21227|3,3,10,10,1,21227010,21227010
2012|special|B02|21243|3,1,3,3,1,21243003,21243003
2012|special|B02|21243|3,2,5,5,1,21243005,21243005
2012|special|B02|21243|3,3,9,10,2,21243009,21243010
2012|special|B02|21243|3,4,13,14,2,21243013,21243014
2012|special|B03|21227|3,1,3,3,1,21227003,21227003
2012|special|B03|21241|3,1,402,402,1,21241402,21241402
2012|special|B03|21243|3,1,1,2,2,21243001,21243002
2012|special|B03|21243|3,2,4,4,1,21243004,21243004
2012|special|B03|21243|3,3,6,8,3,21243006,21243008
2012|special|B03|21243|3,4,12,12,1,21243012,21243012
2012|special|B03|21244|3,1,401,401,1,21244401,21244401
2012|special|B04|21227|3,1,5,9,5,21227005,21227009
2012|special|B04|21245|3,1,1,8,8,21245001,21245008
2012|special|B04|21245|3,2,401,401,1,21245401,21245401
2012|special|B04|21253|3,1,1,1,1,21253001,21253001
2012|special|B05|21224|3,1,3,3,1,21224003,21224003
2012|special|B05|21241|3,1,7,7,1,21241007,21241007
2012|special|B05|21241|3,2,404,404,1,21241404,21241404
2012|special|B05|21244|3,1,1,5,5,21244001,21244005
2012|special|B05|21244|3,2,9,9,1,21244009,21244009
2012|special|B05|21244|3,3,402,402,1,21244402,21244402
2012|special|B06|21224|3,1,5,5,1,21224005,21224005
2012|special|B06|21227|3,1,11,12,2,21227011,21227012
2012|special|B06|21247|3,1,1,8,8,21247001,21247008
2012|special|B07|21241|3,1,2,2,1,21241002,21241002
2012|special|B07|21241|3,2,9,9,1,21241009,21241009
2012|special|B07|21242|3,1,2,2,1,21242002,21242002
2012|special|B07|21242|3,2,5,5,1,21242005,21242005
2012|special|B07|21242|3,3,8,11,4,21242008,21242011
2012|special|B07|21242|3,4,15,15,1,21242015,21242015
2012|special|B08|21224|3,1,4,4,1,21224004,21224004
2012|special|B08|21246|3,1,1,12,12,21246001,21246012
2012|special|B08|21246|3,2,401,402,2,21246401,21246402
2012|special|B08|21254|3,1,1,1,1,21254001,21254001
2012|special|B09|21243|3,1,11,11,1,21243011,21243011
2012|youth_c|B01|21201|3,1,1,6,6,21201001,21201006
2012|youth_c|B01|21201|3,2,8,11,4,21201008,21201011
2012|youth_c|B01|21201|3,3,14,14,1,21201014,21201014
2012|youth_c|B01|21201|3,4,16,18,3,21201016,21201018
2012|youth_c|B01|21201|3,5,21,22,2,21201021,21201022
2012|youth_c|B01|21201|3,6,25,27,3,21201025,21201027
2012|youth_c|B01|21201|3,7,30,32,3,21201030,21201032
2012|youth_c|B01|21201|3,8,35,35,1,21201035,21201035
2012|youth_c|B01|21201|3,9,37,38,2,21201037,21201038
2012|youth_c|B01|21201|3,10,40,40,1,21201040,21201040
2012|youth_c|B01|21201|3,11,42,47,6,21201042,21201047
2012|youth_c|B01|21201|3,12,49,49,1,21201049,21201049
2012|youth_c|B01|21201|3,13,51,54,4,21201051,21201054
2012|youth_c|B01|21201|3,14,57,58,2,21201057,21201058
2012|youth_c|B01|21201|3,15,61,69,9,21201061,21201069
2012|youth_c|B01|21201|3,16,71,74,4,21201071,21201074
2012|youth_c|B01|21201|3,17,78,80,3,21201078,21201080
2012|youth_c|B01|21201|3,18,84,84,1,21201084,21201084
2012|youth_c|B01|21201|3,19,86,91,6,21201086,21201091
2012|youth_c|B01|21201|3,20,93,93,1,21201093,21201093
2012|youth_c|B01|21201|3,21,97,100,4,21201097,21201100
2012|youth_c|B01|21201|3,22,103,104,2,21201103,21201104
2012|youth_c|B01|21201|3,23,108,114,7,21201108,21201114
2012|youth_c|B01|21201|3,24,116,120,5,21201116,21201120
2012|youth_c|B01|21201|3,25,122,123,2,21201122,21201123
2012|youth_c|B01|21201|3,26,127,129,3,21201127,21201129
2012|youth_c|B01|21201|3,27,131,131,1,21201131,21201131
2012|youth_c|B01|21201|3,28,133,133,1,21201133,21201133
2012|youth_c|B01|21201|3,29,137,137,1,21201137,21201137
2012|youth_c|B01|21201|3,30,139,139,1,21201139,21201139
2012|youth_c|B01|21201|3,31,141,141,1,21201141,21201141
2012|youth_c|B01|21201|3,32,143,143,1,21201143,21201143
2012|youth_c|B01|21201|3,33,147,147,1,21201147,21201147
2012|youth_c|B01|21201|3,34,151,154,4,21201151,21201154
2012|youth_c|B01|21201|3,35,156,156,1,21201156,21201156
2012|youth_c|B01|21201|3,36,159,162,4,21201159,21201162
2012|youth_c|B01|21201|3,37,164,165,2,21201164,21201165
2012|youth_c|B01|21201|3,38,167,168,2,21201167,21201168
2012|youth_c|B01|21201|3,39,172,173,2,21201172,21201173
2012|youth_c|B01|21201|3,40,177,177,1,21201177,21201177
2012|youth_c|B01|21201|3,41,179,180,2,21201179,21201180
2012|youth_c|B01|21201|3,42,182,182,1,21201182,21201182
2012|youth_c|B01|21202|3,1,1,2,2,21202001,21202002
2012|youth_c|B01|21202|3,2,5,5,1,21202005,21202005
2012|youth_c|B01|21202|3,3,7,11,5,21202007,21202011
2012|youth_c|B01|21202|3,4,14,19,6,21202014,21202019
2012|youth_c|B01|21202|3,5,21,21,1,21202021,21202021
2012|youth_c|B01|21202|3,6,23,24,2,21202023,21202024
2012|youth_c|B01|21202|3,7,27,27,1,21202027,21202027
2012|youth_c|B01|21202|3,8,29,29,1,21202029,21202029
2012|youth_c|B01|21202|3,9,31,32,2,21202031,21202032
2012|youth_c|B01|21202|3,10,34,35,2,21202034,21202035
2012|youth_c|B01|21202|3,11,37,38,2,21202037,21202038
2012|youth_c|B01|21202|3,12,41,42,2,21202041,21202042
2012|youth_c|B01|21202|3,13,44,44,1,21202044,21202044
2012|youth_c|B01|21202|3,14,46,46,1,21202046,21202046
2012|youth_c|B01|21202|3,15,48,50,3,21202048,21202050
2012|youth_c|B01|21202|3,16,53,54,2,21202053,21202054
2012|youth_c|B01|21202|3,17,57,59,3,21202057,21202059
2012|youth_c|B01|21202|3,18,63,65,3,21202063,21202065
2012|youth_c|B01|21202|3,19,67,72,6,21202067,21202072
2012|youth_c|B01|21202|3,20,75,75,1,21202075,21202075
2012|youth_c|B01|21202|3,21,78,78,1,21202078,21202078
2012|youth_c|B01|21202|3,22,81,86,6,21202081,21202086
2012|youth_c|B01|21202|3,23,88,88,1,21202088,21202088
2012|youth_c|B01|21202|3,24,90,90,1,21202090,21202090
2012|youth_c|B01|21202|3,25,92,93,2,21202092,21202093
2012|youth_c|B01|21202|3,26,95,96,2,21202095,21202096
2012|youth_c|B01|21202|3,27,99,99,1,21202099,21202099
2012|youth_c|B01|21202|3,28,101,101,1,21202101,21202101
2012|youth_c|B01|21202|3,29,103,105,3,21202103,21202105
2012|youth_c|B01|21202|3,30,107,109,3,21202107,21202109
2012|youth_c|B01|21202|3,31,111,113,3,21202111,21202113
2012|youth_c|B01|21202|3,32,118,119,2,21202118,21202119
2012|youth_c|B01|21202|3,33,121,121,1,21202121,21202121
2012|youth_c|B01|21202|3,34,127,128,2,21202127,21202128
2012|youth_c|B01|21202|3,35,131,135,5,21202131,21202135
2012|youth_c|B01|21202|3,36,138,139,2,21202138,21202139
2012|youth_c|B01|21202|3,37,141,141,1,21202141,21202141
2012|youth_c|B01|21202|3,38,143,143,1,21202143,21202143
2012|youth_c|B01|21202|3,39,145,145,1,21202145,21202145
2012|youth_c|B01|21202|3,40,148,150,3,21202148,21202150
2012|youth_c|B01|21202|3,41,152,152,1,21202152,21202152
2012|youth_c|B01|21202|3,42,154,156,3,21202154,21202156
2012|youth_c|B01|21202|3,43,159,160,2,21202159,21202160
2012|youth_c|B01|21202|3,44,162,164,3,21202162,21202164
2012|youth_c|B01|21202|3,45,166,167,2,21202166,21202167
2012|youth_c|B01|21202|3,46,170,170,1,21202170,21202170
2012|youth_c|B01|21202|3,47,172,172,1,21202172,21202172
2012|youth_c|B01|21202|3,48,175,175,1,21202175,21202175
2012|youth_c|B01|21202|3,49,178,181,4,21202178,21202181
2012|youth_c|B01|21202|3,50,184,189,6,21202184,21202189
2012|youth_c|B01|21202|3,51,191,191,1,21202191,21202191
2012|youth_c|B01|21202|3,52,193,193,1,21202193,21202193
2012|youth_c|B01|21202|3,53,197,197,1,21202197,21202197
2012|youth_c|B01|21202|3,54,199,199,1,21202199,21202199
2012|youth_c|B01|21202|3,55,201,201,1,21202201,21202201
2012|youth_c|B01|21202|3,56,205,208,4,21202205,21202208
2012|youth_c|B01|21204|3,1,3,3,1,21204003,21204003
2012|youth_c|B01|21204|3,2,5,6,2,21204005,21204006
2012|youth_c|B01|21204|3,3,8,8,1,21204008,21204008
2012|youth_c|B01|21204|3,4,14,14,1,21204014,21204014
2012|youth_c|B01|21204|3,5,16,16,1,21204016,21204016
2012|youth_c|B01|21204|3,6,19,19,1,21204019,21204019
2012|youth_c|B01|21204|3,7,21,22,2,21204021,21204022
2012|youth_c|B01|21204|3,8,47,50,4,21204047,21204050
2012|youth_c|B01|21204|3,9,75,75,1,21204075,21204075
2012|youth_c|B01|21204|3,10,86,86,1,21204086,21204086
2012|youth_c|B01|21204|3,11,95,95,1,21204095,21204095
2012|youth_c|B01|21204|3,12,98,98,1,21204098,21204098
2012|youth_c|B01|21204|3,13,101,101,1,21204101,21204101
2012|youth_c|B02|21201|3,1,121,121,1,21201121,21201121
2012|youth_c|B02|21203|3,1,3,3,1,21203003,21203003
2012|youth_c|B02|21203|3,2,5,5,1,21203005,21203005
2012|youth_c|B02|21203|3,3,7,8,2,21203007,21203008
2012|youth_c|B02|21203|3,4,10,10,1,21203010,21203010
2012|youth_c|B02|21203|3,5,13,15,3,21203013,21203015
2012|youth_c|B02|21203|3,6,17,18,2,21203017,21203018
2012|youth_c|B02|21203|3,7,23,23,1,21203023,21203023
2012|youth_c|B02|21203|3,8,25,25,1,21203025,21203025
2012|youth_c|B02|21203|3,9,28,32,5,21203028,21203032
2012|youth_c|B02|21203|3,10,34,34,1,21203034,21203034
2012|youth_c|B02|21203|3,11,38,39,2,21203038,21203039
2012|youth_c|B02|21203|3,12,43,45,3,21203043,21203045
2012|youth_c|B02|21203|3,13,49,50,2,21203049,21203050
2012|youth_c|B02|21203|3,14,52,52,1,21203052,21203052
2012|youth_c|B02|21203|3,15,54,55,2,21203054,21203055
2012|youth_c|B02|21203|3,16,58,60,3,21203058,21203060
2012|youth_c|B02|21203|3,17,62,63,2,21203062,21203063
2012|youth_c|B02|21203|3,18,65,69,5,21203065,21203069
2012|youth_c|B02|21203|3,19,74,75,2,21203074,21203075
2012|youth_c|B02|21203|3,20,77,78,2,21203077,21203078
2012|youth_c|B02|21203|3,21,81,82,2,21203081,21203082
2012|youth_c|B02|21203|3,22,85,85,1,21203085,21203085
2012|youth_c|B02|21203|3,23,87,87,1,21203087,21203087
2012|youth_c|B02|21203|3,24,89,89,1,21203089,21203089
2012|youth_c|B02|21203|3,25,91,93,3,21203091,21203093
2012|youth_c|B02|21203|3,26,95,95,1,21203095,21203095
2012|youth_c|B02|21203|3,27,98,98,1,21203098,21203098
2012|youth_c|B02|21203|3,28,102,102,1,21203102,21203102
2012|youth_c|B02|21203|3,29,104,104,1,21203104,21203104
2012|youth_c|B02|21203|3,30,106,106,1,21203106,21203106
2012|youth_c|B02|21203|3,31,109,111,3,21203109,21203111
2012|youth_c|B02|21203|3,32,113,114,2,21203113,21203114
2012|youth_c|B02|21203|3,33,116,116,1,21203116,21203116
2012|youth_c|B02|21203|3,34,119,119,1,21203119,21203119
2012|youth_c|B02|21203|3,35,121,125,5,21203121,21203125
2012|youth_c|B02|21203|3,36,128,128,1,21203128,21203128
2012|youth_c|B02|21203|3,37,132,134,3,21203132,21203134
2012|youth_c|B02|21203|3,38,137,137,1,21203137,21203137
2012|youth_c|B02|21203|3,39,139,142,4,21203139,21203142
2012|youth_c|B02|21203|3,40,146,146,1,21203146,21203146
2012|youth_c|B02|21203|3,41,148,148,1,21203148,21203148
2012|youth_c|B02|21203|3,42,150,150,1,21203150,21203150
2012|youth_c|B02|21203|3,43,152,152,1,21203152,21203152
2012|youth_c|B02|21203|3,44,157,159,3,21203157,21203159
2012|youth_c|B02|21203|3,45,161,162,2,21203161,21203162
2012|youth_c|B02|21203|3,46,165,165,1,21203165,21203165
2012|youth_c|B02|21203|3,47,167,168,2,21203167,21203168
2012|youth_c|B02|21203|3,48,170,170,1,21203170,21203170
2012|youth_c|B02|21203|3,49,172,173,2,21203172,21203173
2012|youth_c|B02|21203|3,50,175,175,1,21203175,21203175
2012|youth_c|B02|21203|3,51,180,185,6,21203180,21203185
2012|youth_c|B02|21203|3,52,190,191,2,21203190,21203191
2012|youth_c|B02|21203|3,53,199,199,1,21203199,21203199
2012|youth_c|B02|21203|3,54,209,212,4,21203209,21203212
2012|youth_c|B02|21203|3,55,214,215,2,21203214,21203215
2012|youth_c|B02|21203|3,56,219,222,4,21203219,21203222
2012|youth_c|B02|21203|3,57,225,225,1,21203225,21203225
2012|youth_c|B02|21203|3,58,228,233,6,21203228,21203233
2012|youth_c|B02|21203|3,59,236,236,1,21203236,21203236
2012|youth_c|B02|21203|3,60,246,247,2,21203246,21203247
2012|youth_c|B02|21203|3,61,251,254,4,21203251,21203254
2012|youth_c|B02|21204|3,1,44,44,1,21204044,21204044
2012|youth_c|B02|21204|3,2,64,64,1,21204064,21204064
2012|youth_c|B02|21204|3,3,100,100,1,21204100,21204100
2012|youth_c|B03|21201|3,1,12,12,1,21201012,21201012
2012|youth_c|B03|21201|3,2,23,23,1,21201023,21201023
2012|youth_c|B03|21201|3,3,28,28,1,21201028,21201028
2012|youth_c|B03|21201|3,4,39,39,1,21201039,21201039
2012|youth_c|B03|21201|3,5,56,56,1,21201056,21201056
2012|youth_c|B03|21201|3,6,59,59,1,21201059,21201059
2012|youth_c|B03|21201|3,7,75,76,2,21201075,21201076
2012|youth_c|B03|21201|3,8,81,81,1,21201081,21201081
2012|youth_c|B03|21201|3,9,106,106,1,21201106,21201106
2012|youth_c|B03|21201|3,10,126,126,1,21201126,21201126
2012|youth_c|B03|21201|3,11,136,136,1,21201136,21201136
2012|youth_c|B03|21201|3,12,140,140,1,21201140,21201140
2012|youth_c|B03|21201|3,13,144,144,1,21201144,21201144
2012|youth_c|B03|21201|3,14,148,148,1,21201148,21201148
2012|youth_c|B03|21201|3,15,178,178,1,21201178,21201178
2012|youth_c|B03|21202|3,1,6,6,1,21202006,21202006
2012|youth_c|B03|21202|3,2,43,43,1,21202043,21202043
2012|youth_c|B03|21202|3,3,62,62,1,21202062,21202062
2012|youth_c|B03|21202|3,4,102,102,1,21202102,21202102
2012|youth_c|B03|21202|3,5,157,157,1,21202157,21202157
2012|youth_c|B03|21202|3,6,171,171,1,21202171,21202171
2012|youth_c|B03|21203|3,1,1,2,2,21203001,21203002
2012|youth_c|B03|21203|3,2,4,4,1,21203004,21203004
2012|youth_c|B03|21203|3,3,6,6,1,21203006,21203006
2012|youth_c|B03|21203|3,4,9,9,1,21203009,21203009
2012|youth_c|B03|21203|3,5,11,12,2,21203011,21203012
2012|youth_c|B03|21203|3,6,16,16,1,21203016,21203016
2012|youth_c|B03|21203|3,7,19,22,4,21203019,21203022
2012|youth_c|B03|21203|3,8,24,24,1,21203024,21203024
2012|youth_c|B03|21203|3,9,26,27,2,21203026,21203027
2012|youth_c|B03|21203|3,10,35,35,1,21203035,21203035
2012|youth_c|B03|21203|3,11,37,37,1,21203037,21203037
2012|youth_c|B03|21203|3,12,41,42,2,21203041,21203042
2012|youth_c|B03|21203|3,13,46,48,3,21203046,21203048
2012|youth_c|B03|21203|3,14,53,53,1,21203053,21203053
2012|youth_c|B03|21203|3,15,57,57,1,21203057,21203057
2012|youth_c|B03|21203|3,16,61,61,1,21203061,21203061
2012|youth_c|B03|21203|3,17,64,64,1,21203064,21203064
2012|youth_c|B03|21203|3,18,70,73,4,21203070,21203073
2012|youth_c|B03|21203|3,19,76,76,1,21203076,21203076
2012|youth_c|B03|21203|3,20,80,80,1,21203080,21203080
2012|youth_c|B03|21203|3,21,83,84,2,21203083,21203084
2012|youth_c|B03|21203|3,22,86,86,1,21203086,21203086
2012|youth_c|B03|21203|3,23,88,88,1,21203088,21203088
2012|youth_c|B03|21203|3,24,90,90,1,21203090,21203090
2012|youth_c|B03|21203|3,25,94,94,1,21203094,21203094
2012|youth_c|B03|21203|3,26,96,97,2,21203096,21203097
2012|youth_c|B03|21203|3,27,99,101,3,21203099,21203101
2012|youth_c|B03|21203|3,28,103,103,1,21203103,21203103
2012|youth_c|B03|21203|3,29,105,105,1,21203105,21203105
2012|youth_c|B03|21203|3,30,107,108,2,21203107,21203108
2012|youth_c|B03|21203|3,31,115,115,1,21203115,21203115
2012|youth_c|B03|21203|3,32,117,118,2,21203117,21203118
2012|youth_c|B03|21203|3,33,127,127,1,21203127,21203127
2012|youth_c|B03|21203|3,34,129,131,3,21203129,21203131
2012|youth_c|B03|21203|3,35,135,136,2,21203135,21203136
2012|youth_c|B03|21203|3,36,138,138,1,21203138,21203138
2012|youth_c|B03|21203|3,37,143,144,2,21203143,21203144
2012|youth_c|B03|21203|3,38,147,147,1,21203147,21203147
2012|youth_c|B03|21203|3,39,149,149,1,21203149,21203149
2012|youth_c|B03|21203|3,40,151,151,1,21203151,21203151
2012|youth_c|B03|21203|3,41,153,156,4,21203153,21203156
2012|youth_c|B03|21203|3,42,160,160,1,21203160,21203160
2012|youth_c|B03|21203|3,43,163,164,2,21203163,21203164
2012|youth_c|B03|21203|3,44,166,166,1,21203166,21203166
2012|youth_c|B03|21203|3,45,169,169,1,21203169,21203169
2012|youth_c|B03|21203|3,46,171,171,1,21203171,21203171
2012|youth_c|B03|21203|3,47,174,174,1,21203174,21203174
2012|youth_c|B03|21203|3,48,178,179,2,21203178,21203179
2012|youth_c|B03|21203|3,49,186,189,4,21203186,21203189
2012|youth_c|B03|21203|3,50,193,198,6,21203193,21203198
2012|youth_c|B03|21203|3,51,201,203,3,21203201,21203203
2012|youth_c|B03|21203|3,52,205,208,4,21203205,21203208
2012|youth_c|B03|21203|3,53,216,218,3,21203216,21203218
2012|youth_c|B03|21203|3,54,224,224,1,21203224,21203224
2012|youth_c|B03|21203|3,55,227,227,1,21203227,21203227
2012|youth_c|B03|21203|3,56,239,242,4,21203239,21203242
2012|youth_c|B03|21203|3,57,244,245,2,21203244,21203245
2012|youth_c|B03|21203|3,58,248,250,3,21203248,21203250
2012|youth_c|B03|21203|3,59,256,257,2,21203256,21203257
2012|youth_c|B03|21203|3,60,259,259,1,21203259,21203259
2012|youth_c|B03|21204|3,1,2,2,1,21204002,21204002
2012|youth_c|B03|21204|3,2,11,13,3,21204011,21204013
2012|youth_c|B03|21204|3,3,18,18,1,21204018,21204018
2012|youth_c|B03|21204|3,4,23,23,1,21204023,21204023
2012|youth_c|B03|21204|3,5,37,37,1,21204037,21204037
2012|youth_c|B03|21204|3,6,41,41,1,21204041,21204041
2012|youth_c|B03|21204|3,7,45,45,1,21204045,21204045
2012|youth_c|B03|21204|3,8,53,53,1,21204053,21204053
2012|youth_c|B03|21204|3,9,58,59,2,21204058,21204059
2012|youth_c|B03|21204|3,10,65,66,2,21204065,21204066
2012|youth_c|B03|21204|3,11,70,70,1,21204070,21204070
2012|youth_c|B03|21204|3,12,74,74,1,21204074,21204074
2012|youth_c|B03|21204|3,13,87,88,2,21204087,21204088
2012|youth_c|B03|21204|3,14,90,90,1,21204090,21204090
2012|youth_c|B03|21204|3,15,96,96,1,21204096,21204096
2012|youth_c|B03|21204|3,16,99,99,1,21204099,21204099
2012|youth_c|B03|21204|3,17,102,102,1,21204102,21204102
2012|youth_c|B03|21205|3,1,19,19,1,21205019,21205019
2012|youth_c|B03|21205|3,2,55,55,1,21205055,21205055
2012|youth_c|B03|21205|3,3,85,85,1,21205085,21205085
2012|youth_c|B03|21205|3,4,118,118,1,21205118,21205118
2012|youth_c|B03|21205|3,5,145,145,1,21205145,21205145
2012|youth_c|B04|21201|3,1,94,94,1,21201094,21201094
2012|youth_c|B04|21202|3,1,192,192,1,21202192,21202192
2012|youth_c|B04|21204|3,1,29,29,1,21204029,21204029
2012|youth_c|B04|21204|3,2,40,40,1,21204040,21204040
2012|youth_c|B04|21204|3,3,46,46,1,21204046,21204046
2012|youth_c|B04|21204|3,4,60,62,3,21204060,21204062
2012|youth_c|B04|21204|3,5,67,67,1,21204067,21204067
2012|youth_c|B04|21204|3,6,78,78,1,21204078,21204078
2012|youth_c|B04|21204|3,7,92,94,3,21204092,21204094
2012|youth_c|B04|21205|3,1,1,18,18,21205001,21205018
2012|youth_c|B04|21205|3,2,20,54,35,21205020,21205054
2012|youth_c|B04|21205|3,3,56,84,29,21205056,21205084
2012|youth_c|B04|21205|3,4,86,117,32,21205086,21205117
2012|youth_c|B04|21205|3,5,119,144,26,21205119,21205144
2012|youth_c|B04|21205|3,6,146,146,1,21205146,21205146
2012|youth_c|B05|21201|3,1,7,7,1,21201007,21201007
2012|youth_c|B05|21201|3,2,15,15,1,21201015,21201015
2012|youth_c|B05|21201|3,3,20,20,1,21201020,21201020
2012|youth_c|B05|21201|3,4,34,34,1,21201034,21201034
2012|youth_c|B05|21201|3,5,36,36,1,21201036,21201036
2012|youth_c|B05|21201|3,6,41,41,1,21201041,21201041
2012|youth_c|B05|21201|3,7,48,48,1,21201048,21201048
2012|youth_c|B05|21201|3,8,50,50,1,21201050,21201050
2012|youth_c|B05|21201|3,9,55,55,1,21201055,21201055
2012|youth_c|B05|21201|3,10,60,60,1,21201060,21201060
2012|youth_c|B05|21201|3,11,70,70,1,21201070,21201070
2012|youth_c|B05|21201|3,12,77,77,1,21201077,21201077
2012|youth_c|B05|21201|3,13,83,83,1,21201083,21201083
2012|youth_c|B05|21201|3,14,85,85,1,21201085,21201085
2012|youth_c|B05|21201|3,15,95,96,2,21201095,21201096
2012|youth_c|B05|21201|3,16,115,115,1,21201115,21201115
2012|youth_c|B05|21201|3,17,125,125,1,21201125,21201125
2012|youth_c|B05|21201|3,18,130,130,1,21201130,21201130
2012|youth_c|B05|21201|3,19,132,132,1,21201132,21201132
2012|youth_c|B05|21201|3,20,134,135,2,21201134,21201135
2012|youth_c|B05|21201|3,21,138,138,1,21201138,21201138
2012|youth_c|B05|21201|3,22,142,142,1,21201142,21201142
2012|youth_c|B05|21201|3,23,145,146,2,21201145,21201146
2012|youth_c|B05|21201|3,24,157,158,2,21201157,21201158
2012|youth_c|B05|21201|3,25,163,163,1,21201163,21201163
2012|youth_c|B05|21201|3,26,169,171,3,21201169,21201171
2012|youth_c|B05|21201|3,27,174,176,3,21201174,21201176
2012|youth_c|B05|21201|3,28,181,181,1,21201181,21201181
2012|youth_c|B05|21201|3,29,184,185,2,21201184,21201185
2012|youth_c|B05|21202|3,1,13,13,1,21202013,21202013
2012|youth_c|B05|21202|3,2,20,20,1,21202020,21202020
2012|youth_c|B05|21202|3,3,26,26,1,21202026,21202026
2012|youth_c|B05|21202|3,4,36,36,1,21202036,21202036
2012|youth_c|B05|21202|3,5,60,61,2,21202060,21202061
2012|youth_c|B05|21202|3,6,76,76,1,21202076,21202076
2012|youth_c|B05|21202|3,7,91,91,1,21202091,21202091
2012|youth_c|B05|21202|3,8,97,97,1,21202097,21202097
2012|youth_c|B05|21202|3,9,114,114,1,21202114,21202114
2012|youth_c|B05|21202|3,10,122,122,1,21202122,21202122
2012|youth_c|B05|21202|3,11,165,165,1,21202165,21202165
2012|youth_c|B05|21202|3,12,176,176,1,21202176,21202176
2012|youth_c|B05|21202|3,13,203,203,1,21202203,21202203
2012|youth_c|B05|21204|3,1,1,1,1,21204001,21204001
2012|youth_c|B05|21204|3,2,4,4,1,21204004,21204004
2012|youth_c|B05|21204|3,3,7,7,1,21204007,21204007
2012|youth_c|B05|21204|3,4,9,10,2,21204009,21204010
2012|youth_c|B05|21204|3,5,15,15,1,21204015,21204015
2012|youth_c|B05|21204|3,6,17,17,1,21204017,21204017
2012|youth_c|B05|21204|3,7,20,20,1,21204020,21204020
2012|youth_c|B05|21204|3,8,24,28,5,21204024,21204028
2012|youth_c|B05|21204|3,9,30,36,7,21204030,21204036
2012|youth_c|B05|21204|3,10,38,39,2,21204038,21204039
2012|youth_c|B05|21204|3,11,42,43,2,21204042,21204043
2012|youth_c|B05|21204|3,12,51,52,2,21204051,21204052
2012|youth_c|B05|21204|3,13,54,57,4,21204054,21204057
2012|youth_c|B05|21204|3,14,63,63,1,21204063,21204063
2012|youth_c|B05|21204|3,15,68,69,2,21204068,21204069
2012|youth_c|B05|21204|3,16,71,71,1,21204071,21204071
2012|youth_c|B05|21204|3,17,73,73,1,21204073,21204073
2012|youth_c|B05|21204|3,18,77,77,1,21204077,21204077
2012|youth_c|B05|21204|3,19,79,85,7,21204079,21204085
2012|youth_c|B05|21204|3,20,89,89,1,21204089,21204089
2012|youth_c|B05|21204|3,21,91,91,1,21204091,21204091
2012|youth_c|B05|21204|3,22,97,97,1,21204097,21204097
2012|youth_c|B05|21204|3,23,103,103,1,21204103,21204103
2012|youth_c|B06|21201|3,1,13,13,1,21201013,21201013
2012|youth_c|B06|21201|3,2,33,33,1,21201033,21201033
2012|youth_c|B06|21201|3,3,107,107,1,21201107,21201107
2012|youth_c|B06|21201|3,4,166,166,1,21201166,21201166
2012|youth_c|B06|21203|3,1,79,79,1,21203079,21203079
2012|youth_c|B06|21203|3,2,204,204,1,21203204,21203204
2012|youth_c|B06|21203|3,3,255,255,1,21203255,21203255
2012|youth_c|B06|21206|3,1,4,5,2,21206004,21206005
2012|youth_c|B06|21206|3,2,26,26,1,21206026,21206026
2012|youth_c|B06|21207|3,1,1,71,71,21207001,21207071
2012|youth_c|B06|21207|3,2,73,134,62,21207073,21207134
2012|youth_c|B06|21207|3,3,136,165,30,21207136,21207165
2012|youth_c|B07|21201|3,1,19,19,1,21201019,21201019
2012|youth_c|B07|21201|3,2,24,24,1,21201024,21201024
2012|youth_c|B07|21201|3,3,29,29,1,21201029,21201029
2012|youth_c|B07|21201|3,4,82,82,1,21201082,21201082
2012|youth_c|B07|21201|3,5,92,92,1,21201092,21201092
2012|youth_c|B07|21201|3,6,101,102,2,21201101,21201102
2012|youth_c|B07|21201|3,7,105,105,1,21201105,21201105
2012|youth_c|B07|21201|3,8,124,124,1,21201124,21201124
2012|youth_c|B07|21201|3,9,149,150,2,21201149,21201150
2012|youth_c|B07|21201|3,10,155,155,1,21201155,21201155
2012|youth_c|B07|21201|3,11,183,183,1,21201183,21201183
2012|youth_c|B07|21202|3,1,3,4,2,21202003,21202004
2012|youth_c|B07|21202|3,2,12,12,1,21202012,21202012
2012|youth_c|B07|21202|3,3,22,22,1,21202022,21202022
2012|youth_c|B07|21202|3,4,25,25,1,21202025,21202025
2012|youth_c|B07|21202|3,5,28,28,1,21202028,21202028
2012|youth_c|B07|21202|3,6,30,30,1,21202030,21202030
2012|youth_c|B07|21202|3,7,33,33,1,21202033,21202033
2012|youth_c|B07|21202|3,8,39,40,2,21202039,21202040
2012|youth_c|B07|21202|3,9,45,45,1,21202045,21202045
2012|youth_c|B07|21202|3,10,47,47,1,21202047,21202047
2012|youth_c|B07|21202|3,11,51,52,2,21202051,21202052
2012|youth_c|B07|21202|3,12,55,56,2,21202055,21202056
2012|youth_c|B07|21202|3,13,66,66,1,21202066,21202066
2012|youth_c|B07|21202|3,14,73,74,2,21202073,21202074
2012|youth_c|B07|21202|3,15,77,77,1,21202077,21202077
2012|youth_c|B07|21202|3,16,79,80,2,21202079,21202080
2012|youth_c|B07|21202|3,17,87,87,1,21202087,21202087
2012|youth_c|B07|21202|3,18,89,89,1,21202089,21202089
2012|youth_c|B07|21202|3,19,94,94,1,21202094,21202094
2012|youth_c|B07|21202|3,20,98,98,1,21202098,21202098
2012|youth_c|B07|21202|3,21,100,100,1,21202100,21202100
2012|youth_c|B07|21202|3,22,106,106,1,21202106,21202106
2012|youth_c|B07|21202|3,23,110,110,1,21202110,21202110
2012|youth_c|B07|21202|3,24,115,117,3,21202115,21202117
2012|youth_c|B07|21202|3,25,120,120,1,21202120,21202120
2012|youth_c|B07|21202|3,26,123,126,4,21202123,21202126
2012|youth_c|B07|21202|3,27,129,130,2,21202129,21202130
2012|youth_c|B07|21202|3,28,136,137,2,21202136,21202137
2012|youth_c|B07|21202|3,29,140,140,1,21202140,21202140
2012|youth_c|B07|21202|3,30,142,142,1,21202142,21202142
2012|youth_c|B07|21202|3,31,144,144,1,21202144,21202144
2012|youth_c|B07|21202|3,32,146,147,2,21202146,21202147
2012|youth_c|B07|21202|3,33,151,151,1,21202151,21202151
2012|youth_c|B07|21202|3,34,153,153,1,21202153,21202153
2012|youth_c|B07|21202|3,35,158,158,1,21202158,21202158
2012|youth_c|B07|21202|3,36,161,161,1,21202161,21202161
2012|youth_c|B07|21202|3,37,168,169,2,21202168,21202169
2012|youth_c|B07|21202|3,38,173,174,2,21202173,21202174
2012|youth_c|B07|21202|3,39,177,177,1,21202177,21202177
2012|youth_c|B07|21202|3,40,182,183,2,21202182,21202183
2012|youth_c|B07|21202|3,41,190,190,1,21202190,21202190
2012|youth_c|B07|21202|3,42,194,196,3,21202194,21202196
2012|youth_c|B07|21202|3,43,198,198,1,21202198,21202198
2012|youth_c|B07|21202|3,44,200,200,1,21202200,21202200
2012|youth_c|B07|21202|3,45,202,202,1,21202202,21202202
2012|youth_c|B07|21202|3,46,204,204,1,21202204,21202204
2012|youth_c|B07|21202|3,47,209,209,1,21202209,21202209
2012|youth_c|B07|21203|3,1,112,112,1,21203112,21203112
2012|youth_c|B07|21203|3,2,177,177,1,21203177,21203177
2012|youth_c|B07|21203|3,3,213,213,1,21203213,21203213
2012|youth_c|B07|21203|3,4,237,237,1,21203237,21203237
2012|youth_c|B07|21203|3,5,243,243,1,21203243,21203243
2012|youth_c|B08|21203|3,1,36,36,1,21203036,21203036
2012|youth_c|B08|21203|3,2,192,192,1,21203192,21203192
2012|youth_c|B08|21206|3,1,1,3,3,21206001,21206003
2012|youth_c|B08|21206|3,2,6,25,20,21206006,21206025
2012|youth_c|B08|21206|3,3,27,70,44,21206027,21206070
2012|youth_c|B08|21206|3,4,72,204,133,21206072,21206204
2012|youth_c|B09|21203|3,1,33,33,1,21203033,21203033
2012|youth_c|B09|21203|3,2,40,40,1,21203040,21203040
2012|youth_c|B09|21203|3,3,51,51,1,21203051,21203051
2012|youth_c|B09|21203|3,4,56,56,1,21203056,21203056
2012|youth_c|B09|21203|3,5,120,120,1,21203120,21203120
2012|youth_c|B09|21203|3,6,126,126,1,21203126,21203126
2012|youth_c|B09|21203|3,7,145,145,1,21203145,21203145
2012|youth_c|B09|21203|3,8,176,176,1,21203176,21203176
2012|youth_c|B09|21203|3,9,200,200,1,21203200,21203200
2012|youth_c|B09|21203|3,10,223,223,1,21203223,21203223
2012|youth_c|B09|21203|3,11,226,226,1,21203226,21203226
2012|youth_c|B09|21203|3,12,234,235,2,21203234,21203235
2012|youth_c|B09|21203|3,13,238,238,1,21203238,21203238
2012|youth_c|B09|21203|3,14,258,258,1,21203258,21203258
2012|youth_c|B09|21204|3,1,72,72,1,21204072,21204072
2012|youth_c|B09|21204|3,2,76,76,1,21204076,21204076
2013|general|B01|21371|3,1,1,4,4,21371001,21371004
2013|general|B01|21371|3,2,6,6,1,21371006,21371006
2013|general|B01|21371|3,3,8,12,5,21371008,21371012
2013|general|B01|21371|3,4,19,20,2,21371019,21371020
2013|general|B01|21371|3,5,22,25,4,21371022,21371025
2013|general|B01|21371|3,6,27,30,4,21371027,21371030
2013|general|B01|21371|3,7,33,33,1,21371033,21371033
2013|general|B01|21371|3,8,35,42,8,21371035,21371042
2013|general|B01|21371|3,9,44,44,1,21371044,21371044
2013|general|B01|21371|3,10,46,48,3,21371046,21371048
2013|general|B01|21371|3,11,50,50,1,21371050,21371050
2013|general|B01|21371|3,12,52,53,2,21371052,21371053
2013|general|B01|21371|3,13,55,55,1,21371055,21371055
2013|general|B01|21371|3,14,58,61,4,21371058,21371061
2013|general|B01|21371|3,15,63,69,7,21371063,21371069
2013|general|B01|21371|3,16,72,74,3,21371072,21371074
2013|general|B01|21371|3,17,78,81,4,21371078,21371081
2013|general|B01|21371|3,18,83,99,17,21371083,21371099
2013|general|B01|21371|3,19,101,103,3,21371101,21371103
2013|general|B01|21371|3,20,105,105,1,21371105,21371105
2013|general|B01|21371|3,21,107,107,1,21371107,21371107
2013|general|B01|21371|3,22,109,109,1,21371109,21371109
2013|general|B01|21371|3,23,112,113,2,21371112,21371113
2013|general|B01|21371|3,24,117,117,1,21371117,21371117
2013|general|B01|21371|3,25,119,119,1,21371119,21371119
2013|general|B01|21371|3,26,121,123,3,21371121,21371123
2013|general|B01|21371|3,27,125,127,3,21371125,21371127
2013|general|B01|21371|3,28,131,131,1,21371131,21371131
2013|general|B01|21371|3,29,133,134,2,21371133,21371134
2013|general|B01|21371|3,30,137,137,1,21371137,21371137
2013|general|B01|21371|3,31,140,143,4,21371140,21371143
2013|general|B01|21371|3,32,147,151,5,21371147,21371151
2013|general|B01|21371|3,33,153,156,4,21371153,21371156
2013|general|B01|21371|3,34,158,159,2,21371158,21371159
2013|general|B01|21371|3,35,162,166,5,21371162,21371166
2013|general|B01|21371|3,36,169,170,2,21371169,21371170
2013|general|B01|21371|3,37,173,173,1,21371173,21371173
2013|general|B01|21371|3,38,175,177,3,21371175,21371177
2013|general|B01|21371|3,39,179,179,1,21371179,21371179
2013|general|B01|21371|3,40,181,181,1,21371181,21371181
2013|general|B01|21371|3,41,184,184,1,21371184,21371184
2013|general|B01|21372|3,1,2,2,1,21372002,21372002
2013|general|B01|21372|3,2,4,4,1,21372004,21372004
2013|general|B01|21372|3,3,7,14,8,21372007,21372014
2013|general|B01|21372|3,4,24,25,2,21372024,21372025
2013|general|B01|21372|3,5,29,31,3,21372029,21372031
2013|general|B01|21372|3,6,33,35,3,21372033,21372035
2013|general|B01|21372|3,7,38,41,4,21372038,21372041
2013|general|B01|21372|3,8,44,48,5,21372044,21372048
2013|general|B01|21372|3,9,54,57,4,21372054,21372057
2013|general|B01|21372|3,10,59,59,1,21372059,21372059
2013|general|B01|21372|3,11,61,61,1,21372061,21372061
2013|general|B01|21372|3,12,63,64,2,21372063,21372064
2013|general|B01|21372|3,13,67,67,1,21372067,21372067
2013|general|B01|21372|3,14,71,75,5,21372071,21372075
2013|general|B01|21372|3,15,77,77,1,21372077,21372077
2013|general|B01|21372|3,16,82,86,5,21372082,21372086
2013|general|B01|21372|3,17,89,92,4,21372089,21372092
2013|general|B01|21372|3,18,95,99,5,21372095,21372099
2013|general|B01|21372|3,19,101,106,6,21372101,21372106
2013|general|B01|21372|3,20,108,108,1,21372108,21372108
2013|general|B01|21372|3,21,111,112,2,21372111,21372112
2013|general|B01|21372|3,22,114,114,1,21372114,21372114
2013|general|B01|21372|3,23,117,124,8,21372117,21372124
2013|general|B01|21372|3,24,128,128,1,21372128,21372128
2013|general|B01|21372|3,25,136,139,4,21372136,21372139
2013|general|B01|21372|3,26,142,144,3,21372142,21372144
2013|general|B01|21372|3,27,148,148,1,21372148,21372148
2013|general|B01|21372|3,28,150,154,5,21372150,21372154
2013|general|B01|21372|3,29,158,160,3,21372158,21372160
2013|general|B01|21372|3,30,162,165,4,21372162,21372165
2013|general|B01|21372|3,31,167,169,3,21372167,21372169
2013|general|B01|21372|3,32,171,173,3,21372171,21372173
2013|general|B01|21372|3,33,175,177,3,21372175,21372177
2013|general|B01|21372|3,34,179,181,3,21372179,21372181
2013|general|B01|21372|3,35,184,184,1,21372184,21372184
2013|general|B01|21372|3,36,186,188,3,21372186,21372188
2013|general|B01|21372|3,37,192,193,2,21372192,21372193
2013|general|B01|21372|3,38,195,197,3,21372195,21372197
2013|general|B01|21372|3,39,200,202,3,21372200,21372202
2013|general|B01|21372|3,40,204,204,1,21372204,21372204
2013|general|B01|21372|3,41,209,212,4,21372209,21372212
2013|general|B01|21372|3,42,216,220,5,21372216,21372220
2013|general|B01|21372|3,43,224,226,3,21372224,21372226
2013|general|B01|21372|3,44,230,232,3,21372230,21372232
2013|general|B01|21372|3,45,239,247,9,21372239,21372247
2013|general|B01|21372|3,46,251,251,1,21372251,21372251
2013|general|B01|21372|3,47,255,256,2,21372255,21372256
2013|general|B01|21372|3,48,258,259,2,21372258,21372259
2013|general|B01|21372|3,49,264,265,2,21372264,21372265
2013|general|B01|21372|3,50,268,268,1,21372268,21372268
2013|general|B01|21374|3,1,6,6,1,21374006,21374006
2013|general|B01|21374|3,2,9,10,2,21374009,21374010
2013|general|B01|21374|3,3,18,19,2,21374018,21374019
2013|general|B01|21374|3,4,26,26,1,21374026,21374026
2013|general|B01|21374|3,5,30,31,2,21374030,21374031
2013|general|B01|21374|3,6,34,35,2,21374034,21374035
2013|general|B01|21374|3,7,41,42,2,21374041,21374042
2013|general|B01|21374|3,8,47,47,1,21374047,21374047
2013|general|B01|21374|3,9,55,56,2,21374055,21374056
2013|general|B01|21374|3,10,58,58,1,21374058,21374058
2013|general|B01|21374|3,11,60,62,3,21374060,21374062
2013|general|B01|21374|3,12,66,69,4,21374066,21374069
2013|general|B01|21374|3,13,80,80,1,21374080,21374080
2013|general|B01|21374|3,14,88,88,1,21374088,21374088
2013|general|B01|21374|3,15,93,94,2,21374093,21374094
2013|general|B01|21374|3,16,100,101,2,21374100,21374101
2013|general|B01|21374|3,17,107,108,2,21374107,21374108
2013|general|B01|21374|3,18,112,114,3,21374112,21374114
2013|general|B01|21374|3,19,118,118,1,21374118,21374118
2013|general|B01|21374|3,20,121,123,3,21374121,21374123
2013|general|B01|21374|3,21,130,130,1,21374130,21374130
2013|general|B01|21374|3,22,134,135,2,21374134,21374135
2013|general|B02|21371|3,1,71,71,1,21371071,21371071
2013|general|B02|21371|3,2,138,138,1,21371138,21371138
2013|general|B02|21373|3,1,3,4,2,21373003,21373004
2013|general|B02|21373|3,2,6,6,1,21373006,21373006
2013|general|B02|21373|3,3,8,8,1,21373008,21373008
2013|general|B02|21373|3,4,19,20,2,21373019,21373020
2013|general|B02|21373|3,5,22,22,1,21373022,21373022
2013|general|B02|21373|3,6,32,32,1,21373032,21373032
2013|general|B02|21373|3,7,34,34,1,21373034,21373034
2013|general|B02|21373|3,8,37,41,5,21373037,21373041
2013|general|B02|21373|3,9,44,44,1,21373044,21373044
2013|general|B02|21373|3,10,46,46,1,21373046,21373046
2013|general|B02|21373|3,11,49,51,3,21373049,21373051
2013|general|B02|21373|3,12,54,56,3,21373054,21373056
2013|general|B02|21373|3,13,58,59,2,21373058,21373059
2013|general|B02|21373|3,14,67,67,1,21373067,21373067
2013|general|B02|21373|3,15,69,74,6,21373069,21373074
2013|general|B02|21373|3,16,76,77,2,21373076,21373077
2013|general|B02|21373|3,17,80,80,1,21373080,21373080
2013|general|B02|21373|3,18,82,83,2,21373082,21373083
2013|general|B02|21373|3,19,88,91,4,21373088,21373091
2013|general|B02|21373|3,20,93,93,1,21373093,21373093
2013|general|B02|21373|3,21,100,100,1,21373100,21373100
2013|general|B02|21373|3,22,103,103,1,21373103,21373103
2013|general|B02|21373|3,23,105,105,1,21373105,21373105
2013|general|B02|21373|3,24,110,110,1,21373110,21373110
2013|general|B02|21373|3,25,119,121,3,21373119,21373121
2013|general|B02|21373|3,26,126,129,4,21373126,21373129
2013|general|B02|21373|3,27,134,135,2,21373134,21373135
2013|general|B02|21373|3,28,137,138,2,21373137,21373138
2013|general|B02|21373|3,29,143,146,4,21373143,21373146
2013|general|B02|21373|3,30,149,150,2,21373149,21373150
2013|general|B02|21373|3,31,153,153,1,21373153,21373153
2013|general|B02|21373|3,32,156,156,1,21373156,21373156
2013|general|B02|21373|3,33,168,175,8,21373168,21373175
2013|general|B02|21373|3,34,177,177,1,21373177,21373177
2013|general|B02|21373|3,35,179,179,1,21373179,21373179
2013|general|B02|21373|3,36,181,183,3,21373181,21373183
2013|general|B02|21373|3,37,185,189,5,21373185,21373189
2013|general|B02|21373|3,38,192,192,1,21373192,21373192
2013|general|B02|21373|3,39,195,199,5,21373195,21373199
2013|general|B02|21373|3,40,204,212,9,21373204,21373212
2013|general|B02|21373|3,41,214,214,1,21373214,21373214
2013|general|B02|21373|3,42,224,224,1,21373224,21373224
2013|general|B02|21373|3,43,230,231,2,21373230,21373231
2013|general|B02|21373|3,44,234,237,4,21373234,21373237
2013|general|B02|21373|3,45,244,249,6,21373244,21373249
2013|general|B02|21373|3,46,253,255,3,21373253,21373255
2013|general|B02|21373|3,47,259,259,1,21373259,21373259
2013|general|B02|21373|3,48,261,261,1,21373261,21373261
2013|general|B02|21373|3,49,263,264,2,21373263,21373264
2013|general|B02|21373|3,50,267,267,1,21373267,21373267
2013|general|B02|21373|3,51,270,270,1,21373270,21373270
2013|general|B02|21373|3,52,272,273,2,21373272,21373273
2013|general|B02|21373|3,53,275,275,1,21373275,21373275
2013|general|B02|21373|3,54,278,278,1,21373278,21373278
2013|general|B02|21373|3,55,281,281,1,21373281,21373281
2013|general|B02|21374|3,1,116,116,1,21374116,21374116
2013|general|B03|21371|3,1,14,14,1,21371014,21371014
2013|general|B03|21371|3,2,32,32,1,21371032,21371032
2013|general|B03|21371|3,3,34,34,1,21371034,21371034
2013|general|B03|21371|3,4,43,43,1,21371043,21371043
2013|general|B03|21371|3,5,45,45,1,21371045,21371045
2013|general|B03|21371|3,6,49,49,1,21371049,21371049
2013|general|B03|21371|3,7,51,51,1,21371051,21371051
2013|general|B03|21371|3,8,56,56,1,21371056,21371056
2013|general|B03|21371|3,9,104,104,1,21371104,21371104
2013|general|B03|21371|3,10,111,111,1,21371111,21371111
2013|general|B03|21371|3,11,132,132,1,21371132,21371132
2013|general|B03|21371|3,12,136,136,1,21371136,21371136
2013|general|B03|21371|3,13,144,144,1,21371144,21371144
2013|general|B03|21371|3,14,183,183,1,21371183,21371183
2013|general|B03|21372|3,1,5,6,2,21372005,21372006
2013|general|B03|21372|3,2,27,27,1,21372027,21372027
2013|general|B03|21372|3,3,62,62,1,21372062,21372062
2013|general|B03|21372|3,4,116,116,1,21372116,21372116
2013|general|B03|21372|3,5,178,178,1,21372178,21372178
2013|general|B03|21372|3,6,249,250,2,21372249,21372250
2013|general|B03|21372|3,7,266,266,1,21372266,21372266
2013|general|B03|21373|3,1,1,2,2,21373001,21373002
2013|general|B03|21373|3,2,5,5,1,21373005,21373005
2013|general|B03|21373|3,3,9,18,10,21373009,21373018
2013|general|B03|21373|3,4,23,27,5,21373023,21373027
2013|general|B03|21373|3,5,29,31,3,21373029,21373031
2013|general|B03|21373|3,6,33,33,1,21373033,21373033
2013|general|B03|21373|3,7,35,36,2,21373035,21373036
2013|general|B03|21373|3,8,42,43,2,21373042,21373043
2013|general|B03|21373|3,9,45,45,1,21373045,21373045
2013|general|B03|21373|3,10,48,48,1,21373048,21373048
2013|general|B03|21373|3,11,52,53,2,21373052,21373053
2013|general|B03|21373|3,12,57,57,1,21373057,21373057
2013|general|B03|21373|3,13,61,61,1,21373061,21373061
2013|general|B03|21373|3,14,63,66,4,21373063,21373066
2013|general|B03|21373|3,15,68,68,1,21373068,21373068
2013|general|B03|21373|3,16,75,75,1,21373075,21373075
2013|general|B03|21373|3,17,78,79,2,21373078,21373079
2013|general|B03|21373|3,18,85,87,3,21373085,21373087
2013|general|B03|21373|3,19,94,99,6,21373094,21373099
2013|general|B03|21373|3,20,102,102,1,21373102,21373102
2013|general|B03|21373|3,21,104,104,1,21373104,21373104
2013|general|B03|21373|3,22,106,106,1,21373106,21373106
2013|general|B03|21373|3,23,108,109,2,21373108,21373109
2013|general|B03|21373|3,24,112,113,2,21373112,21373113
2013|general|B03|21373|3,25,115,118,4,21373115,21373118
2013|general|B03|21373|3,26,122,125,4,21373122,21373125
2013|general|B03|21373|3,27,130,133,4,21373130,21373133
2013|general|B03|21373|3,28,139,142,4,21373139,21373142
2013|general|B03|21373|3,29,147,148,2,21373147,21373148
2013|general|B03|21373|3,30,152,152,1,21373152,21373152
2013|general|B03|21373|3,31,157,167,11,21373157,21373167
2013|general|B03|21373|3,32,176,176,1,21373176,21373176
2013|general|B03|21373|3,33,178,178,1,21373178,21373178
2013|general|B03|21373|3,34,180,180,1,21373180,21373180
2013|general|B03|21373|3,35,190,191,2,21373190,21373191
2013|general|B03|21373|3,36,193,194,2,21373193,21373194
2013|general|B03|21373|3,37,201,203,3,21373201,21373203
2013|general|B03|21373|3,38,213,213,1,21373213,21373213
2013|general|B03|21373|3,39,215,217,3,21373215,21373217
2013|general|B03|21373|3,40,219,223,5,21373219,21373223
2013|general|B03|21373|3,41,225,229,5,21373225,21373229
2013|general|B03|21373|3,42,232,233,2,21373232,21373233
2013|general|B03|21373|3,43,241,242,2,21373241,21373242
2013|general|B03|21373|3,44,251,252,2,21373251,21373252
2013|general|B03|21373|3,45,258,258,1,21373258,21373258
2013|general|B03|21373|3,46,262,262,1,21373262,21373262
2013|general|B03|21373|3,47,265,266,2,21373265,21373266
2013|general|B03|21373|3,48,268,269,2,21373268,21373269
2013|general|B03|21373|3,49,274,274,1,21373274,21373274
2013|general|B03|21373|3,50,276,277,2,21373276,21373277
2013|general|B03|21373|3,51,280,280,1,21373280,21373280
2013|general|B03|21374|3,1,1,1,1,21374001,21374001
2013|general|B03|21374|3,2,7,7,1,21374007,21374007
2013|general|B03|21374|3,3,14,14,1,21374014,21374014
2013|general|B03|21374|3,4,27,27,1,21374027,21374027
2013|general|B03|21374|3,5,51,51,1,21374051,21374051
2013|general|B03|21374|3,6,54,54,1,21374054,21374054
2013|general|B03|21374|3,7,57,57,1,21374057,21374057
2013|general|B03|21374|3,8,63,63,1,21374063,21374063
2013|general|B03|21374|3,9,76,77,2,21374076,21374077
2013|general|B03|21374|3,10,89,89,1,21374089,21374089
2013|general|B03|21374|3,11,91,92,2,21374091,21374092
2013|general|B03|21374|3,12,104,104,1,21374104,21374104
2013|general|B03|21374|3,13,110,110,1,21374110,21374110
2013|general|B03|21374|3,14,119,119,1,21374119,21374119
2013|general|B03|21374|3,15,125,126,2,21374125,21374126
2013|general|B03|21374|3,16,129,129,1,21374129,21374129
2013|general|B03|21374|3,17,132,132,1,21374132,21374132
2013|general|B03|21374|3,18,137,137,1,21374137,21374137
2013|general|B03|21375|3,1,7,7,1,21375007,21375007
2013|general|B03|21375|3,2,11,11,1,21375011,21375011
2013|general|B03|21375|3,3,54,54,1,21375054,21375054
2013|general|B03|21375|3,4,82,82,1,21375082,21375082
2013|general|B03|21375|3,5,90,90,1,21375090,21375090
2013|general|B03|21375|3,6,105,105,1,21375105,21375105
2013|general|B03|21375|3,7,118,118,1,21375118,21375118
2013|general|B03|21375|3,8,151,151,1,21375151,21375151
2013|general|B04|21372|3,1,199,199,1,21372199,21372199
2013|general|B04|21374|3,1,11,11,1,21374011,21374011
2013|general|B04|21374|3,2,23,23,1,21374023,21374023
2013|general|B04|21374|3,3,28,28,1,21374028,21374028
2013|general|B04|21374|3,4,43,43,1,21374043,21374043
2013|general|B04|21374|3,5,52,52,1,21374052,21374052
2013|general|B04|21374|3,6,73,74,2,21374073,21374074
2013|general|B04|21374|3,7,102,102,1,21374102,21374102
2013|general|B04|21374|3,8,127,127,1,21374127,21374127
2013|general|B04|21375|3,1,1,6,6,21375001,21375006
2013|general|B04|21375|3,2,8,10,3,21375008,21375010
2013|general|B04|21375|3,3,12,53,42,21375012,21375053
2013|general|B04|21375|3,4,55,81,27,21375055,21375081
2013|general|B04|21375|3,5,83,89,7,21375083,21375089
2013|general|B04|21375|3,6,91,104,14,21375091,21375104
2013|general|B04|21375|3,7,106,117,12,21375106,21375117
2013|general|B04|21375|3,8,119,150,32,21375119,21375150
2013|general|B04|21375|3,9,152,156,5,21375152,21375156
2013|general|B05|21371|3,1,5,5,1,21371005,21371005
2013|general|B05|21371|3,2,7,7,1,21371007,21371007
2013|general|B05|21371|3,3,13,13,1,21371013,21371013
2013|general|B05|21371|3,4,15,16,2,21371015,21371016
2013|general|B05|21371|3,5,18,18,1,21371018,21371018
2013|general|B05|21371|3,6,21,21,1,21371021,21371021
2013|general|B05|21371|3,7,57,57,1,21371057,21371057
2013|general|B05|21371|3,8,62,62,1,21371062,21371062
2013|general|B05|21371|3,9,70,70,1,21371070,21371070
2013|general|B05|21371|3,10,77,77,1,21371077,21371077
2013|general|B05|21371|3,11,106,106,1,21371106,21371106
2013|general|B05|21371|3,12,108,108,1,21371108,21371108
2013|general|B05|21371|3,13,114,114,1,21371114,21371114
2013|general|B05|21371|3,14,116,116,1,21371116,21371116
2013|general|B05|21371|3,15,128,129,2,21371128,21371129
2013|general|B05|21371|3,16,139,139,1,21371139,21371139
2013|general|B05|21371|3,17,152,152,1,21371152,21371152
2013|general|B05|21371|3,18,157,157,1,21371157,21371157
2013|general|B05|21371|3,19,174,174,1,21371174,21371174
2013|general|B05|21371|3,20,178,178,1,21371178,21371178
2013|general|B05|21371|3,21,180,180,1,21371180,21371180
2013|general|B05|21372|3,1,3,3,1,21372003,21372003
2013|general|B05|21372|3,2,43,43,1,21372043,21372043
2013|general|B05|21372|3,3,51,51,1,21372051,21372051
2013|general|B05|21372|3,4,53,53,1,21372053,21372053
2013|general|B05|21372|3,5,76,76,1,21372076,21372076
2013|general|B05|21372|3,6,81,81,1,21372081,21372081
2013|general|B05|21372|3,7,87,88,2,21372087,21372088
2013|general|B05|21372|3,8,147,147,1,21372147,21372147
2013|general|B05|21372|3,9,155,155,1,21372155,21372155
2013|general|B05|21372|3,10,170,170,1,21372170,21372170
2013|general|B05|21372|3,11,174,174,1,21372174,21372174
2013|general|B05|21372|3,12,194,194,1,21372194,21372194
2013|general|B05|21372|3,13,227,227,1,21372227,21372227
2013|general|B05|21372|3,14,234,234,1,21372234,21372234
2013|general|B05|21372|3,15,262,262,1,21372262,21372262
2013|general|B05|21374|3,1,2,5,4,21374002,21374005
2013|general|B05|21374|3,2,8,8,1,21374008,21374008
2013|general|B05|21374|3,3,12,13,2,21374012,21374013
2013|general|B05|21374|3,4,15,17,3,21374015,21374017
2013|general|B05|21374|3,5,20,20,1,21374020,21374020
2013|general|B05|21374|3,6,22,22,1,21374022,21374022
2013|general|B05|21374|3,7,24,25,2,21374024,21374025
2013|general|B05|21374|3,8,29,29,1,21374029,21374029
2013|general|B05|21374|3,9,32,33,2,21374032,21374033
2013|general|B05|21374|3,10,36,40,5,21374036,21374040
2013|general|B05|21374|3,11,44,45,2,21374044,21374045
2013|general|B05|21374|3,12,48,50,3,21374048,21374050
2013|general|B05|21374|3,13,53,53,1,21374053,21374053
2013|general|B05|21374|3,14,59,59,1,21374059,21374059
2013|general|B05|21374|3,15,64,65,2,21374064,21374065
2013|general|B05|21374|3,16,70,72,3,21374070,21374072
2013|general|B05|21374|3,17,75,75,1,21374075,21374075
2013|general|B05|21374|3,18,78,79,2,21374078,21374079
2013|general|B05|21374|3,19,81,87,7,21374081,21374087
2013|general|B05|21374|3,20,90,90,1,21374090,21374090
2013|general|B05|21374|3,21,95,99,5,21374095,21374099
2013|general|B05|21374|3,22,103,103,1,21374103,21374103
2013|general|B05|21374|3,23,105,106,2,21374105,21374106
2013|general|B05|21374|3,24,109,109,1,21374109,21374109
2013|general|B05|21374|3,25,111,111,1,21374111,21374111
2013|general|B05|21374|3,26,115,115,1,21374115,21374115
2013|general|B05|21374|3,27,117,117,1,21374117,21374117
2013|general|B05|21374|3,28,120,120,1,21374120,21374120
2013|general|B05|21374|3,29,124,124,1,21374124,21374124
2013|general|B05|21374|3,30,128,128,1,21374128,21374128
2013|general|B05|21374|3,31,131,131,1,21374131,21374131
2013|general|B05|21374|3,32,133,133,1,21374133,21374133
2013|general|B05|21374|3,33,136,136,1,21374136,21374136
2013|general|B06|21371|3,1,160,160,1,21371160,21371160
2013|general|B06|21376|3,1,210,210,1,21376210,21376210
2013|general|B06|21377|3,1,1,172,172,21377001,21377172
2013|general|B07|21371|3,1,17,17,1,21371017,21371017
2013|general|B07|21371|3,2,26,26,1,21371026,21371026
2013|general|B07|21371|3,3,31,31,1,21371031,21371031
2013|general|B07|21371|3,4,54,54,1,21371054,21371054
2013|general|B07|21371|3,5,75,76,2,21371075,21371076
2013|general|B07|21371|3,6,82,82,1,21371082,21371082
2013|general|B07|21371|3,7,100,100,1,21371100,21371100
2013|general|B07|21371|3,8,110,110,1,21371110,21371110
2013|general|B07|21371|3,9,115,115,1,21371115,21371115
2013|general|B07|21371|3,10,118,118,1,21371118,21371118
2013|general|B07|21371|3,11,120,120,1,21371120,21371120
2013|general|B07|21371|3,12,124,124,1,21371124,21371124
2013|general|B07|21371|3,13,130,130,1,21371130,21371130
2013|general|B07|21371|3,14,135,135,1,21371135,21371135
2013|general|B07|21371|3,15,145,146,2,21371145,21371146
2013|general|B07|21371|3,16,161,161,1,21371161,21371161
2013|general|B07|21371|3,17,167,167,1,21371167,21371167
2013|general|B07|21371|3,18,171,172,2,21371171,21371172
2013|general|B07|21371|3,19,182,182,1,21371182,21371182
2013|general|B07|21372|3,1,1,1,1,21372001,21372001
2013|general|B07|21372|3,2,15,23,9,21372015,21372023
2013|general|B07|21372|3,3,26,26,1,21372026,21372026
2013|general|B07|21372|3,4,28,28,1,21372028,21372028
2013|general|B07|21372|3,5,32,32,1,21372032,21372032
2013|general|B07|21372|3,6,36,37,2,21372036,21372037
2013|general|B07|21372|3,7,42,42,1,21372042,21372042
2013|general|B07|21372|3,8,49,50,2,21372049,21372050
2013|general|B07|21372|3,9,52,52,1,21372052,21372052
2013|general|B07|21372|3,10,58,58,1,21372058,21372058
2013|general|B07|21372|3,11,60,60,1,21372060,21372060
2013|general|B07|21372|3,12,65,66,2,21372065,21372066
2013|general|B07|21372|3,13,68,70,3,21372068,21372070
2013|general|B07|21372|3,14,78,79,2,21372078,21372079
2013|general|B07|21372|3,15,93,94,2,21372093,21372094
2013|general|B07|21372|3,16,100,100,1,21372100,21372100
2013|general|B07|21372|3,17,107,107,1,21372107,21372107
2013|general|B07|21372|3,18,109,110,2,21372109,21372110
2013|general|B07|21372|3,19,113,113,1,21372113,21372113
2013|general|B07|21372|3,20,115,115,1,21372115,21372115
2013|general|B07|21372|3,21,125,127,3,21372125,21372127
2013|general|B07|21372|3,22,129,135,7,21372129,21372135
2013|general|B07|21372|3,23,140,141,2,21372140,21372141
2013|general|B07|21372|3,24,145,146,2,21372145,21372146
2013|general|B07|21372|3,25,149,149,1,21372149,21372149
2013|general|B07|21372|3,26,156,157,2,21372156,21372157
2013|general|B07|21372|3,27,166,166,1,21372166,21372166
2013|general|B07|21372|3,28,182,183,2,21372182,21372183
2013|general|B07|21372|3,29,185,185,1,21372185,21372185
2013|general|B07|21372|3,30,189,191,3,21372189,21372191
2013|general|B07|21372|3,31,198,198,1,21372198,21372198
2013|general|B07|21372|3,32,203,203,1,21372203,21372203
2013|general|B07|21372|3,33,205,208,4,21372205,21372208
2013|general|B07|21372|3,34,213,215,3,21372213,21372215
2013|general|B07|21372|3,35,221,223,3,21372221,21372223
2013|general|B07|21372|3,36,228,229,2,21372228,21372229
2013|general|B07|21372|3,37,233,233,1,21372233,21372233
2013|general|B07|21372|3,38,235,238,4,21372235,21372238
2013|general|B07|21372|3,39,248,248,1,21372248,21372248
2013|general|B07|21372|3,40,252,254,3,21372252,21372254
2013|general|B07|21372|3,41,257,257,1,21372257,21372257
2013|general|B07|21372|3,42,260,261,2,21372260,21372261
2013|general|B07|21372|3,43,263,263,1,21372263,21372263
2013|general|B07|21372|3,44,267,267,1,21372267,21372267
2013|general|B07|21373|3,1,21,21,1,21373021,21373021
2013|general|B07|21373|3,2,62,62,1,21373062,21373062
2013|general|B07|21373|3,3,101,101,1,21373101,21373101
2013|general|B07|21373|3,4,151,151,1,21373151,21373151
2013|general|B07|21373|3,5,200,200,1,21373200,21373200
2013|general|B07|21373|3,6,243,243,1,21373243,21373243
2013|general|B07|21373|3,7,260,260,1,21373260,21373260
2013|general|B07|21373|3,8,271,271,1,21373271,21373271
2013|general|B08|21372|3,1,80,80,1,21372080,21372080
2013|general|B08|21373|3,1,84,84,1,21373084,21373084
2013|general|B08|21373|3,2,114,114,1,21373114,21373114
2013|general|B08|21373|3,3,218,218,1,21373218,21373218
2013|general|B08|21373|3,4,239,240,2,21373239,21373240
2013|general|B08|21373|3,5,250,250,1,21373250,21373250
2013|general|B08|21373|3,6,279,279,1,21373279,21373279
2013|general|B08|21376|3,1,1,32,32,21376001,21376032
2013|general|B08|21376|3,2,34,91,58,21376034,21376091
2013|general|B08|21376|3,3,93,209,117,21376093,21376209
2013|general|B08|21376|3,4,211,285,75,21376211,21376285
2013|general|B09|21373|3,1,7,7,1,21373007,21373007
2013|general|B09|21373|3,2,28,28,1,21373028,21373028
2013|general|B09|21373|3,3,47,47,1,21373047,21373047
2013|general|B09|21373|3,4,60,60,1,21373060,21373060
2013|general|B09|21373|3,5,81,81,1,21373081,21373081
2013|general|B09|21373|3,6,92,92,1,21373092,21373092
2013|general|B09|21373|3,7,107,107,1,21373107,21373107
2013|general|B09|21373|3,8,111,111,1,21373111,21373111
2013|general|B09|21373|3,9,136,136,1,21373136,21373136
2013|general|B09|21373|3,10,154,155,2,21373154,21373155
2013|general|B09|21373|3,11,184,184,1,21373184,21373184
2013|general|B09|21373|3,12,238,238,1,21373238,21373238
2013|general|B09|21373|3,13,256,257,2,21373256,21373257
2013|general|B09|21374|3,1,21,21,1,21374021,21374021
2013|general|B09|21374|3,2,46,46,1,21374046,21374046
2013|joint_fund|B01|U1304|3,1,201,201,1,U1304201,U1304201
2013|joint_fund|B01|U1304|3,2,207,207,1,U1304207,U1304207
2013|joint_fund|B02|U1304|3,1,209,211,3,U1304209,U1304211
2013|joint_fund|B03|U1304|3,1,208,208,1,U1304208,U1304208
2013|joint_fund|B04|U1304|3,1,213,214,2,U1304213,U1304214
2013|joint_fund|B05|U1304|3,1,203,204,2,U1304203,U1304204
2013|joint_fund|B05|U1304|3,2,212,212,1,U1304212,U1304212
2013|joint_fund|B06|U1304|3,1,216,216,1,U1304216,U1304216
2013|joint_fund|B07|U1304|3,1,202,202,1,U1304202,U1304202
2013|joint_fund|B07|U1304|3,2,205,206,2,U1304205,U1304206
2013|joint_fund|B08|U1304|3,1,215,215,1,U1304215,U1304215
2013|joint_fund|B08|U1362|3,1,101,113,13,U1362101,U1362113
2013|joint_fund|B08|U1362|3,2,201,205,5,U1362201,U1362205
2013|key|B01|21331|3,1,1,3,3,21331001,21331003
2013|key|B01|21331|3,2,5,7,3,21331005,21331007
2013|key|B01|21332|3,1,1,3,3,21332001,21332003
2013|key|B01|21332|3,2,5,5,1,21332005,21332005
2013|key|B01|21332|3,3,7,10,4,21332007,21332010
2013|key|B01|21334|3,1,1,1,1,21334001,21334001
2013|key|B02|21333|3,1,3,3,1,21333003,21333003
2013|key|B02|21333|3,2,5,6,2,21333005,21333006
2013|key|B02|21333|3,3,9,9,1,21333009,21333009
2013|key|B03|21333|3,1,1,1,1,21333001,21333001
2013|key|B03|21333|3,2,4,4,1,21333004,21333004
2013|key|B03|21333|3,3,7,8,2,21333007,21333008
2013|key|B03|21333|3,4,10,12,3,21333010,21333012
2013|key|B03|21334|3,1,6,7,2,21334006,21334007
2013|key|B04|21335|3,1,1,7,7,21335001,21335007
2013|key|B05|21331|3,1,4,4,1,21331004,21331004
2013|key|B05|21334|3,1,2,5,4,21334002,21334005
2013|key|B06|21337|3,1,1,5,5,21337001,21337005
2013|key|B07|21332|3,1,4,4,1,21332004,21332004
2013|key|B07|21332|3,2,6,6,1,21332006,21332006
2013|key|B08|21336|3,1,1,11,11,21336001,21336011
2013|key|B09|21333|3,1,2,2,1,21333002,21333002
2013|major_research_plan|B01|91313|3,1,0,0,1,91313000,91313000
2013|major_research_plan|B01|91313|3,2,301,301,1,91313301,91313301
2013|major_research_plan|B01|91322|3,1,0,0,1,91322000,91322000
2013|major_research_plan|B01|91333|3,1,113,113,1,91333113,91333113
2013|major_research_plan|B02|91326|3,1,113,113,1,91326113,91326113
2013|major_research_plan|B02|91333|3,1,104,104,1,91333104,91333104
2013|major_research_plan|B03|91327|3,1,0,0,1,91327000,91327000
2013|major_research_plan|B03|91333|3,1,101,101,1,91333101,91333101
2013|major_research_plan|B03|91333|3,2,114,114,1,91333114,91333114
2013|major_research_plan|B03|91333|3,3,202,202,1,91333202,91333202
2013|major_research_plan|B04|91332|3,1,101,101,1,91332101,91332101
2013|major_research_plan|B06|91326|3,1,110,112,3,91326110,91326112
2013|major_research_plan|B06|91326|3,2,202,203,2,91326202,91326203
2013|major_research_plan|B08|91334|3,1,0,0,1,91334000,91334000
2013|major_research_plan|B08|91334|3,2,101,109,9,91334101,91334109
2013|major_research_plan|B08|91334|3,3,201,206,6,91334201,91334206
2013|regional|B01|21361|3,1,5,6,2,21361005,21361006
2013|regional|B01|21361|3,2,9,12,4,21361009,21361012
2013|regional|B01|21361|3,3,15,17,3,21361015,21361017
2013|regional|B01|21361|3,4,19,19,1,21361019,21361019
2013|regional|B01|21361|3,5,21,28,8,21361021,21361028
2013|regional|B01|21362|3,1,2,2,1,21362002,21362002
2013|regional|B01|21362|3,2,5,6,2,21362005,21362006
2013|regional|B01|21362|3,3,8,8,1,21362008,21362008
2013|regional|B01|21362|3,4,10,10,1,21362010,21362010
2013|regional|B01|21362|3,5,12,14,3,21362012,21362014
2013|regional|B01|21362|3,6,16,16,1,21362016,21362016
2013|regional|B01|21362|3,7,19,20,2,21362019,21362020
2013|regional|B01|21362|3,8,22,22,1,21362022,21362022
2013|regional|B01|21362|3,9,27,27,1,21362027,21362027
2013|regional|B01|21362|3,10,29,34,6,21362029,21362034
2013|regional|B01|21362|3,11,36,38,3,21362036,21362038
2013|regional|B01|21362|3,12,40,40,1,21362040,21362040
2013|regional|B01|21362|3,13,43,43,1,21362043,21362043
2013|regional|B01|21362|3,14,46,47,2,21362046,21362047
2013|regional|B01|21364|3,1,3,3,1,21364003,21364003
2013|regional|B01|21364|3,2,5,5,1,21364005,21364005
2013|regional|B01|21364|3,3,8,8,1,21364008,21364008
2013|regional|B02|21363|3,1,2,3,2,21363002,21363003
2013|regional|B02|21363|3,2,6,6,1,21363006,21363006
2013|regional|B02|21363|3,3,8,8,1,21363008,21363008
2013|regional|B02|21363|3,4,11,12,2,21363011,21363012
2013|regional|B02|21363|3,5,18,18,1,21363018,21363018
2013|regional|B02|21363|3,6,20,23,4,21363020,21363023
2013|regional|B02|21363|3,7,26,27,2,21363026,21363027
2013|regional|B02|21363|3,8,29,29,1,21363029,21363029
2013|regional|B02|21365|3,1,3,3,1,21365003,21365003
2013|regional|B03|21362|3,1,15,15,1,21362015,21362015
2013|regional|B03|21363|3,1,1,1,1,21363001,21363001
2013|regional|B03|21363|3,2,4,4,1,21363004,21363004
2013|regional|B03|21363|3,3,7,7,1,21363007,21363007
2013|regional|B03|21363|3,4,10,10,1,21363010,21363010
2013|regional|B03|21363|3,5,13,14,2,21363013,21363014
2013|regional|B03|21363|3,6,16,17,2,21363016,21363017
2013|regional|B03|21363|3,7,19,19,1,21363019,21363019
2013|regional|B03|21363|3,8,25,25,1,21363025,21363025
2013|regional|B03|21363|3,9,28,28,1,21363028,21363028
2013|regional|B03|21364|3,1,1,1,1,21364001,21364001
2013|regional|B03|21364|3,2,4,4,1,21364004,21364004
2013|regional|B03|21364|3,3,16,16,1,21364016,21364016
2013|regional|B03|21365|3,1,8,8,1,21365008,21365008
2013|regional|B04|21364|3,1,9,9,1,21364009,21364009
2013|regional|B04|21365|3,1,1,2,2,21365001,21365002
2013|regional|B04|21365|3,2,4,7,4,21365004,21365007
2013|regional|B04|21365|3,3,9,26,18,21365009,21365026
2013|regional|B05|21361|3,1,2,2,1,21361002,21361002
2013|regional|B05|21361|3,2,7,8,2,21361007,21361008
2013|regional|B05|21361|3,3,13,13,1,21361013,21361013
2013|regional|B05|21361|3,4,20,20,1,21361020,21361020
2013|regional|B05|21364|3,1,2,2,1,21364002,21364002
2013|regional|B05|21364|3,2,6,7,2,21364006,21364007
2013|regional|B05|21364|3,3,10,15,6,21364010,21364015
2013|regional|B05|21364|3,4,17,17,1,21364017,21364017
2013|regional|B06|21361|3,1,1,1,1,21361001,21361001
2013|regional|B06|21367|3,1,1,26,26,21367001,21367026
2013|regional|B07|21361|3,1,3,4,2,21361003,21361004
2013|regional|B07|21361|3,2,14,14,1,21361014,21361014
2013|regional|B07|21361|3,3,18,18,1,21361018,21361018
2013|regional|B07|21362|3,1,1,1,1,21362001,21362001
2013|regional|B07|21362|3,2,7,7,1,21362007,21362007
2013|regional|B07|21362|3,3,9,9,1,21362009,21362009
2013|regional|B07|21362|3,4,11,11,1,21362011,21362011
2013|regional|B07|21362|3,5,17,18,2,21362017,21362018
2013|regional|B07|21362|3,6,21,21,1,21362021,21362021
2013|regional|B07|21362|3,7,23,26,4,21362023,21362026
2013|regional|B07|21362|3,8,35,35,1,21362035,21362035
2013|regional|B07|21362|3,9,39,39,1,21362039,21362039
2013|regional|B07|21362|3,10,41,42,2,21362041,21362042
2013|regional|B07|21362|3,11,44,45,2,21362044,21362045
2013|regional|B07|21363|3,1,24,24,1,21363024,21363024
2013|regional|B08|21362|3,1,3,4,2,21362003,21362004
2013|regional|B08|21362|3,2,28,28,1,21362028,21362028
2013|regional|B08|21363|3,1,9,9,1,21363009,21363009
2013|regional|B08|21366|3,1,1,33,33,21366001,21366033
2013|regional|B09|21363|3,1,5,5,1,21363005,21363005
2013|regional|B09|21363|3,2,15,15,1,21363015,21363015
2013|special|B01|21341|3,1,1,5,5,21341001,21341005
2013|special|B01|21341|3,2,10,10,1,21341010,21341010
2013|special|B01|21341|3,3,401,402,2,21341401,21341402
2013|special|B01|21342|3,1,1,3,3,21342001,21342003
2013|special|B01|21342|3,2,5,5,1,21342005,21342005
2013|special|B01|21342|3,3,7,7,1,21342007,21342007
2013|special|B01|21342|3,4,9,9,1,21342009,21342009
2013|special|B01|21342|3,5,11,13,3,21342011,21342013
2013|special|B01|21342|3,6,15,15,1,21342015,21342015
2013|special|B01|21342|3,7,402,406,5,21342402,21342406
2013|special|B01|21344|3,1,7,9,3,21344007,21344009
2013|special|B01|21352|3,1,1,2,2,21352001,21352002
2013|special|B02|21343|3,1,3,3,1,21343003,21343003
2013|special|B02|21343|3,2,6,6,1,21343006,21343006
2013|special|B02|21343|3,3,9,9,1,21343009,21343009
2013|special|B02|21343|3,4,12,12,1,21343012,21343012
2013|special|B02|21343|3,5,14,15,2,21343014,21343015
2013|special|B02|21353|3,1,1,3,3,21353001,21353003
2013|special|B03|21327|3,1,1,1,1,21327001,21327001
2013|special|B03|21327|3,2,3,3,1,21327003,21327003
2013|special|B03|21341|3,1,6,6,1,21341006,21341006
2013|special|B03|21341|3,2,9,9,1,21341009,21341009
2013|special|B03|21342|3,1,401,401,1,21342401,21342401
2013|special|B03|21343|3,1,1,2,2,21343001,21343002
2013|special|B03|21343|3,2,4,5,2,21343004,21343005
2013|special|B03|21343|3,3,7,8,2,21343007,21343008
2013|special|B03|21343|3,4,10,10,1,21343010,21343010
2013|special|B03|21343|3,5,13,13,1,21343013,21343013
2013|special|B03|21343|3,6,401,402,2,21343401,21343402
2013|special|B03|21344|3,1,5,5,1,21344005,21344005
2013|special|B03|21353|3,1,4,4,1,21353004,21353004
2013|special|B04|21327|3,1,4,10,7,21327004,21327010
2013|special|B04|21344|3,1,3,3,1,21344003,21344003
2013|special|B04|21345|3,1,1,8,8,21345001,21345008
2013|special|B05|21341|3,1,7,7,1,21341007,21341007
2013|special|B05|21344|3,1,1,2,2,21344001,21344002
2013|special|B05|21344|3,2,4,4,1,21344004,21344004
2013|special|B05|21344|3,3,6,6,1,21344006,21344006
2013|special|B05|21344|3,4,401,403,3,21344401,21344403
2013|special|B06|21347|3,1,1,8,8,21347001,21347008
2013|special|B06|21347|3,2,401,402,2,21347401,21347402
2013|special|B07|21342|3,1,4,4,1,21342004,21342004
2013|special|B07|21342|3,2,6,6,1,21342006,21342006
2013|special|B07|21342|3,3,8,8,1,21342008,21342008
2013|special|B07|21342|3,4,10,10,1,21342010,21342010
2013|special|B07|21342|3,5,14,14,1,21342014,21342014
2013|special|B07|21342|3,6,16,17,2,21342016,21342017
2013|special|B08|21327|3,1,11,11,1,21327011,21327011
2013|special|B08|21346|3,1,1,12,12,21346001,21346012
2013|special|B08|21346|3,2,401,401,1,21346401,21346401
2013|special|B08|21356|3,1,1,1,1,21356001,21356001
2013|special|B09|21327|3,1,2,2,1,21327002,21327002
2013|special|B09|21343|3,1,11,11,1,21343011,21343011
2013|youth_c|B01|21301|3,1,2,5,4,21301002,21301005
2013|youth_c|B01|21301|3,2,7,12,6,21301007,21301012
2013|youth_c|B01|21301|3,3,14,14,1,21301014,21301014
2013|youth_c|B01|21301|3,4,16,20,5,21301016,21301020
2013|youth_c|B01|21301|3,5,22,22,1,21301022,21301022
2013|youth_c|B01|21301|3,6,24,27,4,21301024,21301027
2013|youth_c|B01|21301|3,7,29,29,1,21301029,21301029
2013|youth_c|B01|21301|3,8,32,33,2,21301032,21301033
2013|youth_c|B01|21301|3,9,37,38,2,21301037,21301038
2013|youth_c|B01|21301|3,10,43,43,1,21301043,21301043
2013|youth_c|B01|21301|3,11,45,45,1,21301045,21301045
2013|youth_c|B01|21301|3,12,47,47,1,21301047,21301047
2013|youth_c|B01|21301|3,13,49,49,1,21301049,21301049
2013|youth_c|B01|21301|3,14,54,54,1,21301054,21301054
2013|youth_c|B01|21301|3,15,57,57,1,21301057,21301057
2013|youth_c|B01|21301|3,16,59,59,1,21301059,21301059
2013|youth_c|B01|21301|3,17,61,62,2,21301061,21301062
2013|youth_c|B01|21301|3,18,64,66,3,21301064,21301066
2013|youth_c|B01|21301|3,19,68,70,3,21301068,21301070
2013|youth_c|B01|21301|3,20,72,72,1,21301072,21301072
2013|youth_c|B01|21301|3,21,74,74,1,21301074,21301074
2013|youth_c|B01|21301|3,22,78,78,1,21301078,21301078
2013|youth_c|B01|21301|3,23,80,80,1,21301080,21301080
2013|youth_c|B01|21301|3,24,85,85,1,21301085,21301085
2013|youth_c|B01|21301|3,25,88,89,2,21301088,21301089
2013|youth_c|B01|21301|3,26,92,96,5,21301092,21301096
2013|youth_c|B01|21301|3,27,98,101,4,21301098,21301101
2013|youth_c|B01|21301|3,28,103,106,4,21301103,21301106
2013|youth_c|B01|21301|3,29,108,108,1,21301108,21301108
2013|youth_c|B01|21301|3,30,111,111,1,21301111,21301111
2013|youth_c|B01|21301|3,31,115,119,5,21301115,21301119
2013|youth_c|B01|21301|3,32,121,123,3,21301121,21301123
2013|youth_c|B01|21301|3,33,125,125,1,21301125,21301125
2013|youth_c|B01|21301|3,34,128,129,2,21301128,21301129
2013|youth_c|B01|21301|3,35,131,131,1,21301131,21301131
2013|youth_c|B01|21301|3,36,134,134,1,21301134,21301134
2013|youth_c|B01|21301|3,37,139,139,1,21301139,21301139
2013|youth_c|B01|21301|3,38,142,145,4,21301142,21301145
2013|youth_c|B01|21301|3,39,148,149,2,21301148,21301149
2013|youth_c|B01|21301|3,40,154,155,2,21301154,21301155
2013|youth_c|B01|21301|3,41,157,157,1,21301157,21301157
2013|youth_c|B01|21301|3,42,162,162,1,21301162,21301162
2013|youth_c|B01|21301|3,43,165,168,4,21301165,21301168
2013|youth_c|B01|21301|3,44,172,172,1,21301172,21301172
2013|youth_c|B01|21301|3,45,177,177,1,21301177,21301177
2013|youth_c|B01|21301|3,46,179,180,2,21301179,21301180
2013|youth_c|B01|21301|3,47,183,183,1,21301183,21301183
2013|youth_c|B01|21301|3,48,185,187,3,21301185,21301187
2013|youth_c|B01|21301|3,49,190,191,2,21301190,21301191
2013|youth_c|B01|21301|3,50,193,194,2,21301193,21301194
2013|youth_c|B01|21301|3,51,196,196,1,21301196,21301196
2013|youth_c|B01|21301|3,52,199,201,3,21301199,21301201
2013|youth_c|B01|21302|3,1,1,1,1,21302001,21302001
2013|youth_c|B01|21302|3,2,3,3,1,21302003,21302003
2013|youth_c|B01|21302|3,3,10,11,2,21302010,21302011
2013|youth_c|B01|21302|3,4,13,17,5,21302013,21302017
2013|youth_c|B01|21302|3,5,19,20,2,21302019,21302020
2013|youth_c|B01|21302|3,6,23,23,1,21302023,21302023
2013|youth_c|B01|21302|3,7,26,26,1,21302026,21302026
2013|youth_c|B01|21302|3,8,28,35,8,21302028,21302035
2013|youth_c|B01|21302|3,9,39,39,1,21302039,21302039
2013|youth_c|B01|21302|3,10,42,46,5,21302042,21302046
2013|youth_c|B01|21302|3,11,48,49,2,21302048,21302049
2013|youth_c|B01|21302|3,12,51,51,1,21302051,21302051
2013|youth_c|B01|21302|3,13,53,53,1,21302053,21302053
2013|youth_c|B01|21302|3,14,55,55,1,21302055,21302055
2013|youth_c|B01|21302|3,15,57,58,2,21302057,21302058
2013|youth_c|B01|21302|3,16,63,64,2,21302063,21302064
2013|youth_c|B01|21302|3,17,66,67,2,21302066,21302067
2013|youth_c|B01|21302|3,18,69,70,2,21302069,21302070
2013|youth_c|B01|21302|3,19,72,76,5,21302072,21302076
2013|youth_c|B01|21302|3,20,81,84,4,21302081,21302084
2013|youth_c|B01|21302|3,21,87,92,6,21302087,21302092
2013|youth_c|B01|21302|3,22,94,96,3,21302094,21302096
2013|youth_c|B01|21302|3,23,98,101,4,21302098,21302101
2013|youth_c|B01|21302|3,24,105,106,2,21302105,21302106
2013|youth_c|B01|21302|3,25,109,110,2,21302109,21302110
2013|youth_c|B01|21302|3,26,114,117,4,21302114,21302117
2013|youth_c|B01|21302|3,27,120,121,2,21302120,21302121
2013|youth_c|B01|21302|3,28,123,130,8,21302123,21302130
2013|youth_c|B01|21302|3,29,132,132,1,21302132,21302132
2013|youth_c|B01|21302|3,30,135,137,3,21302135,21302137
2013|youth_c|B01|21302|3,31,140,140,1,21302140,21302140
2013|youth_c|B01|21302|3,32,143,146,4,21302143,21302146
2013|youth_c|B01|21302|3,33,148,152,5,21302148,21302152
2013|youth_c|B01|21302|3,34,154,163,10,21302154,21302163
2013|youth_c|B01|21302|3,35,165,166,2,21302165,21302166
2013|youth_c|B01|21302|3,36,168,174,7,21302168,21302174
2013|youth_c|B01|21302|3,37,176,178,3,21302176,21302178
2013|youth_c|B01|21302|3,38,183,184,2,21302183,21302184
2013|youth_c|B01|21302|3,39,187,191,5,21302187,21302191
2013|youth_c|B01|21302|3,40,194,194,1,21302194,21302194
2013|youth_c|B01|21302|3,41,196,197,2,21302196,21302197
2013|youth_c|B01|21302|3,42,199,200,2,21302199,21302200
2013|youth_c|B01|21302|3,43,203,207,5,21302203,21302207
2013|youth_c|B01|21302|3,44,212,212,1,21302212,21302212
2013|youth_c|B01|21302|3,45,214,222,9,21302214,21302222
2013|youth_c|B01|21302|3,46,231,233,3,21302231,21302233
2013|youth_c|B01|21302|3,47,236,237,2,21302236,21302237
2013|youth_c|B01|21304|3,1,5,5,1,21304005,21304005
2013|youth_c|B01|21304|3,2,7,7,1,21304007,21304007
2013|youth_c|B01|21304|3,3,10,10,1,21304010,21304010
2013|youth_c|B01|21304|3,4,13,13,1,21304013,21304013
2013|youth_c|B01|21304|3,5,22,22,1,21304022,21304022
2013|youth_c|B01|21304|3,6,27,28,2,21304027,21304028
2013|youth_c|B01|21304|3,7,31,31,1,21304031,21304031
2013|youth_c|B01|21304|3,8,33,33,1,21304033,21304033
2013|youth_c|B01|21304|3,9,35,37,3,21304035,21304037
2013|youth_c|B01|21304|3,10,45,45,1,21304045,21304045
2013|youth_c|B01|21304|3,11,50,50,1,21304050,21304050
2013|youth_c|B01|21304|3,12,52,52,1,21304052,21304052
2013|youth_c|B01|21304|3,13,54,54,1,21304054,21304054
2013|youth_c|B01|21304|3,14,56,57,2,21304056,21304057
2013|youth_c|B01|21304|3,15,61,61,1,21304061,21304061
2013|youth_c|B01|21304|3,16,63,63,1,21304063,21304063
2013|youth_c|B01|21304|3,17,66,67,2,21304066,21304067
2013|youth_c|B01|21304|3,18,76,76,1,21304076,21304076
2013|youth_c|B01|21304|3,19,79,79,1,21304079,21304079
2013|youth_c|B01|21304|3,20,85,88,4,21304085,21304088
2013|youth_c|B01|21304|3,21,100,100,1,21304100,21304100
2013|youth_c|B01|21304|3,22,105,105,1,21304105,21304105
2013|youth_c|B02|21301|3,1,141,141,1,21301141,21301141
2013|youth_c|B02|21301|3,2,173,173,1,21301173,21301173
2013|youth_c|B02|21301|3,3,182,182,1,21301182,21301182
2013|youth_c|B02|21301|3,4,188,188,1,21301188,21301188
2013|youth_c|B02|21303|3,1,2,3,2,21303002,21303003
2013|youth_c|B02|21303|3,2,8,8,1,21303008,21303008
2013|youth_c|B02|21303|3,3,10,10,1,21303010,21303010
2013|youth_c|B02|21303|3,4,13,15,3,21303013,21303015
2013|youth_c|B02|21303|3,5,19,20,2,21303019,21303020
2013|youth_c|B02|21303|3,6,22,24,3,21303022,21303024
2013|youth_c|B02|21303|3,7,26,26,1,21303026,21303026
2013|youth_c|B02|21303|3,8,28,28,1,21303028,21303028
2013|youth_c|B02|21303|3,9,31,35,5,21303031,21303035
2013|youth_c|B02|21303|3,10,37,39,3,21303037,21303039
2013|youth_c|B02|21303|3,11,42,42,1,21303042,21303042
2013|youth_c|B02|21303|3,12,45,48,4,21303045,21303048
2013|youth_c|B02|21303|3,13,52,54,3,21303052,21303054
2013|youth_c|B02|21303|3,14,58,58,1,21303058,21303058
2013|youth_c|B02|21303|3,15,60,61,2,21303060,21303061
2013|youth_c|B02|21303|3,16,63,64,2,21303063,21303064
2013|youth_c|B02|21303|3,17,69,71,3,21303069,21303071
2013|youth_c|B02|21303|3,18,75,77,3,21303075,21303077
2013|youth_c|B02|21303|3,19,80,85,6,21303080,21303085
2013|youth_c|B02|21303|3,20,87,89,3,21303087,21303089
2013|youth_c|B02|21303|3,21,92,92,1,21303092,21303092
2013|youth_c|B02|21303|3,22,94,94,1,21303094,21303094
2013|youth_c|B02|21303|3,23,97,99,3,21303097,21303099
2013|youth_c|B02|21303|3,24,102,103,2,21303102,21303103
2013|youth_c|B02|21303|3,25,106,107,2,21303106,21303107
2013|youth_c|B02|21303|3,26,109,109,1,21303109,21303109
2013|youth_c|B02|21303|3,27,113,117,5,21303113,21303117
2013|youth_c|B02|21303|3,28,119,119,1,21303119,21303119
2013|youth_c|B02|21303|3,29,122,123,2,21303122,21303123
2013|youth_c|B02|21303|3,30,128,130,3,21303128,21303130
2013|youth_c|B02|21303|3,31,133,135,3,21303133,21303135
2013|youth_c|B02|21303|3,32,137,137,1,21303137,21303137
2013|youth_c|B02|21303|3,33,139,146,8,21303139,21303146
2013|youth_c|B02|21303|3,34,148,148,1,21303148,21303148
2013|youth_c|B02|21303|3,35,150,150,1,21303150,21303150
2013|youth_c|B02|21303|3,36,152,155,4,21303152,21303155
2013|youth_c|B02|21303|3,37,157,158,2,21303157,21303158
2013|youth_c|B02|21303|3,38,161,161,1,21303161,21303161
2013|youth_c|B02|21303|3,39,163,163,1,21303163,21303163
2013|youth_c|B02|21303|3,40,166,166,1,21303166,21303166
2013|youth_c|B02|21303|3,41,169,169,1,21303169,21303169
2013|youth_c|B02|21303|3,42,179,180,2,21303179,21303180
2013|youth_c|B02|21303|3,43,183,195,13,21303183,21303195
2013|youth_c|B02|21303|3,44,205,206,2,21303205,21303206
2013|youth_c|B02|21303|3,45,208,208,1,21303208,21303208
2013|youth_c|B02|21303|3,46,210,210,1,21303210,21303210
2013|youth_c|B02|21303|3,47,218,222,5,21303218,21303222
2013|youth_c|B02|21303|3,48,226,226,1,21303226,21303226
2013|youth_c|B02|21303|3,49,228,233,6,21303228,21303233
2013|youth_c|B02|21303|3,50,237,238,2,21303237,21303238
2013|youth_c|B02|21303|3,51,240,242,3,21303240,21303242
2013|youth_c|B02|21303|3,52,244,244,1,21303244,21303244
2013|youth_c|B02|21303|3,53,246,247,2,21303246,21303247
2013|youth_c|B02|21303|3,54,249,250,2,21303249,21303250
2013|youth_c|B02|21303|3,55,256,256,1,21303256,21303256
2013|youth_c|B02|21303|3,56,258,259,2,21303258,21303259
2013|youth_c|B02|21303|3,57,261,261,1,21303261,21303261
2013|youth_c|B02|21303|3,58,263,265,3,21303263,21303265
2013|youth_c|B02|21303|3,59,267,268,2,21303267,21303268
2013|youth_c|B02|21303|3,60,270,270,1,21303270,21303270
2013|youth_c|B02|21303|3,61,272,272,1,21303272,21303272
2013|youth_c|B02|21304|3,1,16,16,1,21304016,21304016
2013|youth_c|B02|21304|3,2,34,34,1,21304034,21304034
2013|youth_c|B02|21304|3,3,83,83,1,21304083,21304083
2013|youth_c|B02|21304|3,4,92,92,1,21304092,21304092
2013|youth_c|B02|21305|3,1,33,33,1,21305033,21305033
2013|youth_c|B02|21305|3,2,105,105,1,21305105,21305105
2013|youth_c|B03|21301|3,1,23,23,1,21301023,21301023
2013|youth_c|B03|21301|3,2,30,30,1,21301030,21301030
2013|youth_c|B03|21301|3,3,35,35,1,21301035,21301035
2013|youth_c|B03|21301|3,4,48,48,1,21301048,21301048
2013|youth_c|B03|21301|3,5,52,53,2,21301052,21301053
2013|youth_c|B03|21301|3,6,58,58,1,21301058,21301058
2013|youth_c|B03|21301|3,7,87,87,1,21301087,21301087
2013|youth_c|B03|21301|3,8,112,112,1,21301112,21301112
2013|youth_c|B03|21301|3,9,114,114,1,21301114,21301114
2013|youth_c|B03|21301|3,10,130,130,1,21301130,21301130
2013|youth_c|B03|21301|3,11,136,136,1,21301136,21301136
2013|youth_c|B03|21301|3,12,146,146,1,21301146,21301146
2013|youth_c|B03|21301|3,13,174,174,1,21301174,21301174
2013|youth_c|B03|21301|3,14,178,178,1,21301178,21301178
2013|youth_c|B03|21301|3,15,197,198,2,21301197,21301198
2013|youth_c|B03|21302|3,1,6,6,1,21302006,21302006
2013|youth_c|B03|21302|3,2,62,62,1,21302062,21302062
2013|youth_c|B03|21302|3,3,79,79,1,21302079,21302079
2013|youth_c|B03|21302|3,4,133,133,1,21302133,21302133
2013|youth_c|B03|21302|3,5,179,179,1,21302179,21302179
2013|youth_c|B03|21302|3,6,209,209,1,21302209,21302209
2013|youth_c|B03|21303|3,1,1,1,1,21303001,21303001
2013|youth_c|B03|21303|3,2,4,7,4,21303004,21303007
2013|youth_c|B03|21303|3,3,9,9,1,21303009,21303009
2013|youth_c|B03|21303|3,4,11,12,2,21303011,21303012
2013|youth_c|B03|21303|3,5,18,18,1,21303018,21303018
2013|youth_c|B03|21303|3,6,21,21,1,21303021,21303021
2013|youth_c|B03|21303|3,7,25,25,1,21303025,21303025
2013|youth_c|B03|21303|3,8,27,27,1,21303027,21303027
2013|youth_c|B03|21303|3,9,29,30,2,21303029,21303030
2013|youth_c|B03|21303|3,10,40,41,2,21303040,21303041
2013|youth_c|B03|21303|3,11,43,44,2,21303043,21303044
2013|youth_c|B03|21303|3,12,50,51,2,21303050,21303051
2013|youth_c|B03|21303|3,13,55,57,3,21303055,21303057
2013|youth_c|B03|21303|3,14,59,59,1,21303059,21303059
2013|youth_c|B03|21303|3,15,65,68,4,21303065,21303068
2013|youth_c|B03|21303|3,16,72,74,3,21303072,21303074
2013|youth_c|B03|21303|3,17,78,79,2,21303078,21303079
2013|youth_c|B03|21303|3,18,86,86,1,21303086,21303086
2013|youth_c|B03|21303|3,19,90,91,2,21303090,21303091
2013|youth_c|B03|21303|3,20,93,93,1,21303093,21303093
2013|youth_c|B03|21303|3,21,95,96,2,21303095,21303096
2013|youth_c|B03|21303|3,22,100,101,2,21303100,21303101
2013|youth_c|B03|21303|3,23,108,108,1,21303108,21303108
2013|youth_c|B03|21303|3,24,110,112,3,21303110,21303112
2013|youth_c|B03|21303|3,25,118,118,1,21303118,21303118
2013|youth_c|B03|21303|3,26,120,121,2,21303120,21303121
2013|youth_c|B03|21303|3,27,126,127,2,21303126,21303127
2013|youth_c|B03|21303|3,28,136,136,1,21303136,21303136
2013|youth_c|B03|21303|3,29,138,138,1,21303138,21303138
2013|youth_c|B03|21303|3,30,149,149,1,21303149,21303149
2013|youth_c|B03|21303|3,31,151,151,1,21303151,21303151
2013|youth_c|B03|21303|3,32,156,156,1,21303156,21303156
2013|youth_c|B03|21303|3,33,159,160,2,21303159,21303160
2013|youth_c|B03|21303|3,34,164,165,2,21303164,21303165
2013|youth_c|B03|21303|3,35,167,168,2,21303167,21303168
2013|youth_c|B03|21303|3,36,170,171,2,21303170,21303171
2013|youth_c|B03|21303|3,37,174,178,5,21303174,21303178
2013|youth_c|B03|21303|3,38,196,204,9,21303196,21303204
2013|youth_c|B03|21303|3,39,207,207,1,21303207,21303207
2013|youth_c|B03|21303|3,40,209,209,1,21303209,21303209
2013|youth_c|B03|21303|3,41,211,217,7,21303211,21303217
2013|youth_c|B03|21303|3,42,223,224,2,21303223,21303224
2013|youth_c|B03|21303|3,43,227,227,1,21303227,21303227
2013|youth_c|B03|21303|3,44,235,236,2,21303235,21303236
2013|youth_c|B03|21303|3,45,239,239,1,21303239,21303239
2013|youth_c|B03|21303|3,46,248,248,1,21303248,21303248
2013|youth_c|B03|21303|3,47,253,255,3,21303253,21303255
2013|youth_c|B03|21303|3,48,260,260,1,21303260,21303260
2013|youth_c|B03|21303|3,49,266,266,1,21303266,21303266
2013|youth_c|B03|21303|3,50,271,271,1,21303271,21303271
2013|youth_c|B03|21303|3,51,273,273,1,21303273,21303273
2013|youth_c|B03|21304|3,1,3,3,1,21304003,21304003
2013|youth_c|B03|21304|3,2,9,9,1,21304009,21304009
2013|youth_c|B03|21304|3,3,18,18,1,21304018,21304018
2013|youth_c|B03|21304|3,4,25,25,1,21304025,21304025
2013|youth_c|B03|21304|3,5,58,59,2,21304058,21304059
2013|youth_c|B03|21304|3,6,64,64,1,21304064,21304064
2013|youth_c|B03|21304|3,7,69,70,2,21304069,21304070
2013|youth_c|B03|21304|3,8,75,75,1,21304075,21304075
2013|youth_c|B03|21304|3,9,80,81,2,21304080,21304081
2013|youth_c|B03|21304|3,10,94,96,3,21304094,21304096
2013|youth_c|B03|21304|3,11,107,108,2,21304107,21304108
2013|youth_c|B03|21305|3,1,43,43,1,21305043,21305043
2013|youth_c|B03|21305|3,2,57,57,1,21305057,21305057
2013|youth_c|B03|21305|3,3,61,62,2,21305061,21305062
2013|youth_c|B03|21305|3,4,96,96,1,21305096,21305096
2013|youth_c|B03|21305|3,5,101,101,1,21305101,21305101
2013|youth_c|B03|21305|3,6,108,108,1,21305108,21305108
2013|youth_c|B03|21305|3,7,163,163,1,21305163,21305163
2013|youth_c|B04|21301|3,1,21,21,1,21301021,21301021
2013|youth_c|B04|21301|3,2,79,79,1,21301079,21301079
2013|youth_c|B04|21301|3,3,170,170,1,21301170,21301170
2013|youth_c|B04|21302|3,1,180,180,1,21302180,21302180
2013|youth_c|B04|21304|3,1,8,8,1,21304008,21304008
2013|youth_c|B04|21304|3,2,12,12,1,21304012,21304012
2013|youth_c|B04|21304|3,3,17,17,1,21304017,21304017
2013|youth_c|B04|21304|3,4,20,20,1,21304020,21304020
2013|youth_c|B04|21304|3,5,29,29,1,21304029,21304029
2013|youth_c|B04|21304|3,6,39,39,1,21304039,21304039
2013|youth_c|B04|21304|3,7,49,49,1,21304049,21304049
2013|youth_c|B04|21304|3,8,51,51,1,21304051,21304051
2013|youth_c|B04|21304|3,9,78,78,1,21304078,21304078
2013|youth_c|B04|21304|3,10,97,97,1,21304097,21304097
2013|youth_c|B04|21304|3,11,109,110,2,21304109,21304110
2013|youth_c|B04|21305|3,1,1,32,32,21305001,21305032
2013|youth_c|B04|21305|3,2,34,42,9,21305034,21305042
2013|youth_c|B04|21305|3,3,44,56,13,21305044,21305056
2013|youth_c|B04|21305|3,4,58,60,3,21305058,21305060
2013|youth_c|B04|21305|3,5,63,95,33,21305063,21305095
2013|youth_c|B04|21305|3,6,97,100,4,21305097,21305100
2013|youth_c|B04|21305|3,7,102,104,3,21305102,21305104
2013|youth_c|B04|21305|3,8,106,107,2,21305106,21305107
2013|youth_c|B04|21305|3,9,109,162,54,21305109,21305162
2013|youth_c|B04|21305|3,10,164,165,2,21305164,21305165
2013|youth_c|B05|21301|3,1,6,6,1,21301006,21301006
2013|youth_c|B05|21301|3,2,13,13,1,21301013,21301013
2013|youth_c|B05|21301|3,3,36,36,1,21301036,21301036
2013|youth_c|B05|21301|3,4,39,42,4,21301039,21301042
2013|youth_c|B05|21301|3,5,44,44,1,21301044,21301044
2013|youth_c|B05|21301|3,6,46,46,1,21301046,21301046
2013|youth_c|B05|21301|3,7,51,51,1,21301051,21301051
2013|youth_c|B05|21301|3,8,55,55,1,21301055,21301055
2013|youth_c|B05|21301|3,9,60,60,1,21301060,21301060
2013|youth_c|B05|21301|3,10,63,63,1,21301063,21301063
2013|youth_c|B05|21301|3,11,67,67,1,21301067,21301067
2013|youth_c|B05|21301|3,12,71,71,1,21301071,21301071
2013|youth_c|B05|21301|3,13,75,77,3,21301075,21301077
2013|youth_c|B05|21301|3,14,84,84,1,21301084,21301084
2013|youth_c|B05|21301|3,15,86,86,1,21301086,21301086
2013|youth_c|B05|21301|3,16,91,91,1,21301091,21301091
2013|youth_c|B05|21301|3,17,102,102,1,21301102,21301102
2013|youth_c|B05|21301|3,18,107,107,1,21301107,21301107
2013|youth_c|B05|21301|3,19,110,110,1,21301110,21301110
2013|youth_c|B05|21301|3,20,113,113,1,21301113,21301113
2013|youth_c|B05|21301|3,21,124,124,1,21301124,21301124
2013|youth_c|B05|21301|3,22,127,127,1,21301127,21301127
2013|youth_c|B05|21301|3,23,132,133,2,21301132,21301133
2013|youth_c|B05|21301|3,24,135,135,1,21301135,21301135
2013|youth_c|B05|21301|3,25,137,138,2,21301137,21301138
2013|youth_c|B05|21301|3,26,140,140,1,21301140,21301140
2013|youth_c|B05|21301|3,27,147,147,1,21301147,21301147
2013|youth_c|B05|21301|3,28,152,153,2,21301152,21301153
2013|youth_c|B05|21301|3,29,156,156,1,21301156,21301156
2013|youth_c|B05|21301|3,30,158,159,2,21301158,21301159
2013|youth_c|B05|21301|3,31,161,161,1,21301161,21301161
2013|youth_c|B05|21301|3,32,171,171,1,21301171,21301171
2013|youth_c|B05|21301|3,33,175,175,1,21301175,21301175
2013|youth_c|B05|21301|3,34,184,184,1,21301184,21301184
2013|youth_c|B05|21301|3,35,189,189,1,21301189,21301189
2013|youth_c|B05|21302|3,1,9,9,1,21302009,21302009
2013|youth_c|B05|21302|3,2,12,12,1,21302012,21302012
2013|youth_c|B05|21302|3,3,18,18,1,21302018,21302018
2013|youth_c|B05|21302|3,4,50,50,1,21302050,21302050
2013|youth_c|B05|21302|3,5,56,56,1,21302056,21302056
2013|youth_c|B05|21302|3,6,61,61,1,21302061,21302061
2013|youth_c|B05|21302|3,7,122,122,1,21302122,21302122
2013|youth_c|B05|21302|3,8,138,138,1,21302138,21302138
2013|youth_c|B05|21302|3,9,142,142,1,21302142,21302142
2013|youth_c|B05|21302|3,10,185,185,1,21302185,21302185
2013|youth_c|B05|21302|3,11,224,224,1,21302224,21302224
2013|youth_c|B05|21304|3,1,1,2,2,21304001,21304002
2013|youth_c|B05|21304|3,2,4,4,1,21304004,21304004
2013|youth_c|B05|21304|3,3,6,6,1,21304006,21304006
2013|youth_c|B05|21304|3,4,11,11,1,21304011,21304011
2013|youth_c|B05|21304|3,5,14,15,2,21304014,21304015
2013|youth_c|B05|21304|3,6,19,19,1,21304019,21304019
2013|youth_c|B05|21304|3,7,21,21,1,21304021,21304021
2013|youth_c|B05|21304|3,8,23,24,2,21304023,21304024
2013|youth_c|B05|21304|3,9,26,26,1,21304026,21304026
2013|youth_c|B05|21304|3,10,30,30,1,21304030,21304030
2013|youth_c|B05|21304|3,11,32,32,1,21304032,21304032
2013|youth_c|B05|21304|3,12,38,38,1,21304038,21304038
2013|youth_c|B05|21304|3,13,40,44,5,21304040,21304044
2013|youth_c|B05|21304|3,14,46,48,3,21304046,21304048
2013|youth_c|B05|21304|3,15,53,53,1,21304053,21304053
2013|youth_c|B05|21304|3,16,55,55,1,21304055,21304055
2013|youth_c|B05|21304|3,17,60,60,1,21304060,21304060
2013|youth_c|B05|21304|3,18,62,62,1,21304062,21304062
2013|youth_c|B05|21304|3,19,65,65,1,21304065,21304065
2013|youth_c|B05|21304|3,20,68,68,1,21304068,21304068
2013|youth_c|B05|21304|3,21,71,74,4,21304071,21304074
2013|youth_c|B05|21304|3,22,77,77,1,21304077,21304077
2013|youth_c|B05|21304|3,23,82,82,1,21304082,21304082
2013|youth_c|B05|21304|3,24,84,84,1,21304084,21304084
2013|youth_c|B05|21304|3,25,89,91,3,21304089,21304091
2013|youth_c|B05|21304|3,26,93,93,1,21304093,21304093
2013|youth_c|B05|21304|3,27,98,99,2,21304098,21304099
2013|youth_c|B05|21304|3,28,101,104,4,21304101,21304104
2013|youth_c|B05|21304|3,29,106,106,1,21304106,21304106
2013|youth_c|B06|21301|3,1,28,28,1,21301028,21301028
2013|youth_c|B06|21301|3,2,83,83,1,21301083,21301083
2013|youth_c|B06|21301|3,3,151,151,1,21301151,21301151
2013|youth_c|B06|21301|3,4,163,164,2,21301163,21301164
2013|youth_c|B06|21301|3,5,192,192,1,21301192,21301192
2013|youth_c|B06|21306|3,1,35,35,1,21306035,21306035
2013|youth_c|B06|21306|3,2,124,124,1,21306124,21306124
2013|youth_c|B06|21307|3,1,1,169,169,21307001,21307169
2013|youth_c|B07|21301|3,1,1,1,1,21301001,21301001
2013|youth_c|B07|21301|3,2,15,15,1,21301015,21301015
2013|youth_c|B07|21301|3,3,31,31,1,21301031,21301031
2013|youth_c|B07|21301|3,4,34,34,1,21301034,21301034
2013|youth_c|B07|21301|3,5,50,50,1,21301050,21301050
2013|youth_c|B07|21301|3,6,56,56,1,21301056,21301056
2013|youth_c|B07|21301|3,7,73,73,1,21301073,21301073
2013|youth_c|B07|21301|3,8,81,82,2,21301081,21301082
2013|youth_c|B07|21301|3,9,90,90,1,21301090,21301090
2013|youth_c|B07|21301|3,10,97,97,1,21301097,21301097
2013|youth_c|B07|21301|3,11,109,109,1,21301109,21301109
2013|youth_c|B07|21301|3,12,120,120,1,21301120,21301120
2013|youth_c|B07|21301|3,13,126,126,1,21301126,21301126
2013|youth_c|B07|21301|3,14,150,150,1,21301150,21301150
2013|youth_c|B07|21301|3,15,160,160,1,21301160,21301160
2013|youth_c|B07|21301|3,16,169,169,1,21301169,21301169
2013|youth_c|B07|21301|3,17,176,176,1,21301176,21301176
2013|youth_c|B07|21301|3,18,181,181,1,21301181,21301181
2013|youth_c|B07|21301|3,19,195,195,1,21301195,21301195
2013|youth_c|B07|21302|3,1,2,2,1,21302002,21302002
2013|youth_c|B07|21302|3,2,4,5,2,21302004,21302005
2013|youth_c|B07|21302|3,3,7,8,2,21302007,21302008
2013|youth_c|B07|21302|3,4,21,22,2,21302021,21302022
2013|youth_c|B07|21302|3,5,24,25,2,21302024,21302025
2013|youth_c|B07|21302|3,6,27,27,1,21302027,21302027
2013|youth_c|B07|21302|3,7,36,38,3,21302036,21302038
2013|youth_c|B07|21302|3,8,40,41,2,21302040,21302041
2013|youth_c|B07|21302|3,9,47,47,1,21302047,21302047
2013|youth_c|B07|21302|3,10,52,52,1,21302052,21302052
2013|youth_c|B07|21302|3,11,54,54,1,21302054,21302054
2013|youth_c|B07|21302|3,12,59,60,2,21302059,21302060
2013|youth_c|B07|21302|3,13,65,65,1,21302065,21302065
2013|youth_c|B07|21302|3,14,68,68,1,21302068,21302068
2013|youth_c|B07|21302|3,15,71,71,1,21302071,21302071
2013|youth_c|B07|21302|3,16,77,78,2,21302077,21302078
2013|youth_c|B07|21302|3,17,85,85,1,21302085,21302085
2013|youth_c|B07|21302|3,18,93,93,1,21302093,21302093
2013|youth_c|B07|21302|3,19,97,97,1,21302097,21302097
2013|youth_c|B07|21302|3,20,102,104,3,21302102,21302104
2013|youth_c|B07|21302|3,21,107,108,2,21302107,21302108
2013|youth_c|B07|21302|3,22,111,113,3,21302111,21302113
2013|youth_c|B07|21302|3,23,118,119,2,21302118,21302119
2013|youth_c|B07|21302|3,24,131,131,1,21302131,21302131
2013|youth_c|B07|21302|3,25,134,134,1,21302134,21302134
2013|youth_c|B07|21302|3,26,139,139,1,21302139,21302139
2013|youth_c|B07|21302|3,27,141,141,1,21302141,21302141
2013|youth_c|B07|21302|3,28,153,153,1,21302153,21302153
2013|youth_c|B07|21302|3,29,164,164,1,21302164,21302164
2013|youth_c|B07|21302|3,30,175,175,1,21302175,21302175
2013|youth_c|B07|21302|3,31,181,182,2,21302181,21302182
2013|youth_c|B07|21302|3,32,186,186,1,21302186,21302186
2013|youth_c|B07|21302|3,33,192,193,2,21302192,21302193
2013|youth_c|B07|21302|3,34,195,195,1,21302195,21302195
2013|youth_c|B07|21302|3,35,198,198,1,21302198,21302198
2013|youth_c|B07|21302|3,36,201,202,2,21302201,21302202
2013|youth_c|B07|21302|3,37,208,208,1,21302208,21302208
2013|youth_c|B07|21302|3,38,210,211,2,21302210,21302211
2013|youth_c|B07|21302|3,39,213,213,1,21302213,21302213
2013|youth_c|B07|21302|3,40,223,223,1,21302223,21302223
2013|youth_c|B07|21302|3,41,225,228,4,21302225,21302228
2013|youth_c|B07|21302|3,42,234,235,2,21302234,21302235
2013|youth_c|B07|21303|3,1,17,17,1,21303017,21303017
2013|youth_c|B07|21303|3,2,49,49,1,21303049,21303049
2013|youth_c|B07|21303|3,3,104,105,2,21303104,21303105
2013|youth_c|B07|21303|3,4,181,182,2,21303181,21303182
2013|youth_c|B07|21303|3,5,225,225,1,21303225,21303225
2013|youth_c|B07|21303|3,6,269,269,1,21303269,21303269
2013|youth_c|B08|21302|3,1,80,80,1,21302080,21302080
2013|youth_c|B08|21302|3,2,86,86,1,21302086,21302086
2013|youth_c|B08|21302|3,3,167,167,1,21302167,21302167
2013|youth_c|B08|21303|3,1,173,173,1,21303173,21303173
2013|youth_c|B08|21303|3,2,252,252,1,21303252,21303252
2013|youth_c|B08|21306|3,1,1,34,34,21306001,21306034
2013|youth_c|B08|21306|3,2,36,123,88,21306036,21306123
2013|youth_c|B08|21306|3,3,125,199,75,21306125,21306199
2013|youth_c|B08|21306|3,4,201,235,35,21306201,21306235
2013|youth_c|B09|21303|3,1,16,16,1,21303016,21303016
2013|youth_c|B09|21303|3,2,36,36,1,21303036,21303036
2013|youth_c|B09|21303|3,3,62,62,1,21303062,21303062
2013|youth_c|B09|21303|3,4,124,125,2,21303124,21303125
2013|youth_c|B09|21303|3,5,131,132,2,21303131,21303132
2013|youth_c|B09|21303|3,6,147,147,1,21303147,21303147
2013|youth_c|B09|21303|3,7,162,162,1,21303162,21303162
2013|youth_c|B09|21303|3,8,172,172,1,21303172,21303172
2013|youth_c|B09|21303|3,9,234,234,1,21303234,21303234
2013|youth_c|B09|21303|3,10,243,243,1,21303243,21303243
2013|youth_c|B09|21303|3,11,245,245,1,21303245,21303245
2013|youth_c|B09|21303|3,12,251,251,1,21303251,21303251
2013|youth_c|B09|21303|3,13,257,257,1,21303257,21303257
2013|youth_c|B09|21303|3,14,262,262,1,21303262,21303262
2014|general|B01|21471|3,1,4,4,1,21471004,21471004
2014|general|B01|21471|3,2,6,11,6,21471006,21471011
2014|general|B01|21471|3,3,13,13,1,21471013,21471013
2014|general|B01|21471|3,4,15,18,4,21471015,21471018
2014|general|B01|21471|3,5,20,21,2,21471020,21471021
2014|general|B01|21471|3,6,23,24,2,21471023,21471024
2014|general|B01|21471|3,7,26,29,4,21471026,21471029
2014|general|B01|21471|3,8,31,31,1,21471031,21471031
2014|general|B01|21471|3,9,34,34,1,21471034,21471034
2014|general|B01|21471|3,10,36,37,2,21471036,21471037
2014|general|B01|21471|3,11,41,43,3,21471041,21471043
2014|general|B01|21471|3,12,45,45,1,21471045,21471045
2014|general|B01|21471|3,13,47,47,1,21471047,21471047
2014|general|B01|21471|3,14,50,51,2,21471050,21471051
2014|general|B01|21471|3,15,53,53,1,21471053,21471053
2014|general|B01|21471|3,16,57,58,2,21471057,21471058
2014|general|B01|21471|3,17,60,66,7,21471060,21471066
2014|general|B01|21471|3,18,70,71,2,21471070,21471071
2014|general|B01|21471|3,19,73,76,4,21471073,21471076
2014|general|B01|21471|3,20,78,84,7,21471078,21471084
2014|general|B01|21471|3,21,86,87,2,21471086,21471087
2014|general|B01|21471|3,22,89,89,1,21471089,21471089
2014|general|B01|21471|3,23,94,96,3,21471094,21471096
2014|general|B01|21471|3,24,100,100,1,21471100,21471100
2014|general|B01|21471|3,25,103,104,2,21471103,21471104
2014|general|B01|21471|3,26,106,106,1,21471106,21471106
2014|general|B01|21471|3,27,108,110,3,21471108,21471110
2014|general|B01|21471|3,28,113,117,5,21471113,21471117
2014|general|B01|21471|3,29,119,120,2,21471119,21471120
2014|general|B01|21471|3,30,123,128,6,21471123,21471128
2014|general|B01|21471|3,31,132,132,1,21471132,21471132
2014|general|B01|21471|3,32,134,134,1,21471134,21471134
2014|general|B01|21471|3,33,136,136,1,21471136,21471136
2014|general|B01|21471|3,34,143,145,3,21471143,21471145
2014|general|B01|21471|3,35,147,150,4,21471147,21471150
2014|general|B01|21471|3,36,154,154,1,21471154,21471154
2014|general|B01|21471|3,37,157,157,1,21471157,21471157
2014|general|B01|21471|3,38,159,159,1,21471159,21471159
2014|general|B01|21471|3,39,162,162,1,21471162,21471162
2014|general|B01|21472|3,1,1,6,6,21472001,21472006
2014|general|B01|21472|3,2,11,15,5,21472011,21472015
2014|general|B01|21472|3,3,17,20,4,21472017,21472020
2014|general|B01|21472|3,4,22,23,2,21472022,21472023
2014|general|B01|21472|3,5,28,28,1,21472028,21472028
2014|general|B01|21472|3,6,30,32,3,21472030,21472032
2014|general|B01|21472|3,7,34,34,1,21472034,21472034
2014|general|B01|21472|3,8,39,39,1,21472039,21472039
2014|general|B01|21472|3,9,41,45,5,21472041,21472045
2014|general|B01|21472|3,10,47,47,1,21472047,21472047
2014|general|B01|21472|3,11,49,53,5,21472049,21472053
2014|general|B01|21472|3,12,56,58,3,21472056,21472058
2014|general|B01|21472|3,13,71,79,9,21472071,21472079
2014|general|B01|21472|3,14,81,89,9,21472081,21472089
2014|general|B01|21472|3,15,92,98,7,21472092,21472098
2014|general|B01|21472|3,16,100,100,1,21472100,21472100
2014|general|B01|21472|3,17,103,103,1,21472103,21472103
2014|general|B01|21472|3,18,105,107,3,21472105,21472107
2014|general|B01|21472|3,19,110,112,3,21472110,21472112
2014|general|B01|21472|3,20,121,129,9,21472121,21472129
2014|general|B01|21472|3,21,132,137,6,21472132,21472137
2014|general|B01|21472|3,22,140,141,2,21472140,21472141
2014|general|B01|21472|3,23,143,143,1,21472143,21472143
2014|general|B01|21472|3,24,145,147,3,21472145,21472147
2014|general|B01|21472|3,25,150,157,8,21472150,21472157
2014|general|B01|21472|3,26,159,170,12,21472159,21472170
2014|general|B01|21472|3,27,173,174,2,21472173,21472174
2014|general|B01|21472|3,28,176,179,4,21472176,21472179
2014|general|B01|21472|3,29,184,196,13,21472184,21472196
2014|general|B01|21472|3,30,198,198,1,21472198,21472198
2014|general|B01|21472|3,31,200,202,3,21472200,21472202
2014|general|B01|21472|3,32,205,205,1,21472205,21472205
2014|general|B01|21472|3,33,210,223,14,21472210,21472223
2014|general|B01|21472|3,34,225,225,1,21472225,21472225
2014|general|B01|21472|3,35,232,232,1,21472232,21472232
2014|general|B01|21472|3,36,234,235,2,21472234,21472235
2014|general|B01|21472|3,37,237,237,1,21472237,21472237
2014|general|B01|21472|3,38,239,241,3,21472239,21472241
2014|general|B01|21472|3,39,248,250,3,21472248,21472250
2014|general|B01|21474|3,1,6,7,2,21474006,21474007
2014|general|B01|21474|3,2,10,11,2,21474010,21474011
2014|general|B01|21474|3,3,13,13,1,21474013,21474013
2014|general|B01|21474|3,4,15,17,3,21474015,21474017
2014|general|B01|21474|3,5,20,20,1,21474020,21474020
2014|general|B01|21474|3,6,24,25,2,21474024,21474025
2014|general|B01|21474|3,7,27,28,2,21474027,21474028
2014|general|B01|21474|3,8,36,36,1,21474036,21474036
2014|general|B01|21474|3,9,38,40,3,21474038,21474040
2014|general|B01|21474|3,10,44,44,1,21474044,21474044
2014|general|B01|21474|3,11,48,48,1,21474048,21474048
2014|general|B01|21474|3,12,52,52,1,21474052,21474052
2014|general|B01|21474|3,13,54,54,1,21474054,21474054
2014|general|B01|21474|3,14,59,60,2,21474059,21474060
2014|general|B01|21474|3,15,62,62,1,21474062,21474062
2014|general|B01|21474|3,16,65,70,6,21474065,21474070
2014|general|B01|21474|3,17,73,73,1,21474073,21474073
2014|general|B01|21474|3,18,83,83,1,21474083,21474083
2014|general|B01|21474|3,19,89,90,2,21474089,21474090
2014|general|B01|21474|3,20,93,93,1,21474093,21474093
2014|general|B01|21474|3,21,97,97,1,21474097,21474097
2014|general|B01|21474|3,22,100,102,3,21474100,21474102
2014|general|B01|21474|3,23,107,108,2,21474107,21474108
2014|general|B01|21474|3,24,118,118,1,21474118,21474118
2014|general|B01|21474|3,25,123,124,2,21474123,21474124
2014|general|B01|21474|3,26,127,127,1,21474127,21474127
2014|general|B02|21471|3,1,12,12,1,21471012,21471012
2014|general|B02|21471|3,2,39,39,1,21471039,21471039
2014|general|B02|21471|3,3,54,54,1,21471054,21471054
2014|general|B02|21471|3,4,111,111,1,21471111,21471111
2014|general|B02|21471|3,5,141,141,1,21471141,21471141
2014|general|B02|21471|3,6,155,155,1,21471155,21471155
2014|general|B02|21471|3,7,158,158,1,21471158,21471158
2014|general|B02|21471|3,8,160,160,1,21471160,21471160
2014|general|B02|21473|3,1,3,5,3,21473003,21473005
2014|general|B02|21473|3,2,12,13,2,21473012,21473013
2014|general|B02|21473|3,3,15,15,1,21473015,21473015
2014|general|B02|21473|3,4,17,17,1,21473017,21473017
2014|general|B02|21473|3,5,19,19,1,21473019,21473019
2014|general|B02|21473|3,6,23,23,1,21473023,21473023
2014|general|B02|21473|3,7,27,27,1,21473027,21473027
2014|general|B02|21473|3,8,29,29,1,21473029,21473029
2014|general|B02|21473|3,9,31,32,2,21473031,21473032
2014|general|B02|21473|3,10,35,39,5,21473035,21473039
2014|general|B02|21473|3,11,42,42,1,21473042,21473042
2014|general|B02|21473|3,12,44,45,2,21473044,21473045
2014|general|B02|21473|3,13,52,52,1,21473052,21473052
2014|general|B02|21473|3,14,57,60,4,21473057,21473060
2014|general|B02|21473|3,15,63,64,2,21473063,21473064
2014|general|B02|21473|3,16,66,66,1,21473066,21473066
2014|general|B02|21473|3,17,72,74,3,21473072,21473074
2014|general|B02|21473|3,18,79,82,4,21473079,21473082
2014|general|B02|21473|3,19,89,91,3,21473089,21473091
2014|general|B02|21473|3,20,96,98,3,21473096,21473098
2014|general|B02|21473|3,21,103,104,2,21473103,21473104
2014|general|B02|21473|3,22,109,111,3,21473109,21473111
2014|general|B02|21473|3,23,118,118,1,21473118,21473118
2014|general|B02|21473|3,24,122,123,2,21473122,21473123
2014|general|B02|21473|3,25,127,127,1,21473127,21473127
2014|general|B02|21473|3,26,130,130,1,21473130,21473130
2014|general|B02|21473|3,27,137,138,2,21473137,21473138
2014|general|B02|21473|3,28,141,147,7,21473141,21473147
2014|general|B02|21473|3,29,153,156,4,21473153,21473156
2014|general|B02|21473|3,30,159,160,2,21473159,21473160
2014|general|B02|21473|3,31,164,164,1,21473164,21473164
2014|general|B02|21473|3,32,169,170,2,21473169,21473170
2014|general|B02|21473|3,33,174,175,2,21473174,21473175
2014|general|B02|21473|3,34,178,179,2,21473178,21473179
2014|general|B02|21473|3,35,184,191,8,21473184,21473191
2014|general|B02|21473|3,36,196,196,1,21473196,21473196
2014|general|B02|21473|3,37,199,199,1,21473199,21473199
2014|general|B02|21473|3,38,204,204,1,21473204,21473204
2014|general|B02|21473|3,39,216,216,1,21473216,21473216
2014|general|B02|21473|3,40,219,219,1,21473219,21473219
2014|general|B02|21473|3,41,223,226,4,21473223,21473226
2014|general|B02|21473|3,42,230,232,3,21473230,21473232
2014|general|B02|21473|3,43,239,241,3,21473239,21473241
2014|general|B02|21473|3,44,248,248,1,21473248,21473248
2014|general|B02|21473|3,45,254,255,2,21473254,21473255
2014|general|B02|21473|3,46,257,257,1,21473257,21473257
2014|general|B02|21473|3,47,259,259,1,21473259,21473259
2014|general|B02|21474|3,1,3,3,1,21474003,21474003
2014|general|B02|21474|3,2,58,58,1,21474058,21474058
2014|general|B02|21474|3,3,80,80,1,21474080,21474080
2014|general|B03|21471|3,1,22,22,1,21471022,21471022
2014|general|B03|21471|3,2,35,35,1,21471035,21471035
2014|general|B03|21471|3,3,68,68,1,21471068,21471068
2014|general|B03|21471|3,4,77,77,1,21471077,21471077
2014|general|B03|21471|3,5,90,90,1,21471090,21471090
2014|general|B03|21471|3,6,112,112,1,21471112,21471112
2014|general|B03|21471|3,7,137,137,1,21471137,21471137
2014|general|B03|21472|3,1,33,33,1,21472033,21472033
2014|general|B03|21472|3,2,40,40,1,21472040,21472040
2014|general|B03|21472|3,3,68,68,1,21472068,21472068
2014|general|B03|21472|3,4,80,80,1,21472080,21472080
2014|general|B03|21472|3,5,99,99,1,21472099,21472099
2014|general|B03|21472|3,6,180,180,1,21472180,21472180
2014|general|B03|21472|3,7,224,224,1,21472224,21472224
2014|general|B03|21473|3,1,1,2,2,21473001,21473002
2014|general|B03|21473|3,2,8,10,3,21473008,21473010
2014|general|B03|21473|3,3,16,16,1,21473016,21473016
2014|general|B03|21473|3,4,18,18,1,21473018,21473018
2014|general|B03|21473|3,5,20,20,1,21473020,21473020
2014|general|B03|21473|3,6,24,26,3,21473024,21473026
2014|general|B03|21473|3,7,30,30,1,21473030,21473030
2014|general|B03|21473|3,8,34,34,1,21473034,21473034
2014|general|B03|21473|3,9,41,41,1,21473041,21473041
2014|general|B03|21473|3,10,43,43,1,21473043,21473043
2014|general|B03|21473|3,11,46,46,1,21473046,21473046
2014|general|B03|21473|3,12,48,51,4,21473048,21473051
2014|general|B03|21473|3,13,53,56,4,21473053,21473056
2014|general|B03|21473|3,14,62,62,1,21473062,21473062
2014|general|B03|21473|3,15,67,71,5,21473067,21473071
2014|general|B03|21473|3,16,76,78,3,21473076,21473078
2014|general|B03|21473|3,17,83,88,6,21473083,21473088
2014|general|B03|21473|3,18,92,94,3,21473092,21473094
2014|general|B03|21473|3,19,99,102,4,21473099,21473102
2014|general|B03|21473|3,20,106,108,3,21473106,21473108
2014|general|B03|21473|3,21,112,112,1,21473112,21473112
2014|general|B03|21473|3,22,114,117,4,21473114,21473117
2014|general|B03|21473|3,23,124,126,3,21473124,21473126
2014|general|B03|21473|3,24,131,136,6,21473131,21473136
2014|general|B03|21473|3,25,139,140,2,21473139,21473140
2014|general|B03|21473|3,26,149,149,1,21473149,21473149
2014|general|B03|21473|3,27,151,151,1,21473151,21473151
2014|general|B03|21473|3,28,157,157,1,21473157,21473157
2014|general|B03|21473|3,29,161,163,3,21473161,21473163
2014|general|B03|21473|3,30,165,168,4,21473165,21473168
2014|general|B03|21473|3,31,171,173,3,21473171,21473173
2014|general|B03|21473|3,32,180,183,4,21473180,21473183
2014|general|B03|21473|3,33,192,195,4,21473192,21473195
2014|general|B03|21473|3,34,198,198,1,21473198,21473198
2014|general|B03|21473|3,35,200,203,4,21473200,21473203
2014|general|B03|21473|3,36,205,207,3,21473205,21473207
2014|general|B03|21473|3,37,212,215,4,21473212,21473215
2014|general|B03|21473|3,38,217,218,2,21473217,21473218
2014|general|B03|21473|3,39,222,222,1,21473222,21473222
2014|general|B03|21473|3,40,227,227,1,21473227,21473227
2014|general|B03|21473|3,41,229,229,1,21473229,21473229
2014|general|B03|21473|3,42,233,233,1,21473233,21473233
2014|general|B03|21473|3,43,238,238,1,21473238,21473238
2014|general|B03|21473|3,44,244,247,4,21473244,21473247
2014|general|B03|21473|3,45,249,253,5,21473249,21473253
2014|general|B03|21473|3,46,260,261,2,21473260,21473261
2014|general|B03|21474|3,1,5,5,1,21474005,21474005
2014|general|B03|21474|3,2,21,21,1,21474021,21474021
2014|general|B03|21474|3,3,23,23,1,21474023,21474023
2014|general|B03|21474|3,4,29,29,1,21474029,21474029
2014|general|B03|21474|3,5,41,42,2,21474041,21474042
2014|general|B03|21474|3,6,49,51,3,21474049,21474051
2014|general|B03|21474|3,7,53,53,1,21474053,21474053
2014|general|B03|21474|3,8,63,63,1,21474063,21474063
2014|general|B03|21474|3,9,74,76,3,21474074,21474076
2014|general|B03|21474|3,10,98,98,1,21474098,21474098
2014|general|B03|21474|3,11,109,113,5,21474109,21474113
2014|general|B03|21474|3,12,119,122,4,21474119,21474122
2014|general|B03|21474|3,13,130,130,1,21474130,21474130
2014|general|B03|21475|3,1,39,39,1,21475039,21475039
2014|general|B03|21475|3,2,54,54,1,21475054,21475054
2014|general|B03|21475|3,3,68,68,1,21475068,21475068
2014|general|B03|21475|3,4,81,81,1,21475081,21475081
2014|general|B03|21475|3,5,113,113,1,21475113,21475113
2014|general|B04|21471|3,1,131,131,1,21471131,21471131
2014|general|B04|21472|3,1,171,172,2,21472171,21472172
2014|general|B04|21472|3,2,228,228,1,21472228,21472228
2014|general|B04|21475|3,1,1,38,38,21475001,21475038
2014|general|B04|21475|3,2,40,53,14,21475040,21475053
2014|general|B04|21475|3,3,55,67,13,21475055,21475067
2014|general|B04|21475|3,4,69,80,12,21475069,21475080
2014|general|B04|21475|3,5,82,112,31,21475082,21475112
2014|general|B04|21475|3,6,114,154,41,21475114,21475154
2014|general|B05|21471|3,1,1,1,1,21471001,21471001
2014|general|B05|21471|3,2,3,3,1,21471003,21471003
2014|general|B05|21471|3,3,5,5,1,21471005,21471005
2014|general|B05|21471|3,4,14,14,1,21471014,21471014
2014|general|B05|21471|3,5,30,30,1,21471030,21471030
2014|general|B05|21471|3,6,32,32,1,21471032,21471032
2014|general|B05|21471|3,7,38,38,1,21471038,21471038
2014|general|B05|21471|3,8,40,40,1,21471040,21471040
2014|general|B05|21471|3,9,48,49,2,21471048,21471049
2014|general|B05|21471|3,10,52,52,1,21471052,21471052
2014|general|B05|21471|3,11,55,56,2,21471055,21471056
2014|general|B05|21471|3,12,59,59,1,21471059,21471059
2014|general|B05|21471|3,13,67,67,1,21471067,21471067
2014|general|B05|21471|3,14,69,69,1,21471069,21471069
2014|general|B05|21471|3,15,91,91,1,21471091,21471091
2014|general|B05|21471|3,16,93,93,1,21471093,21471093
2014|general|B05|21471|3,17,98,99,2,21471098,21471099
2014|general|B05|21471|3,18,102,102,1,21471102,21471102
2014|general|B05|21471|3,19,118,118,1,21471118,21471118
2014|general|B05|21471|3,20,121,122,2,21471121,21471122
2014|general|B05|21471|3,21,129,130,2,21471129,21471130
2014|general|B05|21471|3,22,133,133,1,21471133,21471133
2014|general|B05|21471|3,23,135,135,1,21471135,21471135
2014|general|B05|21471|3,24,139,140,2,21471139,21471140
2014|general|B05|21471|3,25,142,142,1,21471142,21471142
2014|general|B05|21471|3,26,146,146,1,21471146,21471146
2014|general|B05|21471|3,27,151,151,1,21471151,21471151
2014|general|B05|21471|3,28,156,156,1,21471156,21471156
2014|general|B05|21471|3,29,163,163,1,21471163,21471163
2014|general|B05|21472|3,1,29,29,1,21472029,21472029
2014|general|B05|21472|3,2,38,38,1,21472038,21472038
2014|general|B05|21472|3,3,59,59,1,21472059,21472059
2014|general|B05|21472|3,4,67,67,1,21472067,21472067
2014|general|B05|21472|3,5,116,117,2,21472116,21472117
2014|general|B05|21472|3,6,148,149,2,21472148,21472149
2014|general|B05|21472|3,7,183,183,1,21472183,21472183
2014|general|B05|21473|3,1,7,7,1,21473007,21473007
2014|general|B05|21473|3,2,21,21,1,21473021,21473021
2014|general|B05|21473|3,3,33,33,1,21473033,21473033
2014|general|B05|21473|3,4,47,47,1,21473047,21473047
2014|general|B05|21473|3,5,61,61,1,21473061,21473061
2014|general|B05|21473|3,6,105,105,1,21473105,21473105
2014|general|B05|21473|3,7,113,113,1,21473113,21473113
2014|general|B05|21473|3,8,121,121,1,21473121,21473121
2014|general|B05|21473|3,9,129,129,1,21473129,21473129
2014|general|B05|21473|3,10,209,209,1,21473209,21473209
2014|general|B05|21473|3,11,211,211,1,21473211,21473211
2014|general|B05|21473|3,12,235,235,1,21473235,21473235
2014|general|B05|21473|3,13,243,243,1,21473243,21473243
2014|general|B05|21474|3,1,1,2,2,21474001,21474002
2014|general|B05|21474|3,2,4,4,1,21474004,21474004
2014|general|B05|21474|3,3,8,9,2,21474008,21474009
2014|general|B05|21474|3,4,12,12,1,21474012,21474012
2014|general|B05|21474|3,5,14,14,1,21474014,21474014
2014|general|B05|21474|3,6,18,19,2,21474018,21474019
2014|general|B05|21474|3,7,26,26,1,21474026,21474026
2014|general|B05|21474|3,8,30,35,6,21474030,21474035
2014|general|B05|21474|3,9,37,37,1,21474037,21474037
2014|general|B05|21474|3,10,43,43,1,21474043,21474043
2014|general|B05|21474|3,11,45,47,3,21474045,21474047
2014|general|B05|21474|3,12,55,57,3,21474055,21474057
2014|general|B05|21474|3,13,61,61,1,21474061,21474061
2014|general|B05|21474|3,14,64,64,1,21474064,21474064
2014|general|B05|21474|3,15,71,72,2,21474071,21474072
2014|general|B05|21474|3,16,77,79,3,21474077,21474079
2014|general|B05|21474|3,17,81,82,2,21474081,21474082
2014|general|B05|21474|3,18,84,88,5,21474084,21474088
2014|general|B05|21474|3,19,91,92,2,21474091,21474092
2014|general|B05|21474|3,20,94,96,3,21474094,21474096
2014|general|B05|21474|3,21,103,106,4,21474103,21474106
2014|general|B05|21474|3,22,114,117,4,21474114,21474117
2014|general|B05|21474|3,23,125,126,2,21474125,21474126
2014|general|B05|21474|3,24,128,128,1,21474128,21474128
2014|general|B06|21471|3,1,72,72,1,21471072,21471072
2014|general|B06|21471|3,2,88,88,1,21471088,21471088
2014|general|B06|21471|3,3,105,105,1,21471105,21471105
2014|general|B06|21471|3,4,107,107,1,21471107,21471107
2014|general|B06|21471|3,5,138,138,1,21471138,21471138
2014|general|B06|21471|3,6,152,153,2,21471152,21471153
2014|general|B06|21471|3,7,161,161,1,21471161,21471161
2014|general|B06|21473|3,1,158,158,1,21473158,21473158
2014|general|B06|21477|3,1,1,167,167,21477001,21477167
2014|general|B07|21471|3,1,2,2,1,21471002,21471002
2014|general|B07|21471|3,2,19,19,1,21471019,21471019
2014|general|B07|21471|3,3,25,25,1,21471025,21471025
2014|general|B07|21471|3,4,33,33,1,21471033,21471033
2014|general|B07|21471|3,5,44,44,1,21471044,21471044
2014|general|B07|21471|3,6,46,46,1,21471046,21471046
2014|general|B07|21471|3,7,85,85,1,21471085,21471085
2014|general|B07|21471|3,8,92,92,1,21471092,21471092
2014|general|B07|21471|3,9,97,97,1,21471097,21471097
2014|general|B07|21471|3,10,101,101,1,21471101,21471101
2014|general|B07|21471|3,11,164,164,1,21471164,21471164
2014|general|B07|21472|3,1,7,10,4,21472007,21472010
2014|general|B07|21472|3,2,21,21,1,21472021,21472021
2014|general|B07|21472|3,3,24,27,4,21472024,21472027
2014|general|B07|21472|3,4,35,37,3,21472035,21472037
2014|general|B07|21472|3,5,46,46,1,21472046,21472046
2014|general|B07|21472|3,6,48,48,1,21472048,21472048
2014|general|B07|21472|3,7,54,55,2,21472054,21472055
2014|general|B07|21472|3,8,61,66,6,21472061,21472066
2014|general|B07|21472|3,9,69,70,2,21472069,21472070
2014|general|B07|21472|3,10,90,91,2,21472090,21472091
2014|general|B07|21472|3,11,101,102,2,21472101,21472102
2014|general|B07|21472|3,12,104,104,1,21472104,21472104
2014|general|B07|21472|3,13,108,109,2,21472108,21472109
2014|general|B07|21472|3,14,113,115,3,21472113,21472115
2014|general|B07|21472|3,15,118,120,3,21472118,21472120
2014|general|B07|21472|3,16,130,131,2,21472130,21472131
2014|general|B07|21472|3,17,138,139,2,21472138,21472139
2014|general|B07|21472|3,18,142,142,1,21472142,21472142
2014|general|B07|21472|3,19,144,144,1,21472144,21472144
2014|general|B07|21472|3,20,158,158,1,21472158,21472158
2014|general|B07|21472|3,21,175,175,1,21472175,21472175
2014|general|B07|21472|3,22,181,182,2,21472181,21472182
2014|general|B07|21472|3,23,197,197,1,21472197,21472197
2014|general|B07|21472|3,24,199,199,1,21472199,21472199
2014|general|B07|21472|3,25,203,204,2,21472203,21472204
2014|general|B07|21472|3,26,206,209,4,21472206,21472209
2014|general|B07|21472|3,27,226,227,2,21472226,21472227
2014|general|B07|21472|3,28,229,231,3,21472229,21472231
2014|general|B07|21472|3,29,233,233,1,21472233,21472233
2014|general|B07|21472|3,30,236,236,1,21472236,21472236
2014|general|B07|21472|3,31,238,238,1,21472238,21472238
2014|general|B07|21472|3,32,242,247,6,21472242,21472247
2014|general|B07|21472|3,33,251,252,2,21472251,21472252
2014|general|B07|21473|3,1,65,65,1,21473065,21473065
2014|general|B07|21473|3,2,95,95,1,21473095,21473095
2014|general|B07|21473|3,3,150,150,1,21473150,21473150
2014|general|B07|21473|3,4,152,152,1,21473152,21473152
2014|general|B07|21473|3,5,176,177,2,21473176,21473177
2014|general|B07|21473|3,6,208,208,1,21473208,21473208
2014|general|B07|21473|3,7,210,210,1,21473210,21473210
2014|general|B07|21473|3,8,220,221,2,21473220,21473221
2014|general|B07|21473|3,9,236,237,2,21473236,21473237
2014|general|B07|21473|3,10,256,256,1,21473256,21473256
2014|general|B08|21472|3,1,16,16,1,21472016,21472016
2014|general|B08|21472|3,2,60,60,1,21472060,21472060
2014|general|B08|21476|3,1,1,144,144,21476001,21476144
2014|general|B08|21476|3,2,146,270,125,21476146,21476270
2014|general|B08|21476|3,3,272,272,1,21476272,21476272
2014|general|B09|21473|3,1,11,11,1,21473011,21473011
2014|general|B09|21473|3,2,14,14,1,21473014,21473014
2014|general|B09|21473|3,3,22,22,1,21473022,21473022
2014|general|B09|21473|3,4,28,28,1,21473028,21473028
2014|general|B09|21473|3,5,40,40,1,21473040,21473040
2014|general|B09|21473|3,6,75,75,1,21473075,21473075
2014|general|B09|21473|3,7,119,120,2,21473119,21473120
2014|general|B09|21473|3,8,128,128,1,21473128,21473128
2014|general|B09|21473|3,9,148,148,1,21473148,21473148
2014|general|B09|21473|3,10,197,197,1,21473197,21473197
2014|general|B09|21473|3,11,228,228,1,21473228,21473228
2014|general|B09|21473|3,12,234,234,1,21473234,21473234
2014|general|B09|21473|3,13,242,242,1,21473242,21473242
2014|general|B09|21473|3,14,258,258,1,21473258,21473258
2014|general|B09|21474|3,1,22,22,1,21474022,21474022
2014|general|B09|21474|3,2,129,129,1,21474129,21474129
2014|joint_fund|B01|U1404|3,1,205,207,3,U1404205,U1404207
2014|joint_fund|B01|U1407|3,1,101,102,2,U1407101,U1407102
2014|joint_fund|B02|U1404|3,1,201,202,2,U1404201,U1404202
2014|joint_fund|B02|U1404|3,2,211,212,2,U1404211,U1404212
2014|joint_fund|B03|U1404|3,1,210,210,1,U1404210,U1404210
2014|joint_fund|B04|U1404|3,1,208,208,1,U1404208,U1404208
2014|joint_fund|B04|U1404|3,2,214,215,2,U1404214,U1404215
2014|joint_fund|B05|U1404|3,1,203,204,2,U1404203,U1404204
2014|joint_fund|B05|U1404|3,2,209,209,1,U1404209,U1404209
2014|joint_fund|B05|U1404|3,3,213,213,1,U1404213,U1404213
2014|joint_fund|B05|U1407|3,1,103,104,2,U1407103,U1407104
2014|joint_fund|B06|U1404|3,1,217,217,1,U1404217,U1404217
2014|joint_fund|B06|U1407|3,1,135,135,1,U1407135,U1407135
2014|joint_fund|B08|U1404|3,1,216,216,1,U1404216,U1404216
2014|joint_fund|B08|U1407|3,1,105,134,30,U1407105,U1407134
2014|joint_fund|B08|U1407|3,2,201,206,6,U1407201,U1407206
2014|joint_fund|B08|U1462|3,1,101,130,30,U1462101,U1462130
2014|joint_fund|B08|U1462|3,2,201,206,6,U1462201,U1462206
2014|joint_fund|B08|U1463|3,1,201,210,10,U1463201,U1463210
2014|key|B01|21431|3,1,2,6,5,21431002,21431006
2014|key|B01|21431|3,2,8,8,1,21431008,21431008
2014|key|B01|21432|3,1,1,7,7,21432001,21432007
2014|key|B01|21432|3,2,9,11,3,21432009,21432011
2014|key|B01|21434|3,1,4,4,1,21434004,21434004
2014|key|B02|21433|3,1,1,3,3,21433001,21433003
2014|key|B02|21433|3,2,7,8,2,21433007,21433008
2014|key|B02|21433|3,3,10,13,4,21433010,21433013
2014|key|B03|21433|3,1,4,6,3,21433004,21433006
2014|key|B03|21433|3,2,9,9,1,21433009,21433009
2014|key|B03|21434|3,1,1,2,2,21434001,21434002
2014|key|B04|21435|3,1,1,8,8,21435001,21435008
2014|key|B05|21431|3,1,9,9,1,21431009,21431009
2014|key|B05|21434|3,1,5,9,5,21434005,21434009
2014|key|B06|21437|3,1,1,6,6,21437001,21437006
2014|key|B07|21431|3,1,1,1,1,21431001,21431001
2014|key|B07|21431|3,2,7,7,1,21431007,21431007
2014|key|B07|21432|3,1,8,8,1,21432008,21432008
2014|key|B07|21432|3,2,12,12,1,21432012,21432012
2014|key|B07|21433|3,1,14,14,1,21433014,21433014
2014|key|B08|21436|3,1,1,10,10,21436001,21436010
2014|key|B09|21434|3,1,3,3,1,21434003,21434003
2014|major_research_plan|B01|91413|3,1,101,101,1,91413101,91413101
2014|major_research_plan|B02|91433|3,1,104,104,1,91433104,91433104
2014|major_research_plan|B02|91434|3,1,102,104,3,91434102,91434104
2014|major_research_plan|B03|91421|3,1,315,315,1,91421315,91421315
2014|major_research_plan|B03|91427|3,1,301,302,2,91427301,91427302
2014|major_research_plan|B03|91427|3,2,304,304,1,91427304,91427304
2014|major_research_plan|B03|91433|3,1,202,202,1,91433202,91433202
2014|major_research_plan|B03|91434|3,1,101,101,1,91434101,91434101
2014|major_research_plan|B03|91434|3,2,105,105,1,91434105,91434105
2014|major_research_plan|B03|91441|3,1,105,109,5,91441105,91441109
2014|major_research_plan|B04|91413|3,1,117,119,3,91413117,91413119
2014|major_research_plan|B04|91432|3,1,101,101,1,91432101,91432101
2014|major_research_plan|B04|91439|3,1,101,102,2,91439101,91439102
2014|major_research_plan|B05|91433|3,1,204,204,1,91433204,91433204
2014|major_research_plan|B07|91413|3,1,102,116,15,91413102,91413116
2014|major_research_plan|B08|91434|3,1,106,132,27,91434106,91434132
2014|major_research_plan|B08|91434|3,2,202,206,5,91434202,91434206
2014|regional|B01|21461|3,1,2,4,3,21461002,21461004
2014|regional|B01|21461|3,2,6,7,2,21461006,21461007
2014|regional|B01|21461|3,3,10,12,3,21461010,21461012
2014|regional|B01|21461|3,4,15,15,1,21461015,21461015
2014|regional|B01|21461|3,5,17,21,5,21461017,21461021
2014|regional|B01|21461|3,6,23,25,3,21461023,21461025
2014|regional|B01|21461|3,7,28,30,3,21461028,21461030
2014|regional|B01|21462|3,1,1,5,5,21462001,21462005
2014|regional|B01|21462|3,2,13,13,1,21462013,21462013
2014|regional|B01|21462|3,3,16,22,7,21462016,21462022
2014|regional|B01|21462|3,4,24,25,2,21462024,21462025
2014|regional|B01|21462|3,5,29,29,1,21462029,21462029
2014|regional|B01|21462|3,6,31,42,12,21462031,21462042
2014|regional|B01|21462|3,7,46,46,1,21462046,21462046
2014|regional|B01|21462|3,8,52,57,6,21462052,21462057
2014|regional|B01|21464|3,1,1,1,1,21464001,21464001
2014|regional|B01|21464|3,2,7,7,1,21464007,21464007
2014|regional|B01|21464|3,3,15,16,2,21464015,21464016
2014|regional|B02|21463|3,1,1,2,2,21463001,21463002
2014|regional|B02|21463|3,2,7,7,1,21463007,21463007
2014|regional|B02|21463|3,3,9,9,1,21463009,21463009
2014|regional|B02|21463|3,4,12,19,8,21463012,21463019
2014|regional|B02|21463|3,5,21,22,2,21463021,21463022
2014|regional|B02|21463|3,6,24,24,1,21463024,21463024
2014|regional|B02|21463|3,7,27,28,2,21463027,21463028
2014|regional|B02|21463|3,8,30,30,1,21463030,21463030
2014|regional|B02|21464|3,1,5,5,1,21464005,21464005
2014|regional|B03|21461|3,1,13,13,1,21461013,21461013
2014|regional|B03|21463|3,1,3,4,2,21463003,21463004
2014|regional|B03|21463|3,2,6,6,1,21463006,21463006
2014|regional|B03|21463|3,3,10,11,2,21463010,21463011
2014|regional|B03|21463|3,4,20,20,1,21463020,21463020
2014|regional|B03|21463|3,5,23,23,1,21463023,21463023
2014|regional|B03|21463|3,6,25,26,2,21463025,21463026
2014|regional|B03|21464|3,1,4,4,1,21464004,21464004
2014|regional|B03|21464|3,2,12,12,1,21464012,21464012
2014|regional|B03|21465|3,1,16,16,1,21465016,21465016
2014|regional|B04|21461|3,1,5,5,1,21461005,21461005
2014|regional|B04|21461|3,2,16,16,1,21461016,21461016
2014|regional|B04|21465|3,1,1,15,15,21465001,21465015
2014|regional|B04|21465|3,2,17,17,1,21465017,21465017
2014|regional|B04|21465|3,3,19,26,8,21465019,21465026
2014|regional|B05|21461|3,1,8,9,2,21461008,21461009
2014|regional|B05|21461|3,2,14,14,1,21461014,21461014
2014|regional|B05|21461|3,3,22,22,1,21461022,21461022
2014|regional|B05|21461|3,4,26,27,2,21461026,21461027
2014|regional|B05|21462|3,1,27,27,1,21462027,21462027
2014|regional|B05|21464|3,1,2,3,2,21464002,21464003
2014|regional|B05|21464|3,2,6,6,1,21464006,21464006
2014|regional|B05|21464|3,3,9,11,3,21464009,21464011
2014|regional|B05|21464|3,4,13,14,2,21464013,21464014
2014|regional|B05|21464|3,5,17,17,1,21464017,21464017
2014|regional|B06|21461|3,1,1,1,1,21461001,21461001
2014|regional|B06|21467|3,1,1,23,23,21467001,21467023
2014|regional|B06|21467|3,2,25,31,7,21467025,21467031
2014|regional|B07|21462|3,1,6,12,7,21462006,21462012
2014|regional|B07|21462|3,2,14,15,2,21462014,21462015
2014|regional|B07|21462|3,3,23,23,1,21462023,21462023
2014|regional|B07|21462|3,4,26,26,1,21462026,21462026
2014|regional|B07|21462|3,5,28,28,1,21462028,21462028
2014|regional|B07|21462|3,6,30,30,1,21462030,21462030
2014|regional|B07|21462|3,7,43,45,3,21462043,21462045
2014|regional|B07|21462|3,8,47,51,5,21462047,21462051
2014|regional|B07|21463|3,1,8,8,1,21463008,21463008
2014|regional|B07|21463|3,2,29,29,1,21463029,21463029
2014|regional|B08|21466|3,1,1,32,32,21466001,21466032
2014|regional|B08|21466|3,2,34,37,4,21466034,21466037
2014|regional|B09|21464|3,1,8,8,1,21464008,21464008
2014|youth_c|B01|21401|3,1,3,4,2,21401003,21401004
2014|youth_c|B01|21401|3,2,6,7,2,21401006,21401007
2014|youth_c|B01|21401|3,3,9,13,5,21401009,21401013
2014|youth_c|B01|21401|3,4,18,21,4,21401018,21401021
2014|youth_c|B01|21401|3,5,23,24,2,21401023,21401024
2014|youth_c|B01|21401|3,6,27,30,4,21401027,21401030
2014|youth_c|B01|21401|3,7,33,34,2,21401033,21401034
2014|youth_c|B01|21401|3,8,36,37,2,21401036,21401037
2014|youth_c|B01|21401|3,9,40,42,3,21401040,21401042
2014|youth_c|B01|21401|3,10,44,44,1,21401044,21401044
2014|youth_c|B01|21401|3,11,47,47,1,21401047,21401047
2014|youth_c|B01|21401|3,12,50,50,1,21401050,21401050
2014|youth_c|B01|21401|3,13,53,53,1,21401053,21401053
2014|youth_c|B01|21401|3,14,55,55,1,21401055,21401055
2014|youth_c|B01|21401|3,15,58,59,2,21401058,21401059
2014|youth_c|B01|21401|3,16,63,64,2,21401063,21401064
2014|youth_c|B01|21401|3,17,66,71,6,21401066,21401071
2014|youth_c|B01|21401|3,18,75,75,1,21401075,21401075
2014|youth_c|B01|21401|3,19,80,81,2,21401080,21401081
2014|youth_c|B01|21401|3,20,83,83,1,21401083,21401083
2014|youth_c|B01|21401|3,21,85,90,6,21401085,21401090
2014|youth_c|B01|21401|3,22,94,97,4,21401094,21401097
2014|youth_c|B01|21401|3,23,99,104,6,21401099,21401104
2014|youth_c|B01|21401|3,24,107,109,3,21401107,21401109
2014|youth_c|B01|21401|3,25,111,113,3,21401111,21401113
2014|youth_c|B01|21401|3,26,117,119,3,21401117,21401119
2014|youth_c|B01|21401|3,27,121,122,2,21401121,21401122
2014|youth_c|B01|21401|3,28,124,124,1,21401124,21401124
2014|youth_c|B01|21401|3,29,126,126,1,21401126,21401126
2014|youth_c|B01|21401|3,30,128,129,2,21401128,21401129
2014|youth_c|B01|21401|3,31,131,132,2,21401131,21401132
2014|youth_c|B01|21401|3,32,134,135,2,21401134,21401135
2014|youth_c|B01|21401|3,33,138,140,3,21401138,21401140
2014|youth_c|B01|21401|3,34,143,143,1,21401143,21401143
2014|youth_c|B01|21401|3,35,145,145,1,21401145,21401145
2014|youth_c|B01|21401|3,36,147,147,1,21401147,21401147
2014|youth_c|B01|21401|3,37,151,151,1,21401151,21401151
2014|youth_c|B01|21401|3,38,155,164,10,21401155,21401164
2014|youth_c|B01|21401|3,39,166,166,1,21401166,21401166
2014|youth_c|B01|21401|3,40,169,170,2,21401169,21401170
2014|youth_c|B01|21401|3,41,183,183,1,21401183,21401183
2014|youth_c|B01|21401|3,42,186,188,3,21401186,21401188
2014|youth_c|B01|21401|3,43,190,193,4,21401190,21401193
2014|youth_c|B01|21401|3,44,197,197,1,21401197,21401197
2014|youth_c|B01|21401|3,45,203,203,1,21401203,21401203
2014|youth_c|B01|21401|3,46,205,205,1,21401205,21401205
2014|youth_c|B01|21401|3,47,207,207,1,21401207,21401207
2014|youth_c|B01|21401|3,48,210,210,1,21401210,21401210
2014|youth_c|B01|21401|3,49,212,214,3,21401212,21401214
2014|youth_c|B01|21401|3,50,218,218,1,21401218,21401218
2014|youth_c|B01|21402|3,1,1,3,3,21402001,21402003
2014|youth_c|B01|21402|3,2,5,5,1,21402005,21402005
2014|youth_c|B01|21402|3,3,9,9,1,21402009,21402009
2014|youth_c|B01|21402|3,4,11,11,1,21402011,21402011
2014|youth_c|B01|21402|3,5,13,16,4,21402013,21402016
2014|youth_c|B01|21402|3,6,19,21,3,21402019,21402021
2014|youth_c|B01|21402|3,7,23,23,1,21402023,21402023
2014|youth_c|B01|21402|3,8,25,29,5,21402025,21402029
2014|youth_c|B01|21402|3,9,32,33,2,21402032,21402033
2014|youth_c|B01|21402|3,10,36,38,3,21402036,21402038
2014|youth_c|B01|21402|3,11,40,40,1,21402040,21402040
2014|youth_c|B01|21402|3,12,42,43,2,21402042,21402043
2014|youth_c|B01|21402|3,13,45,46,2,21402045,21402046
2014|youth_c|B01|21402|3,14,49,51,3,21402049,21402051
2014|youth_c|B01|21402|3,15,53,54,2,21402053,21402054
2014|youth_c|B01|21402|3,16,57,57,1,21402057,21402057
2014|youth_c|B01|21402|3,17,60,61,2,21402060,21402061
2014|youth_c|B01|21402|3,18,63,71,9,21402063,21402071
2014|youth_c|B01|21402|3,19,73,73,1,21402073,21402073
2014|youth_c|B01|21402|3,20,78,79,2,21402078,21402079
2014|youth_c|B01|21402|3,21,81,84,4,21402081,21402084
2014|youth_c|B01|21402|3,22,86,89,4,21402086,21402089
2014|youth_c|B01|21402|3,23,92,96,5,21402092,21402096
2014|youth_c|B01|21402|3,24,98,98,1,21402098,21402098
2014|youth_c|B01|21402|3,25,102,103,2,21402102,21402103
2014|youth_c|B01|21402|3,26,106,110,5,21402106,21402110
2014|youth_c|B01|21402|3,27,112,112,1,21402112,21402112
2014|youth_c|B01|21402|3,28,114,114,1,21402114,21402114
2014|youth_c|B01|21402|3,29,116,117,2,21402116,21402117
2014|youth_c|B01|21402|3,30,119,119,1,21402119,21402119
2014|youth_c|B01|21402|3,31,121,121,1,21402121,21402121
2014|youth_c|B01|21402|3,32,123,124,2,21402123,21402124
2014|youth_c|B01|21402|3,33,126,129,4,21402126,21402129
2014|youth_c|B01|21402|3,34,131,135,5,21402131,21402135
2014|youth_c|B01|21402|3,35,137,138,2,21402137,21402138
2014|youth_c|B01|21402|3,36,141,141,1,21402141,21402141
2014|youth_c|B01|21402|3,37,144,145,2,21402144,21402145
2014|youth_c|B01|21402|3,38,149,155,7,21402149,21402155
2014|youth_c|B01|21402|3,39,159,159,1,21402159,21402159
2014|youth_c|B01|21402|3,40,161,164,4,21402161,21402164
2014|youth_c|B01|21402|3,41,166,166,1,21402166,21402166
2014|youth_c|B01|21402|3,42,168,168,1,21402168,21402168
2014|youth_c|B01|21402|3,43,170,170,1,21402170,21402170
2014|youth_c|B01|21402|3,44,176,178,3,21402176,21402178
2014|youth_c|B01|21402|3,45,181,182,2,21402181,21402182
2014|youth_c|B01|21402|3,46,184,186,3,21402184,21402186
2014|youth_c|B01|21402|3,47,188,188,1,21402188,21402188
2014|youth_c|B01|21402|3,48,190,194,5,21402190,21402194
2014|youth_c|B01|21402|3,49,196,200,5,21402196,21402200
2014|youth_c|B01|21402|3,50,202,203,2,21402202,21402203
2014|youth_c|B01|21402|3,51,209,209,1,21402209,21402209
2014|youth_c|B01|21402|3,52,216,217,2,21402216,21402217
2014|youth_c|B01|21402|3,53,219,220,2,21402219,21402220
2014|youth_c|B01|21402|3,54,227,227,1,21402227,21402227
2014|youth_c|B01|21402|3,55,233,234,2,21402233,21402234
2014|youth_c|B01|21402|3,56,237,237,1,21402237,21402237
2014|youth_c|B01|21402|3,57,243,244,2,21402243,21402244
2014|youth_c|B01|21404|3,1,1,1,1,21404001,21404001
2014|youth_c|B01|21404|3,2,4,4,1,21404004,21404004
2014|youth_c|B01|21404|3,3,6,6,1,21404006,21404006
2014|youth_c|B01|21404|3,4,10,10,1,21404010,21404010
2014|youth_c|B01|21404|3,5,18,19,2,21404018,21404019
2014|youth_c|B01|21404|3,6,27,27,1,21404027,21404027
2014|youth_c|B01|21404|3,7,30,30,1,21404030,21404030
2014|youth_c|B01|21404|3,8,36,36,1,21404036,21404036
2014|youth_c|B01|21404|3,9,39,42,4,21404039,21404042
2014|youth_c|B01|21404|3,10,45,45,1,21404045,21404045
2014|youth_c|B01|21404|3,11,48,48,1,21404048,21404048
2014|youth_c|B01|21404|3,12,51,52,2,21404051,21404052
2014|youth_c|B01|21404|3,13,59,59,1,21404059,21404059
2014|youth_c|B01|21404|3,14,64,64,1,21404064,21404064
2014|youth_c|B01|21404|3,15,69,69,1,21404069,21404069
2014|youth_c|B01|21404|3,16,84,84,1,21404084,21404084
2014|youth_c|B01|21404|3,17,96,97,2,21404096,21404097
2014|youth_c|B01|21404|3,18,108,108,1,21404108,21404108
2014|youth_c|B01|21404|3,19,118,118,1,21404118,21404118
2014|youth_c|B01|21404|3,20,122,123,2,21404122,21404123
2014|youth_c|B02|21401|3,1,167,167,1,21401167,21401167
2014|youth_c|B02|21403|3,1,4,4,1,21403004,21403004
2014|youth_c|B02|21403|3,2,6,6,1,21403006,21403006
2014|youth_c|B02|21403|3,3,8,8,1,21403008,21403008
2014|youth_c|B02|21403|3,4,10,12,3,21403010,21403012
2014|youth_c|B02|21403|3,5,14,16,3,21403014,21403016
2014|youth_c|B02|21403|3,6,18,19,2,21403018,21403019
2014|youth_c|B02|21403|3,7,22,23,2,21403022,21403023
2014|youth_c|B02|21403|3,8,25,30,6,21403025,21403030
2014|youth_c|B02|21403|3,9,32,32,1,21403032,21403032
2014|youth_c|B02|21403|3,10,40,40,1,21403040,21403040
2014|youth_c|B02|21403|3,11,44,44,1,21403044,21403044
2014|youth_c|B02|21403|3,12,46,46,1,21403046,21403046
2014|youth_c|B02|21403|3,13,50,51,2,21403050,21403051
2014|youth_c|B02|21403|3,14,53,58,6,21403053,21403058
2014|youth_c|B02|21403|3,15,62,63,2,21403062,21403063
2014|youth_c|B02|21403|3,16,65,66,2,21403065,21403066
2014|youth_c|B02|21403|3,17,69,72,4,21403069,21403072
2014|youth_c|B02|21403|3,18,77,79,3,21403077,21403079
2014|youth_c|B02|21403|3,19,86,87,2,21403086,21403087
2014|youth_c|B02|21403|3,20,89,91,3,21403089,21403091
2014|youth_c|B02|21403|3,21,93,93,1,21403093,21403093
2014|youth_c|B02|21403|3,22,96,96,1,21403096,21403096
2014|youth_c|B02|21403|3,23,100,103,4,21403100,21403103
2014|youth_c|B02|21403|3,24,105,106,2,21403105,21403106
2014|youth_c|B02|21403|3,25,108,108,1,21403108,21403108
2014|youth_c|B02|21403|3,26,121,122,2,21403121,21403122
2014|youth_c|B02|21403|3,27,124,126,3,21403124,21403126
2014|youth_c|B02|21403|3,28,128,130,3,21403128,21403130
2014|youth_c|B02|21403|3,29,134,137,4,21403134,21403137
2014|youth_c|B02|21403|3,30,139,139,1,21403139,21403139
2014|youth_c|B02|21403|3,31,143,143,1,21403143,21403143
2014|youth_c|B02|21403|3,32,147,147,1,21403147,21403147
2014|youth_c|B02|21403|3,33,149,152,4,21403149,21403152
2014|youth_c|B02|21403|3,34,154,154,1,21403154,21403154
2014|youth_c|B02|21403|3,35,156,158,3,21403156,21403158
2014|youth_c|B02|21403|3,36,161,161,1,21403161,21403161
2014|youth_c|B02|21403|3,37,163,167,5,21403163,21403167
2014|youth_c|B02|21403|3,38,169,169,1,21403169,21403169
2014|youth_c|B02|21403|3,39,172,174,3,21403172,21403174
2014|youth_c|B02|21403|3,40,177,181,5,21403177,21403181
2014|youth_c|B02|21403|3,41,184,184,1,21403184,21403184
2014|youth_c|B02|21403|3,42,186,188,3,21403186,21403188
2014|youth_c|B02|21403|3,43,190,190,1,21403190,21403190
2014|youth_c|B02|21403|3,44,192,195,4,21403192,21403195
2014|youth_c|B02|21403|3,45,197,197,1,21403197,21403197
2014|youth_c|B02|21403|3,46,205,205,1,21403205,21403205
2014|youth_c|B02|21403|3,47,209,210,2,21403209,21403210
2014|youth_c|B02|21403|3,48,212,220,9,21403212,21403220
2014|youth_c|B02|21403|3,49,227,227,1,21403227,21403227
2014|youth_c|B02|21403|3,50,230,230,1,21403230,21403230
2014|youth_c|B02|21403|3,51,236,240,5,21403236,21403240
2014|youth_c|B02|21403|3,52,248,248,1,21403248,21403248
2014|youth_c|B02|21403|3,53,250,251,2,21403250,21403251
2014|youth_c|B02|21403|3,54,255,258,4,21403255,21403258
2014|youth_c|B02|21403|3,55,260,262,3,21403260,21403262
2014|youth_c|B02|21403|3,56,264,266,3,21403264,21403266
2014|youth_c|B02|21403|3,57,268,275,8,21403268,21403275
2014|youth_c|B02|21403|3,58,278,282,5,21403278,21403282
2014|youth_c|B02|21403|3,59,284,284,1,21403284,21403284
2014|youth_c|B02|21403|3,60,286,287,2,21403286,21403287
2014|youth_c|B02|21403|3,61,289,289,1,21403289,21403289
2014|youth_c|B02|21403|3,62,293,295,3,21403293,21403295
2014|youth_c|B02|21403|3,63,301,304,4,21403301,21403304
2014|youth_c|B02|21404|3,1,8,8,1,21404008,21404008
2014|youth_c|B02|21404|3,2,116,117,2,21404116,21404117
2014|youth_c|B03|21401|3,1,8,8,1,21401008,21401008
2014|youth_c|B03|21401|3,2,54,54,1,21401054,21401054
2014|youth_c|B03|21401|3,3,120,120,1,21401120,21401120
2014|youth_c|B03|21401|3,4,180,181,2,21401180,21401181
2014|youth_c|B03|21401|3,5,184,185,2,21401184,21401185
2014|youth_c|B03|21401|3,6,194,194,1,21401194,21401194
2014|youth_c|B03|21402|3,1,47,48,2,21402047,21402048
2014|youth_c|B03|21402|3,2,62,62,1,21402062,21402062
2014|youth_c|B03|21402|3,3,99,99,1,21402099,21402099
2014|youth_c|B03|21402|3,4,113,113,1,21402113,21402113
2014|youth_c|B03|21402|3,5,158,158,1,21402158,21402158
2014|youth_c|B03|21402|3,6,179,179,1,21402179,21402179
2014|youth_c|B03|21402|3,7,228,229,2,21402228,21402229
2014|youth_c|B03|21403|3,1,1,3,3,21403001,21403003
2014|youth_c|B03|21403|3,2,5,5,1,21403005,21403005
2014|youth_c|B03|21403|3,3,7,7,1,21403007,21403007
2014|youth_c|B03|21403|3,4,9,9,1,21403009,21403009
2014|youth_c|B03|21403|3,5,17,17,1,21403017,21403017
2014|youth_c|B03|21403|3,6,21,21,1,21403021,21403021
2014|youth_c|B03|21403|3,7,24,24,1,21403024,21403024
2014|youth_c|B03|21403|3,8,33,33,1,21403033,21403033
2014|youth_c|B03|21403|3,9,36,39,4,21403036,21403039
2014|youth_c|B03|21403|3,10,41,41,1,21403041,21403041
2014|youth_c|B03|21403|3,11,45,45,1,21403045,21403045
2014|youth_c|B03|21403|3,12,47,47,1,21403047,21403047
2014|youth_c|B03|21403|3,13,49,49,1,21403049,21403049
2014|youth_c|B03|21403|3,14,59,61,3,21403059,21403061
2014|youth_c|B03|21403|3,15,64,64,1,21403064,21403064
2014|youth_c|B03|21403|3,16,67,68,2,21403067,21403068
2014|youth_c|B03|21403|3,17,74,75,2,21403074,21403075
2014|youth_c|B03|21403|3,18,80,85,6,21403080,21403085
2014|youth_c|B03|21403|3,19,88,88,1,21403088,21403088
2014|youth_c|B03|21403|3,20,94,94,1,21403094,21403094
2014|youth_c|B03|21403|3,21,97,98,2,21403097,21403098
2014|youth_c|B03|21403|3,22,104,104,1,21403104,21403104
2014|youth_c|B03|21403|3,23,109,112,4,21403109,21403112
2014|youth_c|B03|21403|3,24,114,118,5,21403114,21403118
2014|youth_c|B03|21403|3,25,123,123,1,21403123,21403123
2014|youth_c|B03|21403|3,26,127,127,1,21403127,21403127
2014|youth_c|B03|21403|3,27,132,133,2,21403132,21403133
2014|youth_c|B03|21403|3,28,138,138,1,21403138,21403138
2014|youth_c|B03|21403|3,29,141,142,2,21403141,21403142
2014|youth_c|B03|21403|3,30,144,146,3,21403144,21403146
2014|youth_c|B03|21403|3,31,159,160,2,21403159,21403160
2014|youth_c|B03|21403|3,32,162,162,1,21403162,21403162
2014|youth_c|B03|21403|3,33,168,168,1,21403168,21403168
2014|youth_c|B03|21403|3,34,170,171,2,21403170,21403171
2014|youth_c|B03|21403|3,35,175,176,2,21403175,21403176
2014|youth_c|B03|21403|3,36,182,183,2,21403182,21403183
2014|youth_c|B03|21403|3,37,185,185,1,21403185,21403185
2014|youth_c|B03|21403|3,38,189,189,1,21403189,21403189
2014|youth_c|B03|21403|3,39,191,191,1,21403191,21403191
2014|youth_c|B03|21403|3,40,198,201,4,21403198,21403201
2014|youth_c|B03|21403|3,41,203,204,2,21403203,21403204
2014|youth_c|B03|21403|3,42,206,208,3,21403206,21403208
2014|youth_c|B03|21403|3,43,211,211,1,21403211,21403211
2014|youth_c|B03|21403|3,44,221,226,6,21403221,21403226
2014|youth_c|B03|21403|3,45,228,229,2,21403228,21403229
2014|youth_c|B03|21403|3,46,231,235,5,21403231,21403235
2014|youth_c|B03|21403|3,47,241,241,1,21403241,21403241
2014|youth_c|B03|21403|3,48,243,245,3,21403243,21403245
2014|youth_c|B03|21403|3,49,249,249,1,21403249,21403249
2014|youth_c|B03|21403|3,50,252,254,3,21403252,21403254
2014|youth_c|B03|21403|3,51,267,267,1,21403267,21403267
2014|youth_c|B03|21403|3,52,277,277,1,21403277,21403277
2014|youth_c|B03|21403|3,53,283,283,1,21403283,21403283
2014|youth_c|B03|21403|3,54,285,285,1,21403285,21403285
2014|youth_c|B03|21403|3,55,290,292,3,21403290,21403292
2014|youth_c|B03|21403|3,56,296,300,5,21403296,21403300
2014|youth_c|B03|21404|3,1,2,3,2,21404002,21404003
2014|youth_c|B03|21404|3,2,9,9,1,21404009,21404009
2014|youth_c|B03|21404|3,3,12,12,1,21404012,21404012
2014|youth_c|B03|21404|3,4,21,23,3,21404021,21404023
2014|youth_c|B03|21404|3,5,44,44,1,21404044,21404044
2014|youth_c|B03|21404|3,6,50,50,1,21404050,21404050
2014|youth_c|B03|21404|3,7,55,56,2,21404055,21404056
2014|youth_c|B03|21404|3,8,63,63,1,21404063,21404063
2014|youth_c|B03|21404|3,9,67,67,1,21404067,21404067
2014|youth_c|B03|21404|3,10,70,70,1,21404070,21404070
2014|youth_c|B03|21404|3,11,72,72,1,21404072,21404072
2014|youth_c|B03|21404|3,12,78,78,1,21404078,21404078
2014|youth_c|B03|21404|3,13,80,81,2,21404080,21404081
2014|youth_c|B03|21404|3,14,98,98,1,21404098,21404098
2014|youth_c|B03|21404|3,15,102,106,5,21404102,21404106
2014|youth_c|B03|21404|3,16,113,113,1,21404113,21404113
2014|youth_c|B03|21405|3,1,68,68,1,21405068,21405068
2014|youth_c|B03|21405|3,2,110,110,1,21405110,21405110
2014|youth_c|B04|21401|3,1,110,110,1,21401110,21401110
2014|youth_c|B04|21401|3,2,146,146,1,21401146,21401146
2014|youth_c|B04|21401|3,3,201,201,1,21401201,21401201
2014|youth_c|B04|21401|3,4,209,209,1,21401209,21401209
2014|youth_c|B04|21402|3,1,34,34,1,21402034,21402034
2014|youth_c|B04|21402|3,2,172,172,1,21402172,21402172
2014|youth_c|B04|21402|3,3,231,231,1,21402231,21402231
2014|youth_c|B04|21405|3,1,1,67,67,21405001,21405067
2014|youth_c|B04|21405|3,2,69,109,41,21405069,21405109
2014|youth_c|B04|21405|3,3,111,167,57,21405111,21405167
2014|youth_c|B04|21405|3,4,169,183,15,21405169,21405183
2014|youth_c|B05|21401|3,1,1,1,1,21401001,21401001
2014|youth_c|B05|21401|3,2,5,5,1,21401005,21401005
2014|youth_c|B05|21401|3,3,14,17,4,21401014,21401017
2014|youth_c|B05|21401|3,4,26,26,1,21401026,21401026
2014|youth_c|B05|21401|3,5,32,32,1,21401032,21401032
2014|youth_c|B05|21401|3,6,43,43,1,21401043,21401043
2014|youth_c|B05|21401|3,7,46,46,1,21401046,21401046
2014|youth_c|B05|21401|3,8,48,49,2,21401048,21401049
2014|youth_c|B05|21401|3,9,51,52,2,21401051,21401052
2014|youth_c|B05|21401|3,10,56,57,2,21401056,21401057
2014|youth_c|B05|21401|3,11,60,62,3,21401060,21401062
2014|youth_c|B05|21401|3,12,73,74,2,21401073,21401074
2014|youth_c|B05|21401|3,13,79,79,1,21401079,21401079
2014|youth_c|B05|21401|3,14,82,82,1,21401082,21401082
2014|youth_c|B05|21401|3,15,92,93,2,21401092,21401093
2014|youth_c|B05|21401|3,16,116,116,1,21401116,21401116
2014|youth_c|B05|21401|3,17,123,123,1,21401123,21401123
2014|youth_c|B05|21401|3,18,127,127,1,21401127,21401127
2014|youth_c|B05|21401|3,19,130,130,1,21401130,21401130
2014|youth_c|B05|21401|3,20,133,133,1,21401133,21401133
2014|youth_c|B05|21401|3,21,142,142,1,21401142,21401142
2014|youth_c|B05|21401|3,22,148,148,1,21401148,21401148
2014|youth_c|B05|21401|3,23,150,150,1,21401150,21401150
2014|youth_c|B05|21401|3,24,153,154,2,21401153,21401154
2014|youth_c|B05|21401|3,25,165,165,1,21401165,21401165
2014|youth_c|B05|21401|3,26,168,168,1,21401168,21401168
2014|youth_c|B05|21401|3,27,171,171,1,21401171,21401171
2014|youth_c|B05|21401|3,28,177,178,2,21401177,21401178
2014|youth_c|B05|21401|3,29,182,182,1,21401182,21401182
2014|youth_c|B05|21401|3,30,189,189,1,21401189,21401189
2014|youth_c|B05|21401|3,31,195,196,2,21401195,21401196
2014|youth_c|B05|21401|3,32,199,200,2,21401199,21401200
2014|youth_c|B05|21401|3,33,202,202,1,21401202,21401202
2014|youth_c|B05|21401|3,34,204,204,1,21401204,21401204
2014|youth_c|B05|21401|3,35,206,206,1,21401206,21401206
2014|youth_c|B05|21401|3,36,208,208,1,21401208,21401208
2014|youth_c|B05|21401|3,37,211,211,1,21401211,21401211
2014|youth_c|B05|21401|3,38,215,215,1,21401215,21401215
2014|youth_c|B05|21402|3,1,80,80,1,21402080,21402080
2014|youth_c|B05|21402|3,2,120,120,1,21402120,21402120
2014|youth_c|B05|21402|3,3,139,139,1,21402139,21402139
2014|youth_c|B05|21402|3,4,201,201,1,21402201,21402201
2014|youth_c|B05|21402|3,5,208,208,1,21402208,21402208
2014|youth_c|B05|21402|3,6,210,210,1,21402210,21402210
2014|youth_c|B05|21402|3,7,215,215,1,21402215,21402215
2014|youth_c|B05|21403|3,1,13,13,1,21403013,21403013
2014|youth_c|B05|21403|3,2,20,20,1,21403020,21403020
2014|youth_c|B05|21403|3,3,31,31,1,21403031,21403031
2014|youth_c|B05|21403|3,4,34,35,2,21403034,21403035
2014|youth_c|B05|21403|3,5,48,48,1,21403048,21403048
2014|youth_c|B05|21403|3,6,52,52,1,21403052,21403052
2014|youth_c|B05|21403|3,7,92,92,1,21403092,21403092
2014|youth_c|B05|21403|3,8,95,95,1,21403095,21403095
2014|youth_c|B05|21403|3,9,113,113,1,21403113,21403113
2014|youth_c|B05|21403|3,10,140,140,1,21403140,21403140
2014|youth_c|B05|21403|3,11,155,155,1,21403155,21403155
2014|youth_c|B05|21403|3,12,247,247,1,21403247,21403247
2014|youth_c|B05|21403|3,13,276,276,1,21403276,21403276
2014|youth_c|B05|21403|3,14,288,288,1,21403288,21403288
2014|youth_c|B05|21404|3,1,5,5,1,21404005,21404005
2014|youth_c|B05|21404|3,2,7,7,1,21404007,21404007
2014|youth_c|B05|21404|3,3,11,11,1,21404011,21404011
2014|youth_c|B05|21404|3,4,13,13,1,21404013,21404013
2014|youth_c|B05|21404|3,5,15,15,1,21404015,21404015
2014|youth_c|B05|21404|3,6,17,17,1,21404017,21404017
2014|youth_c|B05|21404|3,7,20,20,1,21404020,21404020
2014|youth_c|B05|21404|3,8,24,26,3,21404024,21404026
2014|youth_c|B05|21404|3,9,28,29,2,21404028,21404029
2014|youth_c|B05|21404|3,10,31,35,5,21404031,21404035
2014|youth_c|B05|21404|3,11,37,38,2,21404037,21404038
2014|youth_c|B05|21404|3,12,43,43,1,21404043,21404043
2014|youth_c|B05|21404|3,13,46,47,2,21404046,21404047
2014|youth_c|B05|21404|3,14,49,49,1,21404049,21404049
2014|youth_c|B05|21404|3,15,53,54,2,21404053,21404054
2014|youth_c|B05|21404|3,16,57,58,2,21404057,21404058
2014|youth_c|B05|21404|3,17,60,60,1,21404060,21404060
2014|youth_c|B05|21404|3,18,62,62,1,21404062,21404062
2014|youth_c|B05|21404|3,19,65,66,2,21404065,21404066
2014|youth_c|B05|21404|3,20,68,68,1,21404068,21404068
2014|youth_c|B05|21404|3,21,71,71,1,21404071,21404071
2014|youth_c|B05|21404|3,22,73,77,5,21404073,21404077
2014|youth_c|B05|21404|3,23,79,79,1,21404079,21404079
2014|youth_c|B05|21404|3,24,82,83,2,21404082,21404083
2014|youth_c|B05|21404|3,25,85,95,11,21404085,21404095
2014|youth_c|B05|21404|3,26,99,101,3,21404099,21404101
2014|youth_c|B05|21404|3,27,107,107,1,21404107,21404107
2014|youth_c|B05|21404|3,28,109,112,4,21404109,21404112
2014|youth_c|B05|21404|3,29,114,115,2,21404114,21404115
2014|youth_c|B05|21404|3,30,119,121,3,21404119,21404121
2014|youth_c|B05|21404|3,31,124,124,1,21404124,21404124
2014|youth_c|B06|21401|3,1,22,22,1,21401022,21401022
2014|youth_c|B06|21401|3,2,115,115,1,21401115,21401115
2014|youth_c|B06|21401|3,3,152,152,1,21401152,21401152
2014|youth_c|B06|21401|3,4,173,175,3,21401173,21401175
2014|youth_c|B06|21401|3,5,179,179,1,21401179,21401179
2014|youth_c|B06|21403|3,1,246,246,1,21403246,21403246
2014|youth_c|B06|21407|3,1,1,185,185,21407001,21407185
2014|youth_c|B07|21401|3,1,2,2,1,21401002,21401002
2014|youth_c|B07|21401|3,2,25,25,1,21401025,21401025
2014|youth_c|B07|21401|3,3,31,31,1,21401031,21401031
2014|youth_c|B07|21401|3,4,35,35,1,21401035,21401035
2014|youth_c|B07|21401|3,5,38,38,1,21401038,21401038
2014|youth_c|B07|21401|3,6,45,45,1,21401045,21401045
2014|youth_c|B07|21401|3,7,65,65,1,21401065,21401065
2014|youth_c|B07|21401|3,8,72,72,1,21401072,21401072
2014|youth_c|B07|21401|3,9,76,78,3,21401076,21401078
2014|youth_c|B07|21401|3,10,84,84,1,21401084,21401084
2014|youth_c|B07|21401|3,11,91,91,1,21401091,21401091
2014|youth_c|B07|21401|3,12,98,98,1,21401098,21401098
2014|youth_c|B07|21401|3,13,105,106,2,21401105,21401106
2014|youth_c|B07|21401|3,14,114,114,1,21401114,21401114
2014|youth_c|B07|21401|3,15,125,125,1,21401125,21401125
2014|youth_c|B07|21401|3,16,136,137,2,21401136,21401137
2014|youth_c|B07|21401|3,17,141,141,1,21401141,21401141
2014|youth_c|B07|21401|3,18,144,144,1,21401144,21401144
2014|youth_c|B07|21401|3,19,149,149,1,21401149,21401149
2014|youth_c|B07|21401|3,20,172,172,1,21401172,21401172
2014|youth_c|B07|21401|3,21,176,176,1,21401176,21401176
2014|youth_c|B07|21401|3,22,198,198,1,21401198,21401198
2014|youth_c|B07|21401|3,23,216,217,2,21401216,21401217
2014|youth_c|B07|21402|3,1,4,4,1,21402004,21402004
2014|youth_c|B07|21402|3,2,6,8,3,21402006,21402008
2014|youth_c|B07|21402|3,3,10,10,1,21402010,21402010
2014|youth_c|B07|21402|3,4,12,12,1,21402012,21402012
2014|youth_c|B07|21402|3,5,17,18,2,21402017,21402018
2014|youth_c|B07|21402|3,6,22,22,1,21402022,21402022
2014|youth_c|B07|21402|3,7,24,24,1,21402024,21402024
2014|youth_c|B07|21402|3,8,30,31,2,21402030,21402031
2014|youth_c|B07|21402|3,9,35,35,1,21402035,21402035
2014|youth_c|B07|21402|3,10,39,39,1,21402039,21402039
2014|youth_c|B07|21402|3,11,41,41,1,21402041,21402041
2014|youth_c|B07|21402|3,12,44,44,1,21402044,21402044
2014|youth_c|B07|21402|3,13,52,52,1,21402052,21402052
2014|youth_c|B07|21402|3,14,55,56,2,21402055,21402056
2014|youth_c|B07|21402|3,15,58,59,2,21402058,21402059
2014|youth_c|B07|21402|3,16,72,72,1,21402072,21402072
2014|youth_c|B07|21402|3,17,74,77,4,21402074,21402077
2014|youth_c|B07|21402|3,18,85,85,1,21402085,21402085
2014|youth_c|B07|21402|3,19,90,91,2,21402090,21402091
2014|youth_c|B07|21402|3,20,100,101,2,21402100,21402101
2014|youth_c|B07|21402|3,21,104,105,2,21402104,21402105
2014|youth_c|B07|21402|3,22,111,111,1,21402111,21402111
2014|youth_c|B07|21402|3,23,115,115,1,21402115,21402115
2014|youth_c|B07|21402|3,24,118,118,1,21402118,21402118
2014|youth_c|B07|21402|3,25,122,122,1,21402122,21402122
2014|youth_c|B07|21402|3,26,125,125,1,21402125,21402125
2014|youth_c|B07|21402|3,27,130,130,1,21402130,21402130
2014|youth_c|B07|21402|3,28,140,140,1,21402140,21402140
2014|youth_c|B07|21402|3,29,142,143,2,21402142,21402143
2014|youth_c|B07|21402|3,30,146,148,3,21402146,21402148
2014|youth_c|B07|21402|3,31,156,157,2,21402156,21402157
2014|youth_c|B07|21402|3,32,160,160,1,21402160,21402160
2014|youth_c|B07|21402|3,33,165,165,1,21402165,21402165
2014|youth_c|B07|21402|3,34,167,167,1,21402167,21402167
2014|youth_c|B07|21402|3,35,169,169,1,21402169,21402169
2014|youth_c|B07|21402|3,36,171,171,1,21402171,21402171
2014|youth_c|B07|21402|3,37,173,175,3,21402173,21402175
2014|youth_c|B07|21402|3,38,180,180,1,21402180,21402180
2014|youth_c|B07|21402|3,39,183,183,1,21402183,21402183
2014|youth_c|B07|21402|3,40,187,187,1,21402187,21402187
2014|youth_c|B07|21402|3,41,189,189,1,21402189,21402189
2014|youth_c|B07|21402|3,42,195,195,1,21402195,21402195
2014|youth_c|B07|21402|3,43,204,207,4,21402204,21402207
2014|youth_c|B07|21402|3,44,211,214,4,21402211,21402214
2014|youth_c|B07|21402|3,45,218,218,1,21402218,21402218
2014|youth_c|B07|21402|3,46,221,226,6,21402221,21402226
2014|youth_c|B07|21402|3,47,230,230,1,21402230,21402230
2014|youth_c|B07|21402|3,48,232,232,1,21402232,21402232
2014|youth_c|B07|21402|3,49,235,236,2,21402235,21402236
2014|youth_c|B07|21402|3,50,238,238,1,21402238,21402238
2014|youth_c|B07|21402|3,51,240,242,3,21402240,21402242
2014|youth_c|B07|21403|3,1,43,43,1,21403043,21403043
2014|youth_c|B07|21403|3,2,242,242,1,21403242,21403242
2014|youth_c|B08|21402|3,1,239,239,1,21402239,21402239
2014|youth_c|B08|21403|3,1,42,42,1,21403042,21403042
2014|youth_c|B08|21406|3,1,1,148,148,21406001,21406148
2014|youth_c|B08|21406|3,2,150,274,125,21406150,21406274
2014|youth_c|B09|21403|3,1,73,73,1,21403073,21403073
2014|youth_c|B09|21403|3,2,76,76,1,21403076,21403076
2014|youth_c|B09|21403|3,3,99,99,1,21403099,21403099
2014|youth_c|B09|21403|3,4,107,107,1,21403107,21403107
2014|youth_c|B09|21403|3,5,119,120,2,21403119,21403120
2014|youth_c|B09|21403|3,6,148,148,1,21403148,21403148
2014|youth_c|B09|21403|3,7,153,153,1,21403153,21403153
2014|youth_c|B09|21403|3,8,196,196,1,21403196,21403196
2014|youth_c|B09|21403|3,9,202,202,1,21403202,21403202
2014|youth_c|B09|21403|3,10,259,259,1,21403259,21403259
2014|youth_c|B09|21403|3,11,263,263,1,21403263,21403263
2014|youth_c|B09|21403|3,12,305,305,1,21403305,21403305
2014|youth_c|B09|21404|3,1,14,14,1,21404014,21404014
2014|youth_c|B09|21404|3,2,16,16,1,21404016,21404016
2014|youth_c|B09|21404|3,3,61,61,1,21404061,21404061
2015|general|B01|21571|3,1,1,1,1,21571001,21571001
2015|general|B01|21571|3,2,3,3,1,21571003,21571003
2015|general|B01|21571|3,3,5,5,1,21571005,21571005
2015|general|B01|21571|3,4,10,10,1,21571010,21571010
2015|general|B01|21571|3,5,12,12,1,21571012,21571012
2015|general|B01|21571|3,6,14,17,4,21571014,21571017
2015|general|B01|21571|3,7,23,23,1,21571023,21571023
2015|general|B01|21571|3,8,26,27,2,21571026,21571027
2015|general|B01|21571|3,9,29,30,2,21571029,21571030
2015|general|B01|21571|3,10,32,32,1,21571032,21571032
2015|general|B01|21571|3,11,35,35,1,21571035,21571035
2015|general|B01|21571|3,12,37,39,3,21571037,21571039
2015|general|B01|21571|3,13,42,52,11,21571042,21571052
2015|general|B01|21571|3,14,55,55,1,21571055,21571055
2015|general|B01|21571|3,15,60,61,2,21571060,21571061
2015|general|B01|21571|3,16,64,64,1,21571064,21571064
2015|general|B01|21571|3,17,66,66,1,21571066,21571066
2015|general|B01|21571|3,18,70,71,2,21571070,21571071
2015|general|B01|21571|3,19,75,77,3,21571075,21571077
2015|general|B01|21571|3,20,86,88,3,21571086,21571088
2015|general|B01|21571|3,21,90,97,8,21571090,21571097
2015|general|B01|21571|3,22,100,104,5,21571100,21571104
2015|general|B01|21571|3,23,106,107,2,21571106,21571107
2015|general|B01|21571|3,24,109,111,3,21571109,21571111
2015|general|B01|21571|3,25,113,113,1,21571113,21571113
2015|general|B01|21571|3,26,115,116,2,21571115,21571116
2015|general|B01|21571|3,27,121,126,6,21571121,21571126
2015|general|B01|21571|3,28,131,131,1,21571131,21571131
2015|general|B01|21571|3,29,134,140,7,21571134,21571140
2015|general|B01|21571|3,30,142,145,4,21571142,21571145
2015|general|B01|21571|3,31,149,152,4,21571149,21571152
2015|general|B01|21571|3,32,156,159,4,21571156,21571159
2015|general|B01|21571|3,33,162,162,1,21571162,21571162
2015|general|B01|21571|3,34,165,167,3,21571165,21571167
2015|general|B01|21571|3,35,169,172,4,21571169,21571172
2015|general|B01|21571|3,36,175,175,1,21571175,21571175
2015|general|B01|21571|3,37,180,180,1,21571180,21571180
2015|general|B01|21571|3,38,183,183,1,21571183,21571183
2015|general|B01|21571|3,39,187,189,3,21571187,21571189
2015|general|B01|21571|3,40,193,195,3,21571193,21571195
2015|general|B01|21572|3,1,2,2,1,21572002,21572002
2015|general|B01|21572|3,2,4,9,6,21572004,21572009
2015|general|B01|21572|3,3,17,17,1,21572017,21572017
2015|general|B01|21572|3,4,20,20,1,21572020,21572020
2015|general|B01|21572|3,5,22,25,4,21572022,21572025
2015|general|B01|21572|3,6,27,28,2,21572027,21572028
2015|general|B01|21572|3,7,31,36,6,21572031,21572036
2015|general|B01|21572|3,8,40,42,3,21572040,21572042
2015|general|B01|21572|3,9,51,56,6,21572051,21572056
2015|general|B01|21572|3,10,63,63,1,21572063,21572063
2015|general|B01|21572|3,11,65,66,2,21572065,21572066
2015|general|B01|21572|3,12,68,72,5,21572068,21572072
2015|general|B01|21572|3,13,74,75,2,21572074,21572075
2015|general|B01|21572|3,14,78,78,1,21572078,21572078
2015|general|B01|21572|3,15,83,90,8,21572083,21572090
2015|general|B01|21572|3,16,92,92,1,21572092,21572092
2015|general|B01|21572|3,17,94,99,6,21572094,21572099
2015|general|B01|21572|3,18,101,101,1,21572101,21572101
2015|general|B01|21572|3,19,103,104,2,21572103,21572104
2015|general|B01|21572|3,20,107,108,2,21572107,21572108
2015|general|B01|21572|3,21,110,112,3,21572110,21572112
2015|general|B01|21572|3,22,117,120,4,21572117,21572120
2015|general|B01|21572|3,23,122,122,1,21572122,21572122
2015|general|B01|21572|3,24,124,124,1,21572124,21572124
2015|general|B01|21572|3,25,126,131,6,21572126,21572131
2015|general|B01|21572|3,26,135,140,6,21572135,21572140
2015|general|B01|21572|3,27,142,143,2,21572142,21572143
2015|general|B01|21572|3,28,148,151,4,21572148,21572151
2015|general|B01|21572|3,29,154,160,7,21572154,21572160
2015|general|B01|21572|3,30,162,162,1,21572162,21572162
2015|general|B01|21572|3,31,165,165,1,21572165,21572165
2015|general|B01|21572|3,32,175,175,1,21572175,21572175
2015|general|B01|21572|3,33,177,179,3,21572177,21572179
2015|general|B01|21572|3,34,183,188,6,21572183,21572188
2015|general|B01|21572|3,35,192,203,12,21572192,21572203
2015|general|B01|21572|3,36,205,205,1,21572205,21572205
2015|general|B01|21572|3,37,208,209,2,21572208,21572209
2015|general|B01|21572|3,38,211,211,1,21572211,21572211
2015|general|B01|21572|3,39,213,213,1,21572213,21572213
2015|general|B01|21572|3,40,215,215,1,21572215,21572215
2015|general|B01|21572|3,41,217,218,2,21572217,21572218
2015|general|B01|21572|3,42,220,220,1,21572220,21572220
2015|general|B01|21572|3,43,223,226,4,21572223,21572226
2015|general|B01|21572|3,44,228,229,2,21572228,21572229
2015|general|B01|21572|3,45,231,238,8,21572231,21572238
2015|general|B01|21572|3,46,240,242,3,21572240,21572242
2015|general|B01|21572|3,47,245,259,15,21572245,21572259
2015|general|B01|21572|3,48,261,262,2,21572261,21572262
2015|general|B01|21572|3,49,264,264,1,21572264,21572264
2015|general|B01|21572|3,50,269,272,4,21572269,21572272
2015|general|B01|21572|3,51,278,278,1,21572278,21572278
2015|general|B01|21572|3,52,280,280,1,21572280,21572280
2015|general|B01|21574|3,1,5,5,1,21574005,21574005
2015|general|B01|21574|3,2,7,7,1,21574007,21574007
2015|general|B01|21574|3,3,13,14,2,21574013,21574014
2015|general|B01|21574|3,4,16,16,1,21574016,21574016
2015|general|B01|21574|3,5,22,22,1,21574022,21574022
2015|general|B01|21574|3,6,25,25,1,21574025,21574025
2015|general|B01|21574|3,7,33,34,2,21574033,21574034
2015|general|B01|21574|3,8,36,36,1,21574036,21574036
2015|general|B01|21574|3,9,39,39,1,21574039,21574039
2015|general|B01|21574|3,10,41,42,2,21574041,21574042
2015|general|B01|21574|3,11,52,52,1,21574052,21574052
2015|general|B01|21574|3,12,54,58,5,21574054,21574058
2015|general|B01|21574|3,13,65,65,1,21574065,21574065
2015|general|B01|21574|3,14,73,74,2,21574073,21574074
2015|general|B01|21574|3,15,78,78,1,21574078,21574078
2015|general|B01|21574|3,16,81,81,1,21574081,21574081
2015|general|B01|21574|3,17,85,85,1,21574085,21574085
2015|general|B01|21574|3,18,89,90,2,21574089,21574090
2015|general|B01|21574|3,19,95,95,1,21574095,21574095
2015|general|B01|21574|3,20,97,98,2,21574097,21574098
2015|general|B01|21574|3,21,101,101,1,21574101,21574101
2015|general|B01|21574|3,22,104,104,1,21574104,21574104
2015|general|B01|21574|3,23,109,109,1,21574109,21574109
2015|general|B01|21574|3,24,112,113,2,21574112,21574113
2015|general|B01|21574|3,25,119,120,2,21574119,21574120
2015|general|B01|21574|3,26,124,126,3,21574124,21574126
2015|general|B01|21574|3,27,147,147,1,21574147,21574147
2015|general|B02|21571|3,1,11,11,1,21571011,21571011
2015|general|B02|21571|3,2,57,57,1,21571057,21571057
2015|general|B02|21571|3,3,63,63,1,21571063,21571063
2015|general|B02|21571|3,4,181,181,1,21571181,21571181
2015|general|B02|21573|3,1,3,3,1,21573003,21573003
2015|general|B02|21573|3,2,10,11,2,21573010,21573011
2015|general|B02|21573|3,3,15,15,1,21573015,21573015
2015|general|B02|21573|3,4,23,24,2,21573023,21573024
2015|general|B02|21573|3,5,28,29,2,21573028,21573029
2015|general|B02|21573|3,6,31,33,3,21573031,21573033
2015|general|B02|21573|3,7,38,40,3,21573038,21573040
2015|general|B02|21573|3,8,43,43,1,21573043,21573043
2015|general|B02|21573|3,9,45,46,2,21573045,21573046
2015|general|B02|21573|3,10,53,55,3,21573053,21573055
2015|general|B02|21573|3,11,57,57,1,21573057,21573057
2015|general|B02|21573|3,12,63,66,4,21573063,21573066
2015|general|B02|21573|3,13,68,70,3,21573068,21573070
2015|general|B02|21573|3,14,72,75,4,21573072,21573075
2015|general|B02|21573|3,15,77,78,2,21573077,21573078
2015|general|B02|21573|3,16,80,80,1,21573080,21573080
2015|general|B02|21573|3,17,82,83,2,21573082,21573083
2015|general|B02|21573|3,18,85,86,2,21573085,21573086
2015|general|B02|21573|3,19,91,93,3,21573091,21573093
2015|general|B02|21573|3,20,96,97,2,21573096,21573097
2015|general|B02|21573|3,21,99,101,3,21573099,21573101
2015|general|B02|21573|3,22,104,107,4,21573104,21573107
2015|general|B02|21573|3,23,109,109,1,21573109,21573109
2015|general|B02|21573|3,24,113,113,1,21573113,21573113
2015|general|B02|21573|3,25,118,123,6,21573118,21573123
2015|general|B02|21573|3,26,126,126,1,21573126,21573126
2015|general|B02|21573|3,27,132,134,3,21573132,21573134
2015|general|B02|21573|3,28,136,137,2,21573136,21573137
2015|general|B02|21573|3,29,139,141,3,21573139,21573141
2015|general|B02|21573|3,30,144,144,1,21573144,21573144
2015|general|B02|21573|3,31,148,148,1,21573148,21573148
2015|general|B02|21573|3,32,150,150,1,21573150,21573150
2015|general|B02|21573|3,33,155,156,2,21573155,21573156
2015|general|B02|21573|3,34,158,160,3,21573158,21573160
2015|general|B02|21573|3,35,162,167,6,21573162,21573167
2015|general|B02|21573|3,36,169,170,2,21573169,21573170
2015|general|B02|21573|3,37,174,174,1,21573174,21573174
2015|general|B02|21573|3,38,180,183,4,21573180,21573183
2015|general|B02|21573|3,39,190,191,2,21573190,21573191
2015|general|B02|21573|3,40,197,198,2,21573197,21573198
2015|general|B02|21573|3,41,206,207,2,21573206,21573207
2015|general|B02|21573|3,42,212,212,1,21573212,21573212
2015|general|B02|21573|3,43,215,215,1,21573215,21573215
2015|general|B02|21573|3,44,219,224,6,21573219,21573224
2015|general|B02|21573|3,45,230,230,1,21573230,21573230
2015|general|B02|21573|3,46,233,233,1,21573233,21573233
2015|general|B02|21573|3,47,238,240,3,21573238,21573240
2015|general|B02|21573|3,48,244,246,3,21573244,21573246
2015|general|B02|21573|3,49,248,249,2,21573248,21573249
2015|general|B02|21573|3,50,252,252,1,21573252,21573252
2015|general|B02|21573|3,51,254,256,3,21573254,21573256
2015|general|B02|21573|3,52,260,264,5,21573260,21573264
2015|general|B02|21573|3,53,269,272,4,21573269,21573272
2015|general|B02|21573|3,54,275,275,1,21573275,21573275
2015|general|B02|21573|3,55,283,283,1,21573283,21573283
2015|general|B02|21573|3,56,285,288,4,21573285,21573288
2015|general|B02|21574|3,1,4,4,1,21574004,21574004
2015|general|B02|21574|3,2,107,107,1,21574107,21574107
2015|general|B02|21574|3,3,145,145,1,21574145,21574145
2015|general|B02|21575|3,1,11,11,1,21575011,21575011
2015|general|B03|21571|3,1,8,8,1,21571008,21571008
2015|general|B03|21571|3,2,19,19,1,21571019,21571019
2015|general|B03|21571|3,3,31,31,1,21571031,21571031
2015|general|B03|21571|3,4,72,72,1,21571072,21571072
2015|general|B03|21571|3,5,78,78,1,21571078,21571078
2015|general|B03|21571|3,6,81,81,1,21571081,21571081
2015|general|B03|21571|3,7,84,84,1,21571084,21571084
2015|general|B03|21571|3,8,119,120,2,21571119,21571120
2015|general|B03|21571|3,9,128,128,1,21571128,21571128
2015|general|B03|21571|3,10,185,185,1,21571185,21571185
2015|general|B03|21571|3,11,190,190,1,21571190,21571190
2015|general|B03|21572|3,1,26,26,1,21572026,21572026
2015|general|B03|21572|3,2,49,49,1,21572049,21572049
2015|general|B03|21572|3,3,113,113,1,21572113,21572113
2015|general|B03|21572|3,4,141,141,1,21572141,21572141
2015|general|B03|21572|3,5,163,163,1,21572163,21572163
2015|general|B03|21572|3,6,212,212,1,21572212,21572212
2015|general|B03|21573|3,1,1,2,2,21573001,21573002
2015|general|B03|21573|3,2,4,9,6,21573004,21573009
2015|general|B03|21573|3,3,14,14,1,21573014,21573014
2015|general|B03|21573|3,4,16,16,1,21573016,21573016
2015|general|B03|21573|3,5,19,22,4,21573019,21573022
2015|general|B03|21573|3,6,26,27,2,21573026,21573027
2015|general|B03|21573|3,7,30,30,1,21573030,21573030
2015|general|B03|21573|3,8,34,34,1,21573034,21573034
2015|general|B03|21573|3,9,36,37,2,21573036,21573037
2015|general|B03|21573|3,10,42,42,1,21573042,21573042
2015|general|B03|21573|3,11,44,44,1,21573044,21573044
2015|general|B03|21573|3,12,47,50,4,21573047,21573050
2015|general|B03|21573|3,13,52,52,1,21573052,21573052
2015|general|B03|21573|3,14,58,61,4,21573058,21573061
2015|general|B03|21573|3,15,67,67,1,21573067,21573067
2015|general|B03|21573|3,16,71,71,1,21573071,21573071
2015|general|B03|21573|3,17,76,76,1,21573076,21573076
2015|general|B03|21573|3,18,79,79,1,21573079,21573079
2015|general|B03|21573|3,19,87,90,4,21573087,21573090
2015|general|B03|21573|3,20,94,95,2,21573094,21573095
2015|general|B03|21573|3,21,98,98,1,21573098,21573098
2015|general|B03|21573|3,22,102,103,2,21573102,21573103
2015|general|B03|21573|3,23,111,112,2,21573111,21573112
2015|general|B03|21573|3,24,127,131,5,21573127,21573131
2015|general|B03|21573|3,25,142,143,2,21573142,21573143
2015|general|B03|21573|3,26,149,149,1,21573149,21573149
2015|general|B03|21573|3,27,151,154,4,21573151,21573154
2015|general|B03|21573|3,28,157,157,1,21573157,21573157
2015|general|B03|21573|3,29,161,161,1,21573161,21573161
2015|general|B03|21573|3,30,168,168,1,21573168,21573168
2015|general|B03|21573|3,31,171,173,3,21573171,21573173
2015|general|B03|21573|3,32,175,179,5,21573175,21573179
2015|general|B03|21573|3,33,185,185,1,21573185,21573185
2015|general|B03|21573|3,34,187,189,3,21573187,21573189
2015|general|B03|21573|3,35,193,196,4,21573193,21573196
2015|general|B03|21573|3,36,200,205,6,21573200,21573205
2015|general|B03|21573|3,37,208,211,4,21573208,21573211
2015|general|B03|21573|3,38,217,218,2,21573217,21573218
2015|general|B03|21573|3,39,225,229,5,21573225,21573229
2015|general|B03|21573|3,40,231,232,2,21573231,21573232
2015|general|B03|21573|3,41,234,237,4,21573234,21573237
2015|general|B03|21573|3,42,241,243,3,21573241,21573243
2015|general|B03|21573|3,43,247,247,1,21573247,21573247
2015|general|B03|21573|3,44,253,253,1,21573253,21573253
2015|general|B03|21573|3,45,257,257,1,21573257,21573257
2015|general|B03|21573|3,46,259,259,1,21573259,21573259
2015|general|B03|21573|3,47,266,268,3,21573266,21573268
2015|general|B03|21573|3,48,273,274,2,21573273,21573274
2015|general|B03|21573|3,49,277,279,3,21573277,21573279
2015|general|B03|21573|3,50,281,282,2,21573281,21573282
2015|general|B03|21573|3,51,284,284,1,21573284,21573284
2015|general|B03|21573|3,52,291,292,2,21573291,21573292
2015|general|B03|21574|3,1,2,2,1,21574002,21574002
2015|general|B03|21574|3,2,6,6,1,21574006,21574006
2015|general|B03|21574|3,3,10,11,2,21574010,21574011
2015|general|B03|21574|3,4,20,20,1,21574020,21574020
2015|general|B03|21574|3,5,26,28,3,21574026,21574028
2015|general|B03|21574|3,6,40,40,1,21574040,21574040
2015|general|B03|21574|3,7,43,43,1,21574043,21574043
2015|general|B03|21574|3,8,46,47,2,21574046,21574047
2015|general|B03|21574|3,9,63,63,1,21574063,21574063
2015|general|B03|21574|3,10,66,66,1,21574066,21574066
2015|general|B03|21574|3,11,71,71,1,21574071,21574071
2015|general|B03|21574|3,12,82,82,1,21574082,21574082
2015|general|B03|21574|3,13,86,86,1,21574086,21574086
2015|general|B03|21574|3,14,96,96,1,21574096,21574096
2015|general|B03|21574|3,15,106,106,1,21574106,21574106
2015|general|B03|21574|3,16,108,108,1,21574108,21574108
2015|general|B03|21574|3,17,110,110,1,21574110,21574110
2015|general|B03|21574|3,18,116,117,2,21574116,21574117
2015|general|B03|21574|3,19,121,123,3,21574121,21574123
2015|general|B03|21574|3,20,133,134,2,21574133,21574134
2015|general|B03|21574|3,21,139,142,4,21574139,21574142
2015|general|B03|21575|3,1,39,39,1,21575039,21575039
2015|general|B03|21575|3,2,94,94,1,21575094,21575094
2015|general|B03|21575|3,3,128,128,1,21575128,21575128
2015|general|B03|21575|3,4,131,131,1,21575131,21575131
2015|general|B04|21571|3,1,179,179,1,21571179,21571179
2015|general|B04|21571|3,2,184,184,1,21571184,21571184
2015|general|B04|21572|3,1,76,76,1,21572076,21572076
2015|general|B04|21572|3,2,134,134,1,21572134,21572134
2015|general|B04|21572|3,3,164,164,1,21572164,21572164
2015|general|B04|21572|3,4,221,221,1,21572221,21572221
2015|general|B04|21572|3,5,260,260,1,21572260,21572260
2015|general|B04|21575|3,1,1,10,10,21575001,21575010
2015|general|B04|21575|3,2,12,38,27,21575012,21575038
2015|general|B04|21575|3,3,40,93,54,21575040,21575093
2015|general|B04|21575|3,4,95,127,33,21575095,21575127
2015|general|B04|21575|3,5,129,130,2,21575129,21575130
2015|general|B04|21575|3,6,132,168,37,21575132,21575168
2015|general|B05|21571|3,1,4,4,1,21571004,21571004
2015|general|B05|21571|3,2,13,13,1,21571013,21571013
2015|general|B05|21571|3,3,18,18,1,21571018,21571018
2015|general|B05|21571|3,4,20,20,1,21571020,21571020
2015|general|B05|21571|3,5,24,24,1,21571024,21571024
2015|general|B05|21571|3,6,34,34,1,21571034,21571034
2015|general|B05|21571|3,7,36,36,1,21571036,21571036
2015|general|B05|21571|3,8,40,40,1,21571040,21571040
2015|general|B05|21571|3,9,53,54,2,21571053,21571054
2015|general|B05|21571|3,10,56,56,1,21571056,21571056
2015|general|B05|21571|3,11,59,59,1,21571059,21571059
2015|general|B05|21571|3,12,65,65,1,21571065,21571065
2015|general|B05|21571|3,13,67,69,3,21571067,21571069
2015|general|B05|21571|3,14,73,74,2,21571073,21571074
2015|general|B05|21571|3,15,79,79,1,21571079,21571079
2015|general|B05|21571|3,16,89,89,1,21571089,21571089
2015|general|B05|21571|3,17,108,108,1,21571108,21571108
2015|general|B05|21571|3,18,112,112,1,21571112,21571112
2015|general|B05|21571|3,19,129,129,1,21571129,21571129
2015|general|B05|21571|3,20,132,132,1,21571132,21571132
2015|general|B05|21571|3,21,146,148,3,21571146,21571148
2015|general|B05|21571|3,22,160,161,2,21571160,21571161
2015|general|B05|21571|3,23,168,168,1,21571168,21571168
2015|general|B05|21571|3,24,173,174,2,21571173,21571174
2015|general|B05|21571|3,25,176,178,3,21571176,21571178
2015|general|B05|21571|3,26,182,182,1,21571182,21571182
2015|general|B05|21571|3,27,186,186,1,21571186,21571186
2015|general|B05|21571|3,28,191,192,2,21571191,21571192
2015|general|B05|21572|3,1,1,1,1,21572001,21572001
2015|general|B05|21572|3,2,30,30,1,21572030,21572030
2015|general|B05|21572|3,3,45,45,1,21572045,21572045
2015|general|B05|21572|3,4,48,48,1,21572048,21572048
2015|general|B05|21572|3,5,62,62,1,21572062,21572062
2015|general|B05|21572|3,6,79,79,1,21572079,21572079
2015|general|B05|21572|3,7,91,91,1,21572091,21572091
2015|general|B05|21572|3,8,123,123,1,21572123,21572123
2015|general|B05|21572|3,9,132,132,1,21572132,21572132
2015|general|B05|21572|3,10,152,152,1,21572152,21572152
2015|general|B05|21572|3,11,170,171,2,21572170,21572171
2015|general|B05|21572|3,12,176,176,1,21572176,21572176
2015|general|B05|21573|3,1,18,18,1,21573018,21573018
2015|general|B05|21573|3,2,41,41,1,21573041,21573041
2015|general|B05|21573|3,3,56,56,1,21573056,21573056
2015|general|B05|21573|3,4,62,62,1,21573062,21573062
2015|general|B05|21573|3,5,84,84,1,21573084,21573084
2015|general|B05|21573|3,6,108,108,1,21573108,21573108
2015|general|B05|21573|3,7,115,116,2,21573115,21573116
2015|general|B05|21573|3,8,124,125,2,21573124,21573125
2015|general|B05|21573|3,9,135,135,1,21573135,21573135
2015|general|B05|21573|3,10,138,138,1,21573138,21573138
2015|general|B05|21573|3,11,192,192,1,21573192,21573192
2015|general|B05|21573|3,12,216,216,1,21573216,21573216
2015|general|B05|21573|3,13,251,251,1,21573251,21573251
2015|general|B05|21573|3,14,276,276,1,21573276,21573276
2015|general|B05|21574|3,1,1,1,1,21574001,21574001
2015|general|B05|21574|3,2,3,3,1,21574003,21574003
2015|general|B05|21574|3,3,8,9,2,21574008,21574009
2015|general|B05|21574|3,4,12,12,1,21574012,21574012
2015|general|B05|21574|3,5,15,15,1,21574015,21574015
2015|general|B05|21574|3,6,17,19,3,21574017,21574019
2015|general|B05|21574|3,7,21,21,1,21574021,21574021
2015|general|B05|21574|3,8,23,24,2,21574023,21574024
2015|general|B05|21574|3,9,29,32,4,21574029,21574032
2015|general|B05|21574|3,10,35,35,1,21574035,21574035
2015|general|B05|21574|3,11,37,38,2,21574037,21574038
2015|general|B05|21574|3,12,44,45,2,21574044,21574045
2015|general|B05|21574|3,13,48,48,1,21574048,21574048
2015|general|B05|21574|3,14,50,51,2,21574050,21574051
2015|general|B05|21574|3,15,53,53,1,21574053,21574053
2015|general|B05|21574|3,16,59,62,4,21574059,21574062
2015|general|B05|21574|3,17,64,64,1,21574064,21574064
2015|general|B05|21574|3,18,67,70,4,21574067,21574070
2015|general|B05|21574|3,19,72,72,1,21574072,21574072
2015|general|B05|21574|3,20,75,75,1,21574075,21574075
2015|general|B05|21574|3,21,77,77,1,21574077,21574077
2015|general|B05|21574|3,22,79,80,2,21574079,21574080
2015|general|B05|21574|3,23,83,84,2,21574083,21574084
2015|general|B05|21574|3,24,87,88,2,21574087,21574088
2015|general|B05|21574|3,25,91,94,4,21574091,21574094
2015|general|B05|21574|3,26,99,100,2,21574099,21574100
2015|general|B05|21574|3,27,102,103,2,21574102,21574103
2015|general|B05|21574|3,28,105,105,1,21574105,21574105
2015|general|B05|21574|3,29,111,111,1,21574111,21574111
2015|general|B05|21574|3,30,114,114,1,21574114,21574114
2015|general|B05|21574|3,31,118,118,1,21574118,21574118
2015|general|B05|21574|3,32,127,132,6,21574127,21574132
2015|general|B05|21574|3,33,135,138,4,21574135,21574138
2015|general|B05|21574|3,34,143,144,2,21574143,21574144
2015|general|B05|21574|3,35,146,146,1,21574146,21574146
2015|general|B05|21574|3,36,148,148,1,21574148,21574148
2015|general|B06|21571|3,1,80,80,1,21571080,21571080
2015|general|B06|21571|3,2,114,114,1,21571114,21571114
2015|general|B06|21571|3,3,163,163,1,21571163,21571163
2015|general|B06|21573|3,1,117,117,1,21573117,21573117
2015|general|B06|21577|3,1,1,31,31,21577001,21577031
2015|general|B06|21577|3,2,33,179,147,21577033,21577179
2015|general|B07|21571|3,1,2,2,1,21571002,21571002
2015|general|B07|21571|3,2,6,7,2,21571006,21571007
2015|general|B07|21571|3,3,21,22,2,21571021,21571022
2015|general|B07|21571|3,4,25,25,1,21571025,21571025
2015|general|B07|21571|3,5,28,28,1,21571028,21571028
2015|general|B07|21571|3,6,33,33,1,21571033,21571033
2015|general|B07|21571|3,7,58,58,1,21571058,21571058
2015|general|B07|21571|3,8,62,62,1,21571062,21571062
2015|general|B07|21571|3,9,82,83,2,21571082,21571083
2015|general|B07|21571|3,10,85,85,1,21571085,21571085
2015|general|B07|21571|3,11,98,99,2,21571098,21571099
2015|general|B07|21571|3,12,105,105,1,21571105,21571105
2015|general|B07|21571|3,13,117,118,2,21571117,21571118
2015|general|B07|21571|3,14,127,127,1,21571127,21571127
2015|general|B07|21571|3,15,130,130,1,21571130,21571130
2015|general|B07|21571|3,16,133,133,1,21571133,21571133
2015|general|B07|21571|3,17,141,141,1,21571141,21571141
2015|general|B07|21571|3,18,153,155,3,21571153,21571155
2015|general|B07|21571|3,19,164,164,1,21571164,21571164
2015|general|B07|21571|3,20,196,196,1,21571196,21571196
2015|general|B07|21572|3,1,3,3,1,21572003,21572003
2015|general|B07|21572|3,2,10,16,7,21572010,21572016
2015|general|B07|21572|3,3,18,19,2,21572018,21572019
2015|general|B07|21572|3,4,21,21,1,21572021,21572021
2015|general|B07|21572|3,5,29,29,1,21572029,21572029
2015|general|B07|21572|3,6,37,39,3,21572037,21572039
2015|general|B07|21572|3,7,43,44,2,21572043,21572044
2015|general|B07|21572|3,8,46,47,2,21572046,21572047
2015|general|B07|21572|3,9,50,50,1,21572050,21572050
2015|general|B07|21572|3,10,57,60,4,21572057,21572060
2015|general|B07|21572|3,11,64,64,1,21572064,21572064
2015|general|B07|21572|3,12,67,67,1,21572067,21572067
2015|general|B07|21572|3,13,73,73,1,21572073,21572073
2015|general|B07|21572|3,14,77,77,1,21572077,21572077
2015|general|B07|21572|3,15,80,82,3,21572080,21572082
2015|general|B07|21572|3,16,93,93,1,21572093,21572093
2015|general|B07|21572|3,17,100,100,1,21572100,21572100
2015|general|B07|21572|3,18,102,102,1,21572102,21572102
2015|general|B07|21572|3,19,105,106,2,21572105,21572106
2015|general|B07|21572|3,20,109,109,1,21572109,21572109
2015|general|B07|21572|3,21,114,116,3,21572114,21572116
2015|general|B07|21572|3,22,121,121,1,21572121,21572121
2015|general|B07|21572|3,23,125,125,1,21572125,21572125
2015|general|B07|21572|3,24,133,133,1,21572133,21572133
2015|general|B07|21572|3,25,144,147,4,21572144,21572147
2015|general|B07|21572|3,26,153,153,1,21572153,21572153
2015|general|B07|21572|3,27,161,161,1,21572161,21572161
2015|general|B07|21572|3,28,166,169,4,21572166,21572169
2015|general|B07|21572|3,29,172,174,3,21572172,21572174
2015|general|B07|21572|3,30,180,182,3,21572180,21572182
2015|general|B07|21572|3,31,189,191,3,21572189,21572191
2015|general|B07|21572|3,32,204,204,1,21572204,21572204
2015|general|B07|21572|3,33,206,207,2,21572206,21572207
2015|general|B07|21572|3,34,210,210,1,21572210,21572210
2015|general|B07|21572|3,35,214,214,1,21572214,21572214
2015|general|B07|21572|3,36,216,216,1,21572216,21572216
2015|general|B07|21572|3,37,219,219,1,21572219,21572219
2015|general|B07|21572|3,38,222,222,1,21572222,21572222
2015|general|B07|21572|3,39,227,227,1,21572227,21572227
2015|general|B07|21572|3,40,230,230,1,21572230,21572230
2015|general|B07|21572|3,41,239,239,1,21572239,21572239
2015|general|B07|21572|3,42,243,244,2,21572243,21572244
2015|general|B07|21572|3,43,263,263,1,21572263,21572263
2015|general|B07|21572|3,44,265,268,4,21572265,21572268
2015|general|B07|21572|3,45,273,277,5,21572273,21572277
2015|general|B07|21572|3,46,279,279,1,21572279,21572279
2015|general|B07|21572|3,47,281,282,2,21572281,21572282
2015|general|B07|21573|3,1,12,13,2,21573012,21573013
2015|general|B07|21573|3,2,51,51,1,21573051,21573051
2015|general|B07|21573|3,3,199,199,1,21573199,21573199
2015|general|B07|21573|3,4,213,214,2,21573213,21573214
2015|general|B07|21573|3,5,250,250,1,21573250,21573250
2015|general|B07|21573|3,6,258,258,1,21573258,21573258
2015|general|B07|21573|3,7,280,280,1,21573280,21573280
2015|general|B07|21573|3,8,289,290,2,21573289,21573290
2015|general|B08|21572|3,1,61,61,1,21572061,21572061
2015|general|B08|21573|3,1,35,35,1,21573035,21573035
2015|general|B08|21576|3,1,1,303,303,21576001,21576303
2015|general|B09|21573|3,1,17,17,1,21573017,21573017
2015|general|B09|21573|3,2,25,25,1,21573025,21573025
2015|general|B09|21573|3,3,81,81,1,21573081,21573081
2015|general|B09|21573|3,4,110,110,1,21573110,21573110
2015|general|B09|21573|3,5,114,114,1,21573114,21573114
2015|general|B09|21573|3,6,145,147,3,21573145,21573147
2015|general|B09|21573|3,7,184,184,1,21573184,21573184
2015|general|B09|21573|3,8,265,265,1,21573265,21573265
2015|general|B09|21574|3,1,49,49,1,21574049,21574049
2015|general|B09|21574|3,2,76,76,1,21574076,21574076
2015|general|B09|21574|3,3,115,115,1,21574115,21574115
2015|joint_fund|B01|U1504|3,1,201,202,2,U1504201,U1504202
2015|joint_fund|B01|U1504|3,2,205,205,1,U1504205,U1504205
2015|joint_fund|B01|U1504|3,3,208,208,1,U1504208,U1504208
2015|joint_fund|B01|U1504|3,4,214,214,1,U1504214,U1504214
2015|joint_fund|B02|U1504|3,1,210,211,2,U1504210,U1504211
2015|joint_fund|B02|U1510|3,1,105,105,1,U1510105,U1510105
2015|joint_fund|B02|U1510|3,2,108,108,1,U1510108,U1510108
2015|joint_fund|B02|U1510|3,3,110,110,1,U1510110,U1510110
2015|joint_fund|B03|U1504|3,1,209,209,1,U1504209,U1504209
2015|joint_fund|B03|U1504|3,2,212,213,2,U1504212,U1504213
2015|joint_fund|B03|U1510|3,1,103,104,2,U1510103,U1510104
2015|joint_fund|B04|U1504|3,1,215,216,2,U1504215,U1504216
2015|joint_fund|B05|U1504|3,1,204,204,1,U1504204,U1504204
2015|joint_fund|B06|U1504|3,1,219,219,1,U1504219,U1504219
2015|joint_fund|B07|U1504|3,1,203,203,1,U1504203,U1504203
2015|joint_fund|B07|U1504|3,2,206,207,2,U1504206,U1504207
2015|joint_fund|B08|U1504|3,1,217,218,2,U1504217,U1504218
2015|joint_fund|B08|U1507|3,1,101,123,23,U1507101,U1507123
2015|joint_fund|B08|U1507|3,2,201,203,3,U1507201,U1507203
2015|joint_fund|B08|U1508|3,1,201,205,5,U1508201,U1508205
2015|joint_fund|B08|U1510|3,1,101,102,2,U1510101,U1510102
2015|joint_fund|B08|U1510|3,2,106,107,2,U1510106,U1510107
2015|joint_fund|B08|U1510|3,3,109,109,1,U1510109,U1510109
2015|joint_fund|B08|U1510|3,4,111,111,1,U1510111,U1510111
2015|joint_fund|B08|U1510|3,5,201,203,3,U1510201,U1510203
2015|key|B01|21531|3,1,1,8,8,21531001,21531008
2015|key|B01|21532|3,1,1,1,1,21532001,21532001
2015|key|B01|21532|3,2,3,4,2,21532003,21532004
2015|key|B01|21532|3,3,6,10,5,21532006,21532010
2015|key|B01|21534|3,1,7,7,1,21534007,21534007
2015|key|B02|21533|3,1,2,2,1,21533002,21533002
2015|key|B02|21533|3,2,4,7,4,21533004,21533007
2015|key|B02|21533|3,3,9,9,1,21533009,21533009
2015|key|B02|21533|3,4,11,11,1,21533011,21533011
2015|key|B03|21533|3,1,1,1,1,21533001,21533001
2015|key|B03|21533|3,2,3,3,1,21533003,21533003
2015|key|B03|21533|3,3,10,10,1,21533010,21533010
2015|key|B03|21533|3,4,13,13,1,21533013,21533013
2015|key|B03|21534|3,1,2,2,1,21534002,21534002
2015|key|B03|21534|3,2,5,5,1,21534005,21534005
2015|key|B04|21532|3,1,5,5,1,21532005,21532005
2015|key|B04|21535|3,1,1,9,9,21535001,21535009
2015|key|B05|21534|3,1,1,1,1,21534001,21534001
2015|key|B05|21534|3,2,3,4,2,21534003,21534004
2015|key|B05|21534|3,3,6,6,1,21534006,21534006
2015|key|B05|21534|3,4,8,9,2,21534008,21534009
2015|key|B06|21537|3,1,1,5,5,21537001,21537005
2015|key|B07|21532|3,1,2,2,1,21532002,21532002
2015|key|B07|21533|3,1,8,8,1,21533008,21533008
2015|key|B07|21533|3,2,12,12,1,21533012,21533012
2015|key|B08|21536|3,1,1,11,11,21536001,21536011
2015|major_research_plan|B01|91513|3,1,1,1,1,91513001,91513001
2015|major_research_plan|B01|91527|3,1,301,301,1,91527301,91527301
2015|major_research_plan|B01|91527|3,2,305,306,2,91527305,91527306
2015|major_research_plan|B01|91545|3,1,201,201,1,91545201,91545201
2015|major_research_plan|B02|91527|3,1,0,0,1,91527000,91527000
2015|major_research_plan|B02|91527|3,2,303,303,1,91527303,91527303
2015|major_research_plan|B02|91534|3,1,101,101,1,91534101,91534101
2015|major_research_plan|B02|91545|3,1,108,121,14,91545108,91545121
2015|major_research_plan|B02|91545|3,2,123,128,6,91545123,91545128
2015|major_research_plan|B02|91545|3,3,203,205,3,91545203,91545205
2015|major_research_plan|B03|91541|3,1,112,112,1,91541112,91541112
2015|major_research_plan|B03|91541|3,2,114,114,1,91541114,91541114
2015|major_research_plan|B03|91541|3,3,116,116,1,91541116,91541116
2015|major_research_plan|B03|91541|3,4,124,124,1,91541124,91541124
2015|major_research_plan|B03|91545|3,1,102,107,6,91545102,91545107
2015|major_research_plan|B03|91545|3,2,122,122,1,91545122,91545122
2015|major_research_plan|B03|91545|3,3,202,202,1,91545202,91545202
2015|major_research_plan|B04|91543|3,1,101,101,1,91543101,91543101
2015|major_research_plan|B04|91543|3,2,201,201,1,91543201,91543201
2015|major_research_plan|B04|91545|3,1,129,129,1,91545129,91545129
2015|major_research_plan|B05|91527|3,1,304,304,1,91527304,91527304
2015|major_research_plan|B06|91543|3,1,0,0,1,91543000,91543000
2015|major_research_plan|B06|91543|3,2,102,126,25,91543102,91543126
2015|major_research_plan|B06|91543|3,3,202,206,5,91543202,91543206
2015|major_research_plan|B07|91527|3,1,302,302,1,91527302,91527302
2015|major_research_plan|B08|91534|3,1,102,128,27,91534102,91534128
2015|major_research_plan|B08|91534|3,2,201,205,5,91534201,91534205
2015|major_research_plan|B08|91545|3,1,130,130,1,91545130,91545130
2015|regional|B01|21561|3,1,3,4,2,21561003,21561004
2015|regional|B01|21561|3,2,7,7,1,21561007,21561007
2015|regional|B01|21561|3,3,9,10,2,21561009,21561010
2015|regional|B01|21561|3,4,12,14,3,21561012,21561014
2015|regional|B01|21561|3,5,16,16,1,21561016,21561016
2015|regional|B01|21561|3,6,19,21,3,21561019,21561021
2015|regional|B01|21561|3,7,24,25,2,21561024,21561025
2015|regional|B01|21561|3,8,28,28,1,21561028,21561028
2015|regional|B01|21561|3,9,32,33,2,21561032,21561033
2015|regional|B01|21562|3,1,1,5,5,21562001,21562005
2015|regional|B01|21562|3,2,11,11,1,21562011,21562011
2015|regional|B01|21562|3,3,14,14,1,21562014,21562014
2015|regional|B01|21562|3,4,16,16,1,21562016,21562016
2015|regional|B01|21562|3,5,18,18,1,21562018,21562018
2015|regional|B01|21562|3,6,20,21,2,21562020,21562021
2015|regional|B01|21562|3,7,24,25,2,21562024,21562025
2015|regional|B01|21562|3,8,30,32,3,21562030,21562032
2015|regional|B01|21562|3,9,34,34,1,21562034,21562034
2015|regional|B01|21562|3,10,36,37,2,21562036,21562037
2015|regional|B01|21562|3,11,39,39,1,21562039,21562039
2015|regional|B01|21562|3,12,43,43,1,21562043,21562043
2015|regional|B01|21562|3,13,48,48,1,21562048,21562048
2015|regional|B01|21562|3,14,52,52,1,21562052,21562052
2015|regional|B01|21562|3,15,54,54,1,21562054,21562054
2015|regional|B01|21564|3,1,16,17,2,21564016,21564017
2015|regional|B02|21561|3,1,17,17,1,21561017,21561017
2015|regional|B02|21563|3,1,1,1,1,21563001,21563001
2015|regional|B02|21563|3,2,3,3,1,21563003,21563003
2015|regional|B02|21563|3,3,5,5,1,21563005,21563005
2015|regional|B02|21563|3,4,9,9,1,21563009,21563009
2015|regional|B02|21563|3,5,11,12,2,21563011,21563012
2015|regional|B02|21563|3,6,14,16,3,21563014,21563016
2015|regional|B02|21563|3,7,18,22,5,21563018,21563022
2015|regional|B02|21563|3,8,24,26,3,21563024,21563026
2015|regional|B02|21563|3,9,28,28,1,21563028,21563028
2015|regional|B02|21563|3,10,31,31,1,21563031,21563031
2015|regional|B02|21564|3,1,18,18,1,21564018,21564018
2015|regional|B03|21561|3,1,15,15,1,21561015,21561015
2015|regional|B03|21561|3,2,23,23,1,21561023,21561023
2015|regional|B03|21561|3,3,31,31,1,21561031,21561031
2015|regional|B03|21562|3,1,38,38,1,21562038,21562038
2015|regional|B03|21563|3,1,2,2,1,21563002,21563002
2015|regional|B03|21563|3,2,6,7,2,21563006,21563007
2015|regional|B03|21563|3,3,10,10,1,21563010,21563010
2015|regional|B03|21563|3,4,13,13,1,21563013,21563013
2015|regional|B03|21563|3,5,17,17,1,21563017,21563017
2015|regional|B03|21563|3,6,23,23,1,21563023,21563023
2015|regional|B03|21563|3,7,30,30,1,21563030,21563030
2015|regional|B03|21564|3,1,7,7,1,21564007,21564007
2015|regional|B03|21564|3,2,11,12,2,21564011,21564012
2015|regional|B03|21565|3,1,22,22,1,21565022,21565022
2015|regional|B04|21565|3,1,1,21,21,21565001,21565021
2015|regional|B04|21565|3,2,23,33,11,21565023,21565033
2015|regional|B05|21561|3,1,8,8,1,21561008,21561008
2015|regional|B05|21561|3,2,11,11,1,21561011,21561011
2015|regional|B05|21561|3,3,22,22,1,21561022,21561022
2015|regional|B05|21561|3,4,26,27,2,21561026,21561027
2015|regional|B05|21561|3,5,29,30,2,21561029,21561030
2015|regional|B05|21562|3,1,10,10,1,21562010,21562010
2015|regional|B05|21562|3,2,15,15,1,21562015,21562015
2015|regional|B05|21562|3,3,42,42,1,21562042,21562042
2015|regional|B05|21563|3,1,4,4,1,21563004,21563004
2015|regional|B05|21564|3,1,2,6,5,21564002,21564006
2015|regional|B05|21564|3,2,8,10,3,21564008,21564010
2015|regional|B05|21564|3,3,13,15,3,21564013,21564015
2015|regional|B06|21561|3,1,1,2,2,21561001,21561002
2015|regional|B06|21561|3,2,18,18,1,21561018,21561018
2015|regional|B06|21567|3,1,1,30,30,21567001,21567030
2015|regional|B07|21561|3,1,5,6,2,21561005,21561006
2015|regional|B07|21562|3,1,6,9,4,21562006,21562009
2015|regional|B07|21562|3,2,12,13,2,21562012,21562013
2015|regional|B07|21562|3,3,17,17,1,21562017,21562017
2015|regional|B07|21562|3,4,19,19,1,21562019,21562019
2015|regional|B07|21562|3,5,22,23,2,21562022,21562023
2015|regional|B07|21562|3,6,26,29,4,21562026,21562029
2015|regional|B07|21562|3,7,33,33,1,21562033,21562033
2015|regional|B07|21562|3,8,35,35,1,21562035,21562035
2015|regional|B07|21562|3,9,41,41,1,21562041,21562041
2015|regional|B07|21562|3,10,44,47,4,21562044,21562047
2015|regional|B07|21562|3,11,49,51,3,21562049,21562051
2015|regional|B07|21562|3,12,53,53,1,21562053,21562053
2015|regional|B07|21563|3,1,8,8,1,21563008,21563008
2015|regional|B07|21563|3,2,32,32,1,21563032,21563032
2015|regional|B08|21562|3,1,40,40,1,21562040,21562040
2015|regional|B08|21566|3,1,1,38,38,21566001,21566038
2015|regional|B09|21563|3,1,27,27,1,21563027,21563027
2015|regional|B09|21563|3,2,29,29,1,21563029,21563029
2015|regional|B09|21564|3,1,1,1,1,21564001,21564001
2015|youth_c|B01|21501|3,1,1,1,1,21501001,21501001
2015|youth_c|B01|21501|3,2,3,6,4,21501003,21501006
2015|youth_c|B01|21501|3,3,8,14,7,21501008,21501014
2015|youth_c|B01|21501|3,4,17,19,3,21501017,21501019
2015|youth_c|B01|21501|3,5,21,22,2,21501021,21501022
2015|youth_c|B01|21501|3,6,24,24,1,21501024,21501024
2015|youth_c|B01|21501|3,7,27,31,5,21501027,21501031
2015|youth_c|B01|21501|3,8,33,34,2,21501033,21501034
2015|youth_c|B01|21501|3,9,36,37,2,21501036,21501037
2015|youth_c|B01|21501|3,10,39,39,1,21501039,21501039
2015|youth_c|B01|21501|3,11,41,43,3,21501041,21501043
2015|youth_c|B01|21501|3,12,45,48,4,21501045,21501048
2015|youth_c|B01|21501|3,13,50,51,2,21501050,21501051
2015|youth_c|B01|21501|3,14,53,54,2,21501053,21501054
2015|youth_c|B01|21501|3,15,60,62,3,21501060,21501062
2015|youth_c|B01|21501|3,16,67,67,1,21501067,21501067
2015|youth_c|B01|21501|3,17,70,70,1,21501070,21501070
2015|youth_c|B01|21501|3,18,73,73,1,21501073,21501073
2015|youth_c|B01|21501|3,19,75,77,3,21501075,21501077
2015|youth_c|B01|21501|3,20,79,80,2,21501079,21501080
2015|youth_c|B01|21501|3,21,83,86,4,21501083,21501086
2015|youth_c|B01|21501|3,22,88,89,2,21501088,21501089
2015|youth_c|B01|21501|3,23,92,92,1,21501092,21501092
2015|youth_c|B01|21501|3,24,94,94,1,21501094,21501094
2015|youth_c|B01|21501|3,25,96,101,6,21501096,21501101
2015|youth_c|B01|21501|3,26,103,103,1,21501103,21501103
2015|youth_c|B01|21501|3,27,105,106,2,21501105,21501106
2015|youth_c|B01|21501|3,28,110,111,2,21501110,21501111
2015|youth_c|B01|21501|3,29,114,114,1,21501114,21501114
2015|youth_c|B01|21501|3,30,117,118,2,21501117,21501118
2015|youth_c|B01|21501|3,31,120,122,3,21501120,21501122
2015|youth_c|B01|21501|3,32,125,125,1,21501125,21501125
2015|youth_c|B01|21501|3,33,130,131,2,21501130,21501131
2015|youth_c|B01|21501|3,34,133,133,1,21501133,21501133
2015|youth_c|B01|21501|3,35,135,135,1,21501135,21501135
2015|youth_c|B01|21501|3,36,138,138,1,21501138,21501138
2015|youth_c|B01|21501|3,37,141,144,4,21501141,21501144
2015|youth_c|B01|21501|3,38,147,148,2,21501147,21501148
2015|youth_c|B01|21501|3,39,150,151,2,21501150,21501151
2015|youth_c|B01|21501|3,40,155,155,1,21501155,21501155
2015|youth_c|B01|21501|3,41,160,162,3,21501160,21501162
2015|youth_c|B01|21501|3,42,166,167,2,21501166,21501167
2015|youth_c|B01|21501|3,43,169,170,2,21501169,21501170
2015|youth_c|B01|21501|3,44,173,175,3,21501173,21501175
2015|youth_c|B01|21501|3,45,181,183,3,21501181,21501183
2015|youth_c|B01|21501|3,46,192,192,1,21501192,21501192
2015|youth_c|B01|21501|3,47,195,197,3,21501195,21501197
2015|youth_c|B01|21501|3,48,203,203,1,21501203,21501203
2015|youth_c|B01|21502|3,1,1,3,3,21502001,21502003
2015|youth_c|B01|21502|3,2,6,6,1,21502006,21502006
2015|youth_c|B01|21502|3,3,9,13,5,21502009,21502013
2015|youth_c|B01|21502|3,4,16,17,2,21502016,21502017
2015|youth_c|B01|21502|3,5,19,22,4,21502019,21502022
2015|youth_c|B01|21502|3,6,24,24,1,21502024,21502024
2015|youth_c|B01|21502|3,7,28,30,3,21502028,21502030
2015|youth_c|B01|21502|3,8,35,39,5,21502035,21502039
2015|youth_c|B01|21502|3,9,42,47,6,21502042,21502047
2015|youth_c|B01|21502|3,10,49,49,1,21502049,21502049
2015|youth_c|B01|21502|3,11,52,55,4,21502052,21502055
2015|youth_c|B01|21502|3,12,58,58,1,21502058,21502058
2015|youth_c|B01|21502|3,13,65,66,2,21502065,21502066
2015|youth_c|B01|21502|3,14,68,70,3,21502068,21502070
2015|youth_c|B01|21502|3,15,72,72,1,21502072,21502072
2015|youth_c|B01|21502|3,16,74,75,2,21502074,21502075
2015|youth_c|B01|21502|3,17,77,82,6,21502077,21502082
2015|youth_c|B01|21502|3,18,84,84,1,21502084,21502084
2015|youth_c|B01|21502|3,19,86,87,2,21502086,21502087
2015|youth_c|B01|21502|3,20,89,91,3,21502089,21502091
2015|youth_c|B01|21502|3,21,93,102,10,21502093,21502102
2015|youth_c|B01|21502|3,22,105,107,3,21502105,21502107
2015|youth_c|B01|21502|3,23,109,111,3,21502109,21502111
2015|youth_c|B01|21502|3,24,116,116,1,21502116,21502116
2015|youth_c|B01|21502|3,25,118,118,1,21502118,21502118
2015|youth_c|B01|21502|3,26,120,120,1,21502120,21502120
2015|youth_c|B01|21502|3,27,122,126,5,21502122,21502126
2015|youth_c|B01|21502|3,28,131,135,5,21502131,21502135
2015|youth_c|B01|21502|3,29,137,137,1,21502137,21502137
2015|youth_c|B01|21502|3,30,140,141,2,21502140,21502141
2015|youth_c|B01|21502|3,31,143,143,1,21502143,21502143
2015|youth_c|B01|21502|3,32,145,145,1,21502145,21502145
2015|youth_c|B01|21502|3,33,147,151,5,21502147,21502151
2015|youth_c|B01|21502|3,34,153,158,6,21502153,21502158
2015|youth_c|B01|21502|3,35,160,162,3,21502160,21502162
2015|youth_c|B01|21502|3,36,169,175,7,21502169,21502175
2015|youth_c|B01|21502|3,37,177,177,1,21502177,21502177
2015|youth_c|B01|21502|3,38,182,185,4,21502182,21502185
2015|youth_c|B01|21502|3,39,187,188,2,21502187,21502188
2015|youth_c|B01|21502|3,40,190,192,3,21502190,21502192
2015|youth_c|B01|21502|3,41,195,195,1,21502195,21502195
2015|youth_c|B01|21502|3,42,198,200,3,21502198,21502200
2015|youth_c|B01|21502|3,43,202,202,1,21502202,21502202
2015|youth_c|B01|21502|3,44,205,205,1,21502205,21502205
2015|youth_c|B01|21502|3,45,207,207,1,21502207,21502207
2015|youth_c|B01|21502|3,46,210,210,1,21502210,21502210
2015|youth_c|B01|21502|3,47,212,218,7,21502212,21502218
2015|youth_c|B01|21502|3,48,221,221,1,21502221,21502221
2015|youth_c|B01|21502|3,49,227,228,2,21502227,21502228
2015|youth_c|B01|21502|3,50,230,232,3,21502230,21502232
2015|youth_c|B01|21502|3,51,234,234,1,21502234,21502234
2015|youth_c|B01|21502|3,52,240,242,3,21502240,21502242
2015|youth_c|B01|21504|3,1,1,1,1,21504001,21504001
2015|youth_c|B01|21504|3,2,8,11,4,21504008,21504011
2015|youth_c|B01|21504|3,3,16,17,2,21504016,21504017
2015|youth_c|B01|21504|3,4,19,20,2,21504019,21504020
2015|youth_c|B01|21504|3,5,23,24,2,21504023,21504024
2015|youth_c|B01|21504|3,6,27,27,1,21504027,21504027
2015|youth_c|B01|21504|3,7,34,34,1,21504034,21504034
2015|youth_c|B01|21504|3,8,36,37,2,21504036,21504037
2015|youth_c|B01|21504|3,9,39,39,1,21504039,21504039
2015|youth_c|B01|21504|3,10,42,43,2,21504042,21504043
2015|youth_c|B01|21504|3,11,54,55,2,21504054,21504055
2015|youth_c|B01|21504|3,12,68,68,1,21504068,21504068
2015|youth_c|B01|21504|3,13,74,74,1,21504074,21504074
2015|youth_c|B01|21504|3,14,76,76,1,21504076,21504076
2015|youth_c|B01|21504|3,15,83,83,1,21504083,21504083
2015|youth_c|B01|21504|3,16,85,87,3,21504085,21504087
2015|youth_c|B01|21504|3,17,94,94,1,21504094,21504094
2015|youth_c|B01|21504|3,18,96,96,1,21504096,21504096
2015|youth_c|B01|21504|3,19,102,103,2,21504102,21504103
2015|youth_c|B02|21501|3,1,55,55,1,21501055,21501055
2015|youth_c|B02|21501|3,2,116,116,1,21501116,21501116
2015|youth_c|B02|21503|3,1,4,4,1,21503004,21503004
2015|youth_c|B02|21503|3,2,10,11,2,21503010,21503011
2015|youth_c|B02|21503|3,3,13,13,1,21503013,21503013
2015|youth_c|B02|21503|3,4,22,24,3,21503022,21503024
2015|youth_c|B02|21503|3,5,28,29,2,21503028,21503029
2015|youth_c|B02|21503|3,6,31,31,1,21503031,21503031
2015|youth_c|B02|21503|3,7,35,35,1,21503035,21503035
2015|youth_c|B02|21503|3,8,37,37,1,21503037,21503037
2015|youth_c|B02|21503|3,9,41,41,1,21503041,21503041
2015|youth_c|B02|21503|3,10,51,52,2,21503051,21503052
2015|youth_c|B02|21503|3,11,58,58,1,21503058,21503058
2015|youth_c|B02|21503|3,12,60,60,1,21503060,21503060
2015|youth_c|B02|21503|3,13,62,65,4,21503062,21503065
2015|youth_c|B02|21503|3,14,67,68,2,21503067,21503068
2015|youth_c|B02|21503|3,15,70,70,1,21503070,21503070
2015|youth_c|B02|21503|3,16,72,72,1,21503072,21503072
2015|youth_c|B02|21503|3,17,74,74,1,21503074,21503074
2015|youth_c|B02|21503|3,18,79,79,1,21503079,21503079
2015|youth_c|B02|21503|3,19,81,82,2,21503081,21503082
2015|youth_c|B02|21503|3,20,85,86,2,21503085,21503086
2015|youth_c|B02|21503|3,21,90,90,1,21503090,21503090
2015|youth_c|B02|21503|3,22,92,92,1,21503092,21503092
2015|youth_c|B02|21503|3,23,94,99,6,21503094,21503099
2015|youth_c|B02|21503|3,24,102,106,5,21503102,21503106
2015|youth_c|B02|21503|3,25,108,108,1,21503108,21503108
2015|youth_c|B02|21503|3,26,110,111,2,21503110,21503111
2015|youth_c|B02|21503|3,27,113,113,1,21503113,21503113
2015|youth_c|B02|21503|3,28,115,117,3,21503115,21503117
2015|youth_c|B02|21503|3,29,120,120,1,21503120,21503120
2015|youth_c|B02|21503|3,30,123,128,6,21503123,21503128
2015|youth_c|B02|21503|3,31,133,137,5,21503133,21503137
2015|youth_c|B02|21503|3,32,141,142,2,21503141,21503142
2015|youth_c|B02|21503|3,33,144,147,4,21503144,21503147
2015|youth_c|B02|21503|3,34,151,152,2,21503151,21503152
2015|youth_c|B02|21503|3,35,154,154,1,21503154,21503154
2015|youth_c|B02|21503|3,36,161,161,1,21503161,21503161
2015|youth_c|B02|21503|3,37,166,166,1,21503166,21503166
2015|youth_c|B02|21503|3,38,173,179,7,21503173,21503179
2015|youth_c|B02|21503|3,39,181,181,1,21503181,21503181
2015|youth_c|B02|21503|3,40,184,185,2,21503184,21503185
2015|youth_c|B02|21503|3,41,187,189,3,21503187,21503189
2015|youth_c|B02|21503|3,42,192,192,1,21503192,21503192
2015|youth_c|B02|21503|3,43,199,200,2,21503199,21503200
2015|youth_c|B02|21503|3,44,202,202,1,21503202,21503202
2015|youth_c|B02|21503|3,45,211,212,2,21503211,21503212
2015|youth_c|B02|21503|3,46,215,220,6,21503215,21503220
2015|youth_c|B02|21503|3,47,227,227,1,21503227,21503227
2015|youth_c|B02|21503|3,48,234,234,1,21503234,21503234
2015|youth_c|B02|21503|3,49,236,238,3,21503236,21503238
2015|youth_c|B02|21503|3,50,240,245,6,21503240,21503245
2015|youth_c|B02|21503|3,51,253,262,10,21503253,21503262
2015|youth_c|B02|21503|3,52,264,265,2,21503264,21503265
2015|youth_c|B02|21503|3,53,273,277,5,21503273,21503277
2015|youth_c|B02|21503|3,54,280,281,2,21503280,21503281
2015|youth_c|B02|21503|3,55,284,285,2,21503284,21503285
2015|youth_c|B02|21504|3,1,22,22,1,21504022,21504022
2015|youth_c|B02|21504|3,2,77,77,1,21504077,21504077
2015|youth_c|B02|21505|3,1,85,85,1,21505085,21505085
2015|youth_c|B02|21505|3,2,139,139,1,21505139,21505139
2015|youth_c|B03|21501|3,1,15,15,1,21501015,21501015
2015|youth_c|B03|21501|3,2,69,69,1,21501069,21501069
2015|youth_c|B03|21501|3,3,93,93,1,21501093,21501093
2015|youth_c|B03|21501|3,4,115,115,1,21501115,21501115
2015|youth_c|B03|21501|3,5,164,164,1,21501164,21501164
2015|youth_c|B03|21501|3,6,176,177,2,21501176,21501177
2015|youth_c|B03|21501|3,7,189,189,1,21501189,21501189
2015|youth_c|B03|21503|3,1,1,3,3,21503001,21503003
2015|youth_c|B03|21503|3,2,6,6,1,21503006,21503006
2015|youth_c|B03|21503|3,3,12,12,1,21503012,21503012
2015|youth_c|B03|21503|3,4,14,18,5,21503014,21503018
2015|youth_c|B03|21503|3,5,20,21,2,21503020,21503021
2015|youth_c|B03|21503|3,6,26,27,2,21503026,21503027
2015|youth_c|B03|21503|3,7,30,30,1,21503030,21503030
2015|youth_c|B03|21503|3,8,34,34,1,21503034,21503034
2015|youth_c|B03|21503|3,9,38,40,3,21503038,21503040
2015|youth_c|B03|21503|3,10,42,50,9,21503042,21503050
2015|youth_c|B03|21503|3,11,56,57,2,21503056,21503057
2015|youth_c|B03|21503|3,12,61,61,1,21503061,21503061
2015|youth_c|B03|21503|3,13,66,66,1,21503066,21503066
2015|youth_c|B03|21503|3,14,69,69,1,21503069,21503069
2015|youth_c|B03|21503|3,15,73,73,1,21503073,21503073
2015|youth_c|B03|21503|3,16,75,78,4,21503075,21503078
2015|youth_c|B03|21503|3,17,83,83,1,21503083,21503083
2015|youth_c|B03|21503|3,18,88,89,2,21503088,21503089
2015|youth_c|B03|21503|3,19,91,91,1,21503091,21503091
2015|youth_c|B03|21503|3,20,100,101,2,21503100,21503101
2015|youth_c|B03|21503|3,21,107,107,1,21503107,21503107
2015|youth_c|B03|21503|3,22,114,114,1,21503114,21503114
2015|youth_c|B03|21503|3,23,118,119,2,21503118,21503119
2015|youth_c|B03|21503|3,24,122,122,1,21503122,21503122
2015|youth_c|B03|21503|3,25,129,130,2,21503129,21503130
2015|youth_c|B03|21503|3,26,132,132,1,21503132,21503132
2015|youth_c|B03|21503|3,27,138,140,3,21503138,21503140
2015|youth_c|B03|21503|3,28,143,143,1,21503143,21503143
2015|youth_c|B03|21503|3,29,149,150,2,21503149,21503150
2015|youth_c|B03|21503|3,30,153,153,1,21503153,21503153
2015|youth_c|B03|21503|3,31,155,157,3,21503155,21503157
2015|youth_c|B03|21503|3,32,160,160,1,21503160,21503160
2015|youth_c|B03|21503|3,33,162,162,1,21503162,21503162
2015|youth_c|B03|21503|3,34,164,164,1,21503164,21503164
2015|youth_c|B03|21503|3,35,167,169,3,21503167,21503169
2015|youth_c|B03|21503|3,36,171,172,2,21503171,21503172
2015|youth_c|B03|21503|3,37,182,183,2,21503182,21503183
2015|youth_c|B03|21503|3,38,186,186,1,21503186,21503186
2015|youth_c|B03|21503|3,39,190,191,2,21503190,21503191
2015|youth_c|B03|21503|3,40,194,196,3,21503194,21503196
2015|youth_c|B03|21503|3,41,198,198,1,21503198,21503198
2015|youth_c|B03|21503|3,42,201,201,1,21503201,21503201
2015|youth_c|B03|21503|3,43,203,206,4,21503203,21503206
2015|youth_c|B03|21503|3,44,208,210,3,21503208,21503210
2015|youth_c|B03|21503|3,45,214,214,1,21503214,21503214
2015|youth_c|B03|21503|3,46,221,226,6,21503221,21503226
2015|youth_c|B03|21503|3,47,230,231,2,21503230,21503231
2015|youth_c|B03|21503|3,48,233,233,1,21503233,21503233
2015|youth_c|B03|21503|3,49,235,235,1,21503235,21503235
2015|youth_c|B03|21503|3,50,239,239,1,21503239,21503239
2015|youth_c|B03|21503|3,51,248,249,2,21503248,21503249
2015|youth_c|B03|21503|3,52,251,252,2,21503251,21503252
2015|youth_c|B03|21503|3,53,269,272,4,21503269,21503272
2015|youth_c|B03|21503|3,54,279,279,1,21503279,21503279
2015|youth_c|B03|21504|3,1,4,4,1,21504004,21504004
2015|youth_c|B03|21504|3,2,14,14,1,21504014,21504014
2015|youth_c|B03|21504|3,3,28,28,1,21504028,21504028
2015|youth_c|B03|21504|3,4,30,30,1,21504030,21504030
2015|youth_c|B03|21504|3,5,38,38,1,21504038,21504038
2015|youth_c|B03|21504|3,6,45,45,1,21504045,21504045
2015|youth_c|B03|21504|3,7,69,69,1,21504069,21504069
2015|youth_c|B03|21504|3,8,78,78,1,21504078,21504078
2015|youth_c|B03|21504|3,9,81,81,1,21504081,21504081
2015|youth_c|B03|21504|3,10,91,93,3,21504091,21504093
2015|youth_c|B03|21504|3,11,105,105,1,21504105,21504105
2015|youth_c|B03|21505|3,1,9,9,1,21505009,21505009
2015|youth_c|B04|21501|3,1,57,57,1,21501057,21501057
2015|youth_c|B04|21501|3,2,187,187,1,21501187,21501187
2015|youth_c|B04|21502|3,1,67,67,1,21502067,21502067
2015|youth_c|B04|21502|3,2,127,127,1,21502127,21502127
2015|youth_c|B04|21502|3,3,168,168,1,21502168,21502168
2015|youth_c|B04|21502|3,4,179,179,1,21502179,21502179
2015|youth_c|B04|21505|3,1,1,8,8,21505001,21505008
2015|youth_c|B04|21505|3,2,10,84,75,21505010,21505084
2015|youth_c|B04|21505|3,3,86,98,13,21505086,21505098
2015|youth_c|B04|21505|3,4,100,138,39,21505100,21505138
2015|youth_c|B04|21505|3,5,140,162,23,21505140,21505162
2015|youth_c|B05|21501|3,1,2,2,1,21501002,21501002
2015|youth_c|B05|21501|3,2,7,7,1,21501007,21501007
2015|youth_c|B05|21501|3,3,16,16,1,21501016,21501016
2015|youth_c|B05|21501|3,4,23,23,1,21501023,21501023
2015|youth_c|B05|21501|3,5,26,26,1,21501026,21501026
2015|youth_c|B05|21501|3,6,35,35,1,21501035,21501035
2015|youth_c|B05|21501|3,7,38,38,1,21501038,21501038
2015|youth_c|B05|21501|3,8,40,40,1,21501040,21501040
2015|youth_c|B05|21501|3,9,49,49,1,21501049,21501049
2015|youth_c|B05|21501|3,10,52,52,1,21501052,21501052
2015|youth_c|B05|21501|3,11,56,56,1,21501056,21501056
2015|youth_c|B05|21501|3,12,58,59,2,21501058,21501059
2015|youth_c|B05|21501|3,13,63,66,4,21501063,21501066
2015|youth_c|B05|21501|3,14,71,72,2,21501071,21501072
2015|youth_c|B05|21501|3,15,78,78,1,21501078,21501078
2015|youth_c|B05|21501|3,16,87,87,1,21501087,21501087
2015|youth_c|B05|21501|3,17,91,91,1,21501091,21501091
2015|youth_c|B05|21501|3,18,95,95,1,21501095,21501095
2015|youth_c|B05|21501|3,19,102,102,1,21501102,21501102
2015|youth_c|B05|21501|3,20,104,104,1,21501104,21501104
2015|youth_c|B05|21501|3,21,108,109,2,21501108,21501109
2015|youth_c|B05|21501|3,22,112,113,2,21501112,21501113
2015|youth_c|B05|21501|3,23,119,119,1,21501119,21501119
2015|youth_c|B05|21501|3,24,126,129,4,21501126,21501129
2015|youth_c|B05|21501|3,25,132,132,1,21501132,21501132
2015|youth_c|B05|21501|3,26,136,137,2,21501136,21501137
2015|youth_c|B05|21501|3,27,139,140,2,21501139,21501140
2015|youth_c|B05|21501|3,28,145,145,1,21501145,21501145
2015|youth_c|B05|21501|3,29,149,149,1,21501149,21501149
2015|youth_c|B05|21501|3,30,152,154,3,21501152,21501154
2015|youth_c|B05|21501|3,31,165,165,1,21501165,21501165
2015|youth_c|B05|21501|3,32,168,168,1,21501168,21501168
2015|youth_c|B05|21501|3,33,171,172,2,21501171,21501172
2015|youth_c|B05|21501|3,34,178,180,3,21501178,21501180
2015|youth_c|B05|21501|3,35,184,186,3,21501184,21501186
2015|youth_c|B05|21501|3,36,188,188,1,21501188,21501188
2015|youth_c|B05|21501|3,37,191,191,1,21501191,21501191
2015|youth_c|B05|21501|3,38,193,194,2,21501193,21501194
2015|youth_c|B05|21501|3,39,198,198,1,21501198,21501198
2015|youth_c|B05|21502|3,1,7,7,1,21502007,21502007
2015|youth_c|B05|21502|3,2,33,33,1,21502033,21502033
2015|youth_c|B05|21502|3,3,40,40,1,21502040,21502040
2015|youth_c|B05|21502|3,4,51,51,1,21502051,21502051
2015|youth_c|B05|21502|3,5,59,59,1,21502059,21502059
2015|youth_c|B05|21502|3,6,88,88,1,21502088,21502088
2015|youth_c|B05|21502|3,7,92,92,1,21502092,21502092
2015|youth_c|B05|21502|3,8,129,129,1,21502129,21502129
2015|youth_c|B05|21502|3,9,136,136,1,21502136,21502136
2015|youth_c|B05|21502|3,10,146,146,1,21502146,21502146
2015|youth_c|B05|21502|3,11,193,194,2,21502193,21502194
2015|youth_c|B05|21502|3,12,226,226,1,21502226,21502226
2015|youth_c|B05|21503|3,1,5,5,1,21503005,21503005
2015|youth_c|B05|21503|3,2,19,19,1,21503019,21503019
2015|youth_c|B05|21503|3,3,25,25,1,21503025,21503025
2015|youth_c|B05|21503|3,4,33,33,1,21503033,21503033
2015|youth_c|B05|21503|3,5,54,54,1,21503054,21503054
2015|youth_c|B05|21503|3,6,109,109,1,21503109,21503109
2015|youth_c|B05|21503|3,7,121,121,1,21503121,21503121
2015|youth_c|B05|21503|3,8,159,159,1,21503159,21503159
2015|youth_c|B05|21503|3,9,163,163,1,21503163,21503163
2015|youth_c|B05|21503|3,10,165,165,1,21503165,21503165
2015|youth_c|B05|21503|3,11,207,207,1,21503207,21503207
2015|youth_c|B05|21503|3,12,263,263,1,21503263,21503263
2015|youth_c|B05|21503|3,13,266,267,2,21503266,21503267
2015|youth_c|B05|21504|3,1,2,3,2,21504002,21504003
2015|youth_c|B05|21504|3,2,6,7,2,21504006,21504007
2015|youth_c|B05|21504|3,3,12,13,2,21504012,21504013
2015|youth_c|B05|21504|3,4,15,15,1,21504015,21504015
2015|youth_c|B05|21504|3,5,18,18,1,21504018,21504018
2015|youth_c|B05|21504|3,6,21,21,1,21504021,21504021
2015|youth_c|B05|21504|3,7,25,26,2,21504025,21504026
2015|youth_c|B05|21504|3,8,29,29,1,21504029,21504029
2015|youth_c|B05|21504|3,9,31,33,3,21504031,21504033
2015|youth_c|B05|21504|3,10,35,35,1,21504035,21504035
2015|youth_c|B05|21504|3,11,40,41,2,21504040,21504041
2015|youth_c|B05|21504|3,12,44,44,1,21504044,21504044
2015|youth_c|B05|21504|3,13,46,53,8,21504046,21504053
2015|youth_c|B05|21504|3,14,56,61,6,21504056,21504061
2015|youth_c|B05|21504|3,15,63,66,4,21504063,21504066
2015|youth_c|B05|21504|3,16,70,73,4,21504070,21504073
2015|youth_c|B05|21504|3,17,75,75,1,21504075,21504075
2015|youth_c|B05|21504|3,18,79,80,2,21504079,21504080
2015|youth_c|B05|21504|3,19,82,82,1,21504082,21504082
2015|youth_c|B05|21504|3,20,84,84,1,21504084,21504084
2015|youth_c|B05|21504|3,21,88,90,3,21504088,21504090
2015|youth_c|B05|21504|3,22,97,101,5,21504097,21504101
2015|youth_c|B05|21504|3,23,104,104,1,21504104,21504104
2015|youth_c|B05|21504|3,24,106,106,1,21504106,21504106
2015|youth_c|B06|21501|3,1,25,25,1,21501025,21501025
2015|youth_c|B06|21501|3,2,82,82,1,21501082,21501082
2015|youth_c|B06|21501|3,3,107,107,1,21501107,21501107
2015|youth_c|B06|21501|3,4,123,123,1,21501123,21501123
2015|youth_c|B06|21501|3,5,156,159,4,21501156,21501159
2015|youth_c|B06|21501|3,6,190,190,1,21501190,21501190
2015|youth_c|B06|21501|3,7,199,199,1,21501199,21501199
2015|youth_c|B06|21507|3,1,1,157,157,21507001,21507157
2015|youth_c|B06|21507|3,2,159,170,12,21507159,21507170
2015|youth_c|B07|21501|3,1,20,20,1,21501020,21501020
2015|youth_c|B07|21501|3,2,32,32,1,21501032,21501032
2015|youth_c|B07|21501|3,3,44,44,1,21501044,21501044
2015|youth_c|B07|21501|3,4,68,68,1,21501068,21501068
2015|youth_c|B07|21501|3,5,74,74,1,21501074,21501074
2015|youth_c|B07|21501|3,6,81,81,1,21501081,21501081
2015|youth_c|B07|21501|3,7,90,90,1,21501090,21501090
2015|youth_c|B07|21501|3,8,124,124,1,21501124,21501124
2015|youth_c|B07|21501|3,9,134,134,1,21501134,21501134
2015|youth_c|B07|21501|3,10,146,146,1,21501146,21501146
2015|youth_c|B07|21501|3,11,163,163,1,21501163,21501163
2015|youth_c|B07|21501|3,12,200,201,2,21501200,21501201
2015|youth_c|B07|21502|3,1,4,5,2,21502004,21502005
2015|youth_c|B07|21502|3,2,8,8,1,21502008,21502008
2015|youth_c|B07|21502|3,3,14,15,2,21502014,21502015
2015|youth_c|B07|21502|3,4,18,18,1,21502018,21502018
2015|youth_c|B07|21502|3,5,23,23,1,21502023,21502023
2015|youth_c|B07|21502|3,6,25,26,2,21502025,21502026
2015|youth_c|B07|21502|3,7,32,32,1,21502032,21502032
2015|youth_c|B07|21502|3,8,34,34,1,21502034,21502034
2015|youth_c|B07|21502|3,9,41,41,1,21502041,21502041
2015|youth_c|B07|21502|3,10,48,48,1,21502048,21502048
2015|youth_c|B07|21502|3,11,50,50,1,21502050,21502050
2015|youth_c|B07|21502|3,12,56,57,2,21502056,21502057
2015|youth_c|B07|21502|3,13,60,64,5,21502060,21502064
2015|youth_c|B07|21502|3,14,71,71,1,21502071,21502071
2015|youth_c|B07|21502|3,15,73,73,1,21502073,21502073
2015|youth_c|B07|21502|3,16,76,76,1,21502076,21502076
2015|youth_c|B07|21502|3,17,83,83,1,21502083,21502083
2015|youth_c|B07|21502|3,18,85,85,1,21502085,21502085
2015|youth_c|B07|21502|3,19,103,104,2,21502103,21502104
2015|youth_c|B07|21502|3,20,108,108,1,21502108,21502108
2015|youth_c|B07|21502|3,21,113,115,3,21502113,21502115
2015|youth_c|B07|21502|3,22,117,117,1,21502117,21502117
2015|youth_c|B07|21502|3,23,119,119,1,21502119,21502119
2015|youth_c|B07|21502|3,24,121,121,1,21502121,21502121
2015|youth_c|B07|21502|3,25,130,130,1,21502130,21502130
2015|youth_c|B07|21502|3,26,138,139,2,21502138,21502139
2015|youth_c|B07|21502|3,27,142,142,1,21502142,21502142
2015|youth_c|B07|21502|3,28,144,144,1,21502144,21502144
2015|youth_c|B07|21502|3,29,152,152,1,21502152,21502152
2015|youth_c|B07|21502|3,30,159,159,1,21502159,21502159
2015|youth_c|B07|21502|3,31,163,167,5,21502163,21502167
2015|youth_c|B07|21502|3,32,176,176,1,21502176,21502176
2015|youth_c|B07|21502|3,33,178,178,1,21502178,21502178
2015|youth_c|B07|21502|3,34,180,181,2,21502180,21502181
2015|youth_c|B07|21502|3,35,186,186,1,21502186,21502186
2015|youth_c|B07|21502|3,36,189,189,1,21502189,21502189
2015|youth_c|B07|21502|3,37,196,197,2,21502196,21502197
2015|youth_c|B07|21502|3,38,201,201,1,21502201,21502201
2015|youth_c|B07|21502|3,39,203,204,2,21502203,21502204
2015|youth_c|B07|21502|3,40,206,206,1,21502206,21502206
2015|youth_c|B07|21502|3,41,208,209,2,21502208,21502209
2015|youth_c|B07|21502|3,42,219,220,2,21502219,21502220
2015|youth_c|B07|21502|3,43,222,225,4,21502222,21502225
2015|youth_c|B07|21502|3,44,233,233,1,21502233,21502233
2015|youth_c|B07|21502|3,45,235,239,5,21502235,21502239
2015|youth_c|B07|21503|3,1,7,7,1,21503007,21503007
2015|youth_c|B07|21503|3,2,53,53,1,21503053,21503053
2015|youth_c|B07|21503|3,3,87,87,1,21503087,21503087
2015|youth_c|B07|21503|3,4,93,93,1,21503093,21503093
2015|youth_c|B07|21503|3,5,213,213,1,21503213,21503213
2015|youth_c|B07|21503|3,6,229,229,1,21503229,21503229
2015|youth_c|B07|21503|3,7,268,268,1,21503268,21503268
2015|youth_c|B07|21503|3,8,278,278,1,21503278,21503278
2015|youth_c|B07|21503|3,9,283,283,1,21503283,21503283
2015|youth_c|B08|21502|3,1,27,27,1,21502027,21502027
2015|youth_c|B08|21502|3,2,128,128,1,21502128,21502128
2015|youth_c|B08|21502|3,3,229,229,1,21502229,21502229
2015|youth_c|B08|21503|3,1,32,32,1,21503032,21503032
2015|youth_c|B08|21506|3,1,1,68,68,21506001,21506068
2015|youth_c|B08|21506|3,2,70,91,22,21506070,21506091
2015|youth_c|B08|21506|3,3,93,260,168,21506093,21506260
2015|youth_c|B09|21503|3,1,8,9,2,21503008,21503009
2015|youth_c|B09|21503|3,2,36,36,1,21503036,21503036
2015|youth_c|B09|21503|3,3,55,55,1,21503055,21503055
2015|youth_c|B09|21503|3,4,59,59,1,21503059,21503059
2015|youth_c|B09|21503|3,5,71,71,1,21503071,21503071
2015|youth_c|B09|21503|3,6,80,80,1,21503080,21503080
2015|youth_c|B09|21503|3,7,84,84,1,21503084,21503084
2015|youth_c|B09|21503|3,8,112,112,1,21503112,21503112
2015|youth_c|B09|21503|3,9,131,131,1,21503131,21503131
2015|youth_c|B09|21503|3,10,148,148,1,21503148,21503148
2015|youth_c|B09|21503|3,11,158,158,1,21503158,21503158
2015|youth_c|B09|21503|3,12,170,170,1,21503170,21503170
2015|youth_c|B09|21503|3,13,180,180,1,21503180,21503180
2015|youth_c|B09|21503|3,14,193,193,1,21503193,21503193
2015|youth_c|B09|21503|3,15,197,197,1,21503197,21503197
2015|youth_c|B09|21503|3,16,228,228,1,21503228,21503228
2015|youth_c|B09|21503|3,17,232,232,1,21503232,21503232
2015|youth_c|B09|21503|3,18,246,247,2,21503246,21503247
2015|youth_c|B09|21503|3,19,250,250,1,21503250,21503250
2015|youth_c|B09|21503|3,20,282,282,1,21503282,21503282
2015|youth_c|B09|21504|3,1,62,62,1,21504062,21504062
2015|youth_c|B09|21504|3,2,67,67,1,21504067,21504067
2015|youth_c|B09|21504|3,3,95,95,1,21504095,21504095
2016|general|B01|21671|3,1,1,5,5,21671001,21671005
2016|general|B01|21671|3,2,7,8,2,21671007,21671008
2016|general|B01|21671|3,3,10,11,2,21671010,21671011
2016|general|B01|21671|3,4,14,23,10,21671014,21671023
2016|general|B01|21671|3,5,25,25,1,21671025,21671025
2016|general|B01|21671|3,6,27,27,1,21671027,21671027
2016|general|B01|21671|3,7,29,36,8,21671029,21671036
2016|general|B01|21671|3,8,39,42,4,21671039,21671042
2016|general|B01|21671|3,9,49,49,1,21671049,21671049
2016|general|B01|21671|3,10,51,51,1,21671051,21671051
2016|general|B01|21671|3,11,53,56,4,21671053,21671056
2016|general|B01|21671|3,12,58,59,2,21671058,21671059
2016|general|B01|21671|3,13,61,61,1,21671061,21671061
2016|general|B01|21671|3,14,64,64,1,21671064,21671064
2016|general|B01|21671|3,15,66,67,2,21671066,21671067
2016|general|B01|21671|3,16,69,69,1,21671069,21671069
2016|general|B01|21671|3,17,71,75,5,21671071,21671075
2016|general|B01|21671|3,18,81,82,2,21671081,21671082
2016|general|B01|21671|3,19,84,87,4,21671084,21671087
2016|general|B01|21671|3,20,89,89,1,21671089,21671089
2016|general|B01|21671|3,21,91,91,1,21671091,21671091
2016|general|B01|21671|3,22,94,98,5,21671094,21671098
2016|general|B01|21671|3,23,100,102,3,21671100,21671102
2016|general|B01|21671|3,24,104,104,1,21671104,21671104
2016|general|B01|21671|3,25,106,110,5,21671106,21671110
2016|general|B01|21671|3,26,113,114,2,21671113,21671114
2016|general|B01|21671|3,27,117,117,1,21671117,21671117
2016|general|B01|21671|3,28,119,123,5,21671119,21671123
2016|general|B01|21671|3,29,127,127,1,21671127,21671127
2016|general|B01|21671|3,30,132,133,2,21671132,21671133
2016|general|B01|21671|3,31,136,136,1,21671136,21671136
2016|general|B01|21671|3,32,138,139,2,21671138,21671139
2016|general|B01|21671|3,33,141,144,4,21671141,21671144
2016|general|B01|21671|3,34,146,147,2,21671146,21671147
2016|general|B01|21671|3,35,149,149,1,21671149,21671149
2016|general|B01|21671|3,36,151,152,2,21671151,21671152
2016|general|B01|21671|3,37,154,158,5,21671154,21671158
2016|general|B01|21671|3,38,160,161,2,21671160,21671161
2016|general|B01|21671|3,39,163,164,2,21671163,21671164
2016|general|B01|21671|3,40,170,170,1,21671170,21671170
2016|general|B01|21671|3,41,172,175,4,21671172,21671175
2016|general|B01|21671|3,42,177,181,5,21671177,21671181
2016|general|B01|21671|3,43,184,190,7,21671184,21671190
2016|general|B01|21671|3,44,192,192,1,21671192,21671192
2016|general|B01|21671|3,45,198,198,1,21671198,21671198
2016|general|B01|21671|3,46,200,202,3,21671200,21671202
2016|general|B01|21672|3,1,2,9,8,21672002,21672009
2016|general|B01|21672|3,2,11,11,1,21672011,21672011
2016|general|B01|21672|3,3,17,17,1,21672017,21672017
2016|general|B01|21672|3,4,24,24,1,21672024,21672024
2016|general|B01|21672|3,5,26,35,10,21672026,21672035
2016|general|B01|21672|3,6,37,39,3,21672037,21672039
2016|general|B01|21672|3,7,42,42,1,21672042,21672042
2016|general|B01|21672|3,8,45,49,5,21672045,21672049
2016|general|B01|21672|3,9,52,53,2,21672052,21672053
2016|general|B01|21672|3,10,60,60,1,21672060,21672060
2016|general|B01|21672|3,11,62,62,1,21672062,21672062
2016|general|B01|21672|3,12,66,75,10,21672066,21672075
2016|general|B01|21672|3,13,80,80,1,21672080,21672080
2016|general|B01|21672|3,14,83,83,1,21672083,21672083
2016|general|B01|21672|3,15,85,86,2,21672085,21672086
2016|general|B01|21672|3,16,88,89,2,21672088,21672089
2016|general|B01|21672|3,17,94,95,2,21672094,21672095
2016|general|B01|21672|3,18,97,100,4,21672097,21672100
2016|general|B01|21672|3,19,102,102,1,21672102,21672102
2016|general|B01|21672|3,20,104,110,7,21672104,21672110
2016|general|B01|21672|3,21,112,113,2,21672112,21672113
2016|general|B01|21672|3,22,119,123,5,21672119,21672123
2016|general|B01|21672|3,23,131,134,4,21672131,21672134
2016|general|B01|21672|3,24,136,139,4,21672136,21672139
2016|general|B01|21672|3,25,142,145,4,21672142,21672145
2016|general|B01|21672|3,26,148,149,2,21672148,21672149
2016|general|B01|21672|3,27,151,151,1,21672151,21672151
2016|general|B01|21672|3,28,153,154,2,21672153,21672154
2016|general|B01|21672|3,29,157,159,3,21672157,21672159
2016|general|B01|21672|3,30,162,163,2,21672162,21672163
2016|general|B01|21672|3,31,168,173,6,21672168,21672173
2016|general|B01|21672|3,32,175,179,5,21672175,21672179
2016|general|B01|21672|3,33,181,181,1,21672181,21672181
2016|general|B01|21672|3,34,183,186,4,21672183,21672186
2016|general|B01|21672|3,35,191,193,3,21672191,21672193
2016|general|B01|21672|3,36,195,200,6,21672195,21672200
2016|general|B01|21672|3,37,202,204,3,21672202,21672204
2016|general|B01|21672|3,38,208,211,4,21672208,21672211
2016|general|B01|21672|3,39,213,214,2,21672213,21672214
2016|general|B01|21672|3,40,216,220,5,21672216,21672220
2016|general|B01|21672|3,41,224,224,1,21672224,21672224
2016|general|B01|21672|3,42,226,226,1,21672226,21672226
2016|general|B01|21672|3,43,229,229,1,21672229,21672229
2016|general|B01|21672|3,44,235,242,8,21672235,21672242
2016|general|B01|21672|3,45,244,246,3,21672244,21672246
2016|general|B01|21672|3,46,256,256,1,21672256,21672256
2016|general|B01|21672|3,47,259,259,1,21672259,21672259
2016|general|B01|21672|3,48,262,262,1,21672262,21672262
2016|general|B01|21674|3,1,2,3,2,21674002,21674003
2016|general|B01|21674|3,2,9,9,1,21674009,21674009
2016|general|B01|21674|3,3,12,12,1,21674012,21674012
2016|general|B01|21674|3,4,14,17,4,21674014,21674017
2016|general|B01|21674|3,5,21,21,1,21674021,21674021
2016|general|B01|21674|3,6,24,24,1,21674024,21674024
2016|general|B01|21674|3,7,26,26,1,21674026,21674026
2016|general|B01|21674|3,8,29,29,1,21674029,21674029
2016|general|B01|21674|3,9,35,36,2,21674035,21674036
2016|general|B01|21674|3,10,38,38,1,21674038,21674038
2016|general|B01|21674|3,11,42,45,4,21674042,21674045
2016|general|B01|21674|3,12,52,52,1,21674052,21674052
2016|general|B01|21674|3,13,59,59,1,21674059,21674059
2016|general|B01|21674|3,14,62,62,1,21674062,21674062
2016|general|B01|21674|3,15,66,66,1,21674066,21674066
2016|general|B01|21674|3,16,68,68,1,21674068,21674068
2016|general|B01|21674|3,17,70,72,3,21674070,21674072
2016|general|B01|21674|3,18,75,75,1,21674075,21674075
2016|general|B01|21674|3,19,79,79,1,21674079,21674079
2016|general|B01|21674|3,20,81,81,1,21674081,21674081
2016|general|B01|21674|3,21,86,87,2,21674086,21674087
2016|general|B01|21674|3,22,89,91,3,21674089,21674091
2016|general|B01|21674|3,23,101,101,1,21674101,21674101
2016|general|B01|21674|3,24,106,106,1,21674106,21674106
2016|general|B01|21674|3,25,108,108,1,21674108,21674108
2016|general|B01|21674|3,26,112,112,1,21674112,21674112
2016|general|B01|21674|3,27,124,124,1,21674124,21674124
2016|general|B01|21674|3,28,127,127,1,21674127,21674127
2016|general|B01|21674|3,29,130,130,1,21674130,21674130
2016|general|B02|21671|3,1,12,12,1,21671012,21671012
2016|general|B02|21671|3,2,47,47,1,21671047,21671047
2016|general|B02|21671|3,3,128,129,2,21671128,21671129
2016|general|B02|21671|3,4,134,134,1,21671134,21671134
2016|general|B02|21671|3,5,148,148,1,21671148,21671148
2016|general|B02|21673|3,1,1,2,2,21673001,21673002
2016|general|B02|21673|3,2,7,7,1,21673007,21673007
2016|general|B02|21673|3,3,14,14,1,21673014,21673014
2016|general|B02|21673|3,4,16,16,1,21673016,21673016
2016|general|B02|21673|3,5,22,22,1,21673022,21673022
2016|general|B02|21673|3,6,24,24,1,21673024,21673024
2016|general|B02|21673|3,7,28,29,2,21673028,21673029
2016|general|B02|21673|3,8,32,32,1,21673032,21673032
2016|general|B02|21673|3,9,41,43,3,21673041,21673043
2016|general|B02|21673|3,10,45,46,2,21673045,21673046
2016|general|B02|21673|3,11,48,49,2,21673048,21673049
2016|general|B02|21673|3,12,52,52,1,21673052,21673052
2016|general|B02|21673|3,13,60,62,3,21673060,21673062
2016|general|B02|21673|3,14,66,66,1,21673066,21673066
2016|general|B02|21673|3,15,69,69,1,21673069,21673069
2016|general|B02|21673|3,16,73,73,1,21673073,21673073
2016|general|B02|21673|3,17,76,81,6,21673076,21673081
2016|general|B02|21673|3,18,83,83,1,21673083,21673083
2016|general|B02|21673|3,19,88,89,2,21673088,21673089
2016|general|B02|21673|3,20,96,97,2,21673096,21673097
2016|general|B02|21673|3,21,103,105,3,21673103,21673105
2016|general|B02|21673|3,22,112,113,2,21673112,21673113
2016|general|B02|21673|3,23,115,115,1,21673115,21673115
2016|general|B02|21673|3,24,117,118,2,21673117,21673118
2016|general|B02|21673|3,25,124,124,1,21673124,21673124
2016|general|B02|21673|3,26,126,126,1,21673126,21673126
2016|general|B02|21673|3,27,129,133,5,21673129,21673133
2016|general|B02|21673|3,28,135,135,1,21673135,21673135
2016|general|B02|21673|3,29,139,143,5,21673139,21673143
2016|general|B02|21673|3,30,146,146,1,21673146,21673146
2016|general|B02|21673|3,31,150,152,3,21673150,21673152
2016|general|B02|21673|3,32,154,154,1,21673154,21673154
2016|general|B02|21673|3,33,157,157,1,21673157,21673157
2016|general|B02|21673|3,34,159,160,2,21673159,21673160
2016|general|B02|21673|3,35,162,164,3,21673162,21673164
2016|general|B02|21673|3,36,168,168,1,21673168,21673168
2016|general|B02|21673|3,37,176,177,2,21673176,21673177
2016|general|B02|21673|3,38,183,183,1,21673183,21673183
2016|general|B02|21673|3,39,187,195,9,21673187,21673195
2016|general|B02|21673|3,40,200,203,4,21673200,21673203
2016|general|B02|21673|3,41,205,205,1,21673205,21673205
2016|general|B02|21673|3,42,209,209,1,21673209,21673209
2016|general|B02|21673|3,43,213,215,3,21673213,21673215
2016|general|B02|21673|3,44,218,218,1,21673218,21673218
2016|general|B02|21673|3,45,221,221,1,21673221,21673221
2016|general|B02|21673|3,46,225,230,6,21673225,21673230
2016|general|B02|21673|3,47,241,242,2,21673241,21673242
2016|general|B02|21673|3,48,248,250,3,21673248,21673250
2016|general|B02|21673|3,49,253,253,1,21673253,21673253
2016|general|B02|21673|3,50,259,262,4,21673259,21673262
2016|general|B02|21673|3,51,269,275,7,21673269,21673275
2016|general|B02|21673|3,52,277,277,1,21673277,21673277
2016|general|B02|21673|3,53,280,280,1,21673280,21673280
2016|general|B02|21673|3,54,287,287,1,21673287,21673287
2016|general|B02|21673|3,55,290,293,4,21673290,21673293
2016|general|B02|21673|3,56,297,297,1,21673297,21673297
2016|general|B02|21673|3,57,300,300,1,21673300,21673300
2016|general|B02|21673|3,58,302,302,1,21673302,21673302
2016|general|B02|21674|3,1,73,73,1,21674073,21674073
2016|general|B02|21674|3,2,94,94,1,21674094,21674094
2016|general|B02|21674|3,3,105,105,1,21674105,21674105
2016|general|B03|21671|3,1,24,24,1,21671024,21671024
2016|general|B03|21671|3,2,28,28,1,21671028,21671028
2016|general|B03|21671|3,3,44,44,1,21671044,21671044
2016|general|B03|21671|3,4,57,57,1,21671057,21671057
2016|general|B03|21671|3,5,76,77,2,21671076,21671077
2016|general|B03|21671|3,6,80,80,1,21671080,21671080
2016|general|B03|21671|3,7,93,93,1,21671093,21671093
2016|general|B03|21671|3,8,126,126,1,21671126,21671126
2016|general|B03|21671|3,9,145,145,1,21671145,21671145
2016|general|B03|21671|3,10,182,182,1,21671182,21671182
2016|general|B03|21672|3,1,1,1,1,21672001,21672001
2016|general|B03|21672|3,2,18,18,1,21672018,21672018
2016|general|B03|21672|3,3,58,59,2,21672058,21672059
2016|general|B03|21672|3,4,76,76,1,21672076,21672076
2016|general|B03|21672|3,5,90,90,1,21672090,21672090
2016|general|B03|21672|3,6,96,96,1,21672096,21672096
2016|general|B03|21672|3,7,111,111,1,21672111,21672111
2016|general|B03|21672|3,8,124,124,1,21672124,21672124
2016|general|B03|21672|3,9,247,247,1,21672247,21672247
2016|general|B03|21673|3,1,3,6,4,21673003,21673006
2016|general|B03|21673|3,2,10,13,4,21673010,21673013
2016|general|B03|21673|3,3,17,21,5,21673017,21673021
2016|general|B03|21673|3,4,25,25,1,21673025,21673025
2016|general|B03|21673|3,5,27,27,1,21673027,21673027
2016|general|B03|21673|3,6,31,31,1,21673031,21673031
2016|general|B03|21673|3,7,36,36,1,21673036,21673036
2016|general|B03|21673|3,8,39,40,2,21673039,21673040
2016|general|B03|21673|3,9,44,44,1,21673044,21673044
2016|general|B03|21673|3,10,47,47,1,21673047,21673047
2016|general|B03|21673|3,11,53,54,2,21673053,21673054
2016|general|B03|21673|3,12,59,59,1,21673059,21673059
2016|general|B03|21673|3,13,67,68,2,21673067,21673068
2016|general|B03|21673|3,14,70,72,3,21673070,21673072
2016|general|B03|21673|3,15,74,75,2,21673074,21673075
2016|general|B03|21673|3,16,82,82,1,21673082,21673082
2016|general|B03|21673|3,17,84,85,2,21673084,21673085
2016|general|B03|21673|3,18,87,87,1,21673087,21673087
2016|general|B03|21673|3,19,90,90,1,21673090,21673090
2016|general|B03|21673|3,20,92,95,4,21673092,21673095
2016|general|B03|21673|3,21,98,98,1,21673098,21673098
2016|general|B03|21673|3,22,101,101,1,21673101,21673101
2016|general|B03|21673|3,23,107,111,5,21673107,21673111
2016|general|B03|21673|3,24,114,114,1,21673114,21673114
2016|general|B03|21673|3,25,119,121,3,21673119,21673121
2016|general|B03|21673|3,26,123,123,1,21673123,21673123
2016|general|B03|21673|3,27,127,128,2,21673127,21673128
2016|general|B03|21673|3,28,137,138,2,21673137,21673138
2016|general|B03|21673|3,29,145,145,1,21673145,21673145
2016|general|B03|21673|3,30,147,149,3,21673147,21673149
2016|general|B03|21673|3,31,156,156,1,21673156,21673156
2016|general|B03|21673|3,32,158,158,1,21673158,21673158
2016|general|B03|21673|3,33,161,161,1,21673161,21673161
2016|general|B03|21673|3,34,166,166,1,21673166,21673166
2016|general|B03|21673|3,35,172,175,4,21673172,21673175
2016|general|B03|21673|3,36,178,182,5,21673178,21673182
2016|general|B03|21673|3,37,184,186,3,21673184,21673186
2016|general|B03|21673|3,38,204,204,1,21673204,21673204
2016|general|B03|21673|3,39,206,208,3,21673206,21673208
2016|general|B03|21673|3,40,210,212,3,21673210,21673212
2016|general|B03|21673|3,41,216,216,1,21673216,21673216
2016|general|B03|21673|3,42,219,220,2,21673219,21673220
2016|general|B03|21673|3,43,224,224,1,21673224,21673224
2016|general|B03|21673|3,44,231,240,10,21673231,21673240
2016|general|B03|21673|3,45,246,247,2,21673246,21673247
2016|general|B03|21673|3,46,251,252,2,21673251,21673252
2016|general|B03|21673|3,47,254,256,3,21673254,21673256
2016|general|B03|21673|3,48,258,258,1,21673258,21673258
2016|general|B03|21673|3,49,264,266,3,21673264,21673266
2016|general|B03|21673|3,50,268,268,1,21673268,21673268
2016|general|B03|21673|3,51,279,279,1,21673279,21673279
2016|general|B03|21673|3,52,282,283,2,21673282,21673283
2016|general|B03|21673|3,53,285,286,2,21673285,21673286
2016|general|B03|21673|3,54,288,289,2,21673288,21673289
2016|general|B03|21673|3,55,295,296,2,21673295,21673296
2016|general|B03|21673|3,56,299,299,1,21673299,21673299
2016|general|B03|21673|3,57,301,301,1,21673301,21673301
2016|general|B03|21674|3,1,4,5,2,21674004,21674005
2016|general|B03|21674|3,2,10,10,1,21674010,21674010
2016|general|B03|21674|3,3,20,20,1,21674020,21674020
2016|general|B03|21674|3,4,25,25,1,21674025,21674025
2016|general|B03|21674|3,5,30,30,1,21674030,21674030
2016|general|B03|21674|3,6,32,34,3,21674032,21674034
2016|general|B03|21674|3,7,39,39,1,21674039,21674039
2016|general|B03|21674|3,8,47,47,1,21674047,21674047
2016|general|B03|21674|3,9,50,50,1,21674050,21674050
2016|general|B03|21674|3,10,53,53,1,21674053,21674053
2016|general|B03|21674|3,11,55,55,1,21674055,21674055
2016|general|B03|21674|3,12,63,65,3,21674063,21674065
2016|general|B03|21674|3,13,76,78,3,21674076,21674078
2016|general|B03|21674|3,14,82,82,1,21674082,21674082
2016|general|B03|21674|3,15,84,84,1,21674084,21674084
2016|general|B03|21674|3,16,88,88,1,21674088,21674088
2016|general|B03|21674|3,17,95,100,6,21674095,21674100
2016|general|B03|21674|3,18,107,107,1,21674107,21674107
2016|general|B03|21674|3,19,113,119,7,21674113,21674119
2016|general|B03|21674|3,20,121,122,2,21674121,21674122
2016|general|B03|21674|3,21,128,128,1,21674128,21674128
2016|general|B03|21675|3,1,10,10,1,21675010,21675010
2016|general|B03|21675|3,2,35,35,1,21675035,21675035
2016|general|B03|21675|3,3,59,59,1,21675059,21675059
2016|general|B03|21675|3,4,70,70,1,21675070,21675070
2016|general|B03|21675|3,5,114,114,1,21675114,21675114
2016|general|B03|21675|3,6,123,123,1,21675123,21675123
2016|general|B03|21675|3,7,138,138,1,21675138,21675138
2016|general|B03|21675|3,8,174,174,1,21675174,21675174
2016|general|B03|21675|3,9,180,180,1,21675180,21675180
2016|general|B04|21671|3,1,171,171,1,21671171,21671171
2016|general|B04|21672|3,1,188,188,1,21672188,21672188
2016|general|B04|21672|3,2,206,206,1,21672206,21672206
2016|general|B04|21672|3,3,249,250,2,21672249,21672250
2016|general|B04|21675|3,1,1,9,9,21675001,21675009
2016|general|B04|21675|3,2,11,34,24,21675011,21675034
2016|general|B04|21675|3,3,36,58,23,21675036,21675058
2016|general|B04|21675|3,4,60,69,10,21675060,21675069
2016|general|B04|21675|3,5,71,113,43,21675071,21675113
2016|general|B04|21675|3,6,115,122,8,21675115,21675122
2016|general|B04|21675|3,7,124,137,14,21675124,21675137
2016|general|B04|21675|3,8,139,168,30,21675139,21675168
2016|general|B04|21675|3,9,170,173,4,21675170,21675173
2016|general|B04|21675|3,10,175,179,5,21675175,21675179
2016|general|B04|21675|3,11,181,181,1,21675181,21675181
2016|general|B05|21671|3,1,6,6,1,21671006,21671006
2016|general|B05|21671|3,2,26,26,1,21671026,21671026
2016|general|B05|21671|3,3,37,38,2,21671037,21671038
2016|general|B05|21671|3,4,45,45,1,21671045,21671045
2016|general|B05|21671|3,5,48,48,1,21671048,21671048
2016|general|B05|21671|3,6,50,50,1,21671050,21671050
2016|general|B05|21671|3,7,52,52,1,21671052,21671052
2016|general|B05|21671|3,8,60,60,1,21671060,21671060
2016|general|B05|21671|3,9,62,62,1,21671062,21671062
2016|general|B05|21671|3,10,70,70,1,21671070,21671070
2016|general|B05|21671|3,11,78,79,2,21671078,21671079
2016|general|B05|21671|3,12,83,83,1,21671083,21671083
2016|general|B05|21671|3,13,90,90,1,21671090,21671090
2016|general|B05|21671|3,14,92,92,1,21671092,21671092
2016|general|B05|21671|3,15,112,112,1,21671112,21671112
2016|general|B05|21671|3,16,115,115,1,21671115,21671115
2016|general|B05|21671|3,17,130,131,2,21671130,21671131
2016|general|B05|21671|3,18,153,153,1,21671153,21671153
2016|general|B05|21671|3,19,159,159,1,21671159,21671159
2016|general|B05|21671|3,20,162,162,1,21671162,21671162
2016|general|B05|21671|3,21,166,169,4,21671166,21671169
2016|general|B05|21671|3,22,176,176,1,21671176,21671176
2016|general|B05|21671|3,23,183,183,1,21671183,21671183
2016|general|B05|21671|3,24,193,197,5,21671193,21671197
2016|general|B05|21671|3,25,204,205,2,21671204,21671205
2016|general|B05|21672|3,1,20,20,1,21672020,21672020
2016|general|B05|21672|3,2,22,23,2,21672022,21672023
2016|general|B05|21672|3,3,25,25,1,21672025,21672025
2016|general|B05|21672|3,4,36,36,1,21672036,21672036
2016|general|B05|21672|3,5,51,51,1,21672051,21672051
2016|general|B05|21672|3,6,54,54,1,21672054,21672054
2016|general|B05|21672|3,7,56,56,1,21672056,21672056
2016|general|B05|21672|3,8,78,78,1,21672078,21672078
2016|general|B05|21672|3,9,130,130,1,21672130,21672130
2016|general|B05|21672|3,10,140,140,1,21672140,21672140
2016|general|B05|21672|3,11,156,156,1,21672156,21672156
2016|general|B05|21672|3,12,164,164,1,21672164,21672164
2016|general|B05|21672|3,13,221,222,2,21672221,21672222
2016|general|B05|21672|3,14,227,227,1,21672227,21672227
2016|general|B05|21672|3,15,252,252,1,21672252,21672252
2016|general|B05|21672|3,16,267,267,1,21672267,21672267
2016|general|B05|21673|3,1,15,15,1,21673015,21673015
2016|general|B05|21673|3,2,38,38,1,21673038,21673038
2016|general|B05|21673|3,3,57,58,2,21673057,21673058
2016|general|B05|21673|3,4,91,91,1,21673091,21673091
2016|general|B05|21673|3,5,100,100,1,21673100,21673100
2016|general|B05|21673|3,6,106,106,1,21673106,21673106
2016|general|B05|21673|3,7,134,134,1,21673134,21673134
2016|general|B05|21673|3,8,144,144,1,21673144,21673144
2016|general|B05|21673|3,9,167,167,1,21673167,21673167
2016|general|B05|21673|3,10,170,171,2,21673170,21673171
2016|general|B05|21673|3,11,198,198,1,21673198,21673198
2016|general|B05|21673|3,12,243,243,1,21673243,21673243
2016|general|B05|21673|3,13,245,245,1,21673245,21673245
2016|general|B05|21673|3,14,257,257,1,21673257,21673257
2016|general|B05|21674|3,1,6,8,3,21674006,21674008
2016|general|B05|21674|3,2,11,11,1,21674011,21674011
2016|general|B05|21674|3,3,13,13,1,21674013,21674013
2016|general|B05|21674|3,4,18,19,2,21674018,21674019
2016|general|B05|21674|3,5,22,23,2,21674022,21674023
2016|general|B05|21674|3,6,27,28,2,21674027,21674028
2016|general|B05|21674|3,7,31,31,1,21674031,21674031
2016|general|B05|21674|3,8,37,37,1,21674037,21674037
2016|general|B05|21674|3,9,41,41,1,21674041,21674041
2016|general|B05|21674|3,10,46,46,1,21674046,21674046
2016|general|B05|21674|3,11,48,49,2,21674048,21674049
2016|general|B05|21674|3,12,51,51,1,21674051,21674051
2016|general|B05|21674|3,13,54,54,1,21674054,21674054
2016|general|B05|21674|3,14,56,58,3,21674056,21674058
2016|general|B05|21674|3,15,60,61,2,21674060,21674061
2016|general|B05|21674|3,16,67,67,1,21674067,21674067
2016|general|B05|21674|3,17,69,69,1,21674069,21674069
2016|general|B05|21674|3,18,74,74,1,21674074,21674074
2016|general|B05|21674|3,19,80,80,1,21674080,21674080
2016|general|B05|21674|3,20,83,83,1,21674083,21674083
2016|general|B05|21674|3,21,85,85,1,21674085,21674085
2016|general|B05|21674|3,22,92,93,2,21674092,21674093
2016|general|B05|21674|3,23,102,104,3,21674102,21674104
2016|general|B05|21674|3,24,109,111,3,21674109,21674111
2016|general|B05|21674|3,25,120,120,1,21674120,21674120
2016|general|B05|21674|3,26,123,123,1,21674123,21674123
2016|general|B05|21674|3,27,125,126,2,21674125,21674126
2016|general|B05|21674|3,28,129,129,1,21674129,21674129
2016|general|B06|21671|3,1,116,116,1,21671116,21671116
2016|general|B06|21671|3,2,140,140,1,21671140,21671140
2016|general|B06|21671|3,3,191,191,1,21671191,21671191
2016|general|B06|21671|3,4,199,199,1,21671199,21671199
2016|general|B06|21673|3,1,102,102,1,21673102,21673102
2016|general|B06|21677|3,1,1,184,184,21677001,21677184
2016|general|B07|21671|3,1,9,9,1,21671009,21671009
2016|general|B07|21671|3,2,13,13,1,21671013,21671013
2016|general|B07|21671|3,3,43,43,1,21671043,21671043
2016|general|B07|21671|3,4,46,46,1,21671046,21671046
2016|general|B07|21671|3,5,63,63,1,21671063,21671063
2016|general|B07|21671|3,6,65,65,1,21671065,21671065
2016|general|B07|21671|3,7,68,68,1,21671068,21671068
2016|general|B07|21671|3,8,88,88,1,21671088,21671088
2016|general|B07|21671|3,9,99,99,1,21671099,21671099
2016|general|B07|21671|3,10,105,105,1,21671105,21671105
2016|general|B07|21671|3,11,111,111,1,21671111,21671111
2016|general|B07|21671|3,12,118,118,1,21671118,21671118
2016|general|B07|21671|3,13,124,125,2,21671124,21671125
2016|general|B07|21671|3,14,135,135,1,21671135,21671135
2016|general|B07|21671|3,15,137,137,1,21671137,21671137
2016|general|B07|21671|3,16,150,150,1,21671150,21671150
2016|general|B07|21671|3,17,165,165,1,21671165,21671165
2016|general|B07|21671|3,18,203,203,1,21671203,21671203
2016|general|B07|21672|3,1,10,10,1,21672010,21672010
2016|general|B07|21672|3,2,12,16,5,21672012,21672016
2016|general|B07|21672|3,3,19,19,1,21672019,21672019
2016|general|B07|21672|3,4,21,21,1,21672021,21672021
2016|general|B07|21672|3,5,40,41,2,21672040,21672041
2016|general|B07|21672|3,6,43,44,2,21672043,21672044
2016|general|B07|21672|3,7,50,50,1,21672050,21672050
2016|general|B07|21672|3,8,55,55,1,21672055,21672055
2016|general|B07|21672|3,9,57,57,1,21672057,21672057
2016|general|B07|21672|3,10,61,61,1,21672061,21672061
2016|general|B07|21672|3,11,63,65,3,21672063,21672065
2016|general|B07|21672|3,12,77,77,1,21672077,21672077
2016|general|B07|21672|3,13,79,79,1,21672079,21672079
2016|general|B07|21672|3,14,81,82,2,21672081,21672082
2016|general|B07|21672|3,15,84,84,1,21672084,21672084
2016|general|B07|21672|3,16,87,87,1,21672087,21672087
2016|general|B07|21672|3,17,91,93,3,21672091,21672093
2016|general|B07|21672|3,18,101,101,1,21672101,21672101
2016|general|B07|21672|3,19,103,103,1,21672103,21672103
2016|general|B07|21672|3,20,114,118,5,21672114,21672118
2016|general|B07|21672|3,21,125,129,5,21672125,21672129
2016|general|B07|21672|3,22,135,135,1,21672135,21672135
2016|general|B07|21672|3,23,141,141,1,21672141,21672141
2016|general|B07|21672|3,24,146,147,2,21672146,21672147
2016|general|B07|21672|3,25,150,150,1,21672150,21672150
2016|general|B07|21672|3,26,152,152,1,21672152,21672152
2016|general|B07|21672|3,27,155,155,1,21672155,21672155
2016|general|B07|21672|3,28,160,161,2,21672160,21672161
2016|general|B07|21672|3,29,165,167,3,21672165,21672167
2016|general|B07|21672|3,30,174,174,1,21672174,21672174
2016|general|B07|21672|3,31,180,180,1,21672180,21672180
2016|general|B07|21672|3,32,182,182,1,21672182,21672182
2016|general|B07|21672|3,33,187,187,1,21672187,21672187
2016|general|B07|21672|3,34,190,190,1,21672190,21672190
2016|general|B07|21672|3,35,194,194,1,21672194,21672194
2016|general|B07|21672|3,36,201,201,1,21672201,21672201
2016|general|B07|21672|3,37,205,205,1,21672205,21672205
2016|general|B07|21672|3,38,207,207,1,21672207,21672207
2016|general|B07|21672|3,39,212,212,1,21672212,21672212
2016|general|B07|21672|3,40,215,215,1,21672215,21672215
2016|general|B07|21672|3,41,223,223,1,21672223,21672223
2016|general|B07|21672|3,42,225,225,1,21672225,21672225
2016|general|B07|21672|3,43,228,228,1,21672228,21672228
2016|general|B07|21672|3,44,230,234,5,21672230,21672234
2016|general|B07|21672|3,45,248,248,1,21672248,21672248
2016|general|B07|21672|3,46,251,251,1,21672251,21672251
2016|general|B07|21672|3,47,253,255,3,21672253,21672255
2016|general|B07|21672|3,48,257,258,2,21672257,21672258
2016|general|B07|21672|3,49,260,261,2,21672260,21672261
2016|general|B07|21672|3,50,263,266,4,21672263,21672266
2016|general|B07|21672|3,51,268,268,1,21672268,21672268
2016|general|B07|21673|3,1,9,9,1,21673009,21673009
2016|general|B07|21673|3,2,23,23,1,21673023,21673023
2016|general|B07|21673|3,3,34,34,1,21673034,21673034
2016|general|B07|21673|3,4,37,37,1,21673037,21673037
2016|general|B07|21673|3,5,50,50,1,21673050,21673050
2016|general|B07|21673|3,6,55,56,2,21673055,21673056
2016|general|B07|21673|3,7,99,99,1,21673099,21673099
2016|general|B07|21673|3,8,122,122,1,21673122,21673122
2016|general|B07|21673|3,9,155,155,1,21673155,21673155
2016|general|B07|21673|3,10,197,197,1,21673197,21673197
2016|general|B07|21673|3,11,217,217,1,21673217,21673217
2016|general|B07|21673|3,12,223,223,1,21673223,21673223
2016|general|B07|21673|3,13,244,244,1,21673244,21673244
2016|general|B07|21673|3,14,276,276,1,21673276,21673276
2016|general|B07|21673|3,15,278,278,1,21673278,21673278
2016|general|B07|21673|3,16,281,281,1,21673281,21673281
2016|general|B07|21673|3,17,284,284,1,21673284,21673284
2016|general|B07|21673|3,18,294,294,1,21673294,21673294
2016|general|B08|21673|3,1,26,26,1,21673026,21673026
2016|general|B08|21673|3,2,30,30,1,21673030,21673030
2016|general|B08|21676|3,1,1,179,179,21676001,21676179
2016|general|B08|21676|3,2,181,306,126,21676181,21676306
2016|general|B09|21673|3,1,8,8,1,21673008,21673008
2016|general|B09|21673|3,2,33,33,1,21673033,21673033
2016|general|B09|21673|3,3,35,35,1,21673035,21673035
2016|general|B09|21673|3,4,51,51,1,21673051,21673051
2016|general|B09|21673|3,5,63,65,3,21673063,21673065
2016|general|B09|21673|3,6,86,86,1,21673086,21673086
2016|general|B09|21673|3,7,116,116,1,21673116,21673116
2016|general|B09|21673|3,8,136,136,1,21673136,21673136
2016|general|B09|21673|3,9,153,153,1,21673153,21673153
2016|general|B09|21673|3,10,165,165,1,21673165,21673165
2016|general|B09|21673|3,11,169,169,1,21673169,21673169
2016|general|B09|21673|3,12,196,196,1,21673196,21673196
2016|general|B09|21673|3,13,222,222,1,21673222,21673222
2016|general|B09|21673|3,14,263,263,1,21673263,21673263
2016|general|B09|21673|3,15,267,267,1,21673267,21673267
2016|general|B09|21673|3,16,298,298,1,21673298,21673298
2016|general|B09|21674|3,1,1,1,1,21674001,21674001
2016|joint_fund|B02|U1610|3,1,108,108,1,U1610108,U1610108
2016|joint_fund|B08|U1607|3,1,101,129,29,U1607101,U1607129
2016|joint_fund|B08|U1608|3,1,221,224,4,U1608221,U1608224
2016|joint_fund|B08|U1610|3,1,101,107,7,U1610101,U1610107
2016|joint_fund|B08|U1610|3,2,221,223,3,U1610221,U1610223
2016|joint_fund|B08|U1662|3,1,101,139,39,U1662101,U1662139
2016|joint_fund|B08|U1663|3,1,220,229,10,U1663220,U1663229
2016|key|B01|21631|3,1,1,3,3,21631001,21631003
2016|key|B01|21631|3,2,5,7,3,21631005,21631007
2016|key|B01|21632|3,1,1,6,6,21632001,21632006
2016|key|B01|21632|3,2,8,9,2,21632008,21632009
2016|key|B01|21634|3,1,2,2,1,21634002,21634002
2016|key|B01|21634|3,2,7,7,1,21634007,21634007
2016|key|B02|21633|3,1,2,2,1,21633002,21633002
2016|key|B02|21633|3,2,5,5,1,21633005,21633005
2016|key|B02|21633|3,3,8,8,1,21633008,21633008
2016|key|B02|21633|3,4,10,11,2,21633010,21633011
2016|key|B02|21633|3,5,13,14,2,21633013,21633014
2016|key|B03|21633|3,1,1,1,1,21633001,21633001
2016|key|B03|21633|3,2,4,4,1,21633004,21633004
2016|key|B03|21633|3,3,6,6,1,21633006,21633006
2016|key|B03|21633|3,4,9,9,1,21633009,21633009
2016|key|B03|21633|3,5,15,15,1,21633015,21633015
2016|key|B04|21635|3,1,1,8,8,21635001,21635008
2016|key|B05|21631|3,1,4,4,1,21631004,21631004
2016|key|B05|21633|3,1,12,12,1,21633012,21633012
2016|key|B05|21634|3,1,1,1,1,21634001,21634001
2016|key|B05|21634|3,2,4,6,3,21634004,21634006
2016|key|B06|21637|3,1,1,5,5,21637001,21637005
2016|key|B07|21632|3,1,7,7,1,21632007,21632007
2016|key|B08|21636|3,1,1,10,10,21636001,21636010
2016|key|B09|21633|3,1,3,3,1,21633003,21633003
2016|key|B09|21634|3,1,3,3,1,21634003,21634003
2016|major_research_plan|B01|91622|3,1,102,111,10,91622102,91622111
2016|major_research_plan|B01|91622|3,2,120,120,1,91622120,91622120
2016|major_research_plan|B01|91645|3,1,111,111,1,91645111,91645111
2016|major_research_plan|B02|91627|3,1,0,0,1,91627000,91627000
2016|major_research_plan|B02|91645|3,1,102,108,7,91645102,91645108
2016|major_research_plan|B02|91645|3,2,114,114,1,91645114,91645114
2016|major_research_plan|B02|91645|3,3,116,117,2,91645116,91645117
2016|major_research_plan|B02|91645|3,4,119,121,3,91645119,91645121
2016|major_research_plan|B02|91645|3,5,123,123,1,91645123,91645123
2016|major_research_plan|B02|91645|3,6,125,126,2,91645125,91645126
2016|major_research_plan|B02|91645|3,7,201,202,2,91645201,91645202
2016|major_research_plan|B03|91622|3,1,112,115,4,91622112,91622115
2016|major_research_plan|B03|91622|3,2,121,121,1,91622121,91622121
2016|major_research_plan|B03|91634|3,1,112,112,1,91634112,91634112
2016|major_research_plan|B03|91641|3,1,104,104,1,91641104,91641104
2016|major_research_plan|B03|91641|3,2,120,121,2,91641120,91641121
2016|major_research_plan|B03|91641|3,3,127,128,2,91641127,91641128
2016|major_research_plan|B03|91645|3,1,0,0,1,91645000,91645000
2016|major_research_plan|B03|91645|3,2,101,101,1,91645101,91645101
2016|major_research_plan|B03|91645|3,3,112,113,2,91645112,91645113
2016|major_research_plan|B03|91645|3,4,115,115,1,91645115,91645115
2016|major_research_plan|B03|91645|3,5,118,118,1,91645118,91645118
2016|major_research_plan|B03|91645|3,6,122,122,1,91645122,91645122
2016|major_research_plan|B03|91645|3,7,203,204,2,91645203,91645204
2016|major_research_plan|B04|91643|3,1,105,105,1,91643105,91643105
2016|major_research_plan|B05|91622|3,1,116,119,4,91622116,91622119
2016|major_research_plan|B06|91643|3,1,104,104,1,91643104,91643104
2016|major_research_plan|B06|91643|3,2,106,107,2,91643106,91643107
2016|major_research_plan|B06|91643|3,3,112,113,2,91643112,91643113
2016|major_research_plan|B06|91643|3,4,201,201,1,91643201,91643201
2016|major_research_plan|B06|91643|3,5,205,208,4,91643205,91643208
2016|major_research_plan|B08|91634|3,1,101,105,5,91634101,91634105
2016|major_research_plan|B08|91634|3,2,108,110,3,91634108,91634110
2016|major_research_plan|B08|91634|3,3,113,113,1,91634113,91634113
2016|major_research_plan|B08|91634|3,4,115,120,6,91634115,91634120
2016|major_research_plan|B08|91634|3,5,201,204,4,91634201,91634204
2016|major_research_plan|B08|91645|3,1,109,110,2,91645109,91645110
2016|major_research_plan|B08|91645|3,2,124,124,1,91645124,91645124
2016|regional|B01|21661|3,1,1,1,1,21661001,21661001
2016|regional|B01|21661|3,2,4,5,2,21661004,21661005
2016|regional|B01|21661|3,3,8,10,3,21661008,21661010
2016|regional|B01|21661|3,4,14,15,2,21661014,21661015
2016|regional|B01|21661|3,5,17,17,1,21661017,21661017
2016|regional|B01|21661|3,6,19,21,3,21661019,21661021
2016|regional|B01|21661|3,7,23,23,1,21661023,21661023
2016|regional|B01|21661|3,8,26,29,4,21661026,21661029
2016|regional|B01|21661|3,9,31,32,2,21661031,21661032
2016|regional|B01|21661|3,10,34,36,3,21661034,21661036
2016|regional|B01|21662|3,1,1,1,1,21662001,21662001
2016|regional|B01|21662|3,2,5,5,1,21662005,21662005
2016|regional|B01|21662|3,3,7,7,1,21662007,21662007
2016|regional|B01|21662|3,4,13,13,1,21662013,21662013
2016|regional|B01|21662|3,5,15,17,3,21662015,21662017
2016|regional|B01|21662|3,6,19,22,4,21662019,21662022
2016|regional|B01|21662|3,7,24,32,9,21662024,21662032
2016|regional|B01|21662|3,8,34,35,2,21662034,21662035
2016|regional|B01|21662|3,9,37,37,1,21662037,21662037
2016|regional|B01|21662|3,10,41,41,1,21662041,21662041
2016|regional|B01|21662|3,11,45,45,1,21662045,21662045
2016|regional|B01|21662|3,12,49,49,1,21662049,21662049
2016|regional|B01|21664|3,1,5,5,1,21664005,21664005
2016|regional|B01|21664|3,2,8,8,1,21664008,21664008
2016|regional|B01|21664|3,3,14,14,1,21664014,21664014
2016|regional|B02|21663|3,1,1,4,4,21663001,21663004
2016|regional|B02|21663|3,2,6,6,1,21663006,21663006
2016|regional|B02|21663|3,3,9,10,2,21663009,21663010
2016|regional|B02|21663|3,4,12,13,2,21663012,21663013
2016|regional|B02|21663|3,5,15,16,2,21663015,21663016
2016|regional|B02|21663|3,6,21,23,3,21663021,21663023
2016|regional|B02|21663|3,7,27,28,2,21663027,21663028
2016|regional|B02|21663|3,8,30,30,1,21663030,21663030
2016|regional|B02|21664|3,1,10,10,1,21664010,21664010
2016|regional|B02|21665|3,1,19,19,1,21665019,21665019
2016|regional|B03|21662|3,1,18,18,1,21662018,21662018
2016|regional|B03|21662|3,2,33,33,1,21662033,21662033
2016|regional|B03|21663|3,1,5,5,1,21663005,21663005
2016|regional|B03|21663|3,2,7,8,2,21663007,21663008
2016|regional|B03|21663|3,3,11,11,1,21663011,21663011
2016|regional|B03|21663|3,4,19,19,1,21663019,21663019
2016|regional|B03|21663|3,5,24,25,2,21663024,21663025
2016|regional|B03|21663|3,6,31,31,1,21663031,21663031
2016|regional|B03|21663|3,7,33,34,2,21663033,21663034
2016|regional|B03|21664|3,1,1,1,1,21664001,21664001
2016|regional|B03|21664|3,2,4,4,1,21664004,21664004
2016|regional|B03|21665|3,1,16,17,2,21665016,21665017
2016|regional|B03|21665|3,2,22,22,1,21665022,21665022
2016|regional|B04|21661|3,1,13,13,1,21661013,21661013
2016|regional|B04|21665|3,1,1,15,15,21665001,21665015
2016|regional|B04|21665|3,2,18,18,1,21665018,21665018
2016|regional|B04|21665|3,3,20,21,2,21665020,21665021
2016|regional|B04|21665|3,4,23,31,9,21665023,21665031
2016|regional|B05|21661|3,1,6,7,2,21661006,21661007
2016|regional|B05|21661|3,2,12,12,1,21661012,21661012
2016|regional|B05|21661|3,3,16,16,1,21661016,21661016
2016|regional|B05|21661|3,4,24,25,2,21661024,21661025
2016|regional|B05|21661|3,5,30,30,1,21661030,21661030
2016|regional|B05|21661|3,6,33,33,1,21661033,21661033
2016|regional|B05|21661|3,7,37,37,1,21661037,21661037
2016|regional|B05|21662|3,1,47,47,1,21662047,21662047
2016|regional|B05|21663|3,1,18,18,1,21663018,21663018
2016|regional|B05|21663|3,2,29,29,1,21663029,21663029
2016|regional|B05|21663|3,3,32,32,1,21663032,21663032
2016|regional|B05|21664|3,1,2,3,2,21664002,21664003
2016|regional|B05|21664|3,2,6,7,2,21664006,21664007
2016|regional|B05|21664|3,3,9,9,1,21664009,21664009
2016|regional|B05|21664|3,4,11,11,1,21664011,21664011
2016|regional|B05|21664|3,5,13,13,1,21664013,21664013
2016|regional|B05|21664|3,6,15,15,1,21664015,21664015
2016|regional|B06|21661|3,1,2,3,2,21661002,21661003
2016|regional|B06|21667|3,1,1,2,2,21667001,21667002
2016|regional|B06|21667|3,2,4,31,28,21667004,21667031
2016|regional|B07|21661|3,1,11,11,1,21661011,21661011
2016|regional|B07|21661|3,2,18,18,1,21661018,21661018
2016|regional|B07|21661|3,3,22,22,1,21661022,21661022
2016|regional|B07|21661|3,4,38,38,1,21661038,21661038
2016|regional|B07|21662|3,1,2,4,3,21662002,21662004
2016|regional|B07|21662|3,2,6,6,1,21662006,21662006
2016|regional|B07|21662|3,3,8,12,5,21662008,21662012
2016|regional|B07|21662|3,4,14,14,1,21662014,21662014
2016|regional|B07|21662|3,5,23,23,1,21662023,21662023
2016|regional|B07|21662|3,6,36,36,1,21662036,21662036
2016|regional|B07|21662|3,7,38,40,3,21662038,21662040
2016|regional|B07|21662|3,8,42,44,3,21662042,21662044
2016|regional|B07|21662|3,9,46,46,1,21662046,21662046
2016|regional|B07|21662|3,10,48,48,1,21662048,21662048
2016|regional|B07|21662|3,11,50,50,1,21662050,21662050
2016|regional|B07|21663|3,1,17,17,1,21663017,21663017
2016|regional|B07|21663|3,2,20,20,1,21663020,21663020
2016|regional|B08|21666|3,1,1,33,33,21666001,21666033
2016|regional|B08|21666|3,2,35,39,5,21666035,21666039
2016|regional|B09|21663|3,1,14,14,1,21663014,21663014
2016|regional|B09|21663|3,2,26,26,1,21663026,21663026
2016|regional|B09|21664|3,1,12,12,1,21664012,21664012
2016|youth_c|B01|21601|3,1,2,4,3,21601002,21601004
2016|youth_c|B01|21601|3,2,6,9,4,21601006,21601009
2016|youth_c|B01|21601|3,3,12,12,1,21601012,21601012
2016|youth_c|B01|21601|3,4,14,15,2,21601014,21601015
2016|youth_c|B01|21601|3,5,19,19,1,21601019,21601019
2016|youth_c|B01|21601|3,6,23,23,1,21601023,21601023
2016|youth_c|B01|21601|3,7,26,32,7,21601026,21601032
2016|youth_c|B01|21601|3,8,35,36,2,21601035,21601036
2016|youth_c|B01|21601|3,9,39,39,1,21601039,21601039
2016|youth_c|B01|21601|3,10,41,41,1,21601041,21601041
2016|youth_c|B01|21601|3,11,43,45,3,21601043,21601045
2016|youth_c|B01|21601|3,12,47,53,7,21601047,21601053
2016|youth_c|B01|21601|3,13,58,63,6,21601058,21601063
2016|youth_c|B01|21601|3,14,65,66,2,21601065,21601066
2016|youth_c|B01|21601|3,15,69,69,1,21601069,21601069
2016|youth_c|B01|21601|3,16,71,75,5,21601071,21601075
2016|youth_c|B01|21601|3,17,77,77,1,21601077,21601077
2016|youth_c|B01|21601|3,18,80,80,1,21601080,21601080
2016|youth_c|B01|21601|3,19,82,82,1,21601082,21601082
2016|youth_c|B01|21601|3,20,84,88,5,21601084,21601088
2016|youth_c|B01|21601|3,21,90,90,1,21601090,21601090
2016|youth_c|B01|21601|3,22,92,100,9,21601092,21601100
2016|youth_c|B01|21601|3,23,102,107,6,21601102,21601107
2016|youth_c|B01|21601|3,24,109,109,1,21601109,21601109
2016|youth_c|B01|21601|3,25,111,111,1,21601111,21601111
2016|youth_c|B01|21601|3,26,114,116,3,21601114,21601116
2016|youth_c|B01|21601|3,27,125,127,3,21601125,21601127
2016|youth_c|B01|21601|3,28,130,130,1,21601130,21601130
2016|youth_c|B01|21601|3,29,132,132,1,21601132,21601132
2016|youth_c|B01|21601|3,30,134,135,2,21601134,21601135
2016|youth_c|B01|21601|3,31,138,140,3,21601138,21601140
2016|youth_c|B01|21601|3,32,143,143,1,21601143,21601143
2016|youth_c|B01|21601|3,33,145,146,2,21601145,21601146
2016|youth_c|B01|21601|3,34,148,150,3,21601148,21601150
2016|youth_c|B01|21601|3,35,152,152,1,21601152,21601152
2016|youth_c|B01|21601|3,36,154,156,3,21601154,21601156
2016|youth_c|B01|21601|3,37,160,160,1,21601160,21601160
2016|youth_c|B01|21601|3,38,163,164,2,21601163,21601164
2016|youth_c|B01|21601|3,39,170,170,1,21601170,21601170
2016|youth_c|B01|21601|3,40,173,174,2,21601173,21601174
2016|youth_c|B01|21601|3,41,177,177,1,21601177,21601177
2016|youth_c|B01|21601|3,42,180,187,8,21601180,21601187
2016|youth_c|B01|21601|3,43,190,190,1,21601190,21601190
2016|youth_c|B01|21601|3,44,192,194,3,21601192,21601194
2016|youth_c|B01|21601|3,45,203,203,1,21601203,21601203
2016|youth_c|B01|21601|3,46,212,212,1,21601212,21601212
2016|youth_c|B01|21602|3,1,1,1,1,21602001,21602001
2016|youth_c|B01|21602|3,2,4,8,5,21602004,21602008
2016|youth_c|B01|21602|3,3,10,11,2,21602010,21602011
2016|youth_c|B01|21602|3,4,15,19,5,21602015,21602019
2016|youth_c|B01|21602|3,5,21,21,1,21602021,21602021
2016|youth_c|B01|21602|3,6,23,23,1,21602023,21602023
2016|youth_c|B01|21602|3,7,25,30,6,21602025,21602030
2016|youth_c|B01|21602|3,8,32,32,1,21602032,21602032
2016|youth_c|B01|21602|3,9,35,37,3,21602035,21602037
2016|youth_c|B01|21602|3,10,40,41,2,21602040,21602041
2016|youth_c|B01|21602|3,11,44,44,1,21602044,21602044
2016|youth_c|B01|21602|3,12,46,46,1,21602046,21602046
2016|youth_c|B01|21602|3,13,49,53,5,21602049,21602053
2016|youth_c|B01|21602|3,14,55,59,5,21602055,21602059
2016|youth_c|B01|21602|3,15,61,62,2,21602061,21602062
2016|youth_c|B01|21602|3,16,64,67,4,21602064,21602067
2016|youth_c|B01|21602|3,17,69,70,2,21602069,21602070
2016|youth_c|B01|21602|3,18,72,75,4,21602072,21602075
2016|youth_c|B01|21602|3,19,78,78,1,21602078,21602078
2016|youth_c|B01|21602|3,20,80,80,1,21602080,21602080
2016|youth_c|B01|21602|3,21,83,83,1,21602083,21602083
2016|youth_c|B01|21602|3,22,86,89,4,21602086,21602089
2016|youth_c|B01|21602|3,23,91,91,1,21602091,21602091
2016|youth_c|B01|21602|3,24,94,101,8,21602094,21602101
2016|youth_c|B01|21602|3,25,104,105,2,21602104,21602105
2016|youth_c|B01|21602|3,26,107,108,2,21602107,21602108
2016|youth_c|B01|21602|3,27,111,112,2,21602111,21602112
2016|youth_c|B01|21602|3,28,114,115,2,21602114,21602115
2016|youth_c|B01|21602|3,29,119,120,2,21602119,21602120
2016|youth_c|B01|21602|3,30,122,128,7,21602122,21602128
2016|youth_c|B01|21602|3,31,130,131,2,21602130,21602131
2016|youth_c|B01|21602|3,32,135,136,2,21602135,21602136
2016|youth_c|B01|21602|3,33,139,139,1,21602139,21602139
2016|youth_c|B01|21602|3,34,141,145,5,21602141,21602145
2016|youth_c|B01|21602|3,35,148,148,1,21602148,21602148
2016|youth_c|B01|21602|3,36,150,151,2,21602150,21602151
2016|youth_c|B01|21602|3,37,153,158,6,21602153,21602158
2016|youth_c|B01|21602|3,38,160,161,2,21602160,21602161
2016|youth_c|B01|21602|3,39,163,163,1,21602163,21602163
2016|youth_c|B01|21602|3,40,165,165,1,21602165,21602165
2016|youth_c|B01|21602|3,41,167,169,3,21602167,21602169
2016|youth_c|B01|21602|3,42,172,175,4,21602172,21602175
2016|youth_c|B01|21602|3,43,179,179,1,21602179,21602179
2016|youth_c|B01|21602|3,44,182,185,4,21602182,21602185
2016|youth_c|B01|21602|3,45,187,188,2,21602187,21602188
2016|youth_c|B01|21602|3,46,190,194,5,21602190,21602194
2016|youth_c|B01|21602|3,47,197,199,3,21602197,21602199
2016|youth_c|B01|21602|3,48,201,207,7,21602201,21602207
2016|youth_c|B01|21602|3,49,209,211,3,21602209,21602211
2016|youth_c|B01|21602|3,50,213,215,3,21602213,21602215
2016|youth_c|B01|21602|3,51,217,218,2,21602217,21602218
2016|youth_c|B01|21602|3,52,221,221,1,21602221,21602221
2016|youth_c|B01|21602|3,53,223,225,3,21602223,21602225
2016|youth_c|B01|21602|3,54,228,233,6,21602228,21602233
2016|youth_c|B01|21602|3,55,236,239,4,21602236,21602239
2016|youth_c|B01|21602|3,56,241,241,1,21602241,21602241
2016|youth_c|B01|21602|3,57,244,246,3,21602244,21602246
2016|youth_c|B01|21602|3,58,248,249,2,21602248,21602249
2016|youth_c|B01|21602|3,59,251,251,1,21602251,21602251
2016|youth_c|B01|21602|3,60,253,253,1,21602253,21602253
2016|youth_c|B01|21602|3,61,256,256,1,21602256,21602256
2016|youth_c|B01|21602|3,62,258,258,1,21602258,21602258
2016|youth_c|B01|21604|3,1,1,2,2,21604001,21604002
2016|youth_c|B01|21604|3,2,4,4,1,21604004,21604004
2016|youth_c|B01|21604|3,3,7,7,1,21604007,21604007
2016|youth_c|B01|21604|3,4,13,14,2,21604013,21604014
2016|youth_c|B01|21604|3,5,19,20,2,21604019,21604020
2016|youth_c|B01|21604|3,6,27,27,1,21604027,21604027
2016|youth_c|B01|21604|3,7,29,30,2,21604029,21604030
2016|youth_c|B01|21604|3,8,37,37,1,21604037,21604037
2016|youth_c|B01|21604|3,9,41,41,1,21604041,21604041
2016|youth_c|B01|21604|3,10,46,46,1,21604046,21604046
2016|youth_c|B01|21604|3,11,50,50,1,21604050,21604050
2016|youth_c|B01|21604|3,12,57,57,1,21604057,21604057
2016|youth_c|B01|21604|3,13,61,63,3,21604061,21604063
2016|youth_c|B01|21604|3,14,65,66,2,21604065,21604066
2016|youth_c|B01|21604|3,15,71,71,1,21604071,21604071
2016|youth_c|B01|21604|3,16,73,73,1,21604073,21604073
2016|youth_c|B01|21604|3,17,75,75,1,21604075,21604075
2016|youth_c|B01|21604|3,18,77,77,1,21604077,21604077
2016|youth_c|B01|21604|3,19,82,82,1,21604082,21604082
2016|youth_c|B01|21604|3,20,85,85,1,21604085,21604085
2016|youth_c|B01|21604|3,21,89,89,1,21604089,21604089
2016|youth_c|B02|21601|3,1,161,161,1,21601161,21601161
2016|youth_c|B02|21603|3,1,1,5,5,21603001,21603005
2016|youth_c|B02|21603|3,2,9,11,3,21603009,21603011
2016|youth_c|B02|21603|3,3,16,17,2,21603016,21603017
2016|youth_c|B02|21603|3,4,23,24,2,21603023,21603024
2016|youth_c|B02|21603|3,5,26,26,1,21603026,21603026
2016|youth_c|B02|21603|3,6,29,29,1,21603029,21603029
2016|youth_c|B02|21603|3,7,31,31,1,21603031,21603031
2016|youth_c|B02|21603|3,8,34,34,1,21603034,21603034
2016|youth_c|B02|21603|3,9,36,36,1,21603036,21603036
2016|youth_c|B02|21603|3,10,39,39,1,21603039,21603039
2016|youth_c|B02|21603|3,11,44,44,1,21603044,21603044
2016|youth_c|B02|21603|3,12,46,47,2,21603046,21603047
2016|youth_c|B02|21603|3,13,53,55,3,21603053,21603055
2016|youth_c|B02|21603|3,14,58,58,1,21603058,21603058
2016|youth_c|B02|21603|3,15,61,61,1,21603061,21603061
2016|youth_c|B02|21603|3,16,64,66,3,21603064,21603066
2016|youth_c|B02|21603|3,17,68,69,2,21603068,21603069
2016|youth_c|B02|21603|3,18,72,73,2,21603072,21603073
2016|youth_c|B02|21603|3,19,75,75,1,21603075,21603075
2016|youth_c|B02|21603|3,20,77,80,4,21603077,21603080
2016|youth_c|B02|21603|3,21,84,86,3,21603084,21603086
2016|youth_c|B02|21603|3,22,88,90,3,21603088,21603090
2016|youth_c|B02|21603|3,23,98,99,2,21603098,21603099
2016|youth_c|B02|21603|3,24,101,103,3,21603101,21603103
2016|youth_c|B02|21603|3,25,107,107,1,21603107,21603107
2016|youth_c|B02|21603|3,26,110,110,1,21603110,21603110
2016|youth_c|B02|21603|3,27,112,112,1,21603112,21603112
2016|youth_c|B02|21603|3,28,115,115,1,21603115,21603115
2016|youth_c|B02|21603|3,29,118,118,1,21603118,21603118
2016|youth_c|B02|21603|3,30,120,120,1,21603120,21603120
2016|youth_c|B02|21603|3,31,122,124,3,21603122,21603124
2016|youth_c|B02|21603|3,32,127,129,3,21603127,21603129
2016|youth_c|B02|21603|3,33,134,136,3,21603134,21603136
2016|youth_c|B02|21603|3,34,138,139,2,21603138,21603139
2016|youth_c|B02|21603|3,35,143,143,1,21603143,21603143
2016|youth_c|B02|21603|3,36,148,151,4,21603148,21603151
2016|youth_c|B02|21603|3,37,153,153,1,21603153,21603153
2016|youth_c|B02|21603|3,38,156,157,2,21603156,21603157
2016|youth_c|B02|21603|3,39,159,159,1,21603159,21603159
2016|youth_c|B02|21603|3,40,166,166,1,21603166,21603166
2016|youth_c|B02|21603|3,41,168,168,1,21603168,21603168
2016|youth_c|B02|21603|3,42,170,171,2,21603170,21603171
2016|youth_c|B02|21603|3,43,175,177,3,21603175,21603177
2016|youth_c|B02|21603|3,44,181,181,1,21603181,21603181
2016|youth_c|B02|21603|3,45,183,184,2,21603183,21603184
2016|youth_c|B02|21603|3,46,186,188,3,21603186,21603188
2016|youth_c|B02|21603|3,47,190,191,2,21603190,21603191
2016|youth_c|B02|21603|3,48,194,194,1,21603194,21603194
2016|youth_c|B02|21603|3,49,196,196,1,21603196,21603196
2016|youth_c|B02|21603|3,50,198,198,1,21603198,21603198
2016|youth_c|B02|21603|3,51,201,201,1,21603201,21603201
2016|youth_c|B02|21603|3,52,204,204,1,21603204,21603204
2016|youth_c|B02|21603|3,53,207,209,3,21603207,21603209
2016|youth_c|B02|21603|3,54,212,216,5,21603212,21603216
2016|youth_c|B02|21603|3,55,218,225,8,21603218,21603225
2016|youth_c|B02|21603|3,56,228,230,3,21603228,21603230
2016|youth_c|B02|21603|3,57,233,236,4,21603233,21603236
2016|youth_c|B02|21603|3,58,239,240,2,21603239,21603240
2016|youth_c|B02|21603|3,59,244,250,7,21603244,21603250
2016|youth_c|B02|21603|3,60,253,259,7,21603253,21603259
2016|youth_c|B02|21603|3,61,263,264,2,21603263,21603264
2016|youth_c|B02|21603|3,62,271,271,1,21603271,21603271
2016|youth_c|B02|21603|3,63,273,273,1,21603273,21603273
2016|youth_c|B02|21603|3,64,276,277,2,21603276,21603277
2016|youth_c|B02|21603|3,65,280,280,1,21603280,21603280
2016|youth_c|B02|21604|3,1,44,44,1,21604044,21604044
2016|youth_c|B02|21604|3,2,70,70,1,21604070,21604070
2016|youth_c|B02|21605|3,1,67,67,1,21605067,21605067
2016|youth_c|B02|21605|3,2,102,102,1,21605102,21605102
2016|youth_c|B03|21601|3,1,5,5,1,21601005,21601005
2016|youth_c|B03|21601|3,2,17,17,1,21601017,21601017
2016|youth_c|B03|21601|3,3,38,38,1,21601038,21601038
2016|youth_c|B03|21601|3,4,40,40,1,21601040,21601040
2016|youth_c|B03|21601|3,5,54,54,1,21601054,21601054
2016|youth_c|B03|21601|3,6,70,70,1,21601070,21601070
2016|youth_c|B03|21601|3,7,117,117,1,21601117,21601117
2016|youth_c|B03|21601|3,8,153,153,1,21601153,21601153
2016|youth_c|B03|21601|3,9,165,165,1,21601165,21601165
2016|youth_c|B03|21601|3,10,171,171,1,21601171,21601171
2016|youth_c|B03|21601|3,11,188,188,1,21601188,21601188
2016|youth_c|B03|21601|3,12,211,211,1,21601211,21601211
2016|youth_c|B03|21602|3,1,85,85,1,21602085,21602085
2016|youth_c|B03|21602|3,2,116,116,1,21602116,21602116
2016|youth_c|B03|21602|3,3,149,149,1,21602149,21602149
2016|youth_c|B03|21603|3,1,6,6,1,21603006,21603006
2016|youth_c|B03|21603|3,2,12,13,2,21603012,21603013
2016|youth_c|B03|21603|3,3,15,15,1,21603015,21603015
2016|youth_c|B03|21603|3,4,20,22,3,21603020,21603022
2016|youth_c|B03|21603|3,5,28,28,1,21603028,21603028
2016|youth_c|B03|21603|3,6,32,33,2,21603032,21603033
2016|youth_c|B03|21603|3,7,35,35,1,21603035,21603035
2016|youth_c|B03|21603|3,8,37,37,1,21603037,21603037
2016|youth_c|B03|21603|3,9,43,43,1,21603043,21603043
2016|youth_c|B03|21603|3,10,49,49,1,21603049,21603049
2016|youth_c|B03|21603|3,11,52,52,1,21603052,21603052
2016|youth_c|B03|21603|3,12,56,57,2,21603056,21603057
2016|youth_c|B03|21603|3,13,59,60,2,21603059,21603060
2016|youth_c|B03|21603|3,14,62,63,2,21603062,21603063
2016|youth_c|B03|21603|3,15,67,67,1,21603067,21603067
2016|youth_c|B03|21603|3,16,74,74,1,21603074,21603074
2016|youth_c|B03|21603|3,17,76,76,1,21603076,21603076
2016|youth_c|B03|21603|3,18,81,83,3,21603081,21603083
2016|youth_c|B03|21603|3,19,87,87,1,21603087,21603087
2016|youth_c|B03|21603|3,20,91,92,2,21603091,21603092
2016|youth_c|B03|21603|3,21,95,97,3,21603095,21603097
2016|youth_c|B03|21603|3,22,109,109,1,21603109,21603109
2016|youth_c|B03|21603|3,23,111,111,1,21603111,21603111
2016|youth_c|B03|21603|3,24,114,114,1,21603114,21603114
2016|youth_c|B03|21603|3,25,116,117,2,21603116,21603117
2016|youth_c|B03|21603|3,26,119,119,1,21603119,21603119
2016|youth_c|B03|21603|3,27,130,133,4,21603130,21603133
2016|youth_c|B03|21603|3,28,137,137,1,21603137,21603137
2016|youth_c|B03|21603|3,29,142,142,1,21603142,21603142
2016|youth_c|B03|21603|3,30,144,146,3,21603144,21603146
2016|youth_c|B03|21603|3,31,152,152,1,21603152,21603152
2016|youth_c|B03|21603|3,32,155,155,1,21603155,21603155
2016|youth_c|B03|21603|3,33,160,161,2,21603160,21603161
2016|youth_c|B03|21603|3,34,164,165,2,21603164,21603165
2016|youth_c|B03|21603|3,35,169,169,1,21603169,21603169
2016|youth_c|B03|21603|3,36,173,174,2,21603173,21603174
2016|youth_c|B03|21603|3,37,178,178,1,21603178,21603178
2016|youth_c|B03|21603|3,38,180,180,1,21603180,21603180
2016|youth_c|B03|21603|3,39,182,182,1,21603182,21603182
2016|youth_c|B03|21603|3,40,185,185,1,21603185,21603185
2016|youth_c|B03|21603|3,41,189,189,1,21603189,21603189
2016|youth_c|B03|21603|3,42,193,193,1,21603193,21603193
2016|youth_c|B03|21603|3,43,195,195,1,21603195,21603195
2016|youth_c|B03|21603|3,44,199,200,2,21603199,21603200
2016|youth_c|B03|21603|3,45,203,203,1,21603203,21603203
2016|youth_c|B03|21603|3,46,205,206,2,21603205,21603206
2016|youth_c|B03|21603|3,47,211,211,1,21603211,21603211
2016|youth_c|B03|21603|3,48,227,227,1,21603227,21603227
2016|youth_c|B03|21603|3,49,232,232,1,21603232,21603232
2016|youth_c|B03|21603|3,50,237,238,2,21603237,21603238
2016|youth_c|B03|21603|3,51,241,243,3,21603241,21603243
2016|youth_c|B03|21603|3,52,252,252,1,21603252,21603252
2016|youth_c|B03|21603|3,53,261,261,1,21603261,21603261
2016|youth_c|B03|21603|3,54,265,266,2,21603265,21603266
2016|youth_c|B03|21603|3,55,270,270,1,21603270,21603270
2016|youth_c|B03|21603|3,56,274,275,2,21603274,21603275
2016|youth_c|B03|21603|3,57,278,279,2,21603278,21603279
2016|youth_c|B03|21604|3,1,9,9,1,21604009,21604009
2016|youth_c|B03|21604|3,2,24,24,1,21604024,21604024
2016|youth_c|B03|21604|3,3,31,31,1,21604031,21604031
2016|youth_c|B03|21604|3,4,47,47,1,21604047,21604047
2016|youth_c|B03|21604|3,5,54,54,1,21604054,21604054
2016|youth_c|B03|21604|3,6,58,58,1,21604058,21604058
2016|youth_c|B03|21604|3,7,60,60,1,21604060,21604060
2016|youth_c|B03|21604|3,8,64,64,1,21604064,21604064
2016|youth_c|B03|21604|3,9,74,74,1,21604074,21604074
2016|youth_c|B03|21604|3,10,86,88,3,21604086,21604088
2016|youth_c|B03|21604|3,11,94,94,1,21604094,21604094
2016|youth_c|B03|21605|3,1,41,41,1,21605041,21605041
2016|youth_c|B03|21605|3,2,66,66,1,21605066,21605066
2016|youth_c|B03|21605|3,3,119,119,1,21605119,21605119
2016|youth_c|B03|21605|3,4,123,123,1,21605123,21605123
2016|youth_c|B04|21602|3,1,164,164,1,21602164,21602164
2016|youth_c|B04|21602|3,2,200,200,1,21602200,21602200
2016|youth_c|B04|21605|3,1,1,40,40,21605001,21605040
2016|youth_c|B04|21605|3,2,42,65,24,21605042,21605065
2016|youth_c|B04|21605|3,3,68,101,34,21605068,21605101
2016|youth_c|B04|21605|3,4,103,118,16,21605103,21605118
2016|youth_c|B04|21605|3,5,120,122,3,21605120,21605122
2016|youth_c|B04|21605|3,6,124,164,41,21605124,21605164
2016|youth_c|B05|21601|3,1,11,11,1,21601011,21601011
2016|youth_c|B05|21601|3,2,13,13,1,21601013,21601013
2016|youth_c|B05|21601|3,3,16,16,1,21601016,21601016
2016|youth_c|B05|21601|3,4,18,18,1,21601018,21601018
2016|youth_c|B05|21601|3,5,20,22,3,21601020,21601022
2016|youth_c|B05|21601|3,6,37,37,1,21601037,21601037
2016|youth_c|B05|21601|3,7,42,42,1,21601042,21601042
2016|youth_c|B05|21601|3,8,55,57,3,21601055,21601057
2016|youth_c|B05|21601|3,9,64,64,1,21601064,21601064
2016|youth_c|B05|21601|3,10,67,68,2,21601067,21601068
2016|youth_c|B05|21601|3,11,78,79,2,21601078,21601079
2016|youth_c|B05|21601|3,12,81,81,1,21601081,21601081
2016|youth_c|B05|21601|3,13,83,83,1,21601083,21601083
2016|youth_c|B05|21601|3,14,89,89,1,21601089,21601089
2016|youth_c|B05|21601|3,15,91,91,1,21601091,21601091
2016|youth_c|B05|21601|3,16,101,101,1,21601101,21601101
2016|youth_c|B05|21601|3,17,108,108,1,21601108,21601108
2016|youth_c|B05|21601|3,18,113,113,1,21601113,21601113
2016|youth_c|B05|21601|3,19,118,123,6,21601118,21601123
2016|youth_c|B05|21601|3,20,128,129,2,21601128,21601129
2016|youth_c|B05|21601|3,21,133,133,1,21601133,21601133
2016|youth_c|B05|21601|3,22,136,137,2,21601136,21601137
2016|youth_c|B05|21601|3,23,141,141,1,21601141,21601141
2016|youth_c|B05|21601|3,24,144,144,1,21601144,21601144
2016|youth_c|B05|21601|3,25,147,147,1,21601147,21601147
2016|youth_c|B05|21601|3,26,151,151,1,21601151,21601151
2016|youth_c|B05|21601|3,27,159,159,1,21601159,21601159
2016|youth_c|B05|21601|3,28,162,162,1,21601162,21601162
2016|youth_c|B05|21601|3,29,172,172,1,21601172,21601172
2016|youth_c|B05|21601|3,30,176,176,1,21601176,21601176
2016|youth_c|B05|21601|3,31,178,178,1,21601178,21601178
2016|youth_c|B05|21601|3,32,189,189,1,21601189,21601189
2016|youth_c|B05|21601|3,33,191,191,1,21601191,21601191
2016|youth_c|B05|21601|3,34,195,199,5,21601195,21601199
2016|youth_c|B05|21601|3,35,205,205,1,21601205,21601205
2016|youth_c|B05|21601|3,36,213,213,1,21601213,21601213
2016|youth_c|B05|21602|3,1,2,2,1,21602002,21602002
2016|youth_c|B05|21602|3,2,13,14,2,21602013,21602014
2016|youth_c|B05|21602|3,3,71,71,1,21602071,21602071
2016|youth_c|B05|21602|3,4,93,93,1,21602093,21602093
2016|youth_c|B05|21602|3,5,106,106,1,21602106,21602106
2016|youth_c|B05|21602|3,6,113,113,1,21602113,21602113
2016|youth_c|B05|21602|3,7,170,170,1,21602170,21602170
2016|youth_c|B05|21602|3,8,176,176,1,21602176,21602176
2016|youth_c|B05|21602|3,9,195,195,1,21602195,21602195
2016|youth_c|B05|21602|3,10,208,208,1,21602208,21602208
2016|youth_c|B05|21603|3,1,7,8,2,21603007,21603008
2016|youth_c|B05|21603|3,2,14,14,1,21603014,21603014
2016|youth_c|B05|21603|3,3,18,19,2,21603018,21603019
2016|youth_c|B05|21603|3,4,27,27,1,21603027,21603027
2016|youth_c|B05|21603|3,5,38,38,1,21603038,21603038
2016|youth_c|B05|21603|3,6,45,45,1,21603045,21603045
2016|youth_c|B05|21603|3,7,70,70,1,21603070,21603070
2016|youth_c|B05|21603|3,8,104,105,2,21603104,21603105
2016|youth_c|B05|21603|3,9,113,113,1,21603113,21603113
2016|youth_c|B05|21603|3,10,140,140,1,21603140,21603140
2016|youth_c|B05|21603|3,11,158,158,1,21603158,21603158
2016|youth_c|B05|21603|3,12,172,172,1,21603172,21603172
2016|youth_c|B05|21603|3,13,210,210,1,21603210,21603210
2016|youth_c|B05|21603|3,14,251,251,1,21603251,21603251
2016|youth_c|B05|21604|3,1,5,6,2,21604005,21604006
2016|youth_c|B05|21604|3,2,8,8,1,21604008,21604008
2016|youth_c|B05|21604|3,3,10,11,2,21604010,21604011
2016|youth_c|B05|21604|3,4,15,17,3,21604015,21604017
2016|youth_c|B05|21604|3,5,21,23,3,21604021,21604023
2016|youth_c|B05|21604|3,6,25,26,2,21604025,21604026
2016|youth_c|B05|21604|3,7,28,28,1,21604028,21604028
2016|youth_c|B05|21604|3,8,32,36,5,21604032,21604036
2016|youth_c|B05|21604|3,9,38,39,2,21604038,21604039
2016|youth_c|B05|21604|3,10,42,43,2,21604042,21604043
2016|youth_c|B05|21604|3,11,45,45,1,21604045,21604045
2016|youth_c|B05|21604|3,12,48,49,2,21604048,21604049
2016|youth_c|B05|21604|3,13,51,52,2,21604051,21604052
2016|youth_c|B05|21604|3,14,55,56,2,21604055,21604056
2016|youth_c|B05|21604|3,15,59,59,1,21604059,21604059
2016|youth_c|B05|21604|3,16,67,69,3,21604067,21604069
2016|youth_c|B05|21604|3,17,72,72,1,21604072,21604072
2016|youth_c|B05|21604|3,18,76,76,1,21604076,21604076
2016|youth_c|B05|21604|3,19,78,81,4,21604078,21604081
2016|youth_c|B05|21604|3,20,83,84,2,21604083,21604084
2016|youth_c|B05|21604|3,21,90,93,4,21604090,21604093
2016|youth_c|B05|21604|3,22,95,95,1,21604095,21604095
2016|youth_c|B06|21601|3,1,33,33,1,21601033,21601033
2016|youth_c|B06|21601|3,2,110,110,1,21601110,21601110
2016|youth_c|B06|21601|3,3,131,131,1,21601131,21601131
2016|youth_c|B06|21601|3,4,166,169,4,21601166,21601169
2016|youth_c|B06|21601|3,5,179,179,1,21601179,21601179
2016|youth_c|B06|21601|3,6,200,202,3,21601200,21601202
2016|youth_c|B06|21601|3,7,204,204,1,21601204,21601204
2016|youth_c|B06|21601|3,8,207,207,1,21601207,21601207
2016|youth_c|B06|21603|3,1,25,25,1,21603025,21603025
2016|youth_c|B06|21607|3,1,1,178,178,21607001,21607178
2016|youth_c|B07|21601|3,1,1,1,1,21601001,21601001
2016|youth_c|B07|21601|3,2,10,10,1,21601010,21601010
2016|youth_c|B07|21601|3,3,24,25,2,21601024,21601025
2016|youth_c|B07|21601|3,4,34,34,1,21601034,21601034
2016|youth_c|B07|21601|3,5,46,46,1,21601046,21601046
2016|youth_c|B07|21601|3,6,76,76,1,21601076,21601076
2016|youth_c|B07|21601|3,7,112,112,1,21601112,21601112
2016|youth_c|B07|21601|3,8,124,124,1,21601124,21601124
2016|youth_c|B07|21601|3,9,142,142,1,21601142,21601142
2016|youth_c|B07|21601|3,10,158,158,1,21601158,21601158
2016|youth_c|B07|21601|3,11,175,175,1,21601175,21601175
2016|youth_c|B07|21601|3,12,206,206,1,21601206,21601206
2016|youth_c|B07|21601|3,13,208,210,3,21601208,21601210
2016|youth_c|B07|21602|3,1,3,3,1,21602003,21602003
2016|youth_c|B07|21602|3,2,9,9,1,21602009,21602009
2016|youth_c|B07|21602|3,3,20,20,1,21602020,21602020
2016|youth_c|B07|21602|3,4,22,22,1,21602022,21602022
2016|youth_c|B07|21602|3,5,24,24,1,21602024,21602024
2016|youth_c|B07|21602|3,6,31,31,1,21602031,21602031
2016|youth_c|B07|21602|3,7,33,33,1,21602033,21602033
2016|youth_c|B07|21602|3,8,38,39,2,21602038,21602039
2016|youth_c|B07|21602|3,9,42,43,2,21602042,21602043
2016|youth_c|B07|21602|3,10,45,45,1,21602045,21602045
2016|youth_c|B07|21602|3,11,47,48,2,21602047,21602048
2016|youth_c|B07|21602|3,12,54,54,1,21602054,21602054
2016|youth_c|B07|21602|3,13,60,60,1,21602060,21602060
2016|youth_c|B07|21602|3,14,63,63,1,21602063,21602063
2016|youth_c|B07|21602|3,15,68,68,1,21602068,21602068
2016|youth_c|B07|21602|3,16,76,77,2,21602076,21602077
2016|youth_c|B07|21602|3,17,79,79,1,21602079,21602079
2016|youth_c|B07|21602|3,18,81,82,2,21602081,21602082
2016|youth_c|B07|21602|3,19,84,84,1,21602084,21602084
2016|youth_c|B07|21602|3,20,90,90,1,21602090,21602090
2016|youth_c|B07|21602|3,21,92,92,1,21602092,21602092
2016|youth_c|B07|21602|3,22,102,103,2,21602102,21602103
2016|youth_c|B07|21602|3,23,109,110,2,21602109,21602110
2016|youth_c|B07|21602|3,24,117,118,2,21602117,21602118
2016|youth_c|B07|21602|3,25,121,121,1,21602121,21602121
2016|youth_c|B07|21602|3,26,129,129,1,21602129,21602129
2016|youth_c|B07|21602|3,27,132,134,3,21602132,21602134
2016|youth_c|B07|21602|3,28,137,138,2,21602137,21602138
2016|youth_c|B07|21602|3,29,140,140,1,21602140,21602140
2016|youth_c|B07|21602|3,30,146,147,2,21602146,21602147
2016|youth_c|B07|21602|3,31,152,152,1,21602152,21602152
2016|youth_c|B07|21602|3,32,159,159,1,21602159,21602159
2016|youth_c|B07|21602|3,33,162,162,1,21602162,21602162
2016|youth_c|B07|21602|3,34,166,166,1,21602166,21602166
2016|youth_c|B07|21602|3,35,171,171,1,21602171,21602171
2016|youth_c|B07|21602|3,36,177,178,2,21602177,21602178
2016|youth_c|B07|21602|3,37,180,181,2,21602180,21602181
2016|youth_c|B07|21602|3,38,186,186,1,21602186,21602186
2016|youth_c|B07|21602|3,39,189,189,1,21602189,21602189
2016|youth_c|B07|21602|3,40,212,212,1,21602212,21602212
2016|youth_c|B07|21602|3,41,216,216,1,21602216,21602216
2016|youth_c|B07|21602|3,42,219,220,2,21602219,21602220
2016|youth_c|B07|21602|3,43,222,222,1,21602222,21602222
2016|youth_c|B07|21602|3,44,226,227,2,21602226,21602227
2016|youth_c|B07|21602|3,45,234,235,2,21602234,21602235
2016|youth_c|B07|21602|3,46,240,240,1,21602240,21602240
2016|youth_c|B07|21602|3,47,242,243,2,21602242,21602243
2016|youth_c|B07|21602|3,48,247,247,1,21602247,21602247
2016|youth_c|B07|21602|3,49,250,250,1,21602250,21602250
2016|youth_c|B07|21602|3,50,252,252,1,21602252,21602252
2016|youth_c|B07|21602|3,51,254,255,2,21602254,21602255
2016|youth_c|B07|21602|3,52,257,257,1,21602257,21602257
2016|youth_c|B07|21603|3,1,51,51,1,21603051,21603051
2016|youth_c|B07|21603|3,2,71,71,1,21603071,21603071
2016|youth_c|B07|21603|3,3,100,100,1,21603100,21603100
2016|youth_c|B07|21603|3,4,106,106,1,21603106,21603106
2016|youth_c|B07|21603|3,5,121,121,1,21603121,21603121
2016|youth_c|B07|21603|3,6,126,126,1,21603126,21603126
2016|youth_c|B07|21603|3,7,147,147,1,21603147,21603147
2016|youth_c|B07|21603|3,8,163,163,1,21603163,21603163
2016|youth_c|B07|21603|3,9,217,217,1,21603217,21603217
2016|youth_c|B07|21603|3,10,262,262,1,21603262,21603262
2016|youth_c|B07|21603|3,11,268,269,2,21603268,21603269
2016|youth_c|B08|21602|3,1,34,34,1,21602034,21602034
2016|youth_c|B08|21602|3,2,196,196,1,21602196,21602196
2016|youth_c|B08|21603|3,1,202,202,1,21603202,21603202
2016|youth_c|B08|21606|3,1,1,262,262,21606001,21606262
2016|youth_c|B09|21603|3,1,30,30,1,21603030,21603030
2016|youth_c|B09|21603|3,2,40,41,2,21603040,21603041
2016|youth_c|B09|21603|3,3,48,48,1,21603048,21603048
2016|youth_c|B09|21603|3,4,50,50,1,21603050,21603050
2016|youth_c|B09|21603|3,5,93,94,2,21603093,21603094
2016|youth_c|B09|21603|3,6,108,108,1,21603108,21603108
2016|youth_c|B09|21603|3,7,125,125,1,21603125,21603125
2016|youth_c|B09|21603|3,8,141,141,1,21603141,21603141
2016|youth_c|B09|21603|3,9,154,154,1,21603154,21603154
2016|youth_c|B09|21603|3,10,162,162,1,21603162,21603162
2016|youth_c|B09|21603|3,11,167,167,1,21603167,21603167
2016|youth_c|B09|21603|3,12,179,179,1,21603179,21603179
2016|youth_c|B09|21603|3,13,192,192,1,21603192,21603192
2016|youth_c|B09|21603|3,14,197,197,1,21603197,21603197
2016|youth_c|B09|21603|3,15,231,231,1,21603231,21603231
2016|youth_c|B09|21603|3,16,260,260,1,21603260,21603260
2016|youth_c|B09|21603|3,17,267,267,1,21603267,21603267
2016|youth_c|B09|21603|3,18,272,272,1,21603272,21603272
2016|youth_c|B09|21604|3,1,3,3,1,21604003,21604003
2016|youth_c|B09|21604|3,2,12,12,1,21604012,21604012
2016|youth_c|B09|21604|3,3,40,40,1,21604040,21604040
2016|youth_c|B09|21604|3,4,53,53,1,21604053,21604053
2017|general|B01|21771|3,1,2,5,4,21771002,21771005
2017|general|B01|21771|3,2,9,9,1,21771009,21771009
2017|general|B01|21771|3,3,11,12,2,21771011,21771012
2017|general|B01|21771|3,4,17,17,1,21771017,21771017
2017|general|B01|21771|3,5,19,20,2,21771019,21771020
2017|general|B01|21771|3,6,24,34,11,21771024,21771034
2017|general|B01|21771|3,7,43,44,2,21771043,21771044
2017|general|B01|21771|3,8,46,46,1,21771046,21771046
2017|general|B01|21771|3,9,48,48,1,21771048,21771048
2017|general|B01|21771|3,10,50,55,6,21771050,21771055
2017|general|B01|21771|3,11,57,57,1,21771057,21771057
2017|general|B01|21771|3,12,61,61,1,21771061,21771061
2017|general|B01|21771|3,13,63,63,1,21771063,21771063
2017|general|B01|21771|3,14,65,67,3,21771065,21771067
2017|general|B01|21771|3,15,70,72,3,21771070,21771072
2017|general|B01|21771|3,16,75,78,4,21771075,21771078
2017|general|B01|21771|3,17,83,86,4,21771083,21771086
2017|general|B01|21771|3,18,88,91,4,21771088,21771091
2017|general|B01|21771|3,19,94,102,9,21771094,21771102
2017|general|B01|21771|3,20,104,104,1,21771104,21771104
2017|general|B01|21771|3,21,110,112,3,21771110,21771112
2017|general|B01|21771|3,22,114,115,2,21771114,21771115
2017|general|B01|21771|3,23,120,122,3,21771120,21771122
2017|general|B01|21771|3,24,130,131,2,21771130,21771131
2017|general|B01|21771|3,25,134,136,3,21771134,21771136
2017|general|B01|21771|3,26,138,142,5,21771138,21771142
2017|general|B01|21771|3,27,144,146,3,21771144,21771146
2017|general|B01|21771|3,28,151,155,5,21771151,21771155
2017|general|B01|21771|3,29,157,158,2,21771157,21771158
2017|general|B01|21771|3,30,163,163,1,21771163,21771163
2017|general|B01|21771|3,31,165,165,1,21771165,21771165
2017|general|B01|21771|3,32,171,172,2,21771171,21771172
2017|general|B01|21771|3,33,177,178,2,21771177,21771178
2017|general|B01|21771|3,34,184,186,3,21771184,21771186
2017|general|B01|21771|3,35,190,198,9,21771190,21771198
2017|general|B01|21772|3,1,1,4,4,21772001,21772004
2017|general|B01|21772|3,2,8,19,12,21772008,21772019
2017|general|B01|21772|3,3,21,24,4,21772021,21772024
2017|general|B01|21772|3,4,26,26,1,21772026,21772026
2017|general|B01|21772|3,5,29,30,2,21772029,21772030
2017|general|B01|21772|3,6,32,46,15,21772032,21772046
2017|general|B01|21772|3,7,51,55,5,21772051,21772055
2017|general|B01|21772|3,8,61,64,4,21772061,21772064
2017|general|B01|21772|3,9,66,67,2,21772066,21772067
2017|general|B01|21772|3,10,69,79,11,21772069,21772079
2017|general|B01|21772|3,11,81,83,3,21772081,21772083
2017|general|B01|21772|3,12,85,93,9,21772085,21772093
2017|general|B01|21772|3,13,95,97,3,21772095,21772097
2017|general|B01|21772|3,14,99,100,2,21772099,21772100
2017|general|B01|21772|3,15,105,105,1,21772105,21772105
2017|general|B01|21772|3,16,107,109,3,21772107,21772109
2017|general|B01|21772|3,17,111,113,3,21772111,21772113
2017|general|B01|21772|3,18,115,123,9,21772115,21772123
2017|general|B01|21772|3,19,125,129,5,21772125,21772129
2017|general|B01|21772|3,20,133,142,10,21772133,21772142
2017|general|B01|21772|3,21,147,148,2,21772147,21772148
2017|general|B01|21772|3,22,150,156,7,21772150,21772156
2017|general|B01|21772|3,23,158,173,16,21772158,21772173
2017|general|B01|21772|3,24,175,179,5,21772175,21772179
2017|general|B01|21772|3,25,181,187,7,21772181,21772187
2017|general|B01|21772|3,26,189,191,3,21772189,21772191
2017|general|B01|21772|3,27,194,200,7,21772194,21772200
2017|general|B01|21772|3,28,202,205,4,21772202,21772205
2017|general|B01|21772|3,29,208,209,2,21772208,21772209
2017|general|B01|21772|3,30,211,211,1,21772211,21772211
2017|general|B01|21772|3,31,215,225,11,21772215,21772225
2017|general|B01|21772|3,32,231,231,1,21772231,21772231
2017|general|B01|21772|3,33,236,240,5,21772236,21772240
2017|general|B01|21774|3,1,6,6,1,21774006,21774006
2017|general|B01|21774|3,2,9,9,1,21774009,21774009
2017|general|B01|21774|3,3,14,14,1,21774014,21774014
2017|general|B01|21774|3,4,16,18,3,21774016,21774018
2017|general|B01|21774|3,5,22,23,2,21774022,21774023
2017|general|B01|21774|3,6,33,34,2,21774033,21774034
2017|general|B01|21774|3,7,37,38,2,21774037,21774038
2017|general|B01|21774|3,8,40,42,3,21774040,21774042
2017|general|B01|21774|3,9,49,50,2,21774049,21774050
2017|general|B01|21774|3,10,61,61,1,21774061,21774061
2017|general|B01|21774|3,11,65,65,1,21774065,21774065
2017|general|B01|21774|3,12,71,72,2,21774071,21774072
2017|general|B01|21774|3,13,76,76,1,21774076,21774076
2017|general|B01|21774|3,14,80,85,6,21774080,21774085
2017|general|B01|21774|3,15,95,95,1,21774095,21774095
2017|general|B01|21774|3,16,102,103,2,21774102,21774103
2017|general|B01|21774|3,17,107,108,2,21774107,21774108
2017|general|B01|21774|3,18,112,113,2,21774112,21774113
2017|general|B01|21774|3,19,115,115,1,21774115,21774115
2017|general|B01|21774|3,20,118,119,2,21774118,21774119
2017|general|B01|21774|3,21,126,126,1,21774126,21774126
2017|general|B01|21774|3,22,132,132,1,21774132,21774132
2017|general|B01|21774|3,23,139,141,3,21774139,21774141
2017|general|B01|21774|3,24,143,143,1,21774143,21774143
2017|general|B02|21771|3,1,132,132,1,21771132,21771132
2017|general|B02|21773|3,1,5,6,2,21773005,21773006
2017|general|B02|21773|3,2,8,8,1,21773008,21773008
2017|general|B02|21773|3,3,16,16,1,21773016,21773016
2017|general|B02|21773|3,4,19,19,1,21773019,21773019
2017|general|B02|21773|3,5,21,23,3,21773021,21773023
2017|general|B02|21773|3,6,30,31,2,21773030,21773031
2017|general|B02|21773|3,7,33,34,2,21773033,21773034
2017|general|B02|21773|3,8,36,36,1,21773036,21773036
2017|general|B02|21773|3,9,41,43,3,21773041,21773043
2017|general|B02|21773|3,10,45,47,3,21773045,21773047
2017|general|B02|21773|3,11,51,53,3,21773051,21773053
2017|general|B02|21773|3,12,56,56,1,21773056,21773056
2017|general|B02|21773|3,13,61,62,2,21773061,21773062
2017|general|B02|21773|3,14,67,71,5,21773067,21773071
2017|general|B02|21773|3,15,74,74,1,21773074,21773074
2017|general|B02|21773|3,16,86,86,1,21773086,21773086
2017|general|B02|21773|3,17,88,90,3,21773088,21773090
2017|general|B02|21773|3,18,92,94,3,21773092,21773094
2017|general|B02|21773|3,19,96,96,1,21773096,21773096
2017|general|B02|21773|3,20,99,99,1,21773099,21773099
2017|general|B02|21773|3,21,103,103,1,21773103,21773103
2017|general|B02|21773|3,22,106,114,9,21773106,21773114
2017|general|B02|21773|3,23,127,129,3,21773127,21773129
2017|general|B02|21773|3,24,133,133,1,21773133,21773133
2017|general|B02|21773|3,25,135,136,2,21773135,21773136
2017|general|B02|21773|3,26,140,150,11,21773140,21773150
2017|general|B02|21773|3,27,153,153,1,21773153,21773153
2017|general|B02|21773|3,28,156,156,1,21773156,21773156
2017|general|B02|21773|3,29,161,161,1,21773161,21773161
2017|general|B02|21773|3,30,166,166,1,21773166,21773166
2017|general|B02|21773|3,31,171,176,6,21773171,21773176
2017|general|B02|21773|3,32,179,179,1,21773179,21773179
2017|general|B02|21773|3,33,183,184,2,21773183,21773184
2017|general|B02|21773|3,34,189,189,1,21773189,21773189
2017|general|B02|21773|3,35,194,199,6,21773194,21773199
2017|general|B02|21773|3,36,202,204,3,21773202,21773204
2017|general|B02|21773|3,37,206,207,2,21773206,21773207
2017|general|B02|21773|3,38,210,212,3,21773210,21773212
2017|general|B02|21773|3,39,218,219,2,21773218,21773219
2017|general|B02|21773|3,40,222,224,3,21773222,21773224
2017|general|B02|21773|3,41,227,234,8,21773227,21773234
2017|general|B02|21773|3,42,247,248,2,21773247,21773248
2017|general|B02|21773|3,43,259,263,5,21773259,21773263
2017|general|B02|21773|3,44,269,276,8,21773269,21773276
2017|general|B02|21773|3,45,281,286,6,21773281,21773286
2017|general|B02|21773|3,46,288,288,1,21773288,21773288
2017|general|B02|21773|3,47,290,291,2,21773290,21773291
2017|general|B02|21773|3,48,294,294,1,21773294,21773294
2017|general|B02|21773|3,49,310,311,2,21773310,21773311
2017|general|B02|21773|3,50,314,314,1,21773314,21773314
2017|general|B02|21774|3,1,24,24,1,21774024,21774024
2017|general|B02|21774|3,2,64,64,1,21774064,21774064
2017|general|B02|21774|3,3,105,105,1,21774105,21774105
2017|general|B02|21774|3,4,138,138,1,21774138,21774138
2017|general|B03|21771|3,1,49,49,1,21771049,21771049
2017|general|B03|21771|3,2,106,106,1,21771106,21771106
2017|general|B03|21771|3,3,123,123,1,21771123,21771123
2017|general|B03|21771|3,4,156,156,1,21771156,21771156
2017|general|B03|21771|3,5,161,161,1,21771161,21771161
2017|general|B03|21771|3,6,179,182,4,21771179,21771182
2017|general|B03|21771|3,7,187,187,1,21771187,21771187
2017|general|B03|21771|3,8,200,200,1,21771200,21771200
2017|general|B03|21772|3,1,20,20,1,21772020,21772020
2017|general|B03|21772|3,2,98,98,1,21772098,21772098
2017|general|B03|21772|3,3,110,110,1,21772110,21772110
2017|general|B03|21772|3,4,143,143,1,21772143,21772143
2017|general|B03|21772|3,5,188,188,1,21772188,21772188
2017|general|B03|21772|3,6,226,226,1,21772226,21772226
2017|general|B03|21773|3,1,1,4,4,21773001,21773004
2017|general|B03|21773|3,2,7,7,1,21773007,21773007
2017|general|B03|21773|3,3,10,13,4,21773010,21773013
2017|general|B03|21773|3,4,25,25,1,21773025,21773025
2017|general|B03|21773|3,5,27,27,1,21773027,21773027
2017|general|B03|21773|3,6,29,29,1,21773029,21773029
2017|general|B03|21773|3,7,32,32,1,21773032,21773032
2017|general|B03|21773|3,8,35,35,1,21773035,21773035
2017|general|B03|21773|3,9,40,40,1,21773040,21773040
2017|general|B03|21773|3,10,58,59,2,21773058,21773059
2017|general|B03|21773|3,11,63,66,4,21773063,21773066
2017|general|B03|21773|3,12,72,73,2,21773072,21773073
2017|general|B03|21773|3,13,75,75,1,21773075,21773075
2017|general|B03|21773|3,14,79,85,7,21773079,21773085
2017|general|B03|21773|3,15,87,87,1,21773087,21773087
2017|general|B03|21773|3,16,97,97,1,21773097,21773097
2017|general|B03|21773|3,17,100,102,3,21773100,21773102
2017|general|B03|21773|3,18,104,105,2,21773104,21773105
2017|general|B03|21773|3,19,117,117,1,21773117,21773117
2017|general|B03|21773|3,20,119,126,8,21773119,21773126
2017|general|B03|21773|3,21,131,132,2,21773131,21773132
2017|general|B03|21773|3,22,134,134,1,21773134,21773134
2017|general|B03|21773|3,23,137,139,3,21773137,21773139
2017|general|B03|21773|3,24,151,152,2,21773151,21773152
2017|general|B03|21773|3,25,157,160,4,21773157,21773160
2017|general|B03|21773|3,26,163,165,3,21773163,21773165
2017|general|B03|21773|3,27,169,170,2,21773169,21773170
2017|general|B03|21773|3,28,178,178,1,21773178,21773178
2017|general|B03|21773|3,29,180,182,3,21773180,21773182
2017|general|B03|21773|3,30,185,186,2,21773185,21773186
2017|general|B03|21773|3,31,190,193,4,21773190,21773193
2017|general|B03|21773|3,32,201,201,1,21773201,21773201
2017|general|B03|21773|3,33,208,209,2,21773208,21773209
2017|general|B03|21773|3,34,213,215,3,21773213,21773215
2017|general|B03|21773|3,35,217,217,1,21773217,21773217
2017|general|B03|21773|3,36,220,221,2,21773220,21773221
2017|general|B03|21773|3,37,226,226,1,21773226,21773226
2017|general|B03|21773|3,38,235,238,4,21773235,21773238
2017|general|B03|21773|3,39,240,246,7,21773240,21773246
2017|general|B03|21773|3,40,249,249,1,21773249,21773249
2017|general|B03|21773|3,41,251,258,8,21773251,21773258
2017|general|B03|21773|3,42,265,267,3,21773265,21773267
2017|general|B03|21773|3,43,277,278,2,21773277,21773278
2017|general|B03|21773|3,44,287,287,1,21773287,21773287
2017|general|B03|21773|3,45,289,289,1,21773289,21773289
2017|general|B03|21773|3,46,295,299,5,21773295,21773299
2017|general|B03|21773|3,47,302,302,1,21773302,21773302
2017|general|B03|21773|3,48,304,307,4,21773304,21773307
2017|general|B03|21773|3,49,309,309,1,21773309,21773309
2017|general|B03|21773|3,50,312,313,2,21773312,21773313
2017|general|B03|21774|3,1,2,2,1,21774002,21774002
2017|general|B03|21774|3,2,4,4,1,21774004,21774004
2017|general|B03|21774|3,3,10,11,2,21774010,21774011
2017|general|B03|21774|3,4,13,13,1,21774013,21774013
2017|general|B03|21774|3,5,25,25,1,21774025,21774025
2017|general|B03|21774|3,6,27,28,2,21774027,21774028
2017|general|B03|21774|3,7,32,32,1,21774032,21774032
2017|general|B03|21774|3,8,51,51,1,21774051,21774051
2017|general|B03|21774|3,9,57,57,1,21774057,21774057
2017|general|B03|21774|3,10,66,68,3,21774066,21774068
2017|general|B03|21774|3,11,77,77,1,21774077,21774077
2017|general|B03|21774|3,12,91,92,2,21774091,21774092
2017|general|B03|21774|3,13,98,98,1,21774098,21774098
2017|general|B03|21774|3,14,101,101,1,21774101,21774101
2017|general|B03|21774|3,15,106,106,1,21774106,21774106
2017|general|B03|21774|3,16,111,111,1,21774111,21774111
2017|general|B03|21774|3,17,116,117,2,21774116,21774117
2017|general|B03|21774|3,18,127,129,3,21774127,21774129
2017|general|B03|21774|3,19,131,131,1,21774131,21774131
2017|general|B03|21774|3,20,133,133,1,21774133,21774133
2017|general|B03|21774|3,21,135,137,3,21774135,21774137
2017|general|B03|21775|3,1,38,39,2,21775038,21775039
2017|general|B03|21775|3,2,58,58,1,21775058,21775058
2017|general|B03|21775|3,3,60,60,1,21775060,21775060
2017|general|B03|21775|3,4,76,76,1,21775076,21775076
2017|general|B03|21775|3,5,107,107,1,21775107,21775107
2017|general|B03|21775|3,6,118,118,1,21775118,21775118
2017|general|B04|21771|3,1,64,64,1,21771064,21771064
2017|general|B04|21772|3,1,193,193,1,21772193,21772193
2017|general|B04|21772|3,2,227,227,1,21772227,21772227
2017|general|B04|21775|3,1,1,37,37,21775001,21775037
2017|general|B04|21775|3,2,40,57,18,21775040,21775057
2017|general|B04|21775|3,3,59,59,1,21775059,21775059
2017|general|B04|21775|3,4,61,75,15,21775061,21775075
2017|general|B04|21775|3,5,77,106,30,21775077,21775106
2017|general|B04|21775|3,6,108,117,10,21775108,21775117
2017|general|B04|21775|3,7,119,169,51,21775119,21775169
2017|general|B05_legacy_material_energy|21771|3,1,1,1,1,21771001,21771001
2017|general|B05_legacy_material_energy|21771|3,2,6,8,3,21771006,21771008
2017|general|B05_legacy_material_energy|21771|3,3,13,16,4,21771013,21771016
2017|general|B05_legacy_material_energy|21771|3,4,18,18,1,21771018,21771018
2017|general|B05_legacy_material_energy|21771|3,5,21,21,1,21771021,21771021
2017|general|B05_legacy_material_energy|21771|3,6,35,40,6,21771035,21771040
2017|general|B05_legacy_material_energy|21771|3,7,47,47,1,21771047,21771047
2017|general|B05_legacy_material_energy|21771|3,8,56,56,1,21771056,21771056
2017|general|B05_legacy_material_energy|21771|3,9,58,60,3,21771058,21771060
2017|general|B05_legacy_material_energy|21771|3,10,62,62,1,21771062,21771062
2017|general|B05_legacy_material_energy|21771|3,11,69,69,1,21771069,21771069
2017|general|B05_legacy_material_energy|21771|3,12,79,82,4,21771079,21771082
2017|general|B05_legacy_material_energy|21771|3,13,92,92,1,21771092,21771092
2017|general|B05_legacy_material_energy|21771|3,14,107,108,2,21771107,21771108
2017|general|B05_legacy_material_energy|21771|3,15,113,113,1,21771113,21771113
2017|general|B05_legacy_material_energy|21771|3,16,117,119,3,21771117,21771119
2017|general|B05_legacy_material_energy|21771|3,17,124,125,2,21771124,21771125
2017|general|B05_legacy_material_energy|21771|3,18,127,127,1,21771127,21771127
2017|general|B05_legacy_material_energy|21771|3,19,137,137,1,21771137,21771137
2017|general|B05_legacy_material_energy|21771|3,20,143,143,1,21771143,21771143
2017|general|B05_legacy_material_energy|21771|3,21,147,147,1,21771147,21771147
2017|general|B05_legacy_material_energy|21771|3,22,149,150,2,21771149,21771150
2017|general|B05_legacy_material_energy|21771|3,23,159,160,2,21771159,21771160
2017|general|B05_legacy_material_energy|21771|3,24,162,162,1,21771162,21771162
2017|general|B05_legacy_material_energy|21771|3,25,164,164,1,21771164,21771164
2017|general|B05_legacy_material_energy|21771|3,26,166,166,1,21771166,21771166
2017|general|B05_legacy_material_energy|21771|3,27,168,170,3,21771168,21771170
2017|general|B05_legacy_material_energy|21771|3,28,173,175,3,21771173,21771175
2017|general|B05_legacy_material_energy|21771|3,29,183,183,1,21771183,21771183
2017|general|B05_legacy_material_energy|21772|3,1,80,80,1,21772080,21772080
2017|general|B05_legacy_material_energy|21772|3,2,84,84,1,21772084,21772084
2017|general|B05_legacy_material_energy|21772|3,3,106,106,1,21772106,21772106
2017|general|B05_legacy_material_energy|21772|3,4,149,149,1,21772149,21772149
2017|general|B05_legacy_material_energy|21773|3,1,44,44,1,21773044,21773044
2017|general|B05_legacy_material_energy|21773|3,2,55,55,1,21773055,21773055
2017|general|B05_legacy_material_energy|21773|3,3,78,78,1,21773078,21773078
2017|general|B05_legacy_material_energy|21773|3,4,95,95,1,21773095,21773095
2017|general|B05_legacy_material_energy|21773|3,5,98,98,1,21773098,21773098
2017|general|B05_legacy_material_energy|21773|3,6,116,116,1,21773116,21773116
2017|general|B05_legacy_material_energy|21773|3,7,130,130,1,21773130,21773130
2017|general|B05_legacy_material_energy|21773|3,8,155,155,1,21773155,21773155
2017|general|B05_legacy_material_energy|21773|3,9,162,162,1,21773162,21773162
2017|general|B05_legacy_material_energy|21773|3,10,168,168,1,21773168,21773168
2017|general|B05_legacy_material_energy|21773|3,11,200,200,1,21773200,21773200
2017|general|B05_legacy_material_energy|21773|3,12,205,205,1,21773205,21773205
2017|general|B05_legacy_material_energy|21773|3,13,216,216,1,21773216,21773216
2017|general|B05_legacy_material_energy|21773|3,14,239,239,1,21773239,21773239
2017|general|B05_legacy_material_energy|21773|3,15,292,293,2,21773292,21773293
2017|general|B05_legacy_material_energy|21773|3,16,303,303,1,21773303,21773303
2017|general|B05_legacy_material_energy|21773|3,17,308,308,1,21773308,21773308
2017|general|B05_legacy_material_energy|21773|3,18,316,316,1,21773316,21773316
2017|general|B05_legacy_material_energy|21774|3,1,1,1,1,21774001,21774001
2017|general|B05_legacy_material_energy|21774|3,2,5,5,1,21774005,21774005
2017|general|B05_legacy_material_energy|21774|3,3,7,8,2,21774007,21774008
2017|general|B05_legacy_material_energy|21774|3,4,12,12,1,21774012,21774012
2017|general|B05_legacy_material_energy|21774|3,5,15,15,1,21774015,21774015
2017|general|B05_legacy_material_energy|21774|3,6,19,21,3,21774019,21774021
2017|general|B05_legacy_material_energy|21774|3,7,29,31,3,21774029,21774031
2017|general|B05_legacy_material_energy|21774|3,8,35,36,2,21774035,21774036
2017|general|B05_legacy_material_energy|21774|3,9,39,39,1,21774039,21774039
2017|general|B05_legacy_material_energy|21774|3,10,43,47,5,21774043,21774047
2017|general|B05_legacy_material_energy|21774|3,11,52,52,1,21774052,21774052
2017|general|B05_legacy_material_energy|21774|3,12,54,56,3,21774054,21774056
2017|general|B05_legacy_material_energy|21774|3,13,59,60,2,21774059,21774060
2017|general|B05_legacy_material_energy|21774|3,14,62,63,2,21774062,21774063
2017|general|B05_legacy_material_energy|21774|3,15,69,70,2,21774069,21774070
2017|general|B05_legacy_material_energy|21774|3,16,73,75,3,21774073,21774075
2017|general|B05_legacy_material_energy|21774|3,17,78,79,2,21774078,21774079
2017|general|B05_legacy_material_energy|21774|3,18,86,90,5,21774086,21774090
2017|general|B05_legacy_material_energy|21774|3,19,93,93,1,21774093,21774093
2017|general|B05_legacy_material_energy|21774|3,20,96,96,1,21774096,21774096
2017|general|B05_legacy_material_energy|21774|3,21,99,100,2,21774099,21774100
2017|general|B05_legacy_material_energy|21774|3,22,104,104,1,21774104,21774104
2017|general|B05_legacy_material_energy|21774|3,23,109,110,2,21774109,21774110
2017|general|B05_legacy_material_energy|21774|3,24,114,114,1,21774114,21774114
2017|general|B05_legacy_material_energy|21774|3,25,120,121,2,21774120,21774121
2017|general|B05_legacy_material_energy|21774|3,26,124,125,2,21774124,21774125
2017|general|B05_legacy_material_energy|21774|3,27,134,134,1,21774134,21774134
2017|general|B05_legacy_material_energy|21774|3,28,142,142,1,21774142,21774142
2017|general|B06|21771|3,1,45,45,1,21771045,21771045
2017|general|B06|21771|3,2,74,74,1,21771074,21771074
2017|general|B06|21771|3,3,93,93,1,21771093,21771093
2017|general|B06|21771|3,4,116,116,1,21771116,21771116
2017|general|B06|21771|3,5,128,128,1,21771128,21771128
2017|general|B06|21771|3,6,133,133,1,21771133,21771133
2017|general|B06|21771|3,7,167,167,1,21771167,21771167
2017|general|B06|21771|3,8,188,189,2,21771188,21771189
2017|general|B06|21773|3,1,250,250,1,21773250,21773250
2017|general|B06|21777|3,1,1,38,38,21777001,21777038
2017|general|B06|21777|3,2,40,122,83,21777040,21777122
2017|general|B06|21777|3,3,124,199,76,21777124,21777199
2017|general|B07|21771|3,1,10,10,1,21771010,21771010
2017|general|B07|21771|3,2,22,23,2,21771022,21771023
2017|general|B07|21771|3,3,41,42,2,21771041,21771042
2017|general|B07|21771|3,4,68,68,1,21771068,21771068
2017|general|B07|21771|3,5,73,73,1,21771073,21771073
2017|general|B07|21771|3,6,87,87,1,21771087,21771087
2017|general|B07|21771|3,7,103,103,1,21771103,21771103
2017|general|B07|21771|3,8,105,105,1,21771105,21771105
2017|general|B07|21771|3,9,109,109,1,21771109,21771109
2017|general|B07|21771|3,10,126,126,1,21771126,21771126
2017|general|B07|21771|3,11,129,129,1,21771129,21771129
2017|general|B07|21771|3,12,148,148,1,21771148,21771148
2017|general|B07|21771|3,13,176,176,1,21771176,21771176
2017|general|B07|21771|3,14,199,199,1,21771199,21771199
2017|general|B07|21772|3,1,5,7,3,21772005,21772007
2017|general|B07|21772|3,2,25,25,1,21772025,21772025
2017|general|B07|21772|3,3,27,28,2,21772027,21772028
2017|general|B07|21772|3,4,31,31,1,21772031,21772031
2017|general|B07|21772|3,5,47,50,4,21772047,21772050
2017|general|B07|21772|3,6,56,60,5,21772056,21772060
2017|general|B07|21772|3,7,65,65,1,21772065,21772065
2017|general|B07|21772|3,8,68,68,1,21772068,21772068
2017|general|B07|21772|3,9,94,94,1,21772094,21772094
2017|general|B07|21772|3,10,101,104,4,21772101,21772104
2017|general|B07|21772|3,11,114,114,1,21772114,21772114
2017|general|B07|21772|3,12,124,124,1,21772124,21772124
2017|general|B07|21772|3,13,130,132,3,21772130,21772132
2017|general|B07|21772|3,14,144,146,3,21772144,21772146
2017|general|B07|21772|3,15,157,157,1,21772157,21772157
2017|general|B07|21772|3,16,174,174,1,21772174,21772174
2017|general|B07|21772|3,17,180,180,1,21772180,21772180
2017|general|B07|21772|3,18,192,192,1,21772192,21772192
2017|general|B07|21772|3,19,201,201,1,21772201,21772201
2017|general|B07|21772|3,20,206,207,2,21772206,21772207
2017|general|B07|21772|3,21,210,210,1,21772210,21772210
2017|general|B07|21772|3,22,212,214,3,21772212,21772214
2017|general|B07|21772|3,23,228,230,3,21772228,21772230
2017|general|B07|21772|3,24,232,235,4,21772232,21772235
2017|general|B07|21772|3,25,241,241,1,21772241,21772241
2017|general|B07|21773|3,1,14,15,2,21773014,21773015
2017|general|B07|21773|3,2,17,17,1,21773017,21773017
2017|general|B07|21773|3,3,26,26,1,21773026,21773026
2017|general|B07|21773|3,4,28,28,1,21773028,21773028
2017|general|B07|21773|3,5,38,39,2,21773038,21773039
2017|general|B07|21773|3,6,50,50,1,21773050,21773050
2017|general|B07|21773|3,7,54,54,1,21773054,21773054
2017|general|B07|21773|3,8,115,115,1,21773115,21773115
2017|general|B07|21773|3,9,225,225,1,21773225,21773225
2017|general|B07|21773|3,10,268,268,1,21773268,21773268
2017|general|B07|21773|3,11,280,280,1,21773280,21773280
2017|general|B07|21773|3,12,300,300,1,21773300,21773300
2017|general|B07|21778|3,1,1,79,79,21778001,21778079
2017|general|B08|21773|3,1,20,20,1,21773020,21773020
2017|general|B08|21776|3,1,1,324,324,21776001,21776324
2017|general|B09|21773|3,1,9,9,1,21773009,21773009
2017|general|B09|21773|3,2,18,18,1,21773018,21773018
2017|general|B09|21773|3,3,24,24,1,21773024,21773024
2017|general|B09|21773|3,4,37,37,1,21773037,21773037
2017|general|B09|21773|3,5,48,49,2,21773048,21773049
2017|general|B09|21773|3,6,57,57,1,21773057,21773057
2017|general|B09|21773|3,7,60,60,1,21773060,21773060
2017|general|B09|21773|3,8,76,77,2,21773076,21773077
2017|general|B09|21773|3,9,91,91,1,21773091,21773091
2017|general|B09|21773|3,10,118,118,1,21773118,21773118
2017|general|B09|21773|3,11,154,154,1,21773154,21773154
2017|general|B09|21773|3,12,167,167,1,21773167,21773167
2017|general|B09|21773|3,13,177,177,1,21773177,21773177
2017|general|B09|21773|3,14,187,188,2,21773187,21773188
2017|general|B09|21773|3,15,264,264,1,21773264,21773264
2017|general|B09|21773|3,16,279,279,1,21773279,21773279
2017|general|B09|21773|3,17,301,301,1,21773301,21773301
2017|general|B09|21774|3,1,3,3,1,21774003,21774003
2017|general|B09|21774|3,2,48,48,1,21774048,21774048
2017|general|B09|21774|3,3,53,53,1,21774053,21774053
2017|general|B09|21774|3,4,58,58,1,21774058,21774058
2017|general|B09|21774|3,5,94,94,1,21774094,21774094
2017|general|B09|21774|3,6,97,97,1,21774097,21774097
2017|general|B09|21774|3,7,122,123,2,21774122,21774123
2017|general|B09|21774|3,8,130,130,1,21774130,21774130
2017|joint_fund|B04|U1736|3,1,101,102,2,U1736101,U1736102
2017|joint_fund|B04|U1736|3,2,201,201,1,U1736201,U1736201
2017|joint_fund|B08|U1707|3,1,601,603,3,U1707601,U1707603
2017|joint_fund|B08|U1710|3,1,101,107,7,U1710101,U1710107
2017|joint_fund|B08|U1710|3,2,221,221,1,U1710221,U1710221
2017|key|B01|21731|3,1,1,1,1,21731001,21731001
2017|key|B01|21731|3,2,3,3,1,21731003,21731003
2017|key|B01|21731|3,3,5,7,3,21731005,21731007
2017|key|B01|21732|3,1,1,1,1,21732001,21732001
2017|key|B01|21732|3,2,3,7,5,21732003,21732007
2017|key|B01|21734|3,1,4,4,1,21734004,21734004
2017|key|B01|21734|3,2,6,6,1,21734006,21734006
2017|key|B02|21733|3,1,2,4,3,21733002,21733004
2017|key|B02|21733|3,2,9,10,2,21733009,21733010
2017|key|B02|21733|3,3,12,13,2,21733012,21733013
2017|key|B03|21731|3,1,2,2,1,21731002,21731002
2017|key|B03|21733|3,1,6,8,3,21733006,21733008
2017|key|B03|21733|3,2,11,11,1,21733011,21733011
2017|key|B03|21734|3,1,5,5,1,21734005,21734005
2017|key|B04|21735|3,1,1,7,7,21735001,21735007
2017|key|B05_legacy_material_energy|21733|3,1,1,1,1,21733001,21733001
2017|key|B05_legacy_material_energy|21733|3,2,5,5,1,21733005,21733005
2017|key|B05_legacy_material_energy|21734|3,1,1,3,3,21734001,21734003
2017|key|B05_legacy_material_energy|21734|3,2,7,7,1,21734007,21734007
2017|key|B06|21737|3,1,1,6,6,21737001,21737006
2017|key|B07|21731|3,1,4,4,1,21731004,21731004
2017|key|B07|21732|3,1,2,2,1,21732002,21732002
2017|key|B07|21732|3,2,8,8,1,21732008,21732008
2017|key|B07|21738|3,1,1,2,2,21738001,21738002
2017|key|B08|21736|3,1,1,10,10,21736001,21736010
2017|key|B09|21734|3,1,8,9,2,21734008,21734009
2017|major_research_plan|B01|91722|3,1,0,0,1,91722000,91722000
2017|major_research_plan|B02|91745|3,1,104,115,12,91745104,91745115
2017|major_research_plan|B02|91745|3,2,202,203,2,91745202,91745203
2017|major_research_plan|B03|91741|3,1,104,106,3,91741104,91741106
2017|major_research_plan|B03|91741|3,2,201,201,1,91741201,91741201
2017|major_research_plan|B03|91745|3,1,0,0,1,91745000,91745000
2017|major_research_plan|B03|91745|3,2,101,103,3,91745101,91745103
2017|major_research_plan|B03|91745|3,3,201,201,1,91745201,91745201
2017|major_research_plan|B03|91753|3,1,103,103,1,91753103,91753103
2017|major_research_plan|B04|91732|3,1,103,104,2,91732103,91732104
2017|major_research_plan|B04|91743|3,1,201,201,1,91743201,91743201
2017|major_research_plan|B04|91753|3,1,105,111,7,91753105,91753111
2017|major_research_plan|B06|91743|3,1,0,0,1,91743000,91743000
2017|major_research_plan|B06|91743|3,2,101,107,7,91743101,91743107
2017|major_research_plan|B06|91743|3,3,202,206,5,91743202,91743206
2017|major_research_plan|B07|91753|3,1,0,0,1,91753000,91753000
2017|major_research_plan|B07|91753|3,2,101,102,2,91753101,91753102
2017|major_research_plan|B07|91753|3,3,104,104,1,91753104,91753104
2017|major_research_plan|B07|91753|3,4,112,131,20,91753112,91753131
2017|major_research_plan|B07|91753|3,5,201,206,6,91753201,91753206
2017|major_research_plan|B08|91745|3,1,116,116,1,91745116,91745116
2017|regional|B01|21761|3,1,1,1,1,21761001,21761001
2017|regional|B01|21761|3,2,3,3,1,21761003,21761003
2017|regional|B01|21761|3,3,7,7,1,21761007,21761007
2017|regional|B01|21761|3,4,9,10,2,21761009,21761010
2017|regional|B01|21761|3,5,12,12,1,21761012,21761012
2017|regional|B01|21761|3,6,16,18,3,21761016,21761018
2017|regional|B01|21761|3,7,21,25,5,21761021,21761025
2017|regional|B01|21761|3,8,28,28,1,21761028,21761028
2017|regional|B01|21761|3,9,30,30,1,21761030,21761030
2017|regional|B01|21761|3,10,32,32,1,21761032,21761032
2017|regional|B01|21761|3,11,35,36,2,21761035,21761036
2017|regional|B01|21762|3,1,1,2,2,21762001,21762002
2017|regional|B01|21762|3,2,5,5,1,21762005,21762005
2017|regional|B01|21762|3,3,11,11,1,21762011,21762011
2017|regional|B01|21762|3,4,13,14,2,21762013,21762014
2017|regional|B01|21762|3,5,16,18,3,21762016,21762018
2017|regional|B01|21762|3,6,20,23,4,21762020,21762023
2017|regional|B01|21762|3,7,26,26,1,21762026,21762026
2017|regional|B01|21762|3,8,28,28,1,21762028,21762028
2017|regional|B01|21762|3,9,30,33,4,21762030,21762033
2017|regional|B01|21762|3,10,35,36,2,21762035,21762036
2017|regional|B01|21762|3,11,38,42,5,21762038,21762042
2017|regional|B01|21762|3,12,44,44,1,21762044,21762044
2017|regional|B01|21762|3,13,46,47,2,21762046,21762047
2017|regional|B01|21762|3,14,51,51,1,21762051,21762051
2017|regional|B01|21762|3,15,53,54,2,21762053,21762054
2017|regional|B01|21764|3,1,5,5,1,21764005,21764005
2017|regional|B01|21764|3,2,7,7,1,21764007,21764007
2017|regional|B01|21764|3,3,10,10,1,21764010,21764010
2017|regional|B02|21763|3,1,1,1,1,21763001,21763001
2017|regional|B02|21763|3,2,3,4,2,21763003,21763004
2017|regional|B02|21763|3,3,9,20,12,21763009,21763020
2017|regional|B02|21763|3,4,23,23,1,21763023,21763023
2017|regional|B02|21763|3,5,26,26,1,21763026,21763026
2017|regional|B02|21763|3,6,29,29,1,21763029,21763029
2017|regional|B02|21763|3,7,31,32,2,21763031,21763032
2017|regional|B02|21763|3,8,34,34,1,21763034,21763034
2017|regional|B02|21764|3,1,3,3,1,21764003,21764003
2017|regional|B03|21761|3,1,13,14,2,21761013,21761014
2017|regional|B03|21761|3,2,26,27,2,21761026,21761027
2017|regional|B03|21762|3,1,43,43,1,21762043,21762043
2017|regional|B03|21763|3,1,5,8,4,21763005,21763008
2017|regional|B03|21763|3,2,21,22,2,21763021,21763022
2017|regional|B03|21763|3,3,24,25,2,21763024,21763025
2017|regional|B03|21763|3,4,27,28,2,21763027,21763028
2017|regional|B03|21763|3,5,30,30,1,21763030,21763030
2017|regional|B03|21763|3,6,33,33,1,21763033,21763033
2017|regional|B03|21764|3,1,1,1,1,21764001,21764001
2017|regional|B03|21764|3,2,15,15,1,21764015,21764015
2017|regional|B03|21765|3,1,15,15,1,21765015,21765015
2017|regional|B04|21765|3,1,1,14,14,21765001,21765014
2017|regional|B04|21765|3,2,16,27,12,21765016,21765027
2017|regional|B05_legacy_material_energy|21761|3,1,4,4,1,21761004,21761004
2017|regional|B05_legacy_material_energy|21761|3,2,8,8,1,21761008,21761008
2017|regional|B05_legacy_material_energy|21761|3,3,15,15,1,21761015,21761015
2017|regional|B05_legacy_material_energy|21761|3,4,20,20,1,21761020,21761020
2017|regional|B05_legacy_material_energy|21761|3,5,29,29,1,21761029,21761029
2017|regional|B05_legacy_material_energy|21761|3,6,31,31,1,21761031,21761031
2017|regional|B05_legacy_material_energy|21761|3,7,34,34,1,21761034,21761034
2017|regional|B05_legacy_material_energy|21762|3,1,19,19,1,21762019,21762019
2017|regional|B05_legacy_material_energy|21762|3,2,29,29,1,21762029,21762029
2017|regional|B05_legacy_material_energy|21762|3,3,49,49,1,21762049,21762049
2017|regional|B05_legacy_material_energy|21764|3,1,4,4,1,21764004,21764004
2017|regional|B05_legacy_material_energy|21764|3,2,8,8,1,21764008,21764008
2017|regional|B05_legacy_material_energy|21764|3,3,11,14,4,21764011,21764014
2017|regional|B05_legacy_material_energy|21764|3,4,16,16,1,21764016,21764016
2017|regional|B06|21761|3,1,2,2,1,21761002,21761002
2017|regional|B06|21767|3,1,1,30,30,21767001,21767030
2017|regional|B07|21761|3,1,5,6,2,21761005,21761006
2017|regional|B07|21761|3,2,11,11,1,21761011,21761011
2017|regional|B07|21761|3,3,19,19,1,21761019,21761019
2017|regional|B07|21761|3,4,33,33,1,21761033,21761033
2017|regional|B07|21762|3,1,3,4,2,21762003,21762004
2017|regional|B07|21762|3,2,6,10,5,21762006,21762010
2017|regional|B07|21762|3,3,12,12,1,21762012,21762012
2017|regional|B07|21762|3,4,15,15,1,21762015,21762015
2017|regional|B07|21762|3,5,24,25,2,21762024,21762025
2017|regional|B07|21762|3,6,27,27,1,21762027,21762027
2017|regional|B07|21762|3,7,34,34,1,21762034,21762034
2017|regional|B07|21762|3,8,37,37,1,21762037,21762037
2017|regional|B07|21762|3,9,45,45,1,21762045,21762045
2017|regional|B07|21762|3,10,48,48,1,21762048,21762048
2017|regional|B07|21762|3,11,50,50,1,21762050,21762050
2017|regional|B07|21762|3,12,52,52,1,21762052,21762052
2017|regional|B07|21762|3,13,55,55,1,21762055,21762055
2017|regional|B07|21763|3,1,2,2,1,21763002,21763002
2017|regional|B07|21768|3,1,1,6,6,21768001,21768006
2017|regional|B08|21766|3,1,1,11,11,21766001,21766011
2017|regional|B08|21766|3,2,13,40,28,21766013,21766040
2017|regional|B09|21764|3,1,2,2,1,21764002,21764002
2017|regional|B09|21764|3,2,6,6,1,21764006,21764006
2017|regional|B09|21764|3,3,9,9,1,21764009,21764009
2017|youth_c|B01|21701|3,1,2,2,1,21701002,21701002
2017|youth_c|B01|21701|3,2,5,5,1,21701005,21701005
2017|youth_c|B01|21701|3,3,7,7,1,21701007,21701007
2017|youth_c|B01|21701|3,4,9,12,4,21701009,21701012
2017|youth_c|B01|21701|3,5,15,16,2,21701015,21701016
2017|youth_c|B01|21701|3,6,19,21,3,21701019,21701021
2017|youth_c|B01|21701|3,7,24,29,6,21701024,21701029
2017|youth_c|B01|21701|3,8,31,31,1,21701031,21701031
2017|youth_c|B01|21701|3,9,35,40,6,21701035,21701040
2017|youth_c|B01|21701|3,10,47,49,3,21701047,21701049
2017|youth_c|B01|21701|3,11,52,54,3,21701052,21701054
2017|youth_c|B01|21701|3,12,58,58,1,21701058,21701058
2017|youth_c|B01|21701|3,13,60,60,1,21701060,21701060
2017|youth_c|B01|21701|3,14,63,65,3,21701063,21701065
2017|youth_c|B01|21701|3,15,70,70,1,21701070,21701070
2017|youth_c|B01|21701|3,16,76,76,1,21701076,21701076
2017|youth_c|B01|21701|3,17,83,91,9,21701083,21701091
2017|youth_c|B01|21701|3,18,95,95,1,21701095,21701095
2017|youth_c|B01|21701|3,19,100,101,2,21701100,21701101
2017|youth_c|B01|21701|3,20,104,106,3,21701104,21701106
2017|youth_c|B01|21701|3,21,108,110,3,21701108,21701110
2017|youth_c|B01|21701|3,22,112,112,1,21701112,21701112
2017|youth_c|B01|21701|3,23,116,120,5,21701116,21701120
2017|youth_c|B01|21701|3,24,122,125,4,21701122,21701125
2017|youth_c|B01|21701|3,25,129,129,1,21701129,21701129
2017|youth_c|B01|21701|3,26,132,137,6,21701132,21701137
2017|youth_c|B01|21701|3,27,147,148,2,21701147,21701148
2017|youth_c|B01|21701|3,28,150,150,1,21701150,21701150
2017|youth_c|B01|21701|3,29,160,160,1,21701160,21701160
2017|youth_c|B01|21701|3,30,165,166,2,21701165,21701166
2017|youth_c|B01|21701|3,31,168,172,5,21701168,21701172
2017|youth_c|B01|21701|3,32,177,177,1,21701177,21701177
2017|youth_c|B01|21701|3,33,179,180,2,21701179,21701180
2017|youth_c|B01|21701|3,34,182,182,1,21701182,21701182
2017|youth_c|B01|21701|3,35,187,193,7,21701187,21701193
2017|youth_c|B01|21701|3,36,200,201,2,21701200,21701201
2017|youth_c|B01|21701|3,37,203,203,1,21701203,21701203
2017|youth_c|B01|21702|3,1,1,4,4,21702001,21702004
2017|youth_c|B01|21702|3,2,6,6,1,21702006,21702006
2017|youth_c|B01|21702|3,3,8,17,10,21702008,21702017
2017|youth_c|B01|21702|3,4,19,21,3,21702019,21702021
2017|youth_c|B01|21702|3,5,23,24,2,21702023,21702024
2017|youth_c|B01|21702|3,6,26,35,10,21702026,21702035
2017|youth_c|B01|21702|3,7,38,39,2,21702038,21702039
2017|youth_c|B01|21702|3,8,42,43,2,21702042,21702043
2017|youth_c|B01|21702|3,9,45,45,1,21702045,21702045
2017|youth_c|B01|21702|3,10,47,47,1,21702047,21702047
2017|youth_c|B01|21702|3,11,49,50,2,21702049,21702050
2017|youth_c|B01|21702|3,12,52,52,1,21702052,21702052
2017|youth_c|B01|21702|3,13,54,60,7,21702054,21702060
2017|youth_c|B01|21702|3,14,62,65,4,21702062,21702065
2017|youth_c|B01|21702|3,15,69,69,1,21702069,21702069
2017|youth_c|B01|21702|3,16,71,72,2,21702071,21702072
2017|youth_c|B01|21702|3,17,77,78,2,21702077,21702078
2017|youth_c|B01|21702|3,18,80,81,2,21702080,21702081
2017|youth_c|B01|21702|3,19,83,85,3,21702083,21702085
2017|youth_c|B01|21702|3,20,87,89,3,21702087,21702089
2017|youth_c|B01|21702|3,21,91,94,4,21702091,21702094
2017|youth_c|B01|21702|3,22,96,96,1,21702096,21702096
2017|youth_c|B01|21702|3,23,98,98,1,21702098,21702098
2017|youth_c|B01|21702|3,24,103,108,6,21702103,21702108
2017|youth_c|B01|21702|3,25,113,118,6,21702113,21702118
2017|youth_c|B01|21702|3,26,120,122,3,21702120,21702122
2017|youth_c|B01|21702|3,27,130,131,2,21702130,21702131
2017|youth_c|B01|21702|3,28,133,136,4,21702133,21702136
2017|youth_c|B01|21702|3,29,138,140,3,21702138,21702140
2017|youth_c|B01|21702|3,30,142,143,2,21702142,21702143
2017|youth_c|B01|21702|3,31,145,155,11,21702145,21702155
2017|youth_c|B01|21702|3,32,157,168,12,21702157,21702168
2017|youth_c|B01|21702|3,33,170,170,1,21702170,21702170
2017|youth_c|B01|21702|3,34,172,172,1,21702172,21702172
2017|youth_c|B01|21702|3,35,175,177,3,21702175,21702177
2017|youth_c|B01|21702|3,36,179,179,1,21702179,21702179
2017|youth_c|B01|21702|3,37,184,186,3,21702184,21702186
2017|youth_c|B01|21702|3,38,188,189,2,21702188,21702189
2017|youth_c|B01|21702|3,39,191,206,16,21702191,21702206
2017|youth_c|B01|21702|3,40,208,208,1,21702208,21702208
2017|youth_c|B01|21702|3,41,211,212,2,21702211,21702212
2017|youth_c|B01|21702|3,42,214,218,5,21702214,21702218
2017|youth_c|B01|21702|3,43,222,225,4,21702222,21702225
2017|youth_c|B01|21702|3,44,227,230,4,21702227,21702230
2017|youth_c|B01|21702|3,45,232,232,1,21702232,21702232
2017|youth_c|B01|21702|3,46,235,238,4,21702235,21702238
2017|youth_c|B01|21702|3,47,240,241,2,21702240,21702241
2017|youth_c|B01|21704|3,1,1,1,1,21704001,21704001
2017|youth_c|B01|21704|3,2,7,7,1,21704007,21704007
2017|youth_c|B01|21704|3,3,11,11,1,21704011,21704011
2017|youth_c|B01|21704|3,4,16,17,2,21704016,21704017
2017|youth_c|B01|21704|3,5,22,25,4,21704022,21704025
2017|youth_c|B01|21704|3,6,31,31,1,21704031,21704031
2017|youth_c|B01|21704|3,7,44,44,1,21704044,21704044
2017|youth_c|B01|21704|3,8,48,49,2,21704048,21704049
2017|youth_c|B01|21704|3,9,51,52,2,21704051,21704052
2017|youth_c|B01|21704|3,10,55,56,2,21704055,21704056
2017|youth_c|B01|21704|3,11,59,60,2,21704059,21704060
2017|youth_c|B01|21704|3,12,62,63,2,21704062,21704063
2017|youth_c|B01|21704|3,13,65,65,1,21704065,21704065
2017|youth_c|B01|21704|3,14,67,67,1,21704067,21704067
2017|youth_c|B01|21704|3,15,73,73,1,21704073,21704073
2017|youth_c|B01|21704|3,16,75,75,1,21704075,21704075
2017|youth_c|B01|21704|3,17,81,81,1,21704081,21704081
2017|youth_c|B01|21704|3,18,83,83,1,21704083,21704083
2017|youth_c|B01|21704|3,19,87,87,1,21704087,21704087
2017|youth_c|B01|21704|3,20,94,95,2,21704094,21704095
2017|youth_c|B01|21704|3,21,97,98,2,21704097,21704098
2017|youth_c|B01|21704|3,22,110,110,1,21704110,21704110
2017|youth_c|B01|21704|3,23,112,112,1,21704112,21704112
2017|youth_c|B02|21701|3,1,139,139,1,21701139,21701139
2017|youth_c|B02|21701|3,2,143,143,1,21701143,21701143
2017|youth_c|B02|21703|3,1,1,1,1,21703001,21703001
2017|youth_c|B02|21703|3,2,3,3,1,21703003,21703003
2017|youth_c|B02|21703|3,3,5,5,1,21703005,21703005
2017|youth_c|B02|21703|3,4,8,10,3,21703008,21703010
2017|youth_c|B02|21703|3,5,12,14,3,21703012,21703014
2017|youth_c|B02|21703|3,6,17,19,3,21703017,21703019
2017|youth_c|B02|21703|3,7,22,22,1,21703022,21703022
2017|youth_c|B02|21703|3,8,24,24,1,21703024,21703024
2017|youth_c|B02|21703|3,9,26,31,6,21703026,21703031
2017|youth_c|B02|21703|3,10,34,34,1,21703034,21703034
2017|youth_c|B02|21703|3,11,37,42,6,21703037,21703042
2017|youth_c|B02|21703|3,12,44,44,1,21703044,21703044
2017|youth_c|B02|21703|3,13,46,46,1,21703046,21703046
2017|youth_c|B02|21703|3,14,50,51,2,21703050,21703051
2017|youth_c|B02|21703|3,15,58,58,1,21703058,21703058
2017|youth_c|B02|21703|3,16,60,61,2,21703060,21703061
2017|youth_c|B02|21703|3,17,65,67,3,21703065,21703067
2017|youth_c|B02|21703|3,18,69,69,1,21703069,21703069
2017|youth_c|B02|21703|3,19,71,71,1,21703071,21703071
2017|youth_c|B02|21703|3,20,74,75,2,21703074,21703075
2017|youth_c|B02|21703|3,21,78,78,1,21703078,21703078
2017|youth_c|B02|21703|3,22,80,80,1,21703080,21703080
2017|youth_c|B02|21703|3,23,83,83,1,21703083,21703083
2017|youth_c|B02|21703|3,24,85,86,2,21703085,21703086
2017|youth_c|B02|21703|3,25,88,89,2,21703088,21703089
2017|youth_c|B02|21703|3,26,91,91,1,21703091,21703091
2017|youth_c|B02|21703|3,27,93,95,3,21703093,21703095
2017|youth_c|B02|21703|3,28,100,104,5,21703100,21703104
2017|youth_c|B02|21703|3,29,108,111,4,21703108,21703111
2017|youth_c|B02|21703|3,30,113,114,2,21703113,21703114
2017|youth_c|B02|21703|3,31,116,117,2,21703116,21703117
2017|youth_c|B02|21703|3,32,119,120,2,21703119,21703120
2017|youth_c|B02|21703|3,33,125,125,1,21703125,21703125
2017|youth_c|B02|21703|3,34,127,130,4,21703127,21703130
2017|youth_c|B02|21703|3,35,132,134,3,21703132,21703134
2017|youth_c|B02|21703|3,36,140,140,1,21703140,21703140
2017|youth_c|B02|21703|3,37,143,144,2,21703143,21703144
2017|youth_c|B02|21703|3,38,146,146,1,21703146,21703146
2017|youth_c|B02|21703|3,39,150,150,1,21703150,21703150
2017|youth_c|B02|21703|3,40,154,154,1,21703154,21703154
2017|youth_c|B02|21703|3,41,156,157,2,21703156,21703157
2017|youth_c|B02|21703|3,42,159,162,4,21703159,21703162
2017|youth_c|B02|21703|3,43,167,167,1,21703167,21703167
2017|youth_c|B02|21703|3,44,169,170,2,21703169,21703170
2017|youth_c|B02|21703|3,45,172,172,1,21703172,21703172
2017|youth_c|B02|21703|3,46,174,175,2,21703174,21703175
2017|youth_c|B02|21703|3,47,177,177,1,21703177,21703177
2017|youth_c|B02|21703|3,48,179,185,7,21703179,21703185
2017|youth_c|B02|21703|3,49,187,187,1,21703187,21703187
2017|youth_c|B02|21703|3,50,189,189,1,21703189,21703189
2017|youth_c|B02|21703|3,51,196,201,6,21703196,21703201
2017|youth_c|B02|21703|3,52,203,203,1,21703203,21703203
2017|youth_c|B02|21703|3,53,207,207,1,21703207,21703207
2017|youth_c|B02|21703|3,54,214,214,1,21703214,21703214
2017|youth_c|B02|21703|3,55,219,219,1,21703219,21703219
2017|youth_c|B02|21703|3,56,226,228,3,21703226,21703228
2017|youth_c|B02|21703|3,57,233,233,1,21703233,21703233
2017|youth_c|B02|21703|3,58,235,240,6,21703235,21703240
2017|youth_c|B02|21703|3,59,247,250,4,21703247,21703250
2017|youth_c|B02|21703|3,60,252,253,2,21703252,21703253
2017|youth_c|B02|21703|3,61,257,257,1,21703257,21703257
2017|youth_c|B02|21703|3,62,261,262,2,21703261,21703262
2017|youth_c|B02|21703|3,63,265,270,6,21703265,21703270
2017|youth_c|B02|21703|3,64,273,279,7,21703273,21703279
2017|youth_c|B02|21703|3,65,282,282,1,21703282,21703282
2017|youth_c|B02|21703|3,66,284,284,1,21703284,21703284
2017|youth_c|B02|21703|3,67,286,286,1,21703286,21703286
2017|youth_c|B02|21704|3,1,8,8,1,21704008,21704008
2017|youth_c|B02|21704|3,2,106,106,1,21704106,21704106
2017|youth_c|B02|21705|3,1,158,158,1,21705158,21705158
2017|youth_c|B03|21701|3,1,1,1,1,21701001,21701001
2017|youth_c|B03|21701|3,2,6,6,1,21701006,21701006
2017|youth_c|B03|21701|3,3,13,13,1,21701013,21701013
2017|youth_c|B03|21701|3,4,23,23,1,21701023,21701023
2017|youth_c|B03|21701|3,5,32,32,1,21701032,21701032
2017|youth_c|B03|21701|3,6,45,46,2,21701045,21701046
2017|youth_c|B03|21701|3,7,61,61,1,21701061,21701061
2017|youth_c|B03|21701|3,8,66,66,1,21701066,21701066
2017|youth_c|B03|21701|3,9,78,78,1,21701078,21701078
2017|youth_c|B03|21701|3,10,97,97,1,21701097,21701097
2017|youth_c|B03|21701|3,11,126,126,1,21701126,21701126
2017|youth_c|B03|21701|3,12,142,142,1,21701142,21701142
2017|youth_c|B03|21701|3,13,167,167,1,21701167,21701167
2017|youth_c|B03|21701|3,14,173,173,1,21701173,21701173
2017|youth_c|B03|21701|3,15,197,198,2,21701197,21701198
2017|youth_c|B03|21702|3,1,5,5,1,21702005,21702005
2017|youth_c|B03|21702|3,2,41,41,1,21702041,21702041
2017|youth_c|B03|21702|3,3,44,44,1,21702044,21702044
2017|youth_c|B03|21702|3,4,82,82,1,21702082,21702082
2017|youth_c|B03|21702|3,5,95,95,1,21702095,21702095
2017|youth_c|B03|21702|3,6,109,109,1,21702109,21702109
2017|youth_c|B03|21702|3,7,119,119,1,21702119,21702119
2017|youth_c|B03|21702|3,8,126,126,1,21702126,21702126
2017|youth_c|B03|21702|3,9,182,182,1,21702182,21702182
2017|youth_c|B03|21703|3,1,2,2,1,21703002,21703002
2017|youth_c|B03|21703|3,2,4,4,1,21703004,21703004
2017|youth_c|B03|21703|3,3,6,7,2,21703006,21703007
2017|youth_c|B03|21703|3,4,11,11,1,21703011,21703011
2017|youth_c|B03|21703|3,5,20,21,2,21703020,21703021
2017|youth_c|B03|21703|3,6,23,23,1,21703023,21703023
2017|youth_c|B03|21703|3,7,25,25,1,21703025,21703025
2017|youth_c|B03|21703|3,8,32,32,1,21703032,21703032
2017|youth_c|B03|21703|3,9,35,36,2,21703035,21703036
2017|youth_c|B03|21703|3,10,43,43,1,21703043,21703043
2017|youth_c|B03|21703|3,11,45,45,1,21703045,21703045
2017|youth_c|B03|21703|3,12,49,49,1,21703049,21703049
2017|youth_c|B03|21703|3,13,53,56,4,21703053,21703056
2017|youth_c|B03|21703|3,14,59,59,1,21703059,21703059
2017|youth_c|B03|21703|3,15,62,63,2,21703062,21703063
2017|youth_c|B03|21703|3,16,68,68,1,21703068,21703068
2017|youth_c|B03|21703|3,17,70,70,1,21703070,21703070
2017|youth_c|B03|21703|3,18,76,77,2,21703076,21703077
2017|youth_c|B03|21703|3,19,79,79,1,21703079,21703079
2017|youth_c|B03|21703|3,20,81,82,2,21703081,21703082
2017|youth_c|B03|21703|3,21,87,87,1,21703087,21703087
2017|youth_c|B03|21703|3,22,90,90,1,21703090,21703090
2017|youth_c|B03|21703|3,23,98,99,2,21703098,21703099
2017|youth_c|B03|21703|3,24,105,107,3,21703105,21703107
2017|youth_c|B03|21703|3,25,112,112,1,21703112,21703112
2017|youth_c|B03|21703|3,26,115,115,1,21703115,21703115
2017|youth_c|B03|21703|3,27,118,118,1,21703118,21703118
2017|youth_c|B03|21703|3,28,121,124,4,21703121,21703124
2017|youth_c|B03|21703|3,29,126,126,1,21703126,21703126
2017|youth_c|B03|21703|3,30,135,137,3,21703135,21703137
2017|youth_c|B03|21703|3,31,139,139,1,21703139,21703139
2017|youth_c|B03|21703|3,32,145,145,1,21703145,21703145
2017|youth_c|B03|21703|3,33,151,151,1,21703151,21703151
2017|youth_c|B03|21703|3,34,153,153,1,21703153,21703153
2017|youth_c|B03|21703|3,35,155,155,1,21703155,21703155
2017|youth_c|B03|21703|3,36,158,158,1,21703158,21703158
2017|youth_c|B03|21703|3,37,164,166,3,21703164,21703166
2017|youth_c|B03|21703|3,38,171,171,1,21703171,21703171
2017|youth_c|B03|21703|3,39,176,176,1,21703176,21703176
2017|youth_c|B03|21703|3,40,178,178,1,21703178,21703178
2017|youth_c|B03|21703|3,41,188,188,1,21703188,21703188
2017|youth_c|B03|21703|3,42,190,190,1,21703190,21703190
2017|youth_c|B03|21703|3,43,194,195,2,21703194,21703195
2017|youth_c|B03|21703|3,44,202,202,1,21703202,21703202
2017|youth_c|B03|21703|3,45,205,206,2,21703205,21703206
2017|youth_c|B03|21703|3,46,210,210,1,21703210,21703210
2017|youth_c|B03|21703|3,47,213,213,1,21703213,21703213
2017|youth_c|B03|21703|3,48,217,217,1,21703217,21703217
2017|youth_c|B03|21703|3,49,220,225,6,21703220,21703225
2017|youth_c|B03|21703|3,50,230,230,1,21703230,21703230
2017|youth_c|B03|21703|3,51,234,234,1,21703234,21703234
2017|youth_c|B03|21703|3,52,241,246,6,21703241,21703246
2017|youth_c|B03|21703|3,53,256,256,1,21703256,21703256
2017|youth_c|B03|21703|3,54,258,260,3,21703258,21703260
2017|youth_c|B03|21703|3,55,264,264,1,21703264,21703264
2017|youth_c|B03|21703|3,56,272,272,1,21703272,21703272
2017|youth_c|B03|21703|3,57,281,281,1,21703281,21703281
2017|youth_c|B03|21703|3,58,287,289,3,21703287,21703289
2017|youth_c|B03|21703|3,59,291,292,2,21703291,21703292
2017|youth_c|B03|21704|3,1,3,3,1,21704003,21704003
2017|youth_c|B03|21704|3,2,10,10,1,21704010,21704010
2017|youth_c|B03|21704|3,3,39,39,1,21704039,21704039
2017|youth_c|B03|21704|3,4,46,46,1,21704046,21704046
2017|youth_c|B03|21704|3,5,53,53,1,21704053,21704053
2017|youth_c|B03|21704|3,6,58,58,1,21704058,21704058
2017|youth_c|B03|21704|3,7,64,64,1,21704064,21704064
2017|youth_c|B03|21704|3,8,69,69,1,21704069,21704069
2017|youth_c|B03|21704|3,9,78,78,1,21704078,21704078
2017|youth_c|B03|21704|3,10,91,92,2,21704091,21704092
2017|youth_c|B03|21704|3,11,96,96,1,21704096,21704096
2017|youth_c|B03|21704|3,12,100,102,3,21704100,21704102
2017|youth_c|B03|21704|3,13,105,105,1,21704105,21704105
2017|youth_c|B03|21705|3,1,11,11,1,21705011,21705011
2017|youth_c|B03|21705|3,2,44,44,1,21705044,21705044
2017|youth_c|B03|21705|3,3,112,112,1,21705112,21705112
2017|youth_c|B03|21705|3,4,162,162,1,21705162,21705162
2017|youth_c|B04|21701|3,1,82,82,1,21701082,21701082
2017|youth_c|B04|21701|3,2,146,146,1,21701146,21701146
2017|youth_c|B04|21701|3,3,153,153,1,21701153,21701153
2017|youth_c|B04|21701|3,4,186,186,1,21701186,21701186
2017|youth_c|B04|21702|3,1,86,86,1,21702086,21702086
2017|youth_c|B04|21702|3,2,213,213,1,21702213,21702213
2017|youth_c|B04|21705|3,1,1,10,10,21705001,21705010
2017|youth_c|B04|21705|3,2,12,43,32,21705012,21705043
2017|youth_c|B04|21705|3,3,45,111,67,21705045,21705111
2017|youth_c|B04|21705|3,4,113,157,45,21705113,21705157
2017|youth_c|B04|21705|3,5,159,161,3,21705159,21705161
2017|youth_c|B04|21705|3,6,163,167,5,21705163,21705167
2017|youth_c|B05_legacy_material_energy|21701|3,1,4,4,1,21701004,21701004
2017|youth_c|B05_legacy_material_energy|21701|3,2,8,8,1,21701008,21701008
2017|youth_c|B05_legacy_material_energy|21701|3,3,14,14,1,21701014,21701014
2017|youth_c|B05_legacy_material_energy|21701|3,4,17,17,1,21701017,21701017
2017|youth_c|B05_legacy_material_energy|21701|3,5,22,22,1,21701022,21701022
2017|youth_c|B05_legacy_material_energy|21701|3,6,30,30,1,21701030,21701030
2017|youth_c|B05_legacy_material_energy|21701|3,7,41,41,1,21701041,21701041
2017|youth_c|B05_legacy_material_energy|21701|3,8,43,44,2,21701043,21701044
2017|youth_c|B05_legacy_material_energy|21701|3,9,57,57,1,21701057,21701057
2017|youth_c|B05_legacy_material_energy|21701|3,10,59,59,1,21701059,21701059
2017|youth_c|B05_legacy_material_energy|21701|3,11,67,67,1,21701067,21701067
2017|youth_c|B05_legacy_material_energy|21701|3,12,69,69,1,21701069,21701069
2017|youth_c|B05_legacy_material_energy|21701|3,13,71,72,2,21701071,21701072
2017|youth_c|B05_legacy_material_energy|21701|3,14,77,77,1,21701077,21701077
2017|youth_c|B05_legacy_material_energy|21701|3,15,79,80,2,21701079,21701080
2017|youth_c|B05_legacy_material_energy|21701|3,16,92,94,3,21701092,21701094
2017|youth_c|B05_legacy_material_energy|21701|3,17,98,99,2,21701098,21701099
2017|youth_c|B05_legacy_material_energy|21701|3,18,102,103,2,21701102,21701103
2017|youth_c|B05_legacy_material_energy|21701|3,19,107,107,1,21701107,21701107
2017|youth_c|B05_legacy_material_energy|21701|3,20,114,115,2,21701114,21701115
2017|youth_c|B05_legacy_material_energy|21701|3,21,130,131,2,21701130,21701131
2017|youth_c|B05_legacy_material_energy|21701|3,22,138,138,1,21701138,21701138
2017|youth_c|B05_legacy_material_energy|21701|3,23,140,141,2,21701140,21701141
2017|youth_c|B05_legacy_material_energy|21701|3,24,144,145,2,21701144,21701145
2017|youth_c|B05_legacy_material_energy|21701|3,25,149,149,1,21701149,21701149
2017|youth_c|B05_legacy_material_energy|21701|3,26,158,159,2,21701158,21701159
2017|youth_c|B05_legacy_material_energy|21701|3,27,162,164,3,21701162,21701164
2017|youth_c|B05_legacy_material_energy|21701|3,28,174,176,3,21701174,21701176
2017|youth_c|B05_legacy_material_energy|21701|3,29,181,181,1,21701181,21701181
2017|youth_c|B05_legacy_material_energy|21701|3,30,185,185,1,21701185,21701185
2017|youth_c|B05_legacy_material_energy|21701|3,31,199,199,1,21701199,21701199
2017|youth_c|B05_legacy_material_energy|21701|3,32,202,202,1,21701202,21701202
2017|youth_c|B05_legacy_material_energy|21702|3,1,46,46,1,21702046,21702046
2017|youth_c|B05_legacy_material_energy|21702|3,2,53,53,1,21702053,21702053
2017|youth_c|B05_legacy_material_energy|21702|3,3,70,70,1,21702070,21702070
2017|youth_c|B05_legacy_material_energy|21702|3,4,79,79,1,21702079,21702079
2017|youth_c|B05_legacy_material_energy|21702|3,5,90,90,1,21702090,21702090
2017|youth_c|B05_legacy_material_energy|21702|3,6,97,97,1,21702097,21702097
2017|youth_c|B05_legacy_material_energy|21702|3,7,112,112,1,21702112,21702112
2017|youth_c|B05_legacy_material_energy|21702|3,8,132,132,1,21702132,21702132
2017|youth_c|B05_legacy_material_energy|21702|3,9,180,180,1,21702180,21702180
2017|youth_c|B05_legacy_material_energy|21703|3,1,33,33,1,21703033,21703033
2017|youth_c|B05_legacy_material_energy|21703|3,2,47,47,1,21703047,21703047
2017|youth_c|B05_legacy_material_energy|21703|3,3,52,52,1,21703052,21703052
2017|youth_c|B05_legacy_material_energy|21703|3,4,64,64,1,21703064,21703064
2017|youth_c|B05_legacy_material_energy|21703|3,5,84,84,1,21703084,21703084
2017|youth_c|B05_legacy_material_energy|21703|3,6,92,92,1,21703092,21703092
2017|youth_c|B05_legacy_material_energy|21703|3,7,97,97,1,21703097,21703097
2017|youth_c|B05_legacy_material_energy|21703|3,8,131,131,1,21703131,21703131
2017|youth_c|B05_legacy_material_energy|21703|3,9,142,142,1,21703142,21703142
2017|youth_c|B05_legacy_material_energy|21703|3,10,148,149,2,21703148,21703149
2017|youth_c|B05_legacy_material_energy|21703|3,11,168,168,1,21703168,21703168
2017|youth_c|B05_legacy_material_energy|21703|3,12,218,218,1,21703218,21703218
2017|youth_c|B05_legacy_material_energy|21703|3,13,229,229,1,21703229,21703229
2017|youth_c|B05_legacy_material_energy|21703|3,14,232,232,1,21703232,21703232
2017|youth_c|B05_legacy_material_energy|21703|3,15,251,251,1,21703251,21703251
2017|youth_c|B05_legacy_material_energy|21703|3,16,271,271,1,21703271,21703271
2017|youth_c|B05_legacy_material_energy|21704|3,1,2,2,1,21704002,21704002
2017|youth_c|B05_legacy_material_energy|21704|3,2,5,6,2,21704005,21704006
2017|youth_c|B05_legacy_material_energy|21704|3,3,9,9,1,21704009,21704009
2017|youth_c|B05_legacy_material_energy|21704|3,4,12,14,3,21704012,21704014
2017|youth_c|B05_legacy_material_energy|21704|3,5,18,20,3,21704018,21704020
2017|youth_c|B05_legacy_material_energy|21704|3,6,26,29,4,21704026,21704029
2017|youth_c|B05_legacy_material_energy|21704|3,7,32,38,7,21704032,21704038
2017|youth_c|B05_legacy_material_energy|21704|3,8,40,43,4,21704040,21704043
2017|youth_c|B05_legacy_material_energy|21704|3,9,45,45,1,21704045,21704045
2017|youth_c|B05_legacy_material_energy|21704|3,10,47,47,1,21704047,21704047
2017|youth_c|B05_legacy_material_energy|21704|3,11,50,50,1,21704050,21704050
2017|youth_c|B05_legacy_material_energy|21704|3,12,54,54,1,21704054,21704054
2017|youth_c|B05_legacy_material_energy|21704|3,13,57,57,1,21704057,21704057
2017|youth_c|B05_legacy_material_energy|21704|3,14,61,61,1,21704061,21704061
2017|youth_c|B05_legacy_material_energy|21704|3,15,66,66,1,21704066,21704066
2017|youth_c|B05_legacy_material_energy|21704|3,16,68,68,1,21704068,21704068
2017|youth_c|B05_legacy_material_energy|21704|3,17,70,72,3,21704070,21704072
2017|youth_c|B05_legacy_material_energy|21704|3,18,74,74,1,21704074,21704074
2017|youth_c|B05_legacy_material_energy|21704|3,19,76,77,2,21704076,21704077
2017|youth_c|B05_legacy_material_energy|21704|3,20,79,80,2,21704079,21704080
2017|youth_c|B05_legacy_material_energy|21704|3,21,84,86,3,21704084,21704086
2017|youth_c|B05_legacy_material_energy|21704|3,22,88,88,1,21704088,21704088
2017|youth_c|B05_legacy_material_energy|21704|3,23,90,90,1,21704090,21704090
2017|youth_c|B05_legacy_material_energy|21704|3,24,93,93,1,21704093,21704093
2017|youth_c|B05_legacy_material_energy|21704|3,25,99,99,1,21704099,21704099
2017|youth_c|B05_legacy_material_energy|21704|3,26,103,104,2,21704103,21704104
2017|youth_c|B05_legacy_material_energy|21704|3,27,107,109,3,21704107,21704109
2017|youth_c|B05_legacy_material_energy|21704|3,28,111,111,1,21704111,21704111
2017|youth_c|B06|21701|3,1,73,75,3,21701073,21701075
2017|youth_c|B06|21701|3,2,151,152,2,21701151,21701152
2017|youth_c|B06|21701|3,3,154,154,1,21701154,21701154
2017|youth_c|B06|21701|3,4,156,157,2,21701156,21701157
2017|youth_c|B06|21701|3,5,178,178,1,21701178,21701178
2017|youth_c|B06|21701|3,6,183,184,2,21701183,21701184
2017|youth_c|B06|21703|3,1,216,216,1,21703216,21703216
2017|youth_c|B06|21707|3,1,1,171,171,21707001,21707171
2017|youth_c|B06|21707|3,2,173,177,5,21707173,21707177
2017|youth_c|B07|21701|3,1,3,3,1,21701003,21701003
2017|youth_c|B07|21701|3,2,18,18,1,21701018,21701018
2017|youth_c|B07|21701|3,3,33,34,2,21701033,21701034
2017|youth_c|B07|21701|3,4,42,42,1,21701042,21701042
2017|youth_c|B07|21701|3,5,50,51,2,21701050,21701051
2017|youth_c|B07|21701|3,6,55,56,2,21701055,21701056
2017|youth_c|B07|21701|3,7,62,62,1,21701062,21701062
2017|youth_c|B07|21701|3,8,68,68,1,21701068,21701068
2017|youth_c|B07|21701|3,9,81,81,1,21701081,21701081
2017|youth_c|B07|21701|3,10,96,96,1,21701096,21701096
2017|youth_c|B07|21701|3,11,111,111,1,21701111,21701111
2017|youth_c|B07|21701|3,12,113,113,1,21701113,21701113
2017|youth_c|B07|21701|3,13,121,121,1,21701121,21701121
2017|youth_c|B07|21701|3,14,127,128,2,21701127,21701128
2017|youth_c|B07|21701|3,15,155,155,1,21701155,21701155
2017|youth_c|B07|21701|3,16,161,161,1,21701161,21701161
2017|youth_c|B07|21701|3,17,194,196,3,21701194,21701196
2017|youth_c|B07|21702|3,1,7,7,1,21702007,21702007
2017|youth_c|B07|21702|3,2,18,18,1,21702018,21702018
2017|youth_c|B07|21702|3,3,22,22,1,21702022,21702022
2017|youth_c|B07|21702|3,4,25,25,1,21702025,21702025
2017|youth_c|B07|21702|3,5,36,37,2,21702036,21702037
2017|youth_c|B07|21702|3,6,40,40,1,21702040,21702040
2017|youth_c|B07|21702|3,7,48,48,1,21702048,21702048
2017|youth_c|B07|21702|3,8,51,51,1,21702051,21702051
2017|youth_c|B07|21702|3,9,61,61,1,21702061,21702061
2017|youth_c|B07|21702|3,10,66,68,3,21702066,21702068
2017|youth_c|B07|21702|3,11,73,75,3,21702073,21702075
2017|youth_c|B07|21702|3,12,99,102,4,21702099,21702102
2017|youth_c|B07|21702|3,13,110,111,2,21702110,21702111
2017|youth_c|B07|21702|3,14,123,125,3,21702123,21702125
2017|youth_c|B07|21702|3,15,127,129,3,21702127,21702129
2017|youth_c|B07|21702|3,16,137,137,1,21702137,21702137
2017|youth_c|B07|21702|3,17,141,141,1,21702141,21702141
2017|youth_c|B07|21702|3,18,144,144,1,21702144,21702144
2017|youth_c|B07|21702|3,19,169,169,1,21702169,21702169
2017|youth_c|B07|21702|3,20,171,171,1,21702171,21702171
2017|youth_c|B07|21702|3,21,173,174,2,21702173,21702174
2017|youth_c|B07|21702|3,22,178,178,1,21702178,21702178
2017|youth_c|B07|21702|3,23,181,181,1,21702181,21702181
2017|youth_c|B07|21702|3,24,183,183,1,21702183,21702183
2017|youth_c|B07|21702|3,25,187,187,1,21702187,21702187
2017|youth_c|B07|21702|3,26,190,190,1,21702190,21702190
2017|youth_c|B07|21702|3,27,207,207,1,21702207,21702207
2017|youth_c|B07|21702|3,28,209,210,2,21702209,21702210
2017|youth_c|B07|21702|3,29,219,221,3,21702219,21702221
2017|youth_c|B07|21702|3,30,226,226,1,21702226,21702226
2017|youth_c|B07|21702|3,31,231,231,1,21702231,21702231
2017|youth_c|B07|21702|3,32,233,234,2,21702233,21702234
2017|youth_c|B07|21702|3,33,239,239,1,21702239,21702239
2017|youth_c|B07|21703|3,1,16,16,1,21703016,21703016
2017|youth_c|B07|21703|3,2,163,163,1,21703163,21703163
2017|youth_c|B07|21703|3,3,231,231,1,21703231,21703231
2017|youth_c|B07|21703|3,4,254,255,2,21703254,21703255
2017|youth_c|B07|21703|3,5,283,283,1,21703283,21703283
2017|youth_c|B07|21703|3,6,290,290,1,21703290,21703290
2017|youth_c|B07|21708|3,1,1,54,54,21708001,21708054
2017|youth_c|B08|21702|3,1,76,76,1,21702076,21702076
2017|youth_c|B08|21702|3,2,156,156,1,21702156,21702156
2017|youth_c|B08|21703|3,1,15,15,1,21703015,21703015
2017|youth_c|B08|21706|3,1,1,295,295,21706001,21706295
2017|youth_c|B09|21703|3,1,48,48,1,21703048,21703048
2017|youth_c|B09|21703|3,2,57,57,1,21703057,21703057
2017|youth_c|B09|21703|3,3,72,73,2,21703072,21703073
2017|youth_c|B09|21703|3,4,96,96,1,21703096,21703096
2017|youth_c|B09|21703|3,5,138,138,1,21703138,21703138
2017|youth_c|B09|21703|3,6,141,141,1,21703141,21703141
2017|youth_c|B09|21703|3,7,147,147,1,21703147,21703147
2017|youth_c|B09|21703|3,8,152,152,1,21703152,21703152
2017|youth_c|B09|21703|3,9,173,173,1,21703173,21703173
2017|youth_c|B09|21703|3,10,186,186,1,21703186,21703186
2017|youth_c|B09|21703|3,11,191,193,3,21703191,21703193
2017|youth_c|B09|21703|3,12,204,204,1,21703204,21703204
2017|youth_c|B09|21703|3,13,208,209,2,21703208,21703209
2017|youth_c|B09|21703|3,14,211,212,2,21703211,21703212
2017|youth_c|B09|21703|3,15,215,215,1,21703215,21703215
2017|youth_c|B09|21703|3,16,263,263,1,21703263,21703263
2017|youth_c|B09|21703|3,17,280,280,1,21703280,21703280
2017|youth_c|B09|21703|3,18,285,285,1,21703285,21703285
2017|youth_c|B09|21704|3,1,4,4,1,21704004,21704004
2017|youth_c|B09|21704|3,2,15,15,1,21704015,21704015
2017|youth_c|B09|21704|3,3,21,21,1,21704021,21704021
2017|youth_c|B09|21704|3,4,30,30,1,21704030,21704030
2017|youth_c|B09|21704|3,5,82,82,1,21704082,21704082
2017|youth_c|B09|21704|3,6,89,89,1,21704089,21704089
2018|general|B01|21871|3,1,1,285,285,21871001,21871285
2018|general|B01|21871|3,2,287,301,15,21871287,21871301
2018|general|B02|21872|3,1,1,176,176,21872001,21872176
2018|general|B03|21873|3,1,1,63,63,21873001,21873063
2018|general|B03|21873|3,2,65,116,52,21873065,21873116
2018|general|B04|21874|3,1,1,159,159,21874001,21874159
2018|general|B05_legacy_material_energy|21875|3,1,2,3,2,21875002,21875003
2018|general|B05_legacy_material_energy|21875|3,2,5,6,2,21875005,21875006
2018|general|B05_legacy_material_energy|21875|3,3,8,11,4,21875008,21875011
2018|general|B05_legacy_material_energy|21875|3,4,14,17,4,21875014,21875017
2018|general|B05_legacy_material_energy|21875|3,5,19,21,3,21875019,21875021
2018|general|B05_legacy_material_energy|21875|3,6,23,28,6,21875023,21875028
2018|general|B05_legacy_material_energy|21875|3,7,31,37,7,21875031,21875037
2018|general|B05_legacy_material_energy|21875|3,8,42,44,3,21875042,21875044
2018|general|B05_legacy_material_energy|21875|3,9,47,47,1,21875047,21875047
2018|general|B05_legacy_material_energy|21875|3,10,49,51,3,21875049,21875051
2018|general|B05_legacy_material_energy|21875|3,11,54,55,2,21875054,21875055
2018|general|B05_legacy_material_energy|21875|3,12,58,58,1,21875058,21875058
2018|general|B05_legacy_material_energy|21875|3,13,60,61,2,21875060,21875061
2018|general|B05_legacy_material_energy|21875|3,14,63,65,3,21875063,21875065
2018|general|B05_legacy_material_energy|21875|3,15,67,69,3,21875067,21875069
2018|general|B05_legacy_material_energy|21875|3,16,78,79,2,21875078,21875079
2018|general|B05_legacy_material_energy|21875|3,17,83,87,5,21875083,21875087
2018|general|B05_legacy_material_energy|21875|3,18,91,94,4,21875091,21875094
2018|general|B05_legacy_material_energy|21875|3,19,98,102,5,21875098,21875102
2018|general|B05_legacy_material_energy|21875|3,20,104,104,1,21875104,21875104
2018|general|B05_legacy_material_energy|21875|3,21,108,110,3,21875108,21875110
2018|general|B05_legacy_material_energy|21875|3,22,113,118,6,21875113,21875118
2018|general|B05_legacy_material_energy|21875|3,23,124,124,1,21875124,21875124
2018|general|B05_legacy_material_energy|21875|3,24,126,128,3,21875126,21875128
2018|general|B05_legacy_material_energy|21875|3,25,130,132,3,21875130,21875132
2018|general|B05_legacy_material_energy|21875|3,26,134,136,3,21875134,21875136
2018|general|B05_legacy_material_energy|21875|3,27,140,140,1,21875140,21875140
2018|general|B05_legacy_material_energy|21875|3,28,143,147,5,21875143,21875147
2018|general|B05_legacy_material_energy|21875|3,29,150,153,4,21875150,21875153
2018|general|B05_legacy_material_energy|21875|3,30,157,160,4,21875157,21875160
2018|general|B05_legacy_material_energy|21875|3,31,162,164,3,21875162,21875164
2018|general|B05_legacy_material_energy|21875|3,32,167,170,4,21875167,21875170
2018|general|B05_legacy_material_energy|21875|3,33,175,175,1,21875175,21875175
2018|general|B05_legacy_material_energy|21875|3,34,179,180,2,21875179,21875180
2018|general|B05_legacy_material_energy|21875|3,35,184,185,2,21875184,21875185
2018|general|B05_legacy_material_energy|21875|3,36,188,190,3,21875188,21875190
2018|general|B05_legacy_material_energy|21875|3,37,192,193,2,21875192,21875193
2018|general|B05_legacy_material_energy|21875|3,38,201,202,2,21875201,21875202
2018|general|B05_legacy_material_energy|21875|3,39,205,205,1,21875205,21875205
2018|general|B05_legacy_material_energy|21875|3,40,207,215,9,21875207,21875215
2018|general|B05_legacy_material_energy|21875|3,41,218,219,2,21875218,21875219
2018|general|B05_legacy_material_energy|21875|3,42,221,221,1,21875221,21875221
2018|general|B05_legacy_material_energy|21875|3,43,226,235,10,21875226,21875235
2018|general|B05_legacy_material_energy|21875|3,44,240,242,3,21875240,21875242
2018|general|B05_legacy_material_energy|21875|3,45,245,245,1,21875245,21875245
2018|general|B05_legacy_material_energy|21875|3,46,247,252,6,21875247,21875252
2018|general|B05_legacy_material_energy|21875|3,47,254,254,1,21875254,21875254
2018|general|B05_legacy_material_energy|21875|3,48,257,261,5,21875257,21875261
2018|general|B05_legacy_material_energy|21875|3,49,266,271,6,21875266,21875271
2018|general|B05_legacy_material_energy|21875|3,50,274,274,1,21875274,21875274
2018|general|B05_legacy_material_energy|21875|3,51,277,277,1,21875277,21875277
2018|general|B05_legacy_material_energy|21875|3,52,279,279,1,21875279,21875279
2018|general|B05_legacy_material_energy|21875|3,53,281,281,1,21875281,21875281
2018|general|B05_legacy_material_energy|21875|3,54,287,291,5,21875287,21875291
2018|general|B06|21876|3,1,1,47,47,21876001,21876047
2018|general|B06|21876|3,2,49,114,66,21876049,21876114
2018|general|B06|21876|3,3,116,214,99,21876116,21876214
2018|general|B07|21877|3,1,1,40,40,21877001,21877040
2018|general|B07|21877|3,2,42,134,93,21877042,21877134
2018|general|B08|21878|3,1,1,344,344,21878001,21878344
2018|general|B09|21875|3,1,1,1,1,21875001,21875001
2018|general|B09|21875|3,2,4,4,1,21875004,21875004
2018|general|B09|21875|3,3,7,7,1,21875007,21875007
2018|general|B09|21875|3,4,12,13,2,21875012,21875013
2018|general|B09|21875|3,5,18,18,1,21875018,21875018
2018|general|B09|21875|3,6,22,22,1,21875022,21875022
2018|general|B09|21875|3,7,29,30,2,21875029,21875030
2018|general|B09|21875|3,8,38,41,4,21875038,21875041
2018|general|B09|21875|3,9,45,46,2,21875045,21875046
2018|general|B09|21875|3,10,48,48,1,21875048,21875048
2018|general|B09|21875|3,11,52,53,2,21875052,21875053
2018|general|B09|21875|3,12,56,57,2,21875056,21875057
2018|general|B09|21875|3,13,59,59,1,21875059,21875059
2018|general|B09|21875|3,14,62,62,1,21875062,21875062
2018|general|B09|21875|3,15,66,66,1,21875066,21875066
2018|general|B09|21875|3,16,70,77,8,21875070,21875077
2018|general|B09|21875|3,17,80,81,2,21875080,21875081
2018|general|B09|21875|3,18,88,90,3,21875088,21875090
2018|general|B09|21875|3,19,95,97,3,21875095,21875097
2018|general|B09|21875|3,20,103,103,1,21875103,21875103
2018|general|B09|21875|3,21,105,107,3,21875105,21875107
2018|general|B09|21875|3,22,111,112,2,21875111,21875112
2018|general|B09|21875|3,23,119,123,5,21875119,21875123
2018|general|B09|21875|3,24,125,125,1,21875125,21875125
2018|general|B09|21875|3,25,129,129,1,21875129,21875129
2018|general|B09|21875|3,26,133,133,1,21875133,21875133
2018|general|B09|21875|3,27,137,139,3,21875137,21875139
2018|general|B09|21875|3,28,141,142,2,21875141,21875142
2018|general|B09|21875|3,29,148,149,2,21875148,21875149
2018|general|B09|21875|3,30,154,156,3,21875154,21875156
2018|general|B09|21875|3,31,161,161,1,21875161,21875161
2018|general|B09|21875|3,32,165,166,2,21875165,21875166
2018|general|B09|21875|3,33,171,174,4,21875171,21875174
2018|general|B09|21875|3,34,176,178,3,21875176,21875178
2018|general|B09|21875|3,35,181,183,3,21875181,21875183
2018|general|B09|21875|3,36,186,187,2,21875186,21875187
2018|general|B09|21875|3,37,191,191,1,21875191,21875191
2018|general|B09|21875|3,38,194,200,7,21875194,21875200
2018|general|B09|21875|3,39,203,204,2,21875203,21875204
2018|general|B09|21875|3,40,206,206,1,21875206,21875206
2018|general|B09|21875|3,41,216,217,2,21875216,21875217
2018|general|B09|21875|3,42,220,220,1,21875220,21875220
2018|general|B09|21875|3,43,222,225,4,21875222,21875225
2018|general|B09|21875|3,44,236,239,4,21875236,21875239
2018|general|B09|21875|3,45,243,244,2,21875243,21875244
2018|general|B09|21875|3,46,246,246,1,21875246,21875246
2018|general|B09|21875|3,47,253,253,1,21875253,21875253
2018|general|B09|21875|3,48,255,256,2,21875255,21875256
2018|general|B09|21875|3,49,262,265,4,21875262,21875265
2018|general|B09|21875|3,50,272,273,2,21875272,21875273
2018|general|B09|21875|3,51,275,276,2,21875275,21875276
2018|general|B09|21875|3,52,278,278,1,21875278,21875278
2018|general|B09|21875|3,53,280,280,1,21875280,21875280
2018|general|B09|21875|3,54,282,286,5,21875282,21875286
2018|general|B09|21875|3,55,292,293,2,21875292,21875293
2018|joint_fund|B06|U1867|3,1,203,208,6,U1867203,U1867208
2018|joint_fund|B08|U1862|3,1,101,120,20,U1862101,U1862120
2018|joint_fund|B08|U1862|3,2,201,207,7,U1862201,U1862207
2018|key|B01|21831|3,1,1,9,9,21831001,21831009
2018|key|B02|21832|3,1,1,5,5,21832001,21832005
2018|key|B03|21833|3,1,1,8,8,21833001,21833008
2018|key|B03|21833|3,2,10,12,3,21833010,21833012
2018|key|B04|21834|3,1,1,7,7,21834001,21834007
2018|key|B05_legacy_material_energy|21835|3,1,1,3,3,21835001,21835003
2018|key|B05_legacy_material_energy|21835|3,2,7,7,1,21835007,21835007
2018|key|B06|21836|3,1,2,5,4,21836002,21836005
2018|key|B07|21837|3,1,1,3,3,21837001,21837003
2018|key|B07|21837|3,2,5,6,2,21837005,21837006
2018|key|B08|21838|3,1,1,11,11,21838001,21838011
2018|key|B09|21835|3,1,4,6,3,21835004,21835006
2018|major_research_plan|B01|91856|3,1,102,111,10,91856102,91856111
2018|major_research_plan|B01|91856|3,2,113,119,7,91856113,91856119
2018|major_research_plan|B01|91856|3,3,201,202,2,91856201,91856202
2018|major_research_plan|B02|91845|3,1,0,0,1,91845000,91845000
2018|major_research_plan|B02|91845|3,2,101,110,10,91845101,91845110
2018|major_research_plan|B02|91845|3,3,201,203,3,91845201,91845203
2018|major_research_plan|B02|91856|3,1,120,121,2,91856120,91856121
2018|major_research_plan|B02|91856|3,2,203,203,1,91856203,91856203
2018|major_research_plan|B03|91841|3,1,301,301,1,91841301,91841301
2018|major_research_plan|B03|91845|3,1,111,112,2,91845111,91845112
2018|major_research_plan|B03|91856|3,1,122,122,1,91856122,91856122
2018|major_research_plan|B04|91851|3,1,101,101,1,91851101,91851101
2018|major_research_plan|B04|91853|3,1,101,105,5,91853101,91853105
2018|major_research_plan|B04|91856|3,1,123,123,1,91856123,91856123
2018|major_research_plan|B04|91859|3,1,111,112,2,91859111,91859112
2018|major_research_plan|B04|91859|3,2,123,123,1,91859123,91859123
2018|major_research_plan|B05_legacy_material_energy|91856|3,1,124,125,2,91856124,91856125
2018|major_research_plan|B05_legacy_material_energy|91856|3,2,204,204,1,91856204,91856204
2018|major_research_plan|B07|91853|3,1,106,127,22,91853106,91853127
2018|major_research_plan|B07|91853|3,2,201,206,6,91853201,91853206
2018|major_research_plan|B07|91854|3,1,101,101,1,91854101,91854101
2018|major_research_plan|B07|91856|3,1,126,126,1,91856126,91856126
2018|major_research_plan|B07|91856|3,2,205,205,1,91856205,91856205
2018|regional|B01|21861|3,1,1,45,45,21861001,21861045
2018|regional|B02|21862|3,1,1,23,23,21862001,21862023
2018|regional|B03|21863|3,1,1,10,10,21863001,21863010
2018|regional|B04|21864|3,1,1,20,20,21864001,21864020
2018|regional|B04|21864|3,2,22,26,5,21864022,21864026
2018|regional|B05_legacy_material_energy|21865|3,1,3,9,7,21865003,21865009
2018|regional|B05_legacy_material_energy|21865|3,2,11,11,1,21865011,21865011
2018|regional|B05_legacy_material_energy|21865|3,3,13,13,1,21865013,21865013
2018|regional|B05_legacy_material_energy|21865|3,4,15,17,3,21865015,21865017
2018|regional|B05_legacy_material_energy|21865|3,5,24,24,1,21865024,21865024
2018|regional|B05_legacy_material_energy|21865|3,6,26,26,1,21865026,21865026
2018|regional|B05_legacy_material_energy|21865|3,7,28,31,4,21865028,21865031
2018|regional|B05_legacy_material_energy|21865|3,8,33,34,2,21865033,21865034
2018|regional|B05_legacy_material_energy|21865|3,9,36,38,3,21865036,21865038
2018|regional|B05_legacy_material_energy|21865|3,10,40,40,1,21865040,21865040
2018|regional|B06|21866|3,1,1,33,33,21866001,21866033
2018|regional|B07|21867|3,1,1,20,20,21867001,21867020
2018|regional|B08|21868|3,1,1,38,38,21868001,21868038
2018|regional|B09|21865|3,1,1,2,2,21865001,21865002
2018|regional|B09|21865|3,2,10,10,1,21865010,21865010
2018|regional|B09|21865|3,3,12,12,1,21865012,21865012
2018|regional|B09|21865|3,4,14,14,1,21865014,21865014
2018|regional|B09|21865|3,5,18,23,6,21865018,21865023
2018|regional|B09|21865|3,6,25,25,1,21865025,21865025
2018|regional|B09|21865|3,7,27,27,1,21865027,21865027
2018|regional|B09|21865|3,8,32,32,1,21865032,21865032
2018|regional|B09|21865|3,9,35,35,1,21865035,21865035
2018|regional|B09|21865|3,10,39,39,1,21865039,21865039
2018|youth_c|B01|21801|3,1,1,261,261,21801001,21801261
2018|youth_c|B02|21802|3,1,1,67,67,21802001,21802067
2018|youth_c|B02|21802|3,2,69,173,105,21802069,21802173
2018|youth_c|B03|21803|3,1,1,67,67,21803001,21803067
2018|youth_c|B03|21803|3,2,69,81,13,21803069,21803081
2018|youth_c|B04|21804|3,1,1,147,147,21804001,21804147
2018|youth_c|B05_legacy_material_energy|21805|3,1,1,2,2,21805001,21805002
2018|youth_c|B05_legacy_material_energy|21805|3,2,5,5,1,21805005,21805005
2018|youth_c|B05_legacy_material_energy|21805|3,3,8,9,2,21805008,21805009
2018|youth_c|B05_legacy_material_energy|21805|3,4,14,15,2,21805014,21805015
2018|youth_c|B05_legacy_material_energy|21805|3,5,17,17,1,21805017,21805017
2018|youth_c|B05_legacy_material_energy|21805|3,6,19,25,7,21805019,21805025
2018|youth_c|B05_legacy_material_energy|21805|3,7,28,28,1,21805028,21805028
2018|youth_c|B05_legacy_material_energy|21805|3,8,31,31,1,21805031,21805031
2018|youth_c|B05_legacy_material_energy|21805|3,9,33,33,1,21805033,21805033
2018|youth_c|B05_legacy_material_energy|21805|3,10,35,37,3,21805035,21805037
2018|youth_c|B05_legacy_material_energy|21805|3,11,41,45,5,21805041,21805045
2018|youth_c|B05_legacy_material_energy|21805|3,12,47,49,3,21805047,21805049
2018|youth_c|B05_legacy_material_energy|21805|3,13,57,61,5,21805057,21805061
2018|youth_c|B05_legacy_material_energy|21805|3,14,63,63,1,21805063,21805063
2018|youth_c|B05_legacy_material_energy|21805|3,15,68,69,2,21805068,21805069
2018|youth_c|B05_legacy_material_energy|21805|3,16,71,71,1,21805071,21805071
2018|youth_c|B05_legacy_material_energy|21805|3,17,74,78,5,21805074,21805078
2018|youth_c|B05_legacy_material_energy|21805|3,18,82,83,2,21805082,21805083
2018|youth_c|B05_legacy_material_energy|21805|3,19,85,88,4,21805085,21805088
2018|youth_c|B05_legacy_material_energy|21805|3,20,90,92,3,21805090,21805092
2018|youth_c|B05_legacy_material_energy|21805|3,21,94,96,3,21805094,21805096
2018|youth_c|B05_legacy_material_energy|21805|3,22,102,102,1,21805102,21805102
2018|youth_c|B05_legacy_material_energy|21805|3,23,106,111,6,21805106,21805111
2018|youth_c|B05_legacy_material_energy|21805|3,24,116,116,1,21805116,21805116
2018|youth_c|B05_legacy_material_energy|21805|3,25,118,120,3,21805118,21805120
2018|youth_c|B05_legacy_material_energy|21805|3,26,125,125,1,21805125,21805125
2018|youth_c|B05_legacy_material_energy|21805|3,27,129,135,7,21805129,21805135
2018|youth_c|B05_legacy_material_energy|21805|3,28,137,139,3,21805137,21805139
2018|youth_c|B05_legacy_material_energy|21805|3,29,142,144,3,21805142,21805144
2018|youth_c|B05_legacy_material_energy|21805|3,30,149,153,5,21805149,21805153
2018|youth_c|B05_legacy_material_energy|21805|3,31,159,160,2,21805159,21805160
2018|youth_c|B05_legacy_material_energy|21805|3,32,163,168,6,21805163,21805168
2018|youth_c|B05_legacy_material_energy|21805|3,33,172,173,2,21805172,21805173
2018|youth_c|B05_legacy_material_energy|21805|3,34,175,175,1,21805175,21805175
2018|youth_c|B05_legacy_material_energy|21805|3,35,177,178,2,21805177,21805178
2018|youth_c|B05_legacy_material_energy|21805|3,36,180,180,1,21805180,21805180
2018|youth_c|B05_legacy_material_energy|21805|3,37,184,185,2,21805184,21805185
2018|youth_c|B05_legacy_material_energy|21805|3,38,187,192,6,21805187,21805192
2018|youth_c|B05_legacy_material_energy|21805|3,39,197,197,1,21805197,21805197
2018|youth_c|B05_legacy_material_energy|21805|3,40,200,201,2,21805200,21805201
2018|youth_c|B05_legacy_material_energy|21805|3,41,204,205,2,21805204,21805205
2018|youth_c|B05_legacy_material_energy|21805|3,42,207,208,2,21805207,21805208
2018|youth_c|B05_legacy_material_energy|21805|3,43,211,211,1,21805211,21805211
2018|youth_c|B05_legacy_material_energy|21805|3,44,213,213,1,21805213,21805213
2018|youth_c|B05_legacy_material_energy|21805|3,45,215,218,4,21805215,21805218
2018|youth_c|B05_legacy_material_energy|21805|3,46,222,230,9,21805222,21805230
2018|youth_c|B05_legacy_material_energy|21805|3,47,233,235,3,21805233,21805235
2018|youth_c|B05_legacy_material_energy|21805|3,48,238,238,1,21805238,21805238
2018|youth_c|B05_legacy_material_energy|21805|3,49,240,241,2,21805240,21805241
2018|youth_c|B05_legacy_material_energy|21805|3,50,246,246,1,21805246,21805246
2018|youth_c|B05_legacy_material_energy|21805|3,51,248,249,2,21805248,21805249
2018|youth_c|B05_legacy_material_energy|21805|3,52,251,251,1,21805251,21805251
2018|youth_c|B05_legacy_material_energy|21805|3,53,253,260,8,21805253,21805260
2018|youth_c|B05_legacy_material_energy|21805|3,54,263,266,4,21805263,21805266
2018|youth_c|B05_legacy_material_energy|21805|3,55,270,272,3,21805270,21805272
2018|youth_c|B05_legacy_material_energy|21805|3,56,275,276,2,21805275,21805276
2018|youth_c|B05_legacy_material_energy|21805|3,57,282,282,1,21805282,21805282
2018|youth_c|B05_legacy_material_energy|21805|3,58,284,286,3,21805284,21805286
2018|youth_c|B05_legacy_material_energy|21805|3,59,293,296,4,21805293,21805296
2018|youth_c|B05_legacy_material_energy|21805|3,60,299,299,1,21805299,21805299
2018|youth_c|B05_legacy_material_energy|21805|3,61,303,303,1,21805303,21805303
2018|youth_c|B05_legacy_material_energy|21805|3,62,305,306,2,21805305,21805306
2018|youth_c|B05_legacy_material_energy|21805|3,63,310,319,10,21805310,21805319
2018|youth_c|B06|21806|3,1,1,71,71,21806001,21806071
2018|youth_c|B06|21806|3,2,73,194,122,21806073,21806194
2018|youth_c|B07|21807|3,1,1,70,70,21807001,21807070
2018|youth_c|B07|21807|3,2,72,121,50,21807072,21807121
2018|youth_c|B08|21808|3,1,1,249,249,21808001,21808249
2018|youth_c|B09|21805|3,1,3,4,2,21805003,21805004
2018|youth_c|B09|21805|3,2,6,7,2,21805006,21805007
2018|youth_c|B09|21805|3,3,10,13,4,21805010,21805013
2018|youth_c|B09|21805|3,4,16,16,1,21805016,21805016
2018|youth_c|B09|21805|3,5,18,18,1,21805018,21805018
2018|youth_c|B09|21805|3,6,26,27,2,21805026,21805027
2018|youth_c|B09|21805|3,7,29,30,2,21805029,21805030
2018|youth_c|B09|21805|3,8,32,32,1,21805032,21805032
2018|youth_c|B09|21805|3,9,34,34,1,21805034,21805034
2018|youth_c|B09|21805|3,10,38,40,3,21805038,21805040
2018|youth_c|B09|21805|3,11,46,46,1,21805046,21805046
2018|youth_c|B09|21805|3,12,50,56,7,21805050,21805056
2018|youth_c|B09|21805|3,13,62,62,1,21805062,21805062
2018|youth_c|B09|21805|3,14,64,67,4,21805064,21805067
2018|youth_c|B09|21805|3,15,70,70,1,21805070,21805070
2018|youth_c|B09|21805|3,16,72,73,2,21805072,21805073
2018|youth_c|B09|21805|3,17,79,81,3,21805079,21805081
2018|youth_c|B09|21805|3,18,84,84,1,21805084,21805084
2018|youth_c|B09|21805|3,19,89,89,1,21805089,21805089
2018|youth_c|B09|21805|3,20,93,93,1,21805093,21805093
2018|youth_c|B09|21805|3,21,97,101,5,21805097,21805101
2018|youth_c|B09|21805|3,22,103,105,3,21805103,21805105
2018|youth_c|B09|21805|3,23,112,115,4,21805112,21805115
2018|youth_c|B09|21805|3,24,117,117,1,21805117,21805117
2018|youth_c|B09|21805|3,25,121,124,4,21805121,21805124
2018|youth_c|B09|21805|3,26,126,128,3,21805126,21805128
2018|youth_c|B09|21805|3,27,136,136,1,21805136,21805136
2018|youth_c|B09|21805|3,28,140,141,2,21805140,21805141
2018|youth_c|B09|21805|3,29,145,148,4,21805145,21805148
2018|youth_c|B09|21805|3,30,154,158,5,21805154,21805158
2018|youth_c|B09|21805|3,31,161,162,2,21805161,21805162
2018|youth_c|B09|21805|3,32,169,171,3,21805169,21805171
2018|youth_c|B09|21805|3,33,174,174,1,21805174,21805174
2018|youth_c|B09|21805|3,34,176,176,1,21805176,21805176
2018|youth_c|B09|21805|3,35,179,179,1,21805179,21805179
2018|youth_c|B09|21805|3,36,181,183,3,21805181,21805183
2018|youth_c|B09|21805|3,37,186,186,1,21805186,21805186
2018|youth_c|B09|21805|3,38,193,196,4,21805193,21805196
2018|youth_c|B09|21805|3,39,198,199,2,21805198,21805199
2018|youth_c|B09|21805|3,40,202,203,2,21805202,21805203
2018|youth_c|B09|21805|3,41,206,206,1,21805206,21805206
2018|youth_c|B09|21805|3,42,209,210,2,21805209,21805210
2018|youth_c|B09|21805|3,43,212,212,1,21805212,21805212
2018|youth_c|B09|21805|3,44,214,214,1,21805214,21805214
2018|youth_c|B09|21805|3,45,219,221,3,21805219,21805221
2018|youth_c|B09|21805|3,46,231,232,2,21805231,21805232
2018|youth_c|B09|21805|3,47,236,237,2,21805236,21805237
2018|youth_c|B09|21805|3,48,239,239,1,21805239,21805239
2018|youth_c|B09|21805|3,49,242,245,4,21805242,21805245
2018|youth_c|B09|21805|3,50,247,247,1,21805247,21805247
2018|youth_c|B09|21805|3,51,250,250,1,21805250,21805250
2018|youth_c|B09|21805|3,52,252,252,1,21805252,21805252
2018|youth_c|B09|21805|3,53,261,262,2,21805261,21805262
2018|youth_c|B09|21805|3,54,267,269,3,21805267,21805269
2018|youth_c|B09|21805|3,55,273,274,2,21805273,21805274
2018|youth_c|B09|21805|3,56,277,281,5,21805277,21805281
2018|youth_c|B09|21805|3,57,283,283,1,21805283,21805283
2018|youth_c|B09|21805|3,58,287,292,6,21805287,21805292
2018|youth_c|B09|21805|3,59,297,298,2,21805297,21805298
2018|youth_c|B09|21805|3,60,300,302,3,21805300,21805302
2018|youth_c|B09|21805|3,61,304,304,1,21805304,21805304
2018|youth_c|B09|21805|3,62,307,309,3,21805307,21805309
2019|general|B01|21971|3,1,1,268,268,21971001,21971268
2019|general|B02|21972|3,1,1,172,172,21972001,21972172
2019|general|B03|21973|3,1,1,18,18,21973001,21973018
2019|general|B03|21973|3,2,20,113,94,21973020,21973113
2019|general|B04|21974|3,1,1,154,154,21974001,21974154
2019|general|B05_legacy_material_energy|21975|3,1,1,5,5,21975001,21975005
2019|general|B05_legacy_material_energy|21975|3,2,7,9,3,21975007,21975009
2019|general|B05_legacy_material_energy|21975|3,3,13,14,2,21975013,21975014
2019|general|B05_legacy_material_energy|21975|3,4,19,24,6,21975019,21975024
2019|general|B05_legacy_material_energy|21975|3,5,29,29,1,21975029,21975029
2019|general|B05_legacy_material_energy|21975|3,6,37,37,1,21975037,21975037
2019|general|B05_legacy_material_energy|21975|3,7,39,40,2,21975039,21975040
2019|general|B05_legacy_material_energy|21975|3,8,42,42,1,21975042,21975042
2019|general|B05_legacy_material_energy|21975|3,9,44,50,7,21975044,21975050
2019|general|B05_legacy_material_energy|21975|3,10,53,55,3,21975053,21975055
2019|general|B05_legacy_material_energy|21975|3,11,58,58,1,21975058,21975058
2019|general|B05_legacy_material_energy|21975|3,12,61,63,3,21975061,21975063
2019|general|B05_legacy_material_energy|21975|3,13,65,68,4,21975065,21975068
2019|general|B05_legacy_material_energy|21975|3,14,72,73,2,21975072,21975073
2019|general|B05_legacy_material_energy|21975|3,15,76,78,3,21975076,21975078
2019|general|B05_legacy_material_energy|21975|3,16,85,86,2,21975085,21975086
2019|general|B05_legacy_material_energy|21975|3,17,90,90,1,21975090,21975090
2019|general|B05_legacy_material_energy|21975|3,18,93,99,7,21975093,21975099
2019|general|B05_legacy_material_energy|21975|3,19,103,108,6,21975103,21975108
2019|general|B05_legacy_material_energy|21975|3,20,111,111,1,21975111,21975111
2019|general|B05_legacy_material_energy|21975|3,21,114,115,2,21975114,21975115
2019|general|B05_legacy_material_energy|21975|3,22,117,118,2,21975117,21975118
2019|general|B05_legacy_material_energy|21975|3,23,120,123,4,21975120,21975123
2019|general|B05_legacy_material_energy|21975|3,24,127,128,2,21975127,21975128
2019|general|B05_legacy_material_energy|21975|3,25,130,134,5,21975130,21975134
2019|general|B05_legacy_material_energy|21975|3,26,138,141,4,21975138,21975141
2019|general|B05_legacy_material_energy|21975|3,27,144,150,7,21975144,21975150
2019|general|B05_legacy_material_energy|21975|3,28,152,153,2,21975152,21975153
2019|general|B05_legacy_material_energy|21975|3,29,156,156,1,21975156,21975156
2019|general|B05_legacy_material_energy|21975|3,30,160,160,1,21975160,21975160
2019|general|B05_legacy_material_energy|21975|3,31,165,167,3,21975165,21975167
2019|general|B05_legacy_material_energy|21975|3,32,169,171,3,21975169,21975171
2019|general|B05_legacy_material_energy|21975|3,33,176,179,4,21975176,21975179
2019|general|B05_legacy_material_energy|21975|3,34,182,182,1,21975182,21975182
2019|general|B05_legacy_material_energy|21975|3,35,184,185,2,21975184,21975185
2019|general|B05_legacy_material_energy|21975|3,36,188,188,1,21975188,21975188
2019|general|B05_legacy_material_energy|21975|3,37,191,191,1,21975191,21975191
2019|general|B05_legacy_material_energy|21975|3,38,196,197,2,21975196,21975197
2019|general|B05_legacy_material_energy|21975|3,39,199,202,4,21975199,21975202
2019|general|B05_legacy_material_energy|21975|3,40,204,206,3,21975204,21975206
2019|general|B05_legacy_material_energy|21975|3,41,208,209,2,21975208,21975209
2019|general|B05_legacy_material_energy|21975|3,42,213,218,6,21975213,21975218
2019|general|B05_legacy_material_energy|21975|3,43,221,224,4,21975221,21975224
2019|general|B05_legacy_material_energy|21975|3,44,226,227,2,21975226,21975227
2019|general|B05_legacy_material_energy|21975|3,45,231,241,11,21975231,21975241
2019|general|B05_legacy_material_energy|21975|3,46,246,249,4,21975246,21975249
2019|general|B05_legacy_material_energy|21975|3,47,254,259,6,21975254,21975259
2019|general|B05_legacy_material_energy|21975|3,48,261,261,1,21975261,21975261
2019|general|B05_legacy_material_energy|21975|3,49,263,263,1,21975263,21975263
2019|general|B05_legacy_material_energy|21975|3,50,268,268,1,21975268,21975268
2019|general|B05_legacy_material_energy|21975|3,51,270,273,4,21975270,21975273
2019|general|B05_legacy_material_energy|21975|3,52,278,281,4,21975278,21975281
2019|general|B05_legacy_material_energy|21975|3,53,285,286,2,21975285,21975286
2019|general|B05_legacy_material_energy|21975|3,54,288,288,1,21975288,21975288
2019|general|B05_legacy_material_energy|21975|3,55,290,291,2,21975290,21975291
2019|general|B06|21976|3,1,1,136,136,21976001,21976136
2019|general|B06|21976|3,2,138,216,79,21976138,21976216
2019|general|B07|21977|3,1,1,128,128,21977001,21977128
2019|general|B08|21978|3,1,1,332,332,21978001,21978332
2019|general|B09|21975|3,1,6,6,1,21975006,21975006
2019|general|B09|21975|3,2,10,12,3,21975010,21975012
2019|general|B09|21975|3,3,15,18,4,21975015,21975018
2019|general|B09|21975|3,4,25,28,4,21975025,21975028
2019|general|B09|21975|3,5,30,36,7,21975030,21975036
2019|general|B09|21975|3,6,38,38,1,21975038,21975038
2019|general|B09|21975|3,7,43,43,1,21975043,21975043
2019|general|B09|21975|3,8,51,52,2,21975051,21975052
2019|general|B09|21975|3,9,56,57,2,21975056,21975057
2019|general|B09|21975|3,10,59,60,2,21975059,21975060
2019|general|B09|21975|3,11,64,64,1,21975064,21975064
2019|general|B09|21975|3,12,69,71,3,21975069,21975071
2019|general|B09|21975|3,13,74,75,2,21975074,21975075
2019|general|B09|21975|3,14,79,84,6,21975079,21975084
2019|general|B09|21975|3,15,87,89,3,21975087,21975089
2019|general|B09|21975|3,16,91,92,2,21975091,21975092
2019|general|B09|21975|3,17,100,102,3,21975100,21975102
2019|general|B09|21975|3,18,109,110,2,21975109,21975110
2019|general|B09|21975|3,19,112,113,2,21975112,21975113
2019|general|B09|21975|3,20,116,116,1,21975116,21975116
2019|general|B09|21975|3,21,119,119,1,21975119,21975119
2019|general|B09|21975|3,22,124,126,3,21975124,21975126
2019|general|B09|21975|3,23,129,129,1,21975129,21975129
2019|general|B09|21975|3,24,135,137,3,21975135,21975137
2019|general|B09|21975|3,25,142,143,2,21975142,21975143
2019|general|B09|21975|3,26,151,151,1,21975151,21975151
2019|general|B09|21975|3,27,154,155,2,21975154,21975155
2019|general|B09|21975|3,28,157,159,3,21975157,21975159
2019|general|B09|21975|3,29,161,164,4,21975161,21975164
2019|general|B09|21975|3,30,168,168,1,21975168,21975168
2019|general|B09|21975|3,31,172,175,4,21975172,21975175
2019|general|B09|21975|3,32,180,181,2,21975180,21975181
2019|general|B09|21975|3,33,183,183,1,21975183,21975183
2019|general|B09|21975|3,34,186,187,2,21975186,21975187
2019|general|B09|21975|3,35,189,190,2,21975189,21975190
2019|general|B09|21975|3,36,192,195,4,21975192,21975195
2019|general|B09|21975|3,37,198,198,1,21975198,21975198
2019|general|B09|21975|3,38,203,203,1,21975203,21975203
2019|general|B09|21975|3,39,207,207,1,21975207,21975207
2019|general|B09|21975|3,40,210,212,3,21975210,21975212
2019|general|B09|21975|3,41,219,220,2,21975219,21975220
2019|general|B09|21975|3,42,225,225,1,21975225,21975225
2019|general|B09|21975|3,43,228,230,3,21975228,21975230
2019|general|B09|21975|3,44,242,245,4,21975242,21975245
2019|general|B09|21975|3,45,250,253,4,21975250,21975253
2019|general|B09|21975|3,46,260,260,1,21975260,21975260
2019|general|B09|21975|3,47,262,262,1,21975262,21975262
2019|general|B09|21975|3,48,264,267,4,21975264,21975267
2019|general|B09|21975|3,49,269,269,1,21975269,21975269
2019|general|B09|21975|3,50,274,277,4,21975274,21975277
2019|general|B09|21975|3,51,282,284,3,21975282,21975284
2019|general|B09|21975|3,52,287,287,1,21975287,21975287
2019|general|B09|21975|3,53,289,289,1,21975289,21975289
2019|general|B09|21975|3,54,292,292,1,21975292,21975292
2019|joint_fund|B01|U19A2|3,1,14,14,1,U19A2014,U19A2014
2019|joint_fund|B06|U1967|3,1,215,220,6,U1967215,U1967220
2019|joint_fund|B07|U1967|3,1,221,222,2,U1967221,U1967222
2019|joint_fund|B08|U1908|3,1,201,204,4,U1908201,U1908204
2019|joint_fund|B08|U1910|3,1,201,203,3,U1910201,U1910203
2019|joint_fund|B08|U19B2|3,1,1,3,3,U19B2001,U19B2003
2019|joint_fund|B09|U19A2|3,1,15,19,5,U19A2015,U19A2019
2019|key|B01|21931|3,1,1,14,14,21931001,21931014
2019|key|B02|21932|3,1,1,6,6,21932001,21932006
2019|key|B03|21933|3,1,1,12,12,21933001,21933012
2019|key|B04|21934|3,1,1,7,7,21934001,21934007
2019|key|B05_legacy_material_energy|21935|3,1,2,2,1,21935002,21935002
2019|key|B05_legacy_material_energy|21935|3,2,4,4,1,21935004,21935004
2019|key|B05_legacy_material_energy|21935|3,3,8,8,1,21935008,21935008
2019|key|B05_legacy_material_energy|21935|3,4,10,11,2,21935010,21935011
2019|key|B06|21936|3,1,1,7,7,21936001,21936007
2019|key|B07|21937|3,1,1,6,6,21937001,21937006
2019|key|B08|21938|3,1,1,12,12,21938001,21938012
2019|key|B09|21935|3,1,1,1,1,21935001,21935001
2019|key|B09|21935|3,2,3,3,1,21935003,21935003
2019|key|B09|21935|3,3,5,7,3,21935005,21935007
2019|key|B09|21935|3,4,9,9,1,21935009,21935009
2019|major_research_plan|B01|91956|3,1,0,0,1,91956000,91956000
2019|major_research_plan|B01|91956|3,2,102,128,27,91956102,91956128
2019|major_research_plan|B01|91956|3,3,201,203,3,91956201,91956203
2019|major_research_plan|B01|91961|3,1,103,117,15,91961103,91961117
2019|major_research_plan|B01|91961|3,2,201,202,2,91961201,91961202
2019|major_research_plan|B02|91961|3,1,118,118,1,91961118,91961118
2019|major_research_plan|B02|91961|3,2,203,203,1,91961203,91961203
2019|major_research_plan|B03|91953|3,1,101,101,1,91953101,91953101
2019|major_research_plan|B03|91961|3,1,119,123,5,91961119,91961123
2019|major_research_plan|B03|91961|3,2,204,204,1,91961204,91961204
2019|major_research_plan|B04|91953|3,1,102,106,5,91953102,91953106
2019|major_research_plan|B04|91956|3,1,129,129,1,91956129,91956129
2019|major_research_plan|B04|91959|3,1,101,104,4,91959101,91959104
2019|major_research_plan|B04|91959|3,2,201,201,1,91959201,91959201
2019|major_research_plan|B04|91961|3,1,124,124,1,91961124,91961124
2019|major_research_plan|B05_legacy_material_energy|91945|3,1,0,0,1,91945000,91945000
2019|major_research_plan|B05_legacy_material_energy|91956|3,1,130,130,1,91956130,91956130
2019|major_research_plan|B05_legacy_material_energy|91961|3,1,125,126,2,91961125,91961126
2019|major_research_plan|B05_legacy_material_energy|91963|3,1,104,107,4,91963104,91963107
2019|major_research_plan|B07|91953|3,1,0,0,1,91953000,91953000
2019|major_research_plan|B07|91953|3,2,107,119,13,91953107,91953119
2019|major_research_plan|B07|91953|3,3,201,203,3,91953201,91953203
2019|major_research_plan|B07|91957|3,1,101,101,1,91957101,91957101
2019|major_research_plan|B07|91959|3,1,105,105,1,91959105,91959105
2019|major_research_plan|B08|91934|3,1,0,0,1,91934000,91934000
2019|major_research_plan|B09|91963|3,1,108,109,2,91963108,91963109
2019|regional|B01|21961|3,1,1,48,48,21961001,21961048
2019|regional|B02|21962|3,1,1,22,22,21962001,21962022
2019|regional|B03|21963|3,1,1,10,10,21963001,21963010
2019|regional|B04|21964|3,1,1,23,23,21964001,21964023
2019|regional|B05_legacy_material_energy|21965|3,1,1,3,3,21965001,21965003
2019|regional|B05_legacy_material_energy|21965|3,2,5,5,1,21965005,21965005
2019|regional|B05_legacy_material_energy|21965|3,3,8,11,4,21965008,21965011
2019|regional|B05_legacy_material_energy|21965|3,4,14,16,3,21965014,21965016
2019|regional|B05_legacy_material_energy|21965|3,5,20,23,4,21965020,21965023
2019|regional|B05_legacy_material_energy|21965|3,6,26,27,2,21965026,21965027
2019|regional|B05_legacy_material_energy|21965|3,7,30,32,3,21965030,21965032
2019|regional|B05_legacy_material_energy|21965|3,8,37,39,3,21965037,21965039
2019|regional|B06|21966|3,1,1,33,33,21966001,21966033
2019|regional|B07|21967|3,1,1,21,21,21967001,21967021
2019|regional|B08|21968|3,1,1,38,38,21968001,21968038
2019|regional|B09|21965|3,1,4,4,1,21965004,21965004
2019|regional|B09|21965|3,2,6,7,2,21965006,21965007
2019|regional|B09|21965|3,3,12,13,2,21965012,21965013
2019|regional|B09|21965|3,4,17,19,3,21965017,21965019
2019|regional|B09|21965|3,5,24,25,2,21965024,21965025
2019|regional|B09|21965|3,6,28,29,2,21965028,21965029
2019|regional|B09|21965|3,7,33,36,4,21965033,21965036
2019|regional|B09|21965|3,8,40,40,1,21965040,21965040
2019|youth_c|B01|21901|3,1,1,111,111,21901001,21901111
2019|youth_c|B01|21901|3,2,113,125,13,21901113,21901125
2019|youth_c|B01|21901|3,3,127,128,2,21901127,21901128
2019|youth_c|B01|21901|3,4,130,230,101,21901130,21901230
2019|youth_c|B01|21901|3,5,232,266,35,21901232,21901266
2019|youth_c|B02|21902|3,1,1,189,189,21902001,21902189
2019|youth_c|B03|21903|3,1,1,89,89,21903001,21903089
2019|youth_c|B04|21904|3,1,1,146,146,21904001,21904146
2019|youth_c|B05_legacy_material_energy|21905|3,1,1,4,4,21905001,21905004
2019|youth_c|B05_legacy_material_energy|21905|3,2,8,12,5,21905008,21905012
2019|youth_c|B05_legacy_material_energy|21905|3,3,14,15,2,21905014,21905015
2019|youth_c|B05_legacy_material_energy|21905|3,4,19,19,1,21905019,21905019
2019|youth_c|B05_legacy_material_energy|21905|3,5,21,24,4,21905021,21905024
2019|youth_c|B05_legacy_material_energy|21905|3,6,29,32,4,21905029,21905032
2019|youth_c|B05_legacy_material_energy|21905|3,7,34,35,2,21905034,21905035
2019|youth_c|B05_legacy_material_energy|21905|3,8,39,39,1,21905039,21905039
2019|youth_c|B05_legacy_material_energy|21905|3,9,43,43,1,21905043,21905043
2019|youth_c|B05_legacy_material_energy|21905|3,10,50,50,1,21905050,21905050
2019|youth_c|B05_legacy_material_energy|21905|3,11,52,53,2,21905052,21905053
2019|youth_c|B05_legacy_material_energy|21905|3,12,60,60,1,21905060,21905060
2019|youth_c|B05_legacy_material_energy|21905|3,13,62,62,1,21905062,21905062
2019|youth_c|B05_legacy_material_energy|21905|3,14,64,69,6,21905064,21905069
2019|youth_c|B05_legacy_material_energy|21905|3,15,72,72,1,21905072,21905072
2019|youth_c|B05_legacy_material_energy|21905|3,16,74,82,9,21905074,21905082
2019|youth_c|B05_legacy_material_energy|21905|3,17,84,84,1,21905084,21905084
2019|youth_c|B05_legacy_material_energy|21905|3,18,90,90,1,21905090,21905090
2019|youth_c|B05_legacy_material_energy|21905|3,19,92,97,6,21905092,21905097
2019|youth_c|B05_legacy_material_energy|21905|3,20,101,101,1,21905101,21905101
2019|youth_c|B05_legacy_material_energy|21905|3,21,104,105,2,21905104,21905105
2019|youth_c|B05_legacy_material_energy|21905|3,22,107,109,3,21905107,21905109
2019|youth_c|B05_legacy_material_energy|21905|3,23,111,113,3,21905111,21905113
2019|youth_c|B05_legacy_material_energy|21905|3,24,115,115,1,21905115,21905115
2019|youth_c|B05_legacy_material_energy|21905|3,25,117,117,1,21905117,21905117
2019|youth_c|B05_legacy_material_energy|21905|3,26,120,122,3,21905120,21905122
2019|youth_c|B05_legacy_material_energy|21905|3,27,126,128,3,21905126,21905128
2019|youth_c|B05_legacy_material_energy|21905|3,28,130,132,3,21905130,21905132
2019|youth_c|B05_legacy_material_energy|21905|3,29,135,135,1,21905135,21905135
2019|youth_c|B05_legacy_material_energy|21905|3,30,138,138,1,21905138,21905138
2019|youth_c|B05_legacy_material_energy|21905|3,31,142,142,1,21905142,21905142
2019|youth_c|B05_legacy_material_energy|21905|3,32,145,147,3,21905145,21905147
2019|youth_c|B05_legacy_material_energy|21905|3,33,150,150,1,21905150,21905150
2019|youth_c|B05_legacy_material_energy|21905|3,34,155,156,2,21905155,21905156
2019|youth_c|B05_legacy_material_energy|21905|3,35,159,159,1,21905159,21905159
2019|youth_c|B05_legacy_material_energy|21905|3,36,161,161,1,21905161,21905161
2019|youth_c|B05_legacy_material_energy|21905|3,37,164,166,3,21905164,21905166
2019|youth_c|B05_legacy_material_energy|21905|3,38,168,168,1,21905168,21905168
2019|youth_c|B05_legacy_material_energy|21905|3,39,170,171,2,21905170,21905171
2019|youth_c|B05_legacy_material_energy|21905|3,40,174,174,1,21905174,21905174
2019|youth_c|B05_legacy_material_energy|21905|3,41,176,178,3,21905176,21905178
2019|youth_c|B05_legacy_material_energy|21905|3,42,182,184,3,21905182,21905184
2019|youth_c|B05_legacy_material_energy|21905|3,43,186,186,1,21905186,21905186
2019|youth_c|B05_legacy_material_energy|21905|3,44,188,192,5,21905188,21905192
2019|youth_c|B05_legacy_material_energy|21905|3,45,195,200,6,21905195,21905200
2019|youth_c|B05_legacy_material_energy|21905|3,46,203,204,2,21905203,21905204
2019|youth_c|B05_legacy_material_energy|21905|3,47,206,206,1,21905206,21905206
2019|youth_c|B05_legacy_material_energy|21905|3,48,210,212,3,21905210,21905212
2019|youth_c|B05_legacy_material_energy|21905|3,49,214,215,2,21905214,21905215
2019|youth_c|B05_legacy_material_energy|21905|3,50,217,217,1,21905217,21905217
2019|youth_c|B05_legacy_material_energy|21905|3,51,221,224,4,21905221,21905224
2019|youth_c|B05_legacy_material_energy|21905|3,52,226,230,5,21905226,21905230
2019|youth_c|B05_legacy_material_energy|21905|3,53,232,234,3,21905232,21905234
2019|youth_c|B05_legacy_material_energy|21905|3,54,236,238,3,21905236,21905238
2019|youth_c|B05_legacy_material_energy|21905|3,55,241,241,1,21905241,21905241
2019|youth_c|B05_legacy_material_energy|21905|3,56,243,243,1,21905243,21905243
2019|youth_c|B05_legacy_material_energy|21905|3,57,246,247,2,21905246,21905247
2019|youth_c|B05_legacy_material_energy|21905|3,58,251,254,4,21905251,21905254
2019|youth_c|B05_legacy_material_energy|21905|3,59,256,263,8,21905256,21905263
2019|youth_c|B05_legacy_material_energy|21905|3,60,270,270,1,21905270,21905270
2019|youth_c|B05_legacy_material_energy|21905|3,61,276,281,6,21905276,21905281
2019|youth_c|B05_legacy_material_energy|21905|3,62,283,283,1,21905283,21905283
2019|youth_c|B05_legacy_material_energy|21905|3,63,285,285,1,21905285,21905285
2019|youth_c|B05_legacy_material_energy|21905|3,64,287,287,1,21905287,21905287
2019|youth_c|B05_legacy_material_energy|21905|3,65,289,290,2,21905289,21905290
2019|youth_c|B05_legacy_material_energy|21905|3,66,292,292,1,21905292,21905292
2019|youth_c|B05_legacy_material_energy|21905|3,67,296,296,1,21905296,21905296
2019|youth_c|B05_legacy_material_energy|21905|3,68,301,303,3,21905301,21905303
2019|youth_c|B05_legacy_material_energy|21905|3,69,307,307,1,21905307,21905307
2019|youth_c|B05_legacy_material_energy|21905|3,70,310,310,1,21905310,21905310
2019|youth_c|B06|21906|3,1,1,188,188,21906001,21906188
2019|youth_c|B07|21907|3,1,1,114,114,21907001,21907114
2019|youth_c|B08|21908|3,1,1,212,212,21908001,21908212
2019|youth_c|B08|21908|3,2,214,257,44,21908214,21908257
2019|youth_c|B09|21905|3,1,5,7,3,21905005,21905007
2019|youth_c|B09|21905|3,2,13,13,1,21905013,21905013
2019|youth_c|B09|21905|3,3,16,18,3,21905016,21905018
2019|youth_c|B09|21905|3,4,20,20,1,21905020,21905020
2019|youth_c|B09|21905|3,5,25,28,4,21905025,21905028
2019|youth_c|B09|21905|3,6,33,33,1,21905033,21905033
2019|youth_c|B09|21905|3,7,36,38,3,21905036,21905038
2019|youth_c|B09|21905|3,8,40,42,3,21905040,21905042
2019|youth_c|B09|21905|3,9,44,49,6,21905044,21905049
2019|youth_c|B09|21905|3,10,51,51,1,21905051,21905051
2019|youth_c|B09|21905|3,11,54,59,6,21905054,21905059
2019|youth_c|B09|21905|3,12,61,61,1,21905061,21905061
2019|youth_c|B09|21905|3,13,63,63,1,21905063,21905063
2019|youth_c|B09|21905|3,14,70,71,2,21905070,21905071
2019|youth_c|B09|21905|3,15,73,73,1,21905073,21905073
2019|youth_c|B09|21905|3,16,83,83,1,21905083,21905083
2019|youth_c|B09|21905|3,17,85,89,5,21905085,21905089
2019|youth_c|B09|21905|3,18,91,91,1,21905091,21905091
2019|youth_c|B09|21905|3,19,98,100,3,21905098,21905100
2019|youth_c|B09|21905|3,20,102,103,2,21905102,21905103
2019|youth_c|B09|21905|3,21,106,106,1,21905106,21905106
2019|youth_c|B09|21905|3,22,110,110,1,21905110,21905110
2019|youth_c|B09|21905|3,23,114,114,1,21905114,21905114
2019|youth_c|B09|21905|3,24,116,116,1,21905116,21905116
2019|youth_c|B09|21905|3,25,118,119,2,21905118,21905119
2019|youth_c|B09|21905|3,26,123,125,3,21905123,21905125
2019|youth_c|B09|21905|3,27,129,129,1,21905129,21905129
2019|youth_c|B09|21905|3,28,133,134,2,21905133,21905134
2019|youth_c|B09|21905|3,29,136,137,2,21905136,21905137
2019|youth_c|B09|21905|3,30,139,141,3,21905139,21905141
2019|youth_c|B09|21905|3,31,143,144,2,21905143,21905144
2019|youth_c|B09|21905|3,32,148,149,2,21905148,21905149
2019|youth_c|B09|21905|3,33,151,154,4,21905151,21905154
2019|youth_c|B09|21905|3,34,157,158,2,21905157,21905158
2019|youth_c|B09|21905|3,35,160,160,1,21905160,21905160
2019|youth_c|B09|21905|3,36,162,163,2,21905162,21905163
2019|youth_c|B09|21905|3,37,167,167,1,21905167,21905167
2019|youth_c|B09|21905|3,38,169,169,1,21905169,21905169
2019|youth_c|B09|21905|3,39,172,173,2,21905172,21905173
2019|youth_c|B09|21905|3,40,175,175,1,21905175,21905175
2019|youth_c|B09|21905|3,41,179,181,3,21905179,21905181
2019|youth_c|B09|21905|3,42,185,185,1,21905185,21905185
2019|youth_c|B09|21905|3,43,187,187,1,21905187,21905187
2019|youth_c|B09|21905|3,44,193,194,2,21905193,21905194
2019|youth_c|B09|21905|3,45,201,202,2,21905201,21905202
2019|youth_c|B09|21905|3,46,205,205,1,21905205,21905205
2019|youth_c|B09|21905|3,47,207,209,3,21905207,21905209
2019|youth_c|B09|21905|3,48,213,213,1,21905213,21905213
2019|youth_c|B09|21905|3,49,216,216,1,21905216,21905216
2019|youth_c|B09|21905|3,50,218,220,3,21905218,21905220
2019|youth_c|B09|21905|3,51,225,225,1,21905225,21905225
2019|youth_c|B09|21905|3,52,231,231,1,21905231,21905231
2019|youth_c|B09|21905|3,53,235,235,1,21905235,21905235
2019|youth_c|B09|21905|3,54,239,240,2,21905239,21905240
2019|youth_c|B09|21905|3,55,242,242,1,21905242,21905242
2019|youth_c|B09|21905|3,56,244,245,2,21905244,21905245
2019|youth_c|B09|21905|3,57,248,250,3,21905248,21905250
2019|youth_c|B09|21905|3,58,255,255,1,21905255,21905255
2019|youth_c|B09|21905|3,59,264,269,6,21905264,21905269
2019|youth_c|B09|21905|3,60,271,275,5,21905271,21905275
2019|youth_c|B09|21905|3,61,282,282,1,21905282,21905282
2019|youth_c|B09|21905|3,62,284,284,1,21905284,21905284
2019|youth_c|B09|21905|3,63,286,286,1,21905286,21905286
2019|youth_c|B09|21905|3,64,288,288,1,21905288,21905288
2019|youth_c|B09|21905|3,65,291,291,1,21905291,21905291
2019|youth_c|B09|21905|3,66,293,295,3,21905293,21905295
2019|youth_c|B09|21905|3,67,297,300,4,21905297,21905300
2019|youth_c|B09|21905|3,68,304,306,3,21905304,21905306
2019|youth_c|B09|21905|3,69,308,309,2,21905308,21905309
2019|youth_c|B09|21905|3,70,311,317,7,21905311,21905317
2020|general|B01|22071|3,1,1,275,275,22071001,22071275
2020|general|B02|22072|3,1,1,186,186,22072001,22072186
2020|general|B03|22073|3,1,1,115,115,22073001,22073115
2020|general|B04|22074|3,1,1,162,162,22074001,22074162
2020|general|B05_legacy_material_energy|22075|3,1,1,1,1,22075001,22075001
2020|general|B05_legacy_material_energy|22075|3,2,3,5,3,22075003,22075005
2020|general|B05_legacy_material_energy|22075|3,3,8,11,4,22075008,22075011
2020|general|B05_legacy_material_energy|22075|3,4,14,15,2,22075014,22075015
2020|general|B05_legacy_material_energy|22075|3,5,18,24,7,22075018,22075024
2020|general|B05_legacy_material_energy|22075|3,6,32,32,1,22075032,22075032
2020|general|B05_legacy_material_energy|22075|3,7,36,36,1,22075036,22075036
2020|general|B05_legacy_material_energy|22075|3,8,39,46,8,22075039,22075046
2020|general|B05_legacy_material_energy|22075|3,9,48,50,3,22075048,22075050
2020|general|B05_legacy_material_energy|22075|3,10,52,53,2,22075052,22075053
2020|general|B05_legacy_material_energy|22075|3,11,56,61,6,22075056,22075061
2020|general|B05_legacy_material_energy|22075|3,12,65,66,2,22075065,22075066
2020|general|B05_legacy_material_energy|22075|3,13,69,70,2,22075069,22075070
2020|general|B05_legacy_material_energy|22075|3,14,76,81,6,22075076,22075081
2020|general|B05_legacy_material_energy|22075|3,15,84,87,4,22075084,22075087
2020|general|B05_legacy_material_energy|22075|3,16,95,98,4,22075095,22075098
2020|general|B05_legacy_material_energy|22075|3,17,105,108,4,22075105,22075108
2020|general|B05_legacy_material_energy|22075|3,18,114,114,1,22075114,22075114
2020|general|B05_legacy_material_energy|22075|3,19,116,118,3,22075116,22075118
2020|general|B05_legacy_material_energy|22075|3,20,122,124,3,22075122,22075124
2020|general|B05_legacy_material_energy|22075|3,21,127,131,5,22075127,22075131
2020|general|B05_legacy_material_energy|22075|3,22,133,139,7,22075133,22075139
2020|general|B05_legacy_material_energy|22075|3,23,143,149,7,22075143,22075149
2020|general|B05_legacy_material_energy|22075|3,24,153,154,2,22075153,22075154
2020|general|B05_legacy_material_energy|22075|3,25,156,158,3,22075156,22075158
2020|general|B05_legacy_material_energy|22075|3,26,160,164,5,22075160,22075164
2020|general|B05_legacy_material_energy|22075|3,27,166,166,1,22075166,22075166
2020|general|B05_legacy_material_energy|22075|3,28,168,169,2,22075168,22075169
2020|general|B05_legacy_material_energy|22075|3,29,175,181,7,22075175,22075181
2020|general|B05_legacy_material_energy|22075|3,30,184,184,1,22075184,22075184
2020|general|B05_legacy_material_energy|22075|3,31,187,189,3,22075187,22075189
2020|general|B05_legacy_material_energy|22075|3,32,191,191,1,22075191,22075191
2020|general|B05_legacy_material_energy|22075|3,33,198,202,5,22075198,22075202
2020|general|B05_legacy_material_energy|22075|3,34,206,209,4,22075206,22075209
2020|general|B05_legacy_material_energy|22075|3,35,212,215,4,22075212,22075215
2020|general|B05_legacy_material_energy|22075|3,36,224,224,1,22075224,22075224
2020|general|B05_legacy_material_energy|22075|3,37,226,230,5,22075226,22075230
2020|general|B05_legacy_material_energy|22075|3,38,232,235,4,22075232,22075235
2020|general|B05_legacy_material_energy|22075|3,39,239,244,6,22075239,22075244
2020|general|B05_legacy_material_energy|22075|3,40,246,250,5,22075246,22075250
2020|general|B05_legacy_material_energy|22075|3,41,253,254,2,22075253,22075254
2020|general|B05_legacy_material_energy|22075|3,42,257,261,5,22075257,22075261
2020|general|B05_legacy_material_energy|22075|3,43,263,266,4,22075263,22075266
2020|general|B05_legacy_material_energy|22075|3,44,271,275,5,22075271,22075275
2020|general|B05_legacy_material_energy|22075|3,45,278,278,1,22075278,22075278
2020|general|B05_legacy_material_energy|22075|3,46,281,286,6,22075281,22075286
2020|general|B05_legacy_material_energy|22075|3,47,289,289,1,22075289,22075289
2020|general|B05_legacy_material_energy|22075|3,48,291,296,6,22075291,22075296
2020|general|B05_legacy_material_energy|22075|3,49,298,298,1,22075298,22075298
2020|general|B05_legacy_material_energy|22075|3,50,304,304,1,22075304,22075304
2020|general|B05_legacy_material_energy|22075|3,51,306,307,2,22075306,22075307
2020|general|B05_legacy_material_energy|22075|3,52,309,313,5,22075309,22075313
2020|general|B05_legacy_material_energy|22075|3,53,318,319,2,22075318,22075319
2020|general|B05_legacy_material_energy|22075|3,54,321,327,7,22075321,22075327
2020|general|B06|22076|3,1,1,225,225,22076001,22076225
2020|general|B07|22077|3,1,1,108,108,22077001,22077108
2020|general|B07|22077|3,2,110,145,36,22077110,22077145
2020|general|B08|22078|3,1,1,193,193,22078001,22078193
2020|general|B08|22078|3,2,195,374,180,22078195,22078374
2020|general|B09|22075|3,1,2,2,1,22075002,22075002
2020|general|B09|22075|3,2,6,7,2,22075006,22075007
2020|general|B09|22075|3,3,12,13,2,22075012,22075013
2020|general|B09|22075|3,4,16,17,2,22075016,22075017
2020|general|B09|22075|3,5,25,31,7,22075025,22075031
2020|general|B09|22075|3,6,33,35,3,22075033,22075035
2020|general|B09|22075|3,7,37,38,2,22075037,22075038
2020|general|B09|22075|3,8,47,47,1,22075047,22075047
2020|general|B09|22075|3,9,51,51,1,22075051,22075051
2020|general|B09|22075|3,10,54,55,2,22075054,22075055
2020|general|B09|22075|3,11,62,64,3,22075062,22075064
2020|general|B09|22075|3,12,67,68,2,22075067,22075068
2020|general|B09|22075|3,13,71,75,5,22075071,22075075
2020|general|B09|22075|3,14,82,83,2,22075082,22075083
2020|general|B09|22075|3,15,88,94,7,22075088,22075094
2020|general|B09|22075|3,16,99,104,6,22075099,22075104
2020|general|B09|22075|3,17,109,113,5,22075109,22075113
2020|general|B09|22075|3,18,115,115,1,22075115,22075115
2020|general|B09|22075|3,19,119,121,3,22075119,22075121
2020|general|B09|22075|3,20,125,126,2,22075125,22075126
2020|general|B09|22075|3,21,132,132,1,22075132,22075132
2020|general|B09|22075|3,22,140,142,3,22075140,22075142
2020|general|B09|22075|3,23,150,152,3,22075150,22075152
2020|general|B09|22075|3,24,155,155,1,22075155,22075155
2020|general|B09|22075|3,25,159,159,1,22075159,22075159
2020|general|B09|22075|3,26,165,165,1,22075165,22075165
2020|general|B09|22075|3,27,167,167,1,22075167,22075167
2020|general|B09|22075|3,28,170,174,5,22075170,22075174
2020|general|B09|22075|3,29,182,183,2,22075182,22075183
2020|general|B09|22075|3,30,185,186,2,22075185,22075186
2020|general|B09|22075|3,31,190,190,1,22075190,22075190
2020|general|B09|22075|3,32,193,197,5,22075193,22075197
2020|general|B09|22075|3,33,203,205,3,22075203,22075205
2020|general|B09|22075|3,34,210,211,2,22075210,22075211
2020|general|B09|22075|3,35,216,223,8,22075216,22075223
2020|general|B09|22075|3,36,225,225,1,22075225,22075225
2020|general|B09|22075|3,37,231,231,1,22075231,22075231
2020|general|B09|22075|3,38,236,238,3,22075236,22075238
2020|general|B09|22075|3,39,245,245,1,22075245,22075245
2020|general|B09|22075|3,40,251,252,2,22075251,22075252
2020|general|B09|22075|3,41,255,256,2,22075255,22075256
2020|general|B09|22075|3,42,262,262,1,22075262,22075262
2020|general|B09|22075|3,43,267,270,4,22075267,22075270
2020|general|B09|22075|3,44,276,277,2,22075276,22075277
2020|general|B09|22075|3,45,279,280,2,22075279,22075280
2020|general|B09|22075|3,46,287,288,2,22075287,22075288
2020|general|B09|22075|3,47,290,290,1,22075290,22075290
2020|general|B09|22075|3,48,299,303,5,22075299,22075303
2020|general|B09|22075|3,49,305,305,1,22075305,22075305
2020|general|B09|22075|3,50,308,308,1,22075308,22075308
2020|general|B09|22075|3,51,314,317,4,22075314,22075317
2020|general|B09|22075|3,52,320,320,1,22075320,22075320
2020|general|B09|22075|3,53,328,333,6,22075328,22075333
2020|joint_fund|B01|U2004|3,1,187,193,7,U2004187,U2004193
2020|joint_fund|B01|U2004|3,2,213,213,1,U2004213,U2004213
2020|joint_fund|B02|U2004|3,1,194,196,3,U2004194,U2004196
2020|joint_fund|B02|U20A20|3,1,119,120,2,U20A20119,U20A20120
2020|joint_fund|B04|U2004|3,1,197,197,1,U2004197,U2004197
2020|joint_fund|B04|U20A20|3,1,121,121,1,U20A20121,U20A20121
2020|joint_fund|B05_legacy_material_energy|U2004|3,1,214,214,1,U2004214,U2004214
2020|joint_fund|B05_legacy_material_energy|U20A20|3,1,122,123,2,U20A20122,U20A20123
2020|joint_fund|B05_legacy_material_energy|U20B2|3,1,17,18,2,U20B2017,U20B2018
2020|joint_fund|B06|U2067|3,1,211,215,5,U2067211,U2067215
2020|joint_fund|B06|U20A20|3,1,129,134,6,U20A20129,U20A20134
2020|joint_fund|B06|U20B2|3,1,19,21,3,U20B2019,U20B2021
2020|joint_fund|B07|U20A20|3,1,135,137,3,U20A20135,U20A20137
2020|joint_fund|B08|U2004|3,1,198,199,2,U2004198,U2004199
2020|joint_fund|B08|U2004|3,2,215,215,1,U2004215,U2004215
2020|joint_fund|B08|U20A20|3,1,138,154,17,U20A20138,U20A20154
2020|joint_fund|B08|U20B2|3,1,22,24,3,U20B2022,U20B2024
2020|joint_fund|B09|U20A20|3,1,124,128,5,U20A20124,U20A20128
2020|major_research_plan|B01|92056|3,1,101,117,17,92056101,92056117
2020|major_research_plan|B01|92056|3,2,201,203,3,92056201,92056203
2020|major_research_plan|B01|92061|3,1,0,0,1,92061000,92061000
2020|major_research_plan|B01|92061|3,2,101,107,7,92061101,92061107
2020|major_research_plan|B01|92061|3,3,201,202,2,92061201,92061202
2020|major_research_plan|B02|92045|3,1,0,0,1,92045000,92045000
2020|major_research_plan|B02|92061|3,1,108,111,4,92061108,92061111
2020|major_research_plan|B03|92061|3,1,112,117,6,92061112,92061117
2020|major_research_plan|B03|92061|3,2,203,203,1,92061203,92061203
2020|major_research_plan|B04|92053|3,1,101,103,3,92053101,92053103
2020|major_research_plan|B04|92061|3,1,118,118,1,92061118,92061118
2020|major_research_plan|B04|92068|3,1,118,118,1,92068118,92068118
2020|major_research_plan|B05_legacy_material_energy|92056|3,1,118,119,2,92056118,92056119
2020|major_research_plan|B05_legacy_material_energy|92056|3,2,204,204,1,92056204,92056204
2020|major_research_plan|B05_legacy_material_energy|92061|3,1,119,123,5,92061119,92061123
2020|major_research_plan|B05_legacy_material_energy|92061|3,2,204,204,1,92061204,92061204
2020|major_research_plan|B06|92043|3,1,0,0,1,92043000,92043000
2020|major_research_plan|B06|92043|3,2,201,202,2,92043201,92043202
2020|major_research_plan|B07|92053|3,1,104,111,8,92053104,92053111
2020|major_research_plan|B07|92053|3,2,201,202,2,92053201,92053202
2020|major_research_plan|B07|92059|3,1,107,107,1,92059107,92059107
2020|major_research_plan|B08|92034|3,1,301,303,3,92034301,92034303
2020|major_research_plan|B09|92061|3,1,124,124,1,92061124,92061124
2020|major_research_plan|B09|92061|3,2,205,205,1,92061205,92061205
2020|regional|B01|22061|3,1,1,41,41,22061001,22061041
2020|regional|B01|22061|3,2,43,49,7,22061043,22061049
2020|regional|B02|22062|3,1,1,27,27,22062001,22062027
2020|regional|B03|22063|3,1,1,10,10,22063001,22063010
2020|regional|B04|22064|3,1,1,20,20,22064001,22064020
2020|regional|B05_legacy_material_energy|22065|3,1,5,9,5,22065005,22065009
2020|regional|B05_legacy_material_energy|22065|3,2,11,12,2,22065011,22065012
2020|regional|B05_legacy_material_energy|22065|3,3,16,16,1,22065016,22065016
2020|regional|B05_legacy_material_energy|22065|3,4,19,19,1,22065019,22065019
2020|regional|B05_legacy_material_energy|22065|3,5,22,23,2,22065022,22065023
2020|regional|B05_legacy_material_energy|22065|3,6,26,26,1,22065026,22065026
2020|regional|B05_legacy_material_energy|22065|3,7,28,28,1,22065028,22065028
2020|regional|B05_legacy_material_energy|22065|3,8,31,32,2,22065031,22065032
2020|regional|B05_legacy_material_energy|22065|3,9,36,36,1,22065036,22065036
2020|regional|B05_legacy_material_energy|22065|3,10,40,40,1,22065040,22065040
2020|regional|B06|22066|3,1,1,27,27,22066001,22066027
2020|regional|B07|22067|3,1,1,21,21,22067001,22067021
2020|regional|B08|22068|3,1,1,39,39,22068001,22068039
2020|regional|B09|22065|3,1,1,4,4,22065001,22065004
2020|regional|B09|22065|3,2,10,10,1,22065010,22065010
2020|regional|B09|22065|3,3,13,15,3,22065013,22065015
2020|regional|B09|22065|3,4,17,17,1,22065017,22065017
2020|regional|B09|22065|3,5,20,21,2,22065020,22065021
2020|regional|B09|22065|3,6,24,25,2,22065024,22065025
2020|regional|B09|22065|3,7,27,27,1,22065027,22065027
2020|regional|B09|22065|3,8,29,30,2,22065029,22065030
2020|regional|B09|22065|3,9,33,35,3,22065033,22065035
2020|regional|B09|22065|3,10,37,39,3,22065037,22065039
2020|regional|B09|22065|3,11,41,42,2,22065041,22065042
2020|youth_c|B01|22001|3,1,1,187,187,22001001,22001187
2020|youth_c|B01|22001|3,2,189,273,85,22001189,22001273
2020|youth_c|B02|22002|3,1,1,193,193,22002001,22002193
2020|youth_c|B03|22003|3,1,1,80,80,22003001,22003080
2020|youth_c|B04|22004|3,1,1,66,66,22004001,22004066
2020|youth_c|B04|22004|3,2,68,137,70,22004068,22004137
2020|youth_c|B05_legacy_material_energy|22005|3,1,1,1,1,22005001,22005001
2020|youth_c|B05_legacy_material_energy|22005|3,2,4,6,3,22005004,22005006
2020|youth_c|B05_legacy_material_energy|22005|3,3,8,9,2,22005008,22005009
2020|youth_c|B05_legacy_material_energy|22005|3,4,11,15,5,22005011,22005015
2020|youth_c|B05_legacy_material_energy|22005|3,5,17,21,5,22005017,22005021
2020|youth_c|B05_legacy_material_energy|22005|3,6,27,31,5,22005027,22005031
2020|youth_c|B05_legacy_material_energy|22005|3,7,36,40,5,22005036,22005040
2020|youth_c|B05_legacy_material_energy|22005|3,8,42,42,1,22005042,22005042
2020|youth_c|B05_legacy_material_energy|22005|3,9,49,50,2,22005049,22005050
2020|youth_c|B05_legacy_material_energy|22005|3,10,53,53,1,22005053,22005053
2020|youth_c|B05_legacy_material_energy|22005|3,11,57,58,2,22005057,22005058
2020|youth_c|B05_legacy_material_energy|22005|3,12,60,62,3,22005060,22005062
2020|youth_c|B05_legacy_material_energy|22005|3,13,65,65,1,22005065,22005065
2020|youth_c|B05_legacy_material_energy|22005|3,14,67,67,1,22005067,22005067
2020|youth_c|B05_legacy_material_energy|22005|3,15,69,69,1,22005069,22005069
2020|youth_c|B05_legacy_material_energy|22005|3,16,73,74,2,22005073,22005074
2020|youth_c|B05_legacy_material_energy|22005|3,17,77,78,2,22005077,22005078
2020|youth_c|B05_legacy_material_energy|22005|3,18,80,81,2,22005080,22005081
2020|youth_c|B05_legacy_material_energy|22005|3,19,88,90,3,22005088,22005090
2020|youth_c|B05_legacy_material_energy|22005|3,20,94,94,1,22005094,22005094
2020|youth_c|B05_legacy_material_energy|22005|3,21,96,96,1,22005096,22005096
2020|youth_c|B05_legacy_material_energy|22005|3,22,99,104,6,22005099,22005104
2020|youth_c|B05_legacy_material_energy|22005|3,23,109,110,2,22005109,22005110
2020|youth_c|B05_legacy_material_energy|22005|3,24,114,115,2,22005114,22005115
2020|youth_c|B05_legacy_material_energy|22005|3,25,119,119,1,22005119,22005119
2020|youth_c|B05_legacy_material_energy|22005|3,26,122,122,1,22005122,22005122
2020|youth_c|B05_legacy_material_energy|22005|3,27,126,126,1,22005126,22005126
2020|youth_c|B05_legacy_material_energy|22005|3,28,131,134,4,22005131,22005134
2020|youth_c|B05_legacy_material_energy|22005|3,29,136,137,2,22005136,22005137
2020|youth_c|B05_legacy_material_energy|22005|3,30,141,141,1,22005141,22005141
2020|youth_c|B05_legacy_material_energy|22005|3,31,143,145,3,22005143,22005145
2020|youth_c|B05_legacy_material_energy|22005|3,32,152,153,2,22005152,22005153
2020|youth_c|B05_legacy_material_energy|22005|3,33,158,158,1,22005158,22005158
2020|youth_c|B05_legacy_material_energy|22005|3,34,160,162,3,22005160,22005162
2020|youth_c|B05_legacy_material_energy|22005|3,35,166,166,1,22005166,22005166
2020|youth_c|B05_legacy_material_energy|22005|3,36,170,171,2,22005170,22005171
2020|youth_c|B05_legacy_material_energy|22005|3,37,174,177,4,22005174,22005177
2020|youth_c|B05_legacy_material_energy|22005|3,38,179,180,2,22005179,22005180
2020|youth_c|B05_legacy_material_energy|22005|3,39,186,189,4,22005186,22005189
2020|youth_c|B05_legacy_material_energy|22005|3,40,191,198,8,22005191,22005198
2020|youth_c|B05_legacy_material_energy|22005|3,41,202,206,5,22005202,22005206
2020|youth_c|B05_legacy_material_energy|22005|3,42,208,208,1,22005208,22005208
2020|youth_c|B05_legacy_material_energy|22005|3,43,211,213,3,22005211,22005213
2020|youth_c|B05_legacy_material_energy|22005|3,44,219,221,3,22005219,22005221
2020|youth_c|B05_legacy_material_energy|22005|3,45,226,226,1,22005226,22005226
2020|youth_c|B05_legacy_material_energy|22005|3,46,229,231,3,22005229,22005231
2020|youth_c|B05_legacy_material_energy|22005|3,47,233,233,1,22005233,22005233
2020|youth_c|B05_legacy_material_energy|22005|3,48,235,235,1,22005235,22005235
2020|youth_c|B05_legacy_material_energy|22005|3,49,238,241,4,22005238,22005241
2020|youth_c|B05_legacy_material_energy|22005|3,50,244,246,3,22005244,22005246
2020|youth_c|B05_legacy_material_energy|22005|3,51,249,250,2,22005249,22005250
2020|youth_c|B05_legacy_material_energy|22005|3,52,253,253,1,22005253,22005253
2020|youth_c|B05_legacy_material_energy|22005|3,53,255,255,1,22005255,22005255
2020|youth_c|B05_legacy_material_energy|22005|3,54,258,261,4,22005258,22005261
2020|youth_c|B05_legacy_material_energy|22005|3,55,265,265,1,22005265,22005265
2020|youth_c|B05_legacy_material_energy|22005|3,56,267,267,1,22005267,22005267
2020|youth_c|B05_legacy_material_energy|22005|3,57,270,273,4,22005270,22005273
2020|youth_c|B05_legacy_material_energy|22005|3,58,275,275,1,22005275,22005275
2020|youth_c|B05_legacy_material_energy|22005|3,59,277,282,6,22005277,22005282
2020|youth_c|B05_legacy_material_energy|22005|3,60,284,290,7,22005284,22005290
2020|youth_c|B05_legacy_material_energy|22005|3,61,295,295,1,22005295,22005295
2020|youth_c|B05_legacy_material_energy|22005|3,62,303,306,4,22005303,22005306
2020|youth_c|B05_legacy_material_energy|22005|3,63,309,312,4,22005309,22005312
2020|youth_c|B05_legacy_material_energy|22005|3,64,319,319,1,22005319,22005319
2020|youth_c|B05_legacy_material_energy|22005|3,65,323,329,7,22005323,22005329
2020|youth_c|B05_legacy_material_energy|22005|3,66,331,333,3,22005331,22005333
2020|youth_c|B05_legacy_material_energy|22005|3,67,337,338,2,22005337,22005338
2020|youth_c|B05_legacy_material_energy|22005|3,68,340,340,1,22005340,22005340
2020|youth_c|B05_legacy_material_energy|22005|3,69,343,345,3,22005343,22005345
2020|youth_c|B05_legacy_material_energy|22005|3,70,348,349,2,22005348,22005349
2020|youth_c|B05_legacy_material_energy|22005|3,71,351,351,1,22005351,22005351
2020|youth_c|B05_legacy_material_energy|22005|3,72,356,356,1,22005356,22005356
2020|youth_c|B06|22006|3,1,1,168,168,22006001,22006168
2020|youth_c|B07|22007|3,1,1,1,1,22007001,22007001
2020|youth_c|B07|22007|3,2,3,107,105,22007003,22007107
2020|youth_c|B08|22008|3,1,1,268,268,22008001,22008268
2020|youth_c|B09|22005|3,1,2,3,2,22005002,22005003
2020|youth_c|B09|22005|3,2,7,7,1,22005007,22005007
2020|youth_c|B09|22005|3,3,10,10,1,22005010,22005010
2020|youth_c|B09|22005|3,4,16,16,1,22005016,22005016
2020|youth_c|B09|22005|3,5,22,26,5,22005022,22005026
2020|youth_c|B09|22005|3,6,32,35,4,22005032,22005035
2020|youth_c|B09|22005|3,7,41,41,1,22005041,22005041
2020|youth_c|B09|22005|3,8,43,48,6,22005043,22005048
2020|youth_c|B09|22005|3,9,51,52,2,22005051,22005052
2020|youth_c|B09|22005|3,10,54,55,2,22005054,22005055
2020|youth_c|B09|22005|3,11,59,59,1,22005059,22005059
2020|youth_c|B09|22005|3,12,63,64,2,22005063,22005064
2020|youth_c|B09|22005|3,13,66,66,1,22005066,22005066
2020|youth_c|B09|22005|3,14,68,68,1,22005068,22005068
2020|youth_c|B09|22005|3,15,70,72,3,22005070,22005072
2020|youth_c|B09|22005|3,16,75,76,2,22005075,22005076
2020|youth_c|B09|22005|3,17,79,79,1,22005079,22005079
2020|youth_c|B09|22005|3,18,82,87,6,22005082,22005087
2020|youth_c|B09|22005|3,19,91,93,3,22005091,22005093
2020|youth_c|B09|22005|3,20,95,95,1,22005095,22005095
2020|youth_c|B09|22005|3,21,97,98,2,22005097,22005098
2020|youth_c|B09|22005|3,22,105,108,4,22005105,22005108
2020|youth_c|B09|22005|3,23,111,113,3,22005111,22005113
2020|youth_c|B09|22005|3,24,116,118,3,22005116,22005118
2020|youth_c|B09|22005|3,25,120,121,2,22005120,22005121
2020|youth_c|B09|22005|3,26,123,125,3,22005123,22005125
2020|youth_c|B09|22005|3,27,127,130,4,22005127,22005130
2020|youth_c|B09|22005|3,28,135,135,1,22005135,22005135
2020|youth_c|B09|22005|3,29,138,140,3,22005138,22005140
2020|youth_c|B09|22005|3,30,142,142,1,22005142,22005142
2020|youth_c|B09|22005|3,31,146,151,6,22005146,22005151
2020|youth_c|B09|22005|3,32,154,157,4,22005154,22005157
2020|youth_c|B09|22005|3,33,163,165,3,22005163,22005165
2020|youth_c|B09|22005|3,34,167,169,3,22005167,22005169
2020|youth_c|B09|22005|3,35,172,173,2,22005172,22005173
2020|youth_c|B09|22005|3,36,178,178,1,22005178,22005178
2020|youth_c|B09|22005|3,37,181,185,5,22005181,22005185
2020|youth_c|B09|22005|3,38,190,190,1,22005190,22005190
2020|youth_c|B09|22005|3,39,199,201,3,22005199,22005201
2020|youth_c|B09|22005|3,40,207,207,1,22005207,22005207
2020|youth_c|B09|22005|3,41,209,210,2,22005209,22005210
2020|youth_c|B09|22005|3,42,214,218,5,22005214,22005218
2020|youth_c|B09|22005|3,43,222,225,4,22005222,22005225
2020|youth_c|B09|22005|3,44,227,228,2,22005227,22005228
2020|youth_c|B09|22005|3,45,232,232,1,22005232,22005232
2020|youth_c|B09|22005|3,46,234,234,1,22005234,22005234
2020|youth_c|B09|22005|3,47,236,237,2,22005236,22005237
2020|youth_c|B09|22005|3,48,242,243,2,22005242,22005243
2020|youth_c|B09|22005|3,49,247,248,2,22005247,22005248
2020|youth_c|B09|22005|3,50,251,252,2,22005251,22005252
2020|youth_c|B09|22005|3,51,254,254,1,22005254,22005254
2020|youth_c|B09|22005|3,52,256,257,2,22005256,22005257
2020|youth_c|B09|22005|3,53,262,264,3,22005262,22005264
2020|youth_c|B09|22005|3,54,266,266,1,22005266,22005266
2020|youth_c|B09|22005|3,55,268,269,2,22005268,22005269
2020|youth_c|B09|22005|3,56,274,274,1,22005274,22005274
2020|youth_c|B09|22005|3,57,276,276,1,22005276,22005276
2020|youth_c|B09|22005|3,58,283,283,1,22005283,22005283
2020|youth_c|B09|22005|3,59,291,294,4,22005291,22005294
2020|youth_c|B09|22005|3,60,296,302,7,22005296,22005302
2020|youth_c|B09|22005|3,61,307,308,2,22005307,22005308
2020|youth_c|B09|22005|3,62,313,318,6,22005313,22005318
2020|youth_c|B09|22005|3,63,320,322,3,22005320,22005322
2020|youth_c|B09|22005|3,64,330,330,1,22005330,22005330
2020|youth_c|B09|22005|3,65,334,336,3,22005334,22005336
2020|youth_c|B09|22005|3,66,339,339,1,22005339,22005339
2020|youth_c|B09|22005|3,67,341,342,2,22005341,22005342
2020|youth_c|B09|22005|3,68,346,347,2,22005346,22005347
2020|youth_c|B09|22005|3,69,350,350,1,22005350,22005350
2020|youth_c|B09|22005|3,70,352,355,4,22005352,22005355
2021|major_research_plan|B01|92156|3,1,1,17,17,92156001,92156017
2021|major_research_plan|B01|92161|3,1,102,111,10,92161102,92161111
2021|major_research_plan|B02|92145|3,1,0,0,1,92145000,92145000
2021|major_research_plan|B02|92145|3,2,301,302,2,92145301,92145302
2021|major_research_plan|B02|92156|3,1,18,18,1,92156018,92156018
2021|major_research_plan|B02|92161|3,1,112,112,1,92161112,92161112
2021|major_research_plan|B02|92163|3,1,103,103,1,92163103,92163103
2021|major_research_plan|B03|92161|3,1,113,122,10,92161113,92161122
2021|major_research_plan|B03|92163|3,1,104,104,1,92163104,92163104
2021|major_research_plan|B05|92156|3,1,19,19,1,92156019,92156019
2021|major_research_plan|B05|92161|3,1,123,125,3,92161123,92161125
2021|major_research_plan|B05|92163|3,1,105,105,1,92163105,92163105
2021|major_research_plan|B06|92143|3,1,201,202,2,92143201,92143202
2021|major_research_plan|B06|92143|3,2,301,301,1,92143301,92143301
2021|major_research_plan|B08|92134|3,1,1,1,1,92134001,92134001
2021|major_research_plan|B08|92156|3,1,20,20,1,92156020,92156020
2021|major_research_plan|B09|92163|3,1,106,106,1,92163106,92163106
2021|youth_c|B01|22101|3,1,1,10,10,22101001,22101010
2021|youth_c|B01|22101|3,2,12,128,117,22101012,22101128
2021|youth_c|B01|22101|3,3,130,310,181,22101130,22101310
2021|youth_c|B02|22102|3,1,1,74,74,22102001,22102074
2021|youth_c|B02|22102|3,2,76,143,68,22102076,22102143
2021|youth_c|B02|22102|3,3,145,215,71,22102145,22102215
2021|youth_c|B02|22102|3,4,217,221,5,22102217,22102221
2021|youth_c|B03|22103|3,1,1,22,22,22103001,22103022
2021|youth_c|B03|22103|3,2,24,99,76,22103024,22103099
2021|youth_c|B04|22104|3,1,1,160,160,22104001,22104160
2021|youth_c|B05|22105|3,1,1,1,1,22105001,22105001
2021|youth_c|B05|22105|3,2,3,231,229,22105003,22105231
2021|youth_c|B06|22106|3,1,1,43,43,22106001,22106043
2021|youth_c|B06|22106|3,2,45,189,145,22106045,22106189
2021|youth_c|B07|22107|3,1,1,126,126,22107001,22107126
2021|youth_c|B08|22108|3,1,1,320,320,22108001,22108320
2021|youth_c|B09|22109|3,1,1,32,32,22109001,22109032
2021|youth_c|B09|22109|3,2,34,186,153,22109034,22109186
2022|major_research_plan|B01|92256|3,1,0,0,1,92256000,92256000
2022|major_research_plan|B02|92245|3,1,0,0,1,92245000,92245000
2022|major_research_plan|B06|92243|3,1,0,0,1,92243000,92243000
2022|youth_c|B01|22201|3,1,14,14,1,22201014,22201014
2022|youth_c|B01|22201|3,2,27,27,1,22201027,22201027
2022|youth_c|B01|22201|3,3,43,43,1,22201043,22201043
2022|youth_c|B01|22201|3,4,139,139,1,22201139,22201139
2022|youth_c|B01|22201|3,5,155,155,1,22201155,22201155
2022|youth_c|B01|22201|3,6,160,160,1,22201160,22201160
2022|youth_c|B01|22201|3,7,178,178,1,22201178,22201178
2022|youth_c|B01|22201|3,8,290,290,1,22201290,22201290
2022|youth_c|B01|22201|3,9,293,293,1,22201293,22201293
2022|youth_c|B01|22201|3,10,299,299,1,22201299,22201299
2022|youth_c|B02|22202|3,1,4,5,2,22202004,22202005
2022|youth_c|B02|22202|3,2,29,29,1,22202029,22202029
2022|youth_c|B02|22202|3,3,80,81,2,22202080,22202081
2022|youth_c|B02|22202|3,4,119,119,1,22202119,22202119
2022|youth_c|B02|22202|3,5,196,196,1,22202196,22202196
2022|youth_c|B02|22202|3,6,202,202,1,22202202,22202202
2022|youth_c|B03|22203|3,1,6,6,1,22203006,22203006
2022|youth_c|B03|22203|3,2,21,21,1,22203021,22203021
2022|youth_c|B04|22204|3,1,22,22,1,22204022,22204022
2022|youth_c|B04|22204|3,2,98,100,3,22204098,22204100
2022|youth_c|B04|22204|3,3,105,105,1,22204105,22204105
2022|youth_c|B04|22204|3,4,117,117,1,22204117,22204117
2022|youth_c|B04|22204|3,5,132,132,1,22204132,22204132
2022|youth_c|B04|22204|3,6,171,171,1,22204171,22204171
2022|youth_c|B04|22204|3,7,173,173,1,22204173,22204173
2022|youth_c|B05|22205|3,1,11,11,1,22205011,22205011
2022|youth_c|B05|22205|3,2,13,13,1,22205013,22205013
2022|youth_c|B05|22205|3,3,39,39,1,22205039,22205039
2022|youth_c|B05|22205|3,4,74,74,1,22205074,22205074
2022|youth_c|B05|22205|3,5,88,89,2,22205088,22205089
2022|youth_c|B05|22205|3,6,92,92,1,22205092,22205092
2022|youth_c|B05|22205|3,7,98,98,1,22205098,22205098
2022|youth_c|B05|22205|3,8,110,110,1,22205110,22205110
2022|youth_c|B05|22205|3,9,140,140,1,22205140,22205140
2022|youth_c|B05|22205|3,10,153,153,1,22205153,22205153
2022|youth_c|B05|22205|3,11,185,185,1,22205185,22205185
2022|youth_c|B05|22205|3,12,244,244,1,22205244,22205244
2022|youth_c|B05|22205|3,13,246,246,1,22205246,22205246
2022|youth_c|B05|22205|3,14,263,263,1,22205263,22205263
2022|youth_c|B06|22206|3,1,11,11,1,22206011,22206011
2022|youth_c|B06|22206|3,2,95,95,1,22206095,22206095
2022|youth_c|B06|22206|3,3,99,99,1,22206099,22206099
2022|youth_c|B06|22206|3,4,183,183,1,22206183,22206183
2022|youth_c|B06|22206|3,5,188,188,1,22206188,22206188
2022|youth_c|B06|22206|3,6,202,202,1,22206202,22206202
2022|youth_c|B07|22207|3,1,4,5,2,22207004,22207005
2022|youth_c|B07|22207|3,2,7,7,1,22207007,22207007
2022|youth_c|B07|22207|3,3,24,24,1,22207024,22207024
2022|youth_c|B07|22207|3,4,73,73,1,22207073,22207073
2022|youth_c|B07|22207|3,5,98,98,1,22207098,22207098
2022|youth_c|B07|22207|3,6,100,100,1,22207100,22207100
2022|youth_c|B08|22208|3,1,102,102,1,22208102,22208102
2022|youth_c|B08|22208|3,2,112,112,1,22208112,22208112
2022|youth_c|B08|22208|3,3,153,153,1,22208153,22208153
2022|youth_c|B08|22208|3,4,186,186,1,22208186,22208186
2022|youth_c|B08|22208|3,5,241,242,2,22208241,22208242
2022|youth_c|B08|22208|3,6,334,334,1,22208334,22208334
2022|youth_c|B08|22208|3,7,338,338,1,22208338,22208338
2022|youth_c|B08|22208|3,8,355,355,1,22208355,22208355
2022|youth_c|B09|22209|3,1,26,26,1,22209026,22209026
2022|youth_c|B09|22209|3,2,55,55,1,22209055,22209055
2022|youth_c|B09|22209|3,3,95,95,1,22209095,22209095
2022|youth_c|B09|22209|3,4,113,113,1,22209113,22209113
2022|youth_c|B09|22209|3,5,117,117,1,22209117,22209117
2022|youth_c|B09|22209|3,6,133,133,1,22209133,22209133
2023|youth_c|B03|22303|3,1,114,114,1,22303114,22303114
2023|youth_c|B04|22304|3,1,3,3,1,22304003,22304003
2023|youth_c|B05|22305|3,1,34,34,1,22305034,22305034
2023|youth_c|B05|22305|3,2,112,112,1,22305112,22305112
2023|youth_c|B05|22305|3,3,236,236,1,22305236,22305236
2023|youth_c|B07|22307|3,1,101,101,1,22307101,22307101
2023|youth_c|B07|22307|3,2,118,118,1,22307118,22307118
2023|youth_c|B09|22309|3,1,80,80,1,22309080,22309080
2023|youth_c|B09|22309|3,2,176,176,1,22309176,22309176
