segment_id,approval_year,project_type,discipline_scope,format_family,prefix_before_serial,serial_width,regex,observed_count,min_serial,max_serial,range_size,density,contiguous_run_count,internal_gap_count,min_number,max_number,rule_strength,evidence_scope
1986|general|B01|28670|3,1986,general,B01,numeric8,28670,3,^28670\d{3}$,157,165,399,235,0.668085,2,78,28670165,28670399,moderate,official_completed_subset
1986|general|B03|28670|3,1986,general,B03,numeric8,28670,3,^28670\d{3}$,164,1,164,164,1.000000,1,0,28670001,28670164,contiguous,official_completed_subset
1986|general|B04|28670|3,1986,general,B04,numeric8,28670,3,^28670\d{3}$,93,400,492,93,1.000000,1,0,28670400,28670492,contiguous,official_completed_subset
1986|general|B05|28670|3,1986,general,B05,numeric8,28670,3,^28670\d{3}$,78,260,337,78,1.000000,1,0,28670260,28670337,contiguous,official_completed_subset
1986|general|B08|28670|3,1986,general,B08,numeric8,28670,3,^28670\d{3}$,54,493,547,55,0.981818,2,1,28670493,28670547,dense,official_completed_subset
1987|general|B01|28770|3,1987,general,B01,numeric8,28770,3,^28770\d{3}$,74,2,275,274,0.270073,44,200,28770002,28770275,sparse,official_completed_subset
1987|general|B02|28770|3,1987,general,B02,numeric8,28770,3,^28770\d{3}$,53,12,226,215,0.246512,26,162,28770012,28770226,sparse,official_completed_subset
1987|general|B03|28770|3,1987,general,B03,numeric8,28770,3,^28770\d{3}$,66,1,284,284,0.232394,42,218,28770001,28770284,sparse,official_completed_subset
1987|general|B04|28770|3,1987,general,B04,numeric8,28770,3,^28770\d{3}$,62,41,327,287,0.216028,12,225,28770041,28770327,sparse,official_completed_subset
1987|general|B05|28770|3,1987,general,B05,numeric8,28770,3,^28770\d{3}$,30,145,271,127,0.236220,14,97,28770145,28770271,sparse,official_completed_subset
1987|general|B06|28770|3,1987,general,B06,numeric8,28770,3,^28770\d{3}$,5,39,351,313,0.015974,5,308,28770039,28770351,sparse,official_completed_subset
1987|general|B07|28770|3,1987,general,B07,numeric8,28770,3,^28770\d{3}$,37,11,211,201,0.184080,24,164,28770011,28770211,sparse,official_completed_subset
1987|general|B08|28770|3,1987,general,B08,numeric8,28770,3,^28770\d{3}$,40,55,367,313,0.127796,3,273,28770055,28770367,sparse,official_completed_subset
1987|special|B01|28780|3,1987,special,B01,numeric8,28780,3,^28780\d{3}$,4,5,16,12,0.333333,3,8,28780005,28780016,sparse,official_completed_subset
1987|special|B01|38780|3,1987,special,B01,numeric8,38780,3,^38780\d{3}$,1,20,20,1,1.000000,1,0,38780020,38780020,contiguous,official_completed_subset
1987|special|B03|28780|3,1987,special,B03,numeric8,28780,3,^28780\d{3}$,2,1,4,4,0.500000,2,2,28780001,28780004,moderate,official_completed_subset
1987|special|B04|28780|3,1987,special,B04,numeric8,28780,3,^28780\d{3}$,2,3,14,12,0.166667,2,10,28780003,28780014,sparse,official_completed_subset
1987|special|B05|18780|3,1987,special,B05,numeric8,18780,3,^18780\d{3}$,1,705,705,1,1.000000,1,0,18780705,18780705,contiguous,official_completed_subset
1987|special|B05|28780|3,1987,special,B05,numeric8,28780,3,^28780\d{3}$,5,2,13,12,0.416667,2,7,28780002,28780013,moderate,official_completed_subset
1987|special|B08|28780|3,1987,special,B08,numeric8,28780,3,^28780\d{3}$,3,6,15,10,0.300000,2,7,28780006,28780015,sparse,official_completed_subset
1987|youth_c|B01|28700|3,1987,youth_c,B01,numeric8,28700,3,^28700\d{3}$,2,1,9,9,0.222222,2,7,28700001,28700009,sparse,official_completed_subset
1987|youth_c|B02|28700|3,1987,youth_c,B02,numeric8,28700,3,^28700\d{3}$,2,5,6,2,1.000000,1,0,28700005,28700006,contiguous,official_completed_subset
1987|youth_c|B03|28700|3,1987,youth_c,B03,numeric8,28700,3,^28700\d{3}$,1,4,4,1,1.000000,1,0,28700004,28700004,contiguous,official_completed_subset
1987|youth_c|B04|28700|3,1987,youth_c,B04,numeric8,28700,3,^28700\d{3}$,2,2,3,2,1.000000,1,0,28700002,28700003,contiguous,official_completed_subset
1987|youth_c|B05|28700|3,1987,youth_c,B05,numeric8,28700,3,^28700\d{3}$,1,8,8,1,1.000000,1,0,28700008,28700008,contiguous,official_completed_subset
1987|youth_c|B07|28700|3,1987,youth_c,B07,numeric8,28700,3,^28700\d{3}$,1,7,7,1,1.000000,1,0,28700007,28700007,contiguous,official_completed_subset
1987|youth_c|B08|28700|3,1987,youth_c,B08,numeric8,28700,3,^28700\d{3}$,1,10,10,1,1.000000,1,0,28700010,28700010,contiguous,official_completed_subset
1988|general|B01|28870|3,1988,general,B01,numeric8,28870,3,^28870\d{3}$,68,1,201,201,0.338308,30,133,28870001,28870201,sparse,official_completed_subset
1988|general|B02|28870|3,1988,general,B02,numeric8,28870,3,^28870\d{3}$,33,20,178,159,0.207547,17,126,28870020,28870178,sparse,official_completed_subset
1988|general|B03|28870|3,1988,general,B03,numeric8,28870,3,^28870\d{3}$,50,12,220,209,0.239234,33,159,28870012,28870220,sparse,official_completed_subset
1988|general|B04|28870|3,1988,general,B04,numeric8,28870,3,^28870\d{3}$,46,50,244,195,0.235897,8,149,28870050,28870244,sparse,official_completed_subset
1988|general|B05|28870|3,1988,general,B05,numeric8,28870,3,^28870\d{3}$,15,179,203,25,0.600000,6,10,28870179,28870203,moderate,official_completed_subset
1988|general|B06|28870|3,1988,general,B06,numeric8,28870,3,^28870\d{3}$,20,2,296,295,0.067797,6,275,28870002,28870296,sparse,official_completed_subset
1988|general|B07|28870|3,1988,general,B07,numeric8,28870,3,^28870\d{3}$,26,6,141,136,0.191176,17,110,28870006,28870141,sparse,official_completed_subset
1988|general|B07|28879|3,1988,general,B07,numeric8,28879,3,^28879\d{3}$,1,4,4,1,1.000000,1,0,28879004,28879004,contiguous,official_completed_subset
1988|general|B08|28870|3,1988,general,B08,numeric8,28870,3,^28870\d{3}$,37,245,281,37,1.000000,1,0,28870245,28870281,contiguous,official_completed_subset
1988|special|B01|28880|3,1988,special,B01,numeric8,28880,3,^28880\d{3}$,2,1,2,2,1.000000,1,0,28880001,28880002,contiguous,official_completed_subset
1988|special|B02|28880|3,1988,special,B02,numeric8,28880,3,^28880\d{3}$,1,4,4,1,1.000000,1,0,28880004,28880004,contiguous,official_completed_subset
1988|special|B03|28849|3,1988,special,B03,numeric8,28849,3,^28849\d{3}$,2,1,3,3,0.666667,2,1,28849001,28849003,moderate,official_completed_subset
1988|special|B03|28880|3,1988,special,B03,numeric8,28880,3,^28880\d{3}$,1,3,3,1,1.000000,1,0,28880003,28880003,contiguous,official_completed_subset
1988|special|B04|28880|3,1988,special,B04,numeric8,28880,3,^28880\d{3}$,1,6,6,1,1.000000,1,0,28880006,28880006,contiguous,official_completed_subset
1988|special|B07|28849|3,1988,special,B07,numeric8,28849,3,^28849\d{3}$,1,2,2,1,1.000000,1,0,28849002,28849002,contiguous,official_completed_subset
1988|special|B07|28880|3,1988,special,B07,numeric8,28880,3,^28880\d{3}$,1,5,5,1,1.000000,1,0,28880005,28880005,contiguous,official_completed_subset
1988|special|B08|28880|3,1988,special,B08,numeric8,28880,3,^28880\d{3}$,3,7,9,3,1.000000,1,0,28880007,28880009,contiguous,official_completed_subset
1988|youth_c|B01|28800|3,1988,youth_c,B01,numeric8,28800,3,^28800\d{3}$,4,1,6,6,0.666667,3,2,28800001,28800006,moderate,official_completed_subset
1988|youth_c|B03|28800|3,1988,youth_c,B03,numeric8,28800,3,^28800\d{3}$,5,7,11,5,1.000000,1,0,28800007,28800011,contiguous,official_completed_subset
1988|youth_c|B04|28800|3,1988,youth_c,B04,numeric8,28800,3,^28800\d{3}$,2,13,14,2,1.000000,1,0,28800013,28800014,contiguous,official_completed_subset
1988|youth_c|B05|28800|3,1988,youth_c,B05,numeric8,28800,3,^28800\d{3}$,1,12,12,1,1.000000,1,0,28800012,28800012,contiguous,official_completed_subset
1988|youth_c|B07|28800|3,1988,youth_c,B07,numeric8,28800,3,^28800\d{3}$,2,2,5,4,0.500000,2,2,28800002,28800005,moderate,official_completed_subset
1988|youth_c|B08|28800|3,1988,youth_c,B08,numeric8,28800,3,^28800\d{3}$,1,15,15,1,1.000000,1,0,28800015,28800015,contiguous,official_completed_subset
1989|general|B01|28970|3,1989,general,B01,numeric8,28970,3,^28970\d{3}$,72,4,228,225,0.320000,38,153,28970004,28970228,sparse,official_completed_subset
1989|general|B02|28970|3,1989,general,B02,numeric8,28970,3,^28970\d{3}$,36,2,180,179,0.201117,21,143,28970002,28970180,sparse,official_completed_subset
1989|general|B03|28970|3,1989,general,B03,numeric8,28970,3,^28970\d{3}$,45,1,222,222,0.202703,29,177,28970001,28970222,sparse,official_completed_subset
1989|general|B04|28970|3,1989,general,B04,numeric8,28970,3,^28970\d{3}$,57,7,273,267,0.213483,13,210,28970007,28970273,sparse,official_completed_subset
1989|general|B05|28970|3,1989,general,B05,numeric8,28970,3,^28970\d{3}$,31,43,227,185,0.167568,20,154,28970043,28970227,sparse,official_completed_subset
1989|general|B06|28970|3,1989,general,B06,numeric8,28970,3,^28970\d{3}$,20,10,326,317,0.063091,3,297,28970010,28970326,sparse,official_completed_subset
1989|general|B07|28970|3,1989,general,B07,numeric8,28970,3,^28970\d{3}$,28,13,108,96,0.291667,17,68,28970013,28970108,sparse,official_completed_subset
1989|general|B08|28970|3,1989,general,B08,numeric8,28970,3,^28970\d{3}$,36,274,309,36,1.000000,1,0,28970274,28970309,contiguous,official_completed_subset
1989|regional|B01|28960|3,1989,regional,B01,numeric8,28960,3,^28960\d{3}$,2,3,9,7,0.285714,2,5,28960003,28960009,sparse,official_completed_subset
1989|regional|B02|28960|3,1989,regional,B02,numeric8,28960,3,^28960\d{3}$,2,4,10,7,0.285714,2,5,28960004,28960010,sparse,official_completed_subset
1989|regional|B04|28960|3,1989,regional,B04,numeric8,28960,3,^28960\d{3}$,2,2,8,7,0.285714,2,5,28960002,28960008,sparse,official_completed_subset
1989|regional|B06|28960|3,1989,regional,B06,numeric8,28960,3,^28960\d{3}$,1,6,6,1,1.000000,1,0,28960006,28960006,contiguous,official_completed_subset
1989|regional|B07|28960|3,1989,regional,B07,numeric8,28960,3,^28960\d{3}$,3,7,12,6,0.500000,2,3,28960007,28960012,moderate,official_completed_subset
1989|regional|B08|28960|3,1989,regional,B08,numeric8,28960,3,^28960\d{3}$,2,1,5,5,0.400000,2,3,28960001,28960005,moderate,official_completed_subset
1989|youth_c|B01|28900|3,1989,youth_c,B01,numeric8,28900,3,^28900\d{3}$,3,2,16,15,0.200000,3,12,28900002,28900016,sparse,official_completed_subset
1989|youth_c|B02|28900|3,1989,youth_c,B02,numeric8,28900,3,^28900\d{3}$,3,7,18,12,0.250000,2,9,28900007,28900018,sparse,official_completed_subset
1989|youth_c|B03|28900|3,1989,youth_c,B03,numeric8,28900,3,^28900\d{3}$,1,15,15,1,1.000000,1,0,28900015,28900015,contiguous,official_completed_subset
1989|youth_c|B04|28900|3,1989,youth_c,B04,numeric8,28900,3,^28900\d{3}$,2,10,19,10,0.200000,2,8,28900010,28900019,sparse,official_completed_subset
1989|youth_c|B05|28900|3,1989,youth_c,B05,numeric8,28900,3,^28900\d{3}$,2,4,13,10,0.200000,2,8,28900004,28900013,sparse,official_completed_subset
1989|youth_c|B07|28900|3,1989,youth_c,B07,numeric8,28900,3,^28900\d{3}$,2,8,11,4,0.500000,2,2,28900008,28900011,moderate,official_completed_subset
1989|youth_c|B08|28900|3,1989,youth_c,B08,numeric8,28900,3,^28900\d{3}$,6,1,12,12,0.500000,5,6,28900001,28900012,moderate,official_completed_subset
1990|general|B01|29070|3,1990,general,B01,numeric8,29070,3,^29070\d{3}$,73,2,223,222,0.328829,30,149,29070002,29070223,sparse,official_completed_subset
1990|general|B02|29070|3,1990,general,B02,numeric8,29070,3,^29070\d{3}$,44,124,172,49,0.897959,2,5,29070124,29070172,dense,official_completed_subset
1990|general|B03|29070|3,1990,general,B03,numeric8,29070,3,^29070\d{3}$,46,5,264,260,0.176923,21,214,29070005,29070264,sparse,official_completed_subset
1990|general|B04|29070|3,1990,general,B04,numeric8,29070,3,^29070\d{3}$,44,15,267,253,0.173913,12,209,29070015,29070267,sparse,official_completed_subset
1990|general|B05|29070|3,1990,general,B05,numeric8,29070,3,^29070\d{3}$,28,49,224,176,0.159091,15,148,29070049,29070224,sparse,official_completed_subset
1990|general|B06|29070|3,1990,general,B06,numeric8,29070,3,^29070\d{3}$,23,10,330,321,0.071651,6,298,29070010,29070330,sparse,official_completed_subset
1990|general|B07|29070|3,1990,general,B07,numeric8,29070,3,^29070\d{3}$,27,1,110,110,0.245455,21,83,29070001,29070110,sparse,official_completed_subset
1990|general|B08|29070|3,1990,general,B08,numeric8,29070,3,^29070\d{3}$,44,268,312,45,0.977778,2,1,29070268,29070312,dense,official_completed_subset
1990|regional|B01|29060|3,1990,regional,B01,numeric8,29060,3,^29060\d{3}$,4,1,10,10,0.400000,3,6,29060001,29060010,moderate,official_completed_subset
1990|regional|B04|29060|3,1990,regional,B04,numeric8,29060,3,^29060\d{3}$,2,11,12,2,1.000000,1,0,29060011,29060012,contiguous,official_completed_subset
1990|regional|B05|29060|3,1990,regional,B05,numeric8,29060,3,^29060\d{3}$,1,9,9,1,1.000000,1,0,29060009,29060009,contiguous,official_completed_subset
1990|regional|B06|29060|3,1990,regional,B06,numeric8,29060,3,^29060\d{3}$,1,15,15,1,1.000000,1,0,29060015,29060015,contiguous,official_completed_subset
1990|regional|B07|29060|3,1990,regional,B07,numeric8,29060,3,^29060\d{3}$,5,3,7,5,1.000000,1,0,29060003,29060007,contiguous,official_completed_subset
1990|regional|B08|29060|3,1990,regional,B08,numeric8,29060,3,^29060\d{3}$,2,13,14,2,1.000000,1,0,29060013,29060014,contiguous,official_completed_subset
1990|special|B01|29080|3,1990,special,B01,numeric8,29080,3,^29080\d{3}$,1,2,2,1,1.000000,1,0,29080002,29080002,contiguous,official_completed_subset
1990|special|B02|29050|3,1990,special,B02,numeric8,29050,3,^29050\d{3}$,1,184,184,1,1.000000,1,0,29050184,29050184,contiguous,official_completed_subset
1990|special|B03|29080|3,1990,special,B03,numeric8,29080,3,^29080\d{3}$,2,3,4,2,1.000000,1,0,29080003,29080004,contiguous,official_completed_subset
1990|special|B04|29080|3,1990,special,B04,numeric8,29080,3,^29080\d{3}$,2,1,7,7,0.285714,2,5,29080001,29080007,sparse,official_completed_subset
1990|special|B05|29080|3,1990,special,B05,numeric8,29080,3,^29080\d{3}$,2,5,6,2,1.000000,1,0,29080005,29080006,contiguous,official_completed_subset
1990|special|B08|29080|3,1990,special,B08,numeric8,29080,3,^29080\d{3}$,2,8,9,2,1.000000,1,0,29080008,29080009,contiguous,official_completed_subset
1990|youth_c|B01|29000|3,1990,youth_c,B01,numeric8,29000,3,^29000\d{3}$,4,2,9,8,0.500000,3,4,29000002,29000009,moderate,official_completed_subset
1990|youth_c|B02|29000|3,1990,youth_c,B02,numeric8,29000,3,^29000\d{3}$,5,1,16,16,0.312500,4,11,29000001,29000016,sparse,official_completed_subset
1990|youth_c|B03|29000|3,1990,youth_c,B03,numeric8,29000,3,^29000\d{3}$,4,6,15,10,0.400000,4,6,29000006,29000015,moderate,official_completed_subset
1990|youth_c|B04|29000|3,1990,youth_c,B04,numeric8,29000,3,^29000\d{3}$,8,17,26,10,0.800000,3,2,29000017,29000026,dense,official_completed_subset
1990|youth_c|B05|29000|3,1990,youth_c,B05,numeric8,29000,3,^29000\d{3}$,3,8,21,14,0.214286,3,11,29000008,29000021,sparse,official_completed_subset
1990|youth_c|B06|29000|3,1990,youth_c,B06,numeric8,29000,3,^29000\d{3}$,2,35,36,2,1.000000,1,0,29000035,29000036,contiguous,official_completed_subset
1990|youth_c|B07|29000|3,1990,youth_c,B07,numeric8,29000,3,^29000\d{3}$,2,3,7,5,0.400000,2,3,29000003,29000007,moderate,official_completed_subset
1990|youth_c|B08|29000|3,1990,youth_c,B08,numeric8,29000,3,^29000\d{3}$,8,27,34,8,1.000000,1,0,29000027,29000034,contiguous,official_completed_subset
1991|general|B01|29170|3,1991,general,B01,numeric8,29170,3,^29170\d{3}$,59,2,204,203,0.290640,32,144,29170002,29170204,sparse,official_completed_subset
1991|general|B02|29170|3,1991,general,B02,numeric8,29170,3,^29170\d{3}$,39,22,165,144,0.270833,15,105,29170022,29170165,sparse,official_completed_subset
1991|general|B03|29170|3,1991,general,B03,numeric8,29170,3,^29170\d{3}$,46,1,242,242,0.190083,29,196,29170001,29170242,sparse,official_completed_subset
1991|general|B04|29170|3,1991,general,B04,numeric8,29170,3,^29170\d{3}$,47,64,246,183,0.256831,11,136,29170064,29170246,sparse,official_completed_subset
1991|general|B05|29170|3,1991,general,B05,numeric8,29170,3,^29170\d{3}$,26,41,201,161,0.161491,14,135,29170041,29170201,sparse,official_completed_subset
1991|general|B06|29170|3,1991,general,B06,numeric8,29170,3,^29170\d{3}$,24,8,314,307,0.078176,4,283,29170008,29170314,sparse,official_completed_subset
1991|general|B07|29170|3,1991,general,B07,numeric8,29170,3,^29170\d{3}$,24,6,101,96,0.250000,18,72,29170006,29170101,sparse,official_completed_subset
1991|general|B08|29170|3,1991,general,B08,numeric8,29170,3,^29170\d{3}$,49,247,295,49,1.000000,1,0,29170247,29170295,contiguous,official_completed_subset
1991|key|B01|29131|3,1991,key,B01,numeric8,29131,3,^29131\d{3}$,9,10,24,15,0.600000,2,6,29131010,29131024,moderate,official_completed_subset
1991|key|B01|29132|3,1991,key,B01,numeric8,29132,3,^29132\d{3}$,9,30,51,22,0.409091,4,13,29132030,29132051,moderate,official_completed_subset
1991|key|B01|29134|3,1991,key,B01,numeric8,29134,3,^29134\d{3}$,2,102,103,2,1.000000,1,0,29134102,29134103,contiguous,official_completed_subset
1991|key|B02|29133|3,1991,key,B02,numeric8,29133,3,^29133\d{3}$,9,72,83,12,0.750000,3,3,29133072,29133083,moderate,official_completed_subset
1991|key|B03|29131|3,1991,key,B03,numeric8,29131,3,^29131\d{3}$,4,20,23,4,1.000000,1,0,29131020,29131023,contiguous,official_completed_subset
1991|key|B03|29133|3,1991,key,B03,numeric8,29133,3,^29133\d{3}$,11,60,77,18,0.611111,5,7,29133060,29133077,moderate,official_completed_subset
1991|key|B03|29135|3,1991,key,B03,numeric8,29135,3,^29135\d{3}$,4,120,123,4,1.000000,1,0,29135120,29135123,contiguous,official_completed_subset
1991|key|B04|29135|3,1991,key,B04,numeric8,29135,3,^29135\d{3}$,4,110,113,4,1.000000,1,0,29135110,29135113,contiguous,official_completed_subset
1991|key|B05|29134|3,1991,key,B05,numeric8,29134,3,^29134\d{3}$,6,90,101,12,0.500000,2,6,29134090,29134101,moderate,official_completed_subset
1991|key|B07|29132|3,1991,key,B07,numeric8,29132,3,^29132\d{3}$,6,34,54,21,0.285714,4,15,29132034,29132054,sparse,official_completed_subset
1991|key|B08|29136|3,1991,key,B08,numeric8,29136,3,^29136\d{3}$,12,130,153,24,0.500000,3,12,29136130,29136153,moderate,official_completed_subset
1991|regional|B01|29160|3,1991,regional,B01,numeric8,29160,3,^29160\d{3}$,7,1,7,7,1.000000,1,0,29160001,29160007,contiguous,official_completed_subset
1991|regional|B03|29160|3,1991,regional,B03,numeric8,29160,3,^29160\d{3}$,3,8,10,3,1.000000,1,0,29160008,29160010,contiguous,official_completed_subset
1991|regional|B04|29160|3,1991,regional,B04,numeric8,29160,3,^29160\d{3}$,1,13,13,1,1.000000,1,0,29160013,29160013,contiguous,official_completed_subset
1991|regional|B05|29160|3,1991,regional,B05,numeric8,29160,3,^29160\d{3}$,2,11,12,2,1.000000,1,0,29160011,29160012,contiguous,official_completed_subset
1991|regional|B08|29160|3,1991,regional,B08,numeric8,29160,3,^29160\d{3}$,4,14,17,4,1.000000,1,0,29160014,29160017,contiguous,official_completed_subset
1991|special|B01|29180|3,1991,special,B01,numeric8,29180,3,^29180\d{3}$,2,6,12,7,0.285714,2,5,29180006,29180012,sparse,official_completed_subset
1991|special|B02|29180|3,1991,special,B02,numeric8,29180,3,^29180\d{3}$,2,1,3,3,0.666667,2,1,29180001,29180003,moderate,official_completed_subset
1991|special|B03|29140|3,1991,special,B03,numeric8,29140,3,^29140\d{3}$,1,2,2,1,1.000000,1,0,29140002,29140002,contiguous,official_completed_subset
1991|special|B03|29180|3,1991,special,B03,numeric8,29180,3,^29180\d{3}$,1,10,10,1,1.000000,1,0,29180010,29180010,contiguous,official_completed_subset
1991|special|B04|29180|3,1991,special,B04,numeric8,29180,3,^29180\d{3}$,1,11,11,1,1.000000,1,0,29180011,29180011,contiguous,official_completed_subset
1991|special|B05|29180|3,1991,special,B05,numeric8,29180,3,^29180\d{3}$,2,4,5,2,1.000000,1,0,29180004,29180005,contiguous,official_completed_subset
1991|special|B07|29140|3,1991,special,B07,numeric8,29140,3,^29140\d{3}$,1,1,1,1,1.000000,1,0,29140001,29140001,contiguous,official_completed_subset
1991|special|B07|29180|3,1991,special,B07,numeric8,29180,3,^29180\d{3}$,2,2,9,8,0.250000,2,6,29180002,29180009,sparse,official_completed_subset
1991|special|B08|29180|3,1991,special,B08,numeric8,29180,3,^29180\d{3}$,2,7,8,2,1.000000,1,0,29180007,29180008,contiguous,official_completed_subset
1991|youth_c|B01|29100|3,1991,youth_c,B01,numeric8,29100,3,^29100\d{3}$,10,1,10,10,1.000000,1,0,29100001,29100010,contiguous,official_completed_subset
1991|youth_c|B03|29100|3,1991,youth_c,B03,numeric8,29100,3,^29100\d{3}$,11,11,38,28,0.392857,2,17,29100011,29100038,sparse,official_completed_subset
1991|youth_c|B04|29100|3,1991,youth_c,B04,numeric8,29100,3,^29100\d{3}$,4,23,26,4,1.000000,1,0,29100023,29100026,contiguous,official_completed_subset
1991|youth_c|B05|29100|3,1991,youth_c,B05,numeric8,29100,3,^29100\d{3}$,4,19,22,4,1.000000,1,0,29100019,29100022,contiguous,official_completed_subset
1991|youth_c|B06|29100|3,1991,youth_c,B06,numeric8,29100,3,^29100\d{3}$,1,35,35,1,1.000000,1,0,29100035,29100035,contiguous,official_completed_subset
1991|youth_c|B08|29100|3,1991,youth_c,B08,numeric8,29100,3,^29100\d{3}$,8,27,34,8,1.000000,1,0,29100027,29100034,contiguous,official_completed_subset
1992|general|B01|29271|3,1992,general,B01,numeric8,29271,3,^29271\d{3}$,22,1,33,33,0.666667,9,11,29271001,29271033,moderate,official_completed_subset
1992|general|B01|29272|3,1992,general,B01,numeric8,29272,3,^29272\d{3}$,25,35,88,54,0.462963,12,29,29272035,29272088,moderate,official_completed_subset
1992|general|B01|29274|3,1992,general,B01,numeric8,29274,3,^29274\d{3}$,13,151,190,40,0.325000,9,27,29274151,29274190,sparse,official_completed_subset
1992|general|B02|29273|3,1992,general,B02,numeric8,29273,3,^29273\d{3}$,32,91,150,60,0.533333,17,28,29273091,29273150,moderate,official_completed_subset
1992|general|B03|29271|3,1992,general,B03,numeric8,29271,3,^29271\d{3}$,2,10,34,25,0.080000,2,23,29271010,29271034,sparse,official_completed_subset
1992|general|B03|29272|3,1992,general,B03,numeric8,29272,3,^29272\d{3}$,2,43,70,28,0.071429,2,26,29272043,29272070,sparse,official_completed_subset
1992|general|B03|29273|3,1992,general,B03,numeric8,29273,3,^29273\d{3}$,28,90,149,60,0.466667,17,32,29273090,29273149,moderate,official_completed_subset
1992|general|B03|29274|3,1992,general,B03,numeric8,29274,3,^29274\d{3}$,3,177,192,16,0.187500,3,13,29274177,29274192,sparse,official_completed_subset
1992|general|B03|29275|3,1992,general,B03,numeric8,29275,3,^29275\d{3}$,2,199,209,11,0.181818,2,9,29275199,29275209,sparse,official_completed_subset
1992|general|B04|29271|3,1992,general,B04,numeric8,29271,3,^29271\d{3}$,3,3,9,7,0.428571,2,4,29271003,29271009,moderate,official_completed_subset
1992|general|B04|29272|3,1992,general,B04,numeric8,29272,3,^29272\d{3}$,1,72,72,1,1.000000,1,0,29272072,29272072,contiguous,official_completed_subset
1992|general|B04|29274|3,1992,general,B04,numeric8,29274,3,^29274\d{3}$,7,154,186,33,0.212121,6,26,29274154,29274186,sparse,official_completed_subset
1992|general|B04|29275|3,1992,general,B04,numeric8,29275,3,^29275\d{3}$,32,193,226,34,0.941176,3,2,29275193,29275226,dense,official_completed_subset
1992|general|B05|29272|3,1992,general,B05,numeric8,29272,3,^29272\d{3}$,5,53,65,13,0.384615,3,8,29272053,29272065,sparse,official_completed_subset
1992|general|B05|29274|3,1992,general,B05,numeric8,29274,3,^29274\d{3}$,19,153,191,39,0.487179,11,20,29274153,29274191,moderate,official_completed_subset
1992|general|B06|29271|3,1992,general,B06,numeric8,29271,3,^29271\d{3}$,1,8,8,1,1.000000,1,0,29271008,29271008,contiguous,official_completed_subset
1992|general|B06|29277|3,1992,general,B06,numeric8,29277,3,^29277\d{3}$,17,266,282,17,1.000000,1,0,29277266,29277282,contiguous,official_completed_subset
1992|general|B07|29271|3,1992,general,B07,numeric8,29271,3,^29271\d{3}$,6,12,32,21,0.285714,6,15,29271012,29271032,sparse,official_completed_subset
1992|general|B07|29272|3,1992,general,B07,numeric8,29272,3,^29272\d{3}$,22,36,89,54,0.407407,13,32,29272036,29272089,moderate,official_completed_subset
1992|general|B07|29273|3,1992,general,B07,numeric8,29273,3,^29273\d{3}$,1,121,121,1,1.000000,1,0,29273121,29273121,contiguous,official_completed_subset
1992|general|B08|29276|3,1992,general,B08,numeric8,29276,3,^29276\d{3}$,39,227,265,39,1.000000,1,0,29276227,29276265,contiguous,official_completed_subset
1992|key|B01|29232|3,1992,key,B01,numeric8,29232,3,^29232\d{3}$,5,10,43,34,0.147059,4,29,29232010,29232043,sparse,official_completed_subset
1992|key|B01|29234|3,1992,key,B01,numeric8,29234,3,^29234\d{3}$,2,92,93,2,1.000000,1,0,29234092,29234093,contiguous,official_completed_subset
1992|key|B02|29233|3,1992,key,B02,numeric8,29233,3,^29233\d{3}$,7,50,73,24,0.291667,2,17,29233050,29233073,sparse,official_completed_subset
1992|key|B03|29233|3,1992,key,B03,numeric8,29233,3,^29233\d{3}$,5,53,82,30,0.166667,3,25,29233053,29233082,sparse,official_completed_subset
1992|key|B04|29233|3,1992,key,B04,numeric8,29233,3,^29233\d{3}$,2,80,81,2,1.000000,1,0,29233080,29233081,contiguous,official_completed_subset
1992|key|B04|29235|3,1992,key,B04,numeric8,29235,3,^29235\d{3}$,8,100,113,14,0.571429,2,6,29235100,29235113,moderate,official_completed_subset
1992|key|B05|29234|3,1992,key,B05,numeric8,29234,3,^29234\d{3}$,2,90,91,2,1.000000,1,0,29234090,29234091,contiguous,official_completed_subset
1992|key|B05|29236|3,1992,key,B05,numeric8,29236,3,^29236\d{3}$,3,120,123,4,0.750000,2,1,29236120,29236123,moderate,official_completed_subset
1992|key|B06|29237|3,1992,key,B06,numeric8,29237,3,^29237\d{3}$,3,160,162,3,1.000000,1,0,29237160,29237162,contiguous,official_completed_subset
1992|key|B07|29232|3,1992,key,B07,numeric8,29232,3,^29232\d{3}$,4,20,42,23,0.173913,2,19,29232020,29232042,sparse,official_completed_subset
1992|key|B08|29236|3,1992,key,B08,numeric8,29236,3,^29236\d{3}$,12,122,153,32,0.375000,4,20,29236122,29236153,sparse,official_completed_subset
1992|regional|B01|29261|3,1992,regional,B01,numeric8,29261,3,^29261\d{3}$,2,1,3,3,0.666667,2,1,29261001,29261003,moderate,official_completed_subset
1992|regional|B01|29262|3,1992,regional,B01,numeric8,29262,3,^29262\d{3}$,1,8,8,1,1.000000,1,0,29262008,29262008,contiguous,official_completed_subset
1992|regional|B01|29264|3,1992,regional,B01,numeric8,29264,3,^29264\d{3}$,1,11,11,1,1.000000,1,0,29264011,29264011,contiguous,official_completed_subset
1992|regional|B02|29263|3,1992,regional,B02,numeric8,29263,3,^29263\d{3}$,1,10,10,1,1.000000,1,0,29263010,29263010,contiguous,official_completed_subset
1992|regional|B03|29261|3,1992,regional,B03,numeric8,29261,3,^29261\d{3}$,1,2,2,1,1.000000,1,0,29261002,29261002,contiguous,official_completed_subset
1992|regional|B04|29265|3,1992,regional,B04,numeric8,29265,3,^29265\d{3}$,1,12,12,1,1.000000,1,0,29265012,29265012,contiguous,official_completed_subset
1992|regional|B06|29267|3,1992,regional,B06,numeric8,29267,3,^29267\d{3}$,1,14,14,1,1.000000,1,0,29267014,29267014,contiguous,official_completed_subset
1992|regional|B07|29261|3,1992,regional,B07,numeric8,29261,3,^29261\d{3}$,1,4,4,1,1.000000,1,0,29261004,29261004,contiguous,official_completed_subset
1992|regional|B07|29262|3,1992,regional,B07,numeric8,29262,3,^29262\d{3}$,4,5,9,5,0.800000,2,1,29262005,29262009,dense,official_completed_subset
1992|regional|B08|29266|3,1992,regional,B08,numeric8,29266,3,^29266\d{3}$,1,13,13,1,1.000000,1,0,29266013,29266013,contiguous,official_completed_subset
1992|special|B01|29222|3,1992,special,B01,numeric8,29222,3,^29222\d{3}$,2,2,5,4,0.500000,2,2,29222002,29222005,moderate,official_completed_subset
1992|special|B01|29251|3,1992,special,B01,numeric8,29251,3,^29251\d{3}$,1,1,1,1,1.000000,1,0,29251001,29251001,contiguous,official_completed_subset
1992|special|B02|29283|3,1992,special,B02,numeric8,29283,3,^29283\d{3}$,1,4,4,1,1.000000,1,0,29283004,29283004,contiguous,official_completed_subset
1992|special|B03|29243|3,1992,special,B03,numeric8,29243,3,^29243\d{3}$,2,2,3,2,1.000000,1,0,29243002,29243003,contiguous,official_completed_subset
1992|special|B03|29253|3,1992,special,B03,numeric8,29253,3,^29253\d{3}$,1,2,2,1,1.000000,1,0,29253002,29253002,contiguous,official_completed_subset
1992|special|B04|29281|3,1992,special,B04,numeric8,29281,3,^29281\d{3}$,1,1,1,1,1.000000,1,0,29281001,29281001,contiguous,official_completed_subset
1992|special|B05|29244|3,1992,special,B05,numeric8,29244,3,^29244\d{3}$,1,1,1,1,1.000000,1,0,29244001,29244001,contiguous,official_completed_subset
1992|special|B05|29282|3,1992,special,B05,numeric8,29282,3,^29282\d{3}$,1,2,2,1,1.000000,1,0,29282002,29282002,contiguous,official_completed_subset
1992|special|B05|29284|3,1992,special,B05,numeric8,29284,3,^29284\d{3}$,1,6,6,1,1.000000,1,0,29284006,29284006,contiguous,official_completed_subset
1992|special|B07|29222|3,1992,special,B07,numeric8,29222,3,^29222\d{3}$,3,1,4,4,0.750000,2,1,29222001,29222004,moderate,official_completed_subset
1992|special|B07|29281|3,1992,special,B07,numeric8,29281,3,^29281\d{3}$,1,5,5,1,1.000000,1,0,29281005,29281005,contiguous,official_completed_subset
1992|special|B08|29223|3,1992,special,B08,numeric8,29223,3,^29223\d{3}$,1,1,1,1,1.000000,1,0,29223001,29223001,contiguous,official_completed_subset
1992|special|B08|29286|3,1992,special,B08,numeric8,29286,3,^29286\d{3}$,1,3,3,1,1.000000,1,0,29286003,29286003,contiguous,official_completed_subset
1992|youth_c|B01|29201|3,1992,youth_c,B01,numeric8,29201,3,^29201\d{3}$,3,2,5,4,0.750000,2,1,29201002,29201005,moderate,official_completed_subset
1992|youth_c|B01|29202|3,1992,youth_c,B01,numeric8,29202,3,^29202\d{3}$,6,7,16,10,0.600000,3,4,29202007,29202016,moderate,official_completed_subset
1992|youth_c|B01|29204|3,1992,youth_c,B01,numeric8,29204,3,^29204\d{3}$,3,26,31,6,0.500000,2,3,29204026,29204031,moderate,official_completed_subset
1992|youth_c|B02|29203|3,1992,youth_c,B02,numeric8,29203,3,^29203\d{3}$,4,18,21,4,1.000000,1,0,29203018,29203021,contiguous,official_completed_subset
1992|youth_c|B03|29203|3,1992,youth_c,B03,numeric8,29203,3,^29203\d{3}$,5,17,25,9,0.555556,2,4,29203017,29203025,moderate,official_completed_subset
1992|youth_c|B03|29204|3,1992,youth_c,B03,numeric8,29204,3,^29204\d{3}$,1,32,32,1,1.000000,1,0,29204032,29204032,contiguous,official_completed_subset
1992|youth_c|B04|29202|3,1992,youth_c,B04,numeric8,29202,3,^29202\d{3}$,1,11,11,1,1.000000,1,0,29202011,29202011,contiguous,official_completed_subset
1992|youth_c|B04|29204|3,1992,youth_c,B04,numeric8,29204,3,^29204\d{3}$,1,29,29,1,1.000000,1,0,29204029,29204029,contiguous,official_completed_subset
1992|youth_c|B04|29205|3,1992,youth_c,B04,numeric8,29205,3,^29205\d{3}$,4,34,37,4,1.000000,1,0,29205034,29205037,contiguous,official_completed_subset
1992|youth_c|B05|29201|3,1992,youth_c,B05,numeric8,29201,3,^29201\d{3}$,1,1,1,1,1.000000,1,0,29201001,29201001,contiguous,official_completed_subset
1992|youth_c|B05|29204|3,1992,youth_c,B05,numeric8,29204,3,^29204\d{3}$,3,28,33,6,0.500000,3,3,29204028,29204033,moderate,official_completed_subset
1992|youth_c|B06|29207|3,1992,youth_c,B06,numeric8,29207,3,^29207\d{3}$,2,47,48,2,1.000000,1,0,29207047,29207048,contiguous,official_completed_subset
1992|youth_c|B07|29201|3,1992,youth_c,B07,numeric8,29201,3,^29201\d{3}$,1,3,3,1,1.000000,1,0,29201003,29201003,contiguous,official_completed_subset
1992|youth_c|B07|29202|3,1992,youth_c,B07,numeric8,29202,3,^29202\d{3}$,4,6,15,10,0.400000,3,6,29202006,29202015,moderate,official_completed_subset
1992|youth_c|B08|29206|3,1992,youth_c,B08,numeric8,29206,3,^29206\d{3}$,9,38,46,9,1.000000,1,0,29206038,29206046,contiguous,official_completed_subset
1993|general|B01|29371|3,1993,general,B01,numeric8,29371,3,^29371\d{3}$,19,1,29,29,0.655172,7,10,29371001,29371029,moderate,official_completed_subset
1993|general|B01|29372|3,1993,general,B01,numeric8,29372,3,^29372\d{3}$,29,34,88,55,0.527273,13,26,29372034,29372088,moderate,official_completed_subset
1993|general|B01|29374|3,1993,general,B01,numeric8,29374,3,^29374\d{3}$,14,150,187,38,0.368421,8,24,29374150,29374187,sparse,official_completed_subset
1993|general|B02|29373|3,1993,general,B02,numeric8,29373,3,^29373\d{3}$,32,89,145,57,0.561404,14,25,29373089,29373145,moderate,official_completed_subset
1993|general|B03|29371|3,1993,general,B03,numeric8,29371,3,^29371\d{3}$,8,2,31,30,0.266667,6,22,29371002,29371031,sparse,official_completed_subset
1993|general|B03|29372|3,1993,general,B03,numeric8,29372,3,^29372\d{3}$,3,41,69,29,0.103448,3,26,29372041,29372069,sparse,official_completed_subset
1993|general|B03|29373|3,1993,general,B03,numeric8,29373,3,^29373\d{3}$,29,90,149,60,0.483333,14,31,29373090,29373149,moderate,official_completed_subset
1993|general|B03|29374|3,1993,general,B03,numeric8,29374,3,^29374\d{3}$,5,156,179,24,0.208333,4,19,29374156,29374179,sparse,official_completed_subset
1993|general|B03|29375|3,1993,general,B03,numeric8,29375,3,^29375\d{3}$,7,193,211,19,0.368421,6,12,29375193,29375211,sparse,official_completed_subset
1993|general|B04|29372|3,1993,general,B04,numeric8,29372,3,^29372\d{3}$,3,46,73,28,0.107143,3,25,29372046,29372073,sparse,official_completed_subset
1993|general|B04|29374|3,1993,general,B04,numeric8,29374,3,^29374\d{3}$,2,152,168,17,0.117647,2,15,29374152,29374168,sparse,official_completed_subset
1993|general|B04|29375|3,1993,general,B04,numeric8,29375,3,^29375\d{3}$,28,188,222,35,0.800000,7,7,29375188,29375222,dense,official_completed_subset
1993|general|B05|29372|3,1993,general,B05,numeric8,29372,3,^29372\d{3}$,5,37,84,48,0.104167,5,43,29372037,29372084,sparse,official_completed_subset
1993|general|B05|29374|3,1993,general,B05,numeric8,29374,3,^29374\d{3}$,16,151,185,35,0.457143,6,19,29374151,29374185,moderate,official_completed_subset
1993|general|B06|29376|3,1993,general,B06,numeric8,29376,3,^29376\d{3}$,1,254,254,1,1.000000,1,0,29376254,29376254,contiguous,official_completed_subset
1993|general|B06|29377|3,1993,general,B06,numeric8,29377,3,^29377\d{3}$,20,267,286,20,1.000000,1,0,29377267,29377286,contiguous,official_completed_subset
1993|general|B07|29371|3,1993,general,B07,numeric8,29371,3,^29371\d{3}$,5,3,33,31,0.161290,5,26,29371003,29371033,sparse,official_completed_subset
1993|general|B07|29372|3,1993,general,B07,numeric8,29372,3,^29372\d{3}$,14,36,87,52,0.269231,10,38,29372036,29372087,sparse,official_completed_subset
1993|general|B08|29372|3,1993,general,B08,numeric8,29372,3,^29372\d{3}$,1,48,48,1,1.000000,1,0,29372048,29372048,contiguous,official_completed_subset
1993|general|B08|29376|3,1993,general,B08,numeric8,29376,3,^29376\d{3}$,43,223,266,44,0.977273,2,1,29376223,29376266,dense,official_completed_subset
1993|general|B09|29374|3,1993,general,B09,numeric8,29374,3,^29374\d{3}$,1,165,165,1,1.000000,1,0,29374165,29374165,contiguous,official_completed_subset
1993|key|B01|29331|3,1993,key,B01,numeric8,29331,3,^29331\d{3}$,4,20,23,4,1.000000,1,0,29331020,29331023,contiguous,official_completed_subset
1993|key|B03|29333|3,1993,key,B03,numeric8,29333,3,^29333\d{3}$,4,30,33,4,1.000000,1,0,29333030,29333033,contiguous,official_completed_subset
1993|key|B06|29331|3,1993,key,B06,numeric8,29331,3,^29331\d{3}$,3,10,12,3,1.000000,1,0,29331010,29331012,contiguous,official_completed_subset
1993|key|B07|29331|3,1993,key,B07,numeric8,29331,3,^29331\d{3}$,1,13,13,1,1.000000,1,0,29331013,29331013,contiguous,official_completed_subset
1993|regional|B01|29361|3,1993,regional,B01,numeric8,29361,3,^29361\d{3}$,2,1,2,2,1.000000,1,0,29361001,29361002,contiguous,official_completed_subset
1993|regional|B01|29362|3,1993,regional,B01,numeric8,29362,3,^29362\d{3}$,1,7,7,1,1.000000,1,0,29362007,29362007,contiguous,official_completed_subset
1993|regional|B01|29364|3,1993,regional,B01,numeric8,29364,3,^29364\d{3}$,1,10,10,1,1.000000,1,0,29364010,29364010,contiguous,official_completed_subset
1993|regional|B02|29363|3,1993,regional,B02,numeric8,29363,3,^29363\d{3}$,1,9,9,1,1.000000,1,0,29363009,29363009,contiguous,official_completed_subset
1993|regional|B03|29365|3,1993,regional,B03,numeric8,29365,3,^29365\d{3}$,1,11,11,1,1.000000,1,0,29365011,29365011,contiguous,official_completed_subset
1993|regional|B06|29367|3,1993,regional,B06,numeric8,29367,3,^29367\d{3}$,1,14,14,1,1.000000,1,0,29367014,29367014,contiguous,official_completed_subset
1993|regional|B07|29362|3,1993,regional,B07,numeric8,29362,3,^29362\d{3}$,4,3,6,4,1.000000,1,0,29362003,29362006,contiguous,official_completed_subset
1993|regional|B07|29363|3,1993,regional,B07,numeric8,29363,3,^29363\d{3}$,1,8,8,1,1.000000,1,0,29363008,29363008,contiguous,official_completed_subset
1993|regional|B08|29366|3,1993,regional,B08,numeric8,29366,3,^29366\d{3}$,2,12,13,2,1.000000,1,0,29366012,29366013,contiguous,official_completed_subset
1993|special|B01|29322|3,1993,special,B01,numeric8,29322,3,^29322\d{3}$,1,1,1,1,1.000000,1,0,29322001,29322001,contiguous,official_completed_subset
1993|special|B01|29344|3,1993,special,B01,numeric8,29344,3,^29344\d{3}$,2,4,6,3,0.666667,2,1,29344004,29344006,moderate,official_completed_subset
1993|special|B01|29381|3,1993,special,B01,numeric8,29381,3,^29381\d{3}$,1,1,1,1,1.000000,1,0,29381001,29381001,contiguous,official_completed_subset
1993|special|B01|29382|3,1993,special,B01,numeric8,29382,3,^29382\d{3}$,2,2,3,2,1.000000,1,0,29382002,29382003,contiguous,official_completed_subset
1993|special|B02|29343|3,1993,special,B02,numeric8,29343,3,^29343\d{3}$,2,1,2,2,1.000000,1,0,29343001,29343002,contiguous,official_completed_subset
1993|special|B02|29383|3,1993,special,B02,numeric8,29383,3,^29383\d{3}$,1,4,4,1,1.000000,1,0,29383004,29383004,contiguous,official_completed_subset
1993|special|B03|29353|3,1993,special,B03,numeric8,29353,3,^29353\d{3}$,1,2,2,1,1.000000,1,0,29353002,29353002,contiguous,official_completed_subset
1993|special|B03|29383|3,1993,special,B03,numeric8,29383,3,^29383\d{3}$,1,5,5,1,1.000000,1,0,29383005,29383005,contiguous,official_completed_subset
1993|special|B05|29344|3,1993,special,B05,numeric8,29344,3,^29344\d{3}$,1,5,5,1,1.000000,1,0,29344005,29344005,contiguous,official_completed_subset
1993|special|B05|29384|3,1993,special,B05,numeric8,29384,3,^29384\d{3}$,2,6,7,2,1.000000,1,0,29384006,29384007,contiguous,official_completed_subset
1993|special|B07|29322|3,1993,special,B07,numeric8,29322,3,^29322\d{3}$,2,2,3,2,1.000000,1,0,29322002,29322003,contiguous,official_completed_subset
1993|special|B08|29346|3,1993,special,B08,numeric8,29346,3,^29346\d{3}$,1,3,3,1,1.000000,1,0,29346003,29346003,contiguous,official_completed_subset
1993|special|B08|29356|3,1993,special,B08,numeric8,29356,3,^29356\d{3}$,1,1,1,1,1.000000,1,0,29356001,29356001,contiguous,official_completed_subset
1993|special|B08|29386|3,1993,special,B08,numeric8,29386,3,^29386\d{3}$,1,8,8,1,1.000000,1,0,29386008,29386008,contiguous,official_completed_subset
1993|youth_c|B01|29301|3,1993,youth_c,B01,numeric8,29301,3,^29301\d{3}$,4,1,5,5,0.800000,2,1,29301001,29301005,dense,official_completed_subset
1993|youth_c|B01|29302|3,1993,youth_c,B01,numeric8,29302,3,^29302\d{3}$,8,7,16,10,0.800000,3,2,29302007,29302016,dense,official_completed_subset
1993|youth_c|B02|29303|3,1993,youth_c,B02,numeric8,29303,3,^29303\d{3}$,1,22,22,1,1.000000,1,0,29303022,29303022,contiguous,official_completed_subset
1993|youth_c|B02|29304|3,1993,youth_c,B02,numeric8,29304,3,^29304\d{3}$,1,29,29,1,1.000000,1,0,29304029,29304029,contiguous,official_completed_subset
1993|youth_c|B03|29303|3,1993,youth_c,B03,numeric8,29303,3,^29303\d{3}$,8,17,25,9,0.888889,2,1,29303017,29303025,dense,official_completed_subset
1993|youth_c|B03|29304|3,1993,youth_c,B03,numeric8,29304,3,^29304\d{3}$,3,30,32,3,1.000000,1,0,29304030,29304032,contiguous,official_completed_subset
1993|youth_c|B04|29304|3,1993,youth_c,B04,numeric8,29304,3,^29304\d{3}$,1,27,27,1,1.000000,1,0,29304027,29304027,contiguous,official_completed_subset
1993|youth_c|B04|29305|3,1993,youth_c,B04,numeric8,29305,3,^29305\d{3}$,4,34,37,4,1.000000,1,0,29305034,29305037,contiguous,official_completed_subset
1993|youth_c|B05|29304|3,1993,youth_c,B05,numeric8,29304,3,^29304\d{3}$,3,26,33,8,0.375000,3,5,29304026,29304033,sparse,official_completed_subset
1993|youth_c|B06|29307|3,1993,youth_c,B06,numeric8,29307,3,^29307\d{3}$,3,48,50,3,1.000000,1,0,29307048,29307050,contiguous,official_completed_subset
1993|youth_c|B07|29301|3,1993,youth_c,B07,numeric8,29301,3,^29301\d{3}$,1,4,4,1,1.000000,1,0,29301004,29301004,contiguous,official_completed_subset
1993|youth_c|B07|29302|3,1993,youth_c,B07,numeric8,29302,3,^29302\d{3}$,3,6,13,8,0.375000,3,5,29302006,29302013,sparse,official_completed_subset
1993|youth_c|B08|29306|3,1993,youth_c,B08,numeric8,29306,3,^29306\d{3}$,10,38,47,10,1.000000,1,0,29306038,29306047,contiguous,official_completed_subset
1994|general|B01|29471|3,1994,general,B01,numeric8,29471,3,^29471\d{3}$,17,2,26,25,0.680000,7,8,29471002,29471026,moderate,official_completed_subset
1994|general|B01|29472|3,1994,general,B01,numeric8,29472,3,^29472\d{3}$,33,35,85,51,0.647059,11,18,29472035,29472085,moderate,official_completed_subset
1994|general|B01|29474|3,1994,general,B01,numeric8,29474,3,^29474\d{3}$,14,149,184,36,0.388889,11,22,29474149,29474184,sparse,official_completed_subset
1994|general|B02|29473|3,1994,general,B02,numeric8,29473,3,^29473\d{3}$,35,88,147,60,0.583333,14,25,29473088,29473147,moderate,official_completed_subset
1994|general|B03|29471|3,1994,general,B03,numeric8,29471,3,^29471\d{3}$,4,1,31,31,0.129032,4,27,29471001,29471031,sparse,official_completed_subset
1994|general|B03|29472|3,1994,general,B03,numeric8,29472,3,^29472\d{3}$,6,37,75,39,0.153846,4,33,29472037,29472075,sparse,official_completed_subset
1994|general|B03|29473|3,1994,general,B03,numeric8,29473,3,^29473\d{3}$,24,87,146,60,0.400000,13,36,29473087,29473146,moderate,official_completed_subset
1994|general|B03|29474|3,1994,general,B03,numeric8,29474,3,^29474\d{3}$,7,152,185,34,0.205882,6,27,29474152,29474185,sparse,official_completed_subset
1994|general|B03|29475|3,1994,general,B03,numeric8,29475,3,^29475\d{3}$,4,193,210,18,0.222222,4,14,29475193,29475210,sparse,official_completed_subset
1994|general|B04|29472|3,1994,general,B04,numeric8,29472,3,^29472\d{3}$,1,45,45,1,1.000000,1,0,29472045,29472045,contiguous,official_completed_subset
1994|general|B04|29474|3,1994,general,B04,numeric8,29474,3,^29474\d{3}$,1,179,179,1,1.000000,1,0,29474179,29474179,contiguous,official_completed_subset
1994|general|B04|29475|3,1994,general,B04,numeric8,29475,3,^29475\d{3}$,31,186,220,35,0.885714,5,4,29475186,29475220,dense,official_completed_subset
1994|general|B05|29472|3,1994,general,B05,numeric8,29472,3,^29472\d{3}$,2,58,77,20,0.100000,2,18,29472058,29472077,sparse,official_completed_subset
1994|general|B05|29474|3,1994,general,B05,numeric8,29474,3,^29474\d{3}$,16,148,182,35,0.457143,12,19,29474148,29474182,moderate,official_completed_subset
1994|general|B06|29471|3,1994,general,B06,numeric8,29471,3,^29471\d{3}$,1,10,10,1,1.000000,1,0,29471010,29471010,contiguous,official_completed_subset
1994|general|B06|29477|3,1994,general,B06,numeric8,29477,3,^29477\d{3}$,22,265,286,22,1.000000,1,0,29477265,29477286,contiguous,official_completed_subset
1994|general|B07|29471|3,1994,general,B07,numeric8,29471,3,^29471\d{3}$,10,7,32,26,0.384615,6,16,29471007,29471032,sparse,official_completed_subset
1994|general|B07|29472|3,1994,general,B07,numeric8,29472,3,^29472\d{3}$,12,33,86,54,0.222222,7,42,29472033,29472086,sparse,official_completed_subset
1994|general|B07|29473|3,1994,general,B07,numeric8,29473,3,^29473\d{3}$,1,115,115,1,1.000000,1,0,29473115,29473115,contiguous,official_completed_subset
1994|general|B08|29476|3,1994,general,B08,numeric8,29476,3,^29476\d{3}$,44,221,264,44,1.000000,1,0,29476221,29476264,contiguous,official_completed_subset
1994|key|B03|29434|3,1994,key,B03,numeric8,29434,3,^29434\d{3}$,2,12,13,2,1.000000,1,0,29434012,29434013,contiguous,official_completed_subset
1994|key|B05|29434|3,1994,key,B05,numeric8,29434,3,^29434\d{3}$,6,10,23,14,0.428571,2,8,29434010,29434023,moderate,official_completed_subset
1994|regional|B01|29461|3,1994,regional,B01,numeric8,29461,3,^29461\d{3}$,2,2,3,2,1.000000,1,0,29461002,29461003,contiguous,official_completed_subset
1994|regional|B01|29464|3,1994,regional,B01,numeric8,29464,3,^29464\d{3}$,1,11,11,1,1.000000,1,0,29464011,29464011,contiguous,official_completed_subset
1994|regional|B02|29463|3,1994,regional,B02,numeric8,29463,3,^29463\d{3}$,1,10,10,1,1.000000,1,0,29463010,29463010,contiguous,official_completed_subset
1994|regional|B03|29462|3,1994,regional,B03,numeric8,29462,3,^29462\d{3}$,1,6,6,1,1.000000,1,0,29462006,29462006,contiguous,official_completed_subset
1994|regional|B04|29461|3,1994,regional,B04,numeric8,29461,3,^29461\d{3}$,1,1,1,1,1.000000,1,0,29461001,29461001,contiguous,official_completed_subset
1994|regional|B06|29467|3,1994,regional,B06,numeric8,29467,3,^29467\d{3}$,1,14,14,1,1.000000,1,0,29467014,29467014,contiguous,official_completed_subset
1994|regional|B07|29462|3,1994,regional,B07,numeric8,29462,3,^29462\d{3}$,5,4,9,6,0.833333,2,1,29462004,29462009,dense,official_completed_subset
1994|regional|B08|29466|3,1994,regional,B08,numeric8,29466,3,^29466\d{3}$,2,12,13,2,1.000000,1,0,29466012,29466013,contiguous,official_completed_subset
1994|special|B01|29422|3,1994,special,B01,numeric8,29422,3,^29422\d{3}$,2,2,3,2,1.000000,1,0,29422002,29422003,contiguous,official_completed_subset
1994|special|B01|29441|3,1994,special,B01,numeric8,29441,3,^29441\d{3}$,1,2,2,1,1.000000,1,0,29441002,29441002,contiguous,official_completed_subset
1994|special|B01|29442|3,1994,special,B01,numeric8,29442,3,^29442\d{3}$,2,2,10,9,0.222222,2,7,29442002,29442010,sparse,official_completed_subset
1994|special|B01|29444|3,1994,special,B01,numeric8,29444,3,^29444\d{3}$,3,3,6,4,0.750000,2,1,29444003,29444006,moderate,official_completed_subset
1994|special|B01|29481|3,1994,special,B01,numeric8,29481,3,^29481\d{3}$,2,1,2,2,1.000000,1,0,29481001,29481002,contiguous,official_completed_subset
1994|special|B01|29484|3,1994,special,B01,numeric8,29484,3,^29484\d{3}$,1,7,7,1,1.000000,1,0,29484007,29484007,contiguous,official_completed_subset
1994|special|B02|29453|3,1994,special,B02,numeric8,29453,3,^29453\d{3}$,1,1,1,1,1.000000,1,0,29453001,29453001,contiguous,official_completed_subset
1994|special|B02|29483|3,1994,special,B02,numeric8,29483,3,^29483\d{3}$,1,5,5,1,1.000000,1,0,29483005,29483005,contiguous,official_completed_subset
1994|special|B03|29443|3,1994,special,B03,numeric8,29443,3,^29443\d{3}$,2,1,9,9,0.222222,2,7,29443001,29443009,sparse,official_completed_subset
1994|special|B03|29453|3,1994,special,B03,numeric8,29453,3,^29453\d{3}$,1,2,2,1,1.000000,1,0,29453002,29453002,contiguous,official_completed_subset
1994|special|B03|29483|3,1994,special,B03,numeric8,29483,3,^29483\d{3}$,1,4,4,1,1.000000,1,0,29483004,29483004,contiguous,official_completed_subset
1994|special|B04|29485|3,1994,special,B04,numeric8,29485,3,^29485\d{3}$,1,9,9,1,1.000000,1,0,29485009,29485009,contiguous,official_completed_subset
1994|special|B05|29444|3,1994,special,B05,numeric8,29444,3,^29444\d{3}$,1,5,5,1,1.000000,1,0,29444005,29444005,contiguous,official_completed_subset
1994|special|B05|29484|3,1994,special,B05,numeric8,29484,3,^29484\d{3}$,2,6,8,3,0.666667,2,1,29484006,29484008,moderate,official_completed_subset
1994|special|B07|29422|3,1994,special,B07,numeric8,29422,3,^29422\d{3}$,2,1,4,4,0.500000,2,2,29422001,29422004,moderate,official_completed_subset
1994|special|B07|29441|3,1994,special,B07,numeric8,29441,3,^29441\d{3}$,1,11,11,1,1.000000,1,0,29441011,29441011,contiguous,official_completed_subset
1994|special|B07|29482|3,1994,special,B07,numeric8,29482,3,^29482\d{3}$,1,3,3,1,1.000000,1,0,29482003,29482003,contiguous,official_completed_subset
1994|special|B08|29442|3,1994,special,B08,numeric8,29442,3,^29442\d{3}$,1,7,7,1,1.000000,1,0,29442007,29442007,contiguous,official_completed_subset
1994|special|B08|29486|3,1994,special,B08,numeric8,29486,3,^29486\d{3}$,2,10,11,2,1.000000,1,0,29486010,29486011,contiguous,official_completed_subset
1994|youth_c|B01|29401|3,1994,youth_c,B01,numeric8,29401,3,^29401\d{3}$,4,2,5,4,1.000000,1,0,29401002,29401005,contiguous,official_completed_subset
1994|youth_c|B01|29402|3,1994,youth_c,B01,numeric8,29402,3,^29402\d{3}$,5,7,17,11,0.454545,5,6,29402007,29402017,moderate,official_completed_subset
1994|youth_c|B01|29404|3,1994,youth_c,B01,numeric8,29404,3,^29404\d{3}$,1,35,35,1,1.000000,1,0,29404035,29404035,contiguous,official_completed_subset
1994|youth_c|B02|29403|3,1994,youth_c,B02,numeric8,29403,3,^29403\d{3}$,5,19,26,8,0.625000,3,3,29403019,29403026,moderate,official_completed_subset
1994|youth_c|B03|29401|3,1994,youth_c,B03,numeric8,29401,3,^29401\d{3}$,1,6,6,1,1.000000,1,0,29401006,29401006,contiguous,official_completed_subset
1994|youth_c|B03|29402|3,1994,youth_c,B03,numeric8,29402,3,^29402\d{3}$,1,18,18,1,1.000000,1,0,29402018,29402018,contiguous,official_completed_subset
1994|youth_c|B03|29403|3,1994,youth_c,B03,numeric8,29403,3,^29403\d{3}$,4,21,27,7,0.571429,3,3,29403021,29403027,moderate,official_completed_subset
1994|youth_c|B03|29404|3,1994,youth_c,B03,numeric8,29404,3,^29404\d{3}$,1,30,30,1,1.000000,1,0,29404030,29404030,contiguous,official_completed_subset
1994|youth_c|B03|29405|3,1994,youth_c,B03,numeric8,29405,3,^29405\d{3}$,1,36,36,1,1.000000,1,0,29405036,29405036,contiguous,official_completed_subset
1994|youth_c|B04|29404|3,1994,youth_c,B04,numeric8,29404,3,^29404\d{3}$,1,33,33,1,1.000000,1,0,29404033,29404033,contiguous,official_completed_subset
1994|youth_c|B04|29405|3,1994,youth_c,B04,numeric8,29405,3,^29405\d{3}$,4,37,40,4,1.000000,1,0,29405037,29405040,contiguous,official_completed_subset
1994|youth_c|B05|29402|3,1994,youth_c,B05,numeric8,29402,3,^29402\d{3}$,1,11,11,1,1.000000,1,0,29402011,29402011,contiguous,official_completed_subset
1994|youth_c|B05|29404|3,1994,youth_c,B05,numeric8,29404,3,^29404\d{3}$,4,28,32,5,0.800000,2,1,29404028,29404032,dense,official_completed_subset
1994|youth_c|B06|29401|3,1994,youth_c,B06,numeric8,29401,3,^29401\d{3}$,1,1,1,1,1.000000,1,0,29401001,29401001,contiguous,official_completed_subset
1994|youth_c|B06|29407|3,1994,youth_c,B06,numeric8,29407,3,^29407\d{3}$,4,51,54,4,1.000000,1,0,29407051,29407054,contiguous,official_completed_subset
1994|youth_c|B07|29402|3,1994,youth_c,B07,numeric8,29402,3,^29402\d{3}$,4,8,16,9,0.444444,2,5,29402008,29402016,moderate,official_completed_subset
1994|youth_c|B08|29406|3,1994,youth_c,B08,numeric8,29406,3,^29406\d{3}$,10,41,50,10,1.000000,1,0,29406041,29406050,contiguous,official_completed_subset
1994|youth_c|B09|29404|3,1994,youth_c,B09,numeric8,29404,3,^29404\d{3}$,1,34,34,1,1.000000,1,0,29404034,29404034,contiguous,official_completed_subset
1995|general|B01|29571|3,1995,general,B01,numeric8,29571,3,^29571\d{3}$,17,1,33,33,0.515152,9,16,29571001,29571033,moderate,official_completed_subset
1995|general|B01|29572|3,1995,general,B01,numeric8,29572,3,^29572\d{3}$,31,34,86,53,0.584906,12,22,29572034,29572086,moderate,official_completed_subset
1995|general|B01|29574|3,1995,general,B01,numeric8,29574,3,^29574\d{3}$,12,155,189,35,0.342857,9,23,29574155,29574189,sparse,official_completed_subset
1995|general|B02|29573|3,1995,general,B02,numeric8,29573,3,^29573\d{3}$,28,89,149,61,0.459016,18,33,29573089,29573149,moderate,official_completed_subset
1995|general|B02|29574|3,1995,general,B02,numeric8,29574,3,^29574\d{3}$,2,167,180,14,0.142857,2,12,29574167,29574180,sparse,official_completed_subset
1995|general|B02|29575|3,1995,general,B02,numeric8,29575,3,^29575\d{3}$,2,218,220,3,0.666667,2,1,29575218,29575220,moderate,official_completed_subset
1995|general|B03|29571|3,1995,general,B03,numeric8,29571,3,^29571\d{3}$,7,2,28,27,0.259259,5,20,29571002,29571028,sparse,official_completed_subset
1995|general|B03|29572|3,1995,general,B03,numeric8,29572,3,^29572\d{3}$,5,38,74,37,0.135135,4,32,29572038,29572074,sparse,official_completed_subset
1995|general|B03|29573|3,1995,general,B03,numeric8,29573,3,^29573\d{3}$,31,90,148,59,0.525424,17,28,29573090,29573148,moderate,official_completed_subset
1995|general|B03|29574|3,1995,general,B03,numeric8,29574,3,^29574\d{3}$,6,151,184,34,0.176471,6,28,29574151,29574184,sparse,official_completed_subset
1995|general|B03|29575|3,1995,general,B03,numeric8,29575,3,^29575\d{3}$,3,196,203,8,0.375000,3,5,29575196,29575203,sparse,official_completed_subset
1995|general|B04|29571|3,1995,general,B04,numeric8,29571,3,^29571\d{3}$,1,3,3,1,1.000000,1,0,29571003,29571003,contiguous,official_completed_subset
1995|general|B04|29574|3,1995,general,B04,numeric8,29574,3,^29574\d{3}$,1,150,150,1,1.000000,1,0,29574150,29574150,contiguous,official_completed_subset
1995|general|B04|29575|3,1995,general,B04,numeric8,29575,3,^29575\d{3}$,29,190,223,34,0.852941,6,5,29575190,29575223,dense,official_completed_subset
1995|general|B05|29571|3,1995,general,B05,numeric8,29571,3,^29571\d{3}$,1,32,32,1,1.000000,1,0,29571032,29571032,contiguous,official_completed_subset
1995|general|B05|29572|3,1995,general,B05,numeric8,29572,3,^29572\d{3}$,4,36,78,43,0.093023,4,39,29572036,29572078,sparse,official_completed_subset
1995|general|B05|29574|3,1995,general,B05,numeric8,29574,3,^29574\d{3}$,16,152,187,36,0.444444,10,20,29574152,29574187,moderate,official_completed_subset
1995|general|B06|29571|3,1995,general,B06,numeric8,29571,3,^29571\d{3}$,2,5,6,2,1.000000,1,0,29571005,29571006,contiguous,official_completed_subset
1995|general|B06|29573|3,1995,general,B06,numeric8,29573,3,^29573\d{3}$,1,129,129,1,1.000000,1,0,29573129,29573129,contiguous,official_completed_subset
1995|general|B06|29577|3,1995,general,B06,numeric8,29577,3,^29577\d{3}$,25,268,292,25,1.000000,1,0,29577268,29577292,contiguous,official_completed_subset
1995|general|B07|29571|3,1995,general,B07,numeric8,29571,3,^29571\d{3}$,5,7,23,17,0.294118,5,12,29571007,29571023,sparse,official_completed_subset
1995|general|B07|29572|3,1995,general,B07,numeric8,29572,3,^29572\d{3}$,14,37,88,52,0.269231,12,38,29572037,29572088,sparse,official_completed_subset
1995|general|B07|29573|3,1995,general,B07,numeric8,29573,3,^29573\d{3}$,1,97,97,1,1.000000,1,0,29573097,29573097,contiguous,official_completed_subset
1995|general|B08|29572|3,1995,general,B08,numeric8,29572,3,^29572\d{3}$,1,43,43,1,1.000000,1,0,29572043,29572043,contiguous,official_completed_subset
1995|general|B08|29576|3,1995,general,B08,numeric8,29576,3,^29576\d{3}$,44,224,267,44,1.000000,1,0,29576224,29576267,contiguous,official_completed_subset
1995|general|B09|29574|3,1995,general,B09,numeric8,29574,3,^29574\d{3}$,2,160,176,17,0.117647,2,15,29574160,29574176,sparse,official_completed_subset
1995|regional|B01|29561|3,1995,regional,B01,numeric8,29561,3,^29561\d{3}$,2,1,2,2,1.000000,1,0,29561001,29561002,contiguous,official_completed_subset
1995|regional|B01|29562|3,1995,regional,B01,numeric8,29562,3,^29562\d{3}$,2,3,5,3,0.666667,2,1,29562003,29562005,moderate,official_completed_subset
1995|regional|B01|29564|3,1995,regional,B01,numeric8,29564,3,^29564\d{3}$,1,8,8,1,1.000000,1,0,29564008,29564008,contiguous,official_completed_subset
1995|regional|B02|29563|3,1995,regional,B02,numeric8,29563,3,^29563\d{3}$,1,7,7,1,1.000000,1,0,29563007,29563007,contiguous,official_completed_subset
1995|regional|B04|29565|3,1995,regional,B04,numeric8,29565,3,^29565\d{3}$,1,9,9,1,1.000000,1,0,29565009,29565009,contiguous,official_completed_subset
1995|regional|B06|29567|3,1995,regional,B06,numeric8,29567,3,^29567\d{3}$,1,11,11,1,1.000000,1,0,29567011,29567011,contiguous,official_completed_subset
1995|regional|B07|29562|3,1995,regional,B07,numeric8,29562,3,^29562\d{3}$,2,4,6,3,0.666667,2,1,29562004,29562006,moderate,official_completed_subset
1995|regional|B08|29566|3,1995,regional,B08,numeric8,29566,3,^29566\d{3}$,1,10,10,1,1.000000,1,0,29566010,29566010,contiguous,official_completed_subset
1995|special|B01|29541|3,1995,special,B01,numeric8,29541,3,^29541\d{3}$,2,3,9,7,0.285714,2,5,29541003,29541009,sparse,official_completed_subset
1995|special|B01|29542|3,1995,special,B01,numeric8,29542,3,^29542\d{3}$,1,10,10,1,1.000000,1,0,29542010,29542010,contiguous,official_completed_subset
1995|special|B01|29544|3,1995,special,B01,numeric8,29544,3,^29544\d{3}$,1,4,4,1,1.000000,1,0,29544004,29544004,contiguous,official_completed_subset
1995|special|B01|29551|3,1995,special,B01,numeric8,29551,3,^29551\d{3}$,1,2,2,1,1.000000,1,0,29551002,29551002,contiguous,official_completed_subset
1995|special|B01|29552|3,1995,special,B01,numeric8,29552,3,^29552\d{3}$,1,1,1,1,1.000000,1,0,29552001,29552001,contiguous,official_completed_subset
1995|special|B01|29582|3,1995,special,B01,numeric8,29582,3,^29582\d{3}$,2,1,2,2,1.000000,1,0,29582001,29582002,contiguous,official_completed_subset
1995|special|B02|29543|3,1995,special,B02,numeric8,29543,3,^29543\d{3}$,3,3,11,9,0.333333,3,6,29543003,29543011,sparse,official_completed_subset
1995|special|B03|29523|3,1995,special,B03,numeric8,29523,3,^29523\d{3}$,1,1,1,1,1.000000,1,0,29523001,29523001,contiguous,official_completed_subset
1995|special|B03|29542|3,1995,special,B03,numeric8,29542,3,^29542\d{3}$,1,6,6,1,1.000000,1,0,29542006,29542006,contiguous,official_completed_subset
1995|special|B03|29543|3,1995,special,B03,numeric8,29543,3,^29543\d{3}$,2,1,12,12,0.166667,2,10,29543001,29543012,sparse,official_completed_subset
1995|special|B04|29545|3,1995,special,B04,numeric8,29545,3,^29545\d{3}$,2,6,15,10,0.200000,2,8,29545006,29545015,sparse,official_completed_subset
1995|special|B05|29544|3,1995,special,B05,numeric8,29544,3,^29544\d{3}$,1,13,13,1,1.000000,1,0,29544013,29544013,contiguous,official_completed_subset
1995|special|B05|29584|3,1995,special,B05,numeric8,29584,3,^29584\d{3}$,2,3,5,3,0.666667,2,1,29584003,29584005,moderate,official_completed_subset
1995|special|B06|29545|3,1995,special,B06,numeric8,29545,3,^29545\d{3}$,1,14,14,1,1.000000,1,0,29545014,29545014,contiguous,official_completed_subset
1995|special|B06|29555|3,1995,special,B06,numeric8,29555,3,^29555\d{3}$,1,3,3,1,1.000000,1,0,29555003,29555003,contiguous,official_completed_subset
1995|special|B07|29522|3,1995,special,B07,numeric8,29522,3,^29522\d{3}$,3,1,3,3,1.000000,1,0,29522001,29522003,contiguous,official_completed_subset
1995|special|B07|29541|3,1995,special,B07,numeric8,29541,3,^29541\d{3}$,2,1,2,2,1.000000,1,0,29541001,29541002,contiguous,official_completed_subset
1995|special|B07|29542|3,1995,special,B07,numeric8,29542,3,^29542\d{3}$,1,5,5,1,1.000000,1,0,29542005,29542005,contiguous,official_completed_subset
1995|special|B08|29546|3,1995,special,B08,numeric8,29546,3,^29546\d{3}$,3,3,17,15,0.200000,2,12,29546003,29546017,sparse,official_completed_subset
1995|special|B08|29586|3,1995,special,B08,numeric8,29586,3,^29586\d{3}$,1,4,4,1,1.000000,1,0,29586004,29586004,contiguous,official_completed_subset
1995|youth_c|B01|29501|3,1995,youth_c,B01,numeric8,29501,3,^29501\d{3}$,5,1,5,5,1.000000,1,0,29501001,29501005,contiguous,official_completed_subset
1995|youth_c|B01|29502|3,1995,youth_c,B01,numeric8,29502,3,^29502\d{3}$,7,6,15,10,0.700000,4,3,29502006,29502015,moderate,official_completed_subset
1995|youth_c|B01|29504|3,1995,youth_c,B01,numeric8,29504,3,^29504\d{3}$,5,29,33,5,1.000000,1,0,29504029,29504033,contiguous,official_completed_subset
1995|youth_c|B02|29503|3,1995,youth_c,B02,numeric8,29503,3,^29503\d{3}$,6,17,26,10,0.600000,4,4,29503017,29503026,moderate,official_completed_subset
1995|youth_c|B03|29503|3,1995,youth_c,B03,numeric8,29503,3,^29503\d{3}$,5,16,25,10,0.500000,4,5,29503016,29503025,moderate,official_completed_subset
1995|youth_c|B03|29504|3,1995,youth_c,B03,numeric8,29504,3,^29504\d{3}$,3,27,35,9,0.333333,2,6,29504027,29504035,sparse,official_completed_subset
1995|youth_c|B03|29505|3,1995,youth_c,B03,numeric8,29505,3,^29505\d{3}$,1,37,37,1,1.000000,1,0,29505037,29505037,contiguous,official_completed_subset
1995|youth_c|B04|29505|3,1995,youth_c,B04,numeric8,29505,3,^29505\d{3}$,3,36,40,5,0.600000,3,2,29505036,29505040,moderate,official_completed_subset
1995|youth_c|B05|29504|3,1995,youth_c,B05,numeric8,29504,3,^29504\d{3}$,1,34,34,1,1.000000,1,0,29504034,29504034,contiguous,official_completed_subset
1995|youth_c|B06|29507|3,1995,youth_c,B06,numeric8,29507,3,^29507\d{3}$,4,51,54,4,1.000000,1,0,29507051,29507054,contiguous,official_completed_subset
1995|youth_c|B07|29502|3,1995,youth_c,B07,numeric8,29502,3,^29502\d{3}$,2,7,14,8,0.250000,2,6,29502007,29502014,sparse,official_completed_subset
1995|youth_c|B08|29502|3,1995,youth_c,B08,numeric8,29502,3,^29502\d{3}$,1,11,11,1,1.000000,1,0,29502011,29502011,contiguous,official_completed_subset
1995|youth_c|B08|29506|3,1995,youth_c,B08,numeric8,29506,3,^29506\d{3}$,10,41,50,10,1.000000,1,0,29506041,29506050,contiguous,official_completed_subset
1996|general|B01|29671|3,1996,general,B01,numeric8,29671,3,^29671\d{3}$,22,1,35,35,0.628571,10,13,29671001,29671035,moderate,official_completed_subset
1996|general|B01|29672|3,1996,general,B01,numeric8,29672,3,^29672\d{3}$,26,1,49,49,0.530612,11,23,29672001,29672049,moderate,official_completed_subset
1996|general|B01|29674|3,1996,general,B01,numeric8,29674,3,^29674\d{3}$,12,1,40,40,0.300000,8,28,29674001,29674040,sparse,official_completed_subset
1996|general|B02|29671|3,1996,general,B02,numeric8,29671,3,^29671\d{3}$,1,6,6,1,1.000000,1,0,29671006,29671006,contiguous,official_completed_subset
1996|general|B02|29673|3,1996,general,B02,numeric8,29673,3,^29673\d{3}$,33,2,59,58,0.568966,18,25,29673002,29673059,moderate,official_completed_subset
1996|general|B02|29675|3,1996,general,B02,numeric8,29675,3,^29675\d{3}$,4,21,31,11,0.363636,4,7,29675021,29675031,sparse,official_completed_subset
1996|general|B03|29671|3,1996,general,B03,numeric8,29671,3,^29671\d{3}$,3,23,32,10,0.300000,3,7,29671023,29671032,sparse,official_completed_subset
1996|general|B03|29672|3,1996,general,B03,numeric8,29672,3,^29672\d{3}$,5,3,46,44,0.113636,5,39,29672003,29672046,sparse,official_completed_subset
1996|general|B03|29673|3,1996,general,B03,numeric8,29673,3,^29673\d{3}$,26,1,58,58,0.448276,18,32,29673001,29673058,moderate,official_completed_subset
1996|general|B03|29674|3,1996,general,B03,numeric8,29674,3,^29674\d{3}$,10,5,38,34,0.294118,7,24,29674005,29674038,sparse,official_completed_subset
1996|general|B03|29675|3,1996,general,B03,numeric8,29675,3,^29675\d{3}$,2,13,23,11,0.181818,2,9,29675013,29675023,sparse,official_completed_subset
1996|general|B04|29671|3,1996,general,B04,numeric8,29671,3,^29671\d{3}$,1,22,22,1,1.000000,1,0,29671022,29671022,contiguous,official_completed_subset
1996|general|B04|29672|3,1996,general,B04,numeric8,29672,3,^29672\d{3}$,1,54,54,1,1.000000,1,0,29672054,29672054,contiguous,official_completed_subset
1996|general|B04|29674|3,1996,general,B04,numeric8,29674,3,^29674\d{3}$,1,7,7,1,1.000000,1,0,29674007,29674007,contiguous,official_completed_subset
1996|general|B04|29675|3,1996,general,B04,numeric8,29675,3,^29675\d{3}$,28,1,34,34,0.823529,7,6,29675001,29675034,dense,official_completed_subset
1996|general|B05|29672|3,1996,general,B05,numeric8,29672,3,^29672\d{3}$,6,13,45,33,0.181818,6,27,29672013,29672045,sparse,official_completed_subset
1996|general|B05|29674|3,1996,general,B05,numeric8,29674,3,^29674\d{3}$,17,3,35,33,0.515152,10,16,29674003,29674035,moderate,official_completed_subset
1996|general|B06|29671|3,1996,general,B06,numeric8,29671,3,^29671\d{3}$,3,16,33,18,0.166667,3,15,29671016,29671033,sparse,official_completed_subset
1996|general|B06|29676|3,1996,general,B06,numeric8,29676,3,^29676\d{3}$,1,28,28,1,1.000000,1,0,29676028,29676028,contiguous,official_completed_subset
1996|general|B06|29677|3,1996,general,B06,numeric8,29677,3,^29677\d{3}$,28,1,28,28,1.000000,1,0,29677001,29677028,contiguous,official_completed_subset
1996|general|B07|29671|3,1996,general,B07,numeric8,29671,3,^29671\d{3}$,5,2,29,28,0.178571,5,23,29671002,29671029,sparse,official_completed_subset
1996|general|B07|29672|3,1996,general,B07,numeric8,29672,3,^29672\d{3}$,16,2,53,52,0.307692,9,36,29672002,29672053,sparse,official_completed_subset
1996|general|B08|29676|3,1996,general,B08,numeric8,29676,3,^29676\d{3}$,44,1,45,45,0.977778,2,1,29676001,29676045,dense,official_completed_subset
1996|key|B01|29631|3,1996,key,B01,numeric8,29631,3,^29631\d{3}$,2,30,40,11,0.181818,2,9,29631030,29631040,sparse,official_completed_subset
1996|key|B01|29632|3,1996,key,B01,numeric8,29632,3,^29632\d{3}$,1,30,30,1,1.000000,1,0,29632030,29632030,contiguous,official_completed_subset
1996|key|B01|29634|3,1996,key,B01,numeric8,29634,3,^29634\d{3}$,1,10,10,1,1.000000,1,0,29634010,29634010,contiguous,official_completed_subset
1996|key|B02|29633|3,1996,key,B02,numeric8,29633,3,^29633\d{3}$,1,30,30,1,1.000000,1,0,29633030,29633030,contiguous,official_completed_subset
1996|key|B03|29631|3,1996,key,B03,numeric8,29631,3,^29631\d{3}$,1,20,20,1,1.000000,1,0,29631020,29631020,contiguous,official_completed_subset
1996|key|B03|29633|3,1996,key,B03,numeric8,29633,3,^29633\d{3}$,2,10,20,11,0.181818,2,9,29633010,29633020,sparse,official_completed_subset
1996|key|B04|29635|3,1996,key,B04,numeric8,29635,3,^29635\d{3}$,2,10,20,11,0.181818,2,9,29635010,29635020,sparse,official_completed_subset
1996|key|B05|29634|3,1996,key,B05,numeric8,29634,3,^29634\d{3}$,2,20,30,11,0.181818,2,9,29634020,29634030,sparse,official_completed_subset
1996|key|B06|29637|3,1996,key,B06,numeric8,29637,3,^29637\d{3}$,1,10,10,1,1.000000,1,0,29637010,29637010,contiguous,official_completed_subset
1996|key|B07|29631|3,1996,key,B07,numeric8,29631,3,^29631\d{3}$,1,10,10,1,1.000000,1,0,29631010,29631010,contiguous,official_completed_subset
1996|key|B07|29632|3,1996,key,B07,numeric8,29632,3,^29632\d{3}$,3,40,60,21,0.142857,3,18,29632040,29632060,sparse,official_completed_subset
1996|key|B08|29636|3,1996,key,B08,numeric8,29636,3,^29636\d{3}$,1,10,10,1,1.000000,1,0,29636010,29636010,contiguous,official_completed_subset
1996|regional|B01|29661|3,1996,regional,B01,numeric8,29661,3,^29661\d{3}$,2,1,2,2,1.000000,1,0,29661001,29661002,contiguous,official_completed_subset
1996|regional|B02|29663|3,1996,regional,B02,numeric8,29663,3,^29663\d{3}$,1,1,1,1,1.000000,1,0,29663001,29663001,contiguous,official_completed_subset
1996|regional|B03|29662|3,1996,regional,B03,numeric8,29662,3,^29662\d{3}$,1,4,4,1,1.000000,1,0,29662004,29662004,contiguous,official_completed_subset
1996|regional|B04|29665|3,1996,regional,B04,numeric8,29665,3,^29665\d{3}$,1,1,1,1,1.000000,1,0,29665001,29665001,contiguous,official_completed_subset
1996|regional|B05|29662|3,1996,regional,B05,numeric8,29662,3,^29662\d{3}$,1,3,3,1,1.000000,1,0,29662003,29662003,contiguous,official_completed_subset
1996|regional|B05|29664|3,1996,regional,B05,numeric8,29664,3,^29664\d{3}$,1,1,1,1,1.000000,1,0,29664001,29664001,contiguous,official_completed_subset
1996|regional|B06|29667|3,1996,regional,B06,numeric8,29667,3,^29667\d{3}$,1,1,1,1,1.000000,1,0,29667001,29667001,contiguous,official_completed_subset
1996|regional|B07|29662|3,1996,regional,B07,numeric8,29662,3,^29662\d{3}$,3,1,5,5,0.600000,2,2,29662001,29662005,moderate,official_completed_subset
1996|regional|B08|29666|3,1996,regional,B08,numeric8,29666,3,^29666\d{3}$,1,1,1,1,1.000000,1,0,29666001,29666001,contiguous,official_completed_subset
1996|special|B01|29622|3,1996,special,B01,numeric8,29622,3,^29622\d{3}$,1,3,3,1,1.000000,1,0,29622003,29622003,contiguous,official_completed_subset
1996|special|B01|29641|3,1996,special,B01,numeric8,29641,3,^29641\d{3}$,2,1,3,3,0.666667,2,1,29641001,29641003,moderate,official_completed_subset
1996|special|B01|29682|3,1996,special,B01,numeric8,29682,3,^29682\d{3}$,1,1,1,1,1.000000,1,0,29682001,29682001,contiguous,official_completed_subset
1996|special|B01|29684|3,1996,special,B01,numeric8,29684,3,^29684\d{3}$,1,1,1,1,1.000000,1,0,29684001,29684001,contiguous,official_completed_subset
1996|special|B02|29643|3,1996,special,B02,numeric8,29643,3,^29643\d{3}$,1,1,1,1,1.000000,1,0,29643001,29643001,contiguous,official_completed_subset
1996|special|B03|29681|3,1996,special,B03,numeric8,29681,3,^29681\d{3}$,1,1,1,1,1.000000,1,0,29681001,29681001,contiguous,official_completed_subset
1996|special|B03|29683|3,1996,special,B03,numeric8,29683,3,^29683\d{3}$,1,1,1,1,1.000000,1,0,29683001,29683001,contiguous,official_completed_subset
1996|special|B07|29622|3,1996,special,B07,numeric8,29622,3,^29622\d{3}$,2,1,6,6,0.333333,2,4,29622001,29622006,sparse,official_completed_subset
1996|special|B08|29686|3,1996,special,B08,numeric8,29686,3,^29686\d{3}$,1,1,1,1,1.000000,1,0,29686001,29686001,contiguous,official_completed_subset
1996|youth_c|B01|29601|3,1996,youth_c,B01,numeric8,29601,3,^29601\d{3}$,4,1,5,5,0.800000,2,1,29601001,29601005,dense,official_completed_subset
1996|youth_c|B01|29602|3,1996,youth_c,B01,numeric8,29602,3,^29602\d{3}$,8,1,10,10,0.800000,2,2,29602001,29602010,dense,official_completed_subset
1996|youth_c|B01|29604|3,1996,youth_c,B01,numeric8,29604,3,^29604\d{3}$,3,1,6,6,0.500000,3,3,29604001,29604006,moderate,official_completed_subset
1996|youth_c|B02|29603|3,1996,youth_c,B02,numeric8,29603,3,^29603\d{3}$,4,1,10,10,0.400000,3,6,29603001,29603010,moderate,official_completed_subset
1996|youth_c|B03|29601|3,1996,youth_c,B03,numeric8,29601,3,^29601\d{3}$,1,6,6,1,1.000000,1,0,29601006,29601006,contiguous,official_completed_subset
1996|youth_c|B03|29603|3,1996,youth_c,B03,numeric8,29603,3,^29603\d{3}$,7,2,11,10,0.700000,3,3,29603002,29603011,moderate,official_completed_subset
1996|youth_c|B03|29604|3,1996,youth_c,B03,numeric8,29604,3,^29604\d{3}$,1,7,7,1,1.000000,1,0,29604007,29604007,contiguous,official_completed_subset
1996|youth_c|B04|29605|3,1996,youth_c,B04,numeric8,29605,3,^29605\d{3}$,4,1,5,5,0.800000,2,1,29605001,29605005,dense,official_completed_subset
1996|youth_c|B05|29604|3,1996,youth_c,B05,numeric8,29604,3,^29604\d{3}$,4,2,8,7,0.571429,3,3,29604002,29604008,moderate,official_completed_subset
1996|youth_c|B06|29601|3,1996,youth_c,B06,numeric8,29601,3,^29601\d{3}$,1,4,4,1,1.000000,1,0,29601004,29601004,contiguous,official_completed_subset
1996|youth_c|B06|29607|3,1996,youth_c,B06,numeric8,29607,3,^29607\d{3}$,4,1,4,4,1.000000,1,0,29607001,29607004,contiguous,official_completed_subset
1996|youth_c|B07|29602|3,1996,youth_c,B07,numeric8,29602,3,^29602\d{3}$,2,3,4,2,1.000000,1,0,29602003,29602004,contiguous,official_completed_subset
1996|youth_c|B08|29606|3,1996,youth_c,B08,numeric8,29606,3,^29606\d{3}$,9,1,11,11,0.818182,3,2,29606001,29606011,dense,official_completed_subset
1996|youth_c|B09|29604|3,1996,youth_c,B09,numeric8,29604,3,^29604\d{3}$,1,9,9,1,1.000000,1,0,29604009,29604009,contiguous,official_completed_subset
1997|general|B01|29771|3,1997,general,B01,numeric8,29771,3,^29771\d{3}$,16,1,30,30,0.533333,7,14,29771001,29771030,moderate,official_completed_subset
1997|general|B01|29772|3,1997,general,B01,numeric8,29772,3,^29772\d{3}$,34,3,57,55,0.618182,13,21,29772003,29772057,moderate,official_completed_subset
1997|general|B01|29774|3,1997,general,B01,numeric8,29774,3,^29774\d{3}$,9,14,39,26,0.346154,5,17,29774014,29774039,sparse,official_completed_subset
1997|general|B02|29771|3,1997,general,B02,numeric8,29771,3,^29771\d{3}$,2,10,24,15,0.133333,2,13,29771010,29771024,sparse,official_completed_subset
1997|general|B02|29773|3,1997,general,B02,numeric8,29773,3,^29773\d{3}$,30,1,57,57,0.526316,13,27,29773001,29773057,moderate,official_completed_subset
1997|general|B03|29771|3,1997,general,B03,numeric8,29771,3,^29771\d{3}$,7,2,32,31,0.225806,5,24,29771002,29771032,sparse,official_completed_subset
1997|general|B03|29772|3,1997,general,B03,numeric8,29772,3,^29772\d{3}$,3,5,22,18,0.166667,3,15,29772005,29772022,sparse,official_completed_subset
1997|general|B03|29773|3,1997,general,B03,numeric8,29773,3,^29773\d{3}$,29,2,59,58,0.500000,13,29,29773002,29773059,moderate,official_completed_subset
1997|general|B03|29774|3,1997,general,B03,numeric8,29774,3,^29774\d{3}$,5,3,33,31,0.161290,5,26,29774003,29774033,sparse,official_completed_subset
1997|general|B03|29775|3,1997,general,B03,numeric8,29775,3,^29775\d{3}$,3,15,33,19,0.157895,3,16,29775015,29775033,sparse,official_completed_subset
1997|general|B04|29775|3,1997,general,B04,numeric8,29775,3,^29775\d{3}$,32,1,35,35,0.914286,4,3,29775001,29775035,dense,official_completed_subset
1997|general|B05|29772|3,1997,general,B05,numeric8,29772,3,^29772\d{3}$,2,8,50,43,0.046512,2,41,29772008,29772050,sparse,official_completed_subset
1997|general|B05|29774|3,1997,general,B05,numeric8,29774,3,^29774\d{3}$,24,1,38,38,0.631579,9,14,29774001,29774038,moderate,official_completed_subset
1997|general|B06|29771|3,1997,general,B06,numeric8,29771,3,^29771\d{3}$,2,26,31,6,0.333333,2,4,29771026,29771031,sparse,official_completed_subset
1997|general|B06|29777|3,1997,general,B06,numeric8,29777,3,^29777\d{3}$,30,1,30,30,1.000000,1,0,29777001,29777030,contiguous,official_completed_subset
1997|general|B07|29771|3,1997,general,B07,numeric8,29771,3,^29771\d{3}$,7,12,34,23,0.304348,4,16,29771012,29771034,sparse,official_completed_subset
1997|general|B07|29772|3,1997,general,B07,numeric8,29772,3,^29772\d{3}$,17,1,58,58,0.293103,12,41,29772001,29772058,sparse,official_completed_subset
1997|general|B08|29772|3,1997,general,B08,numeric8,29772,3,^29772\d{3}$,2,9,13,5,0.400000,2,3,29772009,29772013,moderate,official_completed_subset
1997|general|B08|29776|3,1997,general,B08,numeric8,29776,3,^29776\d{3}$,46,1,46,46,1.000000,1,0,29776001,29776046,contiguous,official_completed_subset
1997|general|B09|29774|3,1997,general,B09,numeric8,29774,3,^29774\d{3}$,1,36,36,1,1.000000,1,0,29774036,29774036,contiguous,official_completed_subset
1997|key|B01|29731|3,1997,key,B01,numeric8,29731,3,^29731\d{3}$,1,10,10,1,1.000000,1,0,29731010,29731010,contiguous,official_completed_subset
1997|key|B01|29732|3,1997,key,B01,numeric8,29732,3,^29732\d{3}$,2,50,60,11,0.181818,2,9,29732050,29732060,sparse,official_completed_subset
1997|key|B01|29734|3,1997,key,B01,numeric8,29734,3,^29734\d{3}$,3,120,140,21,0.142857,3,18,29734120,29734140,sparse,official_completed_subset
1997|key|B02|29733|3,1997,key,B02,numeric8,29733,3,^29733\d{3}$,2,70,110,41,0.048780,2,39,29733070,29733110,sparse,official_completed_subset
1997|key|B03|29733|3,1997,key,B03,numeric8,29733,3,^29733\d{3}$,3,80,100,21,0.142857,3,18,29733080,29733100,sparse,official_completed_subset
1997|key|B03|29735|3,1997,key,B03,numeric8,29735,3,^29735\d{3}$,1,150,150,1,1.000000,1,0,29735150,29735150,contiguous,official_completed_subset
1997|key|B04|29735|3,1997,key,B04,numeric8,29735,3,^29735\d{3}$,1,160,160,1,1.000000,1,0,29735160,29735160,contiguous,official_completed_subset
1997|key|B06|29731|3,1997,key,B06,numeric8,29731,3,^29731\d{3}$,1,20,20,1,1.000000,1,0,29731020,29731020,contiguous,official_completed_subset
1997|key|B07|29731|3,1997,key,B07,numeric8,29731,3,^29731\d{3}$,1,30,30,1,1.000000,1,0,29731030,29731030,contiguous,official_completed_subset
1997|key|B07|29732|3,1997,key,B07,numeric8,29732,3,^29732\d{3}$,1,40,40,1,1.000000,1,0,29732040,29732040,contiguous,official_completed_subset
1997|key|B08|29736|3,1997,key,B08,numeric8,29736,3,^29736\d{3}$,3,170,190,21,0.142857,3,18,29736170,29736190,sparse,official_completed_subset
1997|regional|B01|29762|3,1997,regional,B01,numeric8,29762,3,^29762\d{3}$,2,5,6,2,1.000000,1,0,29762005,29762006,contiguous,official_completed_subset
1997|regional|B03|29761|3,1997,regional,B03,numeric8,29761,3,^29761\d{3}$,1,1,1,1,1.000000,1,0,29761001,29761001,contiguous,official_completed_subset
1997|regional|B03|29763|3,1997,regional,B03,numeric8,29763,3,^29763\d{3}$,2,1,2,2,1.000000,1,0,29763001,29763002,contiguous,official_completed_subset
1997|regional|B03|29765|3,1997,regional,B03,numeric8,29765,3,^29765\d{3}$,1,1,1,1,1.000000,1,0,29765001,29765001,contiguous,official_completed_subset
1997|regional|B05|29764|3,1997,regional,B05,numeric8,29764,3,^29764\d{3}$,1,1,1,1,1.000000,1,0,29764001,29764001,contiguous,official_completed_subset
1997|regional|B06|29767|3,1997,regional,B06,numeric8,29767,3,^29767\d{3}$,1,1,1,1,1.000000,1,0,29767001,29767001,contiguous,official_completed_subset
1997|regional|B07|29761|3,1997,regional,B07,numeric8,29761,3,^29761\d{3}$,1,2,2,1,1.000000,1,0,29761002,29761002,contiguous,official_completed_subset
1997|regional|B07|29762|3,1997,regional,B07,numeric8,29762,3,^29762\d{3}$,3,1,3,3,1.000000,1,0,29762001,29762003,contiguous,official_completed_subset
1997|regional|B08|29766|3,1997,regional,B08,numeric8,29766,3,^29766\d{3}$,4,1,4,4,1.000000,1,0,29766001,29766004,contiguous,official_completed_subset
1997|special|B01|29741|3,1997,special,B01,numeric8,29741,3,^29741\d{3}$,2,1,2,2,1.000000,1,0,29741001,29741002,contiguous,official_completed_subset
1997|special|B01|29742|3,1997,special,B01,numeric8,29742,3,^29742\d{3}$,1,1,1,1,1.000000,1,0,29742001,29742001,contiguous,official_completed_subset
1997|special|B01|29781|3,1997,special,B01,numeric8,29781,3,^29781\d{3}$,1,1,1,1,1.000000,1,0,29781001,29781001,contiguous,official_completed_subset
1997|special|B02|29743|3,1997,special,B02,numeric8,29743,3,^29743\d{3}$,3,1,3,3,1.000000,1,0,29743001,29743003,contiguous,official_completed_subset
1997|special|B02|29783|3,1997,special,B02,numeric8,29783,3,^29783\d{3}$,1,1,1,1,1.000000,1,0,29783001,29783001,contiguous,official_completed_subset
1997|special|B03|29741|3,1997,special,B03,numeric8,29741,3,^29741\d{3}$,1,4,4,1,1.000000,1,0,29741004,29741004,contiguous,official_completed_subset
1997|special|B03|29742|3,1997,special,B03,numeric8,29742,3,^29742\d{3}$,1,2,2,1,1.000000,1,0,29742002,29742002,contiguous,official_completed_subset
1997|special|B04|29745|3,1997,special,B04,numeric8,29745,3,^29745\d{3}$,2,1,2,2,1.000000,1,0,29745001,29745002,contiguous,official_completed_subset
1997|special|B05|29744|3,1997,special,B05,numeric8,29744,3,^29744\d{3}$,1,1,1,1,1.000000,1,0,29744001,29744001,contiguous,official_completed_subset
1997|special|B05|29784|3,1997,special,B05,numeric8,29784,3,^29784\d{3}$,1,1,1,1,1.000000,1,0,29784001,29784001,contiguous,official_completed_subset
1997|special|B07|29741|3,1997,special,B07,numeric8,29741,3,^29741\d{3}$,1,3,3,1,1.000000,1,0,29741003,29741003,contiguous,official_completed_subset
1997|special|B08|29746|3,1997,special,B08,numeric8,29746,3,^29746\d{3}$,2,1,2,2,1.000000,1,0,29746001,29746002,contiguous,official_completed_subset
1997|youth_c|B01|29701|3,1997,youth_c,B01,numeric8,29701,3,^29701\d{3}$,3,2,6,5,0.600000,2,2,29701002,29701006,moderate,official_completed_subset
1997|youth_c|B01|29702|3,1997,youth_c,B01,numeric8,29702,3,^29702\d{3}$,4,2,10,9,0.444444,3,5,29702002,29702010,moderate,official_completed_subset
1997|youth_c|B01|29704|3,1997,youth_c,B01,numeric8,29704,3,^29704\d{3}$,3,1,5,5,0.600000,2,2,29704001,29704005,moderate,official_completed_subset
1997|youth_c|B02|29703|3,1997,youth_c,B02,numeric8,29703,3,^29703\d{3}$,6,2,10,9,0.666667,4,3,29703002,29703010,moderate,official_completed_subset
1997|youth_c|B03|29701|3,1997,youth_c,B03,numeric8,29701,3,^29701\d{3}$,2,1,4,4,0.500000,2,2,29701001,29701004,moderate,official_completed_subset
1997|youth_c|B03|29702|3,1997,youth_c,B03,numeric8,29702,3,^29702\d{3}$,2,5,8,4,0.500000,2,2,29702005,29702008,moderate,official_completed_subset
1997|youth_c|B03|29703|3,1997,youth_c,B03,numeric8,29703,3,^29703\d{3}$,4,1,9,9,0.444444,4,5,29703001,29703009,moderate,official_completed_subset
1997|youth_c|B03|29704|3,1997,youth_c,B03,numeric8,29704,3,^29704\d{3}$,4,3,8,6,0.666667,2,2,29704003,29704008,moderate,official_completed_subset
1997|youth_c|B04|29705|3,1997,youth_c,B04,numeric8,29705,3,^29705\d{3}$,4,1,4,4,1.000000,1,0,29705001,29705004,contiguous,official_completed_subset
1997|youth_c|B05|29702|3,1997,youth_c,B05,numeric8,29702,3,^29702\d{3}$,1,1,1,1,1.000000,1,0,29702001,29702001,contiguous,official_completed_subset
1997|youth_c|B05|29704|3,1997,youth_c,B05,numeric8,29704,3,^29704\d{3}$,1,9,9,1,1.000000,1,0,29704009,29704009,contiguous,official_completed_subset
1997|youth_c|B06|29707|3,1997,youth_c,B06,numeric8,29707,3,^29707\d{3}$,4,1,4,4,1.000000,1,0,29707001,29707004,contiguous,official_completed_subset
1997|youth_c|B07|29701|3,1997,youth_c,B07,numeric8,29701,3,^29701\d{3}$,1,5,5,1,1.000000,1,0,29701005,29701005,contiguous,official_completed_subset
1997|youth_c|B07|29702|3,1997,youth_c,B07,numeric8,29702,3,^29702\d{3}$,2,3,6,4,0.500000,2,2,29702003,29702006,moderate,official_completed_subset
1997|youth_c|B08|29702|3,1997,youth_c,B08,numeric8,29702,3,^29702\d{3}$,1,7,7,1,1.000000,1,0,29702007,29702007,contiguous,official_completed_subset
1997|youth_c|B08|29706|3,1997,youth_c,B08,numeric8,29706,3,^29706\d{3}$,11,1,11,11,1.000000,1,0,29706001,29706011,contiguous,official_completed_subset
1997|youth_c|B09|29704|3,1997,youth_c,B09,numeric8,29704,3,^29704\d{3}$,1,6,6,1,1.000000,1,0,29704006,29704006,contiguous,official_completed_subset
1998|general|B01|29871|3,1998,general,B01,numeric8,29871,3,^29871\d{3}$,20,1,36,36,0.555556,8,16,29871001,29871036,moderate,official_completed_subset
1998|general|B01|29872|3,1998,general,B01,numeric8,29872,3,^29872\d{3}$,35,7,59,53,0.660377,11,18,29872007,29872059,moderate,official_completed_subset
1998|general|B01|29874|3,1998,general,B01,numeric8,29874,3,^29874\d{3}$,13,1,40,40,0.325000,9,27,29874001,29874040,sparse,official_completed_subset
1998|general|B02|29871|3,1998,general,B02,numeric8,29871,3,^29871\d{3}$,2,26,31,6,0.333333,2,4,29871026,29871031,sparse,official_completed_subset
1998|general|B02|29873|3,1998,general,B02,numeric8,29873,3,^29873\d{3}$,35,4,64,61,0.573770,12,26,29873004,29873064,moderate,official_completed_subset
1998|general|B02|29874|3,1998,general,B02,numeric8,29874,3,^29874\d{3}$,1,36,36,1,1.000000,1,0,29874036,29874036,contiguous,official_completed_subset
1998|general|B02|29875|3,1998,general,B02,numeric8,29875,3,^29875\d{3}$,1,13,13,1,1.000000,1,0,29875013,29875013,contiguous,official_completed_subset
1998|general|B03|29871|3,1998,general,B03,numeric8,29871,3,^29871\d{3}$,7,2,34,33,0.212121,5,26,29871002,29871034,sparse,official_completed_subset
1998|general|B03|29872|3,1998,general,B03,numeric8,29872,3,^29872\d{3}$,5,21,55,35,0.142857,4,30,29872021,29872055,sparse,official_completed_subset
1998|general|B03|29873|3,1998,general,B03,numeric8,29873,3,^29873\d{3}$,28,1,65,65,0.430769,12,37,29873001,29873065,moderate,official_completed_subset
1998|general|B03|29874|3,1998,general,B03,numeric8,29874,3,^29874\d{3}$,6,19,38,20,0.300000,4,14,29874019,29874038,sparse,official_completed_subset
1998|general|B03|29875|3,1998,general,B03,numeric8,29875,3,^29875\d{3}$,2,7,29,23,0.086957,2,21,29875007,29875029,sparse,official_completed_subset
1998|general|B04|29874|3,1998,general,B04,numeric8,29874,3,^29874\d{3}$,2,11,12,2,1.000000,1,0,29874011,29874012,contiguous,official_completed_subset
1998|general|B04|29875|3,1998,general,B04,numeric8,29875,3,^29875\d{3}$,33,1,36,36,0.916667,4,3,29875001,29875036,dense,official_completed_subset
1998|general|B05|29872|3,1998,general,B05,numeric8,29872,3,^29872\d{3}$,6,9,54,46,0.130435,4,40,29872009,29872054,sparse,official_completed_subset
1998|general|B05|29874|3,1998,general,B05,numeric8,29874,3,^29874\d{3}$,18,3,33,31,0.580645,8,13,29874003,29874033,moderate,official_completed_subset
1998|general|B06|29871|3,1998,general,B06,numeric8,29871,3,^29871\d{3}$,3,4,30,27,0.111111,3,24,29871004,29871030,sparse,official_completed_subset
1998|general|B06|29876|3,1998,general,B06,numeric8,29876,3,^29876\d{3}$,1,8,8,1,1.000000,1,0,29876008,29876008,contiguous,official_completed_subset
1998|general|B06|29877|3,1998,general,B06,numeric8,29877,3,^29877\d{3}$,32,1,32,32,1.000000,1,0,29877001,29877032,contiguous,official_completed_subset
1998|general|B07|29871|3,1998,general,B07,numeric8,29871,3,^29871\d{3}$,4,7,20,14,0.285714,4,10,29871007,29871020,sparse,official_completed_subset
1998|general|B07|29872|3,1998,general,B07,numeric8,29872,3,^29872\d{3}$,13,1,61,61,0.213115,7,48,29872001,29872061,sparse,official_completed_subset
1998|general|B07|29873|3,1998,general,B07,numeric8,29873,3,^29873\d{3}$,2,5,36,32,0.062500,2,30,29873005,29873036,sparse,official_completed_subset
1998|general|B08|29872|3,1998,general,B08,numeric8,29872,3,^29872\d{3}$,2,4,13,10,0.200000,2,8,29872004,29872013,sparse,official_completed_subset
1998|general|B08|29876|3,1998,general,B08,numeric8,29876,3,^29876\d{3}$,46,1,47,47,0.978723,2,1,29876001,29876047,dense,official_completed_subset
1998|key|B01|29832|3,1998,key,B01,numeric8,29832,3,^29832\d{3}$,2,20,30,11,0.181818,2,9,29832020,29832030,sparse,official_completed_subset
1998|key|B01|29834|3,1998,key,B01,numeric8,29834,3,^29834\d{3}$,1,100,100,1,1.000000,1,0,29834100,29834100,contiguous,official_completed_subset
1998|key|B02|29833|3,1998,key,B02,numeric8,29833,3,^29833\d{3}$,3,60,90,31,0.096774,3,28,29833060,29833090,sparse,official_completed_subset
1998|key|B03|29831|3,1998,key,B03,numeric8,29831,3,^29831\d{3}$,1,10,10,1,1.000000,1,0,29831010,29831010,contiguous,official_completed_subset
1998|key|B03|29832|3,1998,key,B03,numeric8,29832,3,^29832\d{3}$,1,40,40,1,1.000000,1,0,29832040,29832040,contiguous,official_completed_subset
1998|key|B03|29833|3,1998,key,B03,numeric8,29833,3,^29833\d{3}$,1,80,80,1,1.000000,1,0,29833080,29833080,contiguous,official_completed_subset
1998|key|B04|29835|3,1998,key,B04,numeric8,29835,3,^29835\d{3}$,2,110,120,11,0.181818,2,9,29835110,29835120,sparse,official_completed_subset
1998|key|B06|29837|3,1998,key,B06,numeric8,29837,3,^29837\d{3}$,3,170,190,21,0.142857,3,18,29837170,29837190,sparse,official_completed_subset
1998|key|B07|29832|3,1998,key,B07,numeric8,29832,3,^29832\d{3}$,1,50,50,1,1.000000,1,0,29832050,29832050,contiguous,official_completed_subset
1998|key|B08|29836|3,1998,key,B08,numeric8,29836,3,^29836\d{3}$,4,130,160,31,0.129032,4,27,29836130,29836160,sparse,official_completed_subset
1998|regional|B01|29861|3,1998,regional,B01,numeric8,29861,3,^29861\d{3}$,2,1,2,2,1.000000,1,0,29861001,29861002,contiguous,official_completed_subset
1998|regional|B01|29862|3,1998,regional,B01,numeric8,29862,3,^29862\d{3}$,1,4,4,1,1.000000,1,0,29862004,29862004,contiguous,official_completed_subset
1998|regional|B02|29863|3,1998,regional,B02,numeric8,29863,3,^29863\d{3}$,1,2,2,1,1.000000,1,0,29863002,29863002,contiguous,official_completed_subset
1998|regional|B02|29869|3,1998,regional,B02,numeric8,29869,3,^29869\d{3}$,1,1,1,1,1.000000,1,0,29869001,29869001,contiguous,official_completed_subset
1998|regional|B03|29863|3,1998,regional,B03,numeric8,29863,3,^29863\d{3}$,1,1,1,1,1.000000,1,0,29863001,29863001,contiguous,official_completed_subset
1998|regional|B04|29865|3,1998,regional,B04,numeric8,29865,3,^29865\d{3}$,1,1,1,1,1.000000,1,0,29865001,29865001,contiguous,official_completed_subset
1998|regional|B05|29864|3,1998,regional,B05,numeric8,29864,3,^29864\d{3}$,1,1,1,1,1.000000,1,0,29864001,29864001,contiguous,official_completed_subset
1998|regional|B06|29867|3,1998,regional,B06,numeric8,29867,3,^29867\d{3}$,1,1,1,1,1.000000,1,0,29867001,29867001,contiguous,official_completed_subset
1998|regional|B07|29862|3,1998,regional,B07,numeric8,29862,3,^29862\d{3}$,4,1,5,5,0.800000,2,1,29862001,29862005,dense,official_completed_subset
1998|regional|B08|29866|3,1998,regional,B08,numeric8,29866,3,^29866\d{3}$,3,1,3,3,1.000000,1,0,29866001,29866003,contiguous,official_completed_subset
1998|special|B01|29823|3,1998,special,B01,numeric8,29823,3,^29823\d{3}$,1,1,1,1,1.000000,1,0,29823001,29823001,contiguous,official_completed_subset
1998|special|B01|29841|3,1998,special,B01,numeric8,29841,3,^29841\d{3}$,3,1,4,4,0.750000,2,1,29841001,29841004,moderate,official_completed_subset
1998|special|B01|29844|3,1998,special,B01,numeric8,29844,3,^29844\d{3}$,2,2,3,2,1.000000,1,0,29844002,29844003,contiguous,official_completed_subset
1998|special|B01|29881|3,1998,special,B01,numeric8,29881,3,^29881\d{3}$,1,1,1,1,1.000000,1,0,29881001,29881001,contiguous,official_completed_subset
1998|special|B01|29884|3,1998,special,B01,numeric8,29884,3,^29884\d{3}$,1,1,1,1,1.000000,1,0,29884001,29884001,contiguous,official_completed_subset
1998|special|B02|29843|3,1998,special,B02,numeric8,29843,3,^29843\d{3}$,2,3,4,2,1.000000,1,0,29843003,29843004,contiguous,official_completed_subset
1998|special|B03|29841|3,1998,special,B03,numeric8,29841,3,^29841\d{3}$,1,2,2,1,1.000000,1,0,29841002,29841002,contiguous,official_completed_subset
1998|special|B03|29843|3,1998,special,B03,numeric8,29843,3,^29843\d{3}$,2,1,2,2,1.000000,1,0,29843001,29843002,contiguous,official_completed_subset
1998|special|B03|29853|3,1998,special,B03,numeric8,29853,3,^29853\d{3}$,1,1,1,1,1.000000,1,0,29853001,29853001,contiguous,official_completed_subset
1998|special|B03|29883|3,1998,special,B03,numeric8,29883,3,^29883\d{3}$,1,1,1,1,1.000000,1,0,29883001,29883001,contiguous,official_completed_subset
1998|special|B04|29827|3,1998,special,B04,numeric8,29827,3,^29827\d{3}$,1,1,1,1,1.000000,1,0,29827001,29827001,contiguous,official_completed_subset
1998|special|B04|29845|3,1998,special,B04,numeric8,29845,3,^29845\d{3}$,1,2,2,1,1.000000,1,0,29845002,29845002,contiguous,official_completed_subset
1998|special|B05|29844|3,1998,special,B05,numeric8,29844,3,^29844\d{3}$,1,1,1,1,1.000000,1,0,29844001,29844001,contiguous,official_completed_subset
1998|special|B08|29886|3,1998,special,B08,numeric8,29886,3,^29886\d{3}$,1,1,1,1,1.000000,1,0,29886001,29886001,contiguous,official_completed_subset
1998|youth_c|B01|29801|3,1998,youth_c,B01,numeric8,29801,3,^29801\d{3}$,2,3,5,3,0.666667,2,1,29801003,29801005,moderate,official_completed_subset
1998|youth_c|B01|29802|3,1998,youth_c,B01,numeric8,29802,3,^29802\d{3}$,3,3,7,5,0.600000,2,2,29802003,29802007,moderate,official_completed_subset
1998|youth_c|B01|29804|3,1998,youth_c,B01,numeric8,29804,3,^29804\d{3}$,2,6,7,2,1.000000,1,0,29804006,29804007,contiguous,official_completed_subset
1998|youth_c|B02|29803|3,1998,youth_c,B02,numeric8,29803,3,^29803\d{3}$,6,1,7,7,0.857143,2,1,29803001,29803007,dense,official_completed_subset
1998|youth_c|B02|29804|3,1998,youth_c,B02,numeric8,29804,3,^29804\d{3}$,1,5,5,1,1.000000,1,0,29804005,29804005,contiguous,official_completed_subset
1998|youth_c|B03|29801|3,1998,youth_c,B03,numeric8,29801,3,^29801\d{3}$,2,1,6,6,0.333333,2,4,29801001,29801006,sparse,official_completed_subset
1998|youth_c|B03|29802|3,1998,youth_c,B03,numeric8,29802,3,^29802\d{3}$,2,1,5,5,0.400000,2,3,29802001,29802005,moderate,official_completed_subset
1998|youth_c|B03|29803|3,1998,youth_c,B03,numeric8,29803,3,^29803\d{3}$,3,6,10,5,0.600000,3,2,29803006,29803010,moderate,official_completed_subset
1998|youth_c|B03|29804|3,1998,youth_c,B03,numeric8,29804,3,^29804\d{3}$,1,3,3,1,1.000000,1,0,29804003,29804003,contiguous,official_completed_subset
1998|youth_c|B04|29801|3,1998,youth_c,B04,numeric8,29801,3,^29801\d{3}$,1,4,4,1,1.000000,1,0,29801004,29801004,contiguous,official_completed_subset
1998|youth_c|B04|29805|3,1998,youth_c,B04,numeric8,29805,3,^29805\d{3}$,5,1,5,5,1.000000,1,0,29805001,29805005,contiguous,official_completed_subset
1998|youth_c|B05|29804|3,1998,youth_c,B05,numeric8,29804,3,^29804\d{3}$,7,1,11,11,0.636364,3,4,29804001,29804011,moderate,official_completed_subset
1998|youth_c|B06|29801|3,1998,youth_c,B06,numeric8,29801,3,^29801\d{3}$,1,2,2,1,1.000000,1,0,29801002,29801002,contiguous,official_completed_subset
1998|youth_c|B06|29807|3,1998,youth_c,B06,numeric8,29807,3,^29807\d{3}$,4,1,4,4,1.000000,1,0,29807001,29807004,contiguous,official_completed_subset
1998|youth_c|B07|29802|3,1998,youth_c,B07,numeric8,29802,3,^29802\d{3}$,5,2,10,9,0.555556,3,4,29802002,29802010,moderate,official_completed_subset
1998|youth_c|B08|29806|3,1998,youth_c,B08,numeric8,29806,3,^29806\d{3}$,12,1,12,12,1.000000,1,0,29806001,29806012,contiguous,official_completed_subset
1999|general|B01|29971|3,1999,general,B01,numeric8,29971,3,^29971\d{3}$,16,1,33,33,0.484848,7,17,29971001,29971033,moderate,official_completed_subset
1999|general|B01|29972|3,1999,general,B01,numeric8,29972,3,^29972\d{3}$,34,1,57,57,0.596491,13,23,29972001,29972057,moderate,official_completed_subset
1999|general|B01|29974|3,1999,general,B01,numeric8,29974,3,^29974\d{3}$,13,1,39,39,0.333333,7,26,29974001,29974039,sparse,official_completed_subset
1999|general|B02|29971|3,1999,general,B02,numeric8,29971,3,^29971\d{3}$,1,13,13,1,1.000000,1,0,29971013,29971013,contiguous,official_completed_subset
1999|general|B02|29973|3,1999,general,B02,numeric8,29973,3,^29973\d{3}$,28,2,57,56,0.500000,12,28,29973002,29973057,moderate,official_completed_subset
1999|general|B03|29971|3,1999,general,B03,numeric8,29971,3,^29971\d{3}$,6,2,30,29,0.206897,4,23,29971002,29971030,sparse,official_completed_subset
1999|general|B03|29972|3,1999,general,B03,numeric8,29972,3,^29972\d{3}$,5,28,52,25,0.200000,4,20,29972028,29972052,sparse,official_completed_subset
1999|general|B03|29973|3,1999,general,B03,numeric8,29973,3,^29973\d{3}$,29,1,59,59,0.491525,14,30,29973001,29973059,moderate,official_completed_subset
1999|general|B03|29974|3,1999,general,B03,numeric8,29974,3,^29974\d{3}$,7,6,33,28,0.250000,5,21,29974006,29974033,sparse,official_completed_subset
1999|general|B03|29975|3,1999,general,B03,numeric8,29975,3,^29975\d{3}$,4,4,27,24,0.166667,4,20,29975004,29975027,sparse,official_completed_subset
1999|general|B04|29971|3,1999,general,B04,numeric8,29971,3,^29971\d{3}$,1,20,20,1,1.000000,1,0,29971020,29971020,contiguous,official_completed_subset
1999|general|B04|29975|3,1999,general,B04,numeric8,29975,3,^29975\d{3}$,29,1,33,33,0.878788,5,4,29975001,29975033,dense,official_completed_subset
1999|general|B05|29972|3,1999,general,B05,numeric8,29972,3,^29972\d{3}$,3,25,27,3,1.000000,1,0,29972025,29972027,contiguous,official_completed_subset
1999|general|B05|29974|3,1999,general,B05,numeric8,29974,3,^29974\d{3}$,19,4,38,35,0.542857,8,16,29974004,29974038,moderate,official_completed_subset
1999|general|B06|29971|3,1999,general,B06,numeric8,29971,3,^29971\d{3}$,2,21,27,7,0.285714,2,5,29971021,29971027,sparse,official_completed_subset
1999|general|B06|29977|3,1999,general,B06,numeric8,29977,3,^29977\d{3}$,31,1,31,31,1.000000,1,0,29977001,29977031,contiguous,official_completed_subset
1999|general|B07|29971|3,1999,general,B07,numeric8,29971,3,^29971\d{3}$,8,8,34,27,0.296296,6,19,29971008,29971034,sparse,official_completed_subset
1999|general|B07|29972|3,1999,general,B07,numeric8,29972,3,^29972\d{3}$,12,3,56,54,0.222222,9,42,29972003,29972056,sparse,official_completed_subset
1999|general|B07|29973|3,1999,general,B07,numeric8,29973,3,^29973\d{3}$,2,19,30,12,0.166667,2,10,29973019,29973030,sparse,official_completed_subset
1999|general|B08|29972|3,1999,general,B08,numeric8,29972,3,^29972\d{3}$,3,6,19,14,0.214286,3,11,29972006,29972019,sparse,official_completed_subset
1999|general|B08|29976|3,1999,general,B08,numeric8,29976,3,^29976\d{3}$,47,1,47,47,1.000000,1,0,29976001,29976047,contiguous,official_completed_subset
1999|key|B01|29931|3,1999,key,B01,numeric8,29931,3,^29931\d{3}$,1,10,10,1,1.000000,1,0,29931010,29931010,contiguous,official_completed_subset
1999|key|B01|29932|3,1999,key,B01,numeric8,29932,3,^29932\d{3}$,1,20,20,1,1.000000,1,0,29932020,29932020,contiguous,official_completed_subset
1999|key|B02|29933|3,1999,key,B02,numeric8,29933,3,^29933\d{3}$,1,40,40,1,1.000000,1,0,29933040,29933040,contiguous,official_completed_subset
1999|key|B03|29933|3,1999,key,B03,numeric8,29933,3,^29933\d{3}$,1,50,50,1,1.000000,1,0,29933050,29933050,contiguous,official_completed_subset
1999|key|B04|29935|3,1999,key,B04,numeric8,29935,3,^29935\d{3}$,1,80,80,1,1.000000,1,0,29935080,29935080,contiguous,official_completed_subset
1999|key|B05|29934|3,1999,key,B05,numeric8,29934,3,^29934\d{3}$,2,60,70,11,0.181818,2,9,29934060,29934070,sparse,official_completed_subset
1999|key|B07|29932|3,1999,key,B07,numeric8,29932,3,^29932\d{3}$,1,30,30,1,1.000000,1,0,29932030,29932030,contiguous,official_completed_subset
1999|key|B08|29936|3,1999,key,B08,numeric8,29936,3,^29936\d{3}$,3,90,110,21,0.142857,3,18,29936090,29936110,sparse,official_completed_subset
1999|regional|B01|29961|3,1999,regional,B01,numeric8,29961,3,^29961\d{3}$,1,2,2,1,1.000000,1,0,29961002,29961002,contiguous,official_completed_subset
1999|regional|B01|29964|3,1999,regional,B01,numeric8,29964,3,^29964\d{3}$,1,1,1,1,1.000000,1,0,29964001,29964001,contiguous,official_completed_subset
1999|regional|B02|29963|3,1999,regional,B02,numeric8,29963,3,^29963\d{3}$,2,1,2,2,1.000000,1,0,29963001,29963002,contiguous,official_completed_subset
1999|regional|B04|29965|3,1999,regional,B04,numeric8,29965,3,^29965\d{3}$,1,1,1,1,1.000000,1,0,29965001,29965001,contiguous,official_completed_subset
1999|regional|B06|29967|3,1999,regional,B06,numeric8,29967,3,^29967\d{3}$,1,1,1,1,1.000000,1,0,29967001,29967001,contiguous,official_completed_subset
1999|regional|B07|29961|3,1999,regional,B07,numeric8,29961,3,^29961\d{3}$,1,1,1,1,1.000000,1,0,29961001,29961001,contiguous,official_completed_subset
1999|regional|B07|29962|3,1999,regional,B07,numeric8,29962,3,^29962\d{3}$,3,1,4,4,0.750000,2,1,29962001,29962004,moderate,official_completed_subset
1999|regional|B08|29962|3,1999,regional,B08,numeric8,29962,3,^29962\d{3}$,1,3,3,1,1.000000,1,0,29962003,29962003,contiguous,official_completed_subset
1999|regional|B08|29966|3,1999,regional,B08,numeric8,29966,3,^29966\d{3}$,4,1,4,4,1.000000,1,0,29966001,29966004,contiguous,official_completed_subset
1999|special|B01|29920|3,1999,special,B01,numeric8,29920,3,^29920\d{3}$,2,9,10,2,1.000000,1,0,29920009,29920010,contiguous,official_completed_subset
1999|special|B01|29941|3,1999,special,B01,numeric8,29941,3,^29941\d{3}$,1,4,4,1,1.000000,1,0,29941004,29941004,contiguous,official_completed_subset
1999|special|B01|29981|3,1999,special,B01,numeric8,29981,3,^29981\d{3}$,1,1,1,1,1.000000,1,0,29981001,29981001,contiguous,official_completed_subset
1999|special|B02|29920|3,1999,special,B02,numeric8,29920,3,^29920\d{3}$,2,8,13,6,0.333333,2,4,29920008,29920013,sparse,official_completed_subset
1999|special|B03|29927|3,1999,special,B03,numeric8,29927,3,^29927\d{3}$,1,3,3,1,1.000000,1,0,29927003,29927003,contiguous,official_completed_subset
1999|special|B03|29981|3,1999,special,B03,numeric8,29981,3,^29981\d{3}$,1,2,2,1,1.000000,1,0,29981002,29981002,contiguous,official_completed_subset
1999|special|B03|29983|3,1999,special,B03,numeric8,29983,3,^29983\d{3}$,1,1,1,1,1.000000,1,0,29983001,29983001,contiguous,official_completed_subset
1999|special|B04|29920|3,1999,special,B04,numeric8,29920,3,^29920\d{3}$,2,11,12,2,1.000000,1,0,29920011,29920012,contiguous,official_completed_subset
1999|special|B04|29927|3,1999,special,B04,numeric8,29927,3,^29927\d{3}$,2,1,2,2,1.000000,1,0,29927001,29927002,contiguous,official_completed_subset
1999|special|B05|29984|3,1999,special,B05,numeric8,29984,3,^29984\d{3}$,1,1,1,1,1.000000,1,0,29984001,29984001,contiguous,official_completed_subset
1999|special|B08|29986|3,1999,special,B08,numeric8,29986,3,^29986\d{3}$,2,1,2,2,1.000000,1,0,29986001,29986002,contiguous,official_completed_subset
1999|youth_c|B01|29901|3,1999,youth_c,B01,numeric8,29901,3,^29901\d{3}$,3,1,4,4,0.750000,2,1,29901001,29901004,moderate,official_completed_subset
1999|youth_c|B01|29902|3,1999,youth_c,B01,numeric8,29902,3,^29902\d{3}$,5,1,8,8,0.625000,3,3,29902001,29902008,moderate,official_completed_subset
1999|youth_c|B01|29904|3,1999,youth_c,B01,numeric8,29904,3,^29904\d{3}$,3,4,10,7,0.428571,3,4,29904004,29904010,moderate,official_completed_subset
1999|youth_c|B02|29903|3,1999,youth_c,B02,numeric8,29903,3,^29903\d{3}$,10,1,11,11,0.909091,2,1,29903001,29903011,dense,official_completed_subset
1999|youth_c|B03|29901|3,1999,youth_c,B03,numeric8,29901,3,^29901\d{3}$,2,5,6,2,1.000000,1,0,29901005,29901006,contiguous,official_completed_subset
1999|youth_c|B03|29903|3,1999,youth_c,B03,numeric8,29903,3,^29903\d{3}$,1,10,10,1,1.000000,1,0,29903010,29903010,contiguous,official_completed_subset
1999|youth_c|B03|29904|3,1999,youth_c,B03,numeric8,29904,3,^29904\d{3}$,1,8,8,1,1.000000,1,0,29904008,29904008,contiguous,official_completed_subset
1999|youth_c|B04|29901|3,1999,youth_c,B04,numeric8,29901,3,^29901\d{3}$,1,2,2,1,1.000000,1,0,29901002,29901002,contiguous,official_completed_subset
1999|youth_c|B04|29905|3,1999,youth_c,B04,numeric8,29905,3,^29905\d{3}$,5,1,5,5,1.000000,1,0,29905001,29905005,contiguous,official_completed_subset
1999|youth_c|B05|29902|3,1999,youth_c,B05,numeric8,29902,3,^29902\d{3}$,1,2,2,1,1.000000,1,0,29902002,29902002,contiguous,official_completed_subset
1999|youth_c|B05|29904|3,1999,youth_c,B05,numeric8,29904,3,^29904\d{3}$,6,1,9,9,0.666667,4,3,29904001,29904009,moderate,official_completed_subset
1999|youth_c|B06|29907|3,1999,youth_c,B06,numeric8,29907,3,^29907\d{3}$,5,1,5,5,1.000000,1,0,29907001,29907005,contiguous,official_completed_subset
1999|youth_c|B07|29902|3,1999,youth_c,B07,numeric8,29902,3,^29902\d{3}$,3,3,9,7,0.428571,3,4,29902003,29902009,moderate,official_completed_subset
1999|youth_c|B08|29906|3,1999,youth_c,B08,numeric8,29906,3,^29906\d{3}$,12,1,12,12,1.000000,1,0,29906001,29906012,contiguous,official_completed_subset
2000|general|B01|20071|3,2000,general,B01,numeric8,20071,3,^20071\d{3}$,21,1,33,33,0.636364,9,12,20071001,20071033,moderate,official_completed_subset
2000|general|B01|20072|3,2000,general,B01,numeric8,20072,3,^20072\d{3}$,28,7,49,43,0.651163,9,15,20072007,20072049,moderate,official_completed_subset
2000|general|B01|20074|3,2000,general,B01,numeric8,20074,3,^20074\d{3}$,12,1,42,42,0.285714,9,30,20074001,20074042,sparse,official_completed_subset
2000|general|B02|20073|3,2000,general,B02,numeric8,20073,3,^20073\d{3}$,29,1,61,61,0.475410,12,32,20073001,20073061,moderate,official_completed_subset
2000|general|B02|20074|3,2000,general,B02,numeric8,20074,3,^20074\d{3}$,1,33,33,1,1.000000,1,0,20074033,20074033,contiguous,official_completed_subset
2000|general|B02|20075|3,2000,general,B02,numeric8,20075,3,^20075\d{3}$,3,19,26,8,0.375000,3,5,20075019,20075026,sparse,official_completed_subset
2000|general|B03|20071|3,2000,general,B03,numeric8,20071,3,^20071\d{3}$,8,2,35,34,0.235294,6,26,20071002,20071035,sparse,official_completed_subset
2000|general|B03|20072|3,2000,general,B03,numeric8,20072,3,^20072\d{3}$,7,13,53,41,0.170732,6,34,20072013,20072053,sparse,official_completed_subset
2000|general|B03|20073|3,2000,general,B03,numeric8,20073,3,^20073\d{3}$,31,4,59,56,0.553571,11,25,20073004,20073059,moderate,official_completed_subset
2000|general|B03|20074|3,2000,general,B03,numeric8,20074,3,^20074\d{3}$,7,3,41,39,0.179487,6,32,20074003,20074041,sparse,official_completed_subset
2000|general|B03|20075|3,2000,general,B03,numeric8,20075,3,^20075\d{3}$,1,21,21,1,1.000000,1,0,20075021,20075021,contiguous,official_completed_subset
2000|general|B04|20074|3,2000,general,B04,numeric8,20074,3,^20074\d{3}$,2,4,38,35,0.057143,2,33,20074004,20074038,sparse,official_completed_subset
2000|general|B04|20075|3,2000,general,B04,numeric8,20075,3,^20075\d{3}$,31,1,35,35,0.885714,5,4,20075001,20075035,dense,official_completed_subset
2000|general|B05|20072|3,2000,general,B05,numeric8,20072,3,^20072\d{3}$,8,1,51,51,0.156863,5,43,20072001,20072051,sparse,official_completed_subset
2000|general|B05|20074|3,2000,general,B05,numeric8,20074,3,^20074\d{3}$,20,5,39,35,0.571429,9,15,20074005,20074039,moderate,official_completed_subset
2000|general|B06|20071|3,2000,general,B06,numeric8,20071,3,^20071\d{3}$,2,5,23,19,0.105263,2,17,20071005,20071023,sparse,official_completed_subset
2000|general|B06|20077|3,2000,general,B06,numeric8,20077,3,^20077\d{3}$,33,1,33,33,1.000000,1,0,20077001,20077033,contiguous,official_completed_subset
2000|general|B07|20071|3,2000,general,B07,numeric8,20071,3,^20071\d{3}$,4,9,34,26,0.153846,4,22,20071009,20071034,sparse,official_completed_subset
2000|general|B07|20072|3,2000,general,B07,numeric8,20072,3,^20072\d{3}$,14,2,58,57,0.245614,9,43,20072002,20072058,sparse,official_completed_subset
2000|general|B07|20073|3,2000,general,B07,numeric8,20073,3,^20073\d{3}$,1,39,39,1,1.000000,1,0,20073039,20073039,contiguous,official_completed_subset
2000|general|B08|20072|3,2000,general,B08,numeric8,20072,3,^20072\d{3}$,1,52,52,1,1.000000,1,0,20072052,20072052,contiguous,official_completed_subset
2000|general|B08|20076|3,2000,general,B08,numeric8,20076,3,^20076\d{3}$,51,1,51,51,1.000000,1,0,20076001,20076051,contiguous,official_completed_subset
2000|key|B01|20032|3,2000,key,B01,numeric8,20032,3,^20032\d{3}$,2,10,20,11,0.181818,2,9,20032010,20032020,sparse,official_completed_subset
2000|key|B02|20033|3,2000,key,B02,numeric8,20033,3,^20033\d{3}$,1,10,10,1,1.000000,1,0,20033010,20033010,contiguous,official_completed_subset
2000|key|B04|20035|3,2000,key,B04,numeric8,20035,3,^20035\d{3}$,1,10,10,1,1.000000,1,0,20035010,20035010,contiguous,official_completed_subset
2000|key|B05|20034|3,2000,key,B05,numeric8,20034,3,^20034\d{3}$,1,10,10,1,1.000000,1,0,20034010,20034010,contiguous,official_completed_subset
2000|key|B06|20037|3,2000,key,B06,numeric8,20037,3,^20037\d{3}$,1,10,10,1,1.000000,1,0,20037010,20037010,contiguous,official_completed_subset
2000|key|B07|20031|3,2000,key,B07,numeric8,20031,3,^20031\d{3}$,1,10,10,1,1.000000,1,0,20031010,20031010,contiguous,official_completed_subset
2000|key|B08|20036|3,2000,key,B08,numeric8,20036,3,^20036\d{3}$,1,10,10,1,1.000000,1,0,20036010,20036010,contiguous,official_completed_subset
2000|regional|B01|20061|3,2000,regional,B01,numeric8,20061,3,^20061\d{3}$,2,1,3,3,0.666667,2,1,20061001,20061003,moderate,official_completed_subset
2000|regional|B01|20062|3,2000,regional,B01,numeric8,20062,3,^20062\d{3}$,2,1,2,2,1.000000,1,0,20062001,20062002,contiguous,official_completed_subset
2000|regional|B02|20063|3,2000,regional,B02,numeric8,20063,3,^20063\d{3}$,2,1,2,2,1.000000,1,0,20063001,20063002,contiguous,official_completed_subset
2000|regional|B03|20061|3,2000,regional,B03,numeric8,20061,3,^20061\d{3}$,1,2,2,1,1.000000,1,0,20061002,20061002,contiguous,official_completed_subset
2000|regional|B03|20065|3,2000,regional,B03,numeric8,20065,3,^20065\d{3}$,1,1,1,1,1.000000,1,0,20065001,20065001,contiguous,official_completed_subset
2000|regional|B05|20062|3,2000,regional,B05,numeric8,20062,3,^20062\d{3}$,1,4,4,1,1.000000,1,0,20062004,20062004,contiguous,official_completed_subset
2000|regional|B05|20064|3,2000,regional,B05,numeric8,20064,3,^20064\d{3}$,1,1,1,1,1.000000,1,0,20064001,20064001,contiguous,official_completed_subset
2000|regional|B06|20067|3,2000,regional,B06,numeric8,20067,3,^20067\d{3}$,1,1,1,1,1.000000,1,0,20067001,20067001,contiguous,official_completed_subset
2000|regional|B07|20062|3,2000,regional,B07,numeric8,20062,3,^20062\d{3}$,1,3,3,1,1.000000,1,0,20062003,20062003,contiguous,official_completed_subset
2000|regional|B08|20062|3,2000,regional,B08,numeric8,20062,3,^20062\d{3}$,1,5,5,1,1.000000,1,0,20062005,20062005,contiguous,official_completed_subset
2000|regional|B08|20066|3,2000,regional,B08,numeric8,20066,3,^20066\d{3}$,2,1,2,2,1.000000,1,0,20066001,20066002,contiguous,official_completed_subset
2000|special|B01|20023|3,2000,special,B01,numeric8,20023,3,^20023\d{3}$,3,2,5,4,0.750000,2,1,20023002,20023005,moderate,official_completed_subset
2000|special|B01|20041|3,2000,special,B01,numeric8,20041,3,^20041\d{3}$,5,2,6,5,1.000000,1,0,20041002,20041006,contiguous,official_completed_subset
2000|special|B01|20081|3,2000,special,B01,numeric8,20081,3,^20081\d{3}$,1,1,1,1,1.000000,1,0,20081001,20081001,contiguous,official_completed_subset
2000|special|B01|20082|3,2000,special,B01,numeric8,20082,3,^20082\d{3}$,1,1,1,1,1.000000,1,0,20082001,20082001,contiguous,official_completed_subset
2000|special|B01|20084|3,2000,special,B01,numeric8,20084,3,^20084\d{3}$,1,1,1,1,1.000000,1,0,20084001,20084001,contiguous,official_completed_subset
2000|special|B02|20043|3,2000,special,B02,numeric8,20043,3,^20043\d{3}$,2,1,2,2,1.000000,1,0,20043001,20043002,contiguous,official_completed_subset
2000|special|B02|20044|3,2000,special,B02,numeric8,20044,3,^20044\d{3}$,1,2,2,1,1.000000,1,0,20044002,20044002,contiguous,official_completed_subset
2000|special|B03|20023|3,2000,special,B03,numeric8,20023,3,^20023\d{3}$,2,1,3,3,0.666667,2,1,20023001,20023003,moderate,official_completed_subset
2000|special|B03|20027|3,2000,special,B03,numeric8,20027,3,^20027\d{3}$,2,1,2,2,1.000000,1,0,20027001,20027002,contiguous,official_completed_subset
2000|special|B03|20042|3,2000,special,B03,numeric8,20042,3,^20042\d{3}$,2,1,2,2,1.000000,1,0,20042001,20042002,contiguous,official_completed_subset
2000|special|B03|20044|3,2000,special,B03,numeric8,20044,3,^20044\d{3}$,1,5,5,1,1.000000,1,0,20044005,20044005,contiguous,official_completed_subset
2000|special|B03|20083|3,2000,special,B03,numeric8,20083,3,^20083\d{3}$,1,1,1,1,1.000000,1,0,20083001,20083001,contiguous,official_completed_subset
2000|special|B04|20041|3,2000,special,B04,numeric8,20041,3,^20041\d{3}$,1,1,1,1,1.000000,1,0,20041001,20041001,contiguous,official_completed_subset
2000|special|B04|20045|3,2000,special,B04,numeric8,20045,3,^20045\d{3}$,2,1,2,2,1.000000,1,0,20045001,20045002,contiguous,official_completed_subset
2000|special|B05|20044|3,2000,special,B05,numeric8,20044,3,^20044\d{3}$,3,1,4,4,0.750000,2,1,20044001,20044004,moderate,official_completed_subset
2000|special|B06|20047|3,2000,special,B06,numeric8,20047,3,^20047\d{3}$,1,1,1,1,1.000000,1,0,20047001,20047001,contiguous,official_completed_subset
2000|special|B08|20046|3,2000,special,B08,numeric8,20046,3,^20046\d{3}$,2,1,2,2,1.000000,1,0,20046001,20046002,contiguous,official_completed_subset
2000|special|B08|20086|3,2000,special,B08,numeric8,20086,3,^20086\d{3}$,1,1,1,1,1.000000,1,0,20086001,20086001,contiguous,official_completed_subset
2000|youth_c|B01|20001|3,2000,youth_c,B01,numeric8,20001,3,^20001\d{3}$,7,1,8,8,0.875000,2,1,20001001,20001008,dense,official_completed_subset
2000|youth_c|B01|20002|3,2000,youth_c,B01,numeric8,20002,3,^20002\d{3}$,1,8,8,1,1.000000,1,0,20002008,20002008,contiguous,official_completed_subset
2000|youth_c|B01|20004|3,2000,youth_c,B01,numeric8,20004,3,^20004\d{3}$,3,1,6,6,0.500000,3,3,20004001,20004006,moderate,official_completed_subset
2000|youth_c|B02|20003|3,2000,youth_c,B02,numeric8,20003,3,^20003\d{3}$,8,1,11,11,0.727273,3,3,20003001,20003011,moderate,official_completed_subset
2000|youth_c|B02|20004|3,2000,youth_c,B02,numeric8,20004,3,^20004\d{3}$,1,7,7,1,1.000000,1,0,20004007,20004007,contiguous,official_completed_subset
2000|youth_c|B03|20001|3,2000,youth_c,B03,numeric8,20001,3,^20001\d{3}$,1,7,7,1,1.000000,1,0,20001007,20001007,contiguous,official_completed_subset
2000|youth_c|B03|20002|3,2000,youth_c,B03,numeric8,20002,3,^20002\d{3}$,1,6,6,1,1.000000,1,0,20002006,20002006,contiguous,official_completed_subset
2000|youth_c|B03|20003|3,2000,youth_c,B03,numeric8,20003,3,^20003\d{3}$,4,3,12,10,0.400000,3,6,20003003,20003012,moderate,official_completed_subset
2000|youth_c|B03|20004|3,2000,youth_c,B03,numeric8,20004,3,^20004\d{3}$,2,8,11,4,0.500000,2,2,20004008,20004011,moderate,official_completed_subset
2000|youth_c|B04|20004|3,2000,youth_c,B04,numeric8,20004,3,^20004\d{3}$,1,2,2,1,1.000000,1,0,20004002,20004002,contiguous,official_completed_subset
2000|youth_c|B04|20005|3,2000,youth_c,B04,numeric8,20005,3,^20005\d{3}$,6,1,6,6,1.000000,1,0,20005001,20005006,contiguous,official_completed_subset
2000|youth_c|B05|20004|3,2000,youth_c,B05,numeric8,20004,3,^20004\d{3}$,4,3,10,8,0.500000,3,4,20004003,20004010,moderate,official_completed_subset
2000|youth_c|B06|20007|3,2000,youth_c,B06,numeric8,20007,3,^20007\d{3}$,5,1,6,6,0.833333,2,1,20007001,20007006,dense,official_completed_subset
2000|youth_c|B07|20002|3,2000,youth_c,B07,numeric8,20002,3,^20002\d{3}$,6,1,9,9,0.666667,2,3,20002001,20002009,moderate,official_completed_subset
2000|youth_c|B08|20006|3,2000,youth_c,B08,numeric8,20006,3,^20006\d{3}$,15,1,15,15,1.000000,1,0,20006001,20006015,contiguous,official_completed_subset
2001|general|B01|20171|3,2001,general,B01,numeric8,20171,3,^20171\d{3}$,25,1,45,45,0.555556,15,20,20171001,20171045,moderate,official_completed_subset
2001|general|B01|20172|3,2001,general,B01,numeric8,20172,3,^20172\d{3}$,39,1,65,65,0.600000,15,26,20172001,20172065,moderate,official_completed_subset
2001|general|B01|20174|3,2001,general,B01,numeric8,20174,3,^20174\d{3}$,18,1,50,50,0.360000,12,32,20174001,20174050,sparse,official_completed_subset
2001|general|B02|20173|3,2001,general,B02,numeric8,20173,3,^20173\d{3}$,36,3,73,71,0.507042,16,35,20173003,20173073,moderate,official_completed_subset
2001|general|B03|20171|3,2001,general,B03,numeric8,20171,3,^20171\d{3}$,10,6,46,41,0.243902,10,31,20171006,20171046,sparse,official_completed_subset
2001|general|B03|20172|3,2001,general,B03,numeric8,20172,3,^20172\d{3}$,4,25,69,45,0.088889,4,41,20172025,20172069,sparse,official_completed_subset
2001|general|B03|20173|3,2001,general,B03,numeric8,20173,3,^20173\d{3}$,36,1,74,74,0.486486,18,38,20173001,20173074,moderate,official_completed_subset
2001|general|B03|20174|3,2001,general,B03,numeric8,20174,3,^20174\d{3}$,9,4,49,46,0.195652,8,37,20174004,20174049,sparse,official_completed_subset
2001|general|B03|20175|3,2001,general,B03,numeric8,20175,3,^20175\d{3}$,2,13,36,24,0.083333,2,22,20175013,20175036,sparse,official_completed_subset
2001|general|B04|20171|3,2001,general,B04,numeric8,20171,3,^20171\d{3}$,1,29,29,1,1.000000,1,0,20171029,20171029,contiguous,official_completed_subset
2001|general|B04|20172|3,2001,general,B04,numeric8,20172,3,^20172\d{3}$,1,42,42,1,1.000000,1,0,20172042,20172042,contiguous,official_completed_subset
2001|general|B04|20174|3,2001,general,B04,numeric8,20174,3,^20174\d{3}$,2,24,36,13,0.153846,2,11,20174024,20174036,sparse,official_completed_subset
2001|general|B04|20175|3,2001,general,B04,numeric8,20175,3,^20175\d{3}$,37,1,39,39,0.948718,3,2,20175001,20175039,dense,official_completed_subset
2001|general|B05|20172|3,2001,general,B05,numeric8,20172,3,^20172\d{3}$,7,3,67,65,0.107692,5,58,20172003,20172067,sparse,official_completed_subset
2001|general|B05|20174|3,2001,general,B05,numeric8,20174,3,^20174\d{3}$,21,5,46,42,0.500000,10,21,20174005,20174046,moderate,official_completed_subset
2001|general|B06|20171|3,2001,general,B06,numeric8,20171,3,^20171\d{3}$,3,5,33,29,0.103448,3,26,20171005,20171033,sparse,official_completed_subset
2001|general|B06|20176|3,2001,general,B06,numeric8,20176,3,^20176\d{3}$,1,34,34,1,1.000000,1,0,20176034,20176034,contiguous,official_completed_subset
2001|general|B06|20177|3,2001,general,B06,numeric8,20177,3,^20177\d{3}$,36,1,36,36,1.000000,1,0,20177001,20177036,contiguous,official_completed_subset
2001|general|B07|20171|3,2001,general,B07,numeric8,20171,3,^20171\d{3}$,7,4,41,38,0.184211,7,31,20171004,20171041,sparse,official_completed_subset
2001|general|B07|20172|3,2001,general,B07,numeric8,20172,3,^20172\d{3}$,18,4,72,69,0.260870,11,51,20172004,20172072,sparse,official_completed_subset
2001|general|B07|20173|3,2001,general,B07,numeric8,20173,3,^20173\d{3}$,1,50,50,1,1.000000,1,0,20173050,20173050,contiguous,official_completed_subset
2001|general|B08|20172|3,2001,general,B08,numeric8,20172,3,^20172\d{3}$,3,11,35,25,0.120000,2,22,20172011,20172035,sparse,official_completed_subset
2001|general|B08|20176|3,2001,general,B08,numeric8,20176,3,^20176\d{3}$,63,1,66,66,0.954545,4,3,20176001,20176066,dense,official_completed_subset
2001|joint_fund|B02|20122|3,2001,joint_fund,B02,numeric8,20122,3,^20122\d{3}$,1,101,101,1,1.000000,1,0,20122101,20122101,contiguous,official_completed_subset
2001|joint_fund|B06|20122|3,2001,joint_fund,B06,numeric8,20122,3,^20122\d{3}$,2,202,203,2,1.000000,1,0,20122202,20122203,contiguous,official_completed_subset
2001|joint_fund|B08|20122|3,2001,joint_fund,B08,numeric8,20122,3,^20122\d{3}$,1,201,201,1,1.000000,1,0,20122201,20122201,contiguous,official_completed_subset
2001|joint_fund|B08|20176|3,2001,joint_fund,B08,numeric8,20176,3,^20176\d{3}$,2,25,53,29,0.068966,2,27,20176025,20176053,sparse,official_completed_subset
2001|key|B01|20131|3,2001,key,B01,numeric8,20131,3,^20131\d{3}$,4,10,40,31,0.129032,4,27,20131010,20131040,sparse,official_completed_subset
2001|key|B01|20132|3,2001,key,B01,numeric8,20132,3,^20132\d{3}$,3,10,30,21,0.142857,3,18,20132010,20132030,sparse,official_completed_subset
2001|key|B02|20133|3,2001,key,B02,numeric8,20133,3,^20133\d{3}$,2,10,40,31,0.064516,2,29,20133010,20133040,sparse,official_completed_subset
2001|key|B03|20133|3,2001,key,B03,numeric8,20133,3,^20133\d{3}$,2,20,30,11,0.181818,2,9,20133020,20133030,sparse,official_completed_subset
2001|key|B04|20135|3,2001,key,B04,numeric8,20135,3,^20135\d{3}$,1,10,10,1,1.000000,1,0,20135010,20135010,contiguous,official_completed_subset
2001|key|B05|20134|3,2001,key,B05,numeric8,20134,3,^20134\d{3}$,2,10,20,11,0.181818,2,9,20134010,20134020,sparse,official_completed_subset
2001|key|B06|20137|3,2001,key,B06,numeric8,20137,3,^20137\d{3}$,1,10,10,1,1.000000,1,0,20137010,20137010,contiguous,official_completed_subset
2001|key|B08|20136|3,2001,key,B08,numeric8,20136,3,^20136\d{3}$,2,10,20,11,0.181818,2,9,20136010,20136020,sparse,official_completed_subset
2001|major_research_plan|B01|90101|3,2001,major_research_plan,B01,numeric8,90101,3,^90101\d{3}$,3,14,28,15,0.200000,3,12,90101014,90101028,sparse,official_completed_subset
2001|major_research_plan|B03|90101|3,2001,major_research_plan,B03,numeric8,90101,3,^90101\d{3}$,1,10,10,1,1.000000,1,0,90101010,90101010,contiguous,official_completed_subset
2001|major_research_plan|B03|90103|3,2001,major_research_plan,B03,numeric8,90103,3,^90103\d{3}$,2,36,37,2,1.000000,1,0,90103036,90103037,contiguous,official_completed_subset
2001|major_research_plan|B05|90101|3,2001,major_research_plan,B05,numeric8,90101,3,^90101\d{3}$,1,19,19,1,1.000000,1,0,90101019,90101019,contiguous,official_completed_subset
2001|regional|B01|20161|3,2001,regional,B01,numeric8,20161,3,^20161\d{3}$,1,3,3,1,1.000000,1,0,20161003,20161003,contiguous,official_completed_subset
2001|regional|B01|20162|3,2001,regional,B01,numeric8,20162,3,^20162\d{3}$,1,5,5,1,1.000000,1,0,20162005,20162005,contiguous,official_completed_subset
2001|regional|B02|20163|3,2001,regional,B02,numeric8,20163,3,^20163\d{3}$,1,1,1,1,1.000000,1,0,20163001,20163001,contiguous,official_completed_subset
2001|regional|B03|20161|3,2001,regional,B03,numeric8,20161,3,^20161\d{3}$,2,1,2,2,1.000000,1,0,20161001,20161002,contiguous,official_completed_subset
2001|regional|B03|20163|3,2001,regional,B03,numeric8,20163,3,^20163\d{3}$,1,2,2,1,1.000000,1,0,20163002,20163002,contiguous,official_completed_subset
2001|regional|B04|20165|3,2001,regional,B04,numeric8,20165,3,^20165\d{3}$,1,1,1,1,1.000000,1,0,20165001,20165001,contiguous,official_completed_subset
2001|regional|B05|20164|3,2001,regional,B05,numeric8,20164,3,^20164\d{3}$,1,1,1,1,1.000000,1,0,20164001,20164001,contiguous,official_completed_subset
2001|regional|B06|20167|3,2001,regional,B06,numeric8,20167,3,^20167\d{3}$,2,1,2,2,1.000000,1,0,20167001,20167002,contiguous,official_completed_subset
2001|regional|B07|20162|3,2001,regional,B07,numeric8,20162,3,^20162\d{3}$,3,2,4,3,1.000000,1,0,20162002,20162004,contiguous,official_completed_subset
2001|regional|B08|20162|3,2001,regional,B08,numeric8,20162,3,^20162\d{3}$,1,1,1,1,1.000000,1,0,20162001,20162001,contiguous,official_completed_subset
2001|regional|B08|20166|3,2001,regional,B08,numeric8,20166,3,^20166\d{3}$,3,1,4,4,0.750000,2,1,20166001,20166004,moderate,official_completed_subset
2001|special|B01|20120|3,2001,special,B01,numeric8,20120,3,^20120\d{3}$,1,1,1,1,1.000000,1,0,20120001,20120001,contiguous,official_completed_subset
2001|special|B01|20141|3,2001,special,B01,numeric8,20141,3,^20141\d{3}$,4,1,4,4,1.000000,1,0,20141001,20141004,contiguous,official_completed_subset
2001|special|B01|20142|3,2001,special,B01,numeric8,20142,3,^20142\d{3}$,3,1,4,4,0.750000,2,1,20142001,20142004,moderate,official_completed_subset
2001|special|B01|20144|3,2001,special,B01,numeric8,20144,3,^20144\d{3}$,1,2,2,1,1.000000,1,0,20144002,20144002,contiguous,official_completed_subset
2001|special|B01|20151|3,2001,special,B01,numeric8,20151,3,^20151\d{3}$,2,3,4,2,1.000000,1,0,20151003,20151004,contiguous,official_completed_subset
2001|special|B02|20127|3,2001,special,B02,numeric8,20127,3,^20127\d{3}$,1,302,302,1,1.000000,1,0,20127302,20127302,contiguous,official_completed_subset
2001|special|B02|20143|3,2001,special,B02,numeric8,20143,3,^20143\d{3}$,2,3,4,2,1.000000,1,0,20143003,20143004,contiguous,official_completed_subset
2001|special|B03|20127|3,2001,special,B03,numeric8,20127,3,^20127\d{3}$,2,101,403,303,0.006601,2,301,20127101,20127403,sparse,official_completed_subset
2001|special|B03|20142|3,2001,special,B03,numeric8,20142,3,^20142\d{3}$,1,3,3,1,1.000000,1,0,20142003,20142003,contiguous,official_completed_subset
2001|special|B03|20143|3,2001,special,B03,numeric8,20143,3,^20143\d{3}$,3,1,5,5,0.600000,2,2,20143001,20143005,moderate,official_completed_subset
2001|special|B03|20144|3,2001,special,B03,numeric8,20144,3,^20144\d{3}$,1,1,1,1,1.000000,1,0,20144001,20144001,contiguous,official_completed_subset
2001|special|B04|20145|3,2001,special,B04,numeric8,20145,3,^20145\d{3}$,1,1,1,1,1.000000,1,0,20145001,20145001,contiguous,official_completed_subset
2001|special|B06|20147|3,2001,special,B06,numeric8,20147,3,^20147\d{3}$,1,1,1,1,1.000000,1,0,20147001,20147001,contiguous,official_completed_subset
2001|special|B07|20147|3,2001,special,B07,numeric8,20147,3,^20147\d{3}$,1,2,2,1,1.000000,1,0,20147002,20147002,contiguous,official_completed_subset
2001|special|B08|20146|3,2001,special,B08,numeric8,20146,3,^20146\d{3}$,2,1,2,2,1.000000,1,0,20146001,20146002,contiguous,official_completed_subset
2001|youth_c|B01|20101|3,2001,youth_c,B01,numeric8,20101,3,^20101\d{3}$,4,2,7,6,0.666667,3,2,20101002,20101007,moderate,official_completed_subset
2001|youth_c|B01|20102|3,2001,youth_c,B01,numeric8,20102,3,^20102\d{3}$,7,1,8,8,0.875000,2,1,20102001,20102008,dense,official_completed_subset
2001|youth_c|B01|20104|3,2001,youth_c,B01,numeric8,20104,3,^20104\d{3}$,1,6,6,1,1.000000,1,0,20104006,20104006,contiguous,official_completed_subset
2001|youth_c|B02|20103|3,2001,youth_c,B02,numeric8,20103,3,^20103\d{3}$,2,5,6,2,1.000000,1,0,20103005,20103006,contiguous,official_completed_subset
2001|youth_c|B03|20101|3,2001,youth_c,B03,numeric8,20101,3,^20101\d{3}$,2,3,6,4,0.500000,2,2,20101003,20101006,moderate,official_completed_subset
2001|youth_c|B03|20103|3,2001,youth_c,B03,numeric8,20103,3,^20103\d{3}$,8,1,10,10,0.800000,2,2,20103001,20103010,dense,official_completed_subset
2001|youth_c|B03|20104|3,2001,youth_c,B03,numeric8,20104,3,^20104\d{3}$,1,4,4,1,1.000000,1,0,20104004,20104004,contiguous,official_completed_subset
2001|youth_c|B04|20105|3,2001,youth_c,B04,numeric8,20105,3,^20105\d{3}$,7,1,7,7,1.000000,1,0,20105001,20105007,contiguous,official_completed_subset
2001|youth_c|B05|20104|3,2001,youth_c,B05,numeric8,20104,3,^20104\d{3}$,6,1,8,8,0.750000,3,2,20104001,20104008,moderate,official_completed_subset
2001|youth_c|B06|20106|3,2001,youth_c,B06,numeric8,20106,3,^20106\d{3}$,2,2,9,8,0.250000,2,6,20106002,20106009,sparse,official_completed_subset
2001|youth_c|B06|20107|3,2001,youth_c,B06,numeric8,20107,3,^20107\d{3}$,6,1,6,6,1.000000,1,0,20107001,20107006,contiguous,official_completed_subset
2001|youth_c|B07|20101|3,2001,youth_c,B07,numeric8,20101,3,^20101\d{3}$,1,1,1,1,1.000000,1,0,20101001,20101001,contiguous,official_completed_subset
2001|youth_c|B07|20102|3,2001,youth_c,B07,numeric8,20102,3,^20102\d{3}$,1,7,7,1,1.000000,1,0,20102007,20102007,contiguous,official_completed_subset
2001|youth_c|B08|20106|3,2001,youth_c,B08,numeric8,20106,3,^20106\d{3}$,13,1,16,16,0.812500,4,3,20106001,20106016,dense,official_completed_subset
2002|general|B01|20271|3,2002,general,B01,numeric8,20271,3,^20271\d{3}$,35,1,53,53,0.660377,14,18,20271001,20271053,moderate,official_completed_subset
2002|general|B01|20272|3,2002,general,B01,numeric8,20272,3,^20272\d{3}$,49,1,82,82,0.597561,15,33,20272001,20272082,moderate,official_completed_subset
2002|general|B01|20274|3,2002,general,B01,numeric8,20274,3,^20274\d{3}$,17,1,53,53,0.320755,10,36,20274001,20274053,sparse,official_completed_subset
2002|general|B02|20271|3,2002,general,B02,numeric8,20271,3,^20271\d{3}$,1,37,37,1,1.000000,1,0,20271037,20271037,contiguous,official_completed_subset
2002|general|B02|20273|3,2002,general,B02,numeric8,20273,3,^20273\d{3}$,42,6,86,81,0.518519,20,39,20273006,20273086,moderate,official_completed_subset
2002|general|B02|20274|3,2002,general,B02,numeric8,20274,3,^20274\d{3}$,1,3,3,1,1.000000,1,0,20274003,20274003,contiguous,official_completed_subset
2002|general|B03|20271|3,2002,general,B03,numeric8,20271,3,^20271\d{3}$,8,12,47,36,0.222222,8,28,20271012,20271047,sparse,official_completed_subset
2002|general|B03|20272|3,2002,general,B03,numeric8,20272,3,^20272\d{3}$,6,27,78,52,0.115385,5,46,20272027,20272078,sparse,official_completed_subset
2002|general|B03|20273|3,2002,general,B03,numeric8,20273,3,^20273\d{3}$,42,1,85,85,0.494118,19,43,20273001,20273085,moderate,official_completed_subset
2002|general|B03|20274|3,2002,general,B03,numeric8,20274,3,^20274\d{3}$,9,10,57,48,0.187500,6,39,20274010,20274057,sparse,official_completed_subset
2002|general|B03|20275|3,2002,general,B03,numeric8,20275,3,^20275\d{3}$,1,26,26,1,1.000000,1,0,20275026,20275026,contiguous,official_completed_subset
2002|general|B04|20274|3,2002,general,B04,numeric8,20274,3,^20274\d{3}$,2,4,40,37,0.054054,2,35,20274004,20274040,sparse,official_completed_subset
2002|general|B04|20275|3,2002,general,B04,numeric8,20275,3,^20275\d{3}$,45,1,46,46,0.978261,2,1,20275001,20275046,dense,official_completed_subset
2002|general|B05|20272|3,2002,general,B05,numeric8,20272,3,^20272\d{3}$,5,26,77,52,0.096154,5,47,20272026,20272077,sparse,official_completed_subset
2002|general|B05|20274|3,2002,general,B05,numeric8,20274,3,^20274\d{3}$,27,2,58,57,0.473684,15,30,20274002,20274058,moderate,official_completed_subset
2002|general|B06|20277|3,2002,general,B06,numeric8,20277,3,^20277\d{3}$,46,1,46,46,1.000000,1,0,20277001,20277046,contiguous,official_completed_subset
2002|general|B07|20271|3,2002,general,B07,numeric8,20271,3,^20271\d{3}$,9,5,38,34,0.264706,6,25,20271005,20271038,sparse,official_completed_subset
2002|general|B07|20272|3,2002,general,B07,numeric8,20272,3,^20272\d{3}$,24,3,85,83,0.289157,12,59,20272003,20272085,sparse,official_completed_subset
2002|general|B07|20273|3,2002,general,B07,numeric8,20273,3,^20273\d{3}$,1,61,61,1,1.000000,1,0,20273061,20273061,contiguous,official_completed_subset
2002|general|B08|20272|3,2002,general,B08,numeric8,20272,3,^20272\d{3}$,1,36,36,1,1.000000,1,0,20272036,20272036,contiguous,official_completed_subset
2002|general|B08|20276|3,2002,general,B08,numeric8,20276,3,^20276\d{3}$,80,1,80,80,1.000000,1,0,20276001,20276080,contiguous,official_completed_subset
2002|general|B09|20274|3,2002,general,B09,numeric8,20274,3,^20274\d{3}$,2,33,39,7,0.285714,2,5,20274033,20274039,sparse,official_completed_subset
2002|joint_fund|B02|20222|3,2002,joint_fund,B02,numeric8,20222,3,^20222\d{3}$,1,201,201,1,1.000000,1,0,20222201,20222201,contiguous,official_completed_subset
2002|joint_fund|B02|20233|3,2002,joint_fund,B02,numeric8,20233,3,^20233\d{3}$,1,40,40,1,1.000000,1,0,20233040,20233040,contiguous,official_completed_subset
2002|joint_fund|B08|20236|3,2002,joint_fund,B08,numeric8,20236,3,^20236\d{3}$,1,30,30,1,1.000000,1,0,20236030,20236030,contiguous,official_completed_subset
2002|key|B01|20231|3,2002,key,B01,numeric8,20231,3,^20231\d{3}$,1,20,20,1,1.000000,1,0,20231020,20231020,contiguous,official_completed_subset
2002|key|B01|20232|3,2002,key,B01,numeric8,20232,3,^20232\d{3}$,2,10,20,11,0.181818,2,9,20232010,20232020,sparse,official_completed_subset
2002|key|B02|20233|3,2002,key,B02,numeric8,20233,3,^20233\d{3}$,2,10,30,21,0.095238,2,19,20233010,20233030,sparse,official_completed_subset
2002|key|B03|20233|3,2002,key,B03,numeric8,20233,3,^20233\d{3}$,2,20,50,31,0.064516,2,29,20233020,20233050,sparse,official_completed_subset
2002|key|B03|20234|3,2002,key,B03,numeric8,20234,3,^20234\d{3}$,2,10,20,11,0.181818,2,9,20234010,20234020,sparse,official_completed_subset
2002|key|B03|20235|3,2002,key,B03,numeric8,20235,3,^20235\d{3}$,1,20,20,1,1.000000,1,0,20235020,20235020,contiguous,official_completed_subset
2002|key|B04|20235|3,2002,key,B04,numeric8,20235,3,^20235\d{3}$,1,10,10,1,1.000000,1,0,20235010,20235010,contiguous,official_completed_subset
2002|key|B06|20237|3,2002,key,B06,numeric8,20237,3,^20237\d{3}$,1,10,10,1,1.000000,1,0,20237010,20237010,contiguous,official_completed_subset
2002|key|B07|20231|3,2002,key,B07,numeric8,20231,3,^20231\d{3}$,1,10,10,1,1.000000,1,0,20231010,20231010,contiguous,official_completed_subset
2002|key|B08|20236|3,2002,key,B08,numeric8,20236,3,^20236\d{3}$,4,10,50,41,0.097561,4,37,20236010,20236050,sparse,official_completed_subset
2002|major_research_plan|B01|90201|3,2002,major_research_plan,B01,numeric8,90201,3,^90201\d{3}$,1,14,14,1,1.000000,1,0,90201014,90201014,contiguous,official_completed_subset
2002|major_research_plan|B01|90206|3,2002,major_research_plan,B01,numeric8,90206,3,^90206\d{3}$,5,0,40,41,0.121951,5,36,90206000,90206040,sparse,official_completed_subset
2002|major_research_plan|B02|90206|3,2002,major_research_plan,B02,numeric8,90206,3,^90206\d{3}$,2,9,35,27,0.074074,2,25,90206009,90206035,sparse,official_completed_subset
2002|major_research_plan|B02|90210|3,2002,major_research_plan,B02,numeric8,90210,3,^90210\d{3}$,2,33,36,4,0.500000,2,2,90210033,90210036,moderate,official_completed_subset
2002|major_research_plan|B03|90201|3,2002,major_research_plan,B03,numeric8,90201,3,^90201\d{3}$,1,15,15,1,1.000000,1,0,90201015,90201015,contiguous,official_completed_subset
2002|major_research_plan|B03|90203|3,2002,major_research_plan,B03,numeric8,90203,3,^90203\d{3}$,1,14,14,1,1.000000,1,0,90203014,90203014,contiguous,official_completed_subset
2002|major_research_plan|B03|90206|3,2002,major_research_plan,B03,numeric8,90206,3,^90206\d{3}$,9,4,39,36,0.250000,5,27,90206004,90206039,sparse,official_completed_subset
2002|major_research_plan|B03|90210|3,2002,major_research_plan,B03,numeric8,90210,3,^90210\d{3}$,1,24,24,1,1.000000,1,0,90210024,90210024,contiguous,official_completed_subset
2002|major_research_plan|B04|90206|3,2002,major_research_plan,B04,numeric8,90206,3,^90206\d{3}$,1,37,37,1,1.000000,1,0,90206037,90206037,contiguous,official_completed_subset
2002|major_research_plan|B04|90208|3,2002,major_research_plan,B04,numeric8,90208,3,^90208\d{3}$,1,20,20,1,1.000000,1,0,90208020,90208020,contiguous,official_completed_subset
2002|major_research_plan|B04|90209|3,2002,major_research_plan,B04,numeric8,90209,3,^90209\d{3}$,3,16,56,41,0.073171,3,38,90209016,90209056,sparse,official_completed_subset
2002|major_research_plan|B05|90201|3,2002,major_research_plan,B05,numeric8,90201,3,^90201\d{3}$,5,3,31,29,0.172414,5,24,90201003,90201031,sparse,official_completed_subset
2002|major_research_plan|B05|90203|3,2002,major_research_plan,B05,numeric8,90203,3,^90203\d{3}$,1,15,15,1,1.000000,1,0,90203015,90203015,contiguous,official_completed_subset
2002|major_research_plan|B05|90205|3,2002,major_research_plan,B05,numeric8,90205,3,^90205\d{3}$,1,15,15,1,1.000000,1,0,90205015,90205015,contiguous,official_completed_subset
2002|major_research_plan|B05|90206|3,2002,major_research_plan,B05,numeric8,90206,3,^90206\d{3}$,1,6,6,1,1.000000,1,0,90206006,90206006,contiguous,official_completed_subset
2002|major_research_plan|B07|90209|3,2002,major_research_plan,B07,numeric8,90209,3,^90209\d{3}$,1,51,51,1,1.000000,1,0,90209051,90209051,contiguous,official_completed_subset
2002|major_research_plan|B08|90206|3,2002,major_research_plan,B08,numeric8,90206,3,^90206\d{3}$,2,1,7,7,0.285714,2,5,90206001,90206007,sparse,official_completed_subset
2002|major_research_plan|B08|90210|3,2002,major_research_plan,B08,numeric8,90210,3,^90210\d{3}$,4,1,34,34,0.117647,4,30,90210001,90210034,sparse,official_completed_subset
2002|regional|B01|20261|3,2002,regional,B01,numeric8,20261,3,^20261\d{3}$,5,2,7,6,0.833333,2,1,20261002,20261007,dense,official_completed_subset
2002|regional|B01|20262|3,2002,regional,B01,numeric8,20262,3,^20262\d{3}$,2,5,6,2,1.000000,1,0,20262005,20262006,contiguous,official_completed_subset
2002|regional|B01|20264|3,2002,regional,B01,numeric8,20264,3,^20264\d{3}$,1,1,1,1,1.000000,1,0,20264001,20264001,contiguous,official_completed_subset
2002|regional|B02|20263|3,2002,regional,B02,numeric8,20263,3,^20263\d{3}$,3,1,3,3,1.000000,1,0,20263001,20263003,contiguous,official_completed_subset
2002|regional|B03|20261|3,2002,regional,B03,numeric8,20261,3,^20261\d{3}$,1,6,6,1,1.000000,1,0,20261006,20261006,contiguous,official_completed_subset
2002|regional|B04|20262|3,2002,regional,B04,numeric8,20262,3,^20262\d{3}$,1,7,7,1,1.000000,1,0,20262007,20262007,contiguous,official_completed_subset
2002|regional|B04|20265|3,2002,regional,B04,numeric8,20265,3,^20265\d{3}$,1,1,1,1,1.000000,1,0,20265001,20265001,contiguous,official_completed_subset
2002|regional|B05|20264|3,2002,regional,B05,numeric8,20264,3,^20264\d{3}$,1,2,2,1,1.000000,1,0,20264002,20264002,contiguous,official_completed_subset
2002|regional|B06|20267|3,2002,regional,B06,numeric8,20267,3,^20267\d{3}$,2,1,2,2,1.000000,1,0,20267001,20267002,contiguous,official_completed_subset
2002|regional|B07|20261|3,2002,regional,B07,numeric8,20261,3,^20261\d{3}$,1,1,1,1,1.000000,1,0,20261001,20261001,contiguous,official_completed_subset
2002|regional|B07|20262|3,2002,regional,B07,numeric8,20262,3,^20262\d{3}$,4,1,4,4,1.000000,1,0,20262001,20262004,contiguous,official_completed_subset
2002|regional|B08|20266|3,2002,regional,B08,numeric8,20266,3,^20266\d{3}$,5,1,5,5,1.000000,1,0,20266001,20266005,contiguous,official_completed_subset
2002|special|B01|20241|3,2002,special,B01,numeric8,20241,3,^20241\d{3}$,2,3,4,2,1.000000,1,0,20241003,20241004,contiguous,official_completed_subset
2002|special|B01|20242|3,2002,special,B01,numeric8,20242,3,^20242\d{3}$,7,1,12,12,0.583333,3,5,20242001,20242012,moderate,official_completed_subset
2002|special|B01|20244|3,2002,special,B01,numeric8,20244,3,^20244\d{3}$,1,2,2,1,1.000000,1,0,20244002,20244002,contiguous,official_completed_subset
2002|special|B01|20254|3,2002,special,B01,numeric8,20254,3,^20254\d{3}$,1,1,1,1,1.000000,1,0,20254001,20254001,contiguous,official_completed_subset
2002|special|B02|20243|3,2002,special,B02,numeric8,20243,3,^20243\d{3}$,4,2,7,6,0.666667,2,2,20243002,20243007,moderate,official_completed_subset
2002|special|B03|20243|3,2002,special,B03,numeric8,20243,3,^20243\d{3}$,3,1,4,4,0.750000,2,1,20243001,20243004,moderate,official_completed_subset
2002|special|B03|20244|3,2002,special,B03,numeric8,20244,3,^20244\d{3}$,2,3,4,2,1.000000,1,0,20244003,20244004,contiguous,official_completed_subset
2002|special|B04|20227|3,2002,special,B04,numeric8,20227,3,^20227\d{3}$,2,501,502,2,1.000000,1,0,20227501,20227502,contiguous,official_completed_subset
2002|special|B04|20245|3,2002,special,B04,numeric8,20245,3,^20245\d{3}$,4,1,4,4,1.000000,1,0,20245001,20245004,contiguous,official_completed_subset
2002|special|B05|20242|3,2002,special,B05,numeric8,20242,3,^20242\d{3}$,1,10,10,1,1.000000,1,0,20242010,20242010,contiguous,official_completed_subset
2002|special|B05|20244|3,2002,special,B05,numeric8,20244,3,^20244\d{3}$,2,1,5,5,0.400000,2,3,20244001,20244005,moderate,official_completed_subset
2002|special|B06|20247|3,2002,special,B06,numeric8,20247,3,^20247\d{3}$,3,1,3,3,1.000000,1,0,20247001,20247003,contiguous,official_completed_subset
2002|special|B07|20241|3,2002,special,B07,numeric8,20241,3,^20241\d{3}$,2,1,2,2,1.000000,1,0,20241001,20241002,contiguous,official_completed_subset
2002|special|B07|20242|3,2002,special,B07,numeric8,20242,3,^20242\d{3}$,3,6,11,6,0.500000,3,3,20242006,20242011,moderate,official_completed_subset
2002|special|B08|20242|3,2002,special,B08,numeric8,20242,3,^20242\d{3}$,1,7,7,1,1.000000,1,0,20242007,20242007,contiguous,official_completed_subset
2002|special|B08|20246|3,2002,special,B08,numeric8,20246,3,^20246\d{3}$,5,1,5,5,1.000000,1,0,20246001,20246005,contiguous,official_completed_subset
2002|youth_c|B01|20201|3,2002,youth_c,B01,numeric8,20201,3,^20201\d{3}$,11,1,14,14,0.785714,3,3,20201001,20201014,moderate,official_completed_subset
2002|youth_c|B01|20202|3,2002,youth_c,B01,numeric8,20202,3,^20202\d{3}$,11,1,13,13,0.846154,3,2,20202001,20202013,dense,official_completed_subset
2002|youth_c|B01|20204|3,2002,youth_c,B01,numeric8,20204,3,^20204\d{3}$,7,1,20,20,0.350000,5,13,20204001,20204020,sparse,official_completed_subset
2002|youth_c|B02|20203|3,2002,youth_c,B02,numeric8,20203,3,^20203\d{3}$,11,2,16,15,0.733333,5,4,20203002,20203016,moderate,official_completed_subset
2002|youth_c|B02|20204|3,2002,youth_c,B02,numeric8,20204,3,^20204\d{3}$,3,3,17,15,0.200000,3,12,20204003,20204017,sparse,official_completed_subset
2002|youth_c|B03|20201|3,2002,youth_c,B03,numeric8,20201,3,^20201\d{3}$,1,2,2,1,1.000000,1,0,20201002,20201002,contiguous,official_completed_subset
2002|youth_c|B03|20203|3,2002,youth_c,B03,numeric8,20203,3,^20203\d{3}$,9,1,20,20,0.450000,6,11,20203001,20203020,moderate,official_completed_subset
2002|youth_c|B03|20204|3,2002,youth_c,B03,numeric8,20204,3,^20204\d{3}$,2,4,11,8,0.250000,2,6,20204004,20204011,sparse,official_completed_subset
2002|youth_c|B03|20205|3,2002,youth_c,B03,numeric8,20205,3,^20205\d{3}$,2,3,5,3,0.666667,2,1,20205003,20205005,moderate,official_completed_subset
2002|youth_c|B04|20202|3,2002,youth_c,B04,numeric8,20202,3,^20202\d{3}$,1,15,15,1,1.000000,1,0,20202015,20202015,contiguous,official_completed_subset
2002|youth_c|B04|20204|3,2002,youth_c,B04,numeric8,20204,3,^20204\d{3}$,3,7,14,8,0.375000,3,5,20204007,20204014,sparse,official_completed_subset
2002|youth_c|B04|20205|3,2002,youth_c,B04,numeric8,20205,3,^20205\d{3}$,6,1,8,8,0.750000,3,2,20205001,20205008,moderate,official_completed_subset
2002|youth_c|B05|20204|3,2002,youth_c,B05,numeric8,20204,3,^20204\d{3}$,5,2,18,17,0.294118,3,12,20204002,20204018,sparse,official_completed_subset
2002|youth_c|B06|20201|3,2002,youth_c,B06,numeric8,20201,3,^20201\d{3}$,1,4,4,1,1.000000,1,0,20201004,20201004,contiguous,official_completed_subset
2002|youth_c|B06|20207|3,2002,youth_c,B06,numeric8,20207,3,^20207\d{3}$,14,1,14,14,1.000000,1,0,20207001,20207014,contiguous,official_completed_subset
2002|youth_c|B07|20201|3,2002,youth_c,B07,numeric8,20201,3,^20201\d{3}$,1,5,5,1,1.000000,1,0,20201005,20201005,contiguous,official_completed_subset
2002|youth_c|B07|20202|3,2002,youth_c,B07,numeric8,20202,3,^20202\d{3}$,2,5,14,10,0.200000,2,8,20202005,20202014,sparse,official_completed_subset
2002|youth_c|B08|20202|3,2002,youth_c,B08,numeric8,20202,3,^20202\d{3}$,1,8,8,1,1.000000,1,0,20202008,20202008,contiguous,official_completed_subset
2002|youth_c|B08|20206|3,2002,youth_c,B08,numeric8,20206,3,^20206\d{3}$,33,1,33,33,1.000000,1,0,20206001,20206033,contiguous,official_completed_subset
2003|general|B01|20371|3,2003,general,B01,numeric8,20371,3,^20371\d{3}$,36,2,52,51,0.705882,10,15,20371002,20371052,moderate,official_completed_subset
2003|general|B01|20372|3,2003,general,B01,numeric8,20372,3,^20372\d{3}$,46,1,83,83,0.554217,19,37,20372001,20372083,moderate,official_completed_subset
2003|general|B01|20374|3,2003,general,B01,numeric8,20374,3,^20374\d{3}$,20,1,59,59,0.338983,10,39,20374001,20374059,sparse,official_completed_subset
2003|general|B02|20371|3,2003,general,B02,numeric8,20371,3,^20371\d{3}$,1,37,37,1,1.000000,1,0,20371037,20371037,contiguous,official_completed_subset
2003|general|B02|20373|3,2003,general,B02,numeric8,20373,3,^20373\d{3}$,49,3,90,88,0.556818,19,39,20373003,20373090,moderate,official_completed_subset
2003|general|B02|20374|3,2003,general,B02,numeric8,20374,3,^20374\d{3}$,1,14,14,1,1.000000,1,0,20374014,20374014,contiguous,official_completed_subset
2003|general|B03|20371|3,2003,general,B03,numeric8,20371,3,^20371\d{3}$,8,5,53,49,0.163265,7,41,20371005,20371053,sparse,official_completed_subset
2003|general|B03|20372|3,2003,general,B03,numeric8,20372,3,^20372\d{3}$,5,11,80,70,0.071429,5,65,20372011,20372080,sparse,official_completed_subset
2003|general|B03|20373|3,2003,general,B03,numeric8,20373,3,^20373\d{3}$,39,1,89,89,0.438202,19,50,20373001,20373089,moderate,official_completed_subset
2003|general|B03|20374|3,2003,general,B03,numeric8,20374,3,^20374\d{3}$,13,3,56,54,0.240741,10,41,20374003,20374056,sparse,official_completed_subset
2003|general|B03|20375|3,2003,general,B03,numeric8,20375,3,^20375\d{3}$,1,12,12,1,1.000000,1,0,20375012,20375012,contiguous,official_completed_subset
2003|general|B04|20371|3,2003,general,B04,numeric8,20371,3,^20371\d{3}$,1,46,46,1,1.000000,1,0,20371046,20371046,contiguous,official_completed_subset
2003|general|B04|20374|3,2003,general,B04,numeric8,20374,3,^20374\d{3}$,1,50,50,1,1.000000,1,0,20374050,20374050,contiguous,official_completed_subset
2003|general|B04|20375|3,2003,general,B04,numeric8,20375,3,^20375\d{3}$,50,1,51,51,0.980392,2,1,20375001,20375051,dense,official_completed_subset
2003|general|B05|20371|3,2003,general,B05,numeric8,20371,3,^20371\d{3}$,1,45,45,1,1.000000,1,0,20371045,20371045,contiguous,official_completed_subset
2003|general|B05|20372|3,2003,general,B05,numeric8,20372,3,^20372\d{3}$,5,22,60,39,0.128205,3,34,20372022,20372060,sparse,official_completed_subset
2003|general|B05|20374|3,2003,general,B05,numeric8,20374,3,^20374\d{3}$,23,2,58,57,0.403509,13,34,20374002,20374058,moderate,official_completed_subset
2003|general|B06|20371|3,2003,general,B06,numeric8,20371,3,^20371\d{3}$,1,9,9,1,1.000000,1,0,20371009,20371009,contiguous,official_completed_subset
2003|general|B06|20377|3,2003,general,B06,numeric8,20377,3,^20377\d{3}$,54,1,54,54,1.000000,1,0,20377001,20377054,contiguous,official_completed_subset
2003|general|B07|20371|3,2003,general,B07,numeric8,20371,3,^20371\d{3}$,5,1,50,50,0.100000,5,45,20371001,20371050,sparse,official_completed_subset
2003|general|B07|20372|3,2003,general,B07,numeric8,20372,3,^20372\d{3}$,31,2,87,86,0.360465,18,55,20372002,20372087,sparse,official_completed_subset
2003|general|B07|20373|3,2003,general,B07,numeric8,20373,3,^20373\d{3}$,2,26,51,26,0.076923,2,24,20373026,20373051,sparse,official_completed_subset
2003|general|B08|20376|3,2003,general,B08,numeric8,20376,3,^20376\d{3}$,88,1,88,88,1.000000,1,0,20376001,20376088,contiguous,official_completed_subset
2003|general|B09|20374|3,2003,general,B09,numeric8,20374,3,^20374\d{3}$,1,54,54,1,1.000000,1,0,20374054,20374054,contiguous,official_completed_subset
2003|joint_fund|B01|20334|3,2003,joint_fund,B01,numeric8,20334,3,^20334\d{3}$,1,30,30,1,1.000000,1,0,20334030,20334030,contiguous,official_completed_subset
2003|joint_fund|B02|20333|3,2003,joint_fund,B02,numeric8,20333,3,^20333\d{3}$,1,60,60,1,1.000000,1,0,20333060,20333060,contiguous,official_completed_subset
2003|joint_fund|B06|20322|3,2003,joint_fund,B06,numeric8,20322,3,^20322\d{3}$,3,201,203,3,1.000000,1,0,20322201,20322203,contiguous,official_completed_subset
2003|key|B01|20331|3,2003,key,B01,numeric8,20331,3,^20331\d{3}$,1,10,10,1,1.000000,1,0,20331010,20331010,contiguous,official_completed_subset
2003|key|B01|20332|3,2003,key,B01,numeric8,20332,3,^20332\d{3}$,2,30,50,21,0.095238,2,19,20332030,20332050,sparse,official_completed_subset
2003|key|B01|20334|3,2003,key,B01,numeric8,20334,3,^20334\d{3}$,1,20,20,1,1.000000,1,0,20334020,20334020,contiguous,official_completed_subset
2003|key|B02|20333|3,2003,key,B02,numeric8,20333,3,^20333\d{3}$,2,30,40,11,0.181818,2,9,20333030,20333040,sparse,official_completed_subset
2003|key|B03|20331|3,2003,key,B03,numeric8,20331,3,^20331\d{3}$,1,30,30,1,1.000000,1,0,20331030,20331030,contiguous,official_completed_subset
2003|key|B03|20332|3,2003,key,B03,numeric8,20332,3,^20332\d{3}$,2,20,40,21,0.095238,2,19,20332020,20332040,sparse,official_completed_subset
2003|key|B03|20333|3,2003,key,B03,numeric8,20333,3,^20333\d{3}$,5,10,80,71,0.070423,5,66,20333010,20333080,sparse,official_completed_subset
2003|key|B04|20335|3,2003,key,B04,numeric8,20335,3,^20335\d{3}$,4,10,40,31,0.129032,4,27,20335010,20335040,sparse,official_completed_subset
2003|key|B05|20332|3,2003,key,B05,numeric8,20332,3,^20332\d{3}$,1,60,60,1,1.000000,1,0,20332060,20332060,contiguous,official_completed_subset
2003|key|B05|20334|3,2003,key,B05,numeric8,20334,3,^20334\d{3}$,1,10,10,1,1.000000,1,0,20334010,20334010,contiguous,official_completed_subset
2003|key|B06|20337|3,2003,key,B06,numeric8,20337,3,^20337\d{3}$,2,10,20,11,0.181818,2,9,20337010,20337020,sparse,official_completed_subset
2003|key|B07|20331|3,2003,key,B07,numeric8,20331,3,^20331\d{3}$,1,20,20,1,1.000000,1,0,20331020,20331020,contiguous,official_completed_subset
2003|key|B07|20332|3,2003,key,B07,numeric8,20332,3,^20332\d{3}$,1,10,10,1,1.000000,1,0,20332010,20332010,contiguous,official_completed_subset
2003|key|B08|20336|3,2003,key,B08,numeric8,20336,3,^20336\d{3}$,4,10,40,31,0.129032,4,27,20336010,20336040,sparse,official_completed_subset
2003|major_research_plan|B01|90301|3,2003,major_research_plan,B01,numeric8,90301,3,^90301\d{3}$,1,5,5,1,1.000000,1,0,90301005,90301005,contiguous,official_completed_subset
2003|major_research_plan|B01|90306|3,2003,major_research_plan,B01,numeric8,90306,3,^90306\d{3}$,3,9,12,4,0.750000,2,1,90306009,90306012,moderate,official_completed_subset
2003|major_research_plan|B02|90306|3,2003,major_research_plan,B02,numeric8,90306,3,^90306\d{3}$,3,2,11,10,0.300000,2,7,90306002,90306011,sparse,official_completed_subset
2003|major_research_plan|B03|90301|3,2003,major_research_plan,B03,numeric8,90301,3,^90301\d{3}$,2,1,10,10,0.200000,2,8,90301001,90301010,sparse,official_completed_subset
2003|major_research_plan|B03|90303|3,2003,major_research_plan,B03,numeric8,90303,3,^90303\d{3}$,3,19,21,3,1.000000,1,0,90303019,90303021,contiguous,official_completed_subset
2003|major_research_plan|B03|90306|3,2003,major_research_plan,B03,numeric8,90306,3,^90306\d{3}$,1,1,1,1,1.000000,1,0,90306001,90306001,contiguous,official_completed_subset
2003|major_research_plan|B08|90305|3,2003,major_research_plan,B08,numeric8,90305,3,^90305\d{3}$,1,11,11,1,1.000000,1,0,90305011,90305011,contiguous,official_completed_subset
2003|regional|B01|20361|3,2003,regional,B01,numeric8,20361,3,^20361\d{3}$,2,3,4,2,1.000000,1,0,20361003,20361004,contiguous,official_completed_subset
2003|regional|B01|20362|3,2003,regional,B01,numeric8,20362,3,^20362\d{3}$,2,3,10,8,0.250000,2,6,20362003,20362010,sparse,official_completed_subset
2003|regional|B01|20364|3,2003,regional,B01,numeric8,20364,3,^20364\d{3}$,1,1,1,1,1.000000,1,0,20364001,20364001,contiguous,official_completed_subset
2003|regional|B02|20363|3,2003,regional,B02,numeric8,20363,3,^20363\d{3}$,2,1,2,2,1.000000,1,0,20363001,20363002,contiguous,official_completed_subset
2003|regional|B03|20365|3,2003,regional,B03,numeric8,20365,3,^20365\d{3}$,1,2,2,1,1.000000,1,0,20365002,20365002,contiguous,official_completed_subset
2003|regional|B04|20365|3,2003,regional,B04,numeric8,20365,3,^20365\d{3}$,1,1,1,1,1.000000,1,0,20365001,20365001,contiguous,official_completed_subset
2003|regional|B05|20362|3,2003,regional,B05,numeric8,20362,3,^20362\d{3}$,1,7,7,1,1.000000,1,0,20362007,20362007,contiguous,official_completed_subset
2003|regional|B05|20364|3,2003,regional,B05,numeric8,20364,3,^20364\d{3}$,1,2,2,1,1.000000,1,0,20364002,20364002,contiguous,official_completed_subset
2003|regional|B06|20363|3,2003,regional,B06,numeric8,20363,3,^20363\d{3}$,1,3,3,1,1.000000,1,0,20363003,20363003,contiguous,official_completed_subset
2003|regional|B06|20366|3,2003,regional,B06,numeric8,20366,3,^20366\d{3}$,1,4,4,1,1.000000,1,0,20366004,20366004,contiguous,official_completed_subset
2003|regional|B06|20367|3,2003,regional,B06,numeric8,20367,3,^20367\d{3}$,2,1,2,2,1.000000,1,0,20367001,20367002,contiguous,official_completed_subset
2003|regional|B07|20361|3,2003,regional,B07,numeric8,20361,3,^20361\d{3}$,2,1,2,2,1.000000,1,0,20361001,20361002,contiguous,official_completed_subset
2003|regional|B07|20362|3,2003,regional,B07,numeric8,20362,3,^20362\d{3}$,5,1,9,9,0.555556,3,4,20362001,20362009,moderate,official_completed_subset
2003|regional|B08|20362|3,2003,regional,B08,numeric8,20362,3,^20362\d{3}$,2,4,8,5,0.400000,2,3,20362004,20362008,moderate,official_completed_subset
2003|regional|B08|20366|3,2003,regional,B08,numeric8,20366,3,^20366\d{3}$,4,1,5,5,0.800000,2,1,20366001,20366005,dense,official_completed_subset
2003|special|B01|20341|3,2003,special,B01,numeric8,20341,3,^20341\d{3}$,5,1,6,6,0.833333,2,1,20341001,20341006,dense,official_completed_subset
2003|special|B01|20342|3,2003,special,B01,numeric8,20342,3,^20342\d{3}$,4,2,7,6,0.666667,2,2,20342002,20342007,moderate,official_completed_subset
2003|special|B02|20341|3,2003,special,B02,numeric8,20341,3,^20341\d{3}$,1,3,3,1,1.000000,1,0,20341003,20341003,contiguous,official_completed_subset
2003|special|B02|20343|3,2003,special,B02,numeric8,20343,3,^20343\d{3}$,4,2,6,5,0.800000,2,1,20343002,20343006,dense,official_completed_subset
2003|special|B02|20344|3,2003,special,B02,numeric8,20344,3,^20344\d{3}$,1,2,2,1,1.000000,1,0,20344002,20344002,contiguous,official_completed_subset
2003|special|B03|20342|3,2003,special,B03,numeric8,20342,3,^20342\d{3}$,1,1,1,1,1.000000,1,0,20342001,20342001,contiguous,official_completed_subset
2003|special|B03|20343|3,2003,special,B03,numeric8,20343,3,^20343\d{3}$,3,1,7,7,0.428571,3,4,20343001,20343007,moderate,official_completed_subset
2003|special|B04|20327|3,2003,special,B04,numeric8,20327,3,^20327\d{3}$,2,1,2,2,1.000000,1,0,20327001,20327002,contiguous,official_completed_subset
2003|special|B04|20345|3,2003,special,B04,numeric8,20345,3,^20345\d{3}$,6,1,6,6,1.000000,1,0,20345001,20345006,contiguous,official_completed_subset
2003|special|B05|20344|3,2003,special,B05,numeric8,20344,3,^20344\d{3}$,3,1,4,4,0.750000,2,1,20344001,20344004,moderate,official_completed_subset
2003|special|B06|20347|3,2003,special,B06,numeric8,20347,3,^20347\d{3}$,4,1,4,4,1.000000,1,0,20347001,20347004,contiguous,official_completed_subset
2003|special|B07|20342|3,2003,special,B07,numeric8,20342,3,^20342\d{3}$,2,3,4,2,1.000000,1,0,20342003,20342004,contiguous,official_completed_subset
2003|special|B08|20327|3,2003,special,B08,numeric8,20327,3,^20327\d{3}$,1,3,3,1,1.000000,1,0,20327003,20327003,contiguous,official_completed_subset
2003|special|B08|20346|3,2003,special,B08,numeric8,20346,3,^20346\d{3}$,3,1,3,3,1.000000,1,0,20346001,20346003,contiguous,official_completed_subset
2003|youth_c|B01|20301|3,2003,youth_c,B01,numeric8,20301,3,^20301\d{3}$,9,3,14,12,0.750000,4,3,20301003,20301014,moderate,official_completed_subset
2003|youth_c|B01|20302|3,2003,youth_c,B01,numeric8,20302,3,^20302\d{3}$,9,1,14,14,0.642857,4,5,20302001,20302014,moderate,official_completed_subset
2003|youth_c|B01|20304|3,2003,youth_c,B01,numeric8,20304,3,^20304\d{3}$,7,1,19,19,0.368421,6,12,20304001,20304019,sparse,official_completed_subset
2003|youth_c|B02|20303|3,2003,youth_c,B02,numeric8,20303,3,^20303\d{3}$,13,4,26,23,0.565217,6,10,20303004,20303026,moderate,official_completed_subset
2003|youth_c|B02|20304|3,2003,youth_c,B02,numeric8,20304,3,^20304\d{3}$,1,4,4,1,1.000000,1,0,20304004,20304004,contiguous,official_completed_subset
2003|youth_c|B03|20301|3,2003,youth_c,B03,numeric8,20301,3,^20301\d{3}$,2,2,6,5,0.400000,2,3,20301002,20301006,moderate,official_completed_subset
2003|youth_c|B03|20303|3,2003,youth_c,B03,numeric8,20303,3,^20303\d{3}$,13,2,27,26,0.500000,7,13,20303002,20303027,moderate,official_completed_subset
2003|youth_c|B03|20304|3,2003,youth_c,B03,numeric8,20304,3,^20304\d{3}$,3,2,18,17,0.176471,3,14,20304002,20304018,sparse,official_completed_subset
2003|youth_c|B04|20301|3,2003,youth_c,B04,numeric8,20301,3,^20301\d{3}$,1,8,8,1,1.000000,1,0,20301008,20301008,contiguous,official_completed_subset
2003|youth_c|B04|20304|3,2003,youth_c,B04,numeric8,20304,3,^20304\d{3}$,1,15,15,1,1.000000,1,0,20304015,20304015,contiguous,official_completed_subset
2003|youth_c|B04|20305|3,2003,youth_c,B04,numeric8,20305,3,^20305\d{3}$,13,1,13,13,1.000000,1,0,20305001,20305013,contiguous,official_completed_subset
2003|youth_c|B05|20302|3,2003,youth_c,B05,numeric8,20302,3,^20302\d{3}$,1,11,11,1,1.000000,1,0,20302011,20302011,contiguous,official_completed_subset
2003|youth_c|B05|20304|3,2003,youth_c,B05,numeric8,20304,3,^20304\d{3}$,7,3,16,14,0.500000,5,7,20304003,20304016,moderate,official_completed_subset
2003|youth_c|B06|20301|3,2003,youth_c,B06,numeric8,20301,3,^20301\d{3}$,2,1,11,11,0.181818,2,9,20301001,20301011,sparse,official_completed_subset
2003|youth_c|B06|20306|3,2003,youth_c,B06,numeric8,20306,3,^20306\d{3}$,1,3,3,1,1.000000,1,0,20306003,20306003,contiguous,official_completed_subset
2003|youth_c|B06|20307|3,2003,youth_c,B06,numeric8,20307,3,^20307\d{3}$,12,1,12,12,1.000000,1,0,20307001,20307012,contiguous,official_completed_subset
2003|youth_c|B07|20301|3,2003,youth_c,B07,numeric8,20301,3,^20301\d{3}$,1,15,15,1,1.000000,1,0,20301015,20301015,contiguous,official_completed_subset
2003|youth_c|B07|20302|3,2003,youth_c,B07,numeric8,20302,3,^20302\d{3}$,5,4,15,12,0.416667,4,7,20302004,20302015,moderate,official_completed_subset
2003|youth_c|B08|20306|3,2003,youth_c,B08,numeric8,20306,3,^20306\d{3}$,31,1,32,32,0.968750,2,1,20306001,20306032,dense,official_completed_subset
2004|general|B01|20471|3,2004,general,B01,numeric8,20471,3,^20471\d{3}$,41,2,69,68,0.602941,16,27,20471002,20471069,moderate,official_completed_subset
2004|general|B01|20472|3,2004,general,B01,numeric8,20472,3,^20472\d{3}$,67,2,116,115,0.582609,22,48,20472002,20472116,moderate,official_completed_subset
2004|general|B01|20474|3,2004,general,B01,numeric8,20474,3,^20474\d{3}$,17,1,67,67,0.253731,11,50,20474001,20474067,sparse,official_completed_subset
2004|general|B02|20471|3,2004,general,B02,numeric8,20471,3,^20471\d{3}$,2,9,43,35,0.057143,2,33,20471009,20471043,sparse,official_completed_subset
2004|general|B02|20473|3,2004,general,B02,numeric8,20473,3,^20473\d{3}$,62,2,114,113,0.548673,21,51,20473002,20473114,moderate,official_completed_subset
2004|general|B02|20474|3,2004,general,B02,numeric8,20474,3,^20474\d{3}$,3,37,68,32,0.093750,3,29,20474037,20474068,sparse,official_completed_subset
2004|general|B02|20475|3,2004,general,B02,numeric8,20475,3,^20475\d{3}$,1,62,62,1,1.000000,1,0,20475062,20475062,contiguous,official_completed_subset
2004|general|B03|20471|3,2004,general,B03,numeric8,20471,3,^20471\d{3}$,11,10,68,59,0.186441,9,48,20471010,20471068,sparse,official_completed_subset
2004|general|B03|20472|3,2004,general,B03,numeric8,20472,3,^20472\d{3}$,7,11,109,99,0.070707,7,92,20472011,20472109,sparse,official_completed_subset
2004|general|B03|20473|3,2004,general,B03,numeric8,20473,3,^20473\d{3}$,51,1,112,112,0.455357,20,61,20473001,20473112,moderate,official_completed_subset
2004|general|B03|20474|3,2004,general,B03,numeric8,20474,3,^20474\d{3}$,21,11,73,63,0.333333,10,42,20474011,20474073,sparse,official_completed_subset
2004|general|B03|20475|3,2004,general,B03,numeric8,20475,3,^20475\d{3}$,4,44,68,25,0.160000,2,21,20475044,20475068,sparse,official_completed_subset
2004|general|B04|20471|3,2004,general,B04,numeric8,20471,3,^20471\d{3}$,1,51,51,1,1.000000,1,0,20471051,20471051,contiguous,official_completed_subset
2004|general|B04|20472|3,2004,general,B04,numeric8,20472,3,^20472\d{3}$,2,59,73,15,0.133333,2,13,20472059,20472073,sparse,official_completed_subset
2004|general|B04|20474|3,2004,general,B04,numeric8,20474,3,^20474\d{3}$,3,39,75,37,0.081081,2,34,20474039,20474075,sparse,official_completed_subset
2004|general|B04|20475|3,2004,general,B04,numeric8,20475,3,^20475\d{3}$,64,1,69,69,0.927536,4,5,20475001,20475069,dense,official_completed_subset
2004|general|B05|20471|3,2004,general,B05,numeric8,20471,3,^20471\d{3}$,1,52,52,1,1.000000,1,0,20471052,20471052,contiguous,official_completed_subset
2004|general|B05|20472|3,2004,general,B05,numeric8,20472,3,^20472\d{3}$,9,1,108,108,0.083333,8,99,20472001,20472108,sparse,official_completed_subset
2004|general|B05|20474|3,2004,general,B05,numeric8,20474,3,^20474\d{3}$,29,4,76,73,0.397260,11,44,20474004,20474076,sparse,official_completed_subset
2004|general|B06|20471|3,2004,general,B06,numeric8,20471,3,^20471\d{3}$,3,5,39,35,0.085714,3,32,20471005,20471039,sparse,official_completed_subset
2004|general|B06|20473|3,2004,general,B06,numeric8,20473,3,^20473\d{3}$,1,16,16,1,1.000000,1,0,20473016,20473016,contiguous,official_completed_subset
2004|general|B06|20476|3,2004,general,B06,numeric8,20476,3,^20476\d{3}$,3,2,60,59,0.050847,3,56,20476002,20476060,sparse,official_completed_subset
2004|general|B06|20477|3,2004,general,B06,numeric8,20477,3,^20477\d{3}$,59,1,59,59,1.000000,1,0,20477001,20477059,contiguous,official_completed_subset
2004|general|B07|20471|3,2004,general,B07,numeric8,20471,3,^20471\d{3}$,11,1,70,70,0.157143,8,59,20471001,20471070,sparse,official_completed_subset
2004|general|B07|20472|3,2004,general,B07,numeric8,20472,3,^20472\d{3}$,28,6,117,112,0.250000,14,84,20472006,20472117,sparse,official_completed_subset
2004|general|B08|20472|3,2004,general,B08,numeric8,20472,3,^20472\d{3}$,4,12,66,55,0.072727,4,51,20472012,20472066,sparse,official_completed_subset
2004|general|B08|20476|3,2004,general,B08,numeric8,20476,3,^20476\d{3}$,106,1,109,109,0.972477,4,3,20476001,20476109,dense,official_completed_subset
2004|general|B09|20474|3,2004,general,B09,numeric8,20474,3,^20474\d{3}$,3,10,52,43,0.069767,2,40,20474010,20474052,sparse,official_completed_subset
2004|joint_fund|B08|20422|3,2004,joint_fund,B08,numeric8,20422,3,^20422\d{3}$,1,201,201,1,1.000000,1,0,20422201,20422201,contiguous,official_completed_subset
2004|key|B01|20431|3,2004,key,B01,numeric8,20431,3,^20431\d{3}$,3,10,30,21,0.142857,3,18,20431010,20431030,sparse,official_completed_subset
2004|key|B01|20432|3,2004,key,B01,numeric8,20432,3,^20432\d{3}$,2,10,20,11,0.181818,2,9,20432010,20432020,sparse,official_completed_subset
2004|key|B01|20434|3,2004,key,B01,numeric8,20434,3,^20434\d{3}$,1,20,20,1,1.000000,1,0,20434020,20434020,contiguous,official_completed_subset
2004|key|B02|20433|3,2004,key,B02,numeric8,20433,3,^20433\d{3}$,3,30,60,31,0.096774,3,28,20433030,20433060,sparse,official_completed_subset
2004|key|B03|20433|3,2004,key,B03,numeric8,20433,3,^20433\d{3}$,5,10,80,71,0.070423,5,66,20433010,20433080,sparse,official_completed_subset
2004|key|B04|20435|3,2004,key,B04,numeric8,20435,3,^20435\d{3}$,3,10,30,21,0.142857,3,18,20435010,20435030,sparse,official_completed_subset
2004|key|B05|20434|3,2004,key,B05,numeric8,20434,3,^20434\d{3}$,2,10,30,21,0.095238,2,19,20434010,20434030,sparse,official_completed_subset
2004|key|B06|20437|3,2004,key,B06,numeric8,20437,3,^20437\d{3}$,2,10,20,11,0.181818,2,9,20437010,20437020,sparse,official_completed_subset
2004|key|B07|20432|3,2004,key,B07,numeric8,20432,3,^20432\d{3}$,1,30,30,1,1.000000,1,0,20432030,20432030,contiguous,official_completed_subset
2004|key|B08|20436|3,2004,key,B08,numeric8,20436,3,^20436\d{3}$,4,20,50,31,0.129032,4,27,20436020,20436050,sparse,official_completed_subset
2004|major_research_plan|B01|90401|3,2004,major_research_plan,B01,numeric8,90401,3,^90401\d{3}$,2,5,7,3,0.666667,2,1,90401005,90401007,moderate,official_completed_subset
2004|major_research_plan|B01|90406|3,2004,major_research_plan,B01,numeric8,90406,3,^90406\d{3}$,4,2,24,23,0.173913,3,19,90406002,90406024,sparse,official_completed_subset
2004|major_research_plan|B02|90406|3,2004,major_research_plan,B02,numeric8,90406,3,^90406\d{3}$,1,5,5,1,1.000000,1,0,90406005,90406005,contiguous,official_completed_subset
2004|major_research_plan|B02|90407|3,2004,major_research_plan,B02,numeric8,90407,3,^90407\d{3}$,1,19,19,1,1.000000,1,0,90407019,90407019,contiguous,official_completed_subset
2004|major_research_plan|B03|90401|3,2004,major_research_plan,B03,numeric8,90401,3,^90401\d{3}$,1,26,26,1,1.000000,1,0,90401026,90401026,contiguous,official_completed_subset
2004|major_research_plan|B03|90403|3,2004,major_research_plan,B03,numeric8,90403,3,^90403\d{3}$,2,13,26,14,0.142857,2,12,90403013,90403026,sparse,official_completed_subset
2004|major_research_plan|B03|90406|3,2004,major_research_plan,B03,numeric8,90406,3,^90406\d{3}$,3,1,19,19,0.157895,3,16,90406001,90406019,sparse,official_completed_subset
2004|major_research_plan|B04|90401|3,2004,major_research_plan,B04,numeric8,90401,3,^90401\d{3}$,1,19,19,1,1.000000,1,0,90401019,90401019,contiguous,official_completed_subset
2004|major_research_plan|B04|90403|3,2004,major_research_plan,B04,numeric8,90403,3,^90403\d{3}$,1,22,22,1,1.000000,1,0,90403022,90403022,contiguous,official_completed_subset
2004|major_research_plan|B04|90406|3,2004,major_research_plan,B04,numeric8,90406,3,^90406\d{3}$,2,6,16,11,0.181818,2,9,90406006,90406016,sparse,official_completed_subset
2004|major_research_plan|B04|90408|3,2004,major_research_plan,B04,numeric8,90408,3,^90408\d{3}$,3,14,23,10,0.300000,3,7,90408014,90408023,sparse,official_completed_subset
2004|major_research_plan|B05|90401|3,2004,major_research_plan,B05,numeric8,90401,3,^90401\d{3}$,1,21,21,1,1.000000,1,0,90401021,90401021,contiguous,official_completed_subset
2004|major_research_plan|B08|90410|3,2004,major_research_plan,B08,numeric8,90410,3,^90410\d{3}$,2,3,18,16,0.125000,2,14,90410003,90410018,sparse,official_completed_subset
2004|regional|B01|20461|3,2004,regional,B01,numeric8,20461,3,^20461\d{3}$,3,1,3,3,1.000000,1,0,20461001,20461003,contiguous,official_completed_subset
2004|regional|B01|20462|3,2004,regional,B01,numeric8,20462,3,^20462\d{3}$,3,1,3,3,1.000000,1,0,20462001,20462003,contiguous,official_completed_subset
2004|regional|B01|20464|3,2004,regional,B01,numeric8,20464,3,^20464\d{3}$,1,2,2,1,1.000000,1,0,20464002,20464002,contiguous,official_completed_subset
2004|regional|B02|20464|3,2004,regional,B02,numeric8,20464,3,^20464\d{3}$,1,1,1,1,1.000000,1,0,20464001,20464001,contiguous,official_completed_subset
2004|regional|B03|20462|3,2004,regional,B03,numeric8,20462,3,^20462\d{3}$,1,7,7,1,1.000000,1,0,20462007,20462007,contiguous,official_completed_subset
2004|regional|B03|20463|3,2004,regional,B03,numeric8,20463,3,^20463\d{3}$,3,1,3,3,1.000000,1,0,20463001,20463003,contiguous,official_completed_subset
2004|regional|B04|20465|3,2004,regional,B04,numeric8,20465,3,^20465\d{3}$,3,1,3,3,1.000000,1,0,20465001,20465003,contiguous,official_completed_subset
2004|regional|B06|20467|3,2004,regional,B06,numeric8,20467,3,^20467\d{3}$,2,1,2,2,1.000000,1,0,20467001,20467002,contiguous,official_completed_subset
2004|regional|B07|20462|3,2004,regional,B07,numeric8,20462,3,^20462\d{3}$,3,4,8,5,0.600000,3,2,20462004,20462008,moderate,official_completed_subset
2004|regional|B08|20462|3,2004,regional,B08,numeric8,20462,3,^20462\d{3}$,1,5,5,1,1.000000,1,0,20462005,20462005,contiguous,official_completed_subset
2004|regional|B08|20466|3,2004,regional,B08,numeric8,20466,3,^20466\d{3}$,4,1,4,4,1.000000,1,0,20466001,20466004,contiguous,official_completed_subset
2004|special|B01|20423|3,2004,special,B01,numeric8,20423,3,^20423\d{3}$,2,1,5,5,0.400000,2,3,20423001,20423005,moderate,official_completed_subset
2004|special|B01|20424|3,2004,special,B01,numeric8,20424,3,^20424\d{3}$,1,6,6,1,1.000000,1,0,20424006,20424006,contiguous,official_completed_subset
2004|special|B01|20441|3,2004,special,B01,numeric8,20441,3,^20441\d{3}$,6,1,6,6,1.000000,1,0,20441001,20441006,contiguous,official_completed_subset
2004|special|B01|20442|3,2004,special,B01,numeric8,20442,3,^20442\d{3}$,3,4,7,4,0.750000,2,1,20442004,20442007,moderate,official_completed_subset
2004|special|B01|20452|3,2004,special,B01,numeric8,20452,3,^20452\d{3}$,1,1,1,1,1.000000,1,0,20452001,20452001,contiguous,official_completed_subset
2004|special|B02|20443|3,2004,special,B02,numeric8,20443,3,^20443\d{3}$,7,4,11,8,0.875000,2,1,20443004,20443011,dense,official_completed_subset
2004|special|B03|20423|3,2004,special,B03,numeric8,20423,3,^20423\d{3}$,2,2,4,3,0.666667,2,1,20423002,20423004,moderate,official_completed_subset
2004|special|B03|20424|3,2004,special,B03,numeric8,20424,3,^20424\d{3}$,1,1,1,1,1.000000,1,0,20424001,20424001,contiguous,official_completed_subset
2004|special|B03|20427|3,2004,special,B03,numeric8,20427,3,^20427\d{3}$,1,1,1,1,1.000000,1,0,20427001,20427001,contiguous,official_completed_subset
2004|special|B03|20443|3,2004,special,B03,numeric8,20443,3,^20443\d{3}$,4,1,7,7,0.571429,2,3,20443001,20443007,moderate,official_completed_subset
2004|special|B03|20445|3,2004,special,B03,numeric8,20445,3,^20445\d{3}$,1,2,2,1,1.000000,1,0,20445002,20445002,contiguous,official_completed_subset
2004|special|B03|20452|3,2004,special,B03,numeric8,20452,3,^20452\d{3}$,1,2,2,1,1.000000,1,0,20452002,20452002,contiguous,official_completed_subset
2004|special|B04|20424|3,2004,special,B04,numeric8,20424,3,^20424\d{3}$,2,3,4,2,1.000000,1,0,20424003,20424004,contiguous,official_completed_subset
2004|special|B04|20427|3,2004,special,B04,numeric8,20427,3,^20427\d{3}$,2,2,3,2,1.000000,1,0,20427002,20427003,contiguous,official_completed_subset
2004|special|B04|20445|3,2004,special,B04,numeric8,20445,3,^20445\d{3}$,2,1,3,3,0.666667,2,1,20445001,20445003,moderate,official_completed_subset
2004|special|B05|20423|3,2004,special,B05,numeric8,20423,3,^20423\d{3}$,1,3,3,1,1.000000,1,0,20423003,20423003,contiguous,official_completed_subset
2004|special|B05|20442|3,2004,special,B05,numeric8,20442,3,^20442\d{3}$,1,2,2,1,1.000000,1,0,20442002,20442002,contiguous,official_completed_subset
2004|special|B05|20444|3,2004,special,B05,numeric8,20444,3,^20444\d{3}$,2,1,2,2,1.000000,1,0,20444001,20444002,contiguous,official_completed_subset
2004|special|B06|20447|3,2004,special,B06,numeric8,20447,3,^20447\d{3}$,3,1,3,3,1.000000,1,0,20447001,20447003,contiguous,official_completed_subset
2004|special|B07|20442|3,2004,special,B07,numeric8,20442,3,^20442\d{3}$,2,1,6,6,0.333333,2,4,20442001,20442006,sparse,official_completed_subset
2004|special|B08|20424|3,2004,special,B08,numeric8,20424,3,^20424\d{3}$,2,2,5,4,0.500000,2,2,20424002,20424005,moderate,official_completed_subset
2004|special|B08|20442|3,2004,special,B08,numeric8,20442,3,^20442\d{3}$,1,3,3,1,1.000000,1,0,20442003,20442003,contiguous,official_completed_subset
2004|special|B08|20446|3,2004,special,B08,numeric8,20446,3,^20446\d{3}$,4,1,4,4,1.000000,1,0,20446001,20446004,contiguous,official_completed_subset
2004|youth_c|B01|20401|3,2004,youth_c,B01,numeric8,20401,3,^20401\d{3}$,12,2,15,14,0.857143,3,2,20401002,20401015,dense,official_completed_subset
2004|youth_c|B01|20402|3,2004,youth_c,B01,numeric8,20402,3,^20402\d{3}$,16,2,22,21,0.761905,6,5,20402002,20402022,moderate,official_completed_subset
2004|youth_c|B01|20404|3,2004,youth_c,B01,numeric8,20404,3,^20404\d{3}$,4,3,17,15,0.266667,4,11,20404003,20404017,sparse,official_completed_subset
2004|youth_c|B02|20401|3,2004,youth_c,B02,numeric8,20401,3,^20401\d{3}$,1,1,1,1,1.000000,1,0,20401001,20401001,contiguous,official_completed_subset
2004|youth_c|B02|20403|3,2004,youth_c,B02,numeric8,20403,3,^20403\d{3}$,16,2,28,27,0.592593,9,11,20403002,20403028,moderate,official_completed_subset
2004|youth_c|B03|20401|3,2004,youth_c,B03,numeric8,20401,3,^20401\d{3}$,1,16,16,1,1.000000,1,0,20401016,20401016,contiguous,official_completed_subset
2004|youth_c|B03|20402|3,2004,youth_c,B03,numeric8,20402,3,^20402\d{3}$,1,8,8,1,1.000000,1,0,20402008,20402008,contiguous,official_completed_subset
2004|youth_c|B03|20403|3,2004,youth_c,B03,numeric8,20403,3,^20403\d{3}$,12,1,29,29,0.413793,9,17,20403001,20403029,moderate,official_completed_subset
2004|youth_c|B03|20404|3,2004,youth_c,B03,numeric8,20404,3,^20404\d{3}$,3,10,14,5,0.600000,2,2,20404010,20404014,moderate,official_completed_subset
2004|youth_c|B04|20404|3,2004,youth_c,B04,numeric8,20404,3,^20404\d{3}$,1,5,5,1,1.000000,1,0,20404005,20404005,contiguous,official_completed_subset
2004|youth_c|B04|20405|3,2004,youth_c,B04,numeric8,20405,3,^20405\d{3}$,17,1,17,17,1.000000,1,0,20405001,20405017,contiguous,official_completed_subset
2004|youth_c|B05|20402|3,2004,youth_c,B05,numeric8,20402,3,^20402\d{3}$,1,19,19,1,1.000000,1,0,20402019,20402019,contiguous,official_completed_subset
2004|youth_c|B05|20404|3,2004,youth_c,B05,numeric8,20404,3,^20404\d{3}$,8,1,16,16,0.500000,4,8,20404001,20404016,moderate,official_completed_subset
2004|youth_c|B06|20401|3,2004,youth_c,B06,numeric8,20401,3,^20401\d{3}$,1,4,4,1,1.000000,1,0,20401004,20401004,contiguous,official_completed_subset
2004|youth_c|B06|20407|3,2004,youth_c,B06,numeric8,20407,3,^20407\d{3}$,17,1,17,17,1.000000,1,0,20407001,20407017,contiguous,official_completed_subset
2004|youth_c|B07|20401|3,2004,youth_c,B07,numeric8,20401,3,^20401\d{3}$,1,7,7,1,1.000000,1,0,20401007,20401007,contiguous,official_completed_subset
2004|youth_c|B07|20402|3,2004,youth_c,B07,numeric8,20402,3,^20402\d{3}$,6,1,25,25,0.240000,4,19,20402001,20402025,sparse,official_completed_subset
2004|youth_c|B08|20406|3,2004,youth_c,B08,numeric8,20406,3,^20406\d{3}$,24,1,24,24,1.000000,1,0,20406001,20406024,contiguous,official_completed_subset
2005|general|B01|20571|3,2005,general,B01,numeric8,20571,3,^20571\d{3}$,56,1,88,88,0.636364,21,32,20571001,20571088,moderate,official_completed_subset
2005|general|B01|20572|3,2005,general,B01,numeric8,20572,3,^20572\d{3}$,79,1,131,131,0.603053,26,52,20572001,20572131,moderate,official_completed_subset
2005|general|B01|20574|3,2005,general,B01,numeric8,20574,3,^20574\d{3}$,26,3,88,86,0.302326,16,60,20574003,20574088,sparse,official_completed_subset
2005|general|B02|20573|3,2005,general,B02,numeric8,20573,3,^20573\d{3}$,72,4,136,133,0.541353,29,61,20573004,20573136,moderate,official_completed_subset
2005|general|B02|20574|3,2005,general,B02,numeric8,20574,3,^20574\d{3}$,3,29,59,31,0.096774,2,28,20574029,20574059,sparse,official_completed_subset
2005|general|B02|20575|3,2005,general,B02,numeric8,20575,3,^20575\d{3}$,1,61,61,1,1.000000,1,0,20575061,20575061,contiguous,official_completed_subset
2005|general|B03|20571|3,2005,general,B03,numeric8,20571,3,^20571\d{3}$,17,8,83,76,0.223684,13,59,20571008,20571083,sparse,official_completed_subset
2005|general|B03|20572|3,2005,general,B03,numeric8,20572,3,^20572\d{3}$,9,33,126,94,0.095745,8,85,20572033,20572126,sparse,official_completed_subset
2005|general|B03|20573|3,2005,general,B03,numeric8,20573,3,^20573\d{3}$,63,1,134,134,0.470149,29,71,20573001,20573134,moderate,official_completed_subset
2005|general|B03|20574|3,2005,general,B03,numeric8,20574,3,^20574\d{3}$,13,15,84,70,0.185714,8,57,20574015,20574084,sparse,official_completed_subset
2005|general|B03|20575|3,2005,general,B03,numeric8,20575,3,^20575\d{3}$,3,24,82,59,0.050847,3,56,20575024,20575082,sparse,official_completed_subset
2005|general|B04|20572|3,2005,general,B04,numeric8,20572,3,^20572\d{3}$,2,8,83,76,0.026316,2,74,20572008,20572083,sparse,official_completed_subset
2005|general|B04|20574|3,2005,general,B04,numeric8,20574,3,^20574\d{3}$,5,45,85,41,0.121951,5,36,20574045,20574085,sparse,official_completed_subset
2005|general|B04|20575|3,2005,general,B04,numeric8,20575,3,^20575\d{3}$,78,1,81,81,0.962963,4,3,20575001,20575081,dense,official_completed_subset
2005|general|B05|20572|3,2005,general,B05,numeric8,20572,3,^20572\d{3}$,10,14,102,89,0.112360,9,79,20572014,20572102,sparse,official_completed_subset
2005|general|B05|20574|3,2005,general,B05,numeric8,20574,3,^20574\d{3}$,39,1,89,89,0.438202,20,50,20574001,20574089,moderate,official_completed_subset
2005|general|B06|20571|3,2005,general,B06,numeric8,20571,3,^20571\d{3}$,3,53,85,33,0.090909,3,30,20571053,20571085,sparse,official_completed_subset
2005|general|B06|20576|3,2005,general,B06,numeric8,20576,3,^20576\d{3}$,3,3,53,51,0.058824,3,48,20576003,20576053,sparse,official_completed_subset
2005|general|B06|20577|3,2005,general,B06,numeric8,20577,3,^20577\d{3}$,72,1,72,72,1.000000,1,0,20577001,20577072,contiguous,official_completed_subset
2005|general|B07|20571|3,2005,general,B07,numeric8,20571,3,^20571\d{3}$,13,6,89,84,0.154762,11,71,20571006,20571089,sparse,official_completed_subset
2005|general|B07|20572|3,2005,general,B07,numeric8,20572,3,^20572\d{3}$,34,5,136,132,0.257576,20,98,20572005,20572136,sparse,official_completed_subset
2005|general|B08|20572|3,2005,general,B08,numeric8,20572,3,^20572\d{3}$,2,12,21,10,0.200000,2,8,20572012,20572021,sparse,official_completed_subset
2005|general|B08|20576|3,2005,general,B08,numeric8,20576,3,^20576\d{3}$,138,1,142,142,0.971831,5,4,20576001,20576142,dense,official_completed_subset
2005|general|B09|20574|3,2005,general,B09,numeric8,20574,3,^20574\d{3}$,3,17,61,45,0.066667,3,42,20574017,20574061,sparse,official_completed_subset
2005|key|B01|20531|3,2005,key,B01,numeric8,20531,3,^20531\d{3}$,7,10,70,61,0.114754,7,54,20531010,20531070,sparse,official_completed_subset
2005|key|B01|20532|3,2005,key,B01,numeric8,20532,3,^20532\d{3}$,3,10,50,41,0.073171,3,38,20532010,20532050,sparse,official_completed_subset
2005|key|B01|20534|3,2005,key,B01,numeric8,20534,3,^20534\d{3}$,1,10,10,1,1.000000,1,0,20534010,20534010,contiguous,official_completed_subset
2005|key|B03|20532|3,2005,key,B03,numeric8,20532,3,^20532\d{3}$,1,30,30,1,1.000000,1,0,20532030,20532030,contiguous,official_completed_subset
2005|key|B03|20533|3,2005,key,B03,numeric8,20533,3,^20533\d{3}$,8,10,80,71,0.112676,8,63,20533010,20533080,sparse,official_completed_subset
2005|key|B04|20535|3,2005,key,B04,numeric8,20535,3,^20535\d{3}$,2,10,20,11,0.181818,2,9,20535010,20535020,sparse,official_completed_subset
2005|key|B05|20534|3,2005,key,B05,numeric8,20534,3,^20534\d{3}$,3,20,40,21,0.142857,3,18,20534020,20534040,sparse,official_completed_subset
2005|key|B06|20537|3,2005,key,B06,numeric8,20537,3,^20537\d{3}$,2,10,20,11,0.181818,2,9,20537010,20537020,sparse,official_completed_subset
2005|key|B07|20532|3,2005,key,B07,numeric8,20532,3,^20532\d{3}$,1,20,20,1,1.000000,1,0,20532020,20532020,contiguous,official_completed_subset
2005|key|B08|20536|3,2005,key,B08,numeric8,20536,3,^20536\d{3}$,5,10,50,41,0.121951,5,36,20536010,20536050,sparse,official_completed_subset
2005|major_research_plan|B02|90510|3,2005,major_research_plan,B02,numeric8,90510,3,^90510\d{3}$,1,12,12,1,1.000000,1,0,90510012,90510012,contiguous,official_completed_subset
2005|major_research_plan|B08|90510|3,2005,major_research_plan,B08,numeric8,90510,3,^90510\d{3}$,2,8,13,6,0.333333,2,4,90510008,90510013,sparse,official_completed_subset
2005|regional|B01|20561|3,2005,regional,B01,numeric8,20561,3,^20561\d{3}$,4,1,4,4,1.000000,1,0,20561001,20561004,contiguous,official_completed_subset
2005|regional|B01|20562|3,2005,regional,B01,numeric8,20562,3,^20562\d{3}$,6,5,14,10,0.600000,4,4,20562005,20562014,moderate,official_completed_subset
2005|regional|B01|20564|3,2005,regional,B01,numeric8,20564,3,^20564\d{3}$,1,1,1,1,1.000000,1,0,20564001,20564001,contiguous,official_completed_subset
2005|regional|B02|20563|3,2005,regional,B02,numeric8,20563,3,^20563\d{3}$,3,1,4,4,0.750000,2,1,20563001,20563004,moderate,official_completed_subset
2005|regional|B03|20562|3,2005,regional,B03,numeric8,20562,3,^20562\d{3}$,1,11,11,1,1.000000,1,0,20562011,20562011,contiguous,official_completed_subset
2005|regional|B03|20563|3,2005,regional,B03,numeric8,20563,3,^20563\d{3}$,2,2,5,4,0.500000,2,2,20563002,20563005,moderate,official_completed_subset
2005|regional|B04|20565|3,2005,regional,B04,numeric8,20565,3,^20565\d{3}$,4,1,4,4,1.000000,1,0,20565001,20565004,contiguous,official_completed_subset
2005|regional|B05|20564|3,2005,regional,B05,numeric8,20564,3,^20564\d{3}$,1,2,2,1,1.000000,1,0,20564002,20564002,contiguous,official_completed_subset
2005|regional|B06|20566|3,2005,regional,B06,numeric8,20566,3,^20566\d{3}$,1,3,3,1,1.000000,1,0,20566003,20566003,contiguous,official_completed_subset
2005|regional|B06|20567|3,2005,regional,B06,numeric8,20567,3,^20567\d{3}$,4,1,4,4,1.000000,1,0,20567001,20567004,contiguous,official_completed_subset
2005|regional|B07|20562|3,2005,regional,B07,numeric8,20562,3,^20562\d{3}$,8,1,15,15,0.533333,4,7,20562001,20562015,moderate,official_completed_subset
2005|regional|B08|20566|3,2005,regional,B08,numeric8,20566,3,^20566\d{3}$,4,1,5,5,0.800000,2,1,20566001,20566005,dense,official_completed_subset
2005|special|B01|20541|3,2005,special,B01,numeric8,20541,3,^20541\d{3}$,1,3,3,1,1.000000,1,0,20541003,20541003,contiguous,official_completed_subset
2005|special|B01|20542|3,2005,special,B01,numeric8,20542,3,^20542\d{3}$,7,1,9,9,0.777778,3,2,20542001,20542009,moderate,official_completed_subset
2005|special|B01|20544|3,2005,special,B01,numeric8,20544,3,^20544\d{3}$,1,4,4,1,1.000000,1,0,20544004,20544004,contiguous,official_completed_subset
2005|special|B02|20543|3,2005,special,B02,numeric8,20543,3,^20543\d{3}$,6,1,7,7,0.857143,2,1,20543001,20543007,dense,official_completed_subset
2005|special|B03|20527|3,2005,special,B03,numeric8,20527,3,^20527\d{3}$,2,1,2,2,1.000000,1,0,20527001,20527002,contiguous,official_completed_subset
2005|special|B03|20541|3,2005,special,B03,numeric8,20541,3,^20541\d{3}$,2,1,2,2,1.000000,1,0,20541001,20541002,contiguous,official_completed_subset
2005|special|B03|20542|3,2005,special,B03,numeric8,20542,3,^20542\d{3}$,1,2,2,1,1.000000,1,0,20542002,20542002,contiguous,official_completed_subset
2005|special|B03|20544|3,2005,special,B03,numeric8,20544,3,^20544\d{3}$,1,3,3,1,1.000000,1,0,20544003,20544003,contiguous,official_completed_subset
2005|special|B04|20527|3,2005,special,B04,numeric8,20527,3,^20527\d{3}$,3,3,5,3,1.000000,1,0,20527003,20527005,contiguous,official_completed_subset
2005|special|B04|20545|3,2005,special,B04,numeric8,20545,3,^20545\d{3}$,2,1,2,2,1.000000,1,0,20545001,20545002,contiguous,official_completed_subset
2005|special|B05|20544|3,2005,special,B05,numeric8,20544,3,^20544\d{3}$,2,1,2,2,1.000000,1,0,20544001,20544002,contiguous,official_completed_subset
2005|special|B06|20547|3,2005,special,B06,numeric8,20547,3,^20547\d{3}$,1,1,1,1,1.000000,1,0,20547001,20547001,contiguous,official_completed_subset
2005|special|B07|20542|3,2005,special,B07,numeric8,20542,3,^20542\d{3}$,1,5,5,1,1.000000,1,0,20542005,20542005,contiguous,official_completed_subset
2005|special|B07|20543|3,2005,special,B07,numeric8,20543,3,^20543\d{3}$,1,2,2,1,1.000000,1,0,20543002,20543002,contiguous,official_completed_subset
2005|special|B08|20546|3,2005,special,B08,numeric8,20546,3,^20546\d{3}$,5,1,5,5,1.000000,1,0,20546001,20546005,contiguous,official_completed_subset
2005|youth_c|B01|20501|3,2005,youth_c,B01,numeric8,20501,3,^20501\d{3}$,14,1,18,18,0.777778,4,4,20501001,20501018,moderate,official_completed_subset
2005|youth_c|B01|20502|3,2005,youth_c,B01,numeric8,20502,3,^20502\d{3}$,18,1,33,33,0.545455,8,15,20502001,20502033,moderate,official_completed_subset
2005|youth_c|B01|20504|3,2005,youth_c,B01,numeric8,20504,3,^20504\d{3}$,7,6,26,21,0.333333,4,14,20504006,20504026,sparse,official_completed_subset
2005|youth_c|B02|20503|3,2005,youth_c,B02,numeric8,20503,3,^20503\d{3}$,22,3,40,38,0.578947,10,16,20503003,20503040,moderate,official_completed_subset
2005|youth_c|B03|20501|3,2005,youth_c,B03,numeric8,20501,3,^20501\d{3}$,3,7,23,17,0.176471,3,14,20501007,20501023,sparse,official_completed_subset
2005|youth_c|B03|20502|3,2005,youth_c,B03,numeric8,20502,3,^20502\d{3}$,3,5,22,18,0.166667,3,15,20502005,20502022,sparse,official_completed_subset
2005|youth_c|B03|20503|3,2005,youth_c,B03,numeric8,20503,3,^20503\d{3}$,18,1,41,41,0.439024,10,23,20503001,20503041,moderate,official_completed_subset
2005|youth_c|B03|20504|3,2005,youth_c,B03,numeric8,20504,3,^20504\d{3}$,5,4,19,16,0.312500,4,11,20504004,20504019,sparse,official_completed_subset
2005|youth_c|B03|20505|3,2005,youth_c,B03,numeric8,20505,3,^20505\d{3}$,1,15,15,1,1.000000,1,0,20505015,20505015,contiguous,official_completed_subset
2005|youth_c|B04|20504|3,2005,youth_c,B04,numeric8,20504,3,^20504\d{3}$,2,8,27,20,0.100000,2,18,20504008,20504027,sparse,official_completed_subset
2005|youth_c|B04|20505|3,2005,youth_c,B04,numeric8,20505,3,^20505\d{3}$,18,1,20,20,0.900000,3,2,20505001,20505020,dense,official_completed_subset
2005|youth_c|B05|20504|3,2005,youth_c,B05,numeric8,20504,3,^20504\d{3}$,13,1,25,25,0.520000,6,12,20504001,20504025,moderate,official_completed_subset
2005|youth_c|B06|20501|3,2005,youth_c,B06,numeric8,20501,3,^20501\d{3}$,4,4,22,19,0.210526,4,15,20501004,20501022,sparse,official_completed_subset
2005|youth_c|B06|20506|3,2005,youth_c,B06,numeric8,20506,3,^20506\d{3}$,1,14,14,1,1.000000,1,0,20506014,20506014,contiguous,official_completed_subset
2005|youth_c|B06|20507|3,2005,youth_c,B06,numeric8,20507,3,^20507\d{3}$,22,1,23,23,0.956522,2,1,20507001,20507023,dense,official_completed_subset
2005|youth_c|B07|20501|3,2005,youth_c,B07,numeric8,20501,3,^20501\d{3}$,2,8,20,13,0.153846,2,11,20501008,20501020,sparse,official_completed_subset
2005|youth_c|B07|20502|3,2005,youth_c,B07,numeric8,20502,3,^20502\d{3}$,15,2,36,35,0.428571,9,20,20502002,20502036,moderate,official_completed_subset
2005|youth_c|B08|20506|3,2005,youth_c,B08,numeric8,20506,3,^20506\d{3}$,27,1,29,29,0.931034,2,2,20506001,20506029,dense,official_completed_subset
2006|general|B01|20671|3,2006,general,B01,numeric8,20671,3,^20671\d{3}$,67,2,97,96,0.697917,21,29,20671002,20671097,moderate,official_completed_subset
2006|general|B01|20672|3,2006,general,B01,numeric8,20672,3,^20672\d{3}$,76,1,148,148,0.513514,30,72,20672001,20672148,moderate,official_completed_subset
2006|general|B01|20674|3,2006,general,B01,numeric8,20674,3,^20674\d{3}$,28,1,97,97,0.288660,17,69,20674001,20674097,sparse,official_completed_subset
2006|general|B02|20673|3,2006,general,B02,numeric8,20673,3,^20673\d{3}$,77,5,146,142,0.542254,26,65,20673005,20673146,moderate,official_completed_subset
2006|general|B02|20674|3,2006,general,B02,numeric8,20674,3,^20674\d{3}$,5,5,96,92,0.054348,5,87,20674005,20674096,sparse,official_completed_subset
2006|general|B03|20671|3,2006,general,B03,numeric8,20671,3,^20671\d{3}$,16,12,92,81,0.197531,12,65,20671012,20671092,sparse,official_completed_subset
2006|general|B03|20672|3,2006,general,B03,numeric8,20672,3,^20672\d{3}$,8,11,137,127,0.062992,6,119,20672011,20672137,sparse,official_completed_subset
2006|general|B03|20673|3,2006,general,B03,numeric8,20673,3,^20673\d{3}$,68,1,150,150,0.453333,26,82,20673001,20673150,moderate,official_completed_subset
2006|general|B03|20674|3,2006,general,B03,numeric8,20674,3,^20674\d{3}$,14,12,91,80,0.175000,9,66,20674012,20674091,sparse,official_completed_subset
2006|general|B03|20675|3,2006,general,B03,numeric8,20675,3,^20675\d{3}$,3,57,73,17,0.176471,3,14,20675057,20675073,sparse,official_completed_subset
2006|general|B04|20672|3,2006,general,B04,numeric8,20672,3,^20672\d{3}$,5,23,143,121,0.041322,5,116,20672023,20672143,sparse,official_completed_subset
2006|general|B04|20674|3,2006,general,B04,numeric8,20674,3,^20674\d{3}$,5,37,93,57,0.087719,4,52,20674037,20674093,sparse,official_completed_subset
2006|general|B04|20675|3,2006,general,B04,numeric8,20675,3,^20675\d{3}$,86,1,89,89,0.966292,4,3,20675001,20675089,dense,official_completed_subset
2006|general|B05|20672|3,2006,general,B05,numeric8,20672,3,^20672\d{3}$,10,2,134,133,0.075188,8,123,20672002,20672134,sparse,official_completed_subset
2006|general|B05|20674|3,2006,general,B05,numeric8,20674,3,^20674\d{3}$,43,4,98,95,0.452632,24,52,20674004,20674098,moderate,official_completed_subset
2006|general|B06|20671|3,2006,general,B06,numeric8,20671,3,^20671\d{3}$,4,13,81,69,0.057971,3,65,20671013,20671081,sparse,official_completed_subset
2006|general|B06|20673|3,2006,general,B06,numeric8,20673,3,^20673\d{3}$,1,18,18,1,1.000000,1,0,20673018,20673018,contiguous,official_completed_subset
2006|general|B06|20676|3,2006,general,B06,numeric8,20676,3,^20676\d{3}$,1,49,49,1,1.000000,1,0,20676049,20676049,contiguous,official_completed_subset
2006|general|B06|20677|3,2006,general,B06,numeric8,20677,3,^20677\d{3}$,80,1,80,80,1.000000,1,0,20677001,20677080,contiguous,official_completed_subset
2006|general|B07|20671|3,2006,general,B07,numeric8,20671,3,^20671\d{3}$,11,1,98,98,0.112245,11,87,20671001,20671098,sparse,official_completed_subset
2006|general|B07|20672|3,2006,general,B07,numeric8,20672,3,^20672\d{3}$,45,7,147,141,0.319149,28,96,20672007,20672147,sparse,official_completed_subset
2006|general|B07|20673|3,2006,general,B07,numeric8,20673,3,^20673\d{3}$,4,34,98,65,0.061538,4,61,20673034,20673098,sparse,official_completed_subset
2006|general|B08|20672|3,2006,general,B08,numeric8,20672,3,^20672\d{3}$,4,18,80,63,0.063492,4,59,20672018,20672080,sparse,official_completed_subset
2006|general|B08|20676|3,2006,general,B08,numeric8,20676,3,^20676\d{3}$,155,1,156,156,0.993590,2,1,20676001,20676156,dense,official_completed_subset
2006|general|B09|20674|3,2006,general,B09,numeric8,20674,3,^20674\d{3}$,3,15,88,74,0.040541,3,71,20674015,20674088,sparse,official_completed_subset
2006|joint_fund|B05|U0634|3,2006,joint_fund,B05,alpha_numeric,U0634,3,^U0634\d{3}$,1,3,3,1,1.000000,1,0,U0634003,U0634003,contiguous,official_completed_subset
2006|joint_fund|B08|U0633|3,2006,joint_fund,B08,alpha_numeric,U0633,3,^U0633\d{3}$,1,3,3,1,1.000000,1,0,U0633003,U0633003,contiguous,official_completed_subset
2006|key|B01|20631|3,2006,key,B01,numeric8,20631,3,^20631\d{3}$,4,10,50,41,0.097561,4,37,20631010,20631050,sparse,official_completed_subset
2006|key|B01|20632|3,2006,key,B01,numeric8,20632,3,^20632\d{3}$,6,10,60,51,0.117647,6,45,20632010,20632060,sparse,official_completed_subset
2006|key|B01|20634|3,2006,key,B01,numeric8,20634,3,^20634\d{3}$,3,10,40,31,0.096774,3,28,20634010,20634040,sparse,official_completed_subset
2006|key|B02|20633|3,2006,key,B02,numeric8,20633,3,^20633\d{3}$,5,10,90,81,0.061728,5,76,20633010,20633090,sparse,official_completed_subset
2006|key|B03|20631|3,2006,key,B03,numeric8,20631,3,^20631\d{3}$,1,40,40,1,1.000000,1,0,20631040,20631040,contiguous,official_completed_subset
2006|key|B03|20633|3,2006,key,B03,numeric8,20633,3,^20633\d{3}$,4,50,80,31,0.129032,4,27,20633050,20633080,sparse,official_completed_subset
2006|key|B03|20634|3,2006,key,B03,numeric8,20634,3,^20634\d{3}$,1,50,50,1,1.000000,1,0,20634050,20634050,contiguous,official_completed_subset
2006|key|B04|20635|3,2006,key,B04,numeric8,20635,3,^20635\d{3}$,6,1,40,40,0.150000,5,34,20635001,20635040,sparse,official_completed_subset
2006|key|B05|20634|3,2006,key,B05,numeric8,20634,3,^20634\d{3}$,1,30,30,1,1.000000,1,0,20634030,20634030,contiguous,official_completed_subset
2006|key|B06|20637|3,2006,key,B06,numeric8,20637,3,^20637\d{3}$,4,1,30,30,0.133333,4,26,20637001,20637030,sparse,official_completed_subset
2006|key|B07|20632|3,2006,key,B07,numeric8,20632,3,^20632\d{3}$,1,70,70,1,1.000000,1,0,20632070,20632070,contiguous,official_completed_subset
2006|key|B08|20636|3,2006,key,B08,numeric8,20636,3,^20636\d{3}$,6,10,60,51,0.117647,6,45,20636010,20636060,sparse,official_completed_subset
2006|major_research_plan|B01|90606|3,2006,major_research_plan,B01,numeric8,90606,3,^90606\d{3}$,4,5,29,25,0.160000,3,21,90606005,90606029,sparse,official_completed_subset
2006|major_research_plan|B02|90606|3,2006,major_research_plan,B02,numeric8,90606,3,^90606\d{3}$,1,15,15,1,1.000000,1,0,90606015,90606015,contiguous,official_completed_subset
2006|major_research_plan|B02|90610|3,2006,major_research_plan,B02,numeric8,90610,3,^90610\d{3}$,1,2,2,1,1.000000,1,0,90610002,90610002,contiguous,official_completed_subset
2006|major_research_plan|B03|90606|3,2006,major_research_plan,B03,numeric8,90606,3,^90606\d{3}$,3,4,30,27,0.111111,3,24,90606004,90606030,sparse,official_completed_subset
2006|major_research_plan|B03|90610|3,2006,major_research_plan,B03,numeric8,90610,3,^90610\d{3}$,1,1,1,1,1.000000,1,0,90610001,90610001,contiguous,official_completed_subset
2006|major_research_plan|B04|90606|3,2006,major_research_plan,B04,numeric8,90606,3,^90606\d{3}$,3,3,16,14,0.214286,3,11,90606003,90606016,sparse,official_completed_subset
2006|major_research_plan|B04|90607|3,2006,major_research_plan,B04,numeric8,90607,3,^90607\d{3}$,1,16,16,1,1.000000,1,0,90607016,90607016,contiguous,official_completed_subset
2006|major_research_plan|B05|90606|3,2006,major_research_plan,B05,numeric8,90606,3,^90606\d{3}$,2,13,31,19,0.105263,2,17,90606013,90606031,sparse,official_completed_subset
2006|major_research_plan|B06|90610|3,2006,major_research_plan,B06,numeric8,90610,3,^90610\d{3}$,1,7,7,1,1.000000,1,0,90610007,90610007,contiguous,official_completed_subset
2006|major_research_plan|B07|90606|3,2006,major_research_plan,B07,numeric8,90606,3,^90606\d{3}$,1,12,12,1,1.000000,1,0,90606012,90606012,contiguous,official_completed_subset
2006|major_research_plan|B08|90610|3,2006,major_research_plan,B08,numeric8,90610,3,^90610\d{3}$,4,3,6,4,1.000000,1,0,90610003,90610006,contiguous,official_completed_subset
2006|regional|B01|20661|3,2006,regional,B01,numeric8,20661,3,^20661\d{3}$,2,1,3,3,0.666667,2,1,20661001,20661003,moderate,official_completed_subset
2006|regional|B01|20662|3,2006,regional,B01,numeric8,20662,3,^20662\d{3}$,4,3,11,9,0.444444,2,5,20662003,20662011,moderate,official_completed_subset
2006|regional|B01|20664|3,2006,regional,B01,numeric8,20664,3,^20664\d{3}$,1,1,1,1,1.000000,1,0,20664001,20664001,contiguous,official_completed_subset
2006|regional|B02|20663|3,2006,regional,B02,numeric8,20663,3,^20663\d{3}$,7,1,7,7,1.000000,1,0,20663001,20663007,contiguous,official_completed_subset
2006|regional|B04|20665|3,2006,regional,B04,numeric8,20665,3,^20665\d{3}$,4,1,4,4,1.000000,1,0,20665001,20665004,contiguous,official_completed_subset
2006|regional|B05|20664|3,2006,regional,B05,numeric8,20664,3,^20664\d{3}$,1,2,2,1,1.000000,1,0,20664002,20664002,contiguous,official_completed_subset
2006|regional|B06|20667|3,2006,regional,B06,numeric8,20667,3,^20667\d{3}$,4,1,4,4,1.000000,1,0,20667001,20667004,contiguous,official_completed_subset
2006|regional|B07|20661|3,2006,regional,B07,numeric8,20661,3,^20661\d{3}$,1,2,2,1,1.000000,1,0,20661002,20661002,contiguous,official_completed_subset
2006|regional|B07|20662|3,2006,regional,B07,numeric8,20662,3,^20662\d{3}$,7,1,8,8,0.875000,2,1,20662001,20662008,dense,official_completed_subset
2006|regional|B08|20666|3,2006,regional,B08,numeric8,20666,3,^20666\d{3}$,6,1,6,6,1.000000,1,0,20666001,20666006,contiguous,official_completed_subset
2006|special|B01|B0624|3,2006,special,B01,alpha_numeric,B0624,3,^B0624\d{3}$,8,3,15,13,0.615385,3,5,B0624003,B0624015,moderate,official_completed_subset
2006|special|B01|20641|3,2006,special,B01,numeric8,20641,3,^20641\d{3}$,2,1,3,3,0.666667,2,1,20641001,20641003,moderate,official_completed_subset
2006|special|B01|20642|3,2006,special,B01,numeric8,20642,3,^20642\d{3}$,3,1,6,6,0.500000,2,3,20642001,20642006,moderate,official_completed_subset
2006|special|B01|20644|3,2006,special,B01,numeric8,20644,3,^20644\d{3}$,2,2,3,2,1.000000,1,0,20644002,20644003,contiguous,official_completed_subset
2006|special|B02|20643|3,2006,special,B02,numeric8,20643,3,^20643\d{3}$,5,2,8,7,0.714286,3,2,20643002,20643008,moderate,official_completed_subset
2006|special|B03|B0624|3,2006,special,B03,alpha_numeric,B0624,3,^B0624\d{3}$,2,7,16,10,0.200000,2,8,B0624007,B0624016,sparse,official_completed_subset
2006|special|B03|20627|3,2006,special,B03,numeric8,20627,3,^20627\d{3}$,2,1,2,2,1.000000,1,0,20627001,20627002,contiguous,official_completed_subset
2006|special|B03|20641|3,2006,special,B03,numeric8,20641,3,^20641\d{3}$,1,4,4,1,1.000000,1,0,20641004,20641004,contiguous,official_completed_subset
2006|special|B03|20642|3,2006,special,B03,numeric8,20642,3,^20642\d{3}$,3,2,4,3,1.000000,1,0,20642002,20642004,contiguous,official_completed_subset
2006|special|B03|20643|3,2006,special,B03,numeric8,20643,3,^20643\d{3}$,4,1,9,9,0.444444,4,5,20643001,20643009,moderate,official_completed_subset
2006|special|B04|B0624|3,2006,special,B04,alpha_numeric,B0624,3,^B0624\d{3}$,3,2,17,16,0.187500,3,13,B0624002,B0624017,sparse,official_completed_subset
2006|special|B04|20627|3,2006,special,B04,numeric8,20627,3,^20627\d{3}$,4,3,6,4,1.000000,1,0,20627003,20627006,contiguous,official_completed_subset
2006|special|B04|20645|3,2006,special,B04,numeric8,20645,3,^20645\d{3}$,4,1,4,4,1.000000,1,0,20645001,20645004,contiguous,official_completed_subset
2006|special|B05|B0624|3,2006,special,B05,alpha_numeric,B0624,3,^B0624\d{3}$,3,5,10,6,0.500000,3,3,B0624005,B0624010,moderate,official_completed_subset
2006|special|B05|20644|3,2006,special,B05,numeric8,20644,3,^20644\d{3}$,2,1,4,4,0.500000,2,2,20644001,20644004,moderate,official_completed_subset
2006|special|B06|20647|3,2006,special,B06,numeric8,20647,3,^20647\d{3}$,3,1,3,3,1.000000,1,0,20647001,20647003,contiguous,official_completed_subset
2006|special|B07|20641|3,2006,special,B07,numeric8,20641,3,^20641\d{3}$,1,2,2,1,1.000000,1,0,20641002,20641002,contiguous,official_completed_subset
2006|special|B08|20646|3,2006,special,B08,numeric8,20646,3,^20646\d{3}$,4,1,4,4,1.000000,1,0,20646001,20646004,contiguous,official_completed_subset
2006|youth_c|B01|20601|3,2006,youth_c,B01,numeric8,20601,3,^20601\d{3}$,14,1,25,25,0.560000,6,11,20601001,20601025,moderate,official_completed_subset
2006|youth_c|B01|20602|3,2006,youth_c,B01,numeric8,20602,3,^20602\d{3}$,25,1,44,44,0.568182,12,19,20602001,20602044,moderate,official_completed_subset
2006|youth_c|B01|20604|3,2006,youth_c,B01,numeric8,20604,3,^20604\d{3}$,8,1,34,34,0.235294,7,26,20604001,20604034,sparse,official_completed_subset
2006|youth_c|B02|20601|3,2006,youth_c,B02,numeric8,20601,3,^20601\d{3}$,1,5,5,1,1.000000,1,0,20601005,20601005,contiguous,official_completed_subset
2006|youth_c|B02|20603|3,2006,youth_c,B02,numeric8,20603,3,^20603\d{3}$,29,2,49,48,0.604167,12,19,20603002,20603049,moderate,official_completed_subset
2006|youth_c|B02|20604|3,2006,youth_c,B02,numeric8,20604,3,^20604\d{3}$,5,5,29,25,0.200000,5,20,20604005,20604029,sparse,official_completed_subset
2006|youth_c|B03|20601|3,2006,youth_c,B03,numeric8,20601,3,^20601\d{3}$,7,8,26,19,0.368421,6,12,20601008,20601026,sparse,official_completed_subset
2006|youth_c|B03|20602|3,2006,youth_c,B03,numeric8,20602,3,^20602\d{3}$,3,16,34,19,0.157895,3,16,20602016,20602034,sparse,official_completed_subset
2006|youth_c|B03|20603|3,2006,youth_c,B03,numeric8,20603,3,^20603\d{3}$,20,1,47,47,0.425532,12,27,20603001,20603047,moderate,official_completed_subset
2006|youth_c|B03|20604|3,2006,youth_c,B03,numeric8,20604,3,^20604\d{3}$,6,6,31,26,0.230769,4,20,20604006,20604031,sparse,official_completed_subset
2006|youth_c|B03|20605|3,2006,youth_c,B03,numeric8,20605,3,^20605\d{3}$,2,3,10,8,0.250000,2,6,20605003,20605010,sparse,official_completed_subset
2006|youth_c|B04|20602|3,2006,youth_c,B04,numeric8,20602,3,^20602\d{3}$,1,31,31,1,1.000000,1,0,20602031,20602031,contiguous,official_completed_subset
2006|youth_c|B04|20605|3,2006,youth_c,B04,numeric8,20605,3,^20605\d{3}$,26,1,28,28,0.928571,3,2,20605001,20605028,dense,official_completed_subset
2006|youth_c|B05|20602|3,2006,youth_c,B05,numeric8,20602,3,^20602\d{3}$,1,3,3,1,1.000000,1,0,20602003,20602003,contiguous,official_completed_subset
2006|youth_c|B05|20604|3,2006,youth_c,B05,numeric8,20604,3,^20604\d{3}$,14,2,33,32,0.437500,8,18,20604002,20604033,moderate,official_completed_subset
2006|youth_c|B06|20601|3,2006,youth_c,B06,numeric8,20601,3,^20601\d{3}$,1,28,28,1,1.000000,1,0,20601028,20601028,contiguous,official_completed_subset
2006|youth_c|B06|20606|3,2006,youth_c,B06,numeric8,20606,3,^20606\d{3}$,1,16,16,1,1.000000,1,0,20606016,20606016,contiguous,official_completed_subset
2006|youth_c|B06|20607|3,2006,youth_c,B06,numeric8,20607,3,^20607\d{3}$,31,1,31,31,1.000000,1,0,20607001,20607031,contiguous,official_completed_subset
2006|youth_c|B07|20601|3,2006,youth_c,B07,numeric8,20601,3,^20601\d{3}$,4,18,27,10,0.400000,3,6,20601018,20601027,moderate,official_completed_subset
2006|youth_c|B07|20602|3,2006,youth_c,B07,numeric8,20602,3,^20602\d{3}$,14,2,43,42,0.333333,10,28,20602002,20602043,sparse,official_completed_subset
2006|youth_c|B08|20606|3,2006,youth_c,B08,numeric8,20606,3,^20606\d{3}$,37,1,38,38,0.973684,2,1,20606001,20606038,dense,official_completed_subset
2006|youth_c|B09|20604|3,2006,youth_c,B09,numeric8,20604,3,^20604\d{3}$,1,25,25,1,1.000000,1,0,20604025,20604025,contiguous,official_completed_subset
2007|general|B01|20771|3,2007,general,B01,numeric8,20771,3,^20771\d{3}$,76,1,104,104,0.730769,24,28,20771001,20771104,moderate,official_completed_subset
2007|general|B01|20772|3,2007,general,B01,numeric8,20772,3,^20772\d{3}$,97,1,161,161,0.602484,30,64,20772001,20772161,moderate,official_completed_subset
2007|general|B01|20774|3,2007,general,B01,numeric8,20774,3,^20774\d{3}$,24,1,110,110,0.218182,13,86,20774001,20774110,sparse,official_completed_subset
2007|general|B02|20771|3,2007,general,B02,numeric8,20771,3,^20771\d{3}$,1,15,15,1,1.000000,1,0,20771015,20771015,contiguous,official_completed_subset
2007|general|B02|20773|3,2007,general,B02,numeric8,20773,3,^20773\d{3}$,93,4,166,163,0.570552,32,70,20773004,20773166,moderate,official_completed_subset
2007|general|B02|20774|3,2007,general,B02,numeric8,20774,3,^20774\d{3}$,7,29,108,80,0.087500,6,73,20774029,20774108,sparse,official_completed_subset
2007|general|B03|20771|3,2007,general,B03,numeric8,20771,3,^20771\d{3}$,17,17,102,86,0.197674,13,69,20771017,20771102,sparse,official_completed_subset
2007|general|B03|20772|3,2007,general,B03,numeric8,20772,3,^20772\d{3}$,9,7,85,79,0.113924,7,70,20772007,20772085,sparse,official_completed_subset
2007|general|B03|20773|3,2007,general,B03,numeric8,20773,3,^20773\d{3}$,74,1,168,168,0.440476,34,94,20773001,20773168,moderate,official_completed_subset
2007|general|B03|20774|3,2007,general,B03,numeric8,20774,3,^20774\d{3}$,24,6,106,101,0.237624,15,77,20774006,20774106,sparse,official_completed_subset
2007|general|B03|20775|3,2007,general,B03,numeric8,20775,3,^20775\d{3}$,5,25,91,67,0.074627,5,62,20775025,20775091,sparse,official_completed_subset
2007|general|B04|20772|3,2007,general,B04,numeric8,20772,3,^20772\d{3}$,1,109,109,1,1.000000,1,0,20772109,20772109,contiguous,official_completed_subset
2007|general|B04|20774|3,2007,general,B04,numeric8,20774,3,^20774\d{3}$,3,30,66,37,0.081081,3,34,20774030,20774066,sparse,official_completed_subset
2007|general|B04|20775|3,2007,general,B04,numeric8,20775,3,^20775\d{3}$,91,1,96,96,0.947917,6,5,20775001,20775096,dense,official_completed_subset
2007|general|B05|20772|3,2007,general,B05,numeric8,20772,3,^20772\d{3}$,12,16,152,137,0.087591,12,125,20772016,20772152,sparse,official_completed_subset
2007|general|B05|20774|3,2007,general,B05,numeric8,20774,3,^20774\d{3}$,47,2,107,106,0.443396,21,59,20774002,20774107,moderate,official_completed_subset
2007|general|B06|20771|3,2007,general,B06,numeric8,20771,3,^20771\d{3}$,3,11,74,64,0.046875,3,61,20771011,20771074,sparse,official_completed_subset
2007|general|B06|20776|3,2007,general,B06,numeric8,20776,3,^20776\d{3}$,2,12,27,16,0.125000,2,14,20776012,20776027,sparse,official_completed_subset
2007|general|B06|20777|3,2007,general,B06,numeric8,20777,3,^20777\d{3}$,95,1,95,95,1.000000,1,0,20777001,20777095,contiguous,official_completed_subset
2007|general|B07|20771|3,2007,general,B07,numeric8,20771,3,^20771\d{3}$,8,20,105,86,0.093023,8,78,20771020,20771105,sparse,official_completed_subset
2007|general|B07|20772|3,2007,general,B07,numeric8,20772,3,^20772\d{3}$,39,8,162,155,0.251613,17,116,20772008,20772162,sparse,official_completed_subset
2007|general|B07|20773|3,2007,general,B07,numeric8,20773,3,^20773\d{3}$,1,59,59,1,1.000000,1,0,20773059,20773059,contiguous,official_completed_subset
2007|general|B08|20772|3,2007,general,B08,numeric8,20772,3,^20772\d{3}$,3,49,90,42,0.071429,3,39,20772049,20772090,sparse,official_completed_subset
2007|general|B08|20776|3,2007,general,B08,numeric8,20776,3,^20776\d{3}$,163,1,165,165,0.987879,3,2,20776001,20776165,dense,official_completed_subset
2007|general|B09|20774|3,2007,general,B09,numeric8,20774,3,^20774\d{3}$,5,31,104,74,0.067568,5,69,20774031,20774104,sparse,official_completed_subset
2007|joint_fund|B02|20733|3,2007,joint_fund,B02,numeric8,20733,3,^20733\d{3}$,1,9,9,1,1.000000,1,0,20733009,20733009,contiguous,official_completed_subset
2007|joint_fund|B03|20733|3,2007,joint_fund,B03,numeric8,20733,3,^20733\d{3}$,1,10,10,1,1.000000,1,0,20733010,20733010,contiguous,official_completed_subset
2007|joint_fund|B03|20734|3,2007,joint_fund,B03,numeric8,20734,3,^20734\d{3}$,2,5,6,2,1.000000,1,0,20734005,20734006,contiguous,official_completed_subset
2007|joint_fund|B08|U0733|3,2007,joint_fund,B08,alpha_numeric,U0733,3,^U0733\d{3}$,1,1,1,1,1.000000,1,0,U0733001,U0733001,contiguous,official_completed_subset
2007|joint_fund|B08|20736|3,2007,joint_fund,B08,numeric8,20736,3,^20736\d{3}$,3,9,11,3,1.000000,1,0,20736009,20736011,contiguous,official_completed_subset
2007|key|B01|20731|3,2007,key,B01,numeric8,20731,3,^20731\d{3}$,5,2,6,5,1.000000,1,0,20731002,20731006,contiguous,official_completed_subset
2007|key|B01|20732|3,2007,key,B01,numeric8,20732,3,^20732\d{3}$,6,2,8,7,0.857143,2,1,20732002,20732008,dense,official_completed_subset
2007|key|B01|20734|3,2007,key,B01,numeric8,20734,3,^20734\d{3}$,2,2,4,3,0.666667,2,1,20734002,20734004,moderate,official_completed_subset
2007|key|B02|20733|3,2007,key,B02,numeric8,20733,3,^20733\d{3}$,1,4,4,1,1.000000,1,0,20733004,20733004,contiguous,official_completed_subset
2007|key|B03|20731|3,2007,key,B03,numeric8,20731,3,^20731\d{3}$,1,1,1,1,1.000000,1,0,20731001,20731001,contiguous,official_completed_subset
2007|key|B03|20733|3,2007,key,B03,numeric8,20733,3,^20733\d{3}$,7,1,8,8,0.875000,2,1,20733001,20733008,dense,official_completed_subset
2007|key|B03|20734|3,2007,key,B03,numeric8,20734,3,^20734\d{3}$,2,1,3,3,0.666667,2,1,20734001,20734003,moderate,official_completed_subset
2007|key|B04|20735|3,2007,key,B04,numeric8,20735,3,^20735\d{3}$,5,1,5,5,1.000000,1,0,20735001,20735005,contiguous,official_completed_subset
2007|key|B06|20737|3,2007,key,B06,numeric8,20737,3,^20737\d{3}$,3,1,3,3,1.000000,1,0,20737001,20737003,contiguous,official_completed_subset
2007|key|B07|20732|3,2007,key,B07,numeric8,20732,3,^20732\d{3}$,2,1,4,4,0.500000,2,2,20732001,20732004,moderate,official_completed_subset
2007|key|B08|20736|3,2007,key,B08,numeric8,20736,3,^20736\d{3}$,8,1,8,8,1.000000,1,0,20736001,20736008,contiguous,official_completed_subset
2007|major_research_plan|B01|90713|3,2007,major_research_plan,B01,numeric8,90713,3,^90713\d{3}$,2,0,12,13,0.153846,2,11,90713000,90713012,sparse,official_completed_subset
2007|major_research_plan|B04|90709|3,2007,major_research_plan,B04,numeric8,90709,3,^90709\d{3}$,2,14,21,8,0.250000,2,6,90709014,90709021,sparse,official_completed_subset
2007|major_research_plan|B04|90713|3,2007,major_research_plan,B04,numeric8,90713,3,^90713\d{3}$,12,13,24,12,1.000000,1,0,90713013,90713024,contiguous,official_completed_subset
2007|major_research_plan|B07|90713|3,2007,major_research_plan,B07,numeric8,90713,3,^90713\d{3}$,14,1,46,46,0.304348,2,32,90713001,90713046,sparse,official_completed_subset
2007|regional|B01|20761|3,2007,regional,B01,numeric8,20761,3,^20761\d{3}$,6,1,6,6,1.000000,1,0,20761001,20761006,contiguous,official_completed_subset
2007|regional|B01|20762|3,2007,regional,B01,numeric8,20762,3,^20762\d{3}$,5,1,15,15,0.333333,4,10,20762001,20762015,sparse,official_completed_subset
2007|regional|B01|20764|3,2007,regional,B01,numeric8,20764,3,^20764\d{3}$,1,1,1,1,1.000000,1,0,20764001,20764001,contiguous,official_completed_subset
2007|regional|B02|20763|3,2007,regional,B02,numeric8,20763,3,^20763\d{3}$,8,1,9,9,0.888889,2,1,20763001,20763009,dense,official_completed_subset
2007|regional|B03|20763|3,2007,regional,B03,numeric8,20763,3,^20763\d{3}$,1,7,7,1,1.000000,1,0,20763007,20763007,contiguous,official_completed_subset
2007|regional|B04|20765|3,2007,regional,B04,numeric8,20765,3,^20765\d{3}$,5,1,5,5,1.000000,1,0,20765001,20765005,contiguous,official_completed_subset
2007|regional|B05|20762|3,2007,regional,B05,numeric8,20762,3,^20762\d{3}$,1,9,9,1,1.000000,1,0,20762009,20762009,contiguous,official_completed_subset
2007|regional|B06|20767|3,2007,regional,B06,numeric8,20767,3,^20767\d{3}$,6,1,6,6,1.000000,1,0,20767001,20767006,contiguous,official_completed_subset
2007|regional|B07|20762|3,2007,regional,B07,numeric8,20762,3,^20762\d{3}$,10,3,17,15,0.666667,4,5,20762003,20762017,moderate,official_completed_subset
2007|regional|B08|20762|3,2007,regional,B08,numeric8,20762,3,^20762\d{3}$,1,2,2,1,1.000000,1,0,20762002,20762002,contiguous,official_completed_subset
2007|regional|B08|20766|3,2007,regional,B08,numeric8,20766,3,^20766\d{3}$,5,1,5,5,1.000000,1,0,20766001,20766005,contiguous,official_completed_subset
2007|special|B01|B0724|3,2007,special,B01,alpha_numeric,B0724,3,^B0724\d{3}$,3,10,13,4,0.750000,2,1,B0724010,B0724013,moderate,official_completed_subset
2007|special|B01|20741|3,2007,special,B01,numeric8,20741,3,^20741\d{3}$,6,2,8,7,0.857143,2,1,20741002,20741008,dense,official_completed_subset
2007|special|B01|20742|3,2007,special,B01,numeric8,20742,3,^20742\d{3}$,4,1,4,4,1.000000,1,0,20742001,20742004,contiguous,official_completed_subset
2007|special|B01|20744|3,2007,special,B01,numeric8,20744,3,^20744\d{3}$,2,3,4,2,1.000000,1,0,20744003,20744004,contiguous,official_completed_subset
2007|special|B02|20743|3,2007,special,B02,numeric8,20743,3,^20743\d{3}$,3,1,3,3,1.000000,1,0,20743001,20743003,contiguous,official_completed_subset
2007|special|B02|20753|3,2007,special,B02,numeric8,20753,3,^20753\d{3}$,1,1,1,1,1.000000,1,0,20753001,20753001,contiguous,official_completed_subset
2007|special|B03|B0724|3,2007,special,B03,alpha_numeric,B0724,3,^B0724\d{3}$,1,14,14,1,1.000000,1,0,B0724014,B0724014,contiguous,official_completed_subset
2007|special|B03|20727|3,2007,special,B03,numeric8,20727,3,^20727\d{3}$,1,1,1,1,1.000000,1,0,20727001,20727001,contiguous,official_completed_subset
2007|special|B03|20741|3,2007,special,B03,numeric8,20741,3,^20741\d{3}$,2,1,5,5,0.400000,2,3,20741001,20741005,moderate,official_completed_subset
2007|special|B03|20743|3,2007,special,B03,numeric8,20743,3,^20743\d{3}$,2,4,5,2,1.000000,1,0,20743004,20743005,contiguous,official_completed_subset
2007|special|B03|20745|3,2007,special,B03,numeric8,20745,3,^20745\d{3}$,1,5,5,1,1.000000,1,0,20745005,20745005,contiguous,official_completed_subset
2007|special|B03|20753|3,2007,special,B03,numeric8,20753,3,^20753\d{3}$,1,2,2,1,1.000000,1,0,20753002,20753002,contiguous,official_completed_subset
2007|special|B04|20727|3,2007,special,B04,numeric8,20727,3,^20727\d{3}$,5,2,6,5,1.000000,1,0,20727002,20727006,contiguous,official_completed_subset
2007|special|B04|20745|3,2007,special,B04,numeric8,20745,3,^20745\d{3}$,4,1,4,4,1.000000,1,0,20745001,20745004,contiguous,official_completed_subset
2007|special|B05|20744|3,2007,special,B05,numeric8,20744,3,^20744\d{3}$,4,1,6,6,0.666667,2,2,20744001,20744006,moderate,official_completed_subset
2007|special|B06|B0724|3,2007,special,B06,alpha_numeric,B0724,3,^B0724\d{3}$,1,12,12,1,1.000000,1,0,B0724012,B0724012,contiguous,official_completed_subset
2007|special|B06|20747|3,2007,special,B06,numeric8,20747,3,^20747\d{3}$,3,1,3,3,1.000000,1,0,20747001,20747003,contiguous,official_completed_subset
2007|special|B07|20742|3,2007,special,B07,numeric8,20742,3,^20742\d{3}$,1,5,5,1,1.000000,1,0,20742005,20742005,contiguous,official_completed_subset
2007|special|B07|20751|3,2007,special,B07,numeric8,20751,3,^20751\d{3}$,1,1,1,1,1.000000,1,0,20751001,20751001,contiguous,official_completed_subset
2007|special|B08|20746|3,2007,special,B08,numeric8,20746,3,^20746\d{3}$,3,1,3,3,1.000000,1,0,20746001,20746003,contiguous,official_completed_subset
2007|youth_c|B01|20701|3,2007,youth_c,B01,numeric8,20701,3,^20701\d{3}$,31,1,41,41,0.756098,9,10,20701001,20701041,moderate,official_completed_subset
2007|youth_c|B01|20702|3,2007,youth_c,B01,numeric8,20702,3,^20702\d{3}$,42,1,65,65,0.646154,17,23,20702001,20702065,moderate,official_completed_subset
2007|youth_c|B01|20704|3,2007,youth_c,B01,numeric8,20704,3,^20704\d{3}$,14,5,40,36,0.388889,8,22,20704005,20704040,sparse,official_completed_subset
2007|youth_c|B02|20703|3,2007,youth_c,B02,numeric8,20703,3,^20703\d{3}$,32,5,66,62,0.516129,18,30,20703005,20703066,moderate,official_completed_subset
2007|youth_c|B02|20704|3,2007,youth_c,B02,numeric8,20704,3,^20704\d{3}$,4,3,41,39,0.102564,3,35,20704003,20704041,sparse,official_completed_subset
2007|youth_c|B02|20705|3,2007,youth_c,B02,numeric8,20705,3,^20705\d{3}$,1,11,11,1,1.000000,1,0,20705011,20705011,contiguous,official_completed_subset
2007|youth_c|B03|20701|3,2007,youth_c,B03,numeric8,20701,3,^20701\d{3}$,6,13,36,24,0.250000,5,18,20701013,20701036,sparse,official_completed_subset
2007|youth_c|B03|20702|3,2007,youth_c,B03,numeric8,20702,3,^20702\d{3}$,5,5,60,56,0.089286,4,51,20702005,20702060,sparse,official_completed_subset
2007|youth_c|B03|20703|3,2007,youth_c,B03,numeric8,20703,3,^20703\d{3}$,35,1,67,67,0.522388,19,32,20703001,20703067,moderate,official_completed_subset
2007|youth_c|B03|20704|3,2007,youth_c,B03,numeric8,20704,3,^20704\d{3}$,7,1,44,44,0.159091,7,37,20704001,20704044,sparse,official_completed_subset
2007|youth_c|B03|20705|3,2007,youth_c,B03,numeric8,20705,3,^20705\d{3}$,4,22,32,11,0.363636,4,7,20705022,20705032,sparse,official_completed_subset
2007|youth_c|B04|20704|3,2007,youth_c,B04,numeric8,20704,3,^20704\d{3}$,1,33,33,1,1.000000,1,0,20704033,20704033,contiguous,official_completed_subset
2007|youth_c|B04|20705|3,2007,youth_c,B04,numeric8,20705,3,^20705\d{3}$,37,1,42,42,0.880952,6,5,20705001,20705042,dense,official_completed_subset
2007|youth_c|B05|20701|3,2007,youth_c,B05,numeric8,20701,3,^20701\d{3}$,1,20,20,1,1.000000,1,0,20701020,20701020,contiguous,official_completed_subset
2007|youth_c|B05|20702|3,2007,youth_c,B05,numeric8,20702,3,^20702\d{3}$,6,3,42,40,0.150000,5,34,20702003,20702042,sparse,official_completed_subset
2007|youth_c|B05|20704|3,2007,youth_c,B05,numeric8,20704,3,^20704\d{3}$,17,2,43,42,0.404762,8,25,20704002,20704043,moderate,official_completed_subset
2007|youth_c|B06|20701|3,2007,youth_c,B06,numeric8,20701,3,^20701\d{3}$,2,4,24,21,0.095238,2,19,20701004,20701024,sparse,official_completed_subset
2007|youth_c|B06|20707|3,2007,youth_c,B06,numeric8,20707,3,^20707\d{3}$,40,1,41,41,0.975610,2,1,20707001,20707041,dense,official_completed_subset
2007|youth_c|B07|20701|3,2007,youth_c,B07,numeric8,20701,3,^20701\d{3}$,1,28,28,1,1.000000,1,0,20701028,20701028,contiguous,official_completed_subset
2007|youth_c|B07|20702|3,2007,youth_c,B07,numeric8,20702,3,^20702\d{3}$,11,9,61,53,0.207547,9,42,20702009,20702061,sparse,official_completed_subset
2007|youth_c|B08|20702|3,2007,youth_c,B08,numeric8,20702,3,^20702\d{3}$,1,16,16,1,1.000000,1,0,20702016,20702016,contiguous,official_completed_subset
2007|youth_c|B08|20706|3,2007,youth_c,B08,numeric8,20706,3,^20706\d{3}$,60,1,60,60,1.000000,1,0,20706001,20706060,contiguous,official_completed_subset
2008|general|B01|20871|3,2008,general,B01,numeric8,20871,3,^20871\d{3}$,67,2,121,120,0.558333,29,53,20871002,20871121,moderate,official_completed_subset
2008|general|B01|20872|3,2008,general,B01,numeric8,20872,3,^20872\d{3}$,104,1,184,184,0.565217,34,80,20872001,20872184,moderate,official_completed_subset
2008|general|B01|20874|3,2008,general,B01,numeric8,20874,3,^20874\d{3}$,38,3,115,113,0.336283,23,75,20874003,20874115,sparse,official_completed_subset
2008|general|B02|20873|3,2008,general,B02,numeric8,20873,3,^20873\d{3}$,84,1,184,184,0.456522,36,100,20873001,20873184,moderate,official_completed_subset
2008|general|B02|20874|3,2008,general,B02,numeric8,20874,3,^20874\d{3}$,4,2,112,111,0.036036,4,107,20874002,20874112,sparse,official_completed_subset
2008|general|B02|20875|3,2008,general,B02,numeric8,20875,3,^20875\d{3}$,1,47,47,1,1.000000,1,0,20875047,20875047,contiguous,official_completed_subset
2008|general|B03|20871|3,2008,general,B03,numeric8,20871,3,^20871\d{3}$,7,12,96,85,0.082353,7,78,20871012,20871096,sparse,official_completed_subset
2008|general|B03|20872|3,2008,general,B03,numeric8,20872,3,^20872\d{3}$,5,47,168,122,0.040984,4,117,20872047,20872168,sparse,official_completed_subset
2008|general|B03|20873|3,2008,general,B03,numeric8,20873,3,^20873\d{3}$,79,5,183,179,0.441341,33,100,20873005,20873183,moderate,official_completed_subset
2008|general|B03|20874|3,2008,general,B03,numeric8,20874,3,^20874\d{3}$,20,11,108,98,0.204082,14,78,20874011,20874108,sparse,official_completed_subset
2008|general|B03|20875|3,2008,general,B03,numeric8,20875,3,^20875\d{3}$,5,22,106,85,0.058824,5,80,20875022,20875106,sparse,official_completed_subset
2008|general|B04|20871|3,2008,general,B04,numeric8,20871,3,^20871\d{3}$,1,14,14,1,1.000000,1,0,20871014,20871014,contiguous,official_completed_subset
2008|general|B04|20872|3,2008,general,B04,numeric8,20872,3,^20872\d{3}$,1,20,20,1,1.000000,1,0,20872020,20872020,contiguous,official_completed_subset
2008|general|B04|20874|3,2008,general,B04,numeric8,20874,3,^20874\d{3}$,9,5,111,107,0.084112,5,98,20874005,20874111,sparse,official_completed_subset
2008|general|B04|20875|3,2008,general,B04,numeric8,20875,3,^20875\d{3}$,100,1,105,105,0.952381,6,5,20875001,20875105,dense,official_completed_subset
2008|general|B05|20871|3,2008,general,B05,numeric8,20871,3,^20871\d{3}$,20,11,107,97,0.206186,14,77,20871011,20871107,sparse,official_completed_subset
2008|general|B05|20872|3,2008,general,B05,numeric8,20872,3,^20872\d{3}$,8,30,171,142,0.056338,8,134,20872030,20872171,sparse,official_completed_subset
2008|general|B05|20874|3,2008,general,B05,numeric8,20874,3,^20874\d{3}$,45,1,117,117,0.384615,25,72,20874001,20874117,sparse,official_completed_subset
2008|general|B06|20871|3,2008,general,B06,numeric8,20871,3,^20871\d{3}$,5,9,103,95,0.052632,5,90,20871009,20871103,sparse,official_completed_subset
2008|general|B06|20876|3,2008,general,B06,numeric8,20876,3,^20876\d{3}$,2,2,10,9,0.222222,2,7,20876002,20876010,sparse,official_completed_subset
2008|general|B06|20877|3,2008,general,B06,numeric8,20877,3,^20877\d{3}$,105,1,105,105,1.000000,1,0,20877001,20877105,contiguous,official_completed_subset
2008|general|B07|20871|3,2008,general,B07,numeric8,20871,3,^20871\d{3}$,22,1,122,122,0.180328,19,100,20871001,20871122,sparse,official_completed_subset
2008|general|B07|20872|3,2008,general,B07,numeric8,20872,3,^20872\d{3}$,61,6,183,178,0.342697,36,117,20872006,20872183,sparse,official_completed_subset
2008|general|B07|20873|3,2008,general,B07,numeric8,20873,3,^20873\d{3}$,7,3,176,174,0.040230,7,167,20873003,20873176,sparse,official_completed_subset
2008|general|B08|20872|3,2008,general,B08,numeric8,20872,3,^20872\d{3}$,5,12,69,58,0.086207,4,53,20872012,20872069,sparse,official_completed_subset
2008|general|B08|20873|3,2008,general,B08,numeric8,20873,3,^20873\d{3}$,1,163,163,1,1.000000,1,0,20873163,20873163,contiguous,official_completed_subset
2008|general|B08|20876|3,2008,general,B08,numeric8,20876,3,^20876\d{3}$,181,1,183,183,0.989071,3,2,20876001,20876183,dense,official_completed_subset
2008|general|B09|20873|3,2008,general,B09,numeric8,20873,3,^20873\d{3}$,13,16,120,105,0.123810,10,92,20873016,20873120,sparse,official_completed_subset
2008|general|B09|20874|3,2008,general,B09,numeric8,20874,3,^20874\d{3}$,1,91,91,1,1.000000,1,0,20874091,20874091,contiguous,official_completed_subset
2008|joint_fund|B08|50876|3,2008,joint_fund,B08,numeric8,50876,3,^50876\d{3}$,1,121,121,1,1.000000,1,0,50876121,50876121,contiguous,official_completed_subset
2008|key|B01|20831|3,2008,key,B01,numeric8,20831,3,^20831\d{3}$,3,1,5,5,0.600000,2,2,20831001,20831005,moderate,official_completed_subset
2008|key|B01|20832|3,2008,key,B01,numeric8,20832,3,^20832\d{3}$,8,1,9,9,0.888889,2,1,20832001,20832009,dense,official_completed_subset
2008|key|B01|20834|3,2008,key,B01,numeric8,20834,3,^20834\d{3}$,3,2,6,5,0.600000,3,2,20834002,20834006,moderate,official_completed_subset
2008|key|B02|20833|3,2008,key,B02,numeric8,20833,3,^20833\d{3}$,4,5,11,7,0.571429,2,3,20833005,20833011,moderate,official_completed_subset
2008|key|B03|20831|3,2008,key,B03,numeric8,20831,3,^20831\d{3}$,1,4,4,1,1.000000,1,0,20831004,20831004,contiguous,official_completed_subset
2008|key|B03|20832|3,2008,key,B03,numeric8,20832,3,^20832\d{3}$,1,4,4,1,1.000000,1,0,20832004,20832004,contiguous,official_completed_subset
2008|key|B03|20833|3,2008,key,B03,numeric8,20833,3,^20833\d{3}$,7,1,9,9,0.777778,2,2,20833001,20833009,moderate,official_completed_subset
2008|key|B03|20835|3,2008,key,B03,numeric8,20835,3,^20835\d{3}$,1,2,2,1,1.000000,1,0,20835002,20835002,contiguous,official_completed_subset
2008|key|B04|20835|3,2008,key,B04,numeric8,20835,3,^20835\d{3}$,5,1,6,6,0.833333,2,1,20835001,20835006,dense,official_completed_subset
2008|key|B05|20834|3,2008,key,B05,numeric8,20834,3,^20834\d{3}$,3,1,5,5,0.600000,3,2,20834001,20834005,moderate,official_completed_subset
2008|key|B06|20837|3,2008,key,B06,numeric8,20837,3,^20837\d{3}$,4,1,4,4,1.000000,1,0,20837001,20837004,contiguous,official_completed_subset
2008|key|B07|20831|3,2008,key,B07,numeric8,20831,3,^20831\d{3}$,2,3,6,4,0.500000,2,2,20831003,20831006,moderate,official_completed_subset
2008|key|B08|20836|3,2008,key,B08,numeric8,20836,3,^20836\d{3}$,9,1,9,9,1.000000,1,0,20836001,20836009,contiguous,official_completed_subset
2008|major_research_plan|B01|90813|3,2008,major_research_plan,B01,numeric8,90813,3,^90813\d{3}$,1,3,3,1,1.000000,1,0,90813003,90813003,contiguous,official_completed_subset
2008|major_research_plan|B04|90813|3,2008,major_research_plan,B04,numeric8,90813,3,^90813\d{3}$,8,14,32,19,0.421053,2,11,90813014,90813032,moderate,official_completed_subset
2008|major_research_plan|B07|90813|3,2008,major_research_plan,B07,numeric8,90813,3,^90813\d{3}$,13,1,31,31,0.419355,3,18,90813001,90813031,moderate,official_completed_subset
2008|regional|B01|20861|3,2008,regional,B01,numeric8,20861,3,^20861\d{3}$,4,1,8,8,0.500000,3,4,20861001,20861008,moderate,official_completed_subset
2008|regional|B01|20862|3,2008,regional,B01,numeric8,20862,3,^20862\d{3}$,10,1,20,20,0.500000,5,10,20862001,20862020,moderate,official_completed_subset
2008|regional|B01|20864|3,2008,regional,B01,numeric8,20864,3,^20864\d{3}$,2,2,3,2,1.000000,1,0,20864002,20864003,contiguous,official_completed_subset
2008|regional|B02|20863|3,2008,regional,B02,numeric8,20863,3,^20863\d{3}$,5,2,9,8,0.625000,3,3,20863002,20863009,moderate,official_completed_subset
2008|regional|B03|20863|3,2008,regional,B03,numeric8,20863,3,^20863\d{3}$,3,1,5,5,0.600000,2,2,20863001,20863005,moderate,official_completed_subset
2008|regional|B04|20865|3,2008,regional,B04,numeric8,20865,3,^20865\d{3}$,6,1,6,6,1.000000,1,0,20865001,20865006,contiguous,official_completed_subset
2008|regional|B05|20861|3,2008,regional,B05,numeric8,20861,3,^20861\d{3}$,2,3,6,4,0.500000,2,2,20861003,20861006,moderate,official_completed_subset
2008|regional|B05|20864|3,2008,regional,B05,numeric8,20864,3,^20864\d{3}$,1,1,1,1,1.000000,1,0,20864001,20864001,contiguous,official_completed_subset
2008|regional|B06|20867|3,2008,regional,B06,numeric8,20867,3,^20867\d{3}$,5,1,5,5,1.000000,1,0,20867001,20867005,contiguous,official_completed_subset
2008|regional|B07|20861|3,2008,regional,B07,numeric8,20861,3,^20861\d{3}$,2,2,4,3,0.666667,2,1,20861002,20861004,moderate,official_completed_subset
2008|regional|B07|20862|3,2008,regional,B07,numeric8,20862,3,^20862\d{3}$,9,2,18,17,0.529412,4,8,20862002,20862018,moderate,official_completed_subset
2008|regional|B08|20862|3,2008,regional,B08,numeric8,20862,3,^20862\d{3}$,1,14,14,1,1.000000,1,0,20862014,20862014,contiguous,official_completed_subset
2008|regional|B08|20863|3,2008,regional,B08,numeric8,20863,3,^20863\d{3}$,1,8,8,1,1.000000,1,0,20863008,20863008,contiguous,official_completed_subset
2008|regional|B08|20866|3,2008,regional,B08,numeric8,20866,3,^20866\d{3}$,9,1,9,9,1.000000,1,0,20866001,20866009,contiguous,official_completed_subset
2008|special|B01|20824|3,2008,special,B01,numeric8,20824,3,^20824\d{3}$,3,1,3,3,1.000000,1,0,20824001,20824003,contiguous,official_completed_subset
2008|special|B01|20841|3,2008,special,B01,numeric8,20841,3,^20841\d{3}$,4,1,402,402,0.009950,2,398,20841001,20841402,sparse,official_completed_subset
2008|special|B01|20842|3,2008,special,B01,numeric8,20842,3,^20842\d{3}$,6,2,403,402,0.014925,4,396,20842002,20842403,sparse,official_completed_subset
2008|special|B01|20844|3,2008,special,B01,numeric8,20844,3,^20844\d{3}$,2,1,4,4,0.500000,2,2,20844001,20844004,moderate,official_completed_subset
2008|special|B01|20851|3,2008,special,B01,numeric8,20851,3,^20851\d{3}$,1,2,2,1,1.000000,1,0,20851002,20851002,contiguous,official_completed_subset
2008|special|B01|20852|3,2008,special,B01,numeric8,20852,3,^20852\d{3}$,2,3,4,2,1.000000,1,0,20852003,20852004,contiguous,official_completed_subset
2008|special|B02|20827|3,2008,special,B02,numeric8,20827,3,^20827\d{3}$,2,1,2,2,1.000000,1,0,20827001,20827002,contiguous,official_completed_subset
2008|special|B02|20843|3,2008,special,B02,numeric8,20843,3,^20843\d{3}$,4,1,6,6,0.666667,3,2,20843001,20843006,moderate,official_completed_subset
2008|special|B02|20853|3,2008,special,B02,numeric8,20853,3,^20853\d{3}$,1,2,2,1,1.000000,1,0,20853002,20853002,contiguous,official_completed_subset
2008|special|B03|20824|3,2008,special,B03,numeric8,20824,3,^20824\d{3}$,1,4,4,1,1.000000,1,0,20824004,20824004,contiguous,official_completed_subset
2008|special|B03|20843|3,2008,special,B03,numeric8,20843,3,^20843\d{3}$,3,2,401,400,0.007500,3,397,20843002,20843401,sparse,official_completed_subset
2008|special|B03|20844|3,2008,special,B03,numeric8,20844,3,^20844\d{3}$,4,2,401,400,0.010000,3,396,20844002,20844401,sparse,official_completed_subset
2008|special|B03|20851|3,2008,special,B03,numeric8,20851,3,^20851\d{3}$,1,1,1,1,1.000000,1,0,20851001,20851001,contiguous,official_completed_subset
2008|special|B03|20853|3,2008,special,B03,numeric8,20853,3,^20853\d{3}$,1,1,1,1,1.000000,1,0,20853001,20853001,contiguous,official_completed_subset
2008|special|B04|20824|3,2008,special,B04,numeric8,20824,3,^20824\d{3}$,1,5,5,1,1.000000,1,0,20824005,20824005,contiguous,official_completed_subset
2008|special|B04|20827|3,2008,special,B04,numeric8,20827,3,^20827\d{3}$,4,4,7,4,1.000000,1,0,20827004,20827007,contiguous,official_completed_subset
2008|special|B04|20845|3,2008,special,B04,numeric8,20845,3,^20845\d{3}$,8,1,402,402,0.019900,2,394,20845001,20845402,sparse,official_completed_subset
2008|special|B05|20842|3,2008,special,B05,numeric8,20842,3,^20842\d{3}$,1,6,6,1,1.000000,1,0,20842006,20842006,contiguous,official_completed_subset
2008|special|B05|20844|3,2008,special,B05,numeric8,20844,3,^20844\d{3}$,4,5,403,399,0.010025,3,395,20844005,20844403,sparse,official_completed_subset
2008|special|B05|20854|3,2008,special,B05,numeric8,20854,3,^20854\d{3}$,1,1,1,1,1.000000,1,0,20854001,20854001,contiguous,official_completed_subset
2008|special|B06|20847|3,2008,special,B06,numeric8,20847,3,^20847\d{3}$,3,1,3,3,1.000000,1,0,20847001,20847003,contiguous,official_completed_subset
2008|special|B07|20841|3,2008,special,B07,numeric8,20841,3,^20841\d{3}$,1,401,401,1,1.000000,1,0,20841401,20841401,contiguous,official_completed_subset
2008|special|B07|20842|3,2008,special,B07,numeric8,20842,3,^20842\d{3}$,3,1,401,401,0.007481,3,398,20842001,20842401,sparse,official_completed_subset
2008|special|B07|20843|3,2008,special,B07,numeric8,20843,3,^20843\d{3}$,1,7,7,1,1.000000,1,0,20843007,20843007,contiguous,official_completed_subset
2008|special|B07|20852|3,2008,special,B07,numeric8,20852,3,^20852\d{3}$,2,1,2,2,1.000000,1,0,20852001,20852002,contiguous,official_completed_subset
2008|special|B08|20846|3,2008,special,B08,numeric8,20846,3,^20846\d{3}$,5,1,402,402,0.012438,2,397,20846001,20846402,sparse,official_completed_subset
2008|special|B09|20827|3,2008,special,B09,numeric8,20827,3,^20827\d{3}$,1,3,3,1,1.000000,1,0,20827003,20827003,contiguous,official_completed_subset
2008|youth_c|B01|20801|3,2008,youth_c,B01,numeric8,20801,3,^20801\d{3}$,40,1,62,62,0.645161,14,22,20801001,20801062,moderate,official_completed_subset
2008|youth_c|B01|20802|3,2008,youth_c,B01,numeric8,20802,3,^20802\d{3}$,48,1,95,95,0.505263,22,47,20802001,20802095,moderate,official_completed_subset
2008|youth_c|B01|20804|3,2008,youth_c,B01,numeric8,20804,3,^20804\d{3}$,17,6,60,55,0.309091,13,38,20804006,20804060,sparse,official_completed_subset
2008|youth_c|B02|20803|3,2008,youth_c,B02,numeric8,20803,3,^20803\d{3}$,54,3,97,95,0.568421,19,41,20803003,20803097,moderate,official_completed_subset
2008|youth_c|B02|20804|3,2008,youth_c,B02,numeric8,20804,3,^20804\d{3}$,1,50,50,1,1.000000,1,0,20804050,20804050,contiguous,official_completed_subset
2008|youth_c|B03|20801|3,2008,youth_c,B03,numeric8,20801,3,^20801\d{3}$,1,17,17,1,1.000000,1,0,20801017,20801017,contiguous,official_completed_subset
2008|youth_c|B03|20802|3,2008,youth_c,B03,numeric8,20802,3,^20802\d{3}$,3,11,93,83,0.036145,3,80,20802011,20802093,sparse,official_completed_subset
2008|youth_c|B03|20803|3,2008,youth_c,B03,numeric8,20803,3,^20803\d{3}$,31,2,92,91,0.340659,17,60,20803002,20803092,sparse,official_completed_subset
2008|youth_c|B03|20804|3,2008,youth_c,B03,numeric8,20804,3,^20804\d{3}$,13,4,54,51,0.254902,9,38,20804004,20804054,sparse,official_completed_subset
2008|youth_c|B04|20802|3,2008,youth_c,B04,numeric8,20802,3,^20802\d{3}$,2,23,91,69,0.028986,2,67,20802023,20802091,sparse,official_completed_subset
2008|youth_c|B04|20804|3,2008,youth_c,B04,numeric8,20804,3,^20804\d{3}$,3,1,47,47,0.063830,3,44,20804001,20804047,sparse,official_completed_subset
2008|youth_c|B04|20805|3,2008,youth_c,B04,numeric8,20805,3,^20805\d{3}$,60,1,60,60,1.000000,1,0,20805001,20805060,contiguous,official_completed_subset
2008|youth_c|B05|20801|3,2008,youth_c,B05,numeric8,20801,3,^20801\d{3}$,13,9,59,51,0.254902,11,38,20801009,20801059,sparse,official_completed_subset
2008|youth_c|B05|20802|3,2008,youth_c,B05,numeric8,20802,3,^20802\d{3}$,7,10,81,72,0.097222,7,65,20802010,20802081,sparse,official_completed_subset
2008|youth_c|B05|20804|3,2008,youth_c,B05,numeric8,20804,3,^20804\d{3}$,22,2,57,56,0.392857,14,34,20804002,20804057,sparse,official_completed_subset
2008|youth_c|B06|20801|3,2008,youth_c,B06,numeric8,20801,3,^20801\d{3}$,2,7,30,24,0.083333,2,22,20801007,20801030,sparse,official_completed_subset
2008|youth_c|B06|20803|3,2008,youth_c,B06,numeric8,20803,3,^20803\d{3}$,1,7,7,1,1.000000,1,0,20803007,20803007,contiguous,official_completed_subset
2008|youth_c|B06|20807|3,2008,youth_c,B06,numeric8,20807,3,^20807\d{3}$,59,1,59,59,1.000000,1,0,20807001,20807059,contiguous,official_completed_subset
2008|youth_c|B07|20801|3,2008,youth_c,B07,numeric8,20801,3,^20801\d{3}$,6,24,61,38,0.157895,5,32,20801024,20801061,sparse,official_completed_subset
2008|youth_c|B07|20802|3,2008,youth_c,B07,numeric8,20802,3,^20802\d{3}$,35,5,94,90,0.388889,21,55,20802005,20802094,sparse,official_completed_subset
2008|youth_c|B07|20803|3,2008,youth_c,B07,numeric8,20803,3,^20803\d{3}$,1,98,98,1,1.000000,1,0,20803098,20803098,contiguous,official_completed_subset
2008|youth_c|B08|20803|3,2008,youth_c,B08,numeric8,20803,3,^20803\d{3}$,3,8,86,79,0.037975,2,76,20803008,20803086,sparse,official_completed_subset
2008|youth_c|B08|20806|3,2008,youth_c,B08,numeric8,20806,3,^20806\d{3}$,96,1,96,96,1.000000,1,0,20806001,20806096,contiguous,official_completed_subset
2008|youth_c|B09|20803|3,2008,youth_c,B09,numeric8,20803,3,^20803\d{3}$,8,1,95,95,0.084211,8,87,20803001,20803095,sparse,official_completed_subset
2008|youth_c|B09|20804|3,2008,youth_c,B09,numeric8,20804,3,^20804\d{3}$,3,7,38,32,0.093750,3,29,20804007,20804038,sparse,official_completed_subset
2009|general|B01|20971|3,2009,general,B01,numeric8,20971,3,^20971\d{3}$,85,1,132,132,0.643939,28,47,20971001,20971132,moderate,official_completed_subset
2009|general|B01|20972|3,2009,general,B01,numeric8,20972,3,^20972\d{3}$,124,1,196,196,0.632653,37,72,20972001,20972196,moderate,official_completed_subset
2009|general|B01|20974|3,2009,general,B01,numeric8,20974,3,^20974\d{3}$,44,4,127,124,0.354839,25,80,20974004,20974127,sparse,official_completed_subset
2009|general|B02|20971|3,2009,general,B02,numeric8,20971,3,^20971\d{3}$,2,16,30,15,0.133333,2,13,20971016,20971030,sparse,official_completed_subset
2009|general|B02|20973|3,2009,general,B02,numeric8,20973,3,^20973\d{3}$,95,11,201,191,0.497382,41,96,20973011,20973201,moderate,official_completed_subset
2009|general|B02|20974|3,2009,general,B02,numeric8,20974,3,^20974\d{3}$,3,37,106,70,0.042857,3,67,20974037,20974106,sparse,official_completed_subset
2009|general|B02|20975|3,2009,general,B02,numeric8,20975,3,^20975\d{3}$,1,107,107,1,1.000000,1,0,20975107,20975107,contiguous,official_completed_subset
2009|general|B03|20971|3,2009,general,B03,numeric8,20971,3,^20971\d{3}$,7,20,125,106,0.066038,7,99,20971020,20971125,sparse,official_completed_subset
2009|general|B03|20972|3,2009,general,B03,numeric8,20972,3,^20972\d{3}$,4,63,149,87,0.045977,3,83,20972063,20972149,sparse,official_completed_subset
2009|general|B03|20973|3,2009,general,B03,numeric8,20973,3,^20973\d{3}$,94,1,204,204,0.460784,38,110,20973001,20973204,moderate,official_completed_subset
2009|general|B03|20974|3,2009,general,B03,numeric8,20974,3,^20974\d{3}$,17,10,108,99,0.171717,10,82,20974010,20974108,sparse,official_completed_subset
2009|general|B03|20975|3,2009,general,B03,numeric8,20975,3,^20975\d{3}$,7,11,117,107,0.065421,6,100,20975011,20975117,sparse,official_completed_subset
2009|general|B04|20972|3,2009,general,B04,numeric8,20972,3,^20972\d{3}$,3,38,136,99,0.030303,3,96,20972038,20972136,sparse,official_completed_subset
2009|general|B04|20974|3,2009,general,B04,numeric8,20974,3,^20974\d{3}$,8,1,115,115,0.069565,8,107,20974001,20974115,sparse,official_completed_subset
2009|general|B04|20975|3,2009,general,B04,numeric8,20975,3,^20975\d{3}$,109,1,116,116,0.939655,7,7,20975001,20975116,dense,official_completed_subset
2009|general|B05|20971|3,2009,general,B05,numeric8,20971,3,^20971\d{3}$,17,9,118,110,0.154545,15,93,20971009,20971118,sparse,official_completed_subset
2009|general|B05|20972|3,2009,general,B05,numeric8,20972,3,^20972\d{3}$,6,34,137,104,0.057692,5,98,20972034,20972137,sparse,official_completed_subset
2009|general|B05|20974|3,2009,general,B05,numeric8,20974,3,^20974\d{3}$,57,2,130,129,0.441860,28,72,20974002,20974130,moderate,official_completed_subset
2009|general|B06|20971|3,2009,general,B06,numeric8,20971,3,^20971\d{3}$,3,33,114,82,0.036585,3,79,20971033,20971114,sparse,official_completed_subset
2009|general|B06|20973|3,2009,general,B06,numeric8,20973,3,^20973\d{3}$,1,28,28,1,1.000000,1,0,20973028,20973028,contiguous,official_completed_subset
2009|general|B06|20976|3,2009,general,B06,numeric8,20976,3,^20976\d{3}$,2,2,59,58,0.034483,2,56,20976002,20976059,sparse,official_completed_subset
2009|general|B06|20977|3,2009,general,B06,numeric8,20977,3,^20977\d{3}$,117,1,117,117,1.000000,1,0,20977001,20977117,contiguous,official_completed_subset
2009|general|B07|20971|3,2009,general,B07,numeric8,20971,3,^20971\d{3}$,17,7,115,109,0.155963,15,92,20971007,20971115,sparse,official_completed_subset
2009|general|B07|20972|3,2009,general,B07,numeric8,20972,3,^20972\d{3}$,59,7,198,192,0.307292,31,133,20972007,20972198,sparse,official_completed_subset
2009|general|B07|20973|3,2009,general,B07,numeric8,20973,3,^20973\d{3}$,7,15,186,172,0.040698,6,165,20973015,20973186,sparse,official_completed_subset
2009|general|B08|20972|3,2009,general,B08,numeric8,20972,3,^20972\d{3}$,2,24,181,158,0.012658,2,156,20972024,20972181,sparse,official_completed_subset
2009|general|B08|20976|3,2009,general,B08,numeric8,20976,3,^20976\d{3}$,203,1,205,205,0.990244,3,2,20976001,20976205,dense,official_completed_subset
2009|general|B09|20973|3,2009,general,B09,numeric8,20973,3,^20973\d{3}$,7,38,205,168,0.041667,7,161,20973038,20973205,sparse,official_completed_subset
2009|general|B09|20974|3,2009,general,B09,numeric8,20974,3,^20974\d{3}$,1,120,120,1,1.000000,1,0,20974120,20974120,contiguous,official_completed_subset
2009|key|B01|20931|3,2009,key,B01,numeric8,20931,3,^20931\d{3}$,6,1,6,6,1.000000,1,0,20931001,20931006,contiguous,official_completed_subset
2009|key|B01|20932|3,2009,key,B01,numeric8,20932,3,^20932\d{3}$,3,2,8,7,0.428571,2,4,20932002,20932008,moderate,official_completed_subset
2009|key|B01|20934|3,2009,key,B01,numeric8,20934,3,^20934\d{3}$,2,1,6,6,0.333333,2,4,20934001,20934006,sparse,official_completed_subset
2009|key|B02|20933|3,2009,key,B02,numeric8,20933,3,^20933\d{3}$,2,4,5,2,1.000000,1,0,20933004,20933005,contiguous,official_completed_subset
2009|key|B03|20932|3,2009,key,B03,numeric8,20932,3,^20932\d{3}$,2,4,6,3,0.666667,2,1,20932004,20932006,moderate,official_completed_subset
2009|key|B03|20933|3,2009,key,B03,numeric8,20933,3,^20933\d{3}$,8,1,10,10,0.800000,2,2,20933001,20933010,dense,official_completed_subset
2009|key|B03|20934|3,2009,key,B03,numeric8,20934,3,^20934\d{3}$,3,2,5,4,0.750000,2,1,20934002,20934005,moderate,official_completed_subset
2009|key|B04|20935|3,2009,key,B04,numeric8,20935,3,^20935\d{3}$,5,1,5,5,1.000000,1,0,20935001,20935005,contiguous,official_completed_subset
2009|key|B05|20934|3,2009,key,B05,numeric8,20934,3,^20934\d{3}$,1,3,3,1,1.000000,1,0,20934003,20934003,contiguous,official_completed_subset
2009|key|B06|20937|3,2009,key,B06,numeric8,20937,3,^20937\d{3}$,4,1,4,4,1.000000,1,0,20937001,20937004,contiguous,official_completed_subset
2009|key|B07|20932|3,2009,key,B07,numeric8,20932,3,^20932\d{3}$,4,1,9,9,0.444444,4,5,20932001,20932009,moderate,official_completed_subset
2009|key|B08|20936|3,2009,key,B08,numeric8,20936,3,^20936\d{3}$,8,1,8,8,1.000000,1,0,20936001,20936008,contiguous,official_completed_subset
2009|major_research_plan|B01|90913|3,2009,major_research_plan,B01,numeric8,90913,3,^90913\d{3}$,1,0,0,1,1.000000,1,0,90913000,90913000,contiguous,official_completed_subset
2009|major_research_plan|B01|90922|3,2009,major_research_plan,B01,numeric8,90922,3,^90922\d{3}$,14,0,32,33,0.424242,4,19,90922000,90922032,moderate,official_completed_subset
2009|major_research_plan|B01|90923|3,2009,major_research_plan,B01,numeric8,90923,3,^90923\d{3}$,1,6,6,1,1.000000,1,0,90923006,90923006,contiguous,official_completed_subset
2009|major_research_plan|B02|90923|3,2009,major_research_plan,B02,numeric8,90923,3,^90923\d{3}$,2,7,8,2,1.000000,1,0,90923007,90923008,contiguous,official_completed_subset
2009|major_research_plan|B03|90922|3,2009,major_research_plan,B03,numeric8,90922,3,^90922\d{3}$,5,14,33,20,0.250000,3,15,90922014,90922033,sparse,official_completed_subset
2009|major_research_plan|B04|90913|3,2009,major_research_plan,B04,numeric8,90913,3,^90913\d{3}$,5,11,15,5,1.000000,1,0,90913011,90913015,contiguous,official_completed_subset
2009|major_research_plan|B04|90922|3,2009,major_research_plan,B04,numeric8,90922,3,^90922\d{3}$,1,23,23,1,1.000000,1,0,90922023,90922023,contiguous,official_completed_subset
2009|major_research_plan|B05|90922|3,2009,major_research_plan,B05,numeric8,90922,3,^90922\d{3}$,6,16,35,20,0.300000,3,14,90922016,90922035,sparse,official_completed_subset
2009|major_research_plan|B07|90913|3,2009,major_research_plan,B07,numeric8,90913,3,^90913\d{3}$,12,1,22,22,0.545455,2,10,90913001,90913022,moderate,official_completed_subset
2009|major_research_plan|B07|90923|3,2009,major_research_plan,B07,numeric8,90923,3,^90923\d{3}$,1,9,9,1,1.000000,1,0,90923009,90923009,contiguous,official_completed_subset
2009|regional|B01|20961|3,2009,regional,B01,numeric8,20961,3,^20961\d{3}$,7,2,11,10,0.700000,3,3,20961002,20961011,moderate,official_completed_subset
2009|regional|B01|20962|3,2009,regional,B01,numeric8,20962,3,^20962\d{3}$,9,3,23,21,0.428571,5,12,20962003,20962023,moderate,official_completed_subset
2009|regional|B01|20964|3,2009,regional,B01,numeric8,20964,3,^20964\d{3}$,2,2,4,3,0.666667,2,1,20964002,20964004,moderate,official_completed_subset
2009|regional|B02|20963|3,2009,regional,B02,numeric8,20963,3,^20963\d{3}$,9,3,11,9,1.000000,1,0,20963003,20963011,contiguous,official_completed_subset
2009|regional|B03|20963|3,2009,regional,B03,numeric8,20963,3,^20963\d{3}$,2,1,2,2,1.000000,1,0,20963001,20963002,contiguous,official_completed_subset
2009|regional|B03|20964|3,2009,regional,B03,numeric8,20964,3,^20964\d{3}$,1,1,1,1,1.000000,1,0,20964001,20964001,contiguous,official_completed_subset
2009|regional|B04|20961|3,2009,regional,B04,numeric8,20961,3,^20961\d{3}$,2,3,12,10,0.200000,2,8,20961003,20961012,sparse,official_completed_subset
2009|regional|B04|20965|3,2009,regional,B04,numeric8,20965,3,^20965\d{3}$,9,1,9,9,1.000000,1,0,20965001,20965009,contiguous,official_completed_subset
2009|regional|B05|20961|3,2009,regional,B05,numeric8,20961,3,^20961\d{3}$,2,1,4,4,0.500000,2,2,20961001,20961004,moderate,official_completed_subset
2009|regional|B05|20962|3,2009,regional,B05,numeric8,20962,3,^20962\d{3}$,1,22,22,1,1.000000,1,0,20962022,20962022,contiguous,official_completed_subset
2009|regional|B05|20964|3,2009,regional,B05,numeric8,20964,3,^20964\d{3}$,2,3,5,3,0.666667,2,1,20964003,20964005,moderate,official_completed_subset
2009|regional|B06|20967|3,2009,regional,B06,numeric8,20967,3,^20967\d{3}$,7,1,7,7,1.000000,1,0,20967001,20967007,contiguous,official_completed_subset
2009|regional|B07|20961|3,2009,regional,B07,numeric8,20961,3,^20961\d{3}$,1,9,9,1,1.000000,1,0,20961009,20961009,contiguous,official_completed_subset
2009|regional|B07|20962|3,2009,regional,B07,numeric8,20962,3,^20962\d{3}$,11,2,24,23,0.478261,6,12,20962002,20962024,moderate,official_completed_subset
2009|regional|B08|20962|3,2009,regional,B08,numeric8,20962,3,^20962\d{3}$,3,1,19,19,0.157895,3,16,20962001,20962019,sparse,official_completed_subset
2009|regional|B08|20966|3,2009,regional,B08,numeric8,20966,3,^20966\d{3}$,8,1,8,8,1.000000,1,0,20966001,20966008,contiguous,official_completed_subset
2009|special|B01|20923|3,2009,special,B01,numeric8,20923,3,^20923\d{3}$,2,3,5,3,0.666667,2,1,20923003,20923005,moderate,official_completed_subset
2009|special|B01|20941|3,2009,special,B01,numeric8,20941,3,^20941\d{3}$,4,3,403,401,0.009975,2,397,20941003,20941403,sparse,official_completed_subset
2009|special|B01|20942|3,2009,special,B01,numeric8,20942,3,^20942\d{3}$,8,1,403,403,0.019851,5,395,20942001,20942403,sparse,official_completed_subset
2009|special|B01|20944|3,2009,special,B01,numeric8,20944,3,^20944\d{3}$,2,1,2,2,1.000000,1,0,20944001,20944002,contiguous,official_completed_subset
2009|special|B01|20951|3,2009,special,B01,numeric8,20951,3,^20951\d{3}$,3,1,3,3,1.000000,1,0,20951001,20951003,contiguous,official_completed_subset
2009|special|B02|20923|3,2009,special,B02,numeric8,20923,3,^20923\d{3}$,1,4,4,1,1.000000,1,0,20923004,20923004,contiguous,official_completed_subset
2009|special|B02|20927|3,2009,special,B02,numeric8,20927,3,^20927\d{3}$,1,1,1,1,1.000000,1,0,20927001,20927001,contiguous,official_completed_subset
2009|special|B02|20943|3,2009,special,B02,numeric8,20943,3,^20943\d{3}$,2,1,401,401,0.004988,2,399,20943001,20943401,sparse,official_completed_subset
2009|special|B02|20953|3,2009,special,B02,numeric8,20953,3,^20953\d{3}$,2,3,4,2,1.000000,1,0,20953003,20953004,contiguous,official_completed_subset
2009|special|B03|20923|3,2009,special,B03,numeric8,20923,3,^20923\d{3}$,2,1,2,2,1.000000,1,0,20923001,20923002,contiguous,official_completed_subset
2009|special|B03|20927|3,2009,special,B03,numeric8,20927,3,^20927\d{3}$,1,2,2,1,1.000000,1,0,20927002,20927002,contiguous,official_completed_subset
2009|special|B03|20943|3,2009,special,B03,numeric8,20943,3,^20943\d{3}$,3,3,402,400,0.007500,3,397,20943003,20943402,sparse,official_completed_subset
2009|special|B03|20944|3,2009,special,B03,numeric8,20944,3,^20944\d{3}$,1,4,4,1,1.000000,1,0,20944004,20944004,contiguous,official_completed_subset
2009|special|B03|20953|3,2009,special,B03,numeric8,20953,3,^20953\d{3}$,3,1,6,6,0.500000,2,3,20953001,20953006,moderate,official_completed_subset
2009|special|B04|20927|3,2009,special,B04,numeric8,20927,3,^20927\d{3}$,5,3,7,5,1.000000,1,0,20927003,20927007,contiguous,official_completed_subset
2009|special|B04|20942|3,2009,special,B04,numeric8,20942,3,^20942\d{3}$,2,2,10,9,0.222222,2,7,20942002,20942010,sparse,official_completed_subset
2009|special|B04|20945|3,2009,special,B04,numeric8,20945,3,^20945\d{3}$,6,1,402,402,0.014925,2,396,20945001,20945402,sparse,official_completed_subset
2009|special|B04|20954|3,2009,special,B04,numeric8,20954,3,^20954\d{3}$,1,1,1,1,1.000000,1,0,20954001,20954001,contiguous,official_completed_subset
2009|special|B04|20955|3,2009,special,B04,numeric8,20955,3,^20955\d{3}$,1,1,1,1,1.000000,1,0,20955001,20955001,contiguous,official_completed_subset
2009|special|B05|20920|3,2009,special,B05,numeric8,20920,3,^20920\d{3}$,1,2,2,1,1.000000,1,0,20920002,20920002,contiguous,official_completed_subset
2009|special|B05|20941|3,2009,special,B05,numeric8,20941,3,^20941\d{3}$,2,1,2,2,1.000000,1,0,20941001,20941002,contiguous,official_completed_subset
2009|special|B05|20942|3,2009,special,B05,numeric8,20942,3,^20942\d{3}$,1,402,402,1,1.000000,1,0,20942402,20942402,contiguous,official_completed_subset
2009|special|B05|20944|3,2009,special,B05,numeric8,20944,3,^20944\d{3}$,2,3,401,399,0.005013,2,397,20944003,20944401,sparse,official_completed_subset
2009|special|B05|20952|3,2009,special,B05,numeric8,20952,3,^20952\d{3}$,1,1,1,1,1.000000,1,0,20952001,20952001,contiguous,official_completed_subset
2009|special|B06|20947|3,2009,special,B06,numeric8,20947,3,^20947\d{3}$,4,1,401,401,0.009975,2,397,20947001,20947401,sparse,official_completed_subset
2009|special|B07|20941|3,2009,special,B07,numeric8,20941,3,^20941\d{3}$,1,401,401,1,1.000000,1,0,20941401,20941401,contiguous,official_completed_subset
2009|special|B07|20942|3,2009,special,B07,numeric8,20942,3,^20942\d{3}$,5,5,404,400,0.012500,3,395,20942005,20942404,sparse,official_completed_subset
2009|special|B07|20943|3,2009,special,B07,numeric8,20943,3,^20943\d{3}$,1,2,2,1,1.000000,1,0,20943002,20943002,contiguous,official_completed_subset
2009|special|B08|20923|3,2009,special,B08,numeric8,20923,3,^20923\d{3}$,1,6,6,1,1.000000,1,0,20923006,20923006,contiguous,official_completed_subset
2009|special|B08|20946|3,2009,special,B08,numeric8,20946,3,^20946\d{3}$,3,1,3,3,1.000000,1,0,20946001,20946003,contiguous,official_completed_subset
2009|special|B08|20953|3,2009,special,B08,numeric8,20953,3,^20953\d{3}$,1,2,2,1,1.000000,1,0,20953002,20953002,contiguous,official_completed_subset
2009|special|B08|20956|3,2009,special,B08,numeric8,20956,3,^20956\d{3}$,2,1,2,2,1.000000,1,0,20956001,20956002,contiguous,official_completed_subset
2009|special|B09|20943|3,2009,special,B09,numeric8,20943,3,^20943\d{3}$,1,4,4,1,1.000000,1,0,20943004,20943004,contiguous,official_completed_subset
2009|youth_c|B01|20901|3,2009,youth_c,B01,numeric8,20901,3,^20901\d{3}$,55,1,84,84,0.654762,19,29,20901001,20901084,moderate,official_completed_subset
2009|youth_c|B01|20902|3,2009,youth_c,B01,numeric8,20902,3,^20902\d{3}$,61,1,114,114,0.535088,23,53,20902001,20902114,moderate,official_completed_subset
2009|youth_c|B01|20904|3,2009,youth_c,B01,numeric8,20904,3,^20904\d{3}$,16,1,65,65,0.246154,13,49,20904001,20904065,sparse,official_completed_subset
2009|youth_c|B02|20901|3,2009,youth_c,B02,numeric8,20901,3,^20901\d{3}$,2,6,78,73,0.027397,2,71,20901006,20901078,sparse,official_completed_subset
2009|youth_c|B02|20903|3,2009,youth_c,B02,numeric8,20903,3,^20903\d{3}$,50,5,122,118,0.423729,29,68,20903005,20903122,moderate,official_completed_subset
2009|youth_c|B02|20904|3,2009,youth_c,B02,numeric8,20904,3,^20904\d{3}$,3,21,60,40,0.075000,3,37,20904021,20904060,sparse,official_completed_subset
2009|youth_c|B03|20901|3,2009,youth_c,B03,numeric8,20901,3,^20901\d{3}$,3,20,47,28,0.107143,3,25,20901020,20901047,sparse,official_completed_subset
2009|youth_c|B03|20902|3,2009,youth_c,B03,numeric8,20902,3,^20902\d{3}$,2,40,88,49,0.040816,2,47,20902040,20902088,sparse,official_completed_subset
2009|youth_c|B03|20903|3,2009,youth_c,B03,numeric8,20903,3,^20903\d{3}$,58,1,123,123,0.471545,29,65,20903001,20903123,moderate,official_completed_subset
2009|youth_c|B03|20904|3,2009,youth_c,B03,numeric8,20904,3,^20904\d{3}$,7,20,62,43,0.162791,6,36,20904020,20904062,sparse,official_completed_subset
2009|youth_c|B03|20905|3,2009,youth_c,B03,numeric8,20905,3,^20905\d{3}$,4,15,75,61,0.065574,4,57,20905015,20905075,sparse,official_completed_subset
2009|youth_c|B04|20901|3,2009,youth_c,B04,numeric8,20901,3,^20901\d{3}$,1,73,73,1,1.000000,1,0,20901073,20901073,contiguous,official_completed_subset
2009|youth_c|B04|20902|3,2009,youth_c,B04,numeric8,20902,3,^20902\d{3}$,2,64,104,41,0.048780,2,39,20902064,20902104,sparse,official_completed_subset
2009|youth_c|B04|20904|3,2009,youth_c,B04,numeric8,20904,3,^20904\d{3}$,5,7,64,58,0.086207,4,53,20904007,20904064,sparse,official_completed_subset
2009|youth_c|B04|20905|3,2009,youth_c,B04,numeric8,20905,3,^20905\d{3}$,76,1,80,80,0.950000,5,4,20905001,20905080,dense,official_completed_subset
2009|youth_c|B05|20901|3,2009,youth_c,B05,numeric8,20901,3,^20901\d{3}$,17,3,85,83,0.204819,16,66,20901003,20901085,sparse,official_completed_subset
2009|youth_c|B05|20902|3,2009,youth_c,B05,numeric8,20902,3,^20902\d{3}$,7,24,105,82,0.085366,6,75,20902024,20902105,sparse,official_completed_subset
2009|youth_c|B05|20904|3,2009,youth_c,B05,numeric8,20904,3,^20904\d{3}$,35,2,66,65,0.538462,18,30,20904002,20904066,moderate,official_completed_subset
2009|youth_c|B06|20901|3,2009,youth_c,B06,numeric8,20901,3,^20901\d{3}$,2,71,80,10,0.200000,2,8,20901071,20901080,sparse,official_completed_subset
2009|youth_c|B06|20903|3,2009,youth_c,B06,numeric8,20903,3,^20903\d{3}$,1,83,83,1,1.000000,1,0,20903083,20903083,contiguous,official_completed_subset
2009|youth_c|B06|20907|3,2009,youth_c,B06,numeric8,20907,3,^20907\d{3}$,76,1,76,76,1.000000,1,0,20907001,20907076,contiguous,official_completed_subset
2009|youth_c|B07|20901|3,2009,youth_c,B07,numeric8,20901,3,^20901\d{3}$,6,2,86,85,0.070588,6,79,20901002,20901086,sparse,official_completed_subset
2009|youth_c|B07|20902|3,2009,youth_c,B07,numeric8,20902,3,^20902\d{3}$,41,3,111,109,0.376147,22,68,20902003,20902111,sparse,official_completed_subset
2009|youth_c|B07|20903|3,2009,youth_c,B07,numeric8,20903,3,^20903\d{3}$,2,11,86,76,0.026316,2,74,20903011,20903086,sparse,official_completed_subset
2009|youth_c|B08|20903|3,2009,youth_c,B08,numeric8,20903,3,^20903\d{3}$,2,41,108,68,0.029412,2,66,20903041,20903108,sparse,official_completed_subset
2009|youth_c|B08|20906|3,2009,youth_c,B08,numeric8,20906,3,^20906\d{3}$,107,1,107,107,1.000000,1,0,20906001,20906107,contiguous,official_completed_subset
2009|youth_c|B09|20903|3,2009,youth_c,B09,numeric8,20903,3,^20903\d{3}$,10,14,82,69,0.144928,10,59,20903014,20903082,sparse,official_completed_subset
2010|general|B01|21071|3,2010,general,B01,numeric8,21071,3,^21071\d{3}$,93,1,156,156,0.596154,34,63,21071001,21071156,moderate,official_completed_subset
2010|general|B01|21072|3,2010,general,B01,numeric8,21072,3,^21072\d{3}$,145,3,228,226,0.641593,41,81,21072003,21072228,moderate,official_completed_subset
2010|general|B01|21074|3,2010,general,B01,numeric8,21074,3,^21074\d{3}$,58,1,150,150,0.386667,32,92,21074001,21074150,sparse,official_completed_subset
2010|general|B02|21071|3,2010,general,B02,numeric8,21071,3,^21071\d{3}$,3,108,148,41,0.073171,3,38,21071108,21071148,sparse,official_completed_subset
2010|general|B02|21073|3,2010,general,B02,numeric8,21073,3,^21073\d{3}$,120,4,241,238,0.504202,45,118,21073004,21073241,moderate,official_completed_subset
2010|general|B02|21074|3,2010,general,B02,numeric8,21074,3,^21074\d{3}$,2,91,133,43,0.046512,2,41,21074091,21074133,sparse,official_completed_subset
2010|general|B02|21075|3,2010,general,B02,numeric8,21075,3,^21075\d{3}$,2,53,121,69,0.028986,2,67,21075053,21075121,sparse,official_completed_subset
2010|general|B03|21071|3,2010,general,B03,numeric8,21071,3,^21071\d{3}$,8,8,140,133,0.060150,8,125,21071008,21071140,sparse,official_completed_subset
2010|general|B03|21072|3,2010,general,B03,numeric8,21072,3,^21072\d{3}$,7,1,211,211,0.033175,7,204,21072001,21072211,sparse,official_completed_subset
2010|general|B03|21073|3,2010,general,B03,numeric8,21073,3,^21073\d{3}$,98,2,242,241,0.406639,43,143,21073002,21073242,moderate,official_completed_subset
2010|general|B03|21074|3,2010,general,B03,numeric8,21074,3,^21074\d{3}$,21,5,149,145,0.144828,18,124,21074005,21074149,sparse,official_completed_subset
2010|general|B03|21075|3,2010,general,B03,numeric8,21075,3,^21075\d{3}$,4,34,138,105,0.038095,4,101,21075034,21075138,sparse,official_completed_subset
2010|general|B04|21071|3,2010,general,B04,numeric8,21071,3,^21071\d{3}$,2,52,88,37,0.054054,2,35,21071052,21071088,sparse,official_completed_subset
2010|general|B04|21072|3,2010,general,B04,numeric8,21072,3,^21072\d{3}$,3,174,215,42,0.071429,3,39,21072174,21072215,sparse,official_completed_subset
2010|general|B04|21074|3,2010,general,B04,numeric8,21074,3,^21074\d{3}$,7,40,137,98,0.071429,7,91,21074040,21074137,sparse,official_completed_subset
2010|general|B04|21075|3,2010,general,B04,numeric8,21075,3,^21075\d{3}$,135,1,141,141,0.957447,7,6,21075001,21075141,dense,official_completed_subset
2010|general|B05|21071|3,2010,general,B05,numeric8,21071,3,^21071\d{3}$,29,3,153,151,0.192053,22,122,21071003,21071153,sparse,official_completed_subset
2010|general|B05|21072|3,2010,general,B05,numeric8,21072,3,^21072\d{3}$,11,25,235,211,0.052133,10,200,21072025,21072235,sparse,official_completed_subset
2010|general|B05|21074|3,2010,general,B05,numeric8,21074,3,^21074\d{3}$,64,7,152,146,0.438356,36,82,21074007,21074152,moderate,official_completed_subset
2010|general|B06|21071|3,2010,general,B06,numeric8,21071,3,^21071\d{3}$,5,89,147,59,0.084746,5,54,21071089,21071147,sparse,official_completed_subset
2010|general|B06|21076|3,2010,general,B06,numeric8,21076,3,^21076\d{3}$,1,103,103,1,1.000000,1,0,21076103,21076103,contiguous,official_completed_subset
2010|general|B06|21077|3,2010,general,B06,numeric8,21077,3,^21077\d{3}$,139,1,140,140,0.992857,2,1,21077001,21077140,dense,official_completed_subset
2010|general|B07|21071|3,2010,general,B07,numeric8,21071,3,^21071\d{3}$,16,10,155,146,0.109589,13,130,21071010,21071155,sparse,official_completed_subset
2010|general|B07|21072|3,2010,general,B07,numeric8,21072,3,^21072\d{3}$,67,2,234,233,0.287554,36,166,21072002,21072234,sparse,official_completed_subset
2010|general|B07|21073|3,2010,general,B07,numeric8,21073,3,^21073\d{3}$,8,10,236,227,0.035242,7,219,21073010,21073236,sparse,official_completed_subset
2010|general|B08|21072|3,2010,general,B08,numeric8,21072,3,^21072\d{3}$,2,24,137,114,0.017544,2,112,21072024,21072137,sparse,official_completed_subset
2010|general|B08|21073|3,2010,general,B08,numeric8,21073,3,^21073\d{3}$,3,62,213,152,0.019737,3,149,21073062,21073213,sparse,official_completed_subset
2010|general|B08|21076|3,2010,general,B08,numeric8,21076,3,^21076\d{3}$,231,1,233,233,0.991416,3,2,21076001,21076233,dense,official_completed_subset
2010|general|B09|21073|3,2010,general,B09,numeric8,21073,3,^21073\d{3}$,13,1,233,233,0.055794,12,220,21073001,21073233,sparse,official_completed_subset
2010|key|B01|21031|3,2010,key,B01,numeric8,21031,3,^21031\d{3}$,2,2,4,3,0.666667,2,1,21031002,21031004,moderate,official_completed_subset
2010|key|B01|21032|3,2010,key,B01,numeric8,21032,3,^21032\d{3}$,6,1,7,7,0.857143,2,1,21032001,21032007,dense,official_completed_subset
2010|key|B01|21034|3,2010,key,B01,numeric8,21034,3,^21034\d{3}$,2,1,4,4,0.500000,2,2,21034001,21034004,moderate,official_completed_subset
2010|key|B02|21033|3,2010,key,B02,numeric8,21033,3,^21033\d{3}$,6,3,9,7,0.857143,2,1,21033003,21033009,dense,official_completed_subset
2010|key|B03|21031|3,2010,key,B03,numeric8,21031,3,^21031\d{3}$,1,5,5,1,1.000000,1,0,21031005,21031005,contiguous,official_completed_subset
2010|key|B03|21033|3,2010,key,B03,numeric8,21033,3,^21033\d{3}$,3,1,8,8,0.375000,2,5,21033001,21033008,sparse,official_completed_subset
2010|key|B04|21035|3,2010,key,B04,numeric8,21035,3,^21035\d{3}$,6,1,6,6,1.000000,1,0,21035001,21035006,contiguous,official_completed_subset
2010|key|B05|21031|3,2010,key,B05,numeric8,21031,3,^21031\d{3}$,3,1,6,6,0.500000,3,3,21031001,21031006,moderate,official_completed_subset
2010|key|B05|21034|3,2010,key,B05,numeric8,21034,3,^21034\d{3}$,4,2,6,5,0.800000,2,1,21034002,21034006,dense,official_completed_subset
2010|key|B06|21037|3,2010,key,B06,numeric8,21037,3,^21037\d{3}$,4,1,4,4,1.000000,1,0,21037001,21037004,contiguous,official_completed_subset
2010|key|B07|21032|3,2010,key,B07,numeric8,21032,3,^21032\d{3}$,1,2,2,1,1.000000,1,0,21032002,21032002,contiguous,official_completed_subset
2010|key|B07|21033|3,2010,key,B07,numeric8,21033,3,^21033\d{3}$,1,10,10,1,1.000000,1,0,21033010,21033010,contiguous,official_completed_subset
2010|key|B08|21036|3,2010,key,B08,numeric8,21036,3,^21036\d{3}$,9,1,9,9,1.000000,1,0,21036001,21036009,contiguous,official_completed_subset
2010|major_research_plan|B01|91022|3,2010,major_research_plan,B01,numeric8,91022,3,^91022\d{3}$,18,0,32,33,0.545455,4,15,91022000,91022032,moderate,official_completed_subset
2010|major_research_plan|B01|91027|3,2010,major_research_plan,B01,numeric8,91027,3,^91027\d{3}$,18,2,46,45,0.400000,4,27,91027002,91027046,moderate,official_completed_subset
2010|major_research_plan|B02|91022|3,2010,major_research_plan,B02,numeric8,91022,3,^91022\d{3}$,1,23,23,1,1.000000,1,0,91022023,91022023,contiguous,official_completed_subset
2010|major_research_plan|B02|91023|3,2010,major_research_plan,B02,numeric8,91023,3,^91023\d{3}$,3,4,6,3,1.000000,1,0,91023004,91023006,contiguous,official_completed_subset
2010|major_research_plan|B02|91027|3,2010,major_research_plan,B02,numeric8,91027,3,^91027\d{3}$,9,14,45,32,0.281250,3,23,91027014,91027045,sparse,official_completed_subset
2010|major_research_plan|B03|91022|3,2010,major_research_plan,B03,numeric8,91022,3,^91022\d{3}$,3,16,33,18,0.166667,2,15,91022016,91022033,sparse,official_completed_subset
2010|major_research_plan|B03|91023|3,2010,major_research_plan,B03,numeric8,91023,3,^91023\d{3}$,2,2,3,2,1.000000,1,0,91023002,91023003,contiguous,official_completed_subset
2010|major_research_plan|B03|91027|3,2010,major_research_plan,B03,numeric8,91027,3,^91027\d{3}$,9,9,44,36,0.250000,3,27,91027009,91027044,sparse,official_completed_subset
2010|major_research_plan|B04|91027|3,2010,major_research_plan,B04,numeric8,91027,3,^91027\d{3}$,6,33,38,6,1.000000,1,0,91027033,91027038,contiguous,official_completed_subset
2010|major_research_plan|B05|91010|3,2010,major_research_plan,B05,numeric8,91010,3,^91010\d{3}$,1,8,8,1,1.000000,1,0,91010008,91010008,contiguous,official_completed_subset
2010|major_research_plan|B05|91022|3,2010,major_research_plan,B05,numeric8,91022,3,^91022\d{3}$,4,18,22,5,0.800000,2,1,91022018,91022022,dense,official_completed_subset
2010|major_research_plan|B05|91023|3,2010,major_research_plan,B05,numeric8,91023,3,^91023\d{3}$,1,1,1,1,1.000000,1,0,91023001,91023001,contiguous,official_completed_subset
2010|major_research_plan|B05|91027|3,2010,major_research_plan,B05,numeric8,91027,3,^91027\d{3}$,1,8,8,1,1.000000,1,0,91027008,91027008,contiguous,official_completed_subset
2010|major_research_plan|B06|91026|3,2010,major_research_plan,B06,numeric8,91026,3,^91026\d{3}$,1,19,19,1,1.000000,1,0,91026019,91026019,contiguous,official_completed_subset
2010|major_research_plan|B07|91013|3,2010,major_research_plan,B07,numeric8,91013,3,^91013\d{3}$,9,1,9,9,1.000000,1,0,91013001,91013009,contiguous,official_completed_subset
2010|major_research_plan|B09|91027|3,2010,major_research_plan,B09,numeric8,91027,3,^91027\d{3}$,1,0,0,1,1.000000,1,0,91027000,91027000,contiguous,official_completed_subset
2010|regional|B01|21061|3,2010,regional,B01,numeric8,21061,3,^21061\d{3}$,12,1,16,16,0.750000,5,4,21061001,21061016,moderate,official_completed_subset
2010|regional|B01|21062|3,2010,regional,B01,numeric8,21062,3,^21062\d{3}$,18,1,30,30,0.600000,11,12,21062001,21062030,moderate,official_completed_subset
2010|regional|B01|21064|3,2010,regional,B01,numeric8,21064,3,^21064\d{3}$,3,3,7,5,0.600000,2,2,21064003,21064007,moderate,official_completed_subset
2010|regional|B02|21063|3,2010,regional,B02,numeric8,21063,3,^21063\d{3}$,9,3,17,15,0.600000,4,6,21063003,21063017,moderate,official_completed_subset
2010|regional|B02|21065|3,2010,regional,B02,numeric8,21065,3,^21065\d{3}$,1,10,10,1,1.000000,1,0,21065010,21065010,contiguous,official_completed_subset
2010|regional|B03|21063|3,2010,regional,B03,numeric8,21063,3,^21063\d{3}$,5,1,9,9,0.555556,3,4,21063001,21063009,moderate,official_completed_subset
2010|regional|B03|21065|3,2010,regional,B03,numeric8,21065,3,^21065\d{3}$,1,7,7,1,1.000000,1,0,21065007,21065007,contiguous,official_completed_subset
2010|regional|B04|21065|3,2010,regional,B04,numeric8,21065,3,^21065\d{3}$,12,1,14,14,0.857143,3,2,21065001,21065014,dense,official_completed_subset
2010|regional|B05|21061|3,2010,regional,B05,numeric8,21061,3,^21061\d{3}$,3,4,12,9,0.333333,3,6,21061004,21061012,sparse,official_completed_subset
2010|regional|B05|21064|3,2010,regional,B05,numeric8,21064,3,^21064\d{3}$,7,1,10,10,0.700000,3,3,21064001,21064010,moderate,official_completed_subset
2010|regional|B06|21063|3,2010,regional,B06,numeric8,21063,3,^21063\d{3}$,1,12,12,1,1.000000,1,0,21063012,21063012,contiguous,official_completed_subset
2010|regional|B06|21067|3,2010,regional,B06,numeric8,21067,3,^21067\d{3}$,13,1,13,13,1.000000,1,0,21067001,21067013,contiguous,official_completed_subset
2010|regional|B07|21061|3,2010,regional,B07,numeric8,21061,3,^21061\d{3}$,1,2,2,1,1.000000,1,0,21061002,21061002,contiguous,official_completed_subset
2010|regional|B07|21062|3,2010,regional,B07,numeric8,21062,3,^21062\d{3}$,11,3,29,27,0.407407,9,16,21062003,21062029,moderate,official_completed_subset
2010|regional|B08|21062|3,2010,regional,B08,numeric8,21062,3,^21062\d{3}$,1,12,12,1,1.000000,1,0,21062012,21062012,contiguous,official_completed_subset
2010|regional|B08|21066|3,2010,regional,B08,numeric8,21066,3,^21066\d{3}$,14,1,14,14,1.000000,1,0,21066001,21066014,contiguous,official_completed_subset
2010|regional|B09|21063|3,2010,regional,B09,numeric8,21063,3,^21063\d{3}$,2,11,13,3,0.666667,2,1,21063011,21063013,moderate,official_completed_subset
2010|special|B01|21024|3,2010,special,B01,numeric8,21024,3,^21024\d{3}$,3,801,803,3,1.000000,1,0,21024801,21024803,contiguous,official_completed_subset
2010|special|B01|21041|3,2010,special,B01,numeric8,21041,3,^21041\d{3}$,6,1,9,9,0.666667,3,3,21041001,21041009,moderate,official_completed_subset
2010|special|B01|21042|3,2010,special,B01,numeric8,21042,3,^21042\d{3}$,9,2,402,401,0.022444,4,392,21042002,21042402,sparse,official_completed_subset
2010|special|B01|21044|3,2010,special,B01,numeric8,21044,3,^21044\d{3}$,3,1,4,4,0.750000,2,1,21044001,21044004,moderate,official_completed_subset
2010|special|B01|21051|3,2010,special,B01,numeric8,21051,3,^21051\d{3}$,3,1,3,3,1.000000,1,0,21051001,21051003,contiguous,official_completed_subset
2010|special|B02|21041|3,2010,special,B02,numeric8,21041,3,^21041\d{3}$,1,4,4,1,1.000000,1,0,21041004,21041004,contiguous,official_completed_subset
2010|special|B02|21043|3,2010,special,B02,numeric8,21043,3,^21043\d{3}$,8,2,402,401,0.019950,6,393,21043002,21043402,sparse,official_completed_subset
2010|special|B03|21024|3,2010,special,B03,numeric8,21024,3,^21024\d{3}$,1,804,804,1,1.000000,1,0,21024804,21024804,contiguous,official_completed_subset
2010|special|B03|21027|3,2010,special,B03,numeric8,21027,3,^21027\d{3}$,2,5,6,2,1.000000,1,0,21027005,21027006,contiguous,official_completed_subset
2010|special|B03|21041|3,2010,special,B03,numeric8,21041,3,^21041\d{3}$,1,401,401,1,1.000000,1,0,21041401,21041401,contiguous,official_completed_subset
2010|special|B03|21043|3,2010,special,B03,numeric8,21043,3,^21043\d{3}$,8,1,404,404,0.019802,6,396,21043001,21043404,sparse,official_completed_subset
2010|special|B03|21044|3,2010,special,B03,numeric8,21044,3,^21044\d{3}$,1,402,402,1,1.000000,1,0,21044402,21044402,contiguous,official_completed_subset
2010|special|B03|21053|3,2010,special,B03,numeric8,21053,3,^21053\d{3}$,1,1,1,1,1.000000,1,0,21053001,21053001,contiguous,official_completed_subset
2010|special|B04|21027|3,2010,special,B04,numeric8,21027,3,^21027\d{3}$,10,1,13,13,0.769231,2,3,21027001,21027013,moderate,official_completed_subset
2010|special|B04|21045|3,2010,special,B04,numeric8,21045,3,^21045\d{3}$,9,1,402,402,0.022388,2,393,21045001,21045402,sparse,official_completed_subset
2010|special|B04|21052|3,2010,special,B04,numeric8,21052,3,^21052\d{3}$,1,1,1,1,1.000000,1,0,21052001,21052001,contiguous,official_completed_subset
2010|special|B04|21055|3,2010,special,B04,numeric8,21055,3,^21055\d{3}$,2,1,2,2,1.000000,1,0,21055001,21055002,contiguous,official_completed_subset
2010|special|B05|21041|3,2010,special,B05,numeric8,21041,3,^21041\d{3}$,2,3,10,8,0.250000,2,6,21041003,21041010,sparse,official_completed_subset
2010|special|B05|21044|3,2010,special,B05,numeric8,21044,3,^21044\d{3}$,3,2,401,400,0.007500,3,397,21044002,21044401,sparse,official_completed_subset
2010|special|B05|21054|3,2010,special,B05,numeric8,21054,3,^21054\d{3}$,1,1,1,1,1.000000,1,0,21054001,21054001,contiguous,official_completed_subset
2010|special|B06|21024|3,2010,special,B06,numeric8,21024,3,^21024\d{3}$,1,806,806,1,1.000000,1,0,21024806,21024806,contiguous,official_completed_subset
2010|special|B06|21047|3,2010,special,B06,numeric8,21047,3,^21047\d{3}$,9,1,9,9,1.000000,1,0,21047001,21047009,contiguous,official_completed_subset
2010|special|B06|41023|3,2010,special,B06,numeric8,41023,3,^41023\d{3}$,1,5,5,1,1.000000,1,0,41023005,41023005,contiguous,official_completed_subset
2010|special|B07|21041|3,2010,special,B07,numeric8,21041,3,^21041\d{3}$,1,8,8,1,1.000000,1,0,21041008,21041008,contiguous,official_completed_subset
2010|special|B07|21042|3,2010,special,B07,numeric8,21042,3,^21042\d{3}$,5,1,11,11,0.454545,3,6,21042001,21042011,moderate,official_completed_subset
2010|special|B07|21043|3,2010,special,B07,numeric8,21043,3,^21043\d{3}$,1,401,401,1,1.000000,1,0,21043401,21043401,contiguous,official_completed_subset
2010|special|B08|21024|3,2010,special,B08,numeric8,21024,3,^21024\d{3}$,1,805,805,1,1.000000,1,0,21024805,21024805,contiguous,official_completed_subset
2010|special|B08|21027|3,2010,special,B08,numeric8,21027,3,^21027\d{3}$,1,4,4,1,1.000000,1,0,21027004,21027004,contiguous,official_completed_subset
2010|special|B08|21046|3,2010,special,B08,numeric8,21046,3,^21046\d{3}$,12,1,402,402,0.029851,2,390,21046001,21046402,sparse,official_completed_subset
2010|special|B09|21044|3,2010,special,B09,numeric8,21044,3,^21044\d{3}$,1,5,5,1,1.000000,1,0,21044005,21044005,contiguous,official_completed_subset
2010|youth_c|B01|21001|3,2010,youth_c,B01,numeric8,21001,3,^21001\d{3}$,73,1,120,120,0.608333,26,47,21001001,21001120,moderate,official_completed_subset
2010|youth_c|B01|21002|3,2010,youth_c,B01,numeric8,21002,3,^21002\d{3}$,65,1,127,127,0.511811,29,62,21002001,21002127,moderate,official_completed_subset
2010|youth_c|B01|21004|3,2010,youth_c,B01,numeric8,21004,3,^21004\d{3}$,21,4,79,76,0.276316,18,55,21004004,21004079,sparse,official_completed_subset
2010|youth_c|B02|21001|3,2010,youth_c,B02,numeric8,21001,3,^21001\d{3}$,1,42,42,1,1.000000,1,0,21001042,21001042,contiguous,official_completed_subset
2010|youth_c|B02|21003|3,2010,youth_c,B02,numeric8,21003,3,^21003\d{3}$,77,5,163,159,0.484277,33,82,21003005,21003163,moderate,official_completed_subset
2010|youth_c|B02|21004|3,2010,youth_c,B02,numeric8,21004,3,^21004\d{3}$,2,21,33,13,0.153846,2,11,21004021,21004033,sparse,official_completed_subset
2010|youth_c|B03|21001|3,2010,youth_c,B03,numeric8,21001,3,^21001\d{3}$,3,27,107,81,0.037037,3,78,21001027,21001107,sparse,official_completed_subset
2010|youth_c|B03|21002|3,2010,youth_c,B03,numeric8,21002,3,^21002\d{3}$,3,55,88,34,0.088235,3,31,21002055,21002088,sparse,official_completed_subset
2010|youth_c|B03|21003|3,2010,youth_c,B03,numeric8,21003,3,^21003\d{3}$,72,1,162,162,0.444444,35,90,21003001,21003162,moderate,official_completed_subset
2010|youth_c|B03|21004|3,2010,youth_c,B03,numeric8,21004,3,^21004\d{3}$,17,1,73,73,0.232877,11,56,21004001,21004073,sparse,official_completed_subset
2010|youth_c|B03|21005|3,2010,youth_c,B03,numeric8,21005,3,^21005\d{3}$,2,52,63,12,0.166667,2,10,21005052,21005063,sparse,official_completed_subset
2010|youth_c|B04|21002|3,2010,youth_c,B04,numeric8,21002,3,^21002\d{3}$,2,118,121,4,0.500000,2,2,21002118,21002121,moderate,official_completed_subset
2010|youth_c|B04|21004|3,2010,youth_c,B04,numeric8,21004,3,^21004\d{3}$,3,18,65,48,0.062500,3,45,21004018,21004065,sparse,official_completed_subset
2010|youth_c|B04|21005|3,2010,youth_c,B04,numeric8,21005,3,^21005\d{3}$,90,1,92,92,0.978261,3,2,21005001,21005092,dense,official_completed_subset
2010|youth_c|B05|21001|3,2010,youth_c,B05,numeric8,21001,3,^21001\d{3}$,26,4,117,114,0.228070,18,88,21001004,21001117,sparse,official_completed_subset
2010|youth_c|B05|21002|3,2010,youth_c,B05,numeric8,21002,3,^21002\d{3}$,14,11,119,109,0.128440,12,95,21002011,21002119,sparse,official_completed_subset
2010|youth_c|B05|21004|3,2010,youth_c,B05,numeric8,21004,3,^21004\d{3}$,36,5,80,76,0.473684,18,40,21004005,21004080,moderate,official_completed_subset
2010|youth_c|B06|21001|3,2010,youth_c,B06,numeric8,21001,3,^21001\d{3}$,1,67,67,1,1.000000,1,0,21001067,21001067,contiguous,official_completed_subset
2010|youth_c|B06|21007|3,2010,youth_c,B06,numeric8,21007,3,^21007\d{3}$,94,1,94,94,1.000000,1,0,21007001,21007094,contiguous,official_completed_subset
2010|youth_c|B07|21001|3,2010,youth_c,B07,numeric8,21001,3,^21001\d{3}$,17,10,121,112,0.151786,14,95,21001010,21001121,sparse,official_completed_subset
2010|youth_c|B07|21002|3,2010,youth_c,B07,numeric8,21002,3,^21002\d{3}$,42,2,126,125,0.336000,26,83,21002002,21002126,sparse,official_completed_subset
2010|youth_c|B07|21003|3,2010,youth_c,B07,numeric8,21003,3,^21003\d{3}$,4,27,156,130,0.030769,4,126,21003027,21003156,sparse,official_completed_subset
2010|youth_c|B08|21002|3,2010,youth_c,B08,numeric8,21002,3,^21002\d{3}$,1,34,34,1,1.000000,1,0,21002034,21002034,contiguous,official_completed_subset
2010|youth_c|B08|21003|3,2010,youth_c,B08,numeric8,21003,3,^21003\d{3}$,2,61,138,78,0.025641,2,76,21003061,21003138,sparse,official_completed_subset
2010|youth_c|B08|21006|3,2010,youth_c,B08,numeric8,21006,3,^21006\d{3}$,130,1,130,130,1.000000,1,0,21006001,21006130,contiguous,official_completed_subset
2010|youth_c|B09|21003|3,2010,youth_c,B09,numeric8,21003,3,^21003\d{3}$,8,41,152,112,0.071429,8,104,21003041,21003152,sparse,official_completed_subset
2010|youth_c|B09|21004|3,2010,youth_c,B09,numeric8,21004,3,^21004\d{3}$,1,55,55,1,1.000000,1,0,21004055,21004055,contiguous,official_completed_subset
2011|general|B01|21171|3,2011,general,B01,numeric8,21171,3,^21171\d{3}$,105,3,176,174,0.603448,37,69,21171003,21171176,moderate,official_completed_subset
2011|general|B01|21172|3,2011,general,B01,numeric8,21172,3,^21172\d{3}$,174,1,270,270,0.644444,49,96,21172001,21172270,moderate,official_completed_subset
2011|general|B01|21174|3,2011,general,B01,numeric8,21174,3,^21174\d{3}$,50,1,165,165,0.303030,32,115,21174001,21174165,sparse,official_completed_subset
2011|general|B02|21171|3,2011,general,B02,numeric8,21171,3,^21171\d{3}$,4,55,175,121,0.033058,4,117,21171055,21171175,sparse,official_completed_subset
2011|general|B02|21173|3,2011,general,B02,numeric8,21173,3,^21173\d{3}$,128,1,274,274,0.467153,55,146,21173001,21173274,moderate,official_completed_subset
2011|general|B02|21174|3,2011,general,B02,numeric8,21174,3,^21174\d{3}$,6,28,119,92,0.065217,6,86,21174028,21174119,sparse,official_completed_subset
2011|general|B02|21175|3,2011,general,B02,numeric8,21175,3,^21175\d{3}$,1,130,130,1,1.000000,1,0,21175130,21175130,contiguous,official_completed_subset
2011|general|B03|21171|3,2011,general,B03,numeric8,21171,3,^21171\d{3}$,14,2,168,167,0.083832,13,153,21171002,21171168,sparse,official_completed_subset
2011|general|B03|21172|3,2011,general,B03,numeric8,21172,3,^21172\d{3}$,8,66,248,183,0.043716,8,175,21172066,21172248,sparse,official_completed_subset
2011|general|B03|21173|3,2011,general,B03,numeric8,21173,3,^21173\d{3}$,119,2,273,272,0.437500,48,153,21173002,21173273,moderate,official_completed_subset
2011|general|B03|21174|3,2011,general,B03,numeric8,21174,3,^21174\d{3}$,18,6,167,162,0.111111,17,144,21174006,21174167,sparse,official_completed_subset
2011|general|B03|21175|3,2011,general,B03,numeric8,21175,3,^21175\d{3}$,9,41,157,117,0.076923,8,108,21175041,21175157,sparse,official_completed_subset
2011|general|B04|21171|3,2011,general,B04,numeric8,21171,3,^21171\d{3}$,4,54,161,108,0.037037,4,104,21171054,21171161,sparse,official_completed_subset
2011|general|B04|21172|3,2011,general,B04,numeric8,21172,3,^21172\d{3}$,3,87,250,164,0.018293,3,161,21172087,21172250,sparse,official_completed_subset
2011|general|B04|21174|3,2011,general,B04,numeric8,21174,3,^21174\d{3}$,15,7,161,155,0.096774,13,140,21174007,21174161,sparse,official_completed_subset
2011|general|B04|21175|3,2011,general,B04,numeric8,21175,3,^21175\d{3}$,149,1,159,159,0.937107,10,10,21175001,21175159,dense,official_completed_subset
2011|general|B05|21171|3,2011,general,B05,numeric8,21171,3,^21171\d{3}$,31,1,179,179,0.173184,21,148,21171001,21171179,sparse,official_completed_subset
2011|general|B05|21172|3,2011,general,B05,numeric8,21172,3,^21172\d{3}$,9,35,252,218,0.041284,7,209,21172035,21172252,sparse,official_completed_subset
2011|general|B05|21174|3,2011,general,B05,numeric8,21174,3,^21174\d{3}$,77,2,166,165,0.466667,31,88,21174002,21174166,moderate,official_completed_subset
2011|general|B06|21171|3,2011,general,B06,numeric8,21171,3,^21171\d{3}$,3,104,169,66,0.045455,3,63,21171104,21171169,sparse,official_completed_subset
2011|general|B06|21173|3,2011,general,B06,numeric8,21173,3,^21173\d{3}$,2,28,33,6,0.333333,2,4,21173028,21173033,sparse,official_completed_subset
2011|general|B06|21176|3,2011,general,B06,numeric8,21176,3,^21176\d{3}$,1,122,122,1,1.000000,1,0,21176122,21176122,contiguous,official_completed_subset
2011|general|B06|21177|3,2011,general,B06,numeric8,21177,3,^21177\d{3}$,164,1,164,164,1.000000,1,0,21177001,21177164,contiguous,official_completed_subset
2011|general|B07|21171|3,2011,general,B07,numeric8,21171,3,^21171\d{3}$,18,11,177,167,0.107784,15,149,21171011,21171177,sparse,official_completed_subset
2011|general|B07|21172|3,2011,general,B07,numeric8,21172,3,^21172\d{3}$,78,8,274,267,0.292135,45,189,21172008,21172274,sparse,official_completed_subset
2011|general|B07|21173|3,2011,general,B07,numeric8,21173,3,^21173\d{3}$,11,12,259,248,0.044355,8,237,21173012,21173259,sparse,official_completed_subset
2011|general|B08|21172|3,2011,general,B08,numeric8,21172,3,^21172\d{3}$,1,88,88,1,1.000000,1,0,21172088,21172088,contiguous,official_completed_subset
2011|general|B08|21173|3,2011,general,B08,numeric8,21173,3,^21173\d{3}$,3,74,244,171,0.017544,3,168,21173074,21173244,sparse,official_completed_subset
2011|general|B08|21176|3,2011,general,B08,numeric8,21176,3,^21176\d{3}$,272,1,273,273,0.996337,2,1,21176001,21176273,dense,official_completed_subset
2011|general|B09|21173|3,2011,general,B09,numeric8,21173,3,^21173\d{3}$,11,54,206,153,0.071895,10,142,21173054,21173206,sparse,official_completed_subset
2011|general|B09|21174|3,2011,general,B09,numeric8,21174,3,^21174\d{3}$,1,63,63,1,1.000000,1,0,21174063,21174063,contiguous,official_completed_subset
2011|joint_fund|B08|U1162|3,2011,joint_fund,B08,alpha_numeric,U1162,3,^U1162\d{3}$,37,101,206,106,0.349057,2,69,U1162101,U1162206,sparse,official_completed_subset
2011|key|B01|21131|3,2011,key,B01,numeric8,21131,3,^21131\d{3}$,4,1,6,6,0.666667,2,2,21131001,21131006,moderate,official_completed_subset
2011|key|B01|21132|3,2011,key,B01,numeric8,21132,3,^21132\d{3}$,6,1,7,7,0.857143,2,1,21132001,21132007,dense,official_completed_subset
2011|key|B02|21133|3,2011,key,B02,numeric8,21133,3,^21133\d{3}$,3,8,11,4,0.750000,2,1,21133008,21133011,moderate,official_completed_subset
2011|key|B03|21133|3,2011,key,B03,numeric8,21133,3,^21133\d{3}$,6,1,9,9,0.666667,3,3,21133001,21133009,moderate,official_completed_subset
2011|key|B03|21134|3,2011,key,B03,numeric8,21134,3,^21134\d{3}$,1,6,6,1,1.000000,1,0,21134006,21134006,contiguous,official_completed_subset
2011|key|B04|21135|3,2011,key,B04,numeric8,21135,3,^21135\d{3}$,6,1,6,6,1.000000,1,0,21135001,21135006,contiguous,official_completed_subset
2011|key|B05|21131|3,2011,key,B05,numeric8,21131,3,^21131\d{3}$,1,2,2,1,1.000000,1,0,21131002,21131002,contiguous,official_completed_subset
2011|key|B05|21134|3,2011,key,B05,numeric8,21134,3,^21134\d{3}$,5,1,5,5,1.000000,1,0,21134001,21134005,contiguous,official_completed_subset
2011|key|B06|21137|3,2011,key,B06,numeric8,21137,3,^21137\d{3}$,4,1,4,4,1.000000,1,0,21137001,21137004,contiguous,official_completed_subset
2011|key|B07|21131|3,2011,key,B07,numeric8,21131,3,^21131\d{3}$,1,3,3,1,1.000000,1,0,21131003,21131003,contiguous,official_completed_subset
2011|key|B07|21132|3,2011,key,B07,numeric8,21132,3,^21132\d{3}$,3,3,9,7,0.428571,2,4,21132003,21132009,moderate,official_completed_subset
2011|key|B07|21133|3,2011,key,B07,numeric8,21133,3,^21133\d{3}$,2,2,3,2,1.000000,1,0,21133002,21133003,contiguous,official_completed_subset
2011|key|B08|21136|3,2011,key,B08,numeric8,21136,3,^21136\d{3}$,9,1,9,9,1.000000,1,0,21136001,21136009,contiguous,official_completed_subset
2011|major_research_plan|B01|91106|3,2011,major_research_plan,B01,numeric8,91106,3,^91106\d{3}$,1,0,0,1,1.000000,1,0,91106000,91106000,contiguous,official_completed_subset
2011|major_research_plan|B01|91122|3,2011,major_research_plan,B01,numeric8,91122,3,^91122\d{3}$,20,0,32,33,0.606061,2,13,91122000,91122032,moderate,official_completed_subset
2011|major_research_plan|B01|91123|3,2011,major_research_plan,B01,numeric8,91123,3,^91123\d{3}$,1,1,1,1,1.000000,1,0,91123001,91123001,contiguous,official_completed_subset
2011|major_research_plan|B01|91127|3,2011,major_research_plan,B01,numeric8,91127,3,^91127\d{3}$,16,1,47,47,0.340426,5,31,91127001,91127047,sparse,official_completed_subset
2011|major_research_plan|B02|91127|3,2011,major_research_plan,B02,numeric8,91127,3,^91127\d{3}$,10,17,44,28,0.357143,2,18,91127017,91127044,sparse,official_completed_subset
2011|major_research_plan|B03|91121|3,2011,major_research_plan,B03,numeric8,91121,3,^91121\d{3}$,1,6,6,1,1.000000,1,0,91121006,91121006,contiguous,official_completed_subset
2011|major_research_plan|B03|91122|3,2011,major_research_plan,B03,numeric8,91122,3,^91122\d{3}$,2,14,15,2,1.000000,1,0,91122014,91122015,contiguous,official_completed_subset
2011|major_research_plan|B03|91123|3,2011,major_research_plan,B03,numeric8,91123,3,^91123\d{3}$,2,2,3,2,1.000000,1,0,91123002,91123003,contiguous,official_completed_subset
2011|major_research_plan|B03|91127|3,2011,major_research_plan,B03,numeric8,91127,3,^91127\d{3}$,7,11,42,32,0.218750,2,25,91127011,91127042,sparse,official_completed_subset
2011|major_research_plan|B04|91127|3,2011,major_research_plan,B04,numeric8,91127,3,^91127\d{3}$,5,33,37,5,1.000000,1,0,91127033,91127037,contiguous,official_completed_subset
2011|major_research_plan|B04|91132|3,2011,major_research_plan,B04,numeric8,91132,3,^91132\d{3}$,1,708,708,1,1.000000,1,0,91132708,91132708,contiguous,official_completed_subset
2011|major_research_plan|B05|91122|3,2011,major_research_plan,B05,numeric8,91122,3,^91122\d{3}$,6,16,34,19,0.315789,2,13,91122016,91122034,sparse,official_completed_subset
2011|major_research_plan|B05|91127|3,2011,major_research_plan,B05,numeric8,91127,3,^91127\d{3}$,7,3,29,27,0.259259,3,20,91127003,91127029,sparse,official_completed_subset
2011|major_research_plan|B06|91126|3,2011,major_research_plan,B06,numeric8,91126,3,^91126\d{3}$,3,6,22,17,0.176471,2,14,91126006,91126022,sparse,official_completed_subset
2011|major_research_plan|B07|91113|3,2011,major_research_plan,B07,numeric8,91113,3,^91113\d{3}$,1,0,0,1,1.000000,1,0,91113000,91113000,contiguous,official_completed_subset
2011|major_research_plan|B09|91127|3,2011,major_research_plan,B09,numeric8,91127,3,^91127\d{3}$,1,0,0,1,1.000000,1,0,91127000,91127000,contiguous,official_completed_subset
2011|regional|B01|21161|3,2011,regional,B01,numeric8,21161,3,^21161\d{3}$,12,5,23,19,0.631579,8,7,21161005,21161023,moderate,official_completed_subset
2011|regional|B01|21162|3,2011,regional,B01,numeric8,21162,3,^21162\d{3}$,24,2,47,46,0.521739,12,22,21162002,21162047,moderate,official_completed_subset
2011|regional|B01|21164|3,2011,regional,B01,numeric8,21164,3,^21164\d{3}$,4,5,13,9,0.444444,3,5,21164005,21164013,moderate,official_completed_subset
2011|regional|B02|21161|3,2011,regional,B02,numeric8,21161,3,^21161\d{3}$,1,12,12,1,1.000000,1,0,21161012,21161012,contiguous,official_completed_subset
2011|regional|B02|21163|3,2011,regional,B02,numeric8,21163,3,^21163\d{3}$,18,2,25,24,0.750000,6,6,21163002,21163025,moderate,official_completed_subset
2011|regional|B02|21165|3,2011,regional,B02,numeric8,21165,3,^21165\d{3}$,1,11,11,1,1.000000,1,0,21165011,21165011,contiguous,official_completed_subset
2011|regional|B03|21161|3,2011,regional,B03,numeric8,21161,3,^21161\d{3}$,1,20,20,1,1.000000,1,0,21161020,21161020,contiguous,official_completed_subset
2011|regional|B03|21163|3,2011,regional,B03,numeric8,21163,3,^21163\d{3}$,4,1,22,22,0.181818,4,18,21163001,21163022,sparse,official_completed_subset
2011|regional|B03|21164|3,2011,regional,B03,numeric8,21164,3,^21164\d{3}$,1,1,1,1,1.000000,1,0,21164001,21164001,contiguous,official_completed_subset
2011|regional|B04|21165|3,2011,regional,B04,numeric8,21165,3,^21165\d{3}$,22,1,23,23,0.956522,2,1,21165001,21165023,dense,official_completed_subset
2011|regional|B05|21161|3,2011,regional,B05,numeric8,21161,3,^21161\d{3}$,5,2,17,16,0.312500,5,11,21161002,21161017,sparse,official_completed_subset
2011|regional|B05|21164|3,2011,regional,B05,numeric8,21164,3,^21164\d{3}$,8,2,12,11,0.727273,3,3,21164002,21164012,moderate,official_completed_subset
2011|regional|B06|21167|3,2011,regional,B06,numeric8,21167,3,^21167\d{3}$,18,1,18,18,1.000000,1,0,21167001,21167018,contiguous,official_completed_subset
2011|regional|B07|21161|3,2011,regional,B07,numeric8,21161,3,^21161\d{3}$,4,1,22,22,0.181818,4,18,21161001,21161022,sparse,official_completed_subset
2011|regional|B07|21162|3,2011,regional,B07,numeric8,21162,3,^21162\d{3}$,21,1,46,46,0.456522,12,25,21162001,21162046,moderate,official_completed_subset
2011|regional|B07|21163|3,2011,regional,B07,numeric8,21163,3,^21163\d{3}$,2,14,24,11,0.181818,2,9,21163014,21163024,sparse,official_completed_subset
2011|regional|B08|21162|3,2011,regional,B08,numeric8,21162,3,^21162\d{3}$,2,18,19,2,1.000000,1,0,21162018,21162019,contiguous,official_completed_subset
2011|regional|B08|21166|3,2011,regional,B08,numeric8,21166,3,^21166\d{3}$,23,1,24,24,0.958333,2,1,21166001,21166024,dense,official_completed_subset
2011|regional|B09|21163|3,2011,regional,B09,numeric8,21163,3,^21163\d{3}$,1,10,10,1,1.000000,1,0,21163010,21163010,contiguous,official_completed_subset
2011|special|B01|21141|3,2011,special,B01,numeric8,21141,3,^21141\d{3}$,8,1,403,403,0.019851,4,395,21141001,21141403,sparse,official_completed_subset
2011|special|B01|21142|3,2011,special,B01,numeric8,21142,3,^21142\d{3}$,7,1,402,402,0.017413,5,395,21142001,21142402,sparse,official_completed_subset
2011|special|B01|21144|3,2011,special,B01,numeric8,21144,3,^21144\d{3}$,1,8,8,1,1.000000,1,0,21144008,21144008,contiguous,official_completed_subset
2011|special|B01|21151|3,2011,special,B01,numeric8,21151,3,^21151\d{3}$,2,1,2,2,1.000000,1,0,21151001,21151002,contiguous,official_completed_subset
2011|special|B01|21152|3,2011,special,B01,numeric8,21152,3,^21152\d{3}$,1,1,1,1,1.000000,1,0,21152001,21152001,contiguous,official_completed_subset
2011|special|B02|21141|3,2011,special,B02,numeric8,21141,3,^21141\d{3}$,1,4,4,1,1.000000,1,0,21141004,21141004,contiguous,official_completed_subset
2011|special|B02|21143|3,2011,special,B02,numeric8,21143,3,^21143\d{3}$,6,1,401,401,0.014963,5,395,21143001,21143401,sparse,official_completed_subset
2011|special|B03|21127|3,2011,special,B03,numeric8,21127,3,^21127\d{3}$,4,1,4,4,1.000000,1,0,21127001,21127004,contiguous,official_completed_subset
2011|special|B03|21143|3,2011,special,B03,numeric8,21143,3,^21143\d{3}$,5,3,11,9,0.555556,3,4,21143003,21143011,moderate,official_completed_subset
2011|special|B03|21144|3,2011,special,B03,numeric8,21144,3,^21144\d{3}$,2,5,7,3,0.666667,2,1,21144005,21144007,moderate,official_completed_subset
2011|special|B03|21153|3,2011,special,B03,numeric8,21153,3,^21153\d{3}$,3,1,3,3,1.000000,1,0,21153001,21153003,contiguous,official_completed_subset
2011|special|B04|21127|3,2011,special,B04,numeric8,21127,3,^21127\d{3}$,7,5,12,8,0.875000,2,1,21127005,21127012,dense,official_completed_subset
2011|special|B04|21144|3,2011,special,B04,numeric8,21144,3,^21144\d{3}$,2,1,6,6,0.333333,2,4,21144001,21144006,sparse,official_completed_subset
2011|special|B04|21145|3,2011,special,B04,numeric8,21145,3,^21145\d{3}$,8,1,402,402,0.019900,2,394,21145001,21145402,sparse,official_completed_subset
2011|special|B04|21155|3,2011,special,B04,numeric8,21155,3,^21155\d{3}$,2,1,2,2,1.000000,1,0,21155001,21155002,contiguous,official_completed_subset
2011|special|B05|21141|3,2011,special,B05,numeric8,21141,3,^21141\d{3}$,1,5,5,1,1.000000,1,0,21141005,21141005,contiguous,official_completed_subset
2011|special|B05|21144|3,2011,special,B05,numeric8,21144,3,^21144\d{3}$,5,2,402,401,0.012469,2,396,21144002,21144402,sparse,official_completed_subset
2011|special|B06|21147|3,2011,special,B06,numeric8,21147,3,^21147\d{3}$,8,1,401,401,0.019950,2,393,21147001,21147401,sparse,official_completed_subset
2011|special|B07|21141|3,2011,special,B07,numeric8,21141,3,^21141\d{3}$,1,402,402,1,1.000000,1,0,21141402,21141402,contiguous,official_completed_subset
2011|special|B07|21142|3,2011,special,B07,numeric8,21142,3,^21142\d{3}$,9,2,14,13,0.692308,4,4,21142002,21142014,moderate,official_completed_subset
2011|special|B07|21143|3,2011,special,B07,numeric8,21143,3,^21143\d{3}$,1,5,5,1,1.000000,1,0,21143005,21143005,contiguous,official_completed_subset
2011|special|B07|21152|3,2011,special,B07,numeric8,21152,3,^21152\d{3}$,1,2,2,1,1.000000,1,0,21152002,21152002,contiguous,official_completed_subset
2011|special|B08|21127|3,2011,special,B08,numeric8,21127,3,^21127\d{3}$,1,11,11,1,1.000000,1,0,21127011,21127011,contiguous,official_completed_subset
2011|special|B08|21146|3,2011,special,B08,numeric8,21146,3,^21146\d{3}$,15,1,403,403,0.037221,2,388,21146001,21146403,sparse,official_completed_subset
2011|youth_c|B01|21101|3,2011,youth_c,B01,numeric8,21101,3,^21101\d{3}$,106,3,175,173,0.612717,37,67,21101003,21101175,moderate,official_completed_subset
2011|youth_c|B01|21102|3,2011,youth_c,B01,numeric8,21102,3,^21102\d{3}$,91,1,187,187,0.486631,41,96,21102001,21102187,moderate,official_completed_subset
2011|youth_c|B01|21104|3,2011,youth_c,B01,numeric8,21104,3,^21104\d{3}$,27,4,96,93,0.290323,18,66,21104004,21104096,sparse,official_completed_subset
2011|youth_c|B02|21101|3,2011,youth_c,B02,numeric8,21101,3,^21101\d{3}$,5,5,163,159,0.031447,5,154,21101005,21101163,sparse,official_completed_subset
2011|youth_c|B02|21103|3,2011,youth_c,B02,numeric8,21103,3,^21103\d{3}$,108,5,236,232,0.465517,47,124,21103005,21103236,moderate,official_completed_subset
2011|youth_c|B02|21104|3,2011,youth_c,B02,numeric8,21104,3,^21104\d{3}$,4,47,93,47,0.085106,4,43,21104047,21104093,sparse,official_completed_subset
2011|youth_c|B03|21101|3,2011,youth_c,B03,numeric8,21101,3,^21101\d{3}$,15,11,176,166,0.090361,14,151,21101011,21101176,sparse,official_completed_subset
2011|youth_c|B03|21102|3,2011,youth_c,B03,numeric8,21102,3,^21102\d{3}$,10,2,166,165,0.060606,8,155,21102002,21102166,sparse,official_completed_subset
2011|youth_c|B03|21103|3,2011,youth_c,B03,numeric8,21103,3,^21103\d{3}$,97,1,234,234,0.414530,47,137,21103001,21103234,moderate,official_completed_subset
2011|youth_c|B03|21104|3,2011,youth_c,B03,numeric8,21104,3,^21104\d{3}$,15,3,89,87,0.172414,12,72,21104003,21104089,sparse,official_completed_subset
2011|youth_c|B03|21105|3,2011,youth_c,B03,numeric8,21105,3,^21105\d{3}$,2,35,129,95,0.021053,2,93,21105035,21105129,sparse,official_completed_subset
2011|youth_c|B04|21102|3,2011,youth_c,B04,numeric8,21102,3,^21102\d{3}$,3,30,157,128,0.023438,3,125,21102030,21102157,sparse,official_completed_subset
2011|youth_c|B04|21104|3,2011,youth_c,B04,numeric8,21104,3,^21104\d{3}$,12,1,94,94,0.127660,9,82,21104001,21104094,sparse,official_completed_subset
2011|youth_c|B04|21105|3,2011,youth_c,B04,numeric8,21105,3,^21105\d{3}$,131,1,134,134,0.977612,4,3,21105001,21105134,dense,official_completed_subset
2011|youth_c|B05|21101|3,2011,youth_c,B05,numeric8,21101,3,^21101\d{3}$,31,1,172,172,0.180233,26,141,21101001,21101172,sparse,official_completed_subset
2011|youth_c|B05|21102|3,2011,youth_c,B05,numeric8,21102,3,^21102\d{3}$,14,14,171,158,0.088608,13,144,21102014,21102171,sparse,official_completed_subset
2011|youth_c|B05|21104|3,2011,youth_c,B05,numeric8,21104,3,^21104\d{3}$,40,2,99,98,0.408163,22,58,21104002,21104099,moderate,official_completed_subset
2011|youth_c|B06|21101|3,2011,youth_c,B06,numeric8,21101,3,^21101\d{3}$,6,24,157,134,0.044776,5,128,21101024,21101157,sparse,official_completed_subset
2011|youth_c|B06|21103|3,2011,youth_c,B06,numeric8,21103,3,^21103\d{3}$,1,198,198,1,1.000000,1,0,21103198,21103198,contiguous,official_completed_subset
2011|youth_c|B06|21107|3,2011,youth_c,B06,numeric8,21107,3,^21107\d{3}$,147,1,147,147,1.000000,1,0,21107001,21107147,contiguous,official_completed_subset
2011|youth_c|B07|21101|3,2011,youth_c,B07,numeric8,21101,3,^21101\d{3}$,12,2,153,152,0.078947,10,140,21101002,21101153,sparse,official_completed_subset
2011|youth_c|B07|21102|3,2011,youth_c,B07,numeric8,21102,3,^21102\d{3}$,66,3,185,183,0.360656,36,117,21102003,21102185,sparse,official_completed_subset
2011|youth_c|B07|21103|3,2011,youth_c,B07,numeric8,21103,3,^21103\d{3}$,10,59,230,172,0.058140,10,162,21103059,21103230,sparse,official_completed_subset
2011|youth_c|B08|21102|3,2011,youth_c,B08,numeric8,21102,3,^21102\d{3}$,1,178,178,1,1.000000,1,0,21102178,21102178,contiguous,official_completed_subset
2011|youth_c|B08|21103|3,2011,youth_c,B08,numeric8,21103,3,^21103\d{3}$,4,15,151,137,0.029197,4,133,21103015,21103151,sparse,official_completed_subset
2011|youth_c|B08|21106|3,2011,youth_c,B08,numeric8,21106,3,^21106\d{3}$,190,1,191,191,0.994764,2,1,21106001,21106191,dense,official_completed_subset
2011|youth_c|B09|21103|3,2011,youth_c,B09,numeric8,21103,3,^21103\d{3}$,15,8,227,220,0.068182,13,205,21103008,21103227,sparse,official_completed_subset
2011|youth_c|B09|21104|3,2011,youth_c,B09,numeric8,21104,3,^21104\d{3}$,1,63,63,1,1.000000,1,0,21104063,21104063,contiguous,official_completed_subset
2012|general|B01|21271|3,2012,general,B01,numeric8,21271,3,^21271\d{3}$,106,1,192,192,0.552083,46,86,21271001,21271192,moderate,official_completed_subset
2012|general|B01|21272|3,2012,general,B01,numeric8,21272,3,^21272\d{3}$,175,1,293,293,0.597270,53,118,21272001,21272293,moderate,official_completed_subset
2012|general|B01|21274|3,2012,general,B01,numeric8,21274,3,^21274\d{3}$,54,3,168,166,0.325301,35,112,21274003,21274168,sparse,official_completed_subset
2012|general|B02|21271|3,2012,general,B02,numeric8,21271,3,^21271\d{3}$,4,27,182,156,0.025641,4,152,21271027,21271182,sparse,official_completed_subset
2012|general|B02|21273|3,2012,general,B02,numeric8,21273,3,^21273\d{3}$,148,1,293,293,0.505119,59,145,21273001,21273293,moderate,official_completed_subset
2012|general|B02|21274|3,2012,general,B02,numeric8,21274,3,^21274\d{3}$,5,6,101,96,0.052083,4,91,21274006,21274101,sparse,official_completed_subset
2012|general|B02|21275|3,2012,general,B02,numeric8,21275,3,^21275\d{3}$,2,16,140,125,0.016000,2,123,21275016,21275140,sparse,official_completed_subset
2012|general|B03|21271|3,2012,general,B03,numeric8,21271,3,^21271\d{3}$,9,32,155,124,0.072581,9,115,21271032,21271155,sparse,official_completed_subset
2012|general|B03|21272|3,2012,general,B03,numeric8,21272,3,^21272\d{3}$,7,50,224,175,0.040000,6,168,21272050,21272224,sparse,official_completed_subset
2012|general|B03|21273|3,2012,general,B03,numeric8,21273,3,^21273\d{3}$,111,3,291,289,0.384083,55,178,21273003,21273291,sparse,official_completed_subset
2012|general|B03|21274|3,2012,general,B03,numeric8,21274,3,^21274\d{3}$,28,9,156,148,0.189189,14,120,21274009,21274156,sparse,official_completed_subset
2012|general|B03|21275|3,2012,general,B03,numeric8,21275,3,^21275\d{3}$,7,46,164,119,0.058824,7,112,21275046,21275164,sparse,official_completed_subset
2012|general|B04|21271|3,2012,general,B04,numeric8,21271,3,^21271\d{3}$,1,54,54,1,1.000000,1,0,21271054,21271054,contiguous,official_completed_subset
2012|general|B04|21272|3,2012,general,B04,numeric8,21272,3,^21272\d{3}$,3,188,262,75,0.040000,3,72,21272188,21272262,sparse,official_completed_subset
2012|general|B04|21274|3,2012,general,B04,numeric8,21274,3,^21274\d{3}$,13,5,164,160,0.081250,11,147,21274005,21274164,sparse,official_completed_subset
2012|general|B04|21275|3,2012,general,B04,numeric8,21275,3,^21275\d{3}$,160,1,169,169,0.946746,10,9,21275001,21275169,dense,official_completed_subset
2012|general|B05|21271|3,2012,general,B05,numeric8,21271,3,^21271\d{3}$,45,6,183,178,0.252809,33,133,21271006,21271183,sparse,official_completed_subset
2012|general|B05|21272|3,2012,general,B05,numeric8,21272,3,^21272\d{3}$,7,33,292,260,0.026923,6,253,21272033,21272292,sparse,official_completed_subset
2012|general|B05|21274|3,2012,general,B05,numeric8,21274,3,^21274\d{3}$,64,1,169,169,0.378698,38,105,21274001,21274169,sparse,official_completed_subset
2012|general|B06|21271|3,2012,general,B06,numeric8,21271,3,^21271\d{3}$,3,113,132,20,0.150000,2,17,21271113,21271132,sparse,official_completed_subset
2012|general|B06|21276|3,2012,general,B06,numeric8,21276,3,^21276\d{3}$,5,16,258,243,0.020576,5,238,21276016,21276258,sparse,official_completed_subset
2012|general|B06|21277|3,2012,general,B06,numeric8,21277,3,^21277\d{3}$,178,1,178,178,1.000000,1,0,21277001,21277178,contiguous,official_completed_subset
2012|general|B07|21271|3,2012,general,B07,numeric8,21271,3,^21271\d{3}$,24,2,185,184,0.130435,20,160,21271002,21271185,sparse,official_completed_subset
2012|general|B07|21272|3,2012,general,B07,numeric8,21272,3,^21272\d{3}$,98,8,291,284,0.345070,55,186,21272008,21272291,sparse,official_completed_subset
2012|general|B07|21273|3,2012,general,B07,numeric8,21273,3,^21273\d{3}$,14,23,287,265,0.052830,13,251,21273023,21273287,sparse,official_completed_subset
2012|general|B08|21272|3,2012,general,B08,numeric8,21272,3,^21272\d{3}$,2,30,51,22,0.090909,2,20,21272030,21272051,sparse,official_completed_subset
2012|general|B08|21273|3,2012,general,B08,numeric8,21273,3,^21273\d{3}$,3,48,251,204,0.014706,3,201,21273048,21273251,sparse,official_completed_subset
2012|general|B08|21276|3,2012,general,B08,numeric8,21276,3,^21276\d{3}$,286,1,291,291,0.982818,6,5,21276001,21276291,dense,official_completed_subset
2012|general|B09|21273|3,2012,general,B09,numeric8,21273,3,^21273\d{3}$,16,19,204,186,0.086022,14,170,21273019,21273204,sparse,official_completed_subset
2012|general|B09|21274|3,2012,general,B09,numeric8,21274,3,^21274\d{3}$,5,43,161,119,0.042017,5,114,21274043,21274161,sparse,official_completed_subset
2012|joint_fund|B01|U1204|3,2012,joint_fund,B01,alpha_numeric,U1204,3,^U1204\d{3}$,4,204,213,10,0.400000,3,6,U1204204,U1204213,moderate,official_completed_subset
2012|joint_fund|B02|U1204|3,2012,joint_fund,B02,alpha_numeric,U1204,3,^U1204\d{3}$,1,210,210,1,1.000000,1,0,U1204210,U1204210,contiguous,official_completed_subset
2012|joint_fund|B03|U1204|3,2012,joint_fund,B03,alpha_numeric,U1204,3,^U1204\d{3}$,3,208,211,4,0.750000,2,1,U1204208,U1204211,moderate,official_completed_subset
2012|joint_fund|B04|U1204|3,2012,joint_fund,B04,alpha_numeric,U1204,3,^U1204\d{3}$,1,214,214,1,1.000000,1,0,U1204214,U1204214,contiguous,official_completed_subset
2012|joint_fund|B05|U1204|3,2012,joint_fund,B05,alpha_numeric,U1204,3,^U1204\d{3}$,3,202,212,11,0.272727,2,8,U1204202,U1204212,sparse,official_completed_subset
2012|joint_fund|B07|U1204|3,2012,joint_fund,B07,alpha_numeric,U1204,3,^U1204\d{3}$,2,201,206,6,0.333333,2,4,U1204201,U1204206,sparse,official_completed_subset
2012|joint_fund|B08|U1204|3,2012,joint_fund,B08,alpha_numeric,U1204,3,^U1204\d{3}$,1,215,215,1,1.000000,1,0,U1204215,U1204215,contiguous,official_completed_subset
2012|key|B01|21231|3,2012,key,B01,numeric8,21231,3,^21231\d{3}$,3,2,4,3,1.000000,1,0,21231002,21231004,contiguous,official_completed_subset
2012|key|B01|21232|3,2012,key,B01,numeric8,21232,3,^21232\d{3}$,6,3,9,7,0.857143,2,1,21232003,21232009,dense,official_completed_subset
2012|key|B01|21234|3,2012,key,B01,numeric8,21234,3,^21234\d{3}$,2,5,6,2,1.000000,1,0,21234005,21234006,contiguous,official_completed_subset
2012|key|B02|21233|3,2012,key,B02,numeric8,21233,3,^21233\d{3}$,5,1,10,10,0.500000,4,5,21233001,21233010,moderate,official_completed_subset
2012|key|B03|21231|3,2012,key,B03,numeric8,21231,3,^21231\d{3}$,2,1,6,6,0.333333,2,4,21231001,21231006,sparse,official_completed_subset
2012|key|B03|21232|3,2012,key,B03,numeric8,21232,3,^21232\d{3}$,1,1,1,1,1.000000,1,0,21232001,21232001,contiguous,official_completed_subset
2012|key|B03|21233|3,2012,key,B03,numeric8,21233,3,^21233\d{3}$,5,5,11,7,0.714286,3,2,21233005,21233011,moderate,official_completed_subset
2012|key|B03|21234|3,2012,key,B03,numeric8,21234,3,^21234\d{3}$,3,1,7,7,0.428571,3,4,21234001,21234007,moderate,official_completed_subset
2012|key|B04|21235|3,2012,key,B04,numeric8,21235,3,^21235\d{3}$,7,1,7,7,1.000000,1,0,21235001,21235007,contiguous,official_completed_subset
2012|key|B05|21231|3,2012,key,B05,numeric8,21231,3,^21231\d{3}$,1,5,5,1,1.000000,1,0,21231005,21231005,contiguous,official_completed_subset
2012|key|B05|21234|3,2012,key,B05,numeric8,21234,3,^21234\d{3}$,2,2,4,3,0.666667,2,1,21234002,21234004,moderate,official_completed_subset
2012|key|B06|21237|3,2012,key,B06,numeric8,21237,3,^21237\d{3}$,5,1,5,5,1.000000,1,0,21237001,21237005,contiguous,official_completed_subset
2012|key|B07|21231|3,2012,key,B07,numeric8,21231,3,^21231\d{3}$,1,7,7,1,1.000000,1,0,21231007,21231007,contiguous,official_completed_subset
2012|key|B07|21232|3,2012,key,B07,numeric8,21232,3,^21232\d{3}$,2,2,5,4,0.500000,2,2,21232002,21232005,moderate,official_completed_subset
2012|key|B07|21233|3,2012,key,B07,numeric8,21233,3,^21233\d{3}$,1,2,2,1,1.000000,1,0,21233002,21233002,contiguous,official_completed_subset
2012|key|B08|21236|3,2012,key,B08,numeric8,21236,3,^21236\d{3}$,9,1,9,9,1.000000,1,0,21236001,21236009,contiguous,official_completed_subset
2012|major_research_plan|B01|91213|3,2012,major_research_plan,B01,numeric8,91213,3,^91213\d{3}$,1,301,301,1,1.000000,1,0,91213301,91213301,contiguous,official_completed_subset
2012|major_research_plan|B01|91222|3,2012,major_research_plan,B01,numeric8,91222,3,^91222\d{3}$,8,101,203,103,0.077670,2,95,91222101,91222203,sparse,official_completed_subset
2012|major_research_plan|B01|91227|3,2012,major_research_plan,B01,numeric8,91227,3,^91227\d{3}$,9,103,203,101,0.089109,4,92,91227103,91227203,sparse,official_completed_subset
2012|major_research_plan|B02|91227|3,2012,major_research_plan,B02,numeric8,91227,3,^91227\d{3}$,2,116,117,2,1.000000,1,0,91227116,91227117,contiguous,official_completed_subset
2012|major_research_plan|B03|91221|3,2012,major_research_plan,B03,numeric8,91221,3,^91221\d{3}$,2,104,105,2,1.000000,1,0,91221104,91221105,contiguous,official_completed_subset
2012|major_research_plan|B03|91227|3,2012,major_research_plan,B03,numeric8,91227,3,^91227\d{3}$,8,110,201,92,0.086957,3,84,91227110,91227201,sparse,official_completed_subset
2012|major_research_plan|B03|91233|3,2012,major_research_plan,B03,numeric8,91233,3,^91233\d{3}$,5,104,108,5,1.000000,1,0,91233104,91233108,contiguous,official_completed_subset
2012|major_research_plan|B04|91213|3,2012,major_research_plan,B04,numeric8,91213,3,^91213\d{3}$,1,305,305,1,1.000000,1,0,91213305,91213305,contiguous,official_completed_subset
2012|major_research_plan|B04|91227|3,2012,major_research_plan,B04,numeric8,91227,3,^91227\d{3}$,1,121,121,1,1.000000,1,0,91227121,91227121,contiguous,official_completed_subset
2012|major_research_plan|B04|91232|3,2012,major_research_plan,B04,numeric8,91232,3,^91232\d{3}$,1,703,703,1,1.000000,1,0,91232703,91232703,contiguous,official_completed_subset
2012|major_research_plan|B05|91222|3,2012,major_research_plan,B05,numeric8,91222,3,^91222\d{3}$,3,106,108,3,1.000000,1,0,91222106,91222108,contiguous,official_completed_subset
2012|major_research_plan|B05|91227|3,2012,major_research_plan,B05,numeric8,91227,3,^91227\d{3}$,2,104,109,6,0.333333,2,4,91227104,91227109,sparse,official_completed_subset
2012|major_research_plan|B06|91226|3,2012,major_research_plan,B06,numeric8,91226,3,^91226\d{3}$,6,108,113,6,1.000000,1,0,91226108,91226113,contiguous,official_completed_subset
2012|major_research_plan|B07|91213|3,2012,major_research_plan,B07,numeric8,91213,3,^91213\d{3}$,1,302,302,1,1.000000,1,0,91213302,91213302,contiguous,official_completed_subset
2012|major_research_plan|B08|91233|3,2012,major_research_plan,B08,numeric8,91233,3,^91233\d{3}$,1,201,201,1,1.000000,1,0,91233201,91233201,contiguous,official_completed_subset
2012|regional|B01|21261|3,2012,regional,B01,numeric8,21261,3,^21261\d{3}$,19,2,28,27,0.703704,7,8,21261002,21261028,moderate,official_completed_subset
2012|regional|B01|21262|3,2012,regional,B01,numeric8,21262,3,^21262\d{3}$,29,2,51,50,0.580000,13,21,21262002,21262051,moderate,official_completed_subset
2012|regional|B01|21264|3,2012,regional,B01,numeric8,21264,3,^21264\d{3}$,5,8,17,10,0.500000,4,5,21264008,21264017,moderate,official_completed_subset
2012|regional|B02|21263|3,2012,regional,B02,numeric8,21263,3,^21263\d{3}$,16,1,27,27,0.592593,6,11,21263001,21263027,moderate,official_completed_subset
2012|regional|B02|21264|3,2012,regional,B02,numeric8,21264,3,^21264\d{3}$,1,13,13,1,1.000000,1,0,21264013,21264013,contiguous,official_completed_subset
2012|regional|B03|21261|3,2012,regional,B03,numeric8,21261,3,^21261\d{3}$,2,1,13,13,0.153846,2,11,21261001,21261013,sparse,official_completed_subset
2012|regional|B03|21262|3,2012,regional,B03,numeric8,21262,3,^21262\d{3}$,1,37,37,1,1.000000,1,0,21262037,21262037,contiguous,official_completed_subset
2012|regional|B03|21263|3,2012,regional,B03,numeric8,21263,3,^21263\d{3}$,7,10,23,14,0.500000,5,7,21263010,21263023,moderate,official_completed_subset
2012|regional|B03|21264|3,2012,regional,B03,numeric8,21264,3,^21264\d{3}$,4,1,16,16,0.250000,4,12,21264001,21264016,sparse,official_completed_subset
2012|regional|B03|21265|3,2012,regional,B03,numeric8,21265,3,^21265\d{3}$,1,6,6,1,1.000000,1,0,21265006,21265006,contiguous,official_completed_subset
2012|regional|B04|21265|3,2012,regional,B04,numeric8,21265,3,^21265\d{3}$,25,1,26,26,0.961538,2,1,21265001,21265026,dense,official_completed_subset
2012|regional|B05|21261|3,2012,regional,B05,numeric8,21261,3,^21261\d{3}$,6,3,27,25,0.240000,5,19,21261003,21261027,sparse,official_completed_subset
2012|regional|B05|21262|3,2012,regional,B05,numeric8,21262,3,^21262\d{3}$,2,46,50,5,0.400000,2,3,21262046,21262050,moderate,official_completed_subset
2012|regional|B05|21264|3,2012,regional,B05,numeric8,21264,3,^21264\d{3}$,6,2,9,8,0.750000,3,2,21264002,21264009,moderate,official_completed_subset
2012|regional|B06|21267|3,2012,regional,B06,numeric8,21267,3,^21267\d{3}$,25,1,25,25,1.000000,1,0,21267001,21267025,contiguous,official_completed_subset
2012|regional|B07|21261|3,2012,regional,B07,numeric8,21261,3,^21261\d{3}$,1,25,25,1,1.000000,1,0,21261025,21261025,contiguous,official_completed_subset
2012|regional|B07|21262|3,2012,regional,B07,numeric8,21262,3,^21262\d{3}$,19,1,48,48,0.395833,11,29,21262001,21262048,sparse,official_completed_subset
2012|regional|B07|21263|3,2012,regional,B07,numeric8,21263,3,^21263\d{3}$,1,20,20,1,1.000000,1,0,21263020,21263020,contiguous,official_completed_subset
2012|regional|B08|21266|3,2012,regional,B08,numeric8,21266,3,^21266\d{3}$,31,1,32,32,0.968750,2,1,21266001,21266032,dense,official_completed_subset
2012|regional|B09|21263|3,2012,regional,B09,numeric8,21263,3,^21263\d{3}$,3,3,21,19,0.157895,2,16,21263003,21263021,sparse,official_completed_subset
2012|regional|B09|21264|3,2012,regional,B09,numeric8,21264,3,^21264\d{3}$,1,15,15,1,1.000000,1,0,21264015,21264015,contiguous,official_completed_subset
2012|special|B01|21224|3,2012,special,B01,numeric8,21224,3,^21224\d{3}$,2,1,2,2,1.000000,1,0,21224001,21224002,contiguous,official_completed_subset
2012|special|B01|21227|3,2012,special,B01,numeric8,21227,3,^21227\d{3}$,1,1,1,1,1.000000,1,0,21227001,21227001,contiguous,official_completed_subset
2012|special|B01|21241|3,2012,special,B01,numeric8,21241,3,^21241\d{3}$,11,1,406,406,0.027094,7,395,21241001,21241406,sparse,official_completed_subset
2012|special|B01|21242|3,2012,special,B01,numeric8,21242,3,^21242\d{3}$,17,1,409,409,0.041565,5,392,21242001,21242409,sparse,official_completed_subset
2012|special|B01|21244|3,2012,special,B01,numeric8,21244,3,^21244\d{3}$,3,6,8,3,1.000000,1,0,21244006,21244008,contiguous,official_completed_subset
2012|special|B01|21252|3,2012,special,B01,numeric8,21252,3,^21252\d{3}$,1,1,1,1,1.000000,1,0,21252001,21252001,contiguous,official_completed_subset
2012|special|B02|21227|3,2012,special,B02,numeric8,21227,3,^21227\d{3}$,3,2,10,9,0.333333,3,6,21227002,21227010,sparse,official_completed_subset
2012|special|B02|21243|3,2012,special,B02,numeric8,21243,3,^21243\d{3}$,6,3,14,12,0.500000,4,6,21243003,21243014,moderate,official_completed_subset
2012|special|B03|21227|3,2012,special,B03,numeric8,21227,3,^21227\d{3}$,1,3,3,1,1.000000,1,0,21227003,21227003,contiguous,official_completed_subset
2012|special|B03|21241|3,2012,special,B03,numeric8,21241,3,^21241\d{3}$,1,402,402,1,1.000000,1,0,21241402,21241402,contiguous,official_completed_subset
2012|special|B03|21243|3,2012,special,B03,numeric8,21243,3,^21243\d{3}$,7,1,12,12,0.583333,4,5,21243001,21243012,moderate,official_completed_subset
2012|special|B03|21244|3,2012,special,B03,numeric8,21244,3,^21244\d{3}$,1,401,401,1,1.000000,1,0,21244401,21244401,contiguous,official_completed_subset
2012|special|B04|21227|3,2012,special,B04,numeric8,21227,3,^21227\d{3}$,5,5,9,5,1.000000,1,0,21227005,21227009,contiguous,official_completed_subset
2012|special|B04|21245|3,2012,special,B04,numeric8,21245,3,^21245\d{3}$,9,1,401,401,0.022444,2,392,21245001,21245401,sparse,official_completed_subset
2012|special|B04|21253|3,2012,special,B04,numeric8,21253,3,^21253\d{3}$,1,1,1,1,1.000000,1,0,21253001,21253001,contiguous,official_completed_subset
2012|special|B05|21224|3,2012,special,B05,numeric8,21224,3,^21224\d{3}$,1,3,3,1,1.000000,1,0,21224003,21224003,contiguous,official_completed_subset
2012|special|B05|21241|3,2012,special,B05,numeric8,21241,3,^21241\d{3}$,2,7,404,398,0.005025,2,396,21241007,21241404,sparse,official_completed_subset
2012|special|B05|21244|3,2012,special,B05,numeric8,21244,3,^21244\d{3}$,7,1,402,402,0.017413,3,395,21244001,21244402,sparse,official_completed_subset
2012|special|B06|21224|3,2012,special,B06,numeric8,21224,3,^21224\d{3}$,1,5,5,1,1.000000,1,0,21224005,21224005,contiguous,official_completed_subset
2012|special|B06|21227|3,2012,special,B06,numeric8,21227,3,^21227\d{3}$,2,11,12,2,1.000000,1,0,21227011,21227012,contiguous,official_completed_subset
2012|special|B06|21247|3,2012,special,B06,numeric8,21247,3,^21247\d{3}$,8,1,8,8,1.000000,1,0,21247001,21247008,contiguous,official_completed_subset
2012|special|B07|21241|3,2012,special,B07,numeric8,21241,3,^21241\d{3}$,2,2,9,8,0.250000,2,6,21241002,21241009,sparse,official_completed_subset
2012|special|B07|21242|3,2012,special,B07,numeric8,21242,3,^21242\d{3}$,7,2,15,14,0.500000,4,7,21242002,21242015,moderate,official_completed_subset
2012|special|B08|21224|3,2012,special,B08,numeric8,21224,3,^21224\d{3}$,1,4,4,1,1.000000,1,0,21224004,21224004,contiguous,official_completed_subset
2012|special|B08|21246|3,2012,special,B08,numeric8,21246,3,^21246\d{3}$,14,1,402,402,0.034826,2,388,21246001,21246402,sparse,official_completed_subset
2012|special|B08|21254|3,2012,special,B08,numeric8,21254,3,^21254\d{3}$,1,1,1,1,1.000000,1,0,21254001,21254001,contiguous,official_completed_subset
2012|special|B09|21243|3,2012,special,B09,numeric8,21243,3,^21243\d{3}$,1,11,11,1,1.000000,1,0,21243011,21243011,contiguous,official_completed_subset
2012|youth_c|B01|21201|3,2012,youth_c,B01,numeric8,21201,3,^21201\d{3}$,112,1,182,182,0.615385,42,70,21201001,21201182,moderate,official_completed_subset
2012|youth_c|B01|21202|3,2012,youth_c,B01,numeric8,21202,3,^21202\d{3}$,122,1,208,208,0.586538,56,86,21202001,21202208,moderate,official_completed_subset
2012|youth_c|B01|21204|3,2012,youth_c,B01,numeric8,21204,3,^21204\d{3}$,18,3,101,99,0.181818,13,81,21204003,21204101,sparse,official_completed_subset
2012|youth_c|B02|21201|3,2012,youth_c,B02,numeric8,21201,3,^21201\d{3}$,1,121,121,1,1.000000,1,0,21201121,21201121,contiguous,official_completed_subset
2012|youth_c|B02|21203|3,2012,youth_c,B02,numeric8,21203,3,^21203\d{3}$,125,3,254,252,0.496032,61,127,21203003,21203254,moderate,official_completed_subset
2012|youth_c|B02|21204|3,2012,youth_c,B02,numeric8,21204,3,^21204\d{3}$,3,44,100,57,0.052632,3,54,21204044,21204100,sparse,official_completed_subset
2012|youth_c|B03|21201|3,2012,youth_c,B03,numeric8,21201,3,^21201\d{3}$,16,12,178,167,0.095808,15,151,21201012,21201178,sparse,official_completed_subset
2012|youth_c|B03|21202|3,2012,youth_c,B03,numeric8,21202,3,^21202\d{3}$,6,6,171,166,0.036145,6,160,21202006,21202171,sparse,official_completed_subset
2012|youth_c|B03|21203|3,2012,youth_c,B03,numeric8,21203,3,^21203\d{3}$,109,1,259,259,0.420849,60,150,21203001,21203259,moderate,official_completed_subset
2012|youth_c|B03|21204|3,2012,youth_c,B03,numeric8,21204,3,^21204\d{3}$,22,2,102,101,0.217822,17,79,21204002,21204102,sparse,official_completed_subset
2012|youth_c|B03|21205|3,2012,youth_c,B03,numeric8,21205,3,^21205\d{3}$,5,19,145,127,0.039370,5,122,21205019,21205145,sparse,official_completed_subset
2012|youth_c|B04|21201|3,2012,youth_c,B04,numeric8,21201,3,^21201\d{3}$,1,94,94,1,1.000000,1,0,21201094,21201094,contiguous,official_completed_subset
2012|youth_c|B04|21202|3,2012,youth_c,B04,numeric8,21202,3,^21202\d{3}$,1,192,192,1,1.000000,1,0,21202192,21202192,contiguous,official_completed_subset
2012|youth_c|B04|21204|3,2012,youth_c,B04,numeric8,21204,3,^21204\d{3}$,11,29,94,66,0.166667,7,55,21204029,21204094,sparse,official_completed_subset
2012|youth_c|B04|21205|3,2012,youth_c,B04,numeric8,21205,3,^21205\d{3}$,141,1,146,146,0.965753,6,5,21205001,21205146,dense,official_completed_subset
2012|youth_c|B05|21201|3,2012,youth_c,B05,numeric8,21201,3,^21201\d{3}$,38,7,185,179,0.212291,29,141,21201007,21201185,sparse,official_completed_subset
2012|youth_c|B05|21202|3,2012,youth_c,B05,numeric8,21202,3,^21202\d{3}$,14,13,203,191,0.073298,13,177,21202013,21202203,sparse,official_completed_subset
2012|youth_c|B05|21204|3,2012,youth_c,B05,numeric8,21204,3,^21204\d{3}$,47,1,103,103,0.456311,23,56,21204001,21204103,moderate,official_completed_subset
2012|youth_c|B06|21201|3,2012,youth_c,B06,numeric8,21201,3,^21201\d{3}$,4,13,166,154,0.025974,4,150,21201013,21201166,sparse,official_completed_subset
2012|youth_c|B06|21203|3,2012,youth_c,B06,numeric8,21203,3,^21203\d{3}$,3,79,255,177,0.016949,3,174,21203079,21203255,sparse,official_completed_subset
2012|youth_c|B06|21206|3,2012,youth_c,B06,numeric8,21206,3,^21206\d{3}$,3,4,26,23,0.130435,2,20,21206004,21206026,sparse,official_completed_subset
2012|youth_c|B06|21207|3,2012,youth_c,B06,numeric8,21207,3,^21207\d{3}$,163,1,165,165,0.987879,3,2,21207001,21207165,dense,official_completed_subset
2012|youth_c|B07|21201|3,2012,youth_c,B07,numeric8,21201,3,^21201\d{3}$,13,19,183,165,0.078788,11,152,21201019,21201183,sparse,official_completed_subset
2012|youth_c|B07|21202|3,2012,youth_c,B07,numeric8,21202,3,^21202\d{3}$,66,3,209,207,0.318841,47,141,21202003,21202209,sparse,official_completed_subset
2012|youth_c|B07|21203|3,2012,youth_c,B07,numeric8,21203,3,^21203\d{3}$,5,112,243,132,0.037879,5,127,21203112,21203243,sparse,official_completed_subset
2012|youth_c|B08|21203|3,2012,youth_c,B08,numeric8,21203,3,^21203\d{3}$,2,36,192,157,0.012739,2,155,21203036,21203192,sparse,official_completed_subset
2012|youth_c|B08|21206|3,2012,youth_c,B08,numeric8,21206,3,^21206\d{3}$,200,1,204,204,0.980392,4,4,21206001,21206204,dense,official_completed_subset
2012|youth_c|B09|21203|3,2012,youth_c,B09,numeric8,21203,3,^21203\d{3}$,15,33,258,226,0.066372,14,211,21203033,21203258,sparse,official_completed_subset
2012|youth_c|B09|21204|3,2012,youth_c,B09,numeric8,21204,3,^21204\d{3}$,2,72,76,5,0.400000,2,3,21204072,21204076,moderate,official_completed_subset
2013|general|B01|21371|3,2013,general,B01,numeric8,21371,3,^21371\d{3}$,121,1,184,184,0.657609,41,63,21371001,21371184,moderate,official_completed_subset
2013|general|B01|21372|3,2013,general,B01,numeric8,21372,3,^21372\d{3}$,152,2,268,267,0.569288,50,115,21372002,21372268,moderate,official_completed_subset
2013|general|B01|21374|3,2013,general,B01,numeric8,21374,3,^21374\d{3}$,41,6,135,130,0.315385,22,89,21374006,21374135,sparse,official_completed_subset
2013|general|B02|21371|3,2013,general,B02,numeric8,21371,3,^21371\d{3}$,2,71,138,68,0.029412,2,66,21371071,21371138,sparse,official_completed_subset
2013|general|B02|21373|3,2013,general,B02,numeric8,21373,3,^21373\d{3}$,125,3,281,279,0.448029,55,154,21373003,21373281,moderate,official_completed_subset
2013|general|B02|21374|3,2013,general,B02,numeric8,21374,3,^21374\d{3}$,1,116,116,1,1.000000,1,0,21374116,21374116,contiguous,official_completed_subset
2013|general|B03|21371|3,2013,general,B03,numeric8,21371,3,^21371\d{3}$,14,14,183,170,0.082353,14,156,21371014,21371183,sparse,official_completed_subset
2013|general|B03|21372|3,2013,general,B03,numeric8,21372,3,^21372\d{3}$,9,5,266,262,0.034351,7,253,21372005,21372266,sparse,official_completed_subset
2013|general|B03|21373|3,2013,general,B03,numeric8,21373,3,^21373\d{3}$,126,1,280,280,0.450000,51,154,21373001,21373280,moderate,official_completed_subset
2013|general|B03|21374|3,2013,general,B03,numeric8,21374,3,^21374\d{3}$,21,1,137,137,0.153285,18,116,21374001,21374137,sparse,official_completed_subset
2013|general|B03|21375|3,2013,general,B03,numeric8,21375,3,^21375\d{3}$,8,7,151,145,0.055172,8,137,21375007,21375151,sparse,official_completed_subset
2013|general|B04|21372|3,2013,general,B04,numeric8,21372,3,^21372\d{3}$,1,199,199,1,1.000000,1,0,21372199,21372199,contiguous,official_completed_subset
2013|general|B04|21374|3,2013,general,B04,numeric8,21374,3,^21374\d{3}$,9,11,127,117,0.076923,8,108,21374011,21374127,sparse,official_completed_subset
2013|general|B04|21375|3,2013,general,B04,numeric8,21375,3,^21375\d{3}$,148,1,156,156,0.948718,9,8,21375001,21375156,dense,official_completed_subset
2013|general|B05|21371|3,2013,general,B05,numeric8,21371,3,^21371\d{3}$,23,5,180,176,0.130682,21,153,21371005,21371180,sparse,official_completed_subset
2013|general|B05|21372|3,2013,general,B05,numeric8,21372,3,^21372\d{3}$,16,3,262,260,0.061538,15,244,21372003,21372262,sparse,official_completed_subset
2013|general|B05|21374|3,2013,general,B05,numeric8,21374,3,^21374\d{3}$,63,2,136,135,0.466667,33,72,21374002,21374136,moderate,official_completed_subset
2013|general|B06|21371|3,2013,general,B06,numeric8,21371,3,^21371\d{3}$,1,160,160,1,1.000000,1,0,21371160,21371160,contiguous,official_completed_subset
2013|general|B06|21376|3,2013,general,B06,numeric8,21376,3,^21376\d{3}$,1,210,210,1,1.000000,1,0,21376210,21376210,contiguous,official_completed_subset
2013|general|B06|21377|3,2013,general,B06,numeric8,21377,3,^21377\d{3}$,172,1,172,172,1.000000,1,0,21377001,21377172,contiguous,official_completed_subset
2013|general|B07|21371|3,2013,general,B07,numeric8,21371,3,^21371\d{3}$,22,17,182,166,0.132530,19,144,21371017,21371182,sparse,official_completed_subset
2013|general|B07|21372|3,2013,general,B07,numeric8,21372,3,^21372\d{3}$,88,1,267,267,0.329588,44,179,21372001,21372267,sparse,official_completed_subset
2013|general|B07|21373|3,2013,general,B07,numeric8,21373,3,^21373\d{3}$,8,21,271,251,0.031873,8,243,21373021,21373271,sparse,official_completed_subset
2013|general|B08|21372|3,2013,general,B08,numeric8,21372,3,^21372\d{3}$,1,80,80,1,1.000000,1,0,21372080,21372080,contiguous,official_completed_subset
2013|general|B08|21373|3,2013,general,B08,numeric8,21373,3,^21373\d{3}$,7,84,279,196,0.035714,6,189,21373084,21373279,sparse,official_completed_subset
2013|general|B08|21376|3,2013,general,B08,numeric8,21376,3,^21376\d{3}$,282,1,285,285,0.989474,4,3,21376001,21376285,dense,official_completed_subset
2013|general|B09|21373|3,2013,general,B09,numeric8,21373,3,^21373\d{3}$,15,7,257,251,0.059761,13,236,21373007,21373257,sparse,official_completed_subset
2013|general|B09|21374|3,2013,general,B09,numeric8,21374,3,^21374\d{3}$,2,21,46,26,0.076923,2,24,21374021,21374046,sparse,official_completed_subset
2013|joint_fund|B01|U1304|3,2013,joint_fund,B01,alpha_numeric,U1304,3,^U1304\d{3}$,2,201,207,7,0.285714,2,5,U1304201,U1304207,sparse,official_completed_subset
2013|joint_fund|B02|U1304|3,2013,joint_fund,B02,alpha_numeric,U1304,3,^U1304\d{3}$,3,209,211,3,1.000000,1,0,U1304209,U1304211,contiguous,official_completed_subset
2013|joint_fund|B03|U1304|3,2013,joint_fund,B03,alpha_numeric,U1304,3,^U1304\d{3}$,1,208,208,1,1.000000,1,0,U1304208,U1304208,contiguous,official_completed_subset
2013|joint_fund|B04|U1304|3,2013,joint_fund,B04,alpha_numeric,U1304,3,^U1304\d{3}$,2,213,214,2,1.000000,1,0,U1304213,U1304214,contiguous,official_completed_subset
2013|joint_fund|B05|U1304|3,2013,joint_fund,B05,alpha_numeric,U1304,3,^U1304\d{3}$,3,203,212,10,0.300000,2,7,U1304203,U1304212,sparse,official_completed_subset
2013|joint_fund|B06|U1304|3,2013,joint_fund,B06,alpha_numeric,U1304,3,^U1304\d{3}$,1,216,216,1,1.000000,1,0,U1304216,U1304216,contiguous,official_completed_subset
2013|joint_fund|B07|U1304|3,2013,joint_fund,B07,alpha_numeric,U1304,3,^U1304\d{3}$,3,202,206,5,0.600000,2,2,U1304202,U1304206,moderate,official_completed_subset
2013|joint_fund|B08|U1304|3,2013,joint_fund,B08,alpha_numeric,U1304,3,^U1304\d{3}$,1,215,215,1,1.000000,1,0,U1304215,U1304215,contiguous,official_completed_subset
2013|joint_fund|B08|U1362|3,2013,joint_fund,B08,alpha_numeric,U1362,3,^U1362\d{3}$,18,101,205,105,0.171429,2,87,U1362101,U1362205,sparse,official_completed_subset
2013|key|B01|21331|3,2013,key,B01,numeric8,21331,3,^21331\d{3}$,6,1,7,7,0.857143,2,1,21331001,21331007,dense,official_completed_subset
2013|key|B01|21332|3,2013,key,B01,numeric8,21332,3,^21332\d{3}$,8,1,10,10,0.800000,3,2,21332001,21332010,dense,official_completed_subset
2013|key|B01|21334|3,2013,key,B01,numeric8,21334,3,^21334\d{3}$,1,1,1,1,1.000000,1,0,21334001,21334001,contiguous,official_completed_subset
2013|key|B02|21333|3,2013,key,B02,numeric8,21333,3,^21333\d{3}$,4,3,9,7,0.571429,3,3,21333003,21333009,moderate,official_completed_subset
2013|key|B03|21333|3,2013,key,B03,numeric8,21333,3,^21333\d{3}$,7,1,12,12,0.583333,4,5,21333001,21333012,moderate,official_completed_subset
2013|key|B03|21334|3,2013,key,B03,numeric8,21334,3,^21334\d{3}$,2,6,7,2,1.000000,1,0,21334006,21334007,contiguous,official_completed_subset
2013|key|B04|21335|3,2013,key,B04,numeric8,21335,3,^21335\d{3}$,7,1,7,7,1.000000,1,0,21335001,21335007,contiguous,official_completed_subset
2013|key|B05|21331|3,2013,key,B05,numeric8,21331,3,^21331\d{3}$,1,4,4,1,1.000000,1,0,21331004,21331004,contiguous,official_completed_subset
2013|key|B05|21334|3,2013,key,B05,numeric8,21334,3,^21334\d{3}$,4,2,5,4,1.000000,1,0,21334002,21334005,contiguous,official_completed_subset
2013|key|B06|21337|3,2013,key,B06,numeric8,21337,3,^21337\d{3}$,5,1,5,5,1.000000,1,0,21337001,21337005,contiguous,official_completed_subset
2013|key|B07|21332|3,2013,key,B07,numeric8,21332,3,^21332\d{3}$,2,4,6,3,0.666667,2,1,21332004,21332006,moderate,official_completed_subset
2013|key|B08|21336|3,2013,key,B08,numeric8,21336,3,^21336\d{3}$,11,1,11,11,1.000000,1,0,21336001,21336011,contiguous,official_completed_subset
2013|key|B09|21333|3,2013,key,B09,numeric8,21333,3,^21333\d{3}$,1,2,2,1,1.000000,1,0,21333002,21333002,contiguous,official_completed_subset
2013|major_research_plan|B01|91313|3,2013,major_research_plan,B01,numeric8,91313,3,^91313\d{3}$,2,0,301,302,0.006623,2,300,91313000,91313301,sparse,official_completed_subset
2013|major_research_plan|B01|91322|3,2013,major_research_plan,B01,numeric8,91322,3,^91322\d{3}$,1,0,0,1,1.000000,1,0,91322000,91322000,contiguous,official_completed_subset
2013|major_research_plan|B01|91333|3,2013,major_research_plan,B01,numeric8,91333,3,^91333\d{3}$,1,113,113,1,1.000000,1,0,91333113,91333113,contiguous,official_completed_subset
2013|major_research_plan|B02|91326|3,2013,major_research_plan,B02,numeric8,91326,3,^91326\d{3}$,1,113,113,1,1.000000,1,0,91326113,91326113,contiguous,official_completed_subset
2013|major_research_plan|B02|91333|3,2013,major_research_plan,B02,numeric8,91333,3,^91333\d{3}$,1,104,104,1,1.000000,1,0,91333104,91333104,contiguous,official_completed_subset
2013|major_research_plan|B03|91327|3,2013,major_research_plan,B03,numeric8,91327,3,^91327\d{3}$,1,0,0,1,1.000000,1,0,91327000,91327000,contiguous,official_completed_subset
2013|major_research_plan|B03|91333|3,2013,major_research_plan,B03,numeric8,91333,3,^91333\d{3}$,3,101,202,102,0.029412,3,99,91333101,91333202,sparse,official_completed_subset
2013|major_research_plan|B04|91332|3,2013,major_research_plan,B04,numeric8,91332,3,^91332\d{3}$,1,101,101,1,1.000000,1,0,91332101,91332101,contiguous,official_completed_subset
2013|major_research_plan|B06|91326|3,2013,major_research_plan,B06,numeric8,91326,3,^91326\d{3}$,5,110,203,94,0.053191,2,89,91326110,91326203,sparse,official_completed_subset
2013|major_research_plan|B08|91334|3,2013,major_research_plan,B08,numeric8,91334,3,^91334\d{3}$,16,0,206,207,0.077295,3,191,91334000,91334206,sparse,official_completed_subset
2013|regional|B01|21361|3,2013,regional,B01,numeric8,21361,3,^21361\d{3}$,18,5,28,24,0.750000,5,6,21361005,21361028,moderate,official_completed_subset
2013|regional|B01|21362|3,2013,regional,B01,numeric8,21362,3,^21362\d{3}$,26,2,47,46,0.565217,14,20,21362002,21362047,moderate,official_completed_subset
2013|regional|B01|21364|3,2013,regional,B01,numeric8,21364,3,^21364\d{3}$,3,3,8,6,0.500000,3,3,21364003,21364008,moderate,official_completed_subset
2013|regional|B02|21363|3,2013,regional,B02,numeric8,21363,3,^21363\d{3}$,14,2,29,28,0.500000,8,14,21363002,21363029,moderate,official_completed_subset
2013|regional|B02|21365|3,2013,regional,B02,numeric8,21365,3,^21365\d{3}$,1,3,3,1,1.000000,1,0,21365003,21365003,contiguous,official_completed_subset
2013|regional|B03|21362|3,2013,regional,B03,numeric8,21362,3,^21362\d{3}$,1,15,15,1,1.000000,1,0,21362015,21362015,contiguous,official_completed_subset
2013|regional|B03|21363|3,2013,regional,B03,numeric8,21363,3,^21363\d{3}$,11,1,28,28,0.392857,9,17,21363001,21363028,sparse,official_completed_subset
2013|regional|B03|21364|3,2013,regional,B03,numeric8,21364,3,^21364\d{3}$,3,1,16,16,0.187500,3,13,21364001,21364016,sparse,official_completed_subset
2013|regional|B03|21365|3,2013,regional,B03,numeric8,21365,3,^21365\d{3}$,1,8,8,1,1.000000,1,0,21365008,21365008,contiguous,official_completed_subset
2013|regional|B04|21364|3,2013,regional,B04,numeric8,21364,3,^21364\d{3}$,1,9,9,1,1.000000,1,0,21364009,21364009,contiguous,official_completed_subset
2013|regional|B04|21365|3,2013,regional,B04,numeric8,21365,3,^21365\d{3}$,24,1,26,26,0.923077,3,2,21365001,21365026,dense,official_completed_subset
2013|regional|B05|21361|3,2013,regional,B05,numeric8,21361,3,^21361\d{3}$,5,2,20,19,0.263158,4,14,21361002,21361020,sparse,official_completed_subset
2013|regional|B05|21364|3,2013,regional,B05,numeric8,21364,3,^21364\d{3}$,10,2,17,16,0.625000,4,6,21364002,21364017,moderate,official_completed_subset
2013|regional|B06|21361|3,2013,regional,B06,numeric8,21361,3,^21361\d{3}$,1,1,1,1,1.000000,1,0,21361001,21361001,contiguous,official_completed_subset
2013|regional|B06|21367|3,2013,regional,B06,numeric8,21367,3,^21367\d{3}$,26,1,26,26,1.000000,1,0,21367001,21367026,contiguous,official_completed_subset
2013|regional|B07|21361|3,2013,regional,B07,numeric8,21361,3,^21361\d{3}$,4,3,18,16,0.250000,3,12,21361003,21361018,sparse,official_completed_subset
2013|regional|B07|21362|3,2013,regional,B07,numeric8,21362,3,^21362\d{3}$,17,1,45,45,0.377778,11,28,21362001,21362045,sparse,official_completed_subset
2013|regional|B07|21363|3,2013,regional,B07,numeric8,21363,3,^21363\d{3}$,1,24,24,1,1.000000,1,0,21363024,21363024,contiguous,official_completed_subset
2013|regional|B08|21362|3,2013,regional,B08,numeric8,21362,3,^21362\d{3}$,3,3,28,26,0.115385,2,23,21362003,21362028,sparse,official_completed_subset
2013|regional|B08|21363|3,2013,regional,B08,numeric8,21363,3,^21363\d{3}$,1,9,9,1,1.000000,1,0,21363009,21363009,contiguous,official_completed_subset
2013|regional|B08|21366|3,2013,regional,B08,numeric8,21366,3,^21366\d{3}$,33,1,33,33,1.000000,1,0,21366001,21366033,contiguous,official_completed_subset
2013|regional|B09|21363|3,2013,regional,B09,numeric8,21363,3,^21363\d{3}$,2,5,15,11,0.181818,2,9,21363005,21363015,sparse,official_completed_subset
2013|special|B01|21341|3,2013,special,B01,numeric8,21341,3,^21341\d{3}$,8,1,402,402,0.019900,3,394,21341001,21341402,sparse,official_completed_subset
2013|special|B01|21342|3,2013,special,B01,numeric8,21342,3,^21342\d{3}$,15,1,406,406,0.036946,7,391,21342001,21342406,sparse,official_completed_subset
2013|special|B01|21344|3,2013,special,B01,numeric8,21344,3,^21344\d{3}$,3,7,9,3,1.000000,1,0,21344007,21344009,contiguous,official_completed_subset
2013|special|B01|21352|3,2013,special,B01,numeric8,21352,3,^21352\d{3}$,2,1,2,2,1.000000,1,0,21352001,21352002,contiguous,official_completed_subset
2013|special|B02|21343|3,2013,special,B02,numeric8,21343,3,^21343\d{3}$,6,3,15,13,0.461538,5,7,21343003,21343015,moderate,official_completed_subset
2013|special|B02|21353|3,2013,special,B02,numeric8,21353,3,^21353\d{3}$,3,1,3,3,1.000000,1,0,21353001,21353003,contiguous,official_completed_subset
2013|special|B03|21327|3,2013,special,B03,numeric8,21327,3,^21327\d{3}$,2,1,3,3,0.666667,2,1,21327001,21327003,moderate,official_completed_subset
2013|special|B03|21341|3,2013,special,B03,numeric8,21341,3,^21341\d{3}$,2,6,9,4,0.500000,2,2,21341006,21341009,moderate,official_completed_subset
2013|special|B03|21342|3,2013,special,B03,numeric8,21342,3,^21342\d{3}$,1,401,401,1,1.000000,1,0,21342401,21342401,contiguous,official_completed_subset
2013|special|B03|21343|3,2013,special,B03,numeric8,21343,3,^21343\d{3}$,10,1,402,402,0.024876,6,392,21343001,21343402,sparse,official_completed_subset
2013|special|B03|21344|3,2013,special,B03,numeric8,21344,3,^21344\d{3}$,1,5,5,1,1.000000,1,0,21344005,21344005,contiguous,official_completed_subset
2013|special|B03|21353|3,2013,special,B03,numeric8,21353,3,^21353\d{3}$,1,4,4,1,1.000000,1,0,21353004,21353004,contiguous,official_completed_subset
2013|special|B04|21327|3,2013,special,B04,numeric8,21327,3,^21327\d{3}$,7,4,10,7,1.000000,1,0,21327004,21327010,contiguous,official_completed_subset
2013|special|B04|21344|3,2013,special,B04,numeric8,21344,3,^21344\d{3}$,1,3,3,1,1.000000,1,0,21344003,21344003,contiguous,official_completed_subset
2013|special|B04|21345|3,2013,special,B04,numeric8,21345,3,^21345\d{3}$,8,1,8,8,1.000000,1,0,21345001,21345008,contiguous,official_completed_subset
2013|special|B05|21341|3,2013,special,B05,numeric8,21341,3,^21341\d{3}$,1,7,7,1,1.000000,1,0,21341007,21341007,contiguous,official_completed_subset
2013|special|B05|21344|3,2013,special,B05,numeric8,21344,3,^21344\d{3}$,7,1,403,403,0.017370,4,396,21344001,21344403,sparse,official_completed_subset
2013|special|B06|21347|3,2013,special,B06,numeric8,21347,3,^21347\d{3}$,10,1,402,402,0.024876,2,392,21347001,21347402,sparse,official_completed_subset
2013|special|B07|21342|3,2013,special,B07,numeric8,21342,3,^21342\d{3}$,7,4,17,14,0.500000,6,7,21342004,21342017,moderate,official_completed_subset
2013|special|B08|21327|3,2013,special,B08,numeric8,21327,3,^21327\d{3}$,1,11,11,1,1.000000,1,0,21327011,21327011,contiguous,official_completed_subset
2013|special|B08|21346|3,2013,special,B08,numeric8,21346,3,^21346\d{3}$,13,1,401,401,0.032419,2,388,21346001,21346401,sparse,official_completed_subset
2013|special|B08|21356|3,2013,special,B08,numeric8,21356,3,^21356\d{3}$,1,1,1,1,1.000000,1,0,21356001,21356001,contiguous,official_completed_subset
2013|special|B09|21327|3,2013,special,B09,numeric8,21327,3,^21327\d{3}$,1,2,2,1,1.000000,1,0,21327002,21327002,contiguous,official_completed_subset
2013|special|B09|21343|3,2013,special,B09,numeric8,21343,3,^21343\d{3}$,1,11,11,1,1.000000,1,0,21343011,21343011,contiguous,official_completed_subset
2013|youth_c|B01|21301|3,2013,youth_c,B01,numeric8,21301,3,^21301\d{3}$,107,2,201,200,0.535000,52,93,21301002,21301201,moderate,official_completed_subset
2013|youth_c|B01|21302|3,2013,youth_c,B01,numeric8,21302,3,^21302\d{3}$,148,1,237,237,0.624473,47,89,21302001,21302237,moderate,official_completed_subset
2013|youth_c|B01|21304|3,2013,youth_c,B01,numeric8,21304,3,^21304\d{3}$,30,5,105,101,0.297030,22,71,21304005,21304105,sparse,official_completed_subset
2013|youth_c|B02|21301|3,2013,youth_c,B02,numeric8,21301,3,^21301\d{3}$,4,141,188,48,0.083333,4,44,21301141,21301188,sparse,official_completed_subset
2013|youth_c|B02|21303|3,2013,youth_c,B02,numeric8,21303,3,^21303\d{3}$,147,2,272,271,0.542435,61,124,21303002,21303272,moderate,official_completed_subset
2013|youth_c|B02|21304|3,2013,youth_c,B02,numeric8,21304,3,^21304\d{3}$,4,16,92,77,0.051948,4,73,21304016,21304092,sparse,official_completed_subset
2013|youth_c|B02|21305|3,2013,youth_c,B02,numeric8,21305,3,^21305\d{3}$,2,33,105,73,0.027397,2,71,21305033,21305105,sparse,official_completed_subset
2013|youth_c|B03|21301|3,2013,youth_c,B03,numeric8,21301,3,^21301\d{3}$,17,23,198,176,0.096591,15,159,21301023,21301198,sparse,official_completed_subset
2013|youth_c|B03|21302|3,2013,youth_c,B03,numeric8,21302,3,^21302\d{3}$,6,6,209,204,0.029412,6,198,21302006,21302209,sparse,official_completed_subset
2013|youth_c|B03|21303|3,2013,youth_c,B03,numeric8,21303,3,^21303\d{3}$,100,1,273,273,0.366300,51,173,21303001,21303273,sparse,official_completed_subset
2013|youth_c|B03|21304|3,2013,youth_c,B03,numeric8,21304,3,^21304\d{3}$,17,3,108,106,0.160377,11,89,21304003,21304108,sparse,official_completed_subset
2013|youth_c|B03|21305|3,2013,youth_c,B03,numeric8,21305,3,^21305\d{3}$,8,43,163,121,0.066116,7,113,21305043,21305163,sparse,official_completed_subset
2013|youth_c|B04|21301|3,2013,youth_c,B04,numeric8,21301,3,^21301\d{3}$,3,21,170,150,0.020000,3,147,21301021,21301170,sparse,official_completed_subset
2013|youth_c|B04|21302|3,2013,youth_c,B04,numeric8,21302,3,^21302\d{3}$,1,180,180,1,1.000000,1,0,21302180,21302180,contiguous,official_completed_subset
2013|youth_c|B04|21304|3,2013,youth_c,B04,numeric8,21304,3,^21304\d{3}$,12,8,110,103,0.116505,11,91,21304008,21304110,sparse,official_completed_subset
2013|youth_c|B04|21305|3,2013,youth_c,B04,numeric8,21305,3,^21305\d{3}$,155,1,165,165,0.939394,10,10,21305001,21305165,dense,official_completed_subset
2013|youth_c|B05|21301|3,2013,youth_c,B05,numeric8,21301,3,^21301\d{3}$,44,6,189,184,0.239130,35,140,21301006,21301189,sparse,official_completed_subset
2013|youth_c|B05|21302|3,2013,youth_c,B05,numeric8,21302,3,^21302\d{3}$,11,9,224,216,0.050926,11,205,21302009,21302224,sparse,official_completed_subset
2013|youth_c|B05|21304|3,2013,youth_c,B05,numeric8,21304,3,^21304\d{3}$,47,1,106,106,0.443396,29,59,21304001,21304106,moderate,official_completed_subset
2013|youth_c|B06|21301|3,2013,youth_c,B06,numeric8,21301,3,^21301\d{3}$,6,28,192,165,0.036364,5,159,21301028,21301192,sparse,official_completed_subset
2013|youth_c|B06|21306|3,2013,youth_c,B06,numeric8,21306,3,^21306\d{3}$,2,35,124,90,0.022222,2,88,21306035,21306124,sparse,official_completed_subset
2013|youth_c|B06|21307|3,2013,youth_c,B06,numeric8,21307,3,^21307\d{3}$,169,1,169,169,1.000000,1,0,21307001,21307169,contiguous,official_completed_subset
2013|youth_c|B07|21301|3,2013,youth_c,B07,numeric8,21301,3,^21301\d{3}$,20,1,195,195,0.102564,19,175,21301001,21301195,sparse,official_completed_subset
2013|youth_c|B07|21302|3,2013,youth_c,B07,numeric8,21302,3,^21302\d{3}$,65,2,235,234,0.277778,42,169,21302002,21302235,sparse,official_completed_subset
2013|youth_c|B07|21303|3,2013,youth_c,B07,numeric8,21303,3,^21303\d{3}$,8,17,269,253,0.031621,6,245,21303017,21303269,sparse,official_completed_subset
2013|youth_c|B08|21302|3,2013,youth_c,B08,numeric8,21302,3,^21302\d{3}$,3,80,167,88,0.034091,3,85,21302080,21302167,sparse,official_completed_subset
2013|youth_c|B08|21303|3,2013,youth_c,B08,numeric8,21303,3,^21303\d{3}$,2,173,252,80,0.025000,2,78,21303173,21303252,sparse,official_completed_subset
2013|youth_c|B08|21306|3,2013,youth_c,B08,numeric8,21306,3,^21306\d{3}$,232,1,235,235,0.987234,4,3,21306001,21306235,dense,official_completed_subset
2013|youth_c|B09|21303|3,2013,youth_c,B09,numeric8,21303,3,^21303\d{3}$,16,16,262,247,0.064777,14,231,21303016,21303262,sparse,official_completed_subset
2014|general|B01|21471|3,2014,general,B01,numeric8,21471,3,^21471\d{3}$,94,4,162,159,0.591195,39,65,21471004,21471162,moderate,official_completed_subset
2014|general|B01|21472|3,2014,general,B01,numeric8,21472,3,^21472\d{3}$,160,1,250,250,0.640000,39,90,21472001,21472250,moderate,official_completed_subset
2014|general|B01|21474|3,2014,general,B01,numeric8,21474,3,^21474\d{3}$,45,6,127,122,0.368852,26,77,21474006,21474127,sparse,official_completed_subset
2014|general|B02|21471|3,2014,general,B02,numeric8,21471,3,^21471\d{3}$,8,12,160,149,0.053691,8,141,21471012,21471160,sparse,official_completed_subset
2014|general|B02|21473|3,2014,general,B02,numeric8,21473,3,^21473\d{3}$,102,3,259,257,0.396887,47,155,21473003,21473259,sparse,official_completed_subset
2014|general|B02|21474|3,2014,general,B02,numeric8,21474,3,^21474\d{3}$,3,3,80,78,0.038462,3,75,21474003,21474080,sparse,official_completed_subset
2014|general|B03|21471|3,2014,general,B03,numeric8,21471,3,^21471\d{3}$,7,22,137,116,0.060345,7,109,21471022,21471137,sparse,official_completed_subset
2014|general|B03|21472|3,2014,general,B03,numeric8,21472,3,^21472\d{3}$,7,33,224,192,0.036458,7,185,21472033,21472224,sparse,official_completed_subset
2014|general|B03|21473|3,2014,general,B03,numeric8,21473,3,^21473\d{3}$,116,1,261,261,0.444444,46,145,21473001,21473261,moderate,official_completed_subset
2014|general|B03|21474|3,2014,general,B03,numeric8,21474,3,^21474\d{3}$,25,5,130,126,0.198413,13,101,21474005,21474130,sparse,official_completed_subset
2014|general|B03|21475|3,2014,general,B03,numeric8,21475,3,^21475\d{3}$,5,39,113,75,0.066667,5,70,21475039,21475113,sparse,official_completed_subset
2014|general|B04|21471|3,2014,general,B04,numeric8,21471,3,^21471\d{3}$,1,131,131,1,1.000000,1,0,21471131,21471131,contiguous,official_completed_subset
2014|general|B04|21472|3,2014,general,B04,numeric8,21472,3,^21472\d{3}$,3,171,228,58,0.051724,2,55,21472171,21472228,sparse,official_completed_subset
2014|general|B04|21475|3,2014,general,B04,numeric8,21475,3,^21475\d{3}$,149,1,154,154,0.967532,6,5,21475001,21475154,dense,official_completed_subset
2014|general|B05|21471|3,2014,general,B05,numeric8,21471,3,^21471\d{3}$,35,1,163,163,0.214724,29,128,21471001,21471163,sparse,official_completed_subset
2014|general|B05|21472|3,2014,general,B05,numeric8,21472,3,^21472\d{3}$,9,29,183,155,0.058065,7,146,21472029,21472183,sparse,official_completed_subset
2014|general|B05|21473|3,2014,general,B05,numeric8,21473,3,^21473\d{3}$,13,7,243,237,0.054852,13,224,21473007,21473243,sparse,official_completed_subset
2014|general|B05|21474|3,2014,general,B05,numeric8,21474,3,^21474\d{3}$,54,1,128,128,0.421875,24,74,21474001,21474128,moderate,official_completed_subset
2014|general|B06|21471|3,2014,general,B06,numeric8,21471,3,^21471\d{3}$,8,72,161,90,0.088889,7,82,21471072,21471161,sparse,official_completed_subset
2014|general|B06|21473|3,2014,general,B06,numeric8,21473,3,^21473\d{3}$,1,158,158,1,1.000000,1,0,21473158,21473158,contiguous,official_completed_subset
2014|general|B06|21477|3,2014,general,B06,numeric8,21477,3,^21477\d{3}$,167,1,167,167,1.000000,1,0,21477001,21477167,contiguous,official_completed_subset
2014|general|B07|21471|3,2014,general,B07,numeric8,21471,3,^21471\d{3}$,11,2,164,163,0.067485,11,152,21471002,21471164,sparse,official_completed_subset
2014|general|B07|21472|3,2014,general,B07,numeric8,21472,3,^21472\d{3}$,71,7,252,246,0.288618,33,175,21472007,21472252,sparse,official_completed_subset
2014|general|B07|21473|3,2014,general,B07,numeric8,21473,3,^21473\d{3}$,13,65,256,192,0.067708,10,179,21473065,21473256,sparse,official_completed_subset
2014|general|B08|21472|3,2014,general,B08,numeric8,21472,3,^21472\d{3}$,2,16,60,45,0.044444,2,43,21472016,21472060,sparse,official_completed_subset
2014|general|B08|21476|3,2014,general,B08,numeric8,21476,3,^21476\d{3}$,270,1,272,272,0.992647,3,2,21476001,21476272,dense,official_completed_subset
2014|general|B09|21473|3,2014,general,B09,numeric8,21473,3,^21473\d{3}$,15,11,258,248,0.060484,14,233,21473011,21473258,sparse,official_completed_subset
2014|general|B09|21474|3,2014,general,B09,numeric8,21474,3,^21474\d{3}$,2,22,129,108,0.018519,2,106,21474022,21474129,sparse,official_completed_subset
2014|joint_fund|B01|U1404|3,2014,joint_fund,B01,alpha_numeric,U1404,3,^U1404\d{3}$,3,205,207,3,1.000000,1,0,U1404205,U1404207,contiguous,official_completed_subset
2014|joint_fund|B01|U1407|3,2014,joint_fund,B01,alpha_numeric,U1407,3,^U1407\d{3}$,2,101,102,2,1.000000,1,0,U1407101,U1407102,contiguous,official_completed_subset
2014|joint_fund|B02|U1404|3,2014,joint_fund,B02,alpha_numeric,U1404,3,^U1404\d{3}$,4,201,212,12,0.333333,2,8,U1404201,U1404212,sparse,official_completed_subset
2014|joint_fund|B03|U1404|3,2014,joint_fund,B03,alpha_numeric,U1404,3,^U1404\d{3}$,1,210,210,1,1.000000,1,0,U1404210,U1404210,contiguous,official_completed_subset
2014|joint_fund|B04|U1404|3,2014,joint_fund,B04,alpha_numeric,U1404,3,^U1404\d{3}$,3,208,215,8,0.375000,2,5,U1404208,U1404215,sparse,official_completed_subset
2014|joint_fund|B05|U1404|3,2014,joint_fund,B05,alpha_numeric,U1404,3,^U1404\d{3}$,4,203,213,11,0.363636,3,7,U1404203,U1404213,sparse,official_completed_subset
2014|joint_fund|B05|U1407|3,2014,joint_fund,B05,alpha_numeric,U1407,3,^U1407\d{3}$,2,103,104,2,1.000000,1,0,U1407103,U1407104,contiguous,official_completed_subset
2014|joint_fund|B06|U1404|3,2014,joint_fund,B06,alpha_numeric,U1404,3,^U1404\d{3}$,1,217,217,1,1.000000,1,0,U1404217,U1404217,contiguous,official_completed_subset
2014|joint_fund|B06|U1407|3,2014,joint_fund,B06,alpha_numeric,U1407,3,^U1407\d{3}$,1,135,135,1,1.000000,1,0,U1407135,U1407135,contiguous,official_completed_subset
2014|joint_fund|B08|U1404|3,2014,joint_fund,B08,alpha_numeric,U1404,3,^U1404\d{3}$,1,216,216,1,1.000000,1,0,U1404216,U1404216,contiguous,official_completed_subset
2014|joint_fund|B08|U1407|3,2014,joint_fund,B08,alpha_numeric,U1407,3,^U1407\d{3}$,36,105,206,102,0.352941,2,66,U1407105,U1407206,sparse,official_completed_subset
2014|joint_fund|B08|U1462|3,2014,joint_fund,B08,alpha_numeric,U1462,3,^U1462\d{3}$,36,101,206,106,0.339623,2,70,U1462101,U1462206,sparse,official_completed_subset
2014|joint_fund|B08|U1463|3,2014,joint_fund,B08,alpha_numeric,U1463,3,^U1463\d{3}$,10,201,210,10,1.000000,1,0,U1463201,U1463210,contiguous,official_completed_subset
2014|key|B01|21431|3,2014,key,B01,numeric8,21431,3,^21431\d{3}$,6,2,8,7,0.857143,2,1,21431002,21431008,dense,official_completed_subset
2014|key|B01|21432|3,2014,key,B01,numeric8,21432,3,^21432\d{3}$,10,1,11,11,0.909091,2,1,21432001,21432011,dense,official_completed_subset
2014|key|B01|21434|3,2014,key,B01,numeric8,21434,3,^21434\d{3}$,1,4,4,1,1.000000,1,0,21434004,21434004,contiguous,official_completed_subset
2014|key|B02|21433|3,2014,key,B02,numeric8,21433,3,^21433\d{3}$,9,1,13,13,0.692308,3,4,21433001,21433013,moderate,official_completed_subset
2014|key|B03|21433|3,2014,key,B03,numeric8,21433,3,^21433\d{3}$,4,4,9,6,0.666667,2,2,21433004,21433009,moderate,official_completed_subset
2014|key|B03|21434|3,2014,key,B03,numeric8,21434,3,^21434\d{3}$,2,1,2,2,1.000000,1,0,21434001,21434002,contiguous,official_completed_subset
2014|key|B04|21435|3,2014,key,B04,numeric8,21435,3,^21435\d{3}$,8,1,8,8,1.000000,1,0,21435001,21435008,contiguous,official_completed_subset
2014|key|B05|21431|3,2014,key,B05,numeric8,21431,3,^21431\d{3}$,1,9,9,1,1.000000,1,0,21431009,21431009,contiguous,official_completed_subset
2014|key|B05|21434|3,2014,key,B05,numeric8,21434,3,^21434\d{3}$,5,5,9,5,1.000000,1,0,21434005,21434009,contiguous,official_completed_subset
2014|key|B06|21437|3,2014,key,B06,numeric8,21437,3,^21437\d{3}$,6,1,6,6,1.000000,1,0,21437001,21437006,contiguous,official_completed_subset
2014|key|B07|21431|3,2014,key,B07,numeric8,21431,3,^21431\d{3}$,2,1,7,7,0.285714,2,5,21431001,21431007,sparse,official_completed_subset
2014|key|B07|21432|3,2014,key,B07,numeric8,21432,3,^21432\d{3}$,2,8,12,5,0.400000,2,3,21432008,21432012,moderate,official_completed_subset
2014|key|B07|21433|3,2014,key,B07,numeric8,21433,3,^21433\d{3}$,1,14,14,1,1.000000,1,0,21433014,21433014,contiguous,official_completed_subset
2014|key|B08|21436|3,2014,key,B08,numeric8,21436,3,^21436\d{3}$,10,1,10,10,1.000000,1,0,21436001,21436010,contiguous,official_completed_subset
2014|key|B09|21434|3,2014,key,B09,numeric8,21434,3,^21434\d{3}$,1,3,3,1,1.000000,1,0,21434003,21434003,contiguous,official_completed_subset
2014|major_research_plan|B01|91413|3,2014,major_research_plan,B01,numeric8,91413,3,^91413\d{3}$,1,101,101,1,1.000000,1,0,91413101,91413101,contiguous,official_completed_subset
2014|major_research_plan|B02|91433|3,2014,major_research_plan,B02,numeric8,91433,3,^91433\d{3}$,1,104,104,1,1.000000,1,0,91433104,91433104,contiguous,official_completed_subset
2014|major_research_plan|B02|91434|3,2014,major_research_plan,B02,numeric8,91434,3,^91434\d{3}$,3,102,104,3,1.000000,1,0,91434102,91434104,contiguous,official_completed_subset
2014|major_research_plan|B03|91421|3,2014,major_research_plan,B03,numeric8,91421,3,^91421\d{3}$,1,315,315,1,1.000000,1,0,91421315,91421315,contiguous,official_completed_subset
2014|major_research_plan|B03|91427|3,2014,major_research_plan,B03,numeric8,91427,3,^91427\d{3}$,3,301,304,4,0.750000,2,1,91427301,91427304,moderate,official_completed_subset
2014|major_research_plan|B03|91433|3,2014,major_research_plan,B03,numeric8,91433,3,^91433\d{3}$,1,202,202,1,1.000000,1,0,91433202,91433202,contiguous,official_completed_subset
2014|major_research_plan|B03|91434|3,2014,major_research_plan,B03,numeric8,91434,3,^91434\d{3}$,2,101,105,5,0.400000,2,3,91434101,91434105,moderate,official_completed_subset
2014|major_research_plan|B03|91441|3,2014,major_research_plan,B03,numeric8,91441,3,^91441\d{3}$,5,105,109,5,1.000000,1,0,91441105,91441109,contiguous,official_completed_subset
2014|major_research_plan|B04|91413|3,2014,major_research_plan,B04,numeric8,91413,3,^91413\d{3}$,3,117,119,3,1.000000,1,0,91413117,91413119,contiguous,official_completed_subset
2014|major_research_plan|B04|91432|3,2014,major_research_plan,B04,numeric8,91432,3,^91432\d{3}$,1,101,101,1,1.000000,1,0,91432101,91432101,contiguous,official_completed_subset
2014|major_research_plan|B04|91439|3,2014,major_research_plan,B04,numeric8,91439,3,^91439\d{3}$,2,101,102,2,1.000000,1,0,91439101,91439102,contiguous,official_completed_subset
2014|major_research_plan|B05|91433|3,2014,major_research_plan,B05,numeric8,91433,3,^91433\d{3}$,1,204,204,1,1.000000,1,0,91433204,91433204,contiguous,official_completed_subset
2014|major_research_plan|B07|91413|3,2014,major_research_plan,B07,numeric8,91413,3,^91413\d{3}$,15,102,116,15,1.000000,1,0,91413102,91413116,contiguous,official_completed_subset
2014|major_research_plan|B08|91434|3,2014,major_research_plan,B08,numeric8,91434,3,^91434\d{3}$,32,106,206,101,0.316832,2,69,91434106,91434206,sparse,official_completed_subset
2014|regional|B01|21461|3,2014,regional,B01,numeric8,21461,3,^21461\d{3}$,20,2,30,29,0.689655,7,9,21461002,21461030,moderate,official_completed_subset
2014|regional|B01|21462|3,2014,regional,B01,numeric8,21462,3,^21462\d{3}$,35,1,57,57,0.614035,8,22,21462001,21462057,moderate,official_completed_subset
2014|regional|B01|21464|3,2014,regional,B01,numeric8,21464,3,^21464\d{3}$,4,1,16,16,0.250000,3,12,21464001,21464016,sparse,official_completed_subset
2014|regional|B02|21463|3,2014,regional,B02,numeric8,21463,3,^21463\d{3}$,18,1,30,30,0.600000,8,12,21463001,21463030,moderate,official_completed_subset
2014|regional|B02|21464|3,2014,regional,B02,numeric8,21464,3,^21464\d{3}$,1,5,5,1,1.000000,1,0,21464005,21464005,contiguous,official_completed_subset
2014|regional|B03|21461|3,2014,regional,B03,numeric8,21461,3,^21461\d{3}$,1,13,13,1,1.000000,1,0,21461013,21461013,contiguous,official_completed_subset
2014|regional|B03|21463|3,2014,regional,B03,numeric8,21463,3,^21463\d{3}$,9,3,26,24,0.375000,6,15,21463003,21463026,sparse,official_completed_subset
2014|regional|B03|21464|3,2014,regional,B03,numeric8,21464,3,^21464\d{3}$,2,4,12,9,0.222222,2,7,21464004,21464012,sparse,official_completed_subset
2014|regional|B03|21465|3,2014,regional,B03,numeric8,21465,3,^21465\d{3}$,1,16,16,1,1.000000,1,0,21465016,21465016,contiguous,official_completed_subset
2014|regional|B04|21461|3,2014,regional,B04,numeric8,21461,3,^21461\d{3}$,2,5,16,12,0.166667,2,10,21461005,21461016,sparse,official_completed_subset
2014|regional|B04|21465|3,2014,regional,B04,numeric8,21465,3,^21465\d{3}$,24,1,26,26,0.923077,3,2,21465001,21465026,dense,official_completed_subset
2014|regional|B05|21461|3,2014,regional,B05,numeric8,21461,3,^21461\d{3}$,6,8,27,20,0.300000,4,14,21461008,21461027,sparse,official_completed_subset
2014|regional|B05|21462|3,2014,regional,B05,numeric8,21462,3,^21462\d{3}$,1,27,27,1,1.000000,1,0,21462027,21462027,contiguous,official_completed_subset
2014|regional|B05|21464|3,2014,regional,B05,numeric8,21464,3,^21464\d{3}$,9,2,17,16,0.562500,5,7,21464002,21464017,moderate,official_completed_subset
2014|regional|B06|21461|3,2014,regional,B06,numeric8,21461,3,^21461\d{3}$,1,1,1,1,1.000000,1,0,21461001,21461001,contiguous,official_completed_subset
2014|regional|B06|21467|3,2014,regional,B06,numeric8,21467,3,^21467\d{3}$,30,1,31,31,0.967742,2,1,21467001,21467031,dense,official_completed_subset
2014|regional|B07|21462|3,2014,regional,B07,numeric8,21462,3,^21462\d{3}$,21,6,51,46,0.456522,8,25,21462006,21462051,moderate,official_completed_subset
2014|regional|B07|21463|3,2014,regional,B07,numeric8,21463,3,^21463\d{3}$,2,8,29,22,0.090909,2,20,21463008,21463029,sparse,official_completed_subset
2014|regional|B08|21466|3,2014,regional,B08,numeric8,21466,3,^21466\d{3}$,36,1,37,37,0.972973,2,1,21466001,21466037,dense,official_completed_subset
2014|regional|B09|21464|3,2014,regional,B09,numeric8,21464,3,^21464\d{3}$,1,8,8,1,1.000000,1,0,21464008,21464008,contiguous,official_completed_subset
2014|youth_c|B01|21401|3,2014,youth_c,B01,numeric8,21401,3,^21401\d{3}$,117,3,218,216,0.541667,50,99,21401003,21401218,moderate,official_completed_subset
2014|youth_c|B01|21402|3,2014,youth_c,B01,numeric8,21402,3,^21402\d{3}$,139,1,244,244,0.569672,57,105,21402001,21402244,moderate,official_completed_subset
2014|youth_c|B01|21404|3,2014,youth_c,B01,numeric8,21404,3,^21404\d{3}$,27,1,123,123,0.219512,20,96,21404001,21404123,sparse,official_completed_subset
2014|youth_c|B02|21401|3,2014,youth_c,B02,numeric8,21401,3,^21401\d{3}$,1,167,167,1,1.000000,1,0,21401167,21401167,contiguous,official_completed_subset
2014|youth_c|B02|21403|3,2014,youth_c,B02,numeric8,21403,3,^21403\d{3}$,160,4,304,301,0.531561,63,141,21403004,21403304,moderate,official_completed_subset
2014|youth_c|B02|21404|3,2014,youth_c,B02,numeric8,21404,3,^21404\d{3}$,3,8,117,110,0.027273,2,107,21404008,21404117,sparse,official_completed_subset
2014|youth_c|B03|21401|3,2014,youth_c,B03,numeric8,21401,3,^21401\d{3}$,8,8,194,187,0.042781,6,179,21401008,21401194,sparse,official_completed_subset
2014|youth_c|B03|21402|3,2014,youth_c,B03,numeric8,21402,3,^21402\d{3}$,9,47,229,183,0.049180,7,174,21402047,21402229,sparse,official_completed_subset
2014|youth_c|B03|21403|3,2014,youth_c,B03,numeric8,21403,3,^21403\d{3}$,112,1,300,300,0.373333,56,188,21403001,21403300,sparse,official_completed_subset
2014|youth_c|B03|21404|3,2014,youth_c,B03,numeric8,21404,3,^21404\d{3}$,25,2,113,112,0.223214,16,87,21404002,21404113,sparse,official_completed_subset
2014|youth_c|B03|21405|3,2014,youth_c,B03,numeric8,21405,3,^21405\d{3}$,2,68,110,43,0.046512,2,41,21405068,21405110,sparse,official_completed_subset
2014|youth_c|B04|21401|3,2014,youth_c,B04,numeric8,21401,3,^21401\d{3}$,4,110,209,100,0.040000,4,96,21401110,21401209,sparse,official_completed_subset
2014|youth_c|B04|21402|3,2014,youth_c,B04,numeric8,21402,3,^21402\d{3}$,3,34,231,198,0.015152,3,195,21402034,21402231,sparse,official_completed_subset
2014|youth_c|B04|21405|3,2014,youth_c,B04,numeric8,21405,3,^21405\d{3}$,180,1,183,183,0.983607,4,3,21405001,21405183,dense,official_completed_subset
2014|youth_c|B05|21401|3,2014,youth_c,B05,numeric8,21401,3,^21401\d{3}$,52,1,215,215,0.241860,38,163,21401001,21401215,sparse,official_completed_subset
2014|youth_c|B05|21402|3,2014,youth_c,B05,numeric8,21402,3,^21402\d{3}$,7,80,215,136,0.051471,7,129,21402080,21402215,sparse,official_completed_subset
2014|youth_c|B05|21403|3,2014,youth_c,B05,numeric8,21403,3,^21403\d{3}$,15,13,288,276,0.054348,14,261,21403013,21403288,sparse,official_completed_subset
2014|youth_c|B05|21404|3,2014,youth_c,B05,numeric8,21404,3,^21404\d{3}$,66,5,124,120,0.550000,31,54,21404005,21404124,moderate,official_completed_subset
2014|youth_c|B06|21401|3,2014,youth_c,B06,numeric8,21401,3,^21401\d{3}$,7,22,179,158,0.044304,5,151,21401022,21401179,sparse,official_completed_subset
2014|youth_c|B06|21403|3,2014,youth_c,B06,numeric8,21403,3,^21403\d{3}$,1,246,246,1,1.000000,1,0,21403246,21403246,contiguous,official_completed_subset
2014|youth_c|B06|21407|3,2014,youth_c,B06,numeric8,21407,3,^21407\d{3}$,185,1,185,185,1.000000,1,0,21407001,21407185,contiguous,official_completed_subset
2014|youth_c|B07|21401|3,2014,youth_c,B07,numeric8,21401,3,^21401\d{3}$,28,2,217,216,0.129630,23,188,21401002,21401217,sparse,official_completed_subset
2014|youth_c|B07|21402|3,2014,youth_c,B07,numeric8,21402,3,^21402\d{3}$,83,4,242,239,0.347280,51,156,21402004,21402242,sparse,official_completed_subset
2014|youth_c|B07|21403|3,2014,youth_c,B07,numeric8,21403,3,^21403\d{3}$,2,43,242,200,0.010000,2,198,21403043,21403242,sparse,official_completed_subset
2014|youth_c|B08|21402|3,2014,youth_c,B08,numeric8,21402,3,^21402\d{3}$,1,239,239,1,1.000000,1,0,21402239,21402239,contiguous,official_completed_subset
2014|youth_c|B08|21403|3,2014,youth_c,B08,numeric8,21403,3,^21403\d{3}$,1,42,42,1,1.000000,1,0,21403042,21403042,contiguous,official_completed_subset
2014|youth_c|B08|21406|3,2014,youth_c,B08,numeric8,21406,3,^21406\d{3}$,273,1,274,274,0.996350,2,1,21406001,21406274,dense,official_completed_subset
2014|youth_c|B09|21403|3,2014,youth_c,B09,numeric8,21403,3,^21403\d{3}$,13,73,305,233,0.055794,12,220,21403073,21403305,sparse,official_completed_subset
2014|youth_c|B09|21404|3,2014,youth_c,B09,numeric8,21404,3,^21404\d{3}$,3,14,61,48,0.062500,3,45,21404014,21404061,sparse,official_completed_subset
2015|general|B01|21571|3,2015,general,B01,numeric8,21571,3,^21571\d{3}$,107,1,195,195,0.548718,40,88,21571001,21571195,moderate,official_completed_subset
2015|general|B01|21572|3,2015,general,B01,numeric8,21572,3,^21572\d{3}$,169,2,280,279,0.605735,52,110,21572002,21572280,moderate,official_completed_subset
2015|general|B01|21574|3,2015,general,B01,numeric8,21574,3,^21574\d{3}$,41,5,147,143,0.286713,27,102,21574005,21574147,sparse,official_completed_subset
2015|general|B02|21571|3,2015,general,B02,numeric8,21571,3,^21571\d{3}$,4,11,181,171,0.023392,4,167,21571011,21571181,sparse,official_completed_subset
2015|general|B02|21573|3,2015,general,B02,numeric8,21573,3,^21573\d{3}$,132,3,288,286,0.461538,56,154,21573003,21573288,moderate,official_completed_subset
2015|general|B02|21574|3,2015,general,B02,numeric8,21574,3,^21574\d{3}$,3,4,145,142,0.021127,3,139,21574004,21574145,sparse,official_completed_subset
2015|general|B02|21575|3,2015,general,B02,numeric8,21575,3,^21575\d{3}$,1,11,11,1,1.000000,1,0,21575011,21575011,contiguous,official_completed_subset
2015|general|B03|21571|3,2015,general,B03,numeric8,21571,3,^21571\d{3}$,12,8,190,183,0.065574,11,171,21571008,21571190,sparse,official_completed_subset
2015|general|B03|21572|3,2015,general,B03,numeric8,21572,3,^21572\d{3}$,6,26,212,187,0.032086,6,181,21572026,21572212,sparse,official_completed_subset
2015|general|B03|21573|3,2015,general,B03,numeric8,21573,3,^21573\d{3}$,120,1,292,292,0.410959,52,172,21573001,21573292,moderate,official_completed_subset
2015|general|B03|21574|3,2015,general,B03,numeric8,21574,3,^21574\d{3}$,32,2,142,141,0.226950,21,109,21574002,21574142,sparse,official_completed_subset
2015|general|B03|21575|3,2015,general,B03,numeric8,21575,3,^21575\d{3}$,4,39,131,93,0.043011,4,89,21575039,21575131,sparse,official_completed_subset
2015|general|B04|21571|3,2015,general,B04,numeric8,21571,3,^21571\d{3}$,2,179,184,6,0.333333,2,4,21571179,21571184,sparse,official_completed_subset
2015|general|B04|21572|3,2015,general,B04,numeric8,21572,3,^21572\d{3}$,5,76,260,185,0.027027,5,180,21572076,21572260,sparse,official_completed_subset
2015|general|B04|21575|3,2015,general,B04,numeric8,21575,3,^21575\d{3}$,163,1,168,168,0.970238,6,5,21575001,21575168,dense,official_completed_subset
2015|general|B05|21571|3,2015,general,B05,numeric8,21571,3,^21571\d{3}$,39,4,192,189,0.206349,28,150,21571004,21571192,sparse,official_completed_subset
2015|general|B05|21572|3,2015,general,B05,numeric8,21572,3,^21572\d{3}$,13,1,176,176,0.073864,12,163,21572001,21572176,sparse,official_completed_subset
2015|general|B05|21573|3,2015,general,B05,numeric8,21573,3,^21573\d{3}$,16,18,276,259,0.061776,14,243,21573018,21573276,sparse,official_completed_subset
2015|general|B05|21574|3,2015,general,B05,numeric8,21574,3,^21574\d{3}$,69,1,148,148,0.466216,36,79,21574001,21574148,moderate,official_completed_subset
2015|general|B06|21571|3,2015,general,B06,numeric8,21571,3,^21571\d{3}$,3,80,163,84,0.035714,3,81,21571080,21571163,sparse,official_completed_subset
2015|general|B06|21573|3,2015,general,B06,numeric8,21573,3,^21573\d{3}$,1,117,117,1,1.000000,1,0,21573117,21573117,contiguous,official_completed_subset
2015|general|B06|21577|3,2015,general,B06,numeric8,21577,3,^21577\d{3}$,178,1,179,179,0.994413,2,1,21577001,21577179,dense,official_completed_subset
2015|general|B07|21571|3,2015,general,B07,numeric8,21571,3,^21571\d{3}$,27,2,196,195,0.138462,20,168,21571002,21571196,sparse,official_completed_subset
2015|general|B07|21572|3,2015,general,B07,numeric8,21572,3,^21572\d{3}$,88,3,282,280,0.314286,47,192,21572003,21572282,sparse,official_completed_subset
2015|general|B07|21573|3,2015,general,B07,numeric8,21573,3,^21573\d{3}$,11,12,290,279,0.039427,8,268,21573012,21573290,sparse,official_completed_subset
2015|general|B08|21572|3,2015,general,B08,numeric8,21572,3,^21572\d{3}$,1,61,61,1,1.000000,1,0,21572061,21572061,contiguous,official_completed_subset
2015|general|B08|21573|3,2015,general,B08,numeric8,21573,3,^21573\d{3}$,1,35,35,1,1.000000,1,0,21573035,21573035,contiguous,official_completed_subset
2015|general|B08|21576|3,2015,general,B08,numeric8,21576,3,^21576\d{3}$,303,1,303,303,1.000000,1,0,21576001,21576303,contiguous,official_completed_subset
2015|general|B09|21573|3,2015,general,B09,numeric8,21573,3,^21573\d{3}$,10,17,265,249,0.040161,8,239,21573017,21573265,sparse,official_completed_subset
2015|general|B09|21574|3,2015,general,B09,numeric8,21574,3,^21574\d{3}$,3,49,115,67,0.044776,3,64,21574049,21574115,sparse,official_completed_subset
2015|joint_fund|B01|U1504|3,2015,joint_fund,B01,alpha_numeric,U1504,3,^U1504\d{3}$,5,201,214,14,0.357143,4,9,U1504201,U1504214,sparse,official_completed_subset
2015|joint_fund|B02|U1504|3,2015,joint_fund,B02,alpha_numeric,U1504,3,^U1504\d{3}$,2,210,211,2,1.000000,1,0,U1504210,U1504211,contiguous,official_completed_subset
2015|joint_fund|B02|U1510|3,2015,joint_fund,B02,alpha_numeric,U1510,3,^U1510\d{3}$,3,105,110,6,0.500000,3,3,U1510105,U1510110,moderate,official_completed_subset
2015|joint_fund|B03|U1504|3,2015,joint_fund,B03,alpha_numeric,U1504,3,^U1504\d{3}$,3,209,213,5,0.600000,2,2,U1504209,U1504213,moderate,official_completed_subset
2015|joint_fund|B03|U1510|3,2015,joint_fund,B03,alpha_numeric,U1510,3,^U1510\d{3}$,2,103,104,2,1.000000,1,0,U1510103,U1510104,contiguous,official_completed_subset
2015|joint_fund|B04|U1504|3,2015,joint_fund,B04,alpha_numeric,U1504,3,^U1504\d{3}$,2,215,216,2,1.000000,1,0,U1504215,U1504216,contiguous,official_completed_subset
2015|joint_fund|B05|U1504|3,2015,joint_fund,B05,alpha_numeric,U1504,3,^U1504\d{3}$,1,204,204,1,1.000000,1,0,U1504204,U1504204,contiguous,official_completed_subset
2015|joint_fund|B06|U1504|3,2015,joint_fund,B06,alpha_numeric,U1504,3,^U1504\d{3}$,1,219,219,1,1.000000,1,0,U1504219,U1504219,contiguous,official_completed_subset
2015|joint_fund|B07|U1504|3,2015,joint_fund,B07,alpha_numeric,U1504,3,^U1504\d{3}$,3,203,207,5,0.600000,2,2,U1504203,U1504207,moderate,official_completed_subset
2015|joint_fund|B08|U1504|3,2015,joint_fund,B08,alpha_numeric,U1504,3,^U1504\d{3}$,2,217,218,2,1.000000,1,0,U1504217,U1504218,contiguous,official_completed_subset
2015|joint_fund|B08|U1507|3,2015,joint_fund,B08,alpha_numeric,U1507,3,^U1507\d{3}$,26,101,203,103,0.252427,2,77,U1507101,U1507203,sparse,official_completed_subset
2015|joint_fund|B08|U1508|3,2015,joint_fund,B08,alpha_numeric,U1508,3,^U1508\d{3}$,5,201,205,5,1.000000,1,0,U1508201,U1508205,contiguous,official_completed_subset
2015|joint_fund|B08|U1510|3,2015,joint_fund,B08,alpha_numeric,U1510,3,^U1510\d{3}$,9,101,203,103,0.087379,5,94,U1510101,U1510203,sparse,official_completed_subset
2015|key|B01|21531|3,2015,key,B01,numeric8,21531,3,^21531\d{3}$,8,1,8,8,1.000000,1,0,21531001,21531008,contiguous,official_completed_subset
2015|key|B01|21532|3,2015,key,B01,numeric8,21532,3,^21532\d{3}$,8,1,10,10,0.800000,3,2,21532001,21532010,dense,official_completed_subset
2015|key|B01|21534|3,2015,key,B01,numeric8,21534,3,^21534\d{3}$,1,7,7,1,1.000000,1,0,21534007,21534007,contiguous,official_completed_subset
2015|key|B02|21533|3,2015,key,B02,numeric8,21533,3,^21533\d{3}$,7,2,11,10,0.700000,4,3,21533002,21533011,moderate,official_completed_subset
2015|key|B03|21533|3,2015,key,B03,numeric8,21533,3,^21533\d{3}$,4,1,13,13,0.307692,4,9,21533001,21533013,sparse,official_completed_subset
2015|key|B03|21534|3,2015,key,B03,numeric8,21534,3,^21534\d{3}$,2,2,5,4,0.500000,2,2,21534002,21534005,moderate,official_completed_subset
2015|key|B04|21532|3,2015,key,B04,numeric8,21532,3,^21532\d{3}$,1,5,5,1,1.000000,1,0,21532005,21532005,contiguous,official_completed_subset
2015|key|B04|21535|3,2015,key,B04,numeric8,21535,3,^21535\d{3}$,9,1,9,9,1.000000,1,0,21535001,21535009,contiguous,official_completed_subset
2015|key|B05|21534|3,2015,key,B05,numeric8,21534,3,^21534\d{3}$,6,1,9,9,0.666667,4,3,21534001,21534009,moderate,official_completed_subset
2015|key|B06|21537|3,2015,key,B06,numeric8,21537,3,^21537\d{3}$,5,1,5,5,1.000000,1,0,21537001,21537005,contiguous,official_completed_subset
2015|key|B07|21532|3,2015,key,B07,numeric8,21532,3,^21532\d{3}$,1,2,2,1,1.000000,1,0,21532002,21532002,contiguous,official_completed_subset
2015|key|B07|21533|3,2015,key,B07,numeric8,21533,3,^21533\d{3}$,2,8,12,5,0.400000,2,3,21533008,21533012,moderate,official_completed_subset
2015|key|B08|21536|3,2015,key,B08,numeric8,21536,3,^21536\d{3}$,11,1,11,11,1.000000,1,0,21536001,21536011,contiguous,official_completed_subset
2015|major_research_plan|B01|91513|3,2015,major_research_plan,B01,numeric8,91513,3,^91513\d{3}$,1,1,1,1,1.000000,1,0,91513001,91513001,contiguous,official_completed_subset
2015|major_research_plan|B01|91527|3,2015,major_research_plan,B01,numeric8,91527,3,^91527\d{3}$,3,301,306,6,0.500000,2,3,91527301,91527306,moderate,official_completed_subset
2015|major_research_plan|B01|91545|3,2015,major_research_plan,B01,numeric8,91545,3,^91545\d{3}$,1,201,201,1,1.000000,1,0,91545201,91545201,contiguous,official_completed_subset
2015|major_research_plan|B02|91527|3,2015,major_research_plan,B02,numeric8,91527,3,^91527\d{3}$,2,0,303,304,0.006579,2,302,91527000,91527303,sparse,official_completed_subset
2015|major_research_plan|B02|91534|3,2015,major_research_plan,B02,numeric8,91534,3,^91534\d{3}$,1,101,101,1,1.000000,1,0,91534101,91534101,contiguous,official_completed_subset
2015|major_research_plan|B02|91545|3,2015,major_research_plan,B02,numeric8,91545,3,^91545\d{3}$,23,108,205,98,0.234694,3,75,91545108,91545205,sparse,official_completed_subset
2015|major_research_plan|B03|91541|3,2015,major_research_plan,B03,numeric8,91541,3,^91541\d{3}$,4,112,124,13,0.307692,4,9,91541112,91541124,sparse,official_completed_subset
2015|major_research_plan|B03|91545|3,2015,major_research_plan,B03,numeric8,91545,3,^91545\d{3}$,8,102,202,101,0.079208,3,93,91545102,91545202,sparse,official_completed_subset
2015|major_research_plan|B04|91543|3,2015,major_research_plan,B04,numeric8,91543,3,^91543\d{3}$,2,101,201,101,0.019802,2,99,91543101,91543201,sparse,official_completed_subset
2015|major_research_plan|B04|91545|3,2015,major_research_plan,B04,numeric8,91545,3,^91545\d{3}$,1,129,129,1,1.000000,1,0,91545129,91545129,contiguous,official_completed_subset
2015|major_research_plan|B05|91527|3,2015,major_research_plan,B05,numeric8,91527,3,^91527\d{3}$,1,304,304,1,1.000000,1,0,91527304,91527304,contiguous,official_completed_subset
2015|major_research_plan|B06|91543|3,2015,major_research_plan,B06,numeric8,91543,3,^91543\d{3}$,31,0,206,207,0.149758,3,176,91543000,91543206,sparse,official_completed_subset
2015|major_research_plan|B07|91527|3,2015,major_research_plan,B07,numeric8,91527,3,^91527\d{3}$,1,302,302,1,1.000000,1,0,91527302,91527302,contiguous,official_completed_subset
2015|major_research_plan|B08|91534|3,2015,major_research_plan,B08,numeric8,91534,3,^91534\d{3}$,32,102,205,104,0.307692,2,72,91534102,91534205,sparse,official_completed_subset
2015|major_research_plan|B08|91545|3,2015,major_research_plan,B08,numeric8,91545,3,^91545\d{3}$,1,130,130,1,1.000000,1,0,91545130,91545130,contiguous,official_completed_subset
2015|regional|B01|21561|3,2015,regional,B01,numeric8,21561,3,^21561\d{3}$,17,3,33,31,0.548387,9,14,21561003,21561033,moderate,official_completed_subset
2015|regional|B01|21562|3,2015,regional,B01,numeric8,21562,3,^21562\d{3}$,24,1,54,54,0.444444,15,30,21562001,21562054,moderate,official_completed_subset
2015|regional|B01|21564|3,2015,regional,B01,numeric8,21564,3,^21564\d{3}$,2,16,17,2,1.000000,1,0,21564016,21564017,contiguous,official_completed_subset
2015|regional|B02|21561|3,2015,regional,B02,numeric8,21561,3,^21561\d{3}$,1,17,17,1,1.000000,1,0,21561017,21561017,contiguous,official_completed_subset
2015|regional|B02|21563|3,2015,regional,B02,numeric8,21563,3,^21563\d{3}$,19,1,31,31,0.612903,10,12,21563001,21563031,moderate,official_completed_subset
2015|regional|B02|21564|3,2015,regional,B02,numeric8,21564,3,^21564\d{3}$,1,18,18,1,1.000000,1,0,21564018,21564018,contiguous,official_completed_subset
2015|regional|B03|21561|3,2015,regional,B03,numeric8,21561,3,^21561\d{3}$,3,15,31,17,0.176471,3,14,21561015,21561031,sparse,official_completed_subset
2015|regional|B03|21562|3,2015,regional,B03,numeric8,21562,3,^21562\d{3}$,1,38,38,1,1.000000,1,0,21562038,21562038,contiguous,official_completed_subset
2015|regional|B03|21563|3,2015,regional,B03,numeric8,21563,3,^21563\d{3}$,8,2,30,29,0.275862,7,21,21563002,21563030,sparse,official_completed_subset
2015|regional|B03|21564|3,2015,regional,B03,numeric8,21564,3,^21564\d{3}$,3,7,12,6,0.500000,2,3,21564007,21564012,moderate,official_completed_subset
2015|regional|B03|21565|3,2015,regional,B03,numeric8,21565,3,^21565\d{3}$,1,22,22,1,1.000000,1,0,21565022,21565022,contiguous,official_completed_subset
2015|regional|B04|21565|3,2015,regional,B04,numeric8,21565,3,^21565\d{3}$,32,1,33,33,0.969697,2,1,21565001,21565033,dense,official_completed_subset
2015|regional|B05|21561|3,2015,regional,B05,numeric8,21561,3,^21561\d{3}$,7,8,30,23,0.304348,5,16,21561008,21561030,sparse,official_completed_subset
2015|regional|B05|21562|3,2015,regional,B05,numeric8,21562,3,^21562\d{3}$,3,10,42,33,0.090909,3,30,21562010,21562042,sparse,official_completed_subset
2015|regional|B05|21563|3,2015,regional,B05,numeric8,21563,3,^21563\d{3}$,1,4,4,1,1.000000,1,0,21563004,21563004,contiguous,official_completed_subset
2015|regional|B05|21564|3,2015,regional,B05,numeric8,21564,3,^21564\d{3}$,11,2,15,14,0.785714,3,3,21564002,21564015,moderate,official_completed_subset
2015|regional|B06|21561|3,2015,regional,B06,numeric8,21561,3,^21561\d{3}$,3,1,18,18,0.166667,2,15,21561001,21561018,sparse,official_completed_subset
2015|regional|B06|21567|3,2015,regional,B06,numeric8,21567,3,^21567\d{3}$,30,1,30,30,1.000000,1,0,21567001,21567030,contiguous,official_completed_subset
2015|regional|B07|21561|3,2015,regional,B07,numeric8,21561,3,^21561\d{3}$,2,5,6,2,1.000000,1,0,21561005,21561006,contiguous,official_completed_subset
2015|regional|B07|21562|3,2015,regional,B07,numeric8,21562,3,^21562\d{3}$,25,6,53,48,0.520833,12,23,21562006,21562053,moderate,official_completed_subset
2015|regional|B07|21563|3,2015,regional,B07,numeric8,21563,3,^21563\d{3}$,2,8,32,25,0.080000,2,23,21563008,21563032,sparse,official_completed_subset
2015|regional|B08|21562|3,2015,regional,B08,numeric8,21562,3,^21562\d{3}$,1,40,40,1,1.000000,1,0,21562040,21562040,contiguous,official_completed_subset
2015|regional|B08|21566|3,2015,regional,B08,numeric8,21566,3,^21566\d{3}$,38,1,38,38,1.000000,1,0,21566001,21566038,contiguous,official_completed_subset
2015|regional|B09|21563|3,2015,regional,B09,numeric8,21563,3,^21563\d{3}$,2,27,29,3,0.666667,2,1,21563027,21563029,moderate,official_completed_subset
2015|regional|B09|21564|3,2015,regional,B09,numeric8,21564,3,^21564\d{3}$,1,1,1,1,1.000000,1,0,21564001,21564001,contiguous,official_completed_subset
2015|youth_c|B01|21501|3,2015,youth_c,B01,numeric8,21501,3,^21501\d{3}$,108,1,203,203,0.532020,48,95,21501001,21501203,moderate,official_completed_subset
2015|youth_c|B01|21502|3,2015,youth_c,B01,numeric8,21502,3,^21502\d{3}$,146,1,242,242,0.603306,52,96,21502001,21502242,moderate,official_completed_subset
2015|youth_c|B01|21504|3,2015,youth_c,B01,numeric8,21504,3,^21504\d{3}$,31,1,103,103,0.300971,19,72,21504001,21504103,sparse,official_completed_subset
2015|youth_c|B02|21501|3,2015,youth_c,B02,numeric8,21501,3,^21501\d{3}$,2,55,116,62,0.032258,2,60,21501055,21501116,sparse,official_completed_subset
2015|youth_c|B02|21503|3,2015,youth_c,B02,numeric8,21503,3,^21503\d{3}$,131,4,285,282,0.464539,55,151,21503004,21503285,moderate,official_completed_subset
2015|youth_c|B02|21504|3,2015,youth_c,B02,numeric8,21504,3,^21504\d{3}$,2,22,77,56,0.035714,2,54,21504022,21504077,sparse,official_completed_subset
2015|youth_c|B02|21505|3,2015,youth_c,B02,numeric8,21505,3,^21505\d{3}$,2,85,139,55,0.036364,2,53,21505085,21505139,sparse,official_completed_subset
2015|youth_c|B03|21501|3,2015,youth_c,B03,numeric8,21501,3,^21501\d{3}$,8,15,189,175,0.045714,7,167,21501015,21501189,sparse,official_completed_subset
2015|youth_c|B03|21503|3,2015,youth_c,B03,numeric8,21503,3,^21503\d{3}$,108,1,279,279,0.387097,54,171,21503001,21503279,sparse,official_completed_subset
2015|youth_c|B03|21504|3,2015,youth_c,B03,numeric8,21504,3,^21504\d{3}$,13,4,105,102,0.127451,11,89,21504004,21504105,sparse,official_completed_subset
2015|youth_c|B03|21505|3,2015,youth_c,B03,numeric8,21505,3,^21505\d{3}$,1,9,9,1,1.000000,1,0,21505009,21505009,contiguous,official_completed_subset
2015|youth_c|B04|21501|3,2015,youth_c,B04,numeric8,21501,3,^21501\d{3}$,2,57,187,131,0.015267,2,129,21501057,21501187,sparse,official_completed_subset
2015|youth_c|B04|21502|3,2015,youth_c,B04,numeric8,21502,3,^21502\d{3}$,4,67,179,113,0.035398,4,109,21502067,21502179,sparse,official_completed_subset
2015|youth_c|B04|21505|3,2015,youth_c,B04,numeric8,21505,3,^21505\d{3}$,158,1,162,162,0.975309,5,4,21505001,21505162,dense,official_completed_subset
2015|youth_c|B05|21501|3,2015,youth_c,B05,numeric8,21501,3,^21501\d{3}$,59,2,198,197,0.299492,39,138,21501002,21501198,sparse,official_completed_subset
2015|youth_c|B05|21502|3,2015,youth_c,B05,numeric8,21502,3,^21502\d{3}$,13,7,226,220,0.059091,12,207,21502007,21502226,sparse,official_completed_subset
2015|youth_c|B05|21503|3,2015,youth_c,B05,numeric8,21503,3,^21503\d{3}$,14,5,267,263,0.053232,13,249,21503005,21503267,sparse,official_completed_subset
2015|youth_c|B05|21504|3,2015,youth_c,B05,numeric8,21504,3,^21504\d{3}$,56,2,106,105,0.533333,24,49,21504002,21504106,moderate,official_completed_subset
2015|youth_c|B06|21501|3,2015,youth_c,B06,numeric8,21501,3,^21501\d{3}$,10,25,199,175,0.057143,7,165,21501025,21501199,sparse,official_completed_subset
2015|youth_c|B06|21507|3,2015,youth_c,B06,numeric8,21507,3,^21507\d{3}$,169,1,170,170,0.994118,2,1,21507001,21507170,dense,official_completed_subset
2015|youth_c|B07|21501|3,2015,youth_c,B07,numeric8,21501,3,^21501\d{3}$,13,20,201,182,0.071429,12,169,21501020,21501201,sparse,official_completed_subset
2015|youth_c|B07|21502|3,2015,youth_c,B07,numeric8,21502,3,^21502\d{3}$,73,4,239,236,0.309322,45,163,21502004,21502239,sparse,official_completed_subset
2015|youth_c|B07|21503|3,2015,youth_c,B07,numeric8,21503,3,^21503\d{3}$,9,7,283,277,0.032491,9,268,21503007,21503283,sparse,official_completed_subset
2015|youth_c|B08|21502|3,2015,youth_c,B08,numeric8,21502,3,^21502\d{3}$,3,27,229,203,0.014778,3,200,21502027,21502229,sparse,official_completed_subset
2015|youth_c|B08|21503|3,2015,youth_c,B08,numeric8,21503,3,^21503\d{3}$,1,32,32,1,1.000000,1,0,21503032,21503032,contiguous,official_completed_subset
2015|youth_c|B08|21506|3,2015,youth_c,B08,numeric8,21506,3,^21506\d{3}$,258,1,260,260,0.992308,3,2,21506001,21506260,dense,official_completed_subset
2015|youth_c|B09|21503|3,2015,youth_c,B09,numeric8,21503,3,^21503\d{3}$,22,8,282,275,0.080000,20,253,21503008,21503282,sparse,official_completed_subset
2015|youth_c|B09|21504|3,2015,youth_c,B09,numeric8,21504,3,^21504\d{3}$,3,62,95,34,0.088235,3,31,21504062,21504095,sparse,official_completed_subset
2016|general|B01|21671|3,2016,general,B01,numeric8,21671,3,^21671\d{3}$,127,1,202,202,0.628713,46,75,21671001,21671202,moderate,official_completed_subset
2016|general|B01|21672|3,2016,general,B01,numeric8,21672,3,^21672\d{3}$,149,2,262,261,0.570881,48,112,21672002,21672262,moderate,official_completed_subset
2016|general|B01|21674|3,2016,general,B01,numeric8,21674,3,^21674\d{3}$,42,2,130,129,0.325581,29,87,21674002,21674130,sparse,official_completed_subset
2016|general|B02|21671|3,2016,general,B02,numeric8,21671,3,^21671\d{3}$,6,12,148,137,0.043796,5,131,21671012,21671148,sparse,official_completed_subset
2016|general|B02|21673|3,2016,general,B02,numeric8,21673,3,^21673\d{3}$,124,1,302,302,0.410596,58,178,21673001,21673302,moderate,official_completed_subset
2016|general|B02|21674|3,2016,general,B02,numeric8,21674,3,^21674\d{3}$,3,73,105,33,0.090909,3,30,21674073,21674105,sparse,official_completed_subset
2016|general|B03|21671|3,2016,general,B03,numeric8,21671,3,^21671\d{3}$,11,24,182,159,0.069182,10,148,21671024,21671182,sparse,official_completed_subset
2016|general|B03|21672|3,2016,general,B03,numeric8,21672,3,^21672\d{3}$,10,1,247,247,0.040486,9,237,21672001,21672247,sparse,official_completed_subset
2016|general|B03|21673|3,2016,general,B03,numeric8,21673,3,^21673\d{3}$,120,3,301,299,0.401338,57,179,21673003,21673301,moderate,official_completed_subset
2016|general|B03|21674|3,2016,general,B03,numeric8,21674,3,^21674\d{3}$,40,4,128,125,0.320000,21,85,21674004,21674128,sparse,official_completed_subset
2016|general|B03|21675|3,2016,general,B03,numeric8,21675,3,^21675\d{3}$,9,10,180,171,0.052632,9,162,21675010,21675180,sparse,official_completed_subset
2016|general|B04|21671|3,2016,general,B04,numeric8,21671,3,^21671\d{3}$,1,171,171,1,1.000000,1,0,21671171,21671171,contiguous,official_completed_subset
2016|general|B04|21672|3,2016,general,B04,numeric8,21672,3,^21672\d{3}$,4,188,250,63,0.063492,3,59,21672188,21672250,sparse,official_completed_subset
2016|general|B04|21675|3,2016,general,B04,numeric8,21675,3,^21675\d{3}$,171,1,181,181,0.944751,11,10,21675001,21675181,dense,official_completed_subset
2016|general|B05|21671|3,2016,general,B05,numeric8,21671,3,^21671\d{3}$,36,6,205,200,0.180000,25,164,21671006,21671205,sparse,official_completed_subset
2016|general|B05|21672|3,2016,general,B05,numeric8,21672,3,^21672\d{3}$,18,20,267,248,0.072581,16,230,21672020,21672267,sparse,official_completed_subset
2016|general|B05|21673|3,2016,general,B05,numeric8,21673,3,^21673\d{3}$,16,15,257,243,0.065844,14,227,21673015,21673257,sparse,official_completed_subset
2016|general|B05|21674|3,2016,general,B05,numeric8,21674,3,^21674\d{3}$,43,6,129,124,0.346774,28,81,21674006,21674129,sparse,official_completed_subset
2016|general|B06|21671|3,2016,general,B06,numeric8,21671,3,^21671\d{3}$,4,116,199,84,0.047619,4,80,21671116,21671199,sparse,official_completed_subset
2016|general|B06|21673|3,2016,general,B06,numeric8,21673,3,^21673\d{3}$,1,102,102,1,1.000000,1,0,21673102,21673102,contiguous,official_completed_subset
2016|general|B06|21677|3,2016,general,B06,numeric8,21677,3,^21677\d{3}$,184,1,184,184,1.000000,1,0,21677001,21677184,contiguous,official_completed_subset
2016|general|B07|21671|3,2016,general,B07,numeric8,21671,3,^21671\d{3}$,19,9,203,195,0.097436,18,176,21671009,21671203,sparse,official_completed_subset
2016|general|B07|21672|3,2016,general,B07,numeric8,21672,3,^21672\d{3}$,85,10,268,259,0.328185,51,174,21672010,21672268,sparse,official_completed_subset
2016|general|B07|21673|3,2016,general,B07,numeric8,21673,3,^21673\d{3}$,19,9,294,286,0.066434,18,267,21673009,21673294,sparse,official_completed_subset
2016|general|B08|21673|3,2016,general,B08,numeric8,21673,3,^21673\d{3}$,2,26,30,5,0.400000,2,3,21673026,21673030,moderate,official_completed_subset
2016|general|B08|21676|3,2016,general,B08,numeric8,21676,3,^21676\d{3}$,305,1,306,306,0.996732,2,1,21676001,21676306,dense,official_completed_subset
2016|general|B09|21673|3,2016,general,B09,numeric8,21673,3,^21673\d{3}$,18,8,298,291,0.061856,16,273,21673008,21673298,sparse,official_completed_subset
2016|general|B09|21674|3,2016,general,B09,numeric8,21674,3,^21674\d{3}$,1,1,1,1,1.000000,1,0,21674001,21674001,contiguous,official_completed_subset
2016|joint_fund|B02|U1610|3,2016,joint_fund,B02,alpha_numeric,U1610,3,^U1610\d{3}$,1,108,108,1,1.000000,1,0,U1610108,U1610108,contiguous,official_completed_subset
2016|joint_fund|B08|U1607|3,2016,joint_fund,B08,alpha_numeric,U1607,3,^U1607\d{3}$,29,101,129,29,1.000000,1,0,U1607101,U1607129,contiguous,official_completed_subset
2016|joint_fund|B08|U1608|3,2016,joint_fund,B08,alpha_numeric,U1608,3,^U1608\d{3}$,4,221,224,4,1.000000,1,0,U1608221,U1608224,contiguous,official_completed_subset
2016|joint_fund|B08|U1610|3,2016,joint_fund,B08,alpha_numeric,U1610,3,^U1610\d{3}$,10,101,223,123,0.081301,2,113,U1610101,U1610223,sparse,official_completed_subset
2016|joint_fund|B08|U1662|3,2016,joint_fund,B08,alpha_numeric,U1662,3,^U1662\d{3}$,39,101,139,39,1.000000,1,0,U1662101,U1662139,contiguous,official_completed_subset
2016|joint_fund|B08|U1663|3,2016,joint_fund,B08,alpha_numeric,U1663,3,^U1663\d{3}$,10,220,229,10,1.000000,1,0,U1663220,U1663229,contiguous,official_completed_subset
2016|key|B01|21631|3,2016,key,B01,numeric8,21631,3,^21631\d{3}$,6,1,7,7,0.857143,2,1,21631001,21631007,dense,official_completed_subset
2016|key|B01|21632|3,2016,key,B01,numeric8,21632,3,^21632\d{3}$,8,1,9,9,0.888889,2,1,21632001,21632009,dense,official_completed_subset
2016|key|B01|21634|3,2016,key,B01,numeric8,21634,3,^21634\d{3}$,2,2,7,6,0.333333,2,4,21634002,21634007,sparse,official_completed_subset
2016|key|B02|21633|3,2016,key,B02,numeric8,21633,3,^21633\d{3}$,7,2,14,13,0.538462,5,6,21633002,21633014,moderate,official_completed_subset
2016|key|B03|21633|3,2016,key,B03,numeric8,21633,3,^21633\d{3}$,5,1,15,15,0.333333,5,10,21633001,21633015,sparse,official_completed_subset
2016|key|B04|21635|3,2016,key,B04,numeric8,21635,3,^21635\d{3}$,8,1,8,8,1.000000,1,0,21635001,21635008,contiguous,official_completed_subset
2016|key|B05|21631|3,2016,key,B05,numeric8,21631,3,^21631\d{3}$,1,4,4,1,1.000000,1,0,21631004,21631004,contiguous,official_completed_subset
2016|key|B05|21633|3,2016,key,B05,numeric8,21633,3,^21633\d{3}$,1,12,12,1,1.000000,1,0,21633012,21633012,contiguous,official_completed_subset
2016|key|B05|21634|3,2016,key,B05,numeric8,21634,3,^21634\d{3}$,4,1,6,6,0.666667,2,2,21634001,21634006,moderate,official_completed_subset
2016|key|B06|21637|3,2016,key,B06,numeric8,21637,3,^21637\d{3}$,5,1,5,5,1.000000,1,0,21637001,21637005,contiguous,official_completed_subset
2016|key|B07|21632|3,2016,key,B07,numeric8,21632,3,^21632\d{3}$,1,7,7,1,1.000000,1,0,21632007,21632007,contiguous,official_completed_subset
2016|key|B08|21636|3,2016,key,B08,numeric8,21636,3,^21636\d{3}$,10,1,10,10,1.000000,1,0,21636001,21636010,contiguous,official_completed_subset
2016|key|B09|21633|3,2016,key,B09,numeric8,21633,3,^21633\d{3}$,1,3,3,1,1.000000,1,0,21633003,21633003,contiguous,official_completed_subset
2016|key|B09|21634|3,2016,key,B09,numeric8,21634,3,^21634\d{3}$,1,3,3,1,1.000000,1,0,21634003,21634003,contiguous,official_completed_subset
2016|major_research_plan|B01|91622|3,2016,major_research_plan,B01,numeric8,91622,3,^91622\d{3}$,11,102,120,19,0.578947,2,8,91622102,91622120,moderate,official_completed_subset
2016|major_research_plan|B01|91645|3,2016,major_research_plan,B01,numeric8,91645,3,^91645\d{3}$,1,111,111,1,1.000000,1,0,91645111,91645111,contiguous,official_completed_subset
2016|major_research_plan|B02|91627|3,2016,major_research_plan,B02,numeric8,91627,3,^91627\d{3}$,1,0,0,1,1.000000,1,0,91627000,91627000,contiguous,official_completed_subset
2016|major_research_plan|B02|91645|3,2016,major_research_plan,B02,numeric8,91645,3,^91645\d{3}$,18,102,202,101,0.178218,7,83,91645102,91645202,sparse,official_completed_subset
2016|major_research_plan|B03|91622|3,2016,major_research_plan,B03,numeric8,91622,3,^91622\d{3}$,5,112,121,10,0.500000,2,5,91622112,91622121,moderate,official_completed_subset
2016|major_research_plan|B03|91634|3,2016,major_research_plan,B03,numeric8,91634,3,^91634\d{3}$,1,112,112,1,1.000000,1,0,91634112,91634112,contiguous,official_completed_subset
2016|major_research_plan|B03|91641|3,2016,major_research_plan,B03,numeric8,91641,3,^91641\d{3}$,5,104,128,25,0.200000,3,20,91641104,91641128,sparse,official_completed_subset
2016|major_research_plan|B03|91645|3,2016,major_research_plan,B03,numeric8,91645,3,^91645\d{3}$,9,0,204,205,0.043902,7,196,91645000,91645204,sparse,official_completed_subset
2016|major_research_plan|B04|91643|3,2016,major_research_plan,B04,numeric8,91643,3,^91643\d{3}$,1,105,105,1,1.000000,1,0,91643105,91643105,contiguous,official_completed_subset
2016|major_research_plan|B05|91622|3,2016,major_research_plan,B05,numeric8,91622,3,^91622\d{3}$,4,116,119,4,1.000000,1,0,91622116,91622119,contiguous,official_completed_subset
2016|major_research_plan|B06|91643|3,2016,major_research_plan,B06,numeric8,91643,3,^91643\d{3}$,10,104,208,105,0.095238,5,95,91643104,91643208,sparse,official_completed_subset
2016|major_research_plan|B08|91634|3,2016,major_research_plan,B08,numeric8,91634,3,^91634\d{3}$,19,101,204,104,0.182692,5,85,91634101,91634204,sparse,official_completed_subset
2016|major_research_plan|B08|91645|3,2016,major_research_plan,B08,numeric8,91645,3,^91645\d{3}$,3,109,124,16,0.187500,2,13,91645109,91645124,sparse,official_completed_subset
2016|regional|B01|21661|3,2016,regional,B01,numeric8,21661,3,^21661\d{3}$,22,1,36,36,0.611111,10,14,21661001,21661036,moderate,official_completed_subset
2016|regional|B01|21662|3,2016,regional,B01,numeric8,21662,3,^21662\d{3}$,26,1,49,49,0.530612,12,23,21662001,21662049,moderate,official_completed_subset
2016|regional|B01|21664|3,2016,regional,B01,numeric8,21664,3,^21664\d{3}$,3,5,14,10,0.300000,3,7,21664005,21664014,sparse,official_completed_subset
2016|regional|B02|21663|3,2016,regional,B02,numeric8,21663,3,^21663\d{3}$,17,1,30,30,0.566667,8,13,21663001,21663030,moderate,official_completed_subset
2016|regional|B02|21664|3,2016,regional,B02,numeric8,21664,3,^21664\d{3}$,1,10,10,1,1.000000,1,0,21664010,21664010,contiguous,official_completed_subset
2016|regional|B02|21665|3,2016,regional,B02,numeric8,21665,3,^21665\d{3}$,1,19,19,1,1.000000,1,0,21665019,21665019,contiguous,official_completed_subset
2016|regional|B03|21662|3,2016,regional,B03,numeric8,21662,3,^21662\d{3}$,2,18,33,16,0.125000,2,14,21662018,21662033,sparse,official_completed_subset
2016|regional|B03|21663|3,2016,regional,B03,numeric8,21663,3,^21663\d{3}$,10,5,34,30,0.333333,7,20,21663005,21663034,sparse,official_completed_subset
2016|regional|B03|21664|3,2016,regional,B03,numeric8,21664,3,^21664\d{3}$,2,1,4,4,0.500000,2,2,21664001,21664004,moderate,official_completed_subset
2016|regional|B03|21665|3,2016,regional,B03,numeric8,21665,3,^21665\d{3}$,3,16,22,7,0.428571,2,4,21665016,21665022,moderate,official_completed_subset
2016|regional|B04|21661|3,2016,regional,B04,numeric8,21661,3,^21661\d{3}$,1,13,13,1,1.000000,1,0,21661013,21661013,contiguous,official_completed_subset
2016|regional|B04|21665|3,2016,regional,B04,numeric8,21665,3,^21665\d{3}$,27,1,31,31,0.870968,4,4,21665001,21665031,dense,official_completed_subset
2016|regional|B05|21661|3,2016,regional,B05,numeric8,21661,3,^21661\d{3}$,9,6,37,32,0.281250,7,23,21661006,21661037,sparse,official_completed_subset
2016|regional|B05|21662|3,2016,regional,B05,numeric8,21662,3,^21662\d{3}$,1,47,47,1,1.000000,1,0,21662047,21662047,contiguous,official_completed_subset
2016|regional|B05|21663|3,2016,regional,B05,numeric8,21663,3,^21663\d{3}$,3,18,32,15,0.200000,3,12,21663018,21663032,sparse,official_completed_subset
2016|regional|B05|21664|3,2016,regional,B05,numeric8,21664,3,^21664\d{3}$,8,2,15,14,0.571429,6,6,21664002,21664015,moderate,official_completed_subset
2016|regional|B06|21661|3,2016,regional,B06,numeric8,21661,3,^21661\d{3}$,2,2,3,2,1.000000,1,0,21661002,21661003,contiguous,official_completed_subset
2016|regional|B06|21667|3,2016,regional,B06,numeric8,21667,3,^21667\d{3}$,30,1,31,31,0.967742,2,1,21667001,21667031,dense,official_completed_subset
2016|regional|B07|21661|3,2016,regional,B07,numeric8,21661,3,^21661\d{3}$,4,11,38,28,0.142857,4,24,21661011,21661038,sparse,official_completed_subset
2016|regional|B07|21662|3,2016,regional,B07,numeric8,21662,3,^21662\d{3}$,21,2,50,49,0.428571,11,28,21662002,21662050,moderate,official_completed_subset
2016|regional|B07|21663|3,2016,regional,B07,numeric8,21663,3,^21663\d{3}$,2,17,20,4,0.500000,2,2,21663017,21663020,moderate,official_completed_subset
2016|regional|B08|21666|3,2016,regional,B08,numeric8,21666,3,^21666\d{3}$,38,1,39,39,0.974359,2,1,21666001,21666039,dense,official_completed_subset
2016|regional|B09|21663|3,2016,regional,B09,numeric8,21663,3,^21663\d{3}$,2,14,26,13,0.153846,2,11,21663014,21663026,sparse,official_completed_subset
2016|regional|B09|21664|3,2016,regional,B09,numeric8,21664,3,^21664\d{3}$,1,12,12,1,1.000000,1,0,21664012,21664012,contiguous,official_completed_subset
2016|youth_c|B01|21601|3,2016,youth_c,B01,numeric8,21601,3,^21601\d{3}$,117,2,212,211,0.554502,46,94,21601002,21601212,moderate,official_completed_subset
2016|youth_c|B01|21602|3,2016,youth_c,B01,numeric8,21602,3,^21602\d{3}$,168,1,258,258,0.651163,62,90,21602001,21602258,moderate,official_completed_subset
2016|youth_c|B01|21604|3,2016,youth_c,B01,numeric8,21604,3,^21604\d{3}$,28,1,89,89,0.314607,21,61,21604001,21604089,sparse,official_completed_subset
2016|youth_c|B02|21601|3,2016,youth_c,B02,numeric8,21601,3,^21601\d{3}$,1,161,161,1,1.000000,1,0,21601161,21601161,contiguous,official_completed_subset
2016|youth_c|B02|21603|3,2016,youth_c,B02,numeric8,21603,3,^21603\d{3}$,141,1,280,280,0.503571,65,139,21603001,21603280,moderate,official_completed_subset
2016|youth_c|B02|21604|3,2016,youth_c,B02,numeric8,21604,3,^21604\d{3}$,2,44,70,27,0.074074,2,25,21604044,21604070,sparse,official_completed_subset
2016|youth_c|B02|21605|3,2016,youth_c,B02,numeric8,21605,3,^21605\d{3}$,2,67,102,36,0.055556,2,34,21605067,21605102,sparse,official_completed_subset
2016|youth_c|B03|21601|3,2016,youth_c,B03,numeric8,21601,3,^21601\d{3}$,12,5,211,207,0.057971,12,195,21601005,21601211,sparse,official_completed_subset
2016|youth_c|B03|21602|3,2016,youth_c,B03,numeric8,21602,3,^21602\d{3}$,3,85,149,65,0.046154,3,62,21602085,21602149,sparse,official_completed_subset
2016|youth_c|B03|21603|3,2016,youth_c,B03,numeric8,21603,3,^21603\d{3}$,86,6,279,274,0.313869,57,188,21603006,21603279,sparse,official_completed_subset
2016|youth_c|B03|21604|3,2016,youth_c,B03,numeric8,21604,3,^21604\d{3}$,13,9,94,86,0.151163,11,73,21604009,21604094,sparse,official_completed_subset
2016|youth_c|B03|21605|3,2016,youth_c,B03,numeric8,21605,3,^21605\d{3}$,4,41,123,83,0.048193,4,79,21605041,21605123,sparse,official_completed_subset
2016|youth_c|B04|21602|3,2016,youth_c,B04,numeric8,21602,3,^21602\d{3}$,2,164,200,37,0.054054,2,35,21602164,21602200,sparse,official_completed_subset
2016|youth_c|B04|21605|3,2016,youth_c,B04,numeric8,21605,3,^21605\d{3}$,158,1,164,164,0.963415,6,6,21605001,21605164,dense,official_completed_subset
2016|youth_c|B05|21601|3,2016,youth_c,B05,numeric8,21601,3,^21601\d{3}$,53,11,213,203,0.261084,36,150,21601011,21601213,sparse,official_completed_subset
2016|youth_c|B05|21602|3,2016,youth_c,B05,numeric8,21602,3,^21602\d{3}$,11,2,208,207,0.053140,10,196,21602002,21602208,sparse,official_completed_subset
2016|youth_c|B05|21603|3,2016,youth_c,B05,numeric8,21603,3,^21603\d{3}$,17,7,251,245,0.069388,14,228,21603007,21603251,sparse,official_completed_subset
2016|youth_c|B05|21604|3,2016,youth_c,B05,numeric8,21604,3,^21604\d{3}$,47,5,95,91,0.516484,22,44,21604005,21604095,moderate,official_completed_subset
2016|youth_c|B06|21601|3,2016,youth_c,B06,numeric8,21601,3,^21601\d{3}$,13,33,207,175,0.074286,8,162,21601033,21601207,sparse,official_completed_subset
2016|youth_c|B06|21603|3,2016,youth_c,B06,numeric8,21603,3,^21603\d{3}$,1,25,25,1,1.000000,1,0,21603025,21603025,contiguous,official_completed_subset
2016|youth_c|B06|21607|3,2016,youth_c,B06,numeric8,21607,3,^21607\d{3}$,178,1,178,178,1.000000,1,0,21607001,21607178,contiguous,official_completed_subset
2016|youth_c|B07|21601|3,2016,youth_c,B07,numeric8,21601,3,^21601\d{3}$,16,1,210,210,0.076190,13,194,21601001,21601210,sparse,official_completed_subset
2016|youth_c|B07|21602|3,2016,youth_c,B07,numeric8,21602,3,^21602\d{3}$,71,3,257,255,0.278431,52,184,21602003,21602257,sparse,official_completed_subset
2016|youth_c|B07|21603|3,2016,youth_c,B07,numeric8,21603,3,^21603\d{3}$,12,51,269,219,0.054795,11,207,21603051,21603269,sparse,official_completed_subset
2016|youth_c|B08|21602|3,2016,youth_c,B08,numeric8,21602,3,^21602\d{3}$,2,34,196,163,0.012270,2,161,21602034,21602196,sparse,official_completed_subset
2016|youth_c|B08|21603|3,2016,youth_c,B08,numeric8,21603,3,^21603\d{3}$,1,202,202,1,1.000000,1,0,21603202,21603202,contiguous,official_completed_subset
2016|youth_c|B08|21606|3,2016,youth_c,B08,numeric8,21606,3,^21606\d{3}$,262,1,262,262,1.000000,1,0,21606001,21606262,contiguous,official_completed_subset
2016|youth_c|B09|21603|3,2016,youth_c,B09,numeric8,21603,3,^21603\d{3}$,20,30,272,243,0.082305,18,223,21603030,21603272,sparse,official_completed_subset
2016|youth_c|B09|21604|3,2016,youth_c,B09,numeric8,21604,3,^21604\d{3}$,4,3,53,51,0.078431,4,47,21604003,21604053,sparse,official_completed_subset
2017|general|B01|21771|3,2017,general,B01,numeric8,21771,3,^21771\d{3}$,108,2,198,197,0.548223,35,89,21771002,21771198,moderate,official_completed_subset
2017|general|B01|21772|3,2017,general,B01,numeric8,21772,3,^21772\d{3}$,179,1,240,240,0.745833,33,61,21772001,21772240,moderate,official_completed_subset
2017|general|B01|21774|3,2017,general,B01,numeric8,21774,3,^21774\d{3}$,44,6,143,138,0.318841,24,94,21774006,21774143,sparse,official_completed_subset
2017|general|B02|21771|3,2017,general,B02,numeric8,21771,3,^21771\d{3}$,1,132,132,1,1.000000,1,0,21771132,21771132,contiguous,official_completed_subset
2017|general|B02|21773|3,2017,general,B02,numeric8,21773,3,^21773\d{3}$,136,5,314,310,0.438710,50,174,21773005,21773314,moderate,official_completed_subset
2017|general|B02|21774|3,2017,general,B02,numeric8,21774,3,^21774\d{3}$,4,24,138,115,0.034783,4,111,21774024,21774138,sparse,official_completed_subset
2017|general|B03|21771|3,2017,general,B03,numeric8,21771,3,^21771\d{3}$,11,49,200,152,0.072368,8,141,21771049,21771200,sparse,official_completed_subset
2017|general|B03|21772|3,2017,general,B03,numeric8,21772,3,^21772\d{3}$,6,20,226,207,0.028986,6,201,21772020,21772226,sparse,official_completed_subset
2017|general|B03|21773|3,2017,general,B03,numeric8,21773,3,^21773\d{3}$,124,1,313,313,0.396166,50,189,21773001,21773313,sparse,official_completed_subset
2017|general|B03|21774|3,2017,general,B03,numeric8,21774,3,^21774\d{3}$,31,2,137,136,0.227941,21,105,21774002,21774137,sparse,official_completed_subset
2017|general|B03|21775|3,2017,general,B03,numeric8,21775,3,^21775\d{3}$,7,38,118,81,0.086420,6,74,21775038,21775118,sparse,official_completed_subset
2017|general|B04|21771|3,2017,general,B04,numeric8,21771,3,^21771\d{3}$,1,64,64,1,1.000000,1,0,21771064,21771064,contiguous,official_completed_subset
2017|general|B04|21772|3,2017,general,B04,numeric8,21772,3,^21772\d{3}$,2,193,227,35,0.057143,2,33,21772193,21772227,sparse,official_completed_subset
2017|general|B04|21775|3,2017,general,B04,numeric8,21775,3,^21775\d{3}$,162,1,169,169,0.958580,7,7,21775001,21775169,dense,official_completed_subset
2017|general|B05_legacy_material_energy|21771|3,2017,general,B05_legacy_material_energy,numeric8,21771,3,^21771\d{3}$,54,1,183,183,0.295082,29,129,21771001,21771183,sparse,official_completed_subset
2017|general|B05_legacy_material_energy|21772|3,2017,general,B05_legacy_material_energy,numeric8,21772,3,^21772\d{3}$,4,80,149,70,0.057143,4,66,21772080,21772149,sparse,official_completed_subset
2017|general|B05_legacy_material_energy|21773|3,2017,general,B05_legacy_material_energy,numeric8,21773,3,^21773\d{3}$,19,44,316,273,0.069597,18,254,21773044,21773316,sparse,official_completed_subset
2017|general|B05_legacy_material_energy|21774|3,2017,general,B05_legacy_material_energy,numeric8,21774,3,^21774\d{3}$,54,1,142,142,0.380282,28,88,21774001,21774142,sparse,official_completed_subset
2017|general|B06|21771|3,2017,general,B06,numeric8,21771,3,^21771\d{3}$,9,45,189,145,0.062069,8,136,21771045,21771189,sparse,official_completed_subset
2017|general|B06|21773|3,2017,general,B06,numeric8,21773,3,^21773\d{3}$,1,250,250,1,1.000000,1,0,21773250,21773250,contiguous,official_completed_subset
2017|general|B06|21777|3,2017,general,B06,numeric8,21777,3,^21777\d{3}$,197,1,199,199,0.989950,3,2,21777001,21777199,dense,official_completed_subset
2017|general|B07|21771|3,2017,general,B07,numeric8,21771,3,^21771\d{3}$,16,10,199,190,0.084211,14,174,21771010,21771199,sparse,official_completed_subset
2017|general|B07|21772|3,2017,general,B07,numeric8,21772,3,^21772\d{3}$,50,5,241,237,0.210970,25,187,21772005,21772241,sparse,official_completed_subset
2017|general|B07|21773|3,2017,general,B07,numeric8,21773,3,^21773\d{3}$,14,14,300,287,0.048780,12,273,21773014,21773300,sparse,official_completed_subset
2017|general|B07|21778|3,2017,general,B07,numeric8,21778,3,^21778\d{3}$,79,1,79,79,1.000000,1,0,21778001,21778079,contiguous,official_completed_subset
2017|general|B08|21773|3,2017,general,B08,numeric8,21773,3,^21773\d{3}$,1,20,20,1,1.000000,1,0,21773020,21773020,contiguous,official_completed_subset
2017|general|B08|21776|3,2017,general,B08,numeric8,21776,3,^21776\d{3}$,324,1,324,324,1.000000,1,0,21776001,21776324,contiguous,official_completed_subset
2017|general|B09|21773|3,2017,general,B09,numeric8,21773,3,^21773\d{3}$,20,9,301,293,0.068259,17,273,21773009,21773301,sparse,official_completed_subset
2017|general|B09|21774|3,2017,general,B09,numeric8,21774,3,^21774\d{3}$,9,3,130,128,0.070312,8,119,21774003,21774130,sparse,official_completed_subset
2017|joint_fund|B04|U1736|3,2017,joint_fund,B04,alpha_numeric,U1736,3,^U1736\d{3}$,3,101,201,101,0.029703,2,98,U1736101,U1736201,sparse,official_completed_subset
2017|joint_fund|B08|U1707|3,2017,joint_fund,B08,alpha_numeric,U1707,3,^U1707\d{3}$,3,601,603,3,1.000000,1,0,U1707601,U1707603,contiguous,official_completed_subset
2017|joint_fund|B08|U1710|3,2017,joint_fund,B08,alpha_numeric,U1710,3,^U1710\d{3}$,8,101,221,121,0.066116,2,113,U1710101,U1710221,sparse,official_completed_subset
2017|key|B01|21731|3,2017,key,B01,numeric8,21731,3,^21731\d{3}$,5,1,7,7,0.714286,3,2,21731001,21731007,moderate,official_completed_subset
2017|key|B01|21732|3,2017,key,B01,numeric8,21732,3,^21732\d{3}$,6,1,7,7,0.857143,2,1,21732001,21732007,dense,official_completed_subset
2017|key|B01|21734|3,2017,key,B01,numeric8,21734,3,^21734\d{3}$,2,4,6,3,0.666667,2,1,21734004,21734006,moderate,official_completed_subset
2017|key|B02|21733|3,2017,key,B02,numeric8,21733,3,^21733\d{3}$,7,2,13,12,0.583333,3,5,21733002,21733013,moderate,official_completed_subset
2017|key|B03|21731|3,2017,key,B03,numeric8,21731,3,^21731\d{3}$,1,2,2,1,1.000000,1,0,21731002,21731002,contiguous,official_completed_subset
2017|key|B03|21733|3,2017,key,B03,numeric8,21733,3,^21733\d{3}$,4,6,11,6,0.666667,2,2,21733006,21733011,moderate,official_completed_subset
2017|key|B03|21734|3,2017,key,B03,numeric8,21734,3,^21734\d{3}$,1,5,5,1,1.000000,1,0,21734005,21734005,contiguous,official_completed_subset
2017|key|B04|21735|3,2017,key,B04,numeric8,21735,3,^21735\d{3}$,7,1,7,7,1.000000,1,0,21735001,21735007,contiguous,official_completed_subset
2017|key|B05_legacy_material_energy|21733|3,2017,key,B05_legacy_material_energy,numeric8,21733,3,^21733\d{3}$,2,1,5,5,0.400000,2,3,21733001,21733005,moderate,official_completed_subset
2017|key|B05_legacy_material_energy|21734|3,2017,key,B05_legacy_material_energy,numeric8,21734,3,^21734\d{3}$,4,1,7,7,0.571429,2,3,21734001,21734007,moderate,official_completed_subset
2017|key|B06|21737|3,2017,key,B06,numeric8,21737,3,^21737\d{3}$,6,1,6,6,1.000000,1,0,21737001,21737006,contiguous,official_completed_subset
2017|key|B07|21731|3,2017,key,B07,numeric8,21731,3,^21731\d{3}$,1,4,4,1,1.000000,1,0,21731004,21731004,contiguous,official_completed_subset
2017|key|B07|21732|3,2017,key,B07,numeric8,21732,3,^21732\d{3}$,2,2,8,7,0.285714,2,5,21732002,21732008,sparse,official_completed_subset
2017|key|B07|21738|3,2017,key,B07,numeric8,21738,3,^21738\d{3}$,2,1,2,2,1.000000,1,0,21738001,21738002,contiguous,official_completed_subset
2017|key|B08|21736|3,2017,key,B08,numeric8,21736,3,^21736\d{3}$,10,1,10,10,1.000000,1,0,21736001,21736010,contiguous,official_completed_subset
2017|key|B09|21734|3,2017,key,B09,numeric8,21734,3,^21734\d{3}$,2,8,9,2,1.000000,1,0,21734008,21734009,contiguous,official_completed_subset
2017|major_research_plan|B01|91722|3,2017,major_research_plan,B01,numeric8,91722,3,^91722\d{3}$,1,0,0,1,1.000000,1,0,91722000,91722000,contiguous,official_completed_subset
2017|major_research_plan|B02|91745|3,2017,major_research_plan,B02,numeric8,91745,3,^91745\d{3}$,14,104,203,100,0.140000,2,86,91745104,91745203,sparse,official_completed_subset
2017|major_research_plan|B03|91741|3,2017,major_research_plan,B03,numeric8,91741,3,^91741\d{3}$,4,104,201,98,0.040816,2,94,91741104,91741201,sparse,official_completed_subset
2017|major_research_plan|B03|91745|3,2017,major_research_plan,B03,numeric8,91745,3,^91745\d{3}$,5,0,201,202,0.024752,3,197,91745000,91745201,sparse,official_completed_subset
2017|major_research_plan|B03|91753|3,2017,major_research_plan,B03,numeric8,91753,3,^91753\d{3}$,1,103,103,1,1.000000,1,0,91753103,91753103,contiguous,official_completed_subset
2017|major_research_plan|B04|91732|3,2017,major_research_plan,B04,numeric8,91732,3,^91732\d{3}$,2,103,104,2,1.000000,1,0,91732103,91732104,contiguous,official_completed_subset
2017|major_research_plan|B04|91743|3,2017,major_research_plan,B04,numeric8,91743,3,^91743\d{3}$,1,201,201,1,1.000000,1,0,91743201,91743201,contiguous,official_completed_subset
2017|major_research_plan|B04|91753|3,2017,major_research_plan,B04,numeric8,91753,3,^91753\d{3}$,7,105,111,7,1.000000,1,0,91753105,91753111,contiguous,official_completed_subset
2017|major_research_plan|B06|91743|3,2017,major_research_plan,B06,numeric8,91743,3,^91743\d{3}$,13,0,206,207,0.062802,3,194,91743000,91743206,sparse,official_completed_subset
2017|major_research_plan|B07|91753|3,2017,major_research_plan,B07,numeric8,91753,3,^91753\d{3}$,30,0,206,207,0.144928,5,177,91753000,91753206,sparse,official_completed_subset
2017|major_research_plan|B08|91745|3,2017,major_research_plan,B08,numeric8,91745,3,^91745\d{3}$,1,116,116,1,1.000000,1,0,91745116,91745116,contiguous,official_completed_subset
2017|regional|B01|21761|3,2017,regional,B01,numeric8,21761,3,^21761\d{3}$,19,1,36,36,0.527778,11,17,21761001,21761036,moderate,official_completed_subset
2017|regional|B01|21762|3,2017,regional,B01,numeric8,21762,3,^21762\d{3}$,32,1,54,54,0.592593,15,22,21762001,21762054,moderate,official_completed_subset
2017|regional|B01|21764|3,2017,regional,B01,numeric8,21764,3,^21764\d{3}$,3,5,10,6,0.500000,3,3,21764005,21764010,moderate,official_completed_subset
2017|regional|B02|21763|3,2017,regional,B02,numeric8,21763,3,^21763\d{3}$,21,1,34,34,0.617647,8,13,21763001,21763034,moderate,official_completed_subset
2017|regional|B02|21764|3,2017,regional,B02,numeric8,21764,3,^21764\d{3}$,1,3,3,1,1.000000,1,0,21764003,21764003,contiguous,official_completed_subset
2017|regional|B03|21761|3,2017,regional,B03,numeric8,21761,3,^21761\d{3}$,4,13,27,15,0.266667,2,11,21761013,21761027,sparse,official_completed_subset
2017|regional|B03|21762|3,2017,regional,B03,numeric8,21762,3,^21762\d{3}$,1,43,43,1,1.000000,1,0,21762043,21762043,contiguous,official_completed_subset
2017|regional|B03|21763|3,2017,regional,B03,numeric8,21763,3,^21763\d{3}$,12,5,33,29,0.413793,6,17,21763005,21763033,moderate,official_completed_subset
2017|regional|B03|21764|3,2017,regional,B03,numeric8,21764,3,^21764\d{3}$,2,1,15,15,0.133333,2,13,21764001,21764015,sparse,official_completed_subset
2017|regional|B03|21765|3,2017,regional,B03,numeric8,21765,3,^21765\d{3}$,1,15,15,1,1.000000,1,0,21765015,21765015,contiguous,official_completed_subset
2017|regional|B04|21765|3,2017,regional,B04,numeric8,21765,3,^21765\d{3}$,26,1,27,27,0.962963,2,1,21765001,21765027,dense,official_completed_subset
2017|regional|B05_legacy_material_energy|21761|3,2017,regional,B05_legacy_material_energy,numeric8,21761,3,^21761\d{3}$,7,4,34,31,0.225806,7,24,21761004,21761034,sparse,official_completed_subset
2017|regional|B05_legacy_material_energy|21762|3,2017,regional,B05_legacy_material_energy,numeric8,21762,3,^21762\d{3}$,3,19,49,31,0.096774,3,28,21762019,21762049,sparse,official_completed_subset
2017|regional|B05_legacy_material_energy|21764|3,2017,regional,B05_legacy_material_energy,numeric8,21764,3,^21764\d{3}$,7,4,16,13,0.538462,4,6,21764004,21764016,moderate,official_completed_subset
2017|regional|B06|21761|3,2017,regional,B06,numeric8,21761,3,^21761\d{3}$,1,2,2,1,1.000000,1,0,21761002,21761002,contiguous,official_completed_subset
2017|regional|B06|21767|3,2017,regional,B06,numeric8,21767,3,^21767\d{3}$,30,1,30,30,1.000000,1,0,21767001,21767030,contiguous,official_completed_subset
2017|regional|B07|21761|3,2017,regional,B07,numeric8,21761,3,^21761\d{3}$,5,5,33,29,0.172414,4,24,21761005,21761033,sparse,official_completed_subset
2017|regional|B07|21762|3,2017,regional,B07,numeric8,21762,3,^21762\d{3}$,19,3,55,53,0.358491,13,34,21762003,21762055,sparse,official_completed_subset
2017|regional|B07|21763|3,2017,regional,B07,numeric8,21763,3,^21763\d{3}$,1,2,2,1,1.000000,1,0,21763002,21763002,contiguous,official_completed_subset
2017|regional|B07|21768|3,2017,regional,B07,numeric8,21768,3,^21768\d{3}$,6,1,6,6,1.000000,1,0,21768001,21768006,contiguous,official_completed_subset
2017|regional|B08|21766|3,2017,regional,B08,numeric8,21766,3,^21766\d{3}$,39,1,40,40,0.975000,2,1,21766001,21766040,dense,official_completed_subset
2017|regional|B09|21764|3,2017,regional,B09,numeric8,21764,3,^21764\d{3}$,3,2,9,8,0.375000,3,5,21764002,21764009,sparse,official_completed_subset
2017|youth_c|B01|21701|3,2017,youth_c,B01,numeric8,21701,3,^21701\d{3}$,98,2,203,202,0.485149,37,104,21701002,21701203,moderate,official_completed_subset
2017|youth_c|B01|21702|3,2017,youth_c,B01,numeric8,21702,3,^21702\d{3}$,168,1,241,241,0.697095,47,73,21702001,21702241,moderate,official_completed_subset
2017|youth_c|B01|21704|3,2017,youth_c,B01,numeric8,21704,3,^21704\d{3}$,34,1,112,112,0.303571,23,78,21704001,21704112,sparse,official_completed_subset
2017|youth_c|B02|21701|3,2017,youth_c,B02,numeric8,21701,3,^21701\d{3}$,2,139,143,5,0.400000,2,3,21701139,21701143,moderate,official_completed_subset
2017|youth_c|B02|21703|3,2017,youth_c,B02,numeric8,21703,3,^21703\d{3}$,148,1,286,286,0.517483,67,138,21703001,21703286,moderate,official_completed_subset
2017|youth_c|B02|21704|3,2017,youth_c,B02,numeric8,21704,3,^21704\d{3}$,2,8,106,99,0.020202,2,97,21704008,21704106,sparse,official_completed_subset
2017|youth_c|B02|21705|3,2017,youth_c,B02,numeric8,21705,3,^21705\d{3}$,1,158,158,1,1.000000,1,0,21705158,21705158,contiguous,official_completed_subset
2017|youth_c|B03|21701|3,2017,youth_c,B03,numeric8,21701,3,^21701\d{3}$,17,1,198,198,0.085859,15,181,21701001,21701198,sparse,official_completed_subset
2017|youth_c|B03|21702|3,2017,youth_c,B03,numeric8,21702,3,^21702\d{3}$,9,5,182,178,0.050562,9,169,21702005,21702182,sparse,official_completed_subset
2017|youth_c|B03|21703|3,2017,youth_c,B03,numeric8,21703,3,^21703\d{3}$,95,2,292,291,0.326460,59,196,21703002,21703292,sparse,official_completed_subset
2017|youth_c|B03|21704|3,2017,youth_c,B03,numeric8,21704,3,^21704\d{3}$,16,3,105,103,0.155340,13,87,21704003,21704105,sparse,official_completed_subset
2017|youth_c|B03|21705|3,2017,youth_c,B03,numeric8,21705,3,^21705\d{3}$,4,11,162,152,0.026316,4,148,21705011,21705162,sparse,official_completed_subset
2017|youth_c|B04|21701|3,2017,youth_c,B04,numeric8,21701,3,^21701\d{3}$,4,82,186,105,0.038095,4,101,21701082,21701186,sparse,official_completed_subset
2017|youth_c|B04|21702|3,2017,youth_c,B04,numeric8,21702,3,^21702\d{3}$,2,86,213,128,0.015625,2,126,21702086,21702213,sparse,official_completed_subset
2017|youth_c|B04|21705|3,2017,youth_c,B04,numeric8,21705,3,^21705\d{3}$,162,1,167,167,0.970060,6,5,21705001,21705167,dense,official_completed_subset
2017|youth_c|B05_legacy_material_energy|21701|3,2017,youth_c,B05_legacy_material_energy,numeric8,21701,3,^21701\d{3}$,48,4,202,199,0.241206,32,151,21701004,21701202,sparse,official_completed_subset
2017|youth_c|B05_legacy_material_energy|21702|3,2017,youth_c,B05_legacy_material_energy,numeric8,21702,3,^21702\d{3}$,9,46,180,135,0.066667,9,126,21702046,21702180,sparse,official_completed_subset
2017|youth_c|B05_legacy_material_energy|21703|3,2017,youth_c,B05_legacy_material_energy,numeric8,21703,3,^21703\d{3}$,17,33,271,239,0.071130,16,222,21703033,21703271,sparse,official_completed_subset
2017|youth_c|B05_legacy_material_energy|21704|3,2017,youth_c,B05_legacy_material_energy,numeric8,21704,3,^21704\d{3}$,54,2,111,110,0.490909,28,56,21704002,21704111,moderate,official_completed_subset
2017|youth_c|B06|21701|3,2017,youth_c,B06,numeric8,21701,3,^21701\d{3}$,11,73,184,112,0.098214,6,101,21701073,21701184,sparse,official_completed_subset
2017|youth_c|B06|21703|3,2017,youth_c,B06,numeric8,21703,3,^21703\d{3}$,1,216,216,1,1.000000,1,0,21703216,21703216,contiguous,official_completed_subset
2017|youth_c|B06|21707|3,2017,youth_c,B06,numeric8,21707,3,^21707\d{3}$,176,1,177,177,0.994350,2,1,21707001,21707177,dense,official_completed_subset
2017|youth_c|B07|21701|3,2017,youth_c,B07,numeric8,21701,3,^21701\d{3}$,23,3,196,194,0.118557,17,171,21701003,21701196,sparse,official_completed_subset
2017|youth_c|B07|21702|3,2017,youth_c,B07,numeric8,21702,3,^21702\d{3}$,51,7,239,233,0.218884,33,182,21702007,21702239,sparse,official_completed_subset
2017|youth_c|B07|21703|3,2017,youth_c,B07,numeric8,21703,3,^21703\d{3}$,7,16,290,275,0.025455,6,268,21703016,21703290,sparse,official_completed_subset
2017|youth_c|B07|21708|3,2017,youth_c,B07,numeric8,21708,3,^21708\d{3}$,54,1,54,54,1.000000,1,0,21708001,21708054,contiguous,official_completed_subset
2017|youth_c|B08|21702|3,2017,youth_c,B08,numeric8,21702,3,^21702\d{3}$,2,76,156,81,0.024691,2,79,21702076,21702156,sparse,official_completed_subset
2017|youth_c|B08|21703|3,2017,youth_c,B08,numeric8,21703,3,^21703\d{3}$,1,15,15,1,1.000000,1,0,21703015,21703015,contiguous,official_completed_subset
2017|youth_c|B08|21706|3,2017,youth_c,B08,numeric8,21706,3,^21706\d{3}$,295,1,295,295,1.000000,1,0,21706001,21706295,contiguous,official_completed_subset
2017|youth_c|B09|21703|3,2017,youth_c,B09,numeric8,21703,3,^21703\d{3}$,23,48,285,238,0.096639,18,215,21703048,21703285,sparse,official_completed_subset
2017|youth_c|B09|21704|3,2017,youth_c,B09,numeric8,21704,3,^21704\d{3}$,6,4,89,86,0.069767,6,80,21704004,21704089,sparse,official_completed_subset
2018|general|B01|21871|3,2018,general,B01,numeric8,21871,3,^21871\d{3}$,300,1,301,301,0.996678,2,1,21871001,21871301,dense,official_completed_subset
2018|general|B02|21872|3,2018,general,B02,numeric8,21872,3,^21872\d{3}$,176,1,176,176,1.000000,1,0,21872001,21872176,contiguous,official_completed_subset
2018|general|B03|21873|3,2018,general,B03,numeric8,21873,3,^21873\d{3}$,115,1,116,116,0.991379,2,1,21873001,21873116,dense,official_completed_subset
2018|general|B04|21874|3,2018,general,B04,numeric8,21874,3,^21874\d{3}$,159,1,159,159,1.000000,1,0,21874001,21874159,contiguous,official_completed_subset
2018|general|B05_legacy_material_energy|21875|3,2018,general,B05_legacy_material_energy,numeric8,21875,3,^21875\d{3}$,169,2,291,290,0.582759,54,121,21875002,21875291,moderate,official_completed_subset
2018|general|B06|21876|3,2018,general,B06,numeric8,21876,3,^21876\d{3}$,212,1,214,214,0.990654,3,2,21876001,21876214,dense,official_completed_subset
2018|general|B07|21877|3,2018,general,B07,numeric8,21877,3,^21877\d{3}$,133,1,134,134,0.992537,2,1,21877001,21877134,dense,official_completed_subset
2018|general|B08|21878|3,2018,general,B08,numeric8,21878,3,^21878\d{3}$,344,1,344,344,1.000000,1,0,21878001,21878344,contiguous,official_completed_subset
2018|general|B09|21875|3,2018,general,B09,numeric8,21875,3,^21875\d{3}$,123,1,293,293,0.419795,55,170,21875001,21875293,moderate,official_completed_subset
2018|joint_fund|B06|U1867|3,2018,joint_fund,B06,alpha_numeric,U1867,3,^U1867\d{3}$,6,203,208,6,1.000000,1,0,U1867203,U1867208,contiguous,official_completed_subset
2018|joint_fund|B08|U1862|3,2018,joint_fund,B08,alpha_numeric,U1862,3,^U1862\d{3}$,27,101,207,107,0.252336,2,80,U1862101,U1862207,sparse,official_completed_subset
2018|key|B01|21831|3,2018,key,B01,numeric8,21831,3,^21831\d{3}$,9,1,9,9,1.000000,1,0,21831001,21831009,contiguous,official_completed_subset
2018|key|B02|21832|3,2018,key,B02,numeric8,21832,3,^21832\d{3}$,5,1,5,5,1.000000,1,0,21832001,21832005,contiguous,official_completed_subset
2018|key|B03|21833|3,2018,key,B03,numeric8,21833,3,^21833\d{3}$,11,1,12,12,0.916667,2,1,21833001,21833012,dense,official_completed_subset
2018|key|B04|21834|3,2018,key,B04,numeric8,21834,3,^21834\d{3}$,7,1,7,7,1.000000,1,0,21834001,21834007,contiguous,official_completed_subset
2018|key|B05_legacy_material_energy|21835|3,2018,key,B05_legacy_material_energy,numeric8,21835,3,^21835\d{3}$,4,1,7,7,0.571429,2,3,21835001,21835007,moderate,official_completed_subset
2018|key|B06|21836|3,2018,key,B06,numeric8,21836,3,^21836\d{3}$,4,2,5,4,1.000000,1,0,21836002,21836005,contiguous,official_completed_subset
2018|key|B07|21837|3,2018,key,B07,numeric8,21837,3,^21837\d{3}$,5,1,6,6,0.833333,2,1,21837001,21837006,dense,official_completed_subset
2018|key|B08|21838|3,2018,key,B08,numeric8,21838,3,^21838\d{3}$,11,1,11,11,1.000000,1,0,21838001,21838011,contiguous,official_completed_subset
2018|key|B09|21835|3,2018,key,B09,numeric8,21835,3,^21835\d{3}$,3,4,6,3,1.000000,1,0,21835004,21835006,contiguous,official_completed_subset
2018|major_research_plan|B01|91856|3,2018,major_research_plan,B01,numeric8,91856,3,^91856\d{3}$,19,102,202,101,0.188119,3,82,91856102,91856202,sparse,official_completed_subset
2018|major_research_plan|B02|91845|3,2018,major_research_plan,B02,numeric8,91845,3,^91845\d{3}$,14,0,203,204,0.068627,3,190,91845000,91845203,sparse,official_completed_subset
2018|major_research_plan|B02|91856|3,2018,major_research_plan,B02,numeric8,91856,3,^91856\d{3}$,3,120,203,84,0.035714,2,81,91856120,91856203,sparse,official_completed_subset
2018|major_research_plan|B03|91841|3,2018,major_research_plan,B03,numeric8,91841,3,^91841\d{3}$,1,301,301,1,1.000000,1,0,91841301,91841301,contiguous,official_completed_subset
2018|major_research_plan|B03|91845|3,2018,major_research_plan,B03,numeric8,91845,3,^91845\d{3}$,2,111,112,2,1.000000,1,0,91845111,91845112,contiguous,official_completed_subset
2018|major_research_plan|B03|91856|3,2018,major_research_plan,B03,numeric8,91856,3,^91856\d{3}$,1,122,122,1,1.000000,1,0,91856122,91856122,contiguous,official_completed_subset
2018|major_research_plan|B04|91851|3,2018,major_research_plan,B04,numeric8,91851,3,^91851\d{3}$,1,101,101,1,1.000000,1,0,91851101,91851101,contiguous,official_completed_subset
2018|major_research_plan|B04|91853|3,2018,major_research_plan,B04,numeric8,91853,3,^91853\d{3}$,5,101,105,5,1.000000,1,0,91853101,91853105,contiguous,official_completed_subset
2018|major_research_plan|B04|91856|3,2018,major_research_plan,B04,numeric8,91856,3,^91856\d{3}$,1,123,123,1,1.000000,1,0,91856123,91856123,contiguous,official_completed_subset
2018|major_research_plan|B04|91859|3,2018,major_research_plan,B04,numeric8,91859,3,^91859\d{3}$,3,111,123,13,0.230769,2,10,91859111,91859123,sparse,official_completed_subset
2018|major_research_plan|B05_legacy_material_energy|91856|3,2018,major_research_plan,B05_legacy_material_energy,numeric8,91856,3,^91856\d{3}$,3,124,204,81,0.037037,2,78,91856124,91856204,sparse,official_completed_subset
2018|major_research_plan|B07|91853|3,2018,major_research_plan,B07,numeric8,91853,3,^91853\d{3}$,28,106,206,101,0.277228,2,73,91853106,91853206,sparse,official_completed_subset
2018|major_research_plan|B07|91854|3,2018,major_research_plan,B07,numeric8,91854,3,^91854\d{3}$,1,101,101,1,1.000000,1,0,91854101,91854101,contiguous,official_completed_subset
2018|major_research_plan|B07|91856|3,2018,major_research_plan,B07,numeric8,91856,3,^91856\d{3}$,2,126,205,80,0.025000,2,78,91856126,91856205,sparse,official_completed_subset
2018|regional|B01|21861|3,2018,regional,B01,numeric8,21861,3,^21861\d{3}$,45,1,45,45,1.000000,1,0,21861001,21861045,contiguous,official_completed_subset
2018|regional|B02|21862|3,2018,regional,B02,numeric8,21862,3,^21862\d{3}$,23,1,23,23,1.000000,1,0,21862001,21862023,contiguous,official_completed_subset
2018|regional|B03|21863|3,2018,regional,B03,numeric8,21863,3,^21863\d{3}$,10,1,10,10,1.000000,1,0,21863001,21863010,contiguous,official_completed_subset
2018|regional|B04|21864|3,2018,regional,B04,numeric8,21864,3,^21864\d{3}$,25,1,26,26,0.961538,2,1,21864001,21864026,dense,official_completed_subset
2018|regional|B05_legacy_material_energy|21865|3,2018,regional,B05_legacy_material_energy,numeric8,21865,3,^21865\d{3}$,24,3,40,38,0.631579,10,14,21865003,21865040,moderate,official_completed_subset
2018|regional|B06|21866|3,2018,regional,B06,numeric8,21866,3,^21866\d{3}$,33,1,33,33,1.000000,1,0,21866001,21866033,contiguous,official_completed_subset
2018|regional|B07|21867|3,2018,regional,B07,numeric8,21867,3,^21867\d{3}$,20,1,20,20,1.000000,1,0,21867001,21867020,contiguous,official_completed_subset
2018|regional|B08|21868|3,2018,regional,B08,numeric8,21868,3,^21868\d{3}$,38,1,38,38,1.000000,1,0,21868001,21868038,contiguous,official_completed_subset
2018|regional|B09|21865|3,2018,regional,B09,numeric8,21865,3,^21865\d{3}$,16,1,39,39,0.410256,10,23,21865001,21865039,moderate,official_completed_subset
2018|youth_c|B01|21801|3,2018,youth_c,B01,numeric8,21801,3,^21801\d{3}$,261,1,261,261,1.000000,1,0,21801001,21801261,contiguous,official_completed_subset
2018|youth_c|B02|21802|3,2018,youth_c,B02,numeric8,21802,3,^21802\d{3}$,172,1,173,173,0.994220,2,1,21802001,21802173,dense,official_completed_subset
2018|youth_c|B03|21803|3,2018,youth_c,B03,numeric8,21803,3,^21803\d{3}$,80,1,81,81,0.987654,2,1,21803001,21803081,dense,official_completed_subset
2018|youth_c|B04|21804|3,2018,youth_c,B04,numeric8,21804,3,^21804\d{3}$,147,1,147,147,1.000000,1,0,21804001,21804147,contiguous,official_completed_subset
2018|youth_c|B05_legacy_material_energy|21805|3,2018,youth_c,B05_legacy_material_energy,numeric8,21805,3,^21805\d{3}$,178,1,319,319,0.557994,63,141,21805001,21805319,moderate,official_completed_subset
2018|youth_c|B06|21806|3,2018,youth_c,B06,numeric8,21806,3,^21806\d{3}$,193,1,194,194,0.994845,2,1,21806001,21806194,dense,official_completed_subset
2018|youth_c|B07|21807|3,2018,youth_c,B07,numeric8,21807,3,^21807\d{3}$,120,1,121,121,0.991736,2,1,21807001,21807121,dense,official_completed_subset
2018|youth_c|B08|21808|3,2018,youth_c,B08,numeric8,21808,3,^21808\d{3}$,249,1,249,249,1.000000,1,0,21808001,21808249,contiguous,official_completed_subset
2018|youth_c|B09|21805|3,2018,youth_c,B09,numeric8,21805,3,^21805\d{3}$,141,3,309,307,0.459283,62,166,21805003,21805309,moderate,official_completed_subset
2019|general|B01|21971|3,2019,general,B01,numeric8,21971,3,^21971\d{3}$,268,1,268,268,1.000000,1,0,21971001,21971268,contiguous,official_completed_subset
2019|general|B02|21972|3,2019,general,B02,numeric8,21972,3,^21972\d{3}$,172,1,172,172,1.000000,1,0,21972001,21972172,contiguous,official_completed_subset
2019|general|B03|21973|3,2019,general,B03,numeric8,21973,3,^21973\d{3}$,112,1,113,113,0.991150,2,1,21973001,21973113,dense,official_completed_subset
2019|general|B04|21974|3,2019,general,B04,numeric8,21974,3,^21974\d{3}$,154,1,154,154,1.000000,1,0,21974001,21974154,contiguous,official_completed_subset
2019|general|B05_legacy_material_energy|21975|3,2019,general,B05_legacy_material_energy,numeric8,21975,3,^21975\d{3}$,166,1,291,291,0.570447,55,125,21975001,21975291,moderate,official_completed_subset
2019|general|B06|21976|3,2019,general,B06,numeric8,21976,3,^21976\d{3}$,215,1,216,216,0.995370,2,1,21976001,21976216,dense,official_completed_subset
2019|general|B07|21977|3,2019,general,B07,numeric8,21977,3,^21977\d{3}$,128,1,128,128,1.000000,1,0,21977001,21977128,contiguous,official_completed_subset
2019|general|B08|21978|3,2019,general,B08,numeric8,21978,3,^21978\d{3}$,332,1,332,332,1.000000,1,0,21978001,21978332,contiguous,official_completed_subset
2019|general|B09|21975|3,2019,general,B09,numeric8,21975,3,^21975\d{3}$,125,6,292,287,0.435540,54,162,21975006,21975292,moderate,official_completed_subset
2019|joint_fund|B01|U19A2|3,2019,joint_fund,B01,other,U19A2,3,^U19A2\d{3}$,1,14,14,1,1.000000,1,0,U19A2014,U19A2014,contiguous,official_completed_subset
2019|joint_fund|B06|U1967|3,2019,joint_fund,B06,alpha_numeric,U1967,3,^U1967\d{3}$,6,215,220,6,1.000000,1,0,U1967215,U1967220,contiguous,official_completed_subset
2019|joint_fund|B07|U1967|3,2019,joint_fund,B07,alpha_numeric,U1967,3,^U1967\d{3}$,2,221,222,2,1.000000,1,0,U1967221,U1967222,contiguous,official_completed_subset
2019|joint_fund|B08|U1908|3,2019,joint_fund,B08,alpha_numeric,U1908,3,^U1908\d{3}$,4,201,204,4,1.000000,1,0,U1908201,U1908204,contiguous,official_completed_subset
2019|joint_fund|B08|U1910|3,2019,joint_fund,B08,alpha_numeric,U1910,3,^U1910\d{3}$,3,201,203,3,1.000000,1,0,U1910201,U1910203,contiguous,official_completed_subset
2019|joint_fund|B08|U19B2|3,2019,joint_fund,B08,other,U19B2,3,^U19B2\d{3}$,3,1,3,3,1.000000,1,0,U19B2001,U19B2003,contiguous,official_completed_subset
2019|joint_fund|B09|U19A2|3,2019,joint_fund,B09,other,U19A2,3,^U19A2\d{3}$,5,15,19,5,1.000000,1,0,U19A2015,U19A2019,contiguous,official_completed_subset
2019|key|B01|21931|3,2019,key,B01,numeric8,21931,3,^21931\d{3}$,14,1,14,14,1.000000,1,0,21931001,21931014,contiguous,official_completed_subset
2019|key|B02|21932|3,2019,key,B02,numeric8,21932,3,^21932\d{3}$,6,1,6,6,1.000000,1,0,21932001,21932006,contiguous,official_completed_subset
2019|key|B03|21933|3,2019,key,B03,numeric8,21933,3,^21933\d{3}$,12,1,12,12,1.000000,1,0,21933001,21933012,contiguous,official_completed_subset
2019|key|B04|21934|3,2019,key,B04,numeric8,21934,3,^21934\d{3}$,7,1,7,7,1.000000,1,0,21934001,21934007,contiguous,official_completed_subset
2019|key|B05_legacy_material_energy|21935|3,2019,key,B05_legacy_material_energy,numeric8,21935,3,^21935\d{3}$,5,2,11,10,0.500000,4,5,21935002,21935011,moderate,official_completed_subset
2019|key|B06|21936|3,2019,key,B06,numeric8,21936,3,^21936\d{3}$,7,1,7,7,1.000000,1,0,21936001,21936007,contiguous,official_completed_subset
2019|key|B07|21937|3,2019,key,B07,numeric8,21937,3,^21937\d{3}$,6,1,6,6,1.000000,1,0,21937001,21937006,contiguous,official_completed_subset
2019|key|B08|21938|3,2019,key,B08,numeric8,21938,3,^21938\d{3}$,12,1,12,12,1.000000,1,0,21938001,21938012,contiguous,official_completed_subset
2019|key|B09|21935|3,2019,key,B09,numeric8,21935,3,^21935\d{3}$,6,1,9,9,0.666667,4,3,21935001,21935009,moderate,official_completed_subset
2019|major_research_plan|B01|91956|3,2019,major_research_plan,B01,numeric8,91956,3,^91956\d{3}$,31,0,203,204,0.151961,3,173,91956000,91956203,sparse,official_completed_subset
2019|major_research_plan|B01|91961|3,2019,major_research_plan,B01,numeric8,91961,3,^91961\d{3}$,17,103,202,100,0.170000,2,83,91961103,91961202,sparse,official_completed_subset
2019|major_research_plan|B02|91961|3,2019,major_research_plan,B02,numeric8,91961,3,^91961\d{3}$,2,118,203,86,0.023256,2,84,91961118,91961203,sparse,official_completed_subset
2019|major_research_plan|B03|91953|3,2019,major_research_plan,B03,numeric8,91953,3,^91953\d{3}$,1,101,101,1,1.000000,1,0,91953101,91953101,contiguous,official_completed_subset
2019|major_research_plan|B03|91961|3,2019,major_research_plan,B03,numeric8,91961,3,^91961\d{3}$,6,119,204,86,0.069767,2,80,91961119,91961204,sparse,official_completed_subset
2019|major_research_plan|B04|91953|3,2019,major_research_plan,B04,numeric8,91953,3,^91953\d{3}$,5,102,106,5,1.000000,1,0,91953102,91953106,contiguous,official_completed_subset
2019|major_research_plan|B04|91956|3,2019,major_research_plan,B04,numeric8,91956,3,^91956\d{3}$,1,129,129,1,1.000000,1,0,91956129,91956129,contiguous,official_completed_subset
2019|major_research_plan|B04|91959|3,2019,major_research_plan,B04,numeric8,91959,3,^91959\d{3}$,5,101,201,101,0.049505,2,96,91959101,91959201,sparse,official_completed_subset
2019|major_research_plan|B04|91961|3,2019,major_research_plan,B04,numeric8,91961,3,^91961\d{3}$,1,124,124,1,1.000000,1,0,91961124,91961124,contiguous,official_completed_subset
2019|major_research_plan|B05_legacy_material_energy|91945|3,2019,major_research_plan,B05_legacy_material_energy,numeric8,91945,3,^91945\d{3}$,1,0,0,1,1.000000,1,0,91945000,91945000,contiguous,official_completed_subset
2019|major_research_plan|B05_legacy_material_energy|91956|3,2019,major_research_plan,B05_legacy_material_energy,numeric8,91956,3,^91956\d{3}$,1,130,130,1,1.000000,1,0,91956130,91956130,contiguous,official_completed_subset
2019|major_research_plan|B05_legacy_material_energy|91961|3,2019,major_research_plan,B05_legacy_material_energy,numeric8,91961,3,^91961\d{3}$,2,125,126,2,1.000000,1,0,91961125,91961126,contiguous,official_completed_subset
2019|major_research_plan|B05_legacy_material_energy|91963|3,2019,major_research_plan,B05_legacy_material_energy,numeric8,91963,3,^91963\d{3}$,4,104,107,4,1.000000,1,0,91963104,91963107,contiguous,official_completed_subset
2019|major_research_plan|B07|91953|3,2019,major_research_plan,B07,numeric8,91953,3,^91953\d{3}$,17,0,203,204,0.083333,3,187,91953000,91953203,sparse,official_completed_subset
2019|major_research_plan|B07|91957|3,2019,major_research_plan,B07,numeric8,91957,3,^91957\d{3}$,1,101,101,1,1.000000,1,0,91957101,91957101,contiguous,official_completed_subset
2019|major_research_plan|B07|91959|3,2019,major_research_plan,B07,numeric8,91959,3,^91959\d{3}$,1,105,105,1,1.000000,1,0,91959105,91959105,contiguous,official_completed_subset
2019|major_research_plan|B08|91934|3,2019,major_research_plan,B08,numeric8,91934,3,^91934\d{3}$,1,0,0,1,1.000000,1,0,91934000,91934000,contiguous,official_completed_subset
2019|major_research_plan|B09|91963|3,2019,major_research_plan,B09,numeric8,91963,3,^91963\d{3}$,2,108,109,2,1.000000,1,0,91963108,91963109,contiguous,official_completed_subset
2019|regional|B01|21961|3,2019,regional,B01,numeric8,21961,3,^21961\d{3}$,48,1,48,48,1.000000,1,0,21961001,21961048,contiguous,official_completed_subset
2019|regional|B02|21962|3,2019,regional,B02,numeric8,21962,3,^21962\d{3}$,22,1,22,22,1.000000,1,0,21962001,21962022,contiguous,official_completed_subset
2019|regional|B03|21963|3,2019,regional,B03,numeric8,21963,3,^21963\d{3}$,10,1,10,10,1.000000,1,0,21963001,21963010,contiguous,official_completed_subset
2019|regional|B04|21964|3,2019,regional,B04,numeric8,21964,3,^21964\d{3}$,23,1,23,23,1.000000,1,0,21964001,21964023,contiguous,official_completed_subset
2019|regional|B05_legacy_material_energy|21965|3,2019,regional,B05_legacy_material_energy,numeric8,21965,3,^21965\d{3}$,23,1,39,39,0.589744,8,16,21965001,21965039,moderate,official_completed_subset
2019|regional|B06|21966|3,2019,regional,B06,numeric8,21966,3,^21966\d{3}$,33,1,33,33,1.000000,1,0,21966001,21966033,contiguous,official_completed_subset
2019|regional|B07|21967|3,2019,regional,B07,numeric8,21967,3,^21967\d{3}$,21,1,21,21,1.000000,1,0,21967001,21967021,contiguous,official_completed_subset
2019|regional|B08|21968|3,2019,regional,B08,numeric8,21968,3,^21968\d{3}$,38,1,38,38,1.000000,1,0,21968001,21968038,contiguous,official_completed_subset
2019|regional|B09|21965|3,2019,regional,B09,numeric8,21965,3,^21965\d{3}$,17,4,40,37,0.459459,8,20,21965004,21965040,moderate,official_completed_subset
2019|youth_c|B01|21901|3,2019,youth_c,B01,numeric8,21901,3,^21901\d{3}$,262,1,266,266,0.984962,5,4,21901001,21901266,dense,official_completed_subset
2019|youth_c|B02|21902|3,2019,youth_c,B02,numeric8,21902,3,^21902\d{3}$,189,1,189,189,1.000000,1,0,21902001,21902189,contiguous,official_completed_subset
2019|youth_c|B03|21903|3,2019,youth_c,B03,numeric8,21903,3,^21903\d{3}$,89,1,89,89,1.000000,1,0,21903001,21903089,contiguous,official_completed_subset
2019|youth_c|B04|21904|3,2019,youth_c,B04,numeric8,21904,3,^21904\d{3}$,146,1,146,146,1.000000,1,0,21904001,21904146,contiguous,official_completed_subset
2019|youth_c|B05_legacy_material_energy|21905|3,2019,youth_c,B05_legacy_material_energy,numeric8,21905,3,^21905\d{3}$,168,1,310,310,0.541935,70,142,21905001,21905310,moderate,official_completed_subset
2019|youth_c|B06|21906|3,2019,youth_c,B06,numeric8,21906,3,^21906\d{3}$,188,1,188,188,1.000000,1,0,21906001,21906188,contiguous,official_completed_subset
2019|youth_c|B07|21907|3,2019,youth_c,B07,numeric8,21907,3,^21907\d{3}$,114,1,114,114,1.000000,1,0,21907001,21907114,contiguous,official_completed_subset
2019|youth_c|B08|21908|3,2019,youth_c,B08,numeric8,21908,3,^21908\d{3}$,256,1,257,257,0.996109,2,1,21908001,21908257,dense,official_completed_subset
2019|youth_c|B09|21905|3,2019,youth_c,B09,numeric8,21905,3,^21905\d{3}$,149,5,317,313,0.476038,70,164,21905005,21905317,moderate,official_completed_subset
2020|general|B01|22071|3,2020,general,B01,numeric8,22071,3,^22071\d{3}$,275,1,275,275,1.000000,1,0,22071001,22071275,contiguous,official_completed_subset
2020|general|B02|22072|3,2020,general,B02,numeric8,22072,3,^22072\d{3}$,186,1,186,186,1.000000,1,0,22072001,22072186,contiguous,official_completed_subset
2020|general|B03|22073|3,2020,general,B03,numeric8,22073,3,^22073\d{3}$,115,1,115,115,1.000000,1,0,22073001,22073115,contiguous,official_completed_subset
2020|general|B04|22074|3,2020,general,B04,numeric8,22074,3,^22074\d{3}$,162,1,162,162,1.000000,1,0,22074001,22074162,contiguous,official_completed_subset
2020|general|B05_legacy_material_energy|22075|3,2020,general,B05_legacy_material_energy,numeric8,22075,3,^22075\d{3}$,193,1,327,327,0.590214,54,134,22075001,22075327,moderate,official_completed_subset
2020|general|B06|22076|3,2020,general,B06,numeric8,22076,3,^22076\d{3}$,225,1,225,225,1.000000,1,0,22076001,22076225,contiguous,official_completed_subset
2020|general|B07|22077|3,2020,general,B07,numeric8,22077,3,^22077\d{3}$,144,1,145,145,0.993103,2,1,22077001,22077145,dense,official_completed_subset
2020|general|B08|22078|3,2020,general,B08,numeric8,22078,3,^22078\d{3}$,373,1,374,374,0.997326,2,1,22078001,22078374,dense,official_completed_subset
2020|general|B09|22075|3,2020,general,B09,numeric8,22075,3,^22075\d{3}$,138,2,333,332,0.415663,53,194,22075002,22075333,moderate,official_completed_subset
2020|joint_fund|B01|U2004|3,2020,joint_fund,B01,alpha_numeric,U2004,3,^U2004\d{3}$,8,187,213,27,0.296296,2,19,U2004187,U2004213,sparse,official_completed_subset
2020|joint_fund|B02|U2004|3,2020,joint_fund,B02,alpha_numeric,U2004,3,^U2004\d{3}$,3,194,196,3,1.000000,1,0,U2004194,U2004196,contiguous,official_completed_subset
2020|joint_fund|B02|U20A20|3,2020,joint_fund,B02,other,U20A20,3,^U20A20\d{3}$,2,119,120,2,1.000000,1,0,U20A20119,U20A20120,contiguous,official_completed_subset
2020|joint_fund|B04|U2004|3,2020,joint_fund,B04,alpha_numeric,U2004,3,^U2004\d{3}$,1,197,197,1,1.000000,1,0,U2004197,U2004197,contiguous,official_completed_subset
2020|joint_fund|B04|U20A20|3,2020,joint_fund,B04,other,U20A20,3,^U20A20\d{3}$,1,121,121,1,1.000000,1,0,U20A20121,U20A20121,contiguous,official_completed_subset
2020|joint_fund|B05_legacy_material_energy|U2004|3,2020,joint_fund,B05_legacy_material_energy,alpha_numeric,U2004,3,^U2004\d{3}$,1,214,214,1,1.000000,1,0,U2004214,U2004214,contiguous,official_completed_subset
2020|joint_fund|B05_legacy_material_energy|U20A20|3,2020,joint_fund,B05_legacy_material_energy,other,U20A20,3,^U20A20\d{3}$,2,122,123,2,1.000000,1,0,U20A20122,U20A20123,contiguous,official_completed_subset
2020|joint_fund|B05_legacy_material_energy|U20B2|3,2020,joint_fund,B05_legacy_material_energy,other,U20B2,3,^U20B2\d{3}$,2,17,18,2,1.000000,1,0,U20B2017,U20B2018,contiguous,official_completed_subset
2020|joint_fund|B06|U2067|3,2020,joint_fund,B06,alpha_numeric,U2067,3,^U2067\d{3}$,5,211,215,5,1.000000,1,0,U2067211,U2067215,contiguous,official_completed_subset
2020|joint_fund|B06|U20A20|3,2020,joint_fund,B06,other,U20A20,3,^U20A20\d{3}$,6,129,134,6,1.000000,1,0,U20A20129,U20A20134,contiguous,official_completed_subset
2020|joint_fund|B06|U20B2|3,2020,joint_fund,B06,other,U20B2,3,^U20B2\d{3}$,3,19,21,3,1.000000,1,0,U20B2019,U20B2021,contiguous,official_completed_subset
2020|joint_fund|B07|U20A20|3,2020,joint_fund,B07,other,U20A20,3,^U20A20\d{3}$,3,135,137,3,1.000000,1,0,U20A20135,U20A20137,contiguous,official_completed_subset
2020|joint_fund|B08|U2004|3,2020,joint_fund,B08,alpha_numeric,U2004,3,^U2004\d{3}$,3,198,215,18,0.166667,2,15,U2004198,U2004215,sparse,official_completed_subset
2020|joint_fund|B08|U20A20|3,2020,joint_fund,B08,other,U20A20,3,^U20A20\d{3}$,17,138,154,17,1.000000,1,0,U20A20138,U20A20154,contiguous,official_completed_subset
2020|joint_fund|B08|U20B2|3,2020,joint_fund,B08,other,U20B2,3,^U20B2\d{3}$,3,22,24,3,1.000000,1,0,U20B2022,U20B2024,contiguous,official_completed_subset
2020|joint_fund|B09|U20A20|3,2020,joint_fund,B09,other,U20A20,3,^U20A20\d{3}$,5,124,128,5,1.000000,1,0,U20A20124,U20A20128,contiguous,official_completed_subset
2020|major_research_plan|B01|92056|3,2020,major_research_plan,B01,numeric8,92056,3,^92056\d{3}$,20,101,203,103,0.194175,2,83,92056101,92056203,sparse,official_completed_subset
2020|major_research_plan|B01|92061|3,2020,major_research_plan,B01,numeric8,92061,3,^92061\d{3}$,10,0,202,203,0.049261,3,193,92061000,92061202,sparse,official_completed_subset
2020|major_research_plan|B02|92045|3,2020,major_research_plan,B02,numeric8,92045,3,^92045\d{3}$,1,0,0,1,1.000000,1,0,92045000,92045000,contiguous,official_completed_subset
2020|major_research_plan|B02|92061|3,2020,major_research_plan,B02,numeric8,92061,3,^92061\d{3}$,4,108,111,4,1.000000,1,0,92061108,92061111,contiguous,official_completed_subset
2020|major_research_plan|B03|92061|3,2020,major_research_plan,B03,numeric8,92061,3,^92061\d{3}$,7,112,203,92,0.076087,2,85,92061112,92061203,sparse,official_completed_subset
2020|major_research_plan|B04|92053|3,2020,major_research_plan,B04,numeric8,92053,3,^92053\d{3}$,3,101,103,3,1.000000,1,0,92053101,92053103,contiguous,official_completed_subset
2020|major_research_plan|B04|92061|3,2020,major_research_plan,B04,numeric8,92061,3,^92061\d{3}$,1,118,118,1,1.000000,1,0,92061118,92061118,contiguous,official_completed_subset
2020|major_research_plan|B04|92068|3,2020,major_research_plan,B04,numeric8,92068,3,^92068\d{3}$,1,118,118,1,1.000000,1,0,92068118,92068118,contiguous,official_completed_subset
2020|major_research_plan|B05_legacy_material_energy|92056|3,2020,major_research_plan,B05_legacy_material_energy,numeric8,92056,3,^92056\d{3}$,3,118,204,87,0.034483,2,84,92056118,92056204,sparse,official_completed_subset
2020|major_research_plan|B05_legacy_material_energy|92061|3,2020,major_research_plan,B05_legacy_material_energy,numeric8,92061,3,^92061\d{3}$,6,119,204,86,0.069767,2,80,92061119,92061204,sparse,official_completed_subset
2020|major_research_plan|B06|92043|3,2020,major_research_plan,B06,numeric8,92043,3,^92043\d{3}$,3,0,202,203,0.014778,2,200,92043000,92043202,sparse,official_completed_subset
2020|major_research_plan|B07|92053|3,2020,major_research_plan,B07,numeric8,92053,3,^92053\d{3}$,10,104,202,99,0.101010,2,89,92053104,92053202,sparse,official_completed_subset
2020|major_research_plan|B07|92059|3,2020,major_research_plan,B07,numeric8,92059,3,^92059\d{3}$,1,107,107,1,1.000000,1,0,92059107,92059107,contiguous,official_completed_subset
2020|major_research_plan|B08|92034|3,2020,major_research_plan,B08,numeric8,92034,3,^92034\d{3}$,3,301,303,3,1.000000,1,0,92034301,92034303,contiguous,official_completed_subset
2020|major_research_plan|B09|92061|3,2020,major_research_plan,B09,numeric8,92061,3,^92061\d{3}$,2,124,205,82,0.024390,2,80,92061124,92061205,sparse,official_completed_subset
2020|regional|B01|22061|3,2020,regional,B01,numeric8,22061,3,^22061\d{3}$,48,1,49,49,0.979592,2,1,22061001,22061049,dense,official_completed_subset
2020|regional|B02|22062|3,2020,regional,B02,numeric8,22062,3,^22062\d{3}$,27,1,27,27,1.000000,1,0,22062001,22062027,contiguous,official_completed_subset
2020|regional|B03|22063|3,2020,regional,B03,numeric8,22063,3,^22063\d{3}$,10,1,10,10,1.000000,1,0,22063001,22063010,contiguous,official_completed_subset
2020|regional|B04|22064|3,2020,regional,B04,numeric8,22064,3,^22064\d{3}$,20,1,20,20,1.000000,1,0,22064001,22064020,contiguous,official_completed_subset
2020|regional|B05_legacy_material_energy|22065|3,2020,regional,B05_legacy_material_energy,numeric8,22065,3,^22065\d{3}$,17,5,40,36,0.472222,10,19,22065005,22065040,moderate,official_completed_subset
2020|regional|B06|22066|3,2020,regional,B06,numeric8,22066,3,^22066\d{3}$,27,1,27,27,1.000000,1,0,22066001,22066027,contiguous,official_completed_subset
2020|regional|B07|22067|3,2020,regional,B07,numeric8,22067,3,^22067\d{3}$,21,1,21,21,1.000000,1,0,22067001,22067021,contiguous,official_completed_subset
2020|regional|B08|22068|3,2020,regional,B08,numeric8,22068,3,^22068\d{3}$,39,1,39,39,1.000000,1,0,22068001,22068039,contiguous,official_completed_subset
2020|regional|B09|22065|3,2020,regional,B09,numeric8,22065,3,^22065\d{3}$,24,1,42,42,0.571429,11,18,22065001,22065042,moderate,official_completed_subset
2020|youth_c|B01|22001|3,2020,youth_c,B01,numeric8,22001,3,^22001\d{3}$,272,1,273,273,0.996337,2,1,22001001,22001273,dense,official_completed_subset
2020|youth_c|B02|22002|3,2020,youth_c,B02,numeric8,22002,3,^22002\d{3}$,193,1,193,193,1.000000,1,0,22002001,22002193,contiguous,official_completed_subset
2020|youth_c|B03|22003|3,2020,youth_c,B03,numeric8,22003,3,^22003\d{3}$,80,1,80,80,1.000000,1,0,22003001,22003080,contiguous,official_completed_subset
2020|youth_c|B04|22004|3,2020,youth_c,B04,numeric8,22004,3,^22004\d{3}$,136,1,137,137,0.992701,2,1,22004001,22004137,dense,official_completed_subset
2020|youth_c|B05_legacy_material_energy|22005|3,2020,youth_c,B05_legacy_material_energy,numeric8,22005,3,^22005\d{3}$,182,1,356,356,0.511236,72,174,22005001,22005356,moderate,official_completed_subset
2020|youth_c|B06|22006|3,2020,youth_c,B06,numeric8,22006,3,^22006\d{3}$,168,1,168,168,1.000000,1,0,22006001,22006168,contiguous,official_completed_subset
2020|youth_c|B07|22007|3,2020,youth_c,B07,numeric8,22007,3,^22007\d{3}$,106,1,107,107,0.990654,2,1,22007001,22007107,dense,official_completed_subset
2020|youth_c|B08|22008|3,2020,youth_c,B08,numeric8,22008,3,^22008\d{3}$,268,1,268,268,1.000000,1,0,22008001,22008268,contiguous,official_completed_subset
2020|youth_c|B09|22005|3,2020,youth_c,B09,numeric8,22005,3,^22005\d{3}$,172,2,355,354,0.485876,70,182,22005002,22005355,moderate,official_completed_subset
2021|major_research_plan|B01|92156|3,2021,major_research_plan,B01,numeric8,92156,3,^92156\d{3}$,17,1,17,17,1.000000,1,0,92156001,92156017,contiguous,official_completed_subset
2021|major_research_plan|B01|92161|3,2021,major_research_plan,B01,numeric8,92161,3,^92161\d{3}$,10,102,111,10,1.000000,1,0,92161102,92161111,contiguous,official_completed_subset
2021|major_research_plan|B02|92145|3,2021,major_research_plan,B02,numeric8,92145,3,^92145\d{3}$,3,0,302,303,0.009901,2,300,92145000,92145302,sparse,official_completed_subset
2021|major_research_plan|B02|92156|3,2021,major_research_plan,B02,numeric8,92156,3,^92156\d{3}$,1,18,18,1,1.000000,1,0,92156018,92156018,contiguous,official_completed_subset
2021|major_research_plan|B02|92161|3,2021,major_research_plan,B02,numeric8,92161,3,^92161\d{3}$,1,112,112,1,1.000000,1,0,92161112,92161112,contiguous,official_completed_subset
2021|major_research_plan|B02|92163|3,2021,major_research_plan,B02,numeric8,92163,3,^92163\d{3}$,1,103,103,1,1.000000,1,0,92163103,92163103,contiguous,official_completed_subset
2021|major_research_plan|B03|92161|3,2021,major_research_plan,B03,numeric8,92161,3,^92161\d{3}$,10,113,122,10,1.000000,1,0,92161113,92161122,contiguous,official_completed_subset
2021|major_research_plan|B03|92163|3,2021,major_research_plan,B03,numeric8,92163,3,^92163\d{3}$,1,104,104,1,1.000000,1,0,92163104,92163104,contiguous,official_completed_subset
2021|major_research_plan|B05|92156|3,2021,major_research_plan,B05,numeric8,92156,3,^92156\d{3}$,1,19,19,1,1.000000,1,0,92156019,92156019,contiguous,official_completed_subset
2021|major_research_plan|B05|92161|3,2021,major_research_plan,B05,numeric8,92161,3,^92161\d{3}$,3,123,125,3,1.000000,1,0,92161123,92161125,contiguous,official_completed_subset
2021|major_research_plan|B05|92163|3,2021,major_research_plan,B05,numeric8,92163,3,^92163\d{3}$,1,105,105,1,1.000000,1,0,92163105,92163105,contiguous,official_completed_subset
2021|major_research_plan|B06|92143|3,2021,major_research_plan,B06,numeric8,92143,3,^92143\d{3}$,3,201,301,101,0.029703,2,98,92143201,92143301,sparse,official_completed_subset
2021|major_research_plan|B08|92134|3,2021,major_research_plan,B08,numeric8,92134,3,^92134\d{3}$,1,1,1,1,1.000000,1,0,92134001,92134001,contiguous,official_completed_subset
2021|major_research_plan|B08|92156|3,2021,major_research_plan,B08,numeric8,92156,3,^92156\d{3}$,1,20,20,1,1.000000,1,0,92156020,92156020,contiguous,official_completed_subset
2021|major_research_plan|B09|92163|3,2021,major_research_plan,B09,numeric8,92163,3,^92163\d{3}$,1,106,106,1,1.000000,1,0,92163106,92163106,contiguous,official_completed_subset
2021|youth_c|B01|22101|3,2021,youth_c,B01,numeric8,22101,3,^22101\d{3}$,308,1,310,310,0.993548,3,2,22101001,22101310,dense,official_completed_subset
2021|youth_c|B02|22102|3,2021,youth_c,B02,numeric8,22102,3,^22102\d{3}$,218,1,221,221,0.986425,4,3,22102001,22102221,dense,official_completed_subset
2021|youth_c|B03|22103|3,2021,youth_c,B03,numeric8,22103,3,^22103\d{3}$,98,1,99,99,0.989899,2,1,22103001,22103099,dense,official_completed_subset
2021|youth_c|B04|22104|3,2021,youth_c,B04,numeric8,22104,3,^22104\d{3}$,160,1,160,160,1.000000,1,0,22104001,22104160,contiguous,official_completed_subset
2021|youth_c|B05|22105|3,2021,youth_c,B05,numeric8,22105,3,^22105\d{3}$,230,1,231,231,0.995671,2,1,22105001,22105231,dense,official_completed_subset
2021|youth_c|B06|22106|3,2021,youth_c,B06,numeric8,22106,3,^22106\d{3}$,188,1,189,189,0.994709,2,1,22106001,22106189,dense,official_completed_subset
2021|youth_c|B07|22107|3,2021,youth_c,B07,numeric8,22107,3,^22107\d{3}$,126,1,126,126,1.000000,1,0,22107001,22107126,contiguous,official_completed_subset
2021|youth_c|B08|22108|3,2021,youth_c,B08,numeric8,22108,3,^22108\d{3}$,320,1,320,320,1.000000,1,0,22108001,22108320,contiguous,official_completed_subset
2021|youth_c|B09|22109|3,2021,youth_c,B09,numeric8,22109,3,^22109\d{3}$,185,1,186,186,0.994624,2,1,22109001,22109186,dense,official_completed_subset
2022|major_research_plan|B01|92256|3,2022,major_research_plan,B01,numeric8,92256,3,^92256\d{3}$,1,0,0,1,1.000000,1,0,92256000,92256000,contiguous,official_completed_subset
2022|major_research_plan|B02|92245|3,2022,major_research_plan,B02,numeric8,92245,3,^92245\d{3}$,1,0,0,1,1.000000,1,0,92245000,92245000,contiguous,official_completed_subset
2022|major_research_plan|B06|92243|3,2022,major_research_plan,B06,numeric8,92243,3,^92243\d{3}$,1,0,0,1,1.000000,1,0,92243000,92243000,contiguous,official_completed_subset
2022|youth_c|B01|22201|3,2022,youth_c,B01,numeric8,22201,3,^22201\d{3}$,10,14,299,286,0.034965,10,276,22201014,22201299,sparse,official_completed_subset
2022|youth_c|B02|22202|3,2022,youth_c,B02,numeric8,22202,3,^22202\d{3}$,8,4,202,199,0.040201,6,191,22202004,22202202,sparse,official_completed_subset
2022|youth_c|B03|22203|3,2022,youth_c,B03,numeric8,22203,3,^22203\d{3}$,2,6,21,16,0.125000,2,14,22203006,22203021,sparse,official_completed_subset
2022|youth_c|B04|22204|3,2022,youth_c,B04,numeric8,22204,3,^22204\d{3}$,9,22,173,152,0.059211,7,143,22204022,22204173,sparse,official_completed_subset
2022|youth_c|B05|22205|3,2022,youth_c,B05,numeric8,22205,3,^22205\d{3}$,15,11,263,253,0.059289,14,238,22205011,22205263,sparse,official_completed_subset
2022|youth_c|B06|22206|3,2022,youth_c,B06,numeric8,22206,3,^22206\d{3}$,6,11,202,192,0.031250,6,186,22206011,22206202,sparse,official_completed_subset
2022|youth_c|B07|22207|3,2022,youth_c,B07,numeric8,22207,3,^22207\d{3}$,7,4,100,97,0.072165,6,90,22207004,22207100,sparse,official_completed_subset
2022|youth_c|B08|22208|3,2022,youth_c,B08,numeric8,22208,3,^22208\d{3}$,9,102,355,254,0.035433,8,245,22208102,22208355,sparse,official_completed_subset
2022|youth_c|B09|22209|3,2022,youth_c,B09,numeric8,22209,3,^22209\d{3}$,6,26,133,108,0.055556,6,102,22209026,22209133,sparse,official_completed_subset
2023|youth_c|B03|22303|3,2023,youth_c,B03,numeric8,22303,3,^22303\d{3}$,1,114,114,1,1.000000,1,0,22303114,22303114,contiguous,official_completed_subset
2023|youth_c|B04|22304|3,2023,youth_c,B04,numeric8,22304,3,^22304\d{3}$,1,3,3,1,1.000000,1,0,22304003,22304003,contiguous,official_completed_subset
2023|youth_c|B05|22305|3,2023,youth_c,B05,numeric8,22305,3,^22305\d{3}$,3,34,236,203,0.014778,3,200,22305034,22305236,sparse,official_completed_subset
2023|youth_c|B07|22307|3,2023,youth_c,B07,numeric8,22307,3,^22307\d{3}$,2,101,118,18,0.111111,2,16,22307101,22307118,sparse,official_completed_subset
2023|youth_c|B09|22309|3,2023,youth_c,B09,numeric8,22309,3,^22309\d{3}$,2,80,176,97,0.020619,2,95,22309080,22309176,sparse,official_completed_subset
