segment_id,run_index,run_start_serial,run_end_serial,run_count,run_start_number,run_end_number
1986|general|E01|58670|3,1,248,323,76,58670248,58670323
1986|general|E02|58670|3,1,340,369,30,58670340,58670369
1986|general|E03|58670|3,1,396,418,23,58670396,58670418
1986|general|E04|58670|3,1,370,395,26,58670370,58670395
1986|general|E05|58670|3,1,93,192,100,58670093,58670192
1986|general|E06|58670|3,1,29,92,64,58670029,58670092
1986|general|E07|58670|3,1,1,28,28,58670001,58670028
1986|general|E08|58670|3,1,193,244,52,58670193,58670244
1986|general|E08|58670|3,2,246,247,2,58670246,58670247
1986|general|E09|58670|3,1,324,339,16,58670324,58670339
1986|general|E10|58670|3,1,245,245,1,58670245,58670245
1987|general|E01|58770|3,1,1,76,76,58770001,58770076
1987|general|E01|58770|3,2,79,79,1,58770079,58770079
1987|general|E02|58770|3,1,77,77,1,58770077,58770077
1987|general|E02|58770|3,2,80,121,42,58770080,58770121
1987|general|E03|58770|3,1,122,148,27,58770122,58770148
1987|general|E04|58770|3,1,149,170,22,58770149,58770170
1987|general|E05|58770|3,1,171,257,87,58770171,58770257
1987|general|E05|58770|3,2,309,309,1,58770309,58770309
1987|general|E05|58770|3,3,323,323,1,58770323,58770323
1987|general|E06|58770|3,1,258,301,44,58770258,58770301
1987|general|E07|58770|3,1,302,308,7,58770302,58770308
1987|general|E07|58770|3,2,310,322,13,58770310,58770322
1987|general|E07|58770|3,3,324,331,8,58770324,58770331
1987|general|E08|58770|3,1,332,335,4,58770332,58770335
1987|general|E08|58770|3,2,337,339,3,58770337,58770339
1987|general|E08|58770|3,3,341,342,2,58770341,58770342
1987|general|E08|58770|3,4,344,348,5,58770344,58770348
1987|general|E08|58770|3,5,350,353,4,58770350,58770353
1987|general|E08|58770|3,6,356,357,2,58770356,58770357
1987|general|E08|58770|3,7,360,364,5,58770360,58770364
1987|general|E08|58770|3,8,366,366,1,58770366,58770366
1987|general|E08|58770|3,9,368,377,10,58770368,58770377
1987|general|E08|58770|3,10,379,379,1,58770379,58770379
1987|general|E08|58770|3,11,381,387,7,58770381,58770387
1987|general|E08|58770|3,12,389,389,1,58770389,58770389
1987|general|E09|58770|3,1,390,411,22,58770390,58770411
1987|general|E10|58770|3,1,336,336,1,58770336,58770336
1987|general|E10|58770|3,2,340,340,1,58770340,58770340
1987|general|E10|58770|3,3,343,343,1,58770343,58770343
1987|general|E10|58770|3,4,349,349,1,58770349,58770349
1987|general|E10|58770|3,5,354,355,2,58770354,58770355
1987|general|E10|58770|3,6,358,359,2,58770358,58770359
1987|general|E10|58770|3,7,365,365,1,58770365,58770365
1987|general|E10|58770|3,8,367,367,1,58770367,58770367
1987|general|E10|58770|3,9,378,378,1,58770378,58770378
1987|general|E10|58770|3,10,380,380,1,58770380,58770380
1987|general|E10|58770|3,11,388,388,1,58770388,58770388
1987|special|E01|58750|3,1,412,413,2,58750412,58750413
1987|special|E01|58780|3,1,1,14,14,58780001,58780014
1987|special|E02|58780|3,1,15,24,10,58780015,58780024
1987|special|E02|58780|3,2,26,28,3,58780026,58780028
1987|special|E02|58780|3,3,32,32,1,58780032,58780032
1987|special|E03|58780|3,1,25,25,1,58780025,58780025
1987|special|E03|58780|3,2,29,31,3,58780029,58780031
1987|special|E03|58780|3,3,33,36,4,58780033,58780036
1987|special|E05|58780|3,1,37,40,4,58780037,58780040
1987|special|E06|58780|3,1,41,47,7,58780041,58780047
1987|special|E07|58750|3,1,414,414,1,58750414,58750414
1987|special|E07|58780|3,1,48,48,1,58780048,58780048
1987|youth_c|E01|58700|3,1,2,4,3,58700002,58700004
1987|youth_c|E02|58700|3,1,5,5,1,58700005,58700005
1987|youth_c|E03|58700|3,1,6,6,1,58700006,58700006
1987|youth_c|E04|58700|3,1,7,7,1,58700007,58700007
1987|youth_c|E05|58700|3,1,8,9,2,58700008,58700009
1987|youth_c|E06|58700|3,1,10,12,3,58700010,58700012
1987|youth_c|E07|58700|3,1,13,13,1,58700013,58700013
1987|youth_c|E09|58700|3,1,14,14,1,58700014,58700014
1988|general|E01|58870|3,1,1,2,2,58870001,58870002
1988|general|E01|58870|3,2,4,4,1,58870004,58870004
1988|general|E01|58870|3,3,6,66,61,58870006,58870066
1988|general|E01|58870|3,4,382,382,1,58870382,58870382
1988|general|E01|58870|3,5,387,390,4,58870387,58870390
1988|general|E02|58870|3,1,67,102,36,58870067,58870102
1988|general|E03|58870|3,1,5,5,1,58870005,58870005
1988|general|E03|58870|3,2,103,124,22,58870103,58870124
1988|general|E04|58870|3,1,125,152,28,58870125,58870152
1988|general|E05|58870|3,1,153,233,81,58870153,58870233
1988|general|E05|58870|3,2,359,359,1,58870359,58870359
1988|general|E06|58870|3,1,3,3,1,58870003,58870003
1988|general|E06|58870|3,2,234,282,49,58870234,58870282
1988|general|E07|58870|3,1,283,307,25,58870283,58870307
1988|general|E08|58870|3,1,308,309,2,58870308,58870309
1988|general|E08|58870|3,2,311,316,6,58870311,58870316
1988|general|E08|58870|3,3,320,330,11,58870320,58870330
1988|general|E08|58870|3,4,332,337,6,58870332,58870337
1988|general|E08|58870|3,5,340,344,5,58870340,58870344
1988|general|E08|58870|3,6,346,346,1,58870346,58870346
1988|general|E08|58870|3,7,352,356,5,58870352,58870356
1988|general|E09|58870|3,1,360,371,12,58870360,58870371
1988|general|E09|58870|3,2,373,373,1,58870373,58870373
1988|general|E09|58870|3,3,375,381,7,58870375,58870381
1988|general|E09|58870|3,4,383,386,4,58870383,58870386
1988|general|E10|58870|3,1,310,310,1,58870310,58870310
1988|general|E10|58870|3,2,317,319,3,58870317,58870319
1988|general|E10|58870|3,3,331,331,1,58870331,58870331
1988|general|E10|58870|3,4,338,339,2,58870338,58870339
1988|general|E10|58870|3,5,345,345,1,58870345,58870345
1988|general|E10|58870|3,6,347,351,5,58870347,58870351
1988|general|E10|58870|3,7,357,358,2,58870357,58870358
1988|general|E10|58870|3,8,374,374,1,58870374,58870374
1988|general|E11|58870|3,1,372,372,1,58870372,58870372
1988|special|E01|58880|3,1,1,10,10,58880001,58880010
1988|special|E02|58880|3,1,11,14,4,58880011,58880014
1988|special|E03|58880|3,1,15,23,9,58880015,58880023
1988|special|E05|58880|3,1,24,29,6,58880024,58880029
1988|special|E06|58880|3,1,30,33,4,58880030,58880033
1988|youth_c|E01|58800|3,1,1,4,4,58800001,58800004
1988|youth_c|E03|58800|3,1,5,5,1,58800005,58800005
1988|youth_c|E03|58800|3,2,25,25,1,58800025,58800025
1988|youth_c|E05|58800|3,1,6,10,5,58800006,58800010
1988|youth_c|E06|58800|3,1,11,15,5,58800011,58800015
1988|youth_c|E07|58800|3,1,16,18,3,58800016,58800018
1988|youth_c|E08|58800|3,1,20,20,1,58800020,58800020
1988|youth_c|E09|58800|3,1,21,24,4,58800021,58800024
1988|youth_c|E10|58800|3,1,19,19,1,58800019,58800019
1989|general|E01|58971|3,1,9,77,69,58971009,58971077
1989|general|E02|58972|3,1,78,118,41,58972078,58972118
1989|general|E03|58973|3,1,119,145,27,58973119,58973145
1989|general|E04|58974|3,1,146,170,25,58974146,58974170
1989|general|E05|58975|3,1,171,238,68,58975171,58975238
1989|general|E06|58976|3,1,239,287,49,58976239,58976287
1989|general|E07|58977|3,1,288,314,27,58977288,58977314
1989|general|E08|58978|3,1,315,316,2,58978315,58978316
1989|general|E08|58978|3,2,318,331,14,58978318,58978331
1989|general|E08|58978|3,3,333,333,1,58978333,58978333
1989|general|E08|58978|3,4,336,338,3,58978336,58978338
1989|general|E08|58978|3,5,340,358,19,58978340,58978358
1989|general|E08|58978|3,6,360,360,1,58978360,58978360
1989|general|E08|58978|3,7,362,363,2,58978362,58978363
1989|general|E08|58978|3,8,367,380,14,58978367,58978380
1989|general|E09|58979|3,1,382,388,7,58979382,58979388
1989|general|E09|58979|3,2,390,390,1,58979390,58979390
1989|general|E09|58979|3,3,392,404,13,58979392,58979404
1989|general|E10|58978|3,1,317,317,1,58978317,58978317
1989|general|E10|58978|3,2,332,332,1,58978332,58978332
1989|general|E10|58978|3,3,334,335,2,58978334,58978335
1989|general|E10|58978|3,4,339,339,1,58978339,58978339
1989|general|E10|58978|3,5,359,359,1,58978359,58978359
1989|general|E10|58978|3,6,361,361,1,58978361,58978361
1989|general|E10|58978|3,7,364,366,3,58978364,58978366
1989|general|E10|58979|3,1,381,381,1,58979381,58979381
1989|general|E10|58979|3,2,389,389,1,58979389,58979389
1989|general|E11|58979|3,1,391,391,1,58979391,58979391
1989|regional|E02|58962|3,1,406,406,1,58962406,58962406
1989|regional|E05|58965|3,1,407,407,1,58965407,58965407
1989|regional|E06|58966|3,1,408,408,1,58966408,58966408
1989|regional|E09|58969|3,1,409,410,2,58969409,58969410
1989|special|E01|58941|3,1,5,5,1,58941005,58941005
1989|special|E02|58942|3,1,6,6,1,58942006,58942006
1989|special|E02|58942|3,2,8,8,1,58942008,58942008
1989|special|E03|58943|3,1,2,2,1,58943002,58943002
1989|special|E03|58943|3,2,4,4,1,58943004,58943004
1989|special|E03|58943|3,3,405,405,1,58943405,58943405
1989|special|E05|58945|3,1,7,7,1,58945007,58945007
1989|special|E06|58946|3,1,1,1,1,58946001,58946001
1989|special|E09|58949|3,1,3,3,1,58949003,58949003
1989|youth_c|E01|58901|3,1,411,421,11,58901411,58901421
1989|youth_c|E02|58902|3,1,422,426,5,58902422,58902426
1989|youth_c|E03|58903|3,1,427,430,4,58903427,58903430
1989|youth_c|E04|58904|3,1,431,435,5,58904431,58904435
1989|youth_c|E05|58905|3,1,436,442,7,58905436,58905442
1989|youth_c|E06|58906|3,1,443,447,5,58906443,58906447
1989|youth_c|E07|58907|3,1,448,452,5,58907448,58907452
1989|youth_c|E08|58908|3,1,453,455,3,58908453,58908455
1989|youth_c|E08|58908|3,2,457,460,4,58908457,58908460
1989|youth_c|E09|58909|3,1,461,464,4,58909461,58909464
1989|youth_c|E10|58908|3,1,456,456,1,58908456,58908456
1990|general|E01|59071|3,1,5,70,66,59071005,59071070
1990|general|E02|59072|3,1,71,112,42,59072071,59072112
1990|general|E03|59073|3,1,113,140,28,59073113,59073140
1990|general|E04|59074|3,1,141,167,27,59074141,59074167
1990|general|E05|59075|3,1,168,248,81,59075168,59075248
1990|general|E06|59076|3,1,249,294,46,59076249,59076294
1990|general|E07|59077|3,1,295,319,25,59077295,59077319
1990|general|E08|59078|3,1,320,325,6,59078320,59078325
1990|general|E08|59078|3,2,327,332,6,59078327,59078332
1990|general|E08|59078|3,3,335,338,4,59078335,59078338
1990|general|E08|59078|3,4,341,342,2,59078341,59078342
1990|general|E08|59078|3,5,344,346,3,59078344,59078346
1990|general|E08|59078|3,6,348,358,11,59078348,59078358
1990|general|E08|59078|3,7,360,366,7,59078360,59078366
1990|general|E08|59078|3,8,368,369,2,59078368,59078369
1990|general|E08|59078|3,9,371,373,3,59078371,59078373
1990|general|E08|59078|3,10,376,377,2,59078376,59078377
1990|general|E09|59079|3,1,378,405,28,59079378,59079405
1990|general|E09|59079|3,2,407,407,1,59079407,59079407
1990|general|E10|59078|3,1,326,326,1,59078326,59078326
1990|general|E10|59078|3,2,333,334,2,59078333,59078334
1990|general|E10|59078|3,3,339,340,2,59078339,59078340
1990|general|E10|59078|3,4,343,343,1,59078343,59078343
1990|general|E10|59078|3,5,347,347,1,59078347,59078347
1990|general|E10|59078|3,6,359,359,1,59078359,59078359
1990|general|E10|59078|3,7,367,367,1,59078367,59078367
1990|general|E10|59078|3,8,370,370,1,59078370,59078370
1990|general|E10|59078|3,9,374,375,2,59078374,59078375
1990|general|E10|59079|3,1,406,406,1,59079406,59079406
1990|regional|E01|59061|3,1,509,510,2,59061509,59061510
1990|regional|E02|59062|3,1,511,511,1,59062511,59062511
1990|regional|E03|59063|3,1,512,512,1,59063512,59063512
1990|regional|E05|59065|3,1,513,514,2,59065513,59065514
1990|regional|E06|59066|3,1,515,515,1,59066515,59066515
1990|regional|E08|59068|3,1,516,516,1,59068516,59068516
1990|regional|E09|59069|3,1,517,518,2,59069517,59069518
1990|special|E01|59041|3,1,2,2,1,59041002,59041002
1990|special|E01|59041|3,2,4,4,1,59041004,59041004
1990|special|E01|59081|3,1,408,416,9,59081408,59081416
1990|special|E02|59042|3,1,1,1,1,59042001,59042001
1990|special|E02|59082|3,1,417,427,11,59082417,59082427
1990|special|E03|59083|3,1,428,432,5,59083428,59083432
1990|special|E05|59045|3,1,3,3,1,59045003,59045003
1990|special|E05|59085|3,1,433,440,8,59085433,59085440
1990|special|E06|59086|3,1,441,443,3,59086441,59086443
1990|youth_c|E01|59001|3,1,444,456,13,59001444,59001456
1990|youth_c|E02|59002|3,1,457,461,5,59002457,59002461
1990|youth_c|E03|59003|3,1,462,464,3,59003462,59003464
1990|youth_c|E04|59004|3,1,465,468,4,59004465,59004468
1990|youth_c|E05|59005|3,1,469,481,13,59005469,59005481
1990|youth_c|E06|59006|3,1,482,489,8,59006482,59006489
1990|youth_c|E07|59007|3,1,490,492,3,59007490,59007492
1990|youth_c|E08|59008|3,1,493,493,1,59008493,59008493
1990|youth_c|E08|59008|3,2,495,495,1,59008495,59008495
1990|youth_c|E08|59008|3,3,497,503,7,59008497,59008503
1990|youth_c|E09|59009|3,1,504,507,4,59009504,59009507
1990|youth_c|E10|59008|3,1,494,494,1,59008494,59008494
1990|youth_c|E10|59008|3,2,496,496,1,59008496,59008496
1990|youth_c|E10|59009|3,1,508,508,1,59009508,59009508
1991|general|E01|59171|3,1,1,9,9,59171001,59171009
1991|general|E01|59171|3,2,11,67,57,59171011,59171067
1991|general|E02|59172|3,1,68,107,40,59172068,59172107
1991|general|E03|59173|3,1,108,132,25,59173108,59173132
1991|general|E04|59174|3,1,133,156,24,59174133,59174156
1991|general|E05|59175|3,1,157,240,84,59175157,59175240
1991|general|E06|59176|3,1,241,283,43,59176241,59176283
1991|general|E07|59177|3,1,284,303,20,59177284,59177303
1991|general|E08|59178|3,1,304,321,18,59178304,59178321
1991|general|E08|59178|3,2,331,363,33,59178331,59178363
1991|general|E09|59179|3,1,365,386,22,59179365,59179386
1991|general|E09|59179|3,2,389,390,2,59179389,59179390
1991|general|E10|59178|3,1,322,330,9,59178322,59178330
1991|general|E10|59179|3,1,387,388,2,59179387,59179388
1991|general|E11|59179|3,1,364,364,1,59179364,59179364
1991|key|E01|59131|3,1,10,12,3,59131010,59131012
1991|key|E01|59131|3,2,20,24,5,59131020,59131024
1991|key|E02|59132|3,1,30,34,5,59132030,59132034
1991|key|E03|59133|3,1,40,40,1,59133040,59133040
1991|key|E04|59134|3,1,50,53,4,59134050,59134053
1991|key|E05|59139|3,1,93,93,1,59139093,59139093
1991|key|E06|59136|3,1,60,63,4,59136060,59136063
1991|key|E07|59137|3,1,70,72,3,59137070,59137072
1991|key|E09|59139|3,1,90,92,3,59139090,59139092
1991|key|E10|59138|3,1,80,82,3,59138080,59138082
1991|regional|E01|59161|3,1,1,1,1,59161001,59161001
1991|regional|E02|59162|3,1,2,2,1,59162002,59162002
1991|regional|E03|59163|3,1,3,3,1,59163003,59163003
1991|regional|E04|59164|3,1,4,4,1,59164004,59164004
1991|regional|E05|59165|3,1,5,6,2,59165005,59165006
1991|regional|E06|59166|3,1,7,7,1,59166007,59166007
1991|regional|E08|59168|3,1,8,8,1,59168008,59168008
1991|regional|E09|59169|3,1,9,10,2,59169009,59169010
1991|special|E01|59141|3,1,4,4,1,59141004,59141004
1991|special|E01|59181|3,1,1,8,8,59181001,59181008
1991|special|E02|59142|3,1,6,6,1,59142006,59142006
1991|special|E02|59182|3,1,9,14,6,59182009,59182014
1991|special|E03|59183|3,1,15,19,5,59183015,59183019
1991|special|E05|59145|3,1,5,5,1,59145005,59145005
1991|special|E05|59185|3,1,20,24,5,59185020,59185024
1991|special|E06|59186|3,1,25,26,2,59186025,59186026
1991|special|E07|59187|3,1,27,27,1,59187027,59187027
1991|special|E08|59148|3,1,3,3,1,59148003,59148003
1991|special|E09|59149|3,1,1,2,2,59149001,59149002
1991|special|E09|59159|3,1,1,1,1,59159001,59159001
1991|youth_c|E01|59101|3,1,1,13,13,59101001,59101013
1991|youth_c|E02|59102|3,1,14,19,6,59102014,59102019
1991|youth_c|E03|59103|3,1,20,23,4,59103020,59103023
1991|youth_c|E04|59104|3,1,24,27,4,59104024,59104027
1991|youth_c|E05|59105|3,1,28,41,14,59105028,59105041
1991|youth_c|E06|59106|3,1,42,50,9,59106042,59106050
1991|youth_c|E07|59107|3,1,51,55,5,59107051,59107055
1991|youth_c|E08|59108|3,1,56,59,4,59108056,59108059
1991|youth_c|E08|59108|3,2,62,69,8,59108062,59108069
1991|youth_c|E09|59109|3,1,70,74,5,59109070,59109074
1991|youth_c|E09|59109|3,2,76,77,2,59109076,59109077
1991|youth_c|E10|59108|3,1,60,61,2,59108060,59108061
1991|youth_c|E10|59109|3,1,75,75,1,59109075,59109075
1992|general|E01|59271|3,1,1,63,63,59271001,59271063
1992|general|E02|59272|3,1,64,75,12,59272064,59272075
1992|general|E02|59272|3,2,77,104,28,59272077,59272104
1992|general|E03|59273|3,1,105,131,27,59273105,59273131
1992|general|E04|59274|3,1,132,156,25,59274132,59274156
1992|general|E05|59275|3,1,157,244,88,59275157,59275244
1992|general|E06|59276|3,1,245,290,46,59276245,59276290
1992|general|E07|59277|3,1,291,311,21,59277291,59277311
1992|general|E08|59278|3,1,313,329,17,59278313,59278329
1992|general|E08|59278|3,2,341,365,25,59278341,59278365
1992|general|E08|59278|3,3,367,369,3,59278367,59278369
1992|general|E09|59279|3,1,370,372,3,59279370,59279372
1992|general|E09|59279|3,2,374,395,22,59279374,59279395
1992|general|E09|59279|3,3,398,399,2,59279398,59279399
1992|general|E10|59278|3,1,312,312,1,59278312,59278312
1992|general|E10|59278|3,2,330,340,11,59278330,59278340
1992|general|E10|59279|3,1,396,397,2,59279396,59279397
1992|general|E11|59279|3,1,373,373,1,59279373,59279373
1992|key|E01|59231|3,1,10,13,4,59231010,59231013
1992|key|E01|59231|3,2,30,32,3,59231030,59231032
1992|key|E02|59232|3,1,40,43,4,59232040,59232043
1992|key|E03|59233|3,1,50,53,4,59233050,59233053
1992|key|E03|59233|3,2,60,63,4,59233060,59233063
1992|key|E04|59234|3,1,70,72,3,59234070,59234072
1992|key|E05|59235|3,1,80,82,3,59235080,59235082
1992|key|E05|59235|3,2,90,90,1,59235090,59235090
1992|key|E05|59235|3,3,100,102,3,59235100,59235102
1992|key|E05|59235|3,4,110,112,3,59235110,59235112
1992|key|E05|59235|3,5,120,123,4,59235120,59235123
1992|key|E06|59236|3,1,130,132,3,59236130,59236132
1992|key|E06|59236|3,2,140,143,4,59236140,59236143
1992|key|E08|59238|3,1,150,153,4,59238150,59238153
1992|key|E08|59238|3,2,160,163,4,59238160,59238163
1992|key|E09|59239|3,1,170,173,4,59239170,59239173
1992|regional|E01|59261|3,1,1,1,1,59261001,59261001
1992|regional|E04|59264|3,1,2,3,2,59264002,59264003
1992|regional|E05|59265|3,1,4,4,1,59265004,59265004
1992|regional|E06|59266|3,1,5,5,1,59266005,59266005
1992|regional|E07|59267|3,1,6,6,1,59267006,59267006
1992|regional|E09|59269|3,1,7,8,2,59269007,59269008
1992|special|E01|59223|3,1,1,1,1,59223001,59223001
1992|special|E01|59241|3,1,3,3,1,59241003,59241003
1992|special|E01|59241|3,2,8,8,1,59241008,59241008
1992|special|E01|59281|3,1,1,11,11,59281001,59281011
1992|special|E02|59242|3,1,4,6,3,59242004,59242006
1992|special|E02|59282|3,1,12,29,18,59282012,59282029
1992|special|E03|59243|3,1,2,2,1,59243002,59243002
1992|special|E03|59283|3,1,30,38,9,59283030,59283038
1992|special|E04|59244|3,1,7,7,1,59244007,59244007
1992|special|E05|59249|3,1,1,1,1,59249001,59249001
1992|special|E05|59285|3,1,39,45,7,59285039,59285045
1992|special|E06|59286|3,1,46,53,8,59286046,59286053
1992|youth_c|E01|59201|3,1,1,12,12,59201001,59201012
1992|youth_c|E02|59202|3,1,13,22,10,59202013,59202022
1992|youth_c|E03|59203|3,1,23,27,5,59203023,59203027
1992|youth_c|E04|59204|3,1,28,34,7,59204028,59204034
1992|youth_c|E05|59205|3,1,35,51,17,59205035,59205051
1992|youth_c|E06|59206|3,1,52,63,12,59206052,59206063
1992|youth_c|E07|59207|3,1,64,68,5,59207064,59207068
1992|youth_c|E08|59208|3,1,69,70,2,59208069,59208070
1992|youth_c|E08|59208|3,2,75,82,8,59208075,59208082
1992|youth_c|E09|59209|3,1,83,87,5,59209083,59209087
1992|youth_c|E09|59209|3,2,90,90,1,59209090,59209090
1992|youth_c|E10|59208|3,1,71,74,4,59208071,59208074
1992|youth_c|E10|59209|3,1,88,89,2,59209088,59209089
1993|general|E01|59371|3,1,1,74,74,59371001,59371074
1993|general|E02|59372|3,1,75,115,41,59372075,59372115
1993|general|E03|59373|3,1,116,131,16,59373116,59373131
1993|general|E03|59373|3,2,133,147,15,59373133,59373147
1993|general|E04|59374|3,1,148,170,23,59374148,59374170
1993|general|E05|59375|3,1,171,232,62,59375171,59375232
1993|general|E05|59375|3,2,234,260,27,59375234,59375260
1993|general|E05|59379|3,1,410,410,1,59379410,59379410
1993|general|E06|59376|3,1,261,308,48,59376261,59376308
1993|general|E07|59377|3,1,309,329,21,59377309,59377329
1993|general|E08|59378|3,1,330,340,11,59378330,59378340
1993|general|E08|59378|3,2,349,349,1,59378349,59378349
1993|general|E08|59378|3,3,351,382,32,59378351,59378382
1993|general|E09|59379|3,1,383,401,19,59379383,59379401
1993|general|E09|59379|3,2,405,409,5,59379405,59379409
1993|general|E10|59378|3,1,341,348,8,59378341,59378348
1993|general|E10|59378|3,2,350,350,1,59378350,59378350
1993|general|E10|59379|3,1,402,404,3,59379402,59379404
1993|key|E01|59331|3,1,10,13,4,59331010,59331013
1993|key|E01|59331|3,2,20,23,4,59331020,59331023
1993|key|E01|59331|3,3,40,43,4,59331040,59331043
1993|key|E01|59332|3,1,62,62,1,59332062,59332062
1993|key|E02|59332|3,1,50,52,3,59332050,59332052
1993|key|E02|59332|3,2,60,61,2,59332060,59332061
1993|key|E03|59333|3,1,70,72,3,59333070,59333072
1993|key|E03|59333|3,2,80,80,1,59333080,59333080
1993|key|E05|59332|3,1,63,63,1,59332063,59332063
1993|key|E05|59335|3,1,90,93,4,59335090,59335093
1993|key|E05|59335|3,2,100,102,3,59335100,59335102
1993|key|E05|59338|3,1,150,150,1,59338150,59338150
1993|key|E06|59336|3,1,110,113,4,59336110,59336113
1993|key|E08|59338|3,1,120,120,1,59338120,59338120
1993|key|E08|59338|3,2,130,130,1,59338130,59338130
1993|key|E08|59338|3,3,140,140,1,59338140,59338140
1993|key|E09|59339|3,1,160,162,3,59339160,59339162
1993|key|E09|59339|3,2,170,172,3,59339170,59339172
1993|regional|E01|59361|3,1,1,1,1,59361001,59361001
1993|regional|E02|59362|3,1,2,2,1,59362002,59362002
1993|regional|E03|59363|3,1,3,3,1,59363003,59363003
1993|regional|E05|59365|3,1,4,4,1,59365004,59365004
1993|regional|E06|59366|3,1,5,5,1,59366005,59366005
1993|regional|E08|59368|3,1,6,7,2,59368006,59368007
1993|regional|E09|59369|3,1,8,9,2,59369008,59369009
1993|special|E01|59341|3,1,1,3,3,59341001,59341003
1993|special|E01|59341|3,2,6,6,1,59341006,59341006
1993|special|E01|59341|3,3,9,9,1,59341009,59341009
1993|special|E01|59381|3,1,1,8,8,59381001,59381008
1993|special|E02|59323|3,1,1,1,1,59323001,59323001
1993|special|E02|59382|3,1,9,15,7,59382009,59382015
1993|special|E03|59343|3,1,7,7,1,59343007,59343007
1993|special|E03|59343|3,2,11,11,1,59343011,59343011
1993|special|E03|59383|3,1,16,20,5,59383016,59383020
1993|special|E05|59345|3,1,5,5,1,59345005,59345005
1993|special|E05|59345|3,2,8,8,1,59345008,59345008
1993|special|E05|59385|3,1,21,25,5,59385021,59385025
1993|special|E06|59386|3,1,26,29,4,59386026,59386029
1993|special|E07|59347|3,1,10,10,1,59347010,59347010
1993|special|E08|59348|3,1,4,4,1,59348004,59348004
1993|youth_c|E01|59301|3,1,1,9,9,59301001,59301009
1993|youth_c|E02|59302|3,1,10,21,12,59302010,59302021
1993|youth_c|E03|59303|3,1,22,26,5,59303022,59303026
1993|youth_c|E04|59304|3,1,27,32,6,59304027,59304032
1993|youth_c|E05|59305|3,1,33,51,19,59305033,59305051
1993|youth_c|E06|59306|3,1,52,63,12,59306052,59306063
1993|youth_c|E07|59307|3,1,64,70,7,59307064,59307070
1993|youth_c|E08|59308|3,1,71,75,5,59308071,59308075
1993|youth_c|E08|59308|3,2,78,84,7,59308078,59308084
1993|youth_c|E09|59309|3,1,85,92,8,59309085,59309092
1993|youth_c|E10|59308|3,1,76,77,2,59308076,59308077
1994|general|E01|59471|3,1,1,71,71,59471001,59471071
1994|general|E02|59472|3,1,1,41,41,59472001,59472041
1994|general|E03|59473|3,1,1,29,29,59473001,59473029
1994|general|E04|59474|3,1,1,27,27,59474001,59474027
1994|general|E05|59475|3,1,1,90,90,59475001,59475090
1994|general|E06|59476|3,1,1,47,47,59476001,59476047
1994|general|E07|59477|3,1,1,22,22,59477001,59477022
1994|general|E08|59478|3,1,1,11,11,59478001,59478011
1994|general|E08|59478|3,2,22,45,24,59478022,59478045
1994|general|E08|59478|3,3,47,52,6,59478047,59478052
1994|general|E09|59479|3,1,1,3,3,59479001,59479003
1994|general|E09|59479|3,2,5,19,15,59479005,59479019
1994|general|E09|59479|3,3,23,29,7,59479023,59479029
1994|general|E10|59478|3,1,12,21,10,59478012,59478021
1994|general|E10|59479|3,1,20,22,3,59479020,59479022
1994|general|E11|59479|3,1,4,4,1,59479004,59479004
1994|key|E01|59431|3,1,10,11,2,59431010,59431011
1994|key|E01|59431|3,2,20,22,3,59431020,59431022
1994|key|E01|59431|3,3,30,31,2,59431030,59431031
1994|key|E01|59431|3,4,40,40,1,59431040,59431040
1994|key|E02|59432|3,1,50,53,4,59432050,59432053
1994|key|E02|59432|3,2,60,62,3,59432060,59432062
1994|key|E03|59433|3,1,70,72,3,59433070,59433072
1994|key|E04|59434|3,1,80,83,4,59434080,59434083
1994|key|E05|59435|3,1,90,92,3,59435090,59435092
1994|key|E06|59431|3,1,12,13,2,59431012,59431013
1994|key|E06|59431|3,2,32,32,1,59431032,59431032
1994|key|E07|59437|3,1,100,100,1,59437100,59437100
1994|key|E07|59437|3,2,110,110,1,59437110,59437110
1994|regional|E01|59461|3,1,1,2,2,59461001,59461002
1994|regional|E02|59462|3,1,1,1,1,59462001,59462001
1994|regional|E03|59463|3,1,1,1,1,59463001,59463001
1994|regional|E05|59465|3,1,1,1,1,59465001,59465001
1994|regional|E06|59466|3,1,1,1,1,59466001,59466001
1994|regional|E08|59468|3,1,1,1,1,59468001,59468001
1994|regional|E09|59469|3,1,1,2,2,59469001,59469002
1994|special|E01|59441|3,1,1,1,1,59441001,59441001
1994|special|E01|59441|3,2,9,10,2,59441009,59441010
1994|special|E01|59441|3,3,14,14,1,59441014,59441014
1994|special|E01|59481|3,1,1,7,7,59481001,59481007
1994|special|E02|59442|3,1,6,6,1,59442006,59442006
1994|special|E02|59442|3,2,17,17,1,59442017,59442017
1994|special|E02|59482|3,1,1,9,9,59482001,59482009
1994|special|E03|59443|3,1,5,5,1,59443005,59443005
1994|special|E03|59443|3,2,11,11,1,59443011,59443011
1994|special|E03|59443|3,3,18,18,1,59443018,59443018
1994|special|E03|59483|3,1,1,6,6,59483001,59483006
1994|special|E04|59444|3,1,2,2,1,59444002,59444002
1994|special|E05|59445|3,1,12,13,2,59445012,59445013
1994|special|E05|59445|3,2,15,15,1,59445015,59445015
1994|special|E05|59485|3,1,1,5,5,59485001,59485005
1994|special|E06|59446|3,1,16,16,1,59446016,59446016
1994|special|E06|59486|3,1,1,5,5,59486001,59486005
1994|special|E08|59448|3,1,4,4,1,59448004,59448004
1994|special|E08|59448|3,2,19,19,1,59448019,59448019
1994|special|E09|59449|3,1,3,3,1,59449003,59449003
1994|special|E09|59449|3,2,7,8,2,59449007,59449008
1994|youth_c|E01|59401|3,1,1,14,14,59401001,59401014
1994|youth_c|E02|59402|3,1,1,12,12,59402001,59402012
1994|youth_c|E03|59403|3,1,1,6,6,59403001,59403006
1994|youth_c|E04|59404|3,1,1,6,6,59404001,59404006
1994|youth_c|E05|59405|3,1,1,19,19,59405001,59405019
1994|youth_c|E06|59406|3,1,1,12,12,59406001,59406012
1994|youth_c|E07|59407|3,1,1,7,7,59407001,59407007
1994|youth_c|E08|59408|3,1,1,2,2,59408001,59408002
1994|youth_c|E08|59408|3,2,5,13,9,59408005,59408013
1994|youth_c|E09|59409|3,1,1,1,1,59409001,59409001
1994|youth_c|E09|59409|3,2,3,6,4,59409003,59409006
1994|youth_c|E10|59408|3,1,3,4,2,59408003,59408004
1994|youth_c|E10|59409|3,1,7,8,2,59409007,59409008
1995|general|E01|59571|3,1,1,67,67,59571001,59571067
1995|general|E02|59572|3,1,1,42,42,59572001,59572042
1995|general|E03|59573|3,1,1,30,30,59573001,59573030
1995|general|E04|59574|3,1,1,34,34,59574001,59574034
1995|general|E05|59575|3,1,1,91,91,59575001,59575091
1995|general|E05|59579|3,1,29,29,1,59579029,59579029
1995|general|E06|59576|3,1,1,47,47,59576001,59576047
1995|general|E07|59577|3,1,2,25,24,59577002,59577025
1995|general|E08|59578|3,1,1,12,12,59578001,59578012
1995|general|E08|59578|3,2,23,53,31,59578023,59578053
1995|general|E09|59579|3,1,1,1,1,59579001,59579001
1995|general|E09|59579|3,2,3,20,18,59579003,59579020
1995|general|E09|59579|3,3,23,28,6,59579023,59579028
1995|general|E10|59578|3,1,13,22,10,59578013,59578022
1995|general|E10|59579|3,1,21,22,2,59579021,59579022
1995|general|E11|59579|3,1,2,2,1,59579002,59579002
1995|regional|E01|59561|3,1,1,1,1,59561001,59561001
1995|regional|E02|59562|3,1,1,1,1,59562001,59562001
1995|regional|E03|59563|3,1,1,1,1,59563001,59563001
1995|regional|E04|59564|3,1,1,1,1,59564001,59564001
1995|regional|E05|59565|3,1,1,2,2,59565001,59565002
1995|regional|E06|59566|3,1,1,1,1,59566001,59566001
1995|regional|E07|59567|3,1,1,1,1,59567001,59567001
1995|regional|E08|59568|3,1,1,1,1,59568001,59568001
1995|regional|E09|59569|3,1,1,1,1,59569001,59569001
1995|special|E01|59541|3,1,3,4,2,59541003,59541004
1995|special|E01|59541|3,2,8,9,2,59541008,59541009
1995|special|E01|59551|3,1,1,1,1,59551001,59551001
1995|special|E01|59581|3,1,1,6,6,59581001,59581006
1995|special|E02|59542|3,1,1,1,1,59542001,59542001
1995|special|E02|59582|3,1,1,12,12,59582001,59582012
1995|special|E03|59543|3,1,2,2,1,59543002,59543002
1995|special|E03|59543|3,2,5,6,2,59543005,59543006
1995|special|E03|59543|3,3,11,11,1,59543011,59543011
1995|special|E03|59583|3,1,1,5,5,59583001,59583005
1995|special|E04|59544|3,1,10,10,1,59544010,59544010
1995|special|E05|59585|3,1,1,6,6,59585001,59585006
1995|special|E06|59546|3,1,7,7,1,59546007,59546007
1995|special|E06|59586|3,1,1,5,5,59586001,59586005
1995|youth_c|E01|59501|3,1,1,15,15,59501001,59501015
1995|youth_c|E02|59502|3,1,1,5,5,59502001,59502005
1995|youth_c|E02|59502|3,2,7,10,4,59502007,59502010
1995|youth_c|E03|59503|3,1,1,8,8,59503001,59503008
1995|youth_c|E04|59504|3,1,1,8,8,59504001,59504008
1995|youth_c|E05|59505|3,1,1,22,22,59505001,59505022
1995|youth_c|E06|59506|3,1,1,13,13,59506001,59506013
1995|youth_c|E07|59507|3,1,1,2,2,59507001,59507002
1995|youth_c|E07|59507|3,2,4,7,4,59507004,59507007
1995|youth_c|E08|59508|3,1,1,3,3,59508001,59508003
1995|youth_c|E08|59508|3,2,7,14,8,59508007,59508014
1995|youth_c|E09|59509|3,1,1,4,4,59509001,59509004
1995|youth_c|E09|59509|3,2,6,8,3,59509006,59509008
1995|youth_c|E10|59508|3,1,4,6,3,59508004,59508006
1995|youth_c|E10|59509|3,1,5,5,1,59509005,59509005
1996|general|E01|59671|3,1,1,67,67,59671001,59671067
1996|general|E02|59672|3,1,1,43,43,59672001,59672043
1996|general|E03|59673|3,1,1,30,30,59673001,59673030
1996|general|E04|59674|3,1,2,35,34,59674002,59674035
1996|general|E05|59675|3,1,1,89,89,59675001,59675089
1996|general|E06|59676|3,1,1,47,47,59676001,59676047
1996|general|E07|59677|3,1,1,24,24,59677001,59677024
1996|general|E08|59678|3,1,1,14,14,59678001,59678014
1996|general|E08|59678|3,2,25,54,30,59678025,59678054
1996|general|E09|59679|3,1,1,21,21,59679001,59679021
1996|general|E09|59679|3,2,25,29,5,59679025,59679029
1996|general|E10|59678|3,1,15,24,10,59678015,59678024
1996|general|E10|59679|3,1,22,24,3,59679022,59679024
1996|key|E01|59631|3,1,60,60,1,59631060,59631060
1996|key|E01|59631|3,2,70,70,1,59631070,59631070
1996|key|E01|59631|3,3,80,80,1,59631080,59631080
1996|key|E02|59632|3,1,10,10,1,59632010,59632010
1996|key|E02|59632|3,2,90,90,1,59632090,59632090
1996|key|E02|59632|3,3,100,100,1,59632100,59632100
1996|key|E03|59633|3,1,20,20,1,59633020,59633020
1996|key|E03|59633|3,2,110,110,1,59633110,59633110
1996|key|E04|59634|3,1,30,30,1,59634030,59634030
1996|key|E04|59634|3,2,120,120,1,59634120,59634120
1996|key|E04|59634|3,3,130,130,1,59634130,59634130
1996|key|E05|59635|3,1,40,40,1,59635040,59635040
1996|key|E05|59635|3,2,140,140,1,59635140,59635140
1996|key|E05|59635|3,3,150,150,1,59635150,59635150
1996|key|E05|59635|3,4,160,160,1,59635160,59635160
1996|key|E05|59635|3,5,170,170,1,59635170,59635170
1996|key|E06|59636|3,1,180,180,1,59636180,59636180
1996|key|E06|59636|3,2,190,190,1,59636190,59636190
1996|key|E07|59637|3,1,50,50,1,59637050,59637050
1996|key|E07|59637|3,2,200,200,1,59637200,59637200
1996|key|E08|59638|3,1,210,210,1,59638210,59638210
1996|key|E08|59638|3,2,220,220,1,59638220,59638220
1996|key|E08|59638|3,3,230,230,1,59638230,59638230
1996|key|E09|59639|3,1,250,250,1,59639250,59639250
1996|key|E10|59639|3,1,240,240,1,59639240,59639240
1996|regional|E01|59661|3,1,1,2,2,59661001,59661002
1996|regional|E02|59662|3,1,1,1,1,59662001,59662001
1996|regional|E05|59665|3,1,1,2,2,59665001,59665002
1996|regional|E06|59666|3,1,1,1,1,59666001,59666001
1996|regional|E07|59667|3,1,1,1,1,59667001,59667001
1996|regional|E09|59669|3,1,1,2,2,59669001,59669002
1996|regional|E10|59668|3,1,1,2,2,59668001,59668002
1996|special|E01|59641|3,1,5,5,1,59641005,59641005
1996|special|E01|59681|3,1,1,7,7,59681001,59681007
1996|special|E02|59642|3,1,3,4,2,59642003,59642004
1996|special|E02|59642|3,2,6,6,1,59642006,59642006
1996|special|E02|59682|3,1,1,9,9,59682001,59682009
1996|special|E03|59643|3,1,7,7,1,59643007,59643007
1996|special|E03|59683|3,1,1,5,5,59683001,59683005
1996|special|E05|59685|3,1,1,4,4,59685001,59685004
1996|special|E06|59686|3,1,2,5,4,59686002,59686005
1996|special|E07|59686|3,1,1,1,1,59686001,59686001
1996|special|E08|59648|3,1,1,1,1,59648001,59648001
1996|special|E09|59649|3,1,2,2,1,59649002,59649002
1996|special|E09|59649|3,2,8,8,1,59649008,59649008
1996|youth_c|E01|59601|3,1,1,2,2,59601001,59601002
1996|youth_c|E01|59601|3,2,4,14,11,59601004,59601014
1996|youth_c|E02|59602|3,1,1,12,12,59602001,59602012
1996|youth_c|E03|59603|3,1,1,7,7,59603001,59603007
1996|youth_c|E04|59604|3,1,1,8,8,59604001,59604008
1996|youth_c|E05|59605|3,1,1,22,22,59605001,59605022
1996|youth_c|E06|59606|3,1,1,13,13,59606001,59606013
1996|youth_c|E07|59607|3,1,1,7,7,59607001,59607007
1996|youth_c|E08|59608|3,1,2,3,2,59608002,59608003
1996|youth_c|E08|59608|3,2,5,14,10,59608005,59608014
1996|youth_c|E09|59609|3,1,1,8,8,59609001,59609008
1996|youth_c|E10|59608|3,1,4,4,1,59608004,59608004
1997|general|E01|59771|3,1,1,70,70,59771001,59771070
1997|general|E02|59772|3,1,1,43,43,59772001,59772043
1997|general|E03|59773|3,1,1,30,30,59773001,59773030
1997|general|E04|59774|3,1,1,35,35,59774001,59774035
1997|general|E05|59775|3,1,1,90,90,59775001,59775090
1997|general|E06|59776|3,1,1,49,49,59776001,59776049
1997|general|E07|59777|3,1,1,25,25,59777001,59777025
1997|general|E08|59778|3,1,1,1,1,59778001,59778001
1997|general|E08|59778|3,2,3,15,13,59778003,59778015
1997|general|E08|59778|3,3,25,55,31,59778025,59778055
1997|general|E09|59778|3,1,2,2,1,59778002,59778002
1997|general|E09|59779|3,1,3,19,17,59779003,59779019
1997|general|E09|59779|3,2,25,30,6,59779025,59779030
1997|general|E10|59778|3,1,16,24,9,59778016,59778024
1997|general|E10|59779|3,1,20,24,5,59779020,59779024
1997|general|E11|59779|3,1,1,2,2,59779001,59779002
1997|key|E01|59731|3,1,10,10,1,59731010,59731010
1997|key|E01|59731|3,2,20,20,1,59731020,59731020
1997|key|E01|59731|3,3,30,30,1,59731030,59731030
1997|key|E02|59732|3,1,40,40,1,59732040,59732040
1997|key|E02|59732|3,2,50,50,1,59732050,59732050
1997|key|E03|59733|3,1,60,60,1,59733060,59733060
1997|key|E03|59733|3,2,70,70,1,59733070,59733070
1997|key|E04|59734|3,1,80,80,1,59734080,59734080
1997|key|E04|59734|3,2,90,90,1,59734090,59734090
1997|key|E05|59735|3,1,100,100,1,59735100,59735100
1997|key|E05|59735|3,2,110,110,1,59735110,59735110
1997|key|E05|59735|3,3,120,120,1,59735120,59735120
1997|key|E06|59736|3,1,130,130,1,59736130,59736130
1997|key|E07|59737|3,1,140,140,1,59737140,59737140
1997|key|E08|59738|3,1,160,160,1,59738160,59738160
1997|key|E09|59739|3,1,170,170,1,59739170,59739170
1997|key|E09|59739|3,2,180,180,1,59739180,59739180
1997|key|E10|59738|3,1,150,150,1,59738150,59738150
1997|regional|E01|59761|3,1,1,1,1,59761001,59761001
1997|regional|E02|59762|3,1,1,2,2,59762001,59762002
1997|regional|E03|59763|3,1,1,2,2,59763001,59763002
1997|regional|E04|59764|3,1,1,2,2,59764001,59764002
1997|regional|E05|59765|3,1,1,1,1,59765001,59765001
1997|regional|E06|59766|3,1,1,1,1,59766001,59766001
1997|regional|E08|59768|3,1,1,1,1,59768001,59768001
1997|regional|E09|59769|3,1,1,2,2,59769001,59769002
1997|special|E01|59781|3,1,1,5,5,59781001,59781005
1997|special|E02|59742|3,1,4,4,1,59742004,59742004
1997|special|E02|59782|3,1,1,9,9,59782001,59782009
1997|special|E02|59789|3,1,201,201,1,59789201,59789201
1997|special|E03|59783|3,1,1,7,7,59783001,59783007
1997|special|E05|59785|3,1,1,6,6,59785001,59785006
1997|special|E05|59789|3,1,502,502,1,59789502,59789502
1997|special|E06|59786|3,1,1,1,1,59786001,59786001
1997|special|E06|59786|3,2,5,5,1,59786005,59786005
1997|special|E07|59747|3,1,2,2,1,59747002,59747002
1997|special|E08|59748|3,1,1,1,1,59748001,59748001
1997|special|E08|59748|3,2,3,3,1,59748003,59748003
1997|youth_c|E01|59701|3,1,1,3,3,59701001,59701003
1997|youth_c|E01|59701|3,2,5,13,9,59701005,59701013
1997|youth_c|E02|59702|3,1,1,13,13,59702001,59702013
1997|youth_c|E03|59703|3,1,1,8,8,59703001,59703008
1997|youth_c|E04|59704|3,1,1,8,8,59704001,59704008
1997|youth_c|E05|59705|3,1,1,22,22,59705001,59705022
1997|youth_c|E06|59706|3,1,1,5,5,59706001,59706005
1997|youth_c|E06|59706|3,2,7,12,6,59706007,59706012
1997|youth_c|E07|59707|3,1,1,7,7,59707001,59707007
1997|youth_c|E08|59708|3,1,1,4,4,59708001,59708004
1997|youth_c|E08|59708|3,2,7,14,8,59708007,59708014
1997|youth_c|E09|59709|3,1,1,8,8,59709001,59709008
1997|youth_c|E10|59708|3,1,5,6,2,59708005,59708006
1998|general|E01|59871|3,1,1,67,67,59871001,59871067
1998|general|E02|59872|3,1,1,50,50,59872001,59872050
1998|general|E03|59873|3,1,1,30,30,59873001,59873030
1998|general|E04|59874|3,1,1,34,34,59874001,59874034
1998|general|E05|59875|3,1,1,91,91,59875001,59875091
1998|general|E06|59876|3,1,1,41,41,59876001,59876041
1998|general|E06|59876|3,2,43,48,6,59876043,59876048
1998|general|E07|59877|3,1,1,25,25,59877001,59877025
1998|general|E08|59878|3,1,1,11,11,59878001,59878011
1998|general|E08|59878|3,2,13,15,3,59878013,59878015
1998|general|E08|59878|3,3,17,19,3,59878017,59878019
1998|general|E08|59878|3,4,21,23,3,59878021,59878023
1998|general|E08|59878|3,5,26,29,4,59878026,59878029
1998|general|E08|59878|3,6,31,32,2,59878031,59878032
1998|general|E08|59878|3,7,34,35,2,59878034,59878035
1998|general|E08|59878|3,8,37,41,5,59878037,59878041
1998|general|E08|59878|3,9,43,46,4,59878043,59878046
1998|general|E08|59878|3,10,48,50,3,59878048,59878050
1998|general|E08|59878|3,11,52,57,6,59878052,59878057
1998|general|E09|59879|3,1,1,8,8,59879001,59879008
1998|general|E09|59879|3,2,11,18,8,59879011,59879018
1998|general|E09|59879|3,3,20,25,6,59879020,59879025
1998|general|E09|59879|3,4,27,28,2,59879027,59879028
1998|general|E10|59878|3,1,12,12,1,59878012,59878012
1998|general|E10|59878|3,2,16,16,1,59878016,59878016
1998|general|E10|59878|3,3,20,20,1,59878020,59878020
1998|general|E10|59878|3,4,24,25,2,59878024,59878025
1998|general|E10|59878|3,5,30,30,1,59878030,59878030
1998|general|E10|59878|3,6,33,33,1,59878033,59878033
1998|general|E10|59878|3,7,36,36,1,59878036,59878036
1998|general|E10|59878|3,8,42,42,1,59878042,59878042
1998|general|E10|59878|3,9,47,47,1,59878047,59878047
1998|general|E10|59878|3,10,51,51,1,59878051,59878051
1998|general|E10|59879|3,1,9,10,2,59879009,59879010
1998|general|E10|59879|3,2,19,19,1,59879019,59879019
1998|general|E10|59879|3,3,26,26,1,59879026,59879026
1998|general|E10|59879|3,4,29,29,1,59879029,59879029
1998|key|E01|59831|3,1,10,10,1,59831010,59831010
1998|key|E01|59831|3,2,20,20,1,59831020,59831020
1998|key|E01|59831|3,3,30,30,1,59831030,59831030
1998|key|E02|59832|3,1,50,50,1,59832050,59832050
1998|key|E02|59832|3,2,60,60,1,59832060,59832060
1998|key|E02|59832|3,3,70,70,1,59832070,59832070
1998|key|E02|59832|3,4,80,80,1,59832080,59832080
1998|key|E02|59832|3,5,90,90,1,59832090,59832090
1998|key|E02|59832|3,6,100,100,1,59832100,59832100
1998|key|E03|59833|3,1,110,110,1,59833110,59833110
1998|key|E03|59833|3,2,120,120,1,59833120,59833120
1998|key|E03|59833|3,3,130,130,1,59833130,59833130
1998|key|E03|59833|3,4,140,140,1,59833140,59833140
1998|key|E04|59834|3,1,150,150,1,59834150,59834150
1998|key|E05|59835|3,1,160,160,1,59835160,59835160
1998|key|E05|59835|3,2,170,170,1,59835170,59835170
1998|key|E05|59835|3,3,180,180,1,59835180,59835180
1998|key|E05|59835|3,4,190,190,1,59835190,59835190
1998|key|E05|59835|3,5,200,200,1,59835200,59835200
1998|key|E06|59836|3,1,210,210,1,59836210,59836210
1998|key|E06|59836|3,2,220,220,1,59836220,59836220
1998|key|E06|59836|3,3,230,230,1,59836230,59836230
1998|key|E06|59836|3,4,240,240,1,59836240,59836240
1998|key|E06|59836|3,5,250,250,1,59836250,59836250
1998|key|E07|59837|3,1,260,260,1,59837260,59837260
1998|key|E07|59837|3,2,270,270,1,59837270,59837270
1998|key|E08|59838|3,1,280,280,1,59838280,59838280
1998|key|E08|59838|3,2,290,290,1,59838290,59838290
1998|key|E08|59838|3,3,310,310,1,59838310,59838310
1998|key|E09|59839|3,1,320,320,1,59839320,59839320
1998|key|E10|59838|3,1,300,300,1,59838300,59838300
1998|key|E10|59839|3,1,330,330,1,59839330,59839330
1998|regional|E01|59861|3,1,1,2,2,59861001,59861002
1998|regional|E02|59862|3,1,1,2,2,59862001,59862002
1998|regional|E03|59863|3,1,1,2,2,59863001,59863002
1998|regional|E04|59864|3,1,1,2,2,59864001,59864002
1998|regional|E05|59865|3,1,1,1,1,59865001,59865001
1998|regional|E06|59866|3,1,1,1,1,59866001,59866001
1998|regional|E07|59867|3,1,1,1,1,59867001,59867001
1998|regional|E08|59868|3,1,1,2,2,59868001,59868002
1998|regional|E08|59869|3,1,2,2,1,59869002,59869002
1998|regional|E09|59869|3,1,1,1,1,59869001,59869001
1998|special|E01|59823|3,1,1,1,1,59823001,59823001
1998|special|E01|59841|3,1,4,4,1,59841004,59841004
1998|special|E01|59841|3,2,7,7,1,59841007,59841007
1998|special|E01|59881|3,1,1,6,6,59881001,59881006
1998|special|E01|59889|3,1,101,102,2,59889101,59889102
1998|special|E02|59823|3,1,3,3,1,59823003,59823003
1998|special|E02|59842|3,1,1,1,1,59842001,59842001
1998|special|E02|59882|3,1,1,7,7,59882001,59882007
1998|special|E02|59889|3,1,203,203,1,59889203,59889203
1998|special|E03|59843|3,1,8,8,1,59843008,59843008
1998|special|E03|59883|3,1,1,4,4,59883001,59883004
1998|special|E05|59885|3,1,1,6,6,59885001,59885006
1998|special|E05|59889|3,1,504,505,2,59889504,59889505
1998|special|E06|59846|3,1,2,2,1,59846002,59846002
1998|special|E06|59846|3,2,6,6,1,59846006,59846006
1998|special|E06|59886|3,1,1,3,3,59886001,59886003
1998|special|E06|59889|3,1,606,606,1,59889606,59889606
1998|special|E08|59823|3,1,2,2,1,59823002,59823002
1998|special|E09|59849|3,1,5,5,1,59849005,59849005
1998|youth_c|E01|59801|3,1,1,13,13,59801001,59801013
1998|youth_c|E02|59802|3,1,1,12,12,59802001,59802012
1998|youth_c|E03|59803|3,1,1,8,8,59803001,59803008
1998|youth_c|E04|59804|3,1,1,9,9,59804001,59804009
1998|youth_c|E05|59805|3,1,1,22,22,59805001,59805022
1998|youth_c|E06|59806|3,1,1,1,1,59806001,59806001
1998|youth_c|E06|59806|3,2,3,3,1,59806003,59806003
1998|youth_c|E06|59806|3,3,5,14,10,59806005,59806014
1998|youth_c|E07|59807|3,1,1,2,2,59807001,59807002
1998|youth_c|E07|59807|3,2,4,7,4,59807004,59807007
1998|youth_c|E08|59808|3,1,1,11,11,59808001,59808011
1998|youth_c|E08|59808|3,2,13,13,1,59808013,59808013
1998|youth_c|E09|59809|3,1,2,8,7,59809002,59809008
1998|youth_c|E10|59808|3,1,12,12,1,59808012,59808012
1998|youth_c|E11|59809|3,1,1,1,1,59809001,59809001
1999|general|E01|59971|3,1,1,67,67,59971001,59971067
1999|general|E02|59972|3,1,1,45,45,59972001,59972045
1999|general|E03|59973|3,1,1,28,28,59973001,59973028
1999|general|E04|59974|3,1,1,35,35,59974001,59974035
1999|general|E05|59975|3,1,1,72,72,59975001,59975072
1999|general|E05|59975|3,2,74,89,16,59975074,59975089
1999|general|E06|59976|3,1,1,47,47,59976001,59976047
1999|general|E07|59977|3,1,1,24,24,59977001,59977024
1999|general|E08|59978|3,1,1,6,6,59978001,59978006
1999|general|E08|59978|3,2,8,10,3,59978008,59978010
1999|general|E08|59978|3,3,13,15,3,59978013,59978015
1999|general|E08|59978|3,4,17,19,3,59978017,59978019
1999|general|E08|59978|3,5,21,32,12,59978021,59978032
1999|general|E08|59978|3,6,34,39,6,59978034,59978039
1999|general|E08|59978|3,7,41,49,9,59978041,59978049
1999|general|E08|59978|3,8,52,52,1,59978052,59978052
1999|general|E08|59978|3,9,55,55,1,59978055,59978055
1999|general|E09|59979|3,1,1,3,3,59979001,59979003
1999|general|E09|59979|3,2,5,5,1,59979005,59979005
1999|general|E09|59979|3,3,7,12,6,59979007,59979012
1999|general|E09|59979|3,4,16,21,6,59979016,59979021
1999|general|E09|59979|3,5,23,24,2,59979023,59979024
1999|general|E09|59979|3,6,26,29,4,59979026,59979029
1999|general|E10|59978|3,1,7,7,1,59978007,59978007
1999|general|E10|59978|3,2,11,12,2,59978011,59978012
1999|general|E10|59978|3,3,16,16,1,59978016,59978016
1999|general|E10|59978|3,4,20,20,1,59978020,59978020
1999|general|E10|59978|3,5,33,33,1,59978033,59978033
1999|general|E10|59978|3,6,40,40,1,59978040,59978040
1999|general|E10|59978|3,7,50,51,2,59978050,59978051
1999|general|E10|59978|3,8,53,54,2,59978053,59978054
1999|general|E10|59979|3,1,6,6,1,59979006,59979006
1999|general|E10|59979|3,2,13,14,2,59979013,59979014
1999|general|E10|59979|3,3,22,22,1,59979022,59979022
1999|general|E11|59979|3,1,4,4,1,59979004,59979004
1999|general|E11|59979|3,2,15,15,1,59979015,59979015
1999|general|E11|59979|3,3,25,25,1,59979025,59979025
1999|key|E01|59931|3,1,10,10,1,59931010,59931010
1999|key|E01|59931|3,2,20,20,1,59931020,59931020
1999|key|E01|59931|3,3,30,30,1,59931030,59931030
1999|key|E02|59932|3,1,40,40,1,59932040,59932040
1999|key|E02|59932|3,2,50,50,1,59932050,59932050
1999|key|E02|59932|3,3,200,200,1,59932200,59932200
1999|key|E03|59933|3,1,60,60,1,59933060,59933060
1999|key|E03|59933|3,2,70,70,1,59933070,59933070
1999|key|E04|59934|3,1,80,80,1,59934080,59934080
1999|key|E04|59934|3,2,90,90,1,59934090,59934090
1999|key|E05|59935|3,1,100,100,1,59935100,59935100
1999|key|E05|59935|3,2,110,110,1,59935110,59935110
1999|key|E05|59935|3,3,120,120,1,59935120,59935120
1999|key|E06|59936|3,1,130,130,1,59936130,59936130
1999|key|E06|59936|3,2,140,140,1,59936140,59936140
1999|key|E07|59937|3,1,150,150,1,59937150,59937150
1999|key|E07|59937|3,2,160,160,1,59937160,59937160
1999|key|E08|59938|3,1,170,170,1,59938170,59938170
1999|key|E08|59938|3,2,180,180,1,59938180,59938180
1999|key|E09|59939|3,1,190,190,1,59939190,59939190
1999|regional|E01|59961|3,1,1,2,2,59961001,59961002
1999|regional|E02|59962|3,1,1,1,1,59962001,59962001
1999|regional|E03|59963|3,1,1,1,1,59963001,59963001
1999|regional|E04|59964|3,1,1,2,2,59964001,59964002
1999|regional|E05|59965|3,1,1,3,3,59965001,59965003
1999|regional|E06|59966|3,1,1,2,2,59966001,59966002
1999|regional|E07|59967|3,1,1,1,1,59967001,59967001
1999|regional|E08|59968|3,1,1,2,2,59968001,59968002
1999|regional|E09|59969|3,1,1,1,1,59969001,59969001
1999|special|E01|59920|3,1,31,32,2,59920031,59920032
1999|special|E01|59941|3,1,2,2,1,59941002,59941002
1999|special|E01|59981|3,1,1,5,5,59981001,59981005
1999|special|E01|59989|3,1,101,101,1,59989101,59989101
1999|special|E02|59920|3,1,34,36,3,59920034,59920036
1999|special|E02|59942|3,1,5,5,1,59942005,59942005
1999|special|E02|59942|3,2,9,9,1,59942009,59942009
1999|special|E02|59982|3,1,1,8,8,59982001,59982008
1999|special|E03|59920|3,1,33,33,1,59920033,59920033
1999|special|E03|59943|3,1,1,1,1,59943001,59943001
1999|special|E03|59953|3,1,1,1,1,59953001,59953001
1999|special|E03|59983|3,1,1,4,4,59983001,59983004
1999|special|E05|59945|3,1,3,3,1,59945003,59945003
1999|special|E05|59945|3,2,7,7,1,59945007,59945007
1999|special|E05|59985|3,1,1,7,7,59985001,59985007
1999|special|E06|59986|3,1,1,1,1,59986001,59986001
1999|special|E06|59986|3,2,3,4,2,59986003,59986004
1999|special|E07|59920|3,1,37,37,1,59920037,59920037
1999|special|E07|59947|3,1,4,4,1,59947004,59947004
1999|special|E07|59947|3,2,6,6,1,59947006,59947006
1999|special|E09|59949|3,1,10,10,1,59949010,59949010
1999|special|E10|59948|3,1,8,8,1,59948008,59948008
1999|youth_c|E01|59901|3,1,1,13,13,59901001,59901013
1999|youth_c|E02|59902|3,1,1,13,13,59902001,59902013
1999|youth_c|E03|59903|3,1,1,8,8,59903001,59903008
1999|youth_c|E04|59904|3,1,1,8,8,59904001,59904008
1999|youth_c|E05|59905|3,1,1,8,8,59905001,59905008
1999|youth_c|E05|59905|3,2,10,24,15,59905010,59905024
1999|youth_c|E06|59906|3,1,1,14,14,59906001,59906014
1999|youth_c|E07|59907|3,1,1,5,5,59907001,59907005
1999|youth_c|E08|59908|3,1,1,3,3,59908001,59908003
1999|youth_c|E08|59908|3,2,5,5,1,59908005,59908005
1999|youth_c|E08|59908|3,3,7,15,9,59908007,59908015
1999|youth_c|E09|59909|3,1,2,2,1,59909002,59909002
1999|youth_c|E09|59909|3,2,4,4,1,59909004,59909004
1999|youth_c|E09|59909|3,3,6,8,3,59909006,59909008
1999|youth_c|E10|59908|3,1,4,4,1,59908004,59908004
1999|youth_c|E10|59908|3,2,6,6,1,59908006,59908006
1999|youth_c|E10|59909|3,1,3,3,1,59909003,59909003
1999|youth_c|E11|59909|3,1,1,1,1,59909001,59909001
1999|youth_c|E11|59909|3,2,5,5,1,59909005,59909005
2000|general|E01|50071|3,1,1,69,69,50071001,50071069
2000|general|E02|50072|3,1,1,46,46,50072001,50072046
2000|general|E03|50073|3,1,1,30,30,50073001,50073030
2000|general|E04|50074|3,1,1,36,36,50074001,50074036
2000|general|E05|50075|3,1,1,91,91,50075001,50075091
2000|general|E06|50076|3,1,1,48,48,50076001,50076048
2000|general|E07|50077|3,1,1,27,27,50077001,50077027
2000|general|E08|50078|3,1,1,16,16,50078001,50078016
2000|general|E08|50078|3,2,18,21,4,50078018,50078021
2000|general|E08|50078|3,3,23,25,3,50078023,50078025
2000|general|E08|50078|3,4,28,33,6,50078028,50078033
2000|general|E08|50078|3,5,35,38,4,50078035,50078038
2000|general|E08|50078|3,6,40,42,3,50078040,50078042
2000|general|E08|50078|3,7,44,47,4,50078044,50078047
2000|general|E08|50078|3,8,49,50,2,50078049,50078050
2000|general|E08|50078|3,9,54,55,2,50078054,50078055
2000|general|E09|50079|3,1,2,9,8,50079002,50079009
2000|general|E09|50079|3,2,11,12,2,50079011,50079012
2000|general|E09|50079|3,3,14,14,1,50079014,50079014
2000|general|E09|50079|3,4,16,18,3,50079016,50079018
2000|general|E09|50079|3,5,20,21,2,50079020,50079021
2000|general|E09|50079|3,6,23,32,10,50079023,50079032
2000|general|E10|50078|3,1,17,17,1,50078017,50078017
2000|general|E10|50078|3,2,22,22,1,50078022,50078022
2000|general|E10|50078|3,3,26,27,2,50078026,50078027
2000|general|E10|50078|3,4,34,34,1,50078034,50078034
2000|general|E10|50078|3,5,39,39,1,50078039,50078039
2000|general|E10|50078|3,6,43,43,1,50078043,50078043
2000|general|E10|50078|3,7,48,48,1,50078048,50078048
2000|general|E10|50078|3,8,51,53,3,50078051,50078053
2000|general|E10|50079|3,1,10,10,1,50079010,50079010
2000|general|E10|50079|3,2,13,13,1,50079013,50079013
2000|general|E10|50079|3,3,19,19,1,50079019,50079019
2000|general|E10|50079|3,4,22,22,1,50079022,50079022
2000|general|E11|50079|3,1,1,1,1,50079001,50079001
2000|general|E11|50079|3,2,15,15,1,50079015,50079015
2000|key|E01|50031|3,1,10,10,1,50031010,50031010
2000|key|E02|50032|3,1,10,10,1,50032010,50032010
2000|key|E02|50032|3,2,20,20,1,50032020,50032020
2000|key|E03|50033|3,1,10,10,1,50033010,50033010
2000|key|E04|50034|3,1,10,10,1,50034010,50034010
2000|key|E05|50035|3,1,10,10,1,50035010,50035010
2000|key|E08|50038|3,1,10,10,1,50038010,50038010
2000|key|E09|50039|3,1,10,10,1,50039010,50039010
2000|regional|E01|50061|3,1,1,2,2,50061001,50061002
2000|regional|E02|50062|3,1,1,2,2,50062001,50062002
2000|regional|E03|50063|3,1,1,2,2,50063001,50063002
2000|regional|E04|50064|3,1,1,2,2,50064001,50064002
2000|regional|E05|50065|3,1,1,2,2,50065001,50065002
2000|regional|E06|50066|3,1,1,2,2,50066001,50066002
2000|regional|E08|50068|3,1,1,1,1,50068001,50068001
2000|regional|E09|50069|3,1,1,1,1,50069001,50069001
2000|regional|E10|50068|3,1,2,2,1,50068002,50068002
2000|special|E01|50041|3,1,3,4,2,50041003,50041004
2000|special|E01|50041|3,2,10,10,1,50041010,50041010
2000|special|E01|50041|3,3,24,24,1,50041024,50041024
2000|special|E01|50081|3,1,1,4,4,50081001,50081004
2000|special|E02|50042|3,1,8,9,2,50042008,50042009
2000|special|E02|50042|3,2,13,14,2,50042013,50042014
2000|special|E02|50082|3,1,1,7,7,50082001,50082007
2000|special|E03|50027|3,1,1,1,1,50027001,50027001
2000|special|E03|50043|3,1,11,11,1,50043011,50043011
2000|special|E03|50043|3,2,16,17,2,50043016,50043017
2000|special|E03|50083|3,1,1,2,2,50083001,50083002
2000|special|E04|50044|3,1,12,12,1,50044012,50044012
2000|special|E04|50044|3,2,23,23,1,50044023,50044023
2000|special|E04|50044|3,3,25,25,1,50044025,50044025
2000|special|E05|50023|3,1,1,1,1,50023001,50023001
2000|special|E05|50027|3,1,2,2,1,50027002,50027002
2000|special|E05|50045|3,1,7,7,1,50045007,50045007
2000|special|E05|50045|3,2,18,19,2,50045018,50045019
2000|special|E05|50085|3,1,1,3,3,50085001,50085003
2000|special|E06|50046|3,1,2,2,1,50046002,50046002
2000|special|E06|50046|3,2,26,26,1,50046026,50046026
2000|special|E06|50086|3,1,1,3,3,50086001,50086003
2000|special|E07|50047|3,1,6,6,1,50047006,50047006
2000|special|E07|50047|3,2,21,21,1,50047021,50047021
2000|special|E09|50049|3,1,5,5,1,50049005,50049005
2000|special|E10|50048|3,1,22,22,1,50048022,50048022
2000|youth_c|E01|50001|3,1,1,14,14,50001001,50001014
2000|youth_c|E02|50002|3,1,1,15,15,50002001,50002015
2000|youth_c|E03|50003|3,1,1,9,9,50003001,50003009
2000|youth_c|E04|50004|3,1,1,9,9,50004001,50004009
2000|youth_c|E05|50005|3,1,1,27,27,50005001,50005027
2000|youth_c|E06|50006|3,1,1,16,16,50006001,50006016
2000|youth_c|E07|50007|3,1,1,8,8,50007001,50007008
2000|youth_c|E08|50008|3,1,1,3,3,50008001,50008003
2000|youth_c|E08|50008|3,2,5,8,4,50008005,50008008
2000|youth_c|E08|50008|3,3,10,10,1,50008010,50008010
2000|youth_c|E08|50008|3,4,12,13,2,50008012,50008013
2000|youth_c|E08|50008|3,5,15,17,3,50008015,50008017
2000|youth_c|E09|50009|3,1,2,8,7,50009002,50009008
2000|youth_c|E10|50008|3,1,4,4,1,50008004,50008004
2000|youth_c|E10|50008|3,2,9,9,1,50008009,50008009
2000|youth_c|E10|50008|3,3,11,11,1,50008011,50008011
2000|youth_c|E10|50008|3,4,14,14,1,50008014,50008014
2000|youth_c|E10|50009|3,1,1,1,1,50009001,50009001
2001|general|E01|50171|3,1,1,3,3,50171001,50171003
2001|general|E01|50171|3,2,5,6,2,50171005,50171006
2001|general|E01|50171|3,3,8,13,6,50171008,50171013
2001|general|E01|50171|3,4,15,37,23,50171015,50171037
2001|general|E01|50171|3,5,39,39,1,50171039,50171039
2001|general|E01|50171|3,6,41,52,12,50171041,50171052
2001|general|E01|50171|3,7,54,79,26,50171054,50171079
2001|general|E02|50172|3,1,1,1,1,50172001,50172001
2001|general|E02|50172|3,2,3,3,1,50172003,50172003
2001|general|E02|50172|3,3,5,8,4,50172005,50172008
2001|general|E02|50172|3,4,10,63,54,50172010,50172063
2001|general|E03|50173|3,1,1,3,3,50173001,50173003
2001|general|E03|50173|3,2,5,34,30,50173005,50173034
2001|general|E04|50174|3,1,1,2,2,50174001,50174002
2001|general|E04|50174|3,2,4,4,1,50174004,50174004
2001|general|E04|50174|3,3,7,8,2,50174007,50174008
2001|general|E04|50174|3,4,11,11,1,50174011,50174011
2001|general|E04|50174|3,5,13,20,8,50174013,50174020
2001|general|E04|50174|3,6,23,23,1,50174023,50174023
2001|general|E04|50174|3,7,25,25,1,50174025,50174025
2001|general|E04|50174|3,8,27,30,4,50174027,50174030
2001|general|E04|50174|3,9,32,35,4,50174032,50174035
2001|general|E04|50174|3,10,39,40,2,50174039,50174040
2001|general|E04|50174|3,11,43,43,1,50174043,50174043
2001|general|E04|50174|3,12,45,47,3,50174045,50174047
2001|general|E04|50174|3,13,49,59,11,50174049,50174059
2001|general|E05|50175|3,1,1,9,9,50175001,50175009
2001|general|E05|50175|3,2,11,103,93,50175011,50175103
2001|general|E05|50175|3,3,105,114,10,50175105,50175114
2001|general|E06|50176|3,1,1,5,5,50176001,50176005
2001|general|E06|50176|3,2,7,13,7,50176007,50176013
2001|general|E06|50176|3,3,15,36,22,50176015,50176036
2001|general|E06|50176|3,4,38,51,14,50176038,50176051
2001|general|E06|50176|3,5,53,56,4,50176053,50176056
2001|general|E07|50177|3,1,1,19,19,50177001,50177019
2001|general|E07|50177|3,2,21,29,9,50177021,50177029
2001|general|E08|50178|3,1,1,1,1,50178001,50178001
2001|general|E08|50178|3,2,3,8,6,50178003,50178008
2001|general|E08|50178|3,3,10,20,11,50178010,50178020
2001|general|E08|50178|3,4,25,28,4,50178025,50178028
2001|general|E08|50178|3,5,30,37,8,50178030,50178037
2001|general|E08|50178|3,6,41,45,5,50178041,50178045
2001|general|E08|50178|3,7,47,47,1,50178047,50178047
2001|general|E08|50178|3,8,49,58,10,50178049,50178058
2001|general|E08|50178|3,9,60,65,6,50178060,50178065
2001|general|E08|50178|3,10,68,68,1,50178068,50178068
2001|general|E08|50178|3,11,71,72,2,50178071,50178072
2001|general|E09|50179|3,1,1,3,3,50179001,50179003
2001|general|E09|50179|3,2,6,9,4,50179006,50179009
2001|general|E09|50179|3,3,12,13,2,50179012,50179013
2001|general|E09|50179|3,4,15,23,9,50179015,50179023
2001|general|E09|50179|3,5,25,26,2,50179025,50179026
2001|general|E09|50179|3,6,28,39,12,50179028,50179039
2001|general|E10|50178|3,1,2,2,1,50178002,50178002
2001|general|E10|50178|3,2,9,9,1,50178009,50178009
2001|general|E10|50178|3,3,21,24,4,50178021,50178024
2001|general|E10|50178|3,4,29,29,1,50178029,50178029
2001|general|E10|50178|3,5,38,40,3,50178038,50178040
2001|general|E10|50178|3,6,46,46,1,50178046,50178046
2001|general|E10|50178|3,7,48,48,1,50178048,50178048
2001|general|E10|50178|3,8,59,59,1,50178059,50178059
2001|general|E10|50178|3,9,66,67,2,50178066,50178067
2001|general|E10|50178|3,10,69,70,2,50178069,50178070
2001|general|E10|50179|3,1,10,11,2,50179010,50179011
2001|general|E10|50179|3,2,27,27,1,50179027,50179027
2001|general|E11|50179|3,1,4,5,2,50179004,50179005
2001|general|E11|50179|3,2,14,14,1,50179014,50179014
2001|general|E11|50179|3,3,24,24,1,50179024,50179024
2001|joint_fund|E01|50122|3,1,118,119,2,50122118,50122119
2001|joint_fund|E01|50171|3,1,4,4,1,50171004,50171004
2001|joint_fund|E01|50171|3,2,7,7,1,50171007,50171007
2001|joint_fund|E01|50171|3,3,14,14,1,50171014,50171014
2001|joint_fund|E01|50171|3,4,38,38,1,50171038,50171038
2001|joint_fund|E01|50171|3,5,40,40,1,50171040,50171040
2001|joint_fund|E01|50171|3,6,53,53,1,50171053,50171053
2001|joint_fund|E02|50172|3,1,2,2,1,50172002,50172002
2001|joint_fund|E02|50172|3,2,4,4,1,50172004,50172004
2001|joint_fund|E02|50172|3,3,9,9,1,50172009,50172009
2001|joint_fund|E03|50103|3,1,1,1,1,50103001,50103001
2001|joint_fund|E03|50103|3,2,12,12,1,50103012,50103012
2001|joint_fund|E03|50173|3,1,4,4,1,50173004,50173004
2001|joint_fund|E04|50130|3,1,10,10,1,50130010,50130010
2001|joint_fund|E04|50130|3,2,30,30,1,50130030,50130030
2001|joint_fund|E04|50174|3,1,3,3,1,50174003,50174003
2001|joint_fund|E04|50174|3,2,5,6,2,50174005,50174006
2001|joint_fund|E04|50174|3,3,9,10,2,50174009,50174010
2001|joint_fund|E04|50174|3,4,12,12,1,50174012,50174012
2001|joint_fund|E04|50174|3,5,21,22,2,50174021,50174022
2001|joint_fund|E04|50174|3,6,24,24,1,50174024,50174024
2001|joint_fund|E04|50174|3,7,26,26,1,50174026,50174026
2001|joint_fund|E04|50174|3,8,31,31,1,50174031,50174031
2001|joint_fund|E04|50174|3,9,36,38,3,50174036,50174038
2001|joint_fund|E04|50174|3,10,41,42,2,50174041,50174042
2001|joint_fund|E04|50174|3,11,44,44,1,50174044,50174044
2001|joint_fund|E04|50174|3,12,48,48,1,50174048,50174048
2001|joint_fund|E04|50174|3,13,60,61,2,50174060,50174061
2001|joint_fund|E05|50122|3,1,151,155,5,50122151,50122155
2001|joint_fund|E05|50122|3,2,251,251,1,50122251,50122251
2001|joint_fund|E06|50122|3,1,167,167,1,50122167,50122167
2001|joint_fund|E06|50176|3,1,14,14,1,50176014,50176014
2001|joint_fund|E07|50177|3,1,20,20,1,50177020,50177020
2001|joint_fund|E08|50122|3,1,282,283,2,50122282,50122283
2001|key|E01|50131|3,1,10,10,1,50131010,50131010
2001|key|E01|50131|3,2,20,20,1,50131020,50131020
2001|key|E01|50131|3,3,30,30,1,50131030,50131030
2001|key|E01|50131|3,4,40,40,1,50131040,50131040
2001|key|E01|50131|3,5,50,50,1,50131050,50131050
2001|key|E02|50132|3,1,10,10,1,50132010,50132010
2001|key|E02|50132|3,2,20,20,1,50132020,50132020
2001|key|E02|50132|3,3,30,30,1,50132030,50132030
2001|key|E02|50132|3,4,40,40,1,50132040,50132040
2001|key|E03|50133|3,1,10,10,1,50133010,50133010
2001|key|E03|50133|3,2,20,20,1,50133020,50133020
2001|key|E04|50134|3,1,20,20,1,50134020,50134020
2001|key|E04|50134|3,2,40,40,1,50134040,50134040
2001|key|E05|50135|3,1,10,10,1,50135010,50135010
2001|key|E05|50135|3,2,20,20,1,50135020,50135020
2001|key|E05|50135|3,3,30,30,1,50135030,50135030
2001|key|E05|50135|3,4,40,40,1,50135040,50135040
2001|key|E05|50135|3,5,50,50,1,50135050,50135050
2001|key|E06|50136|3,1,10,10,1,50136010,50136010
2001|key|E06|50136|3,2,20,20,1,50136020,50136020
2001|key|E06|50136|3,3,30,30,1,50136030,50136030
2001|key|E06|50136|3,4,40,40,1,50136040,50136040
2001|key|E07|50137|3,1,10,10,1,50137010,50137010
2001|key|E07|50137|3,2,20,20,1,50137020,50137020
2001|key|E07|50137|3,3,30,30,1,50137030,50137030
2001|key|E09|50139|3,1,10,10,1,50139010,50139010
2001|key|E09|50139|3,2,20,20,1,50139020,50139020
2001|key|E09|50139|3,3,30,30,1,50139030,50139030
2001|key|E09|50139|3,4,40,40,1,50139040,50139040
2001|key|E10|50138|3,1,10,10,1,50138010,50138010
2001|key|E10|50138|3,2,20,20,1,50138020,50138020
2001|major_research_plan|E02|90101|3,1,0,0,1,90101000,90101000
2001|major_research_plan|E02|90101|3,2,7,7,1,90101007,90101007
2001|major_research_plan|E02|90101|3,3,15,15,1,90101015,90101015
2001|major_research_plan|E02|90101|3,4,22,22,1,90101022,90101022
2001|major_research_plan|E03|90101|3,1,1,1,1,90101001,90101001
2001|major_research_plan|E03|90101|3,2,6,6,1,90101006,90101006
2001|major_research_plan|E03|90101|3,3,8,8,1,90101008,90101008
2001|major_research_plan|E03|90101|3,4,13,13,1,90101013,90101013
2001|major_research_plan|E03|90101|3,5,16,16,1,90101016,90101016
2001|major_research_plan|E03|90101|3,6,29,29,1,90101029,90101029
2001|regional|E01|50161|3,1,1,2,2,50161001,50161002
2001|regional|E02|50162|3,1,1,2,2,50162001,50162002
2001|regional|E03|50163|3,1,1,1,1,50163001,50163001
2001|regional|E04|50164|3,1,1,4,4,50164001,50164004
2001|regional|E05|50165|3,1,1,1,1,50165001,50165001
2001|regional|E06|50166|3,1,1,2,2,50166001,50166002
2001|regional|E07|50167|3,1,1,1,1,50167001,50167001
2001|regional|E09|50169|3,1,1,2,2,50169001,50169002
2001|regional|E10|50169|3,1,3,3,1,50169003,50169003
2001|special|E01|50120|3,1,801,801,1,50120801,50120801
2001|special|E01|50141|3,1,1,2,2,50141001,50141002
2001|special|E01|50141|3,2,21,22,2,50141021,50141022
2001|special|E02|50142|3,1,3,3,1,50142003,50142003
2001|special|E02|50142|3,2,16,16,1,50142016,50142016
2001|special|E03|50143|3,1,4,4,1,50143004,50143004
2001|special|E03|50143|3,2,11,13,3,50143011,50143013
2001|special|E03|50143|3,3,23,23,1,50143023,50143023
2001|special|E04|50127|3,1,402,402,1,50127402,50127402
2001|special|E04|50144|3,1,5,5,1,50144005,50144005
2001|special|E05|50127|3,1,501,501,1,50127501,50127501
2001|special|E05|50145|3,1,6,7,2,50145006,50145007
2001|special|E05|50145|3,2,15,15,1,50145015,50145015
2001|special|E06|50146|3,1,8,8,1,50146008,50146008
2001|special|E06|50146|3,2,14,14,1,50146014,50146014
2001|special|E07|50147|3,1,9,9,1,50147009,50147009
2001|special|E08|50148|3,1,19,20,2,50148019,50148020
2001|special|E09|50149|3,1,10,10,1,50149010,50149010
2001|special|E09|50149|3,2,17,17,1,50149017,50149017
2001|special|E10|50148|3,1,18,18,1,50148018,50148018
2001|youth_c|E01|50101|3,1,1,1,1,50101001,50101001
2001|youth_c|E01|50101|3,2,3,12,10,50101003,50101012
2001|youth_c|E02|50102|3,1,1,9,9,50102001,50102009
2001|youth_c|E03|50103|3,1,2,11,10,50103002,50103011
2001|youth_c|E03|50103|3,2,13,13,1,50103013,50103013
2001|youth_c|E04|50104|3,1,1,13,13,50104001,50104013
2001|youth_c|E05|50105|3,1,1,22,22,50105001,50105022
2001|youth_c|E06|50106|3,1,1,4,4,50106001,50106004
2001|youth_c|E06|50106|3,2,6,17,12,50106006,50106017
2001|youth_c|E07|50107|3,1,1,10,10,50107001,50107010
2001|youth_c|E08|50108|3,1,1,6,6,50108001,50108006
2001|youth_c|E08|50108|3,2,8,8,1,50108008,50108008
2001|youth_c|E08|50108|3,3,10,15,6,50108010,50108015
2001|youth_c|E08|50108|3,4,17,17,1,50108017,50108017
2001|youth_c|E09|50109|3,1,2,6,5,50109002,50109006
2001|youth_c|E10|50108|3,1,7,7,1,50108007,50108007
2001|youth_c|E10|50108|3,2,9,9,1,50108009,50108009
2001|youth_c|E10|50108|3,3,16,16,1,50108016,50108016
2001|youth_c|E10|50109|3,1,1,1,1,50109001,50109001
2002|general|E01|50271|3,1,1,14,14,50271001,50271014
2002|general|E01|50271|3,2,16,29,14,50271016,50271029
2002|general|E01|50271|3,3,31,59,29,50271031,50271059
2002|general|E01|50271|3,4,62,85,24,50271062,50271085
2002|general|E02|50272|3,1,1,12,12,50272001,50272012
2002|general|E02|50272|3,2,14,72,59,50272014,50272072
2002|general|E02|50272|3,3,74,84,11,50272074,50272084
2002|general|E03|50273|3,1,1,18,18,50273001,50273018
2002|general|E03|50273|3,2,20,38,19,50273020,50273038
2002|general|E03|50273|3,3,40,48,9,50273040,50273048
2002|general|E04|50274|3,1,2,2,1,50274002,50274002
2002|general|E04|50274|3,2,9,14,6,50274009,50274014
2002|general|E04|50274|3,3,16,16,1,50274016,50274016
2002|general|E04|50274|3,4,18,19,2,50274018,50274019
2002|general|E04|50274|3,5,24,31,8,50274024,50274031
2002|general|E04|50274|3,6,34,34,1,50274034,50274034
2002|general|E04|50274|3,7,36,36,1,50274036,50274036
2002|general|E04|50274|3,8,38,38,1,50274038,50274038
2002|general|E04|50274|3,9,40,49,10,50274040,50274049
2002|general|E04|50274|3,10,51,61,11,50274051,50274061
2002|general|E04|50274|3,11,63,63,1,50274063,50274063
2002|general|E04|50274|3,12,65,71,7,50274065,50274071
2002|general|E04|50274|3,13,74,77,4,50274074,50274077
2002|general|E04|50274|3,14,79,80,2,50274079,50274080
2002|general|E05|50275|3,1,1,154,154,50275001,50275154
2002|general|E06|50276|3,1,1,73,73,50276001,50276073
2002|general|E07|50277|3,1,1,39,39,50277001,50277039
2002|general|E08|50278|3,1,1,15,15,50278001,50278015
2002|general|E08|50278|3,2,17,21,5,50278017,50278021
2002|general|E08|50278|3,3,25,33,9,50278025,50278033
2002|general|E08|50278|3,4,35,35,1,50278035,50278035
2002|general|E08|50278|3,5,37,39,3,50278037,50278039
2002|general|E08|50278|3,6,41,44,4,50278041,50278044
2002|general|E08|50278|3,7,46,52,7,50278046,50278052
2002|general|E08|50278|3,8,54,58,5,50278054,50278058
2002|general|E08|50278|3,9,61,61,1,50278061,50278061
2002|general|E08|50278|3,10,63,71,9,50278063,50278071
2002|general|E08|50278|3,11,73,75,3,50278073,50278075
2002|general|E08|50278|3,12,77,83,7,50278077,50278083
2002|general|E08|50278|3,13,85,93,9,50278085,50278093
2002|general|E08|50278|3,14,96,100,5,50278096,50278100
2002|general|E08|50278|3,15,102,102,1,50278102,50278102
2002|general|E09|50279|3,1,1,5,5,50279001,50279005
2002|general|E09|50279|3,2,7,8,2,50279007,50279008
2002|general|E09|50279|3,3,11,16,6,50279011,50279016
2002|general|E09|50279|3,4,18,18,1,50279018,50279018
2002|general|E09|50279|3,5,20,24,5,50279020,50279024
2002|general|E09|50279|3,6,29,33,5,50279029,50279033
2002|general|E09|50279|3,7,35,36,2,50279035,50279036
2002|general|E09|50279|3,8,38,40,3,50279038,50279040
2002|general|E09|50279|3,9,43,54,12,50279043,50279054
2002|general|E09|50279|3,10,56,57,2,50279056,50279057
2002|general|E10|50278|3,1,16,16,1,50278016,50278016
2002|general|E10|50278|3,2,22,23,2,50278022,50278023
2002|general|E10|50278|3,3,34,34,1,50278034,50278034
2002|general|E10|50278|3,4,36,36,1,50278036,50278036
2002|general|E10|50278|3,5,40,40,1,50278040,50278040
2002|general|E10|50278|3,6,45,45,1,50278045,50278045
2002|general|E10|50278|3,7,53,53,1,50278053,50278053
2002|general|E10|50278|3,8,59,60,2,50278059,50278060
2002|general|E10|50278|3,9,62,62,1,50278062,50278062
2002|general|E10|50278|3,10,72,72,1,50278072,50278072
2002|general|E10|50278|3,11,76,76,1,50278076,50278076
2002|general|E10|50278|3,12,84,84,1,50278084,50278084
2002|general|E10|50278|3,13,95,95,1,50278095,50278095
2002|general|E10|50278|3,14,101,101,1,50278101,50278101
2002|general|E10|50279|3,1,17,17,1,50279017,50279017
2002|general|E10|50279|3,2,25,25,1,50279025,50279025
2002|general|E10|50279|3,3,37,37,1,50279037,50279037
2002|general|E10|50279|3,4,55,55,1,50279055,50279055
2002|general|E11|50279|3,1,26,28,3,50279026,50279028
2002|joint_fund|E01|50271|3,1,15,15,1,50271015,50271015
2002|joint_fund|E01|50271|3,2,30,30,1,50271030,50271030
2002|joint_fund|E01|50271|3,3,60,61,2,50271060,50271061
2002|joint_fund|E02|50272|3,1,13,13,1,50272013,50272013
2002|joint_fund|E02|50272|3,2,73,73,1,50272073,50272073
2002|joint_fund|E03|50273|3,1,19,19,1,50273019,50273019
2002|joint_fund|E03|50273|3,2,39,39,1,50273039,50273039
2002|joint_fund|E04|50274|3,1,1,1,1,50274001,50274001
2002|joint_fund|E04|50274|3,2,3,8,6,50274003,50274008
2002|joint_fund|E04|50274|3,3,15,15,1,50274015,50274015
2002|joint_fund|E04|50274|3,4,17,17,1,50274017,50274017
2002|joint_fund|E04|50274|3,5,20,23,4,50274020,50274023
2002|joint_fund|E04|50274|3,6,32,33,2,50274032,50274033
2002|joint_fund|E04|50274|3,7,35,35,1,50274035,50274035
2002|joint_fund|E04|50274|3,8,37,37,1,50274037,50274037
2002|joint_fund|E04|50274|3,9,39,39,1,50274039,50274039
2002|joint_fund|E04|50274|3,10,50,50,1,50274050,50274050
2002|joint_fund|E04|50274|3,11,62,62,1,50274062,50274062
2002|joint_fund|E04|50274|3,12,64,64,1,50274064,50274064
2002|joint_fund|E04|50274|3,13,72,73,2,50274072,50274073
2002|joint_fund|E04|50274|3,14,78,78,1,50274078,50274078
2002|joint_fund|E06|50222|3,1,203,205,3,50222203,50222205
2002|joint_fund|E07|50237|3,1,20,20,1,50237020,50237020
2002|joint_fund|E08|50222|3,1,206,206,1,50222206,50222206
2002|joint_fund|E09|50239|3,1,10,10,1,50239010,50239010
2002|joint_fund|E09|50239|3,2,40,40,1,50239040,50239040
2002|joint_fund|E09|50239|3,3,50,50,1,50239050,50239050
2002|joint_fund|E09|50239|3,4,60,60,1,50239060,50239060
2002|joint_fund|E09|50239|3,5,80,80,1,50239080,50239080
2002|joint_fund|E09|50239|3,6,90,90,1,50239090,50239090
2002|joint_fund|E09|50279|3,1,6,6,1,50279006,50279006
2002|joint_fund|E09|50279|3,2,9,10,2,50279009,50279010
2002|joint_fund|E09|50279|3,3,19,19,1,50279019,50279019
2002|joint_fund|E09|50279|3,4,34,34,1,50279034,50279034
2002|joint_fund|E09|50279|3,5,41,42,2,50279041,50279042
2002|joint_fund|E10|50208|3,1,5,5,1,50208005,50208005
2002|joint_fund|E10|50238|3,1,50,50,1,50238050,50238050
2002|joint_fund|E10|50278|3,1,24,24,1,50278024,50278024
2002|joint_fund|E10|50278|3,2,94,94,1,50278094,50278094
2002|key|E01|50231|3,1,10,10,1,50231010,50231010
2002|key|E01|50231|3,2,20,20,1,50231020,50231020
2002|key|E01|50231|3,3,30,30,1,50231030,50231030
2002|key|E01|50231|3,4,40,40,1,50231040,50231040
2002|key|E02|50232|3,1,10,10,1,50232010,50232010
2002|key|E02|50232|3,2,20,20,1,50232020,50232020
2002|key|E02|50232|3,3,30,30,1,50232030,50232030
2002|key|E02|50232|3,4,40,40,1,50232040,50232040
2002|key|E02|50232|3,5,50,50,1,50232050,50232050
2002|key|E03|50233|3,1,10,10,1,50233010,50233010
2002|key|E03|50233|3,2,20,20,1,50233020,50233020
2002|key|E03|50233|3,3,30,30,1,50233030,50233030
2002|key|E04|50234|3,1,10,10,1,50234010,50234010
2002|key|E04|50234|3,2,20,20,1,50234020,50234020
2002|key|E04|50234|3,3,30,30,1,50234030,50234030
2002|key|E04|50234|3,4,40,40,1,50234040,50234040
2002|key|E05|50235|3,1,10,10,1,50235010,50235010
2002|key|E05|50235|3,2,20,20,1,50235020,50235020
2002|key|E05|50235|3,3,30,30,1,50235030,50235030
2002|key|E05|50235|3,4,40,40,1,50235040,50235040
2002|key|E06|50236|3,1,10,10,1,50236010,50236010
2002|key|E06|50236|3,2,20,20,1,50236020,50236020
2002|key|E06|50236|3,3,30,30,1,50236030,50236030
2002|key|E07|50237|3,1,10,10,1,50237010,50237010
2002|key|E07|50237|3,2,30,30,1,50237030,50237030
2002|key|E07|50237|3,3,40,40,1,50237040,50237040
2002|key|E08|50238|3,1,10,10,1,50238010,50238010
2002|key|E08|50238|3,2,30,30,1,50238030,50238030
2002|key|E08|50238|3,3,40,40,1,50238040,50238040
2002|key|E09|50239|3,1,20,20,1,50239020,50239020
2002|key|E09|50239|3,2,70,70,1,50239070,50239070
2002|key|E10|50238|3,1,20,20,1,50238020,50238020
2002|key|E10|50239|3,1,30,30,1,50239030,50239030
2002|major_research_plan|E01|90206|3,1,21,21,1,90206021,90206021
2002|major_research_plan|E01|90206|3,2,44,44,1,90206044,90206044
2002|major_research_plan|E01|90206|3,3,46,46,1,90206046,90206046
2002|major_research_plan|E02|90201|3,1,6,6,1,90201006,90201006
2002|major_research_plan|E02|90201|3,2,17,20,4,90201017,90201020
2002|major_research_plan|E02|90201|3,3,32,32,1,90201032,90201032
2002|major_research_plan|E02|90201|3,4,37,38,2,90201037,90201038
2002|major_research_plan|E02|90203|3,1,16,17,2,90203016,90203017
2002|major_research_plan|E02|90205|3,1,17,17,1,90205017,90205017
2002|major_research_plan|E02|90206|3,1,18,20,3,90206018,90206020
2002|major_research_plan|E02|90206|3,2,23,23,1,90206023,90206023
2002|major_research_plan|E02|90206|3,3,42,43,2,90206042,90206043
2002|major_research_plan|E02|90206|3,4,45,45,1,90206045,90206045
2002|major_research_plan|E02|90206|3,5,47,47,1,90206047,90206047
2002|major_research_plan|E02|90207|3,1,23,25,3,90207023,90207025
2002|major_research_plan|E03|90201|3,1,9,9,1,90201009,90201009
2002|major_research_plan|E03|90201|3,2,21,24,4,90201021,90201024
2002|major_research_plan|E03|90201|3,3,36,36,1,90201036,90201036
2002|major_research_plan|E03|90206|3,1,24,26,3,90206024,90206026
2002|major_research_plan|E04|90210|3,1,3,3,1,90210003,90210003
2002|major_research_plan|E04|90210|3,2,12,12,1,90210012,90210012
2002|major_research_plan|E04|90210|3,3,14,14,1,90210014,90210014
2002|major_research_plan|E04|90210|3,4,18,18,1,90210018,90210018
2002|major_research_plan|E04|90210|3,5,22,23,2,90210022,90210023
2002|major_research_plan|E04|90210|3,6,35,35,1,90210035,90210035
2002|major_research_plan|E05|90205|3,1,14,14,1,90205014,90205014
2002|major_research_plan|E05|90205|3,2,31,32,2,90205031,90205032
2002|major_research_plan|E05|90205|3,3,35,35,1,90205035,90205035
2002|major_research_plan|E05|90206|3,1,22,22,1,90206022,90206022
2002|major_research_plan|E06|90205|3,1,4,4,1,90205004,90205004
2002|major_research_plan|E06|90205|3,2,16,16,1,90205016,90205016
2002|major_research_plan|E06|90205|3,3,36,36,1,90205036,90205036
2002|major_research_plan|E06|90207|3,1,22,22,1,90207022,90207022
2002|major_research_plan|E06|90210|3,1,2,2,1,90210002,90210002
2002|major_research_plan|E06|90210|3,2,8,8,1,90210008,90210008
2002|major_research_plan|E06|90210|3,3,13,13,1,90210013,90210013
2002|major_research_plan|E06|90210|3,4,16,17,2,90210016,90210017
2002|major_research_plan|E06|90210|3,5,19,19,1,90210019,90210019
2002|major_research_plan|E06|90210|3,6,27,29,3,90210027,90210029
2002|major_research_plan|E06|90210|3,7,32,32,1,90210032,90210032
2002|major_research_plan|E06|90210|3,8,38,38,1,90210038,90210038
2002|major_research_plan|E07|90210|3,1,6,6,1,90210006,90210006
2002|major_research_plan|E07|90210|3,2,15,15,1,90210015,90210015
2002|major_research_plan|E07|90210|3,3,30,30,1,90210030,90210030
2002|major_research_plan|E09|90210|3,1,5,5,1,90210005,90210005
2002|major_research_plan|E09|90210|3,2,10,11,2,90210010,90210011
2002|major_research_plan|E09|90210|3,3,21,21,1,90210021,90210021
2002|regional|E01|50261|3,1,1,4,4,50261001,50261004
2002|regional|E02|50262|3,1,1,2,2,50262001,50262002
2002|regional|E03|50263|3,1,1,2,2,50263001,50263002
2002|regional|E04|50264|3,1,1,4,4,50264001,50264004
2002|regional|E05|50265|3,1,1,2,2,50265001,50265002
2002|regional|E07|50267|3,1,1,1,1,50267001,50267001
2002|regional|E08|50268|3,1,1,3,3,50268001,50268003
2002|regional|E09|50269|3,1,2,3,2,50269002,50269003
2002|regional|E10|50269|3,1,1,1,1,50269001,50269001
2002|special|E01|50241|3,1,2,2,1,50241002,50241002
2002|special|E01|50241|3,2,10,10,1,50241010,50241010
2002|special|E02|50242|3,1,1,1,1,50242001,50242001
2002|special|E02|50242|3,2,7,9,3,50242007,50242009
2002|special|E02|50242|3,3,16,17,2,50242016,50242017
2002|special|E03|50243|3,1,14,14,1,50243014,50243014
2002|special|E03|50243|3,2,18,20,3,50243018,50243020
2002|special|E03|50253|3,1,1,2,2,50253001,50253002
2002|special|E04|50227|3,1,401,401,1,50227401,50227401
2002|special|E04|50244|3,1,12,12,1,50244012,50244012
2002|special|E04|50244|3,2,15,15,1,50244015,50244015
2002|special|E04|50244|3,3,21,22,2,50244021,50244022
2002|special|E05|50245|3,1,11,11,1,50245011,50245011
2002|special|E05|50245|3,2,25,25,1,50245025,50245025
2002|special|E06|50246|3,1,3,3,1,50246003,50246003
2002|special|E06|50246|3,2,13,13,1,50246013,50246013
2002|special|E07|50247|3,1,6,6,1,50247006,50247006
2002|special|E08|50248|3,1,5,5,1,50248005,50248005
2002|special|E08|50248|3,2,23,23,1,50248023,50248023
2002|special|E09|50249|3,1,4,4,1,50249004,50249004
2002|special|E09|50249|3,2,24,24,1,50249024,50249024
2002|youth_c|E01|50201|3,1,1,20,20,50201001,50201020
2002|youth_c|E02|50202|3,1,1,18,18,50202001,50202018
2002|youth_c|E03|50203|3,1,1,16,16,50203001,50203016
2002|youth_c|E04|50204|3,1,1,14,14,50204001,50204014
2002|youth_c|E05|50205|3,1,1,25,25,50205001,50205025
2002|youth_c|E05|50205|3,2,27,28,2,50205027,50205028
2002|youth_c|E06|50206|3,1,1,26,26,50206001,50206026
2002|youth_c|E07|50207|3,1,1,11,11,50207001,50207011
2002|youth_c|E08|50208|3,1,1,4,4,50208001,50208004
2002|youth_c|E08|50208|3,2,7,9,3,50208007,50208009
2002|youth_c|E08|50208|3,3,12,13,2,50208012,50208013
2002|youth_c|E08|50208|3,4,15,19,5,50208015,50208019
2002|youth_c|E09|50209|3,1,1,2,2,50209001,50209002
2002|youth_c|E09|50209|3,2,4,6,3,50209004,50209006
2002|youth_c|E09|50209|3,3,8,8,1,50209008,50209008
2002|youth_c|E09|50209|3,4,10,16,7,50209010,50209016
2002|youth_c|E10|50208|3,1,6,6,1,50208006,50208006
2002|youth_c|E10|50208|3,2,10,11,2,50208010,50208011
2002|youth_c|E10|50208|3,3,14,14,1,50208014,50208014
2002|youth_c|E10|50209|3,1,3,3,1,50209003,50209003
2002|youth_c|E10|50209|3,2,7,7,1,50209007,50209007
2002|youth_c|E11|50209|3,1,9,9,1,50209009,50209009
2003|general|E01|50371|3,1,1,48,48,50371001,50371048
2003|general|E01|50371|3,2,50,52,3,50371050,50371052
2003|general|E01|50371|3,3,54,56,3,50371054,50371056
2003|general|E01|50371|3,4,58,72,15,50371058,50371072
2003|general|E01|50371|3,5,75,93,19,50371075,50371093
2003|general|E01|50371|3,6,95,106,12,50371095,50371106
2003|general|E02|50372|3,1,1,85,85,50372001,50372085
2003|general|E03|50373|3,1,1,53,53,50373001,50373053
2003|general|E04|50374|3,1,1,3,3,50374001,50374003
2003|general|E04|50374|3,2,5,10,6,50374005,50374010
2003|general|E04|50374|3,3,12,22,11,50374012,50374022
2003|general|E04|50374|3,4,25,26,2,50374025,50374026
2003|general|E04|50374|3,5,30,31,2,50374030,50374031
2003|general|E04|50374|3,6,33,35,3,50374033,50374035
2003|general|E04|50374|3,7,37,38,2,50374037,50374038
2003|general|E04|50374|3,8,40,42,3,50374040,50374042
2003|general|E04|50374|3,9,44,45,2,50374044,50374045
2003|general|E04|50374|3,10,48,49,2,50374048,50374049
2003|general|E04|50374|3,11,51,52,2,50374051,50374052
2003|general|E04|50374|3,12,55,57,3,50374055,50374057
2003|general|E04|50374|3,13,60,60,1,50374060,50374060
2003|general|E04|50374|3,14,62,79,18,50374062,50374079
2003|general|E04|50374|3,15,81,84,4,50374081,50374084
2003|general|E04|50374|3,16,87,87,1,50374087,50374087
2003|general|E05|50375|3,1,1,93,93,50375001,50375093
2003|general|E05|50375|3,2,95,165,71,50375095,50375165
2003|general|E06|50376|3,1,1,31,31,50376001,50376031
2003|general|E06|50376|3,2,33,63,31,50376033,50376063
2003|general|E06|50376|3,3,65,78,14,50376065,50376078
2003|general|E07|50377|3,1,1,46,46,50377001,50377046
2003|general|E08|50378|3,1,1,3,3,50378001,50378003
2003|general|E08|50378|3,2,5,7,3,50378005,50378007
2003|general|E08|50378|3,3,9,13,5,50378009,50378013
2003|general|E08|50378|3,4,15,24,10,50378015,50378024
2003|general|E08|50378|3,5,30,38,9,50378030,50378038
2003|general|E08|50378|3,6,40,47,8,50378040,50378047
2003|general|E08|50378|3,7,50,60,11,50378050,50378060
2003|general|E08|50378|3,8,63,64,2,50378063,50378064
2003|general|E08|50378|3,9,67,75,9,50378067,50378075
2003|general|E08|50378|3,10,78,80,3,50378078,50378080
2003|general|E08|50378|3,11,83,88,6,50378083,50378088
2003|general|E08|50378|3,12,90,93,4,50378090,50378093
2003|general|E08|50378|3,13,96,97,2,50378096,50378097
2003|general|E09|50379|3,1,1,1,1,50379001,50379001
2003|general|E09|50379|3,2,4,11,8,50379004,50379011
2003|general|E09|50379|3,3,13,15,3,50379013,50379015
2003|general|E09|50379|3,4,18,20,3,50379018,50379020
2003|general|E09|50379|3,5,23,23,1,50379023,50379023
2003|general|E09|50379|3,6,28,31,4,50379028,50379031
2003|general|E09|50379|3,7,33,35,3,50379033,50379035
2003|general|E09|50379|3,8,37,37,1,50379037,50379037
2003|general|E09|50379|3,9,39,40,2,50379039,50379040
2003|general|E09|50379|3,10,42,47,6,50379042,50379047
2003|general|E09|50379|3,11,49,49,1,50379049,50379049
2003|general|E09|50379|3,12,51,56,6,50379051,50379056
2003|general|E09|50379|3,13,58,59,2,50379058,50379059
2003|general|E10|50378|3,1,4,4,1,50378004,50378004
2003|general|E10|50378|3,2,8,8,1,50378008,50378008
2003|general|E10|50378|3,3,14,14,1,50378014,50378014
2003|general|E10|50378|3,4,25,29,5,50378025,50378029
2003|general|E10|50378|3,5,39,39,1,50378039,50378039
2003|general|E10|50378|3,6,48,49,2,50378048,50378049
2003|general|E10|50378|3,7,61,62,2,50378061,50378062
2003|general|E10|50378|3,8,65,66,2,50378065,50378066
2003|general|E10|50378|3,9,76,77,2,50378076,50378077
2003|general|E10|50378|3,10,81,82,2,50378081,50378082
2003|general|E10|50378|3,11,89,89,1,50378089,50378089
2003|general|E10|50378|3,12,94,95,2,50378094,50378095
2003|general|E10|50379|3,1,3,3,1,50379003,50379003
2003|general|E10|50379|3,2,12,12,1,50379012,50379012
2003|general|E10|50379|3,3,22,22,1,50379022,50379022
2003|general|E10|50379|3,4,24,24,1,50379024,50379024
2003|general|E10|50379|3,5,41,41,1,50379041,50379041
2003|general|E11|50379|3,1,2,2,1,50379002,50379002
2003|general|E11|50379|3,2,21,21,1,50379021,50379021
2003|general|E11|50379|3,3,25,26,2,50379025,50379026
2003|general|E11|50379|3,4,32,32,1,50379032,50379032
2003|general|E11|50379|3,5,50,50,1,50379050,50379050
2003|joint_fund|E01|50371|3,1,49,49,1,50371049,50371049
2003|joint_fund|E01|50371|3,2,53,53,1,50371053,50371053
2003|joint_fund|E01|50371|3,3,57,57,1,50371057,50371057
2003|joint_fund|E01|50371|3,4,73,74,2,50371073,50371074
2003|joint_fund|E01|50371|3,5,94,94,1,50371094,50371094
2003|joint_fund|E02|50372|3,1,86,86,1,50372086,50372086
2003|joint_fund|E04|50334|3,1,50,50,1,50334050,50334050
2003|joint_fund|E04|50374|3,1,4,4,1,50374004,50374004
2003|joint_fund|E04|50374|3,2,11,11,1,50374011,50374011
2003|joint_fund|E04|50374|3,3,23,24,2,50374023,50374024
2003|joint_fund|E04|50374|3,4,27,29,3,50374027,50374029
2003|joint_fund|E04|50374|3,5,32,32,1,50374032,50374032
2003|joint_fund|E04|50374|3,6,36,36,1,50374036,50374036
2003|joint_fund|E04|50374|3,7,39,39,1,50374039,50374039
2003|joint_fund|E04|50374|3,8,43,43,1,50374043,50374043
2003|joint_fund|E04|50374|3,9,46,47,2,50374046,50374047
2003|joint_fund|E04|50374|3,10,50,50,1,50374050,50374050
2003|joint_fund|E04|50374|3,11,53,54,2,50374053,50374054
2003|joint_fund|E04|50374|3,12,58,59,2,50374058,50374059
2003|joint_fund|E04|50374|3,13,61,61,1,50374061,50374061
2003|joint_fund|E04|50374|3,14,80,80,1,50374080,50374080
2003|joint_fund|E04|50374|3,15,85,86,2,50374085,50374086
2003|joint_fund|E05|50335|3,1,60,60,1,50335060,50335060
2003|joint_fund|E06|50322|3,1,261,262,2,50322261,50322262
2003|joint_fund|E06|50376|3,1,79,79,1,50376079,50376079
2003|joint_fund|E07|50337|3,1,30,30,1,50337030,50337030
2003|joint_fund|E08|50322|3,1,283,284,2,50322283,50322284
2003|joint_fund|E09|50309|3,1,7,7,1,50309007,50309007
2003|joint_fund|E09|50339|3,1,20,20,1,50339020,50339020
2003|joint_fund|E09|50339|3,2,50,50,1,50339050,50339050
2003|joint_fund|E09|50379|3,1,16,17,2,50379016,50379017
2003|joint_fund|E09|50379|3,2,27,27,1,50379027,50379027
2003|joint_fund|E09|50379|3,3,36,36,1,50379036,50379036
2003|joint_fund|E09|50379|3,4,38,38,1,50379038,50379038
2003|joint_fund|E09|50379|3,5,48,48,1,50379048,50379048
2003|key|E01|50331|3,1,10,10,1,50331010,50331010
2003|key|E01|50331|3,2,20,20,1,50331020,50331020
2003|key|E01|50331|3,3,30,30,1,50331030,50331030
2003|key|E01|50331|3,4,40,40,1,50331040,50331040
2003|key|E02|50332|3,1,10,10,1,50332010,50332010
2003|key|E02|50332|3,2,20,20,1,50332020,50332020
2003|key|E02|50332|3,3,30,30,1,50332030,50332030
2003|key|E02|50332|3,4,40,40,1,50332040,50332040
2003|key|E02|50332|3,5,50,50,1,50332050,50332050
2003|key|E02|50333|3,1,70,70,1,50333070,50333070
2003|key|E03|50333|3,1,10,10,1,50333010,50333010
2003|key|E03|50333|3,2,20,20,1,50333020,50333020
2003|key|E03|50333|3,3,30,30,1,50333030,50333030
2003|key|E03|50333|3,4,50,50,1,50333050,50333050
2003|key|E03|50333|3,5,60,60,1,50333060,50333060
2003|key|E04|50334|3,1,10,10,1,50334010,50334010
2003|key|E04|50334|3,2,20,20,1,50334020,50334020
2003|key|E04|50334|3,3,30,30,1,50334030,50334030
2003|key|E04|50334|3,4,40,40,1,50334040,50334040
2003|key|E04|50334|3,5,60,60,1,50334060,50334060
2003|key|E05|50335|3,1,10,10,1,50335010,50335010
2003|key|E05|50335|3,2,20,20,1,50335020,50335020
2003|key|E05|50335|3,3,30,30,1,50335030,50335030
2003|key|E05|50335|3,4,40,40,1,50335040,50335040
2003|key|E05|50335|3,5,50,50,1,50335050,50335050
2003|key|E06|50336|3,1,10,10,1,50336010,50336010
2003|key|E06|50336|3,2,20,20,1,50336020,50336020
2003|key|E06|50336|3,3,30,30,1,50336030,50336030
2003|key|E06|50336|3,4,40,40,1,50336040,50336040
2003|key|E06|50336|3,5,50,50,1,50336050,50336050
2003|key|E07|50337|3,1,10,10,1,50337010,50337010
2003|key|E07|50337|3,2,20,20,1,50337020,50337020
2003|key|E08|50338|3,1,10,10,1,50338010,50338010
2003|key|E08|50338|3,2,20,20,1,50338020,50338020
2003|key|E08|50338|3,3,30,30,1,50338030,50338030
2003|key|E08|50338|3,4,40,40,1,50338040,50338040
2003|key|E09|50339|3,1,10,10,1,50339010,50339010
2003|key|E09|50339|3,2,30,30,1,50339030,50339030
2003|key|E10|50339|3,1,40,40,1,50339040,50339040
2003|major_research_plan|E01|90306|3,1,6,6,1,90306006,90306006
2003|major_research_plan|E02|90301|3,1,2,2,1,90301002,90301002
2003|major_research_plan|E02|90301|3,2,6,7,2,90301006,90301007
2003|major_research_plan|E02|90305|3,1,1,1,1,90305001,90305001
2003|major_research_plan|E02|90305|3,2,3,3,1,90305003,90305003
2003|major_research_plan|E02|90305|3,3,16,16,1,90305016,90305016
2003|major_research_plan|E02|90306|3,1,14,14,1,90306014,90306014
2003|major_research_plan|E02|90306|3,2,16,16,1,90306016,90306016
2003|major_research_plan|E03|90301|3,1,3,3,1,90301003,90301003
2003|major_research_plan|E03|90301|3,2,8,8,1,90301008,90301008
2003|major_research_plan|E03|90306|3,1,7,7,1,90306007,90306007
2003|major_research_plan|E05|90305|3,1,17,17,1,90305017,90305017
2003|major_research_plan|E06|90305|3,1,6,6,1,90305006,90305006
2003|major_research_plan|E06|90305|3,2,8,8,1,90305008,90305008
2003|major_research_plan|E06|90305|3,3,10,10,1,90305010,90305010
2003|major_research_plan|E07|90305|3,1,2,2,1,90305002,90305002
2003|major_research_plan|E09|90302|3,1,7,7,1,90302007,90302007
2003|regional|E01|50361|3,1,1,4,4,50361001,50361004
2003|regional|E02|50362|3,1,1,3,3,50362001,50362003
2003|regional|E03|50363|3,1,1,1,1,50363001,50363001
2003|regional|E04|50364|3,1,1,4,4,50364001,50364004
2003|regional|E05|50365|3,1,1,3,3,50365001,50365003
2003|regional|E06|50366|3,1,1,2,2,50366001,50366002
2003|regional|E07|50367|3,1,1,1,1,50367001,50367001
2003|regional|E08|50368|3,1,1,1,1,50368001,50368001
2003|regional|E09|50369|3,1,2,3,2,50369002,50369003
2003|regional|E10|50368|3,1,2,2,1,50368002,50368002
2003|regional|E11|50369|3,1,1,1,1,50369001,50369001
2003|special|E01|50323|3,1,9,9,1,50323009,50323009
2003|special|E01|50341|3,1,32,32,1,50341032,50341032
2003|special|E02|50323|3,1,6,6,1,50323006,50323006
2003|special|E02|50342|3,1,1,2,2,50342001,50342002
2003|special|E02|50342|3,2,14,14,1,50342014,50342014
2003|special|E02|50342|3,3,16,17,2,50342016,50342017
2003|special|E02|50342|3,4,33,33,1,50342033,50342033
2003|special|E03|50343|3,1,3,4,2,50343003,50343004
2003|special|E03|50343|3,2,18,20,3,50343018,50343020
2003|special|E03|50343|3,3,34,34,1,50343034,50343034
2003|special|E04|50323|3,1,8,8,1,50323008,50323008
2003|special|E04|50344|3,1,5,5,1,50344005,50344005
2003|special|E04|50344|3,2,30,31,2,50344030,50344031
2003|special|E04|50344|3,3,35,37,3,50344035,50344037
2003|special|E05|50323|3,1,3,3,1,50323003,50323003
2003|special|E05|50323|3,2,7,7,1,50323007,50323007
2003|special|E05|50327|3,1,501,501,1,50327501,50327501
2003|special|E05|50345|3,1,21,22,2,50345021,50345022
2003|special|E06|50323|3,1,1,1,1,50323001,50323001
2003|special|E06|50323|3,2,5,5,1,50323005,50323005
2003|special|E06|50346|3,1,6,8,3,50346006,50346008
2003|special|E06|50346|3,2,38,39,2,50346038,50346039
2003|special|E07|50323|3,1,2,2,1,50323002,50323002
2003|special|E07|50347|3,1,9,10,2,50347009,50347010
2003|special|E07|50347|3,2,23,26,4,50347023,50347026
2003|special|E08|50320|3,1,1,1,1,50320001,50320001
2003|special|E08|50342|3,1,15,15,1,50342015,50342015
2003|special|E08|50348|3,1,13,13,1,50348013,50348013
2003|special|E08|50348|3,2,27,29,3,50348027,50348029
2003|special|E09|50323|3,1,4,4,1,50323004,50323004
2003|special|E10|50327|3,1,802,802,1,50327802,50327802
2003|special|E10|50348|3,1,11,11,1,50348011,50348011
2003|special|E10|50349|3,1,12,12,1,50349012,50349012
2003|youth_c|E01|50301|3,1,1,18,18,50301001,50301018
2003|youth_c|E02|50302|3,1,1,16,16,50302001,50302016
2003|youth_c|E03|50303|3,1,1,20,20,50303001,50303020
2003|youth_c|E04|50304|3,1,1,14,14,50304001,50304014
2003|youth_c|E05|50305|3,1,1,37,37,50305001,50305037
2003|youth_c|E06|50306|3,1,1,8,8,50306001,50306008
2003|youth_c|E06|50306|3,2,10,27,18,50306010,50306027
2003|youth_c|E07|50307|3,1,1,15,15,50307001,50307015
2003|youth_c|E08|50308|3,1,1,2,2,50308001,50308002
2003|youth_c|E08|50308|3,2,5,5,1,50308005,50308005
2003|youth_c|E08|50308|3,3,7,10,4,50308007,50308010
2003|youth_c|E08|50308|3,4,14,22,9,50308014,50308022
2003|youth_c|E08|50308|3,5,24,27,4,50308024,50308027
2003|youth_c|E08|50308|3,6,29,30,2,50308029,50308030
2003|youth_c|E09|50309|3,1,1,6,6,50309001,50309006
2003|youth_c|E09|50309|3,2,8,10,3,50309008,50309010
2003|youth_c|E09|50309|3,3,12,14,3,50309012,50309014
2003|youth_c|E09|50309|3,4,16,17,2,50309016,50309017
2003|youth_c|E09|50309|3,5,19,19,1,50309019,50309019
2003|youth_c|E10|50308|3,1,3,4,2,50308003,50308004
2003|youth_c|E10|50308|3,2,6,6,1,50308006,50308006
2003|youth_c|E10|50308|3,3,11,13,3,50308011,50308013
2003|youth_c|E10|50308|3,4,23,23,1,50308023,50308023
2003|youth_c|E10|50308|3,5,28,28,1,50308028,50308028
2003|youth_c|E10|50309|3,1,11,11,1,50309011,50309011
2003|youth_c|E10|50309|3,2,15,15,1,50309015,50309015
2003|youth_c|E11|50309|3,1,18,18,1,50309018,50309018
2004|general|E01|50471|3,1,1,101,101,50471001,50471101
2004|general|E01|50471|3,2,108,110,3,50471108,50471110
2004|general|E02|50472|3,1,1,104,104,50472001,50472104
2004|general|E03|50473|3,1,1,64,64,50473001,50473064
2004|general|E04|50474|3,1,1,12,12,50474001,50474012
2004|general|E04|50474|3,2,14,22,9,50474014,50474022
2004|general|E04|50474|3,3,24,25,2,50474024,50474025
2004|general|E04|50474|3,4,27,27,1,50474027,50474027
2004|general|E04|50474|3,5,29,54,26,50474029,50474054
2004|general|E04|50474|3,6,56,72,17,50474056,50474072
2004|general|E04|50474|3,7,75,81,7,50474075,50474081
2004|general|E04|50474|3,8,91,94,4,50474091,50474094
2004|general|E05|50475|3,1,1,185,185,50475001,50475185
2004|general|E06|50476|3,1,1,91,91,50476001,50476091
2004|general|E07|50477|3,1,1,56,56,50477001,50477056
2004|general|E08|50478|3,1,2,5,4,50478002,50478005
2004|general|E08|50478|3,2,7,8,2,50478007,50478008
2004|general|E08|50478|3,3,13,18,6,50478013,50478018
2004|general|E08|50478|3,4,20,24,5,50478020,50478024
2004|general|E08|50478|3,5,27,39,13,50478027,50478039
2004|general|E08|50478|3,6,41,42,2,50478041,50478042
2004|general|E08|50478|3,7,44,46,3,50478044,50478046
2004|general|E08|50478|3,8,50,52,3,50478050,50478052
2004|general|E08|50478|3,9,55,64,10,50478055,50478064
2004|general|E08|50478|3,10,66,67,2,50478066,50478067
2004|general|E08|50478|3,11,70,82,13,50478070,50478082
2004|general|E08|50478|3,12,84,85,2,50478084,50478085
2004|general|E08|50478|3,13,87,90,4,50478087,50478090
2004|general|E08|50478|3,14,92,92,1,50478092,50478092
2004|general|E08|50478|3,15,94,102,9,50478094,50478102
2004|general|E08|50478|3,16,104,105,2,50478104,50478105
2004|general|E08|50478|3,17,107,114,8,50478107,50478114
2004|general|E08|50478|3,18,118,123,6,50478118,50478123
2004|general|E09|50479|3,1,1,8,8,50479001,50479008
2004|general|E09|50479|3,2,10,13,4,50479010,50479013
2004|general|E09|50479|3,3,15,26,12,50479015,50479026
2004|general|E09|50479|3,4,29,29,1,50479029,50479029
2004|general|E09|50479|3,5,31,33,3,50479031,50479033
2004|general|E09|50479|3,6,35,36,2,50479035,50479036
2004|general|E09|50479|3,7,39,46,8,50479039,50479046
2004|general|E09|50479|3,8,48,48,1,50479048,50479048
2004|general|E09|50479|3,9,51,53,3,50479051,50479053
2004|general|E09|50479|3,10,55,59,5,50479055,50479059
2004|general|E09|50479|3,11,61,62,2,50479061,50479062
2004|general|E09|50479|3,12,64,64,1,50479064,50479064
2004|general|E09|50479|3,13,71,72,2,50479071,50479072
2004|general|E10|50478|3,1,1,1,1,50478001,50478001
2004|general|E10|50478|3,2,6,6,1,50478006,50478006
2004|general|E10|50478|3,3,9,12,4,50478009,50478012
2004|general|E10|50478|3,4,19,19,1,50478019,50478019
2004|general|E10|50478|3,5,25,26,2,50478025,50478026
2004|general|E10|50478|3,6,40,40,1,50478040,50478040
2004|general|E10|50478|3,7,43,43,1,50478043,50478043
2004|general|E10|50478|3,8,47,49,3,50478047,50478049
2004|general|E10|50478|3,9,53,54,2,50478053,50478054
2004|general|E10|50478|3,10,65,65,1,50478065,50478065
2004|general|E10|50478|3,11,68,69,2,50478068,50478069
2004|general|E10|50478|3,12,83,83,1,50478083,50478083
2004|general|E10|50478|3,13,86,86,1,50478086,50478086
2004|general|E10|50478|3,14,91,91,1,50478091,50478091
2004|general|E10|50478|3,15,93,93,1,50478093,50478093
2004|general|E10|50478|3,16,103,103,1,50478103,50478103
2004|general|E10|50478|3,17,106,106,1,50478106,50478106
2004|general|E10|50478|3,18,115,117,3,50478115,50478117
2004|general|E10|50479|3,1,9,9,1,50479009,50479009
2004|general|E10|50479|3,2,37,38,2,50479037,50479038
2004|general|E10|50479|3,3,49,49,1,50479049,50479049
2004|general|E10|50479|3,4,63,63,1,50479063,50479063
2004|general|E10|50479|3,5,65,65,1,50479065,50479065
2004|general|E11|50479|3,1,14,14,1,50479014,50479014
2004|general|E11|50479|3,2,27,28,2,50479027,50479028
2004|general|E11|50479|3,3,47,47,1,50479047,50479047
2004|general|E11|50479|3,4,50,50,1,50479050,50479050
2004|general|E11|50479|3,5,54,54,1,50479054,50479054
2004|general|E11|50479|3,6,60,60,1,50479060,50479060
2004|joint_fund|E01|50471|3,1,102,107,6,50471102,50471107
2004|joint_fund|E04|50434|3,1,40,40,1,50434040,50434040
2004|joint_fund|E04|50474|3,1,13,13,1,50474013,50474013
2004|joint_fund|E04|50474|3,2,23,23,1,50474023,50474023
2004|joint_fund|E04|50474|3,3,26,26,1,50474026,50474026
2004|joint_fund|E04|50474|3,4,28,28,1,50474028,50474028
2004|joint_fund|E04|50474|3,5,55,55,1,50474055,50474055
2004|joint_fund|E04|50474|3,6,73,74,2,50474073,50474074
2004|joint_fund|E04|50474|3,7,82,90,9,50474082,50474090
2004|joint_fund|E05|50422|3,1,284,284,1,50422284,50422284
2004|joint_fund|E06|50422|3,1,261,261,1,50422261,50422261
2004|joint_fund|E08|50422|3,1,282,283,2,50422282,50422283
2004|joint_fund|E08|50422|3,2,285,286,2,50422285,50422286
2004|joint_fund|E09|50409|3,1,1,2,2,50409001,50409002
2004|joint_fund|E09|50439|3,1,20,20,1,50439020,50439020
2004|joint_fund|E09|50439|3,2,30,30,1,50439030,50439030
2004|joint_fund|E09|50479|3,1,66,66,1,50479066,50479066
2004|joint_fund|E09|50479|3,2,68,70,3,50479068,50479070
2004|joint_fund|E10|50479|3,1,34,34,1,50479034,50479034
2004|joint_fund|E10|50479|3,2,67,67,1,50479067,50479067
2004|key|E01|50431|3,1,10,10,1,50431010,50431010
2004|key|E01|50431|3,2,20,20,1,50431020,50431020
2004|key|E01|50431|3,3,30,30,1,50431030,50431030
2004|key|E02|50432|3,1,10,10,1,50432010,50432010
2004|key|E02|50432|3,2,20,20,1,50432020,50432020
2004|key|E02|50432|3,3,30,30,1,50432030,50432030
2004|key|E02|50432|3,4,40,40,1,50432040,50432040
2004|key|E02|50432|3,5,50,50,1,50432050,50432050
2004|key|E03|50433|3,1,10,10,1,50433010,50433010
2004|key|E03|50433|3,2,20,20,1,50433020,50433020
2004|key|E03|50433|3,3,30,30,1,50433030,50433030
2004|key|E03|50433|3,4,40,40,1,50433040,50433040
2004|key|E04|50434|3,1,10,10,1,50434010,50434010
2004|key|E04|50434|3,2,20,20,1,50434020,50434020
2004|key|E04|50434|3,3,30,30,1,50434030,50434030
2004|key|E04|50434|3,4,50,50,1,50434050,50434050
2004|key|E05|50435|3,1,10,10,1,50435010,50435010
2004|key|E05|50435|3,2,20,20,1,50435020,50435020
2004|key|E05|50435|3,3,40,40,1,50435040,50435040
2004|key|E06|50436|3,1,10,10,1,50436010,50436010
2004|key|E06|50436|3,2,20,20,1,50436020,50436020
2004|key|E06|50436|3,3,30,30,1,50436030,50436030
2004|key|E06|50436|3,4,40,40,1,50436040,50436040
2004|key|E07|50437|3,1,10,10,1,50437010,50437010
2004|key|E07|50437|3,2,20,20,1,50437020,50437020
2004|key|E07|50437|3,3,30,30,1,50437030,50437030
2004|key|E08|50438|3,1,10,10,1,50438010,50438010
2004|key|E08|50438|3,2,20,20,1,50438020,50438020
2004|key|E11|50439|3,1,10,10,1,50439010,50439010
2004|major_research_plan|E01|90406|3,1,13,13,1,90406013,90406013
2004|major_research_plan|E02|90401|3,1,4,4,1,90401004,90401004
2004|major_research_plan|E02|90401|3,2,9,10,2,90401009,90401010
2004|major_research_plan|E02|90401|3,3,12,12,1,90401012,90401012
2004|major_research_plan|E02|90401|3,4,14,14,1,90401014,90401014
2004|major_research_plan|E02|90401|3,5,16,16,1,90401016,90401016
2004|major_research_plan|E02|90401|3,6,22,23,2,90401022,90401023
2004|major_research_plan|E02|90403|3,1,27,27,1,90403027,90403027
2004|major_research_plan|E02|90405|3,1,6,6,1,90405006,90405006
2004|major_research_plan|E02|90405|3,2,15,15,1,90405015,90405015
2004|major_research_plan|E02|90406|3,1,12,12,1,90406012,90406012
2004|major_research_plan|E03|90401|3,1,11,11,1,90401011,90401011
2004|major_research_plan|E03|90401|3,2,17,18,2,90401017,90401018
2004|major_research_plan|E03|90401|3,3,20,20,1,90401020,90401020
2004|major_research_plan|E03|90401|3,4,28,28,1,90401028,90401028
2004|major_research_plan|E03|90405|3,1,1,1,1,90405001,90405001
2004|major_research_plan|E04|90410|3,1,2,2,1,90410002,90410002
2004|major_research_plan|E04|90410|3,2,4,4,1,90410004,90410004
2004|major_research_plan|E04|90410|3,3,6,8,3,90410006,90410008
2004|major_research_plan|E05|90407|3,1,20,20,1,90407020,90407020
2004|major_research_plan|E06|90410|3,1,0,0,1,90410000,90410000
2004|major_research_plan|E06|90410|3,2,5,5,1,90410005,90410005
2004|major_research_plan|E06|90410|3,3,9,10,2,90410009,90410010
2004|major_research_plan|E06|90410|3,4,17,17,1,90410017,90410017
2004|major_research_plan|E07|90405|3,1,4,4,1,90405004,90405004
2004|major_research_plan|E09|90410|3,1,11,13,3,90410011,90410013
2004|major_research_plan|E09|90410|3,2,19,19,1,90410019,90410019
2004|regional|E01|50461|3,1,1,4,4,50461001,50461004
2004|regional|E03|50463|3,1,1,2,2,50463001,50463002
2004|regional|E04|50464|3,1,1,5,5,50464001,50464005
2004|regional|E05|50465|3,1,1,3,3,50465001,50465003
2004|regional|E06|50466|3,1,1,1,1,50466001,50466001
2004|regional|E07|50467|3,1,1,3,3,50467001,50467003
2004|regional|E08|50468|3,1,1,5,5,50468001,50468005
2004|regional|E09|50469|3,1,1,3,3,50469001,50469003
2004|special|E01|50424|3,1,101,101,1,50424101,50424101
2004|special|E01|50441|3,1,13,14,2,50441013,50441014
2004|special|E01|50441|3,2,32,32,1,50441032,50441032
2004|special|E01|50451|3,1,4,4,1,50451004,50451004
2004|special|E02|50424|3,1,218,218,1,50424218,50424218
2004|special|E02|50442|3,1,23,25,3,50442023,50442025
2004|special|E02|50442|3,2,27,27,1,50442027,50442027
2004|special|E02|50442|3,3,29,29,1,50442029,50442029
2004|special|E02|50452|3,1,2,3,2,50452002,50452003
2004|special|E03|50424|3,1,302,302,1,50424302,50424302
2004|special|E03|50443|3,1,1,1,1,50443001,50443001
2004|special|E03|50443|3,2,11,12,2,50443011,50443012
2004|special|E04|50424|3,1,403,403,1,50424403,50424403
2004|special|E04|50424|3,2,420,420,1,50424420,50424420
2004|special|E04|50427|3,1,401,401,1,50427401,50427401
2004|special|E04|50444|3,1,19,20,2,50444019,50444020
2004|special|E04|50444|3,2,28,28,1,50444028,50444028
2004|special|E05|50420|3,1,501,501,1,50420501,50420501
2004|special|E05|50424|3,1,504,507,4,50424504,50424507
2004|special|E05|50424|3,2,514,514,1,50424514,50424514
2004|special|E05|50424|3,3,519,519,1,50424519,50424519
2004|special|E05|50445|3,1,3,5,3,50445003,50445005
2004|special|E06|50420|3,1,602,602,1,50420602,50420602
2004|special|E06|50424|3,1,612,612,1,50424612,50424612
2004|special|E06|50424|3,2,615,615,1,50424615,50424615
2004|special|E06|50424|3,3,617,617,1,50424617,50424617
2004|special|E06|50424|3,4,621,621,1,50424621,50424621
2004|special|E06|50446|3,1,21,22,2,50446021,50446022
2004|special|E07|50424|3,1,716,716,1,50424716,50424716
2004|special|E07|50447|3,1,6,8,3,50447006,50447008
2004|special|E08|50424|3,1,8,9,2,50424008,50424009
2004|special|E08|50448|3,1,15,16,2,50448015,50448016
2004|special|E09|50424|3,1,911,911,1,50424911,50424911
2004|special|E09|50449|3,1,9,10,2,50449009,50449010
2004|special|E09|50459|3,1,1,1,1,50459001,50459001
2004|special|E10|50424|3,1,10,10,1,50424010,50424010
2004|special|E10|50448|3,1,17,17,1,50448017,50448017
2004|special|E11|50424|3,1,913,913,1,50424913,50424913
2004|youth_c|E01|50401|3,1,1,23,23,50401001,50401023
2004|youth_c|E02|50402|3,1,1,26,26,50402001,50402026
2004|youth_c|E03|50403|3,1,1,5,5,50403001,50403005
2004|youth_c|E03|50403|3,2,7,30,24,50403007,50403030
2004|youth_c|E04|50404|3,1,1,18,18,50404001,50404018
2004|youth_c|E05|50405|3,1,1,47,47,50405001,50405047
2004|youth_c|E06|50406|3,1,1,28,28,50406001,50406028
2004|youth_c|E07|50407|3,1,1,17,17,50407001,50407017
2004|youth_c|E08|50408|3,1,1,5,5,50408001,50408005
2004|youth_c|E08|50408|3,2,7,11,5,50408007,50408011
2004|youth_c|E08|50408|3,3,13,20,8,50408013,50408020
2004|youth_c|E08|50408|3,4,22,23,2,50408022,50408023
2004|youth_c|E08|50408|3,5,28,38,11,50408028,50408038
2004|youth_c|E09|50409|3,1,3,6,4,50409003,50409006
2004|youth_c|E09|50409|3,2,8,13,6,50409008,50409013
2004|youth_c|E09|50409|3,3,15,17,3,50409015,50409017
2004|youth_c|E10|50408|3,1,6,6,1,50408006,50408006
2004|youth_c|E10|50408|3,2,12,12,1,50408012,50408012
2004|youth_c|E10|50408|3,3,21,21,1,50408021,50408021
2004|youth_c|E10|50408|3,4,24,27,4,50408024,50408027
2004|youth_c|E10|50408|3,5,39,39,1,50408039,50408039
2004|youth_c|E11|50409|3,1,7,7,1,50409007,50409007
2004|youth_c|E11|50409|3,2,14,14,1,50409014,50409014
2005|general|E01|50571|3,1,1,21,21,50571001,50571021
2005|general|E01|50571|3,2,23,57,35,50571023,50571057
2005|general|E01|50571|3,3,59,59,1,50571059,50571059
2005|general|E01|50571|3,4,62,114,53,50571062,50571114
2005|general|E02|50572|3,1,1,127,127,50572001,50572127
2005|general|E03|50573|3,1,1,16,16,50573001,50573016
2005|general|E03|50573|3,2,18,95,78,50573018,50573095
2005|general|E04|50574|3,1,1,13,13,50574001,50574013
2005|general|E04|50574|3,2,15,17,3,50574015,50574017
2005|general|E04|50574|3,3,22,34,13,50574022,50574034
2005|general|E04|50574|3,4,36,55,20,50574036,50574055
2005|general|E04|50574|3,5,58,65,8,50574058,50574065
2005|general|E04|50574|3,6,68,76,9,50574068,50574076
2005|general|E04|50574|3,7,78,84,7,50574078,50574084
2005|general|E04|50574|3,8,86,109,24,50574086,50574109
2005|general|E04|50574|3,9,111,111,1,50574111,50574111
2005|general|E05|50575|3,1,1,111,111,50575001,50575111
2005|general|E05|50575|3,2,113,145,33,50575113,50575145
2005|general|E05|50575|3,3,147,235,89,50575147,50575235
2005|general|E06|50576|3,1,1,107,107,50576001,50576107
2005|general|E07|50577|3,1,1,75,75,50577001,50577075
2005|general|E08|50578|3,1,3,11,9,50578003,50578011
2005|general|E08|50578|3,2,13,19,7,50578013,50578019
2005|general|E08|50578|3,3,21,21,1,50578021,50578021
2005|general|E08|50578|3,4,25,43,19,50578025,50578043
2005|general|E08|50578|3,5,45,49,5,50578045,50578049
2005|general|E08|50578|3,6,54,69,16,50578054,50578069
2005|general|E08|50578|3,7,71,71,1,50578071,50578071
2005|general|E08|50578|3,8,75,76,2,50578075,50578076
2005|general|E08|50578|3,9,78,80,3,50578078,50578080
2005|general|E08|50578|3,10,82,88,7,50578082,50578088
2005|general|E08|50578|3,11,92,97,6,50578092,50578097
2005|general|E08|50578|3,12,99,101,3,50578099,50578101
2005|general|E08|50578|3,13,103,107,5,50578103,50578107
2005|general|E08|50578|3,14,109,113,5,50578109,50578113
2005|general|E08|50578|3,15,116,126,11,50578116,50578126
2005|general|E08|50578|3,16,128,129,2,50578128,50578129
2005|general|E08|50578|3,17,133,137,5,50578133,50578137
2005|general|E08|50578|3,18,139,145,7,50578139,50578145
2005|general|E08|50578|3,19,147,150,4,50578147,50578150
2005|general|E08|50578|3,20,152,152,1,50578152,50578152
2005|general|E08|50578|3,21,157,162,6,50578157,50578162
2005|general|E08|50578|3,22,164,165,2,50578164,50578165
2005|general|E08|50578|3,23,167,169,3,50578167,50578169
2005|general|E08|50578|3,24,171,171,1,50578171,50578171
2005|general|E09|50579|3,1,1,6,6,50579001,50579006
2005|general|E09|50579|3,2,9,14,6,50579009,50579014
2005|general|E09|50579|3,3,17,22,6,50579017,50579022
2005|general|E09|50579|3,4,24,33,10,50579024,50579033
2005|general|E09|50579|3,5,36,42,7,50579036,50579042
2005|general|E09|50579|3,6,44,46,3,50579044,50579046
2005|general|E09|50579|3,7,48,60,13,50579048,50579060
2005|general|E09|50579|3,8,62,68,7,50579062,50579068
2005|general|E09|50579|3,9,70,75,6,50579070,50579075
2005|general|E09|50579|3,10,77,79,3,50579077,50579079
2005|general|E10|50578|3,1,1,2,2,50578001,50578002
2005|general|E10|50578|3,2,12,12,1,50578012,50578012
2005|general|E10|50578|3,3,20,20,1,50578020,50578020
2005|general|E10|50578|3,4,22,24,3,50578022,50578024
2005|general|E10|50578|3,5,44,44,1,50578044,50578044
2005|general|E10|50578|3,6,50,53,4,50578050,50578053
2005|general|E10|50578|3,7,70,70,1,50578070,50578070
2005|general|E10|50578|3,8,72,74,3,50578072,50578074
2005|general|E10|50578|3,9,77,77,1,50578077,50578077
2005|general|E10|50578|3,10,81,81,1,50578081,50578081
2005|general|E10|50578|3,11,89,91,3,50578089,50578091
2005|general|E10|50578|3,12,98,98,1,50578098,50578098
2005|general|E10|50578|3,13,102,102,1,50578102,50578102
2005|general|E10|50578|3,14,108,108,1,50578108,50578108
2005|general|E10|50578|3,15,114,115,2,50578114,50578115
2005|general|E10|50578|3,16,127,127,1,50578127,50578127
2005|general|E10|50578|3,17,130,132,3,50578130,50578132
2005|general|E10|50578|3,18,138,138,1,50578138,50578138
2005|general|E10|50578|3,19,146,146,1,50578146,50578146
2005|general|E10|50578|3,20,151,151,1,50578151,50578151
2005|general|E10|50578|3,21,153,156,4,50578153,50578156
2005|general|E10|50578|3,22,163,163,1,50578163,50578163
2005|general|E10|50578|3,23,166,166,1,50578166,50578166
2005|general|E10|50578|3,24,170,170,1,50578170,50578170
2005|general|E10|50579|3,1,15,16,2,50579015,50579016
2005|general|E10|50579|3,2,43,43,1,50579043,50579043
2005|general|E10|50579|3,3,61,61,1,50579061,50579061
2005|general|E10|50579|3,4,76,76,1,50579076,50579076
2005|general|E11|50579|3,1,7,8,2,50579007,50579008
2005|general|E11|50579|3,2,23,23,1,50579023,50579023
2005|general|E11|50579|3,3,34,35,2,50579034,50579035
2005|general|E11|50579|3,4,47,47,1,50579047,50579047
2005|general|E11|50579|3,5,69,69,1,50579069,50579069
2005|joint_fund|E01|50522|3,1,203,203,1,50522203,50522203
2005|joint_fund|E01|50571|3,1,22,22,1,50571022,50571022
2005|joint_fund|E01|50571|3,2,58,58,1,50571058,50571058
2005|joint_fund|E01|50571|3,3,60,61,2,50571060,50571061
2005|joint_fund|E04|50534|3,1,10,10,1,50534010,50534010
2005|joint_fund|E04|50534|3,2,20,20,1,50534020,50534020
2005|joint_fund|E04|50574|3,1,14,14,1,50574014,50574014
2005|joint_fund|E04|50574|3,2,18,21,4,50574018,50574021
2005|joint_fund|E04|50574|3,3,35,35,1,50574035,50574035
2005|joint_fund|E04|50574|3,4,56,57,2,50574056,50574057
2005|joint_fund|E04|50574|3,5,85,85,1,50574085,50574085
2005|joint_fund|E04|50574|3,6,110,110,1,50574110,50574110
2005|joint_fund|E06|50522|3,1,202,202,1,50522202,50522202
2005|joint_fund|E08|50522|3,1,201,201,1,50522201,50522201
2005|joint_fund|E08|50522|3,2,204,207,4,50522204,50522207
2005|joint_fund|E09|50539|3,1,20,20,1,50539020,50539020
2005|joint_fund|E09|50539|3,2,30,30,1,50539030,50539030
2005|joint_fund|E09|50539|3,3,40,40,1,50539040,50539040
2005|joint_fund|E09|50539|3,4,50,50,1,50539050,50539050
2005|joint_fund|E09|50539|3,5,60,60,1,50539060,50539060
2005|joint_fund|E09|50539|3,6,70,70,1,50539070,50539070
2005|joint_fund|E09|50539|3,7,80,80,1,50539080,50539080
2005|joint_fund|E09|50539|3,8,90,90,1,50539090,50539090
2005|joint_fund|E09|50539|3,9,100,100,1,50539100,50539100
2005|joint_fund|E09|50539|3,10,110,110,1,50539110,50539110
2005|joint_fund|E09|50539|3,11,120,120,1,50539120,50539120
2005|joint_fund|E09|50539|3,12,130,130,1,50539130,50539130
2005|joint_fund|E09|50539|3,13,140,140,1,50539140,50539140
2005|joint_fund|E09|50579|3,1,80,101,22,50579080,50579101
2005|key|E01|50531|3,1,10,10,1,50531010,50531010
2005|key|E01|50531|3,2,20,20,1,50531020,50531020
2005|key|E01|50531|3,3,30,30,1,50531030,50531030
2005|key|E01|50531|3,4,40,40,1,50531040,50531040
2005|key|E01|50531|3,5,50,50,1,50531050,50531050
2005|key|E01|50531|3,6,60,60,1,50531060,50531060
2005|key|E02|50532|3,1,10,10,1,50532010,50532010
2005|key|E02|50532|3,2,20,20,1,50532020,50532020
2005|key|E02|50532|3,3,30,30,1,50532030,50532030
2005|key|E02|50532|3,4,40,40,1,50532040,50532040
2005|key|E02|50532|3,5,50,50,1,50532050,50532050
2005|key|E02|50532|3,6,60,60,1,50532060,50532060
2005|key|E02|50532|3,7,70,70,1,50532070,50532070
2005|key|E02|50532|3,8,80,80,1,50532080,50532080
2005|key|E02|50532|3,9,90,90,1,50532090,50532090
2005|key|E02|50532|3,10,100,100,1,50532100,50532100
2005|key|E03|50533|3,1,10,10,1,50533010,50533010
2005|key|E03|50533|3,2,20,20,1,50533020,50533020
2005|key|E03|50533|3,3,30,30,1,50533030,50533030
2005|key|E03|50533|3,4,40,40,1,50533040,50533040
2005|key|E03|50533|3,5,50,50,1,50533050,50533050
2005|key|E03|50533|3,6,60,60,1,50533060,50533060
2005|key|E03|50533|3,7,70,70,1,50533070,50533070
2005|key|E03|50533|3,8,80,80,1,50533080,50533080
2005|key|E04|50534|3,1,30,30,1,50534030,50534030
2005|key|E04|50534|3,2,40,40,1,50534040,50534040
2005|key|E04|50534|3,3,50,50,1,50534050,50534050
2005|key|E04|50534|3,4,60,60,1,50534060,50534060
2005|key|E04|50534|3,5,70,70,1,50534070,50534070
2005|key|E04|50534|3,6,80,80,1,50534080,50534080
2005|key|E04|50534|3,7,90,90,1,50534090,50534090
2005|key|E04|50534|3,8,100,100,1,50534100,50534100
2005|key|E05|50535|3,1,10,10,1,50535010,50535010
2005|key|E05|50535|3,2,20,20,1,50535020,50535020
2005|key|E05|50535|3,3,30,30,1,50535030,50535030
2005|key|E05|50535|3,4,40,40,1,50535040,50535040
2005|key|E05|50535|3,5,50,50,1,50535050,50535050
2005|key|E06|50536|3,1,10,10,1,50536010,50536010
2005|key|E06|50536|3,2,20,20,1,50536020,50536020
2005|key|E06|50536|3,3,30,30,1,50536030,50536030
2005|key|E06|50536|3,4,40,40,1,50536040,50536040
2005|key|E07|50537|3,1,10,10,1,50537010,50537010
2005|key|E07|50537|3,2,20,20,1,50537020,50537020
2005|key|E07|50537|3,3,30,30,1,50537030,50537030
2005|key|E07|50537|3,4,40,40,1,50537040,50537040
2005|key|E07|50537|3,5,50,50,1,50537050,50537050
2005|key|E08|50538|3,1,10,10,1,50538010,50538010
2005|key|E08|50538|3,2,20,20,1,50538020,50538020
2005|key|E08|50538|3,3,30,30,1,50538030,50538030
2005|key|E08|50538|3,4,40,40,1,50538040,50538040
2005|key|E08|50538|3,5,50,50,1,50538050,50538050
2005|key|E08|50538|3,6,60,60,1,50538060,50538060
2005|key|E08|50538|3,7,70,70,1,50538070,50538070
2005|key|E08|50538|3,8,80,80,1,50538080,50538080
2005|key|E09|50539|3,1,10,10,1,50539010,50539010
2005|key|E10|50538|3,1,90,90,1,50538090,50538090
2005|major_research_plan|E02|90501|3,1,4,4,1,90501004,90501004
2005|major_research_plan|E02|90505|3,1,10,11,2,90505010,90505011
2005|major_research_plan|E02|90510|3,1,6,6,1,90510006,90510006
2005|major_research_plan|E03|90501|3,1,1,3,3,90501001,90501003
2005|major_research_plan|E03|90501|3,2,5,5,1,90501005,90501005
2005|major_research_plan|E03|90505|3,1,8,8,1,90505008,90505008
2005|major_research_plan|E04|90510|3,1,1,2,2,90510001,90510002
2005|major_research_plan|E04|90510|3,2,5,5,1,90510005,90510005
2005|major_research_plan|E06|90505|3,1,9,9,1,90505009,90505009
2005|major_research_plan|E06|90505|3,2,12,12,1,90505012,90505012
2005|major_research_plan|E06|90510|3,1,3,3,1,90510003,90510003
2005|major_research_plan|E06|90510|3,2,20,20,1,90510020,90510020
2005|major_research_plan|E07|90510|3,1,14,15,2,90510014,90510015
2005|major_research_plan|E09|90510|3,1,7,7,1,90510007,90510007
2005|major_research_plan|E09|90510|3,2,11,11,1,90510011,90510011
2005|major_research_plan|E09|90510|3,3,17,18,2,90510017,90510018
2005|major_research_plan|E10|90510|3,1,9,9,1,90510009,90510009
2005|regional|E01|50561|3,1,1,4,4,50561001,50561004
2005|regional|E02|50562|3,1,1,3,3,50562001,50562003
2005|regional|E03|50563|3,1,1,2,2,50563001,50563002
2005|regional|E04|50564|3,1,1,6,6,50564001,50564006
2005|regional|E05|50565|3,1,1,4,4,50565001,50565004
2005|regional|E06|50566|3,1,1,1,1,50566001,50566001
2005|regional|E07|50567|3,1,1,1,1,50567001,50567001
2005|regional|E08|50568|3,1,2,4,3,50568002,50568004
2005|regional|E09|50569|3,1,1,1,1,50569001,50569001
2005|regional|E09|50569|3,2,3,4,2,50569003,50569004
2005|regional|E10|50568|3,1,1,1,1,50568001,50568001
2005|regional|E10|50569|3,1,2,2,1,50569002,50569002
2005|special|E01|E0524|3,1,117,117,1,E0524117,E0524117
2005|special|E01|50541|3,1,1,3,3,50541001,50541003
2005|special|E01|50541|3,2,36,36,1,50541036,50541036
2005|special|E02|E0524|3,1,207,207,1,E0524207,E0524207
2005|special|E02|E0524|3,2,210,210,1,E0524210,E0524210
2005|special|E02|E0524|3,3,220,221,2,E0524220,E0524221
2005|special|E02|50542|3,1,4,6,3,50542004,50542006
2005|special|E02|50542|3,2,31,32,2,50542031,50542032
2005|special|E02|50552|3,1,1,1,1,50552001,50552001
2005|special|E03|E0524|3,1,318,318,1,E0524318,E0524318
2005|special|E03|50527|3,1,301,301,1,50527301,50527301
2005|special|E03|50543|3,1,7,8,2,50543007,50543008
2005|special|E03|50543|3,2,22,22,1,50543022,50543022
2005|special|E04|E0524|3,1,411,411,1,E0524411,E0524411
2005|special|E04|E0524|3,2,415,416,2,E0524415,E0524416
2005|special|E04|50527|3,1,402,402,1,50527402,50527402
2005|special|E04|50544|3,1,9,10,2,50544009,50544010
2005|special|E04|50544|3,2,23,25,3,50544023,50544025
2005|special|E05|E0524|3,1,503,504,2,E0524503,E0524504
2005|special|E05|E0524|3,2,508,508,1,E0524508,E0524508
2005|special|E05|50545|3,1,11,12,2,50545011,50545012
2005|special|E05|50545|3,2,26,28,3,50545026,50545028
2005|special|E05|50545|3,3,35,35,1,50545035,50545035
2005|special|E06|E0524|3,1,605,605,1,E0524605,E0524605
2005|special|E06|E0524|3,2,619,619,1,E0524619,E0524619
2005|special|E06|50546|3,1,13,14,2,50546013,50546014
2005|special|E06|50546|3,2,21,21,1,50546021,50546021
2005|special|E06|50546|3,3,29,30,2,50546029,50546030
2005|special|E06|50556|3,1,2,2,1,50556002,50556002
2005|special|E07|E0524|3,1,706,706,1,E0524706,E0524706
2005|special|E08|E0524|3,1,812,814,3,E0524812,E0524814
2005|special|E08|50520|3,1,1,1,1,50520001,50520001
2005|special|E08|50527|3,1,803,803,1,50527803,50527803
2005|special|E08|50548|3,1,15,16,2,50548015,50548016
2005|special|E09|E0524|3,1,909,909,1,E0524909,E0524909
2005|special|E09|50549|3,1,18,18,1,50549018,50549018
2005|special|E10|50549|3,1,17,17,1,50549017,50549017
2005|youth_c|E01|50501|3,1,1,10,10,50501001,50501010
2005|youth_c|E01|50501|3,2,12,12,1,50501012,50501012
2005|youth_c|E01|50501|3,3,14,24,11,50501014,50501024
2005|youth_c|E02|50502|3,1,1,39,39,50502001,50502039
2005|youth_c|E03|50503|3,1,1,25,25,50503001,50503025
2005|youth_c|E04|50504|3,1,1,21,21,50504001,50504021
2005|youth_c|E05|50505|3,1,1,1,1,50505001,50505001
2005|youth_c|E05|50505|3,2,3,49,47,50505003,50505049
2005|youth_c|E05|50505|3,3,51,52,2,50505051,50505052
2005|youth_c|E06|50506|3,1,1,32,32,50506001,50506032
2005|youth_c|E07|50507|3,1,1,20,20,50507001,50507020
2005|youth_c|E08|50508|3,1,2,5,4,50508002,50508005
2005|youth_c|E08|50508|3,2,7,10,4,50508007,50508010
2005|youth_c|E08|50508|3,3,12,13,2,50508012,50508013
2005|youth_c|E08|50508|3,4,15,16,2,50508015,50508016
2005|youth_c|E08|50508|3,5,20,41,22,50508020,50508041
2005|youth_c|E08|50508|3,6,43,43,1,50508043,50508043
2005|youth_c|E09|50509|3,1,3,3,1,50509003,50509003
2005|youth_c|E09|50509|3,2,6,6,1,50509006,50509006
2005|youth_c|E09|50509|3,3,8,9,2,50509008,50509009
2005|youth_c|E09|50509|3,4,11,14,4,50509011,50509014
2005|youth_c|E09|50509|3,5,19,27,9,50509019,50509027
2005|youth_c|E10|50508|3,1,1,1,1,50508001,50508001
2005|youth_c|E10|50508|3,2,6,6,1,50508006,50508006
2005|youth_c|E10|50508|3,3,11,11,1,50508011,50508011
2005|youth_c|E10|50508|3,4,14,14,1,50508014,50508014
2005|youth_c|E10|50508|3,5,17,19,3,50508017,50508019
2005|youth_c|E10|50508|3,6,42,42,1,50508042,50508042
2005|youth_c|E10|50508|3,7,44,46,3,50508044,50508046
2005|youth_c|E10|50509|3,1,1,2,2,50509001,50509002
2005|youth_c|E10|50509|3,2,5,5,1,50509005,50509005
2005|youth_c|E10|50509|3,3,10,10,1,50509010,50509010
2005|youth_c|E10|50509|3,4,17,17,1,50509017,50509017
2005|youth_c|E11|50509|3,1,4,4,1,50509004,50509004
2005|youth_c|E11|50509|3,2,7,7,1,50509007,50509007
2005|youth_c|E11|50509|3,3,15,16,2,50509015,50509016
2005|youth_c|E11|50509|3,4,18,18,1,50509018,50509018
2006|general|E01|50671|3,1,1,61,61,50671001,50671061
2006|general|E01|50671|3,2,63,88,26,50671063,50671088
2006|general|E01|50671|3,3,90,100,11,50671090,50671100
2006|general|E01|50671|3,4,102,122,21,50671102,50671122
2006|general|E02|50672|3,1,1,90,90,50672001,50672090
2006|general|E02|50672|3,2,92,137,46,50672092,50672137
2006|general|E03|50673|3,1,1,104,104,50673001,50673104
2006|general|E04|50674|3,1,2,12,11,50674002,50674012
2006|general|E04|50674|3,2,14,19,6,50674014,50674019
2006|general|E04|50674|3,3,23,63,41,50674023,50674063
2006|general|E04|50674|3,4,65,111,47,50674065,50674111
2006|general|E05|50675|3,1,1,12,12,50675001,50675012
2006|general|E05|50675|3,2,14,20,7,50675014,50675020
2006|general|E05|50675|3,3,22,236,215,50675022,50675236
2006|general|E06|50676|3,1,1,113,113,50676001,50676113
2006|general|E07|50677|3,1,1,73,73,50677001,50677073
2006|general|E08|50678|3,1,1,6,6,50678001,50678006
2006|general|E08|50678|3,2,10,14,5,50678010,50678014
2006|general|E08|50678|3,3,16,16,1,50678016,50678016
2006|general|E08|50678|3,4,18,22,5,50678018,50678022
2006|general|E08|50678|3,5,25,30,6,50678025,50678030
2006|general|E08|50678|3,6,32,34,3,50678032,50678034
2006|general|E08|50678|3,7,36,40,5,50678036,50678040
2006|general|E08|50678|3,8,42,43,2,50678042,50678043
2006|general|E08|50678|3,9,50,61,12,50678050,50678061
2006|general|E08|50678|3,10,63,67,5,50678063,50678067
2006|general|E08|50678|3,11,69,70,2,50678069,50678070
2006|general|E08|50678|3,12,72,72,1,50678072,50678072
2006|general|E08|50678|3,13,74,79,6,50678074,50678079
2006|general|E08|50678|3,14,82,84,3,50678082,50678084
2006|general|E08|50678|3,15,86,88,3,50678086,50678088
2006|general|E08|50678|3,16,93,94,2,50678093,50678094
2006|general|E08|50678|3,17,96,101,6,50678096,50678101
2006|general|E08|50678|3,18,103,103,1,50678103,50678103
2006|general|E08|50678|3,19,105,106,2,50678105,50678106
2006|general|E08|50678|3,20,108,117,10,50678108,50678117
2006|general|E08|50678|3,21,119,124,6,50678119,50678124
2006|general|E08|50678|3,22,126,133,8,50678126,50678133
2006|general|E08|50678|3,23,135,151,17,50678135,50678151
2006|general|E08|50678|3,24,153,161,9,50678153,50678161
2006|general|E08|50678|3,25,163,164,2,50678163,50678164
2006|general|E08|50678|3,26,173,177,5,50678173,50678177
2006|general|E08|50678|3,27,179,183,5,50678179,50678183
2006|general|E09|50679|3,1,1,7,7,50679001,50679007
2006|general|E09|50679|3,2,9,9,1,50679009,50679009
2006|general|E09|50679|3,3,11,17,7,50679011,50679017
2006|general|E09|50679|3,4,20,25,6,50679020,50679025
2006|general|E09|50679|3,5,27,37,11,50679027,50679037
2006|general|E09|50679|3,6,39,48,10,50679039,50679048
2006|general|E09|50679|3,7,52,66,15,50679052,50679066
2006|general|E09|50679|3,8,68,70,3,50679068,50679070
2006|general|E09|50679|3,9,73,78,6,50679073,50679078
2006|general|E09|50679|3,10,80,82,3,50679080,50679082
2006|general|E09|50679|3,11,84,86,3,50679084,50679086
2006|general|E09|50679|3,12,89,89,1,50679089,50679089
2006|general|E10|50678|3,1,7,9,3,50678007,50678009
2006|general|E10|50678|3,2,15,15,1,50678015,50678015
2006|general|E10|50678|3,3,17,17,1,50678017,50678017
2006|general|E10|50678|3,4,23,24,2,50678023,50678024
2006|general|E10|50678|3,5,31,31,1,50678031,50678031
2006|general|E10|50678|3,6,35,35,1,50678035,50678035
2006|general|E10|50678|3,7,41,41,1,50678041,50678041
2006|general|E10|50678|3,8,44,49,6,50678044,50678049
2006|general|E10|50678|3,9,62,62,1,50678062,50678062
2006|general|E10|50678|3,10,68,68,1,50678068,50678068
2006|general|E10|50678|3,11,71,71,1,50678071,50678071
2006|general|E10|50678|3,12,73,73,1,50678073,50678073
2006|general|E10|50678|3,13,80,81,2,50678080,50678081
2006|general|E10|50678|3,14,85,85,1,50678085,50678085
2006|general|E10|50678|3,15,89,92,4,50678089,50678092
2006|general|E10|50678|3,16,95,95,1,50678095,50678095
2006|general|E10|50678|3,17,102,102,1,50678102,50678102
2006|general|E10|50678|3,18,104,104,1,50678104,50678104
2006|general|E10|50678|3,19,107,107,1,50678107,50678107
2006|general|E10|50678|3,20,118,118,1,50678118,50678118
2006|general|E10|50678|3,21,125,125,1,50678125,50678125
2006|general|E10|50678|3,22,162,162,1,50678162,50678162
2006|general|E10|50678|3,23,165,172,8,50678165,50678172
2006|general|E10|50678|3,24,178,178,1,50678178,50678178
2006|general|E10|50679|3,1,18,19,2,50679018,50679019
2006|general|E10|50679|3,2,26,26,1,50679026,50679026
2006|general|E10|50679|3,3,38,38,1,50679038,50679038
2006|general|E10|50679|3,4,49,50,2,50679049,50679050
2006|general|E10|50679|3,5,67,67,1,50679067,50679067
2006|general|E10|50679|3,6,71,72,2,50679071,50679072
2006|general|E10|50679|3,7,87,88,2,50679087,50679088
2006|general|E11|50679|3,1,8,8,1,50679008,50679008
2006|general|E11|50679|3,2,10,10,1,50679010,50679010
2006|general|E11|50679|3,3,51,51,1,50679051,50679051
2006|general|E11|50679|3,4,79,79,1,50679079,50679079
2006|general|E11|50679|3,5,83,83,1,50679083,50679083
2006|joint_fund|E01|50671|3,1,62,62,1,50671062,50671062
2006|joint_fund|E01|50671|3,2,89,89,1,50671089,50671089
2006|joint_fund|E01|50671|3,3,101,101,1,50671101,50671101
2006|joint_fund|E02|U0634|3,1,2,2,1,U0634002,U0634002
2006|joint_fund|E02|U0634|3,2,6,6,1,U0634006,U0634006
2006|joint_fund|E03|U0634|3,1,1,1,1,U0634001,U0634001
2006|joint_fund|E03|U0634|3,2,4,4,1,U0634004,U0634004
2006|joint_fund|E04|50634|3,1,30,30,1,50634030,50634030
2006|joint_fund|E04|50634|3,2,40,40,1,50634040,50634040
2006|joint_fund|E04|50674|3,1,1,1,1,50674001,50674001
2006|joint_fund|E04|50674|3,2,13,13,1,50674013,50674013
2006|joint_fund|E04|50674|3,3,20,22,3,50674020,50674022
2006|joint_fund|E04|50674|3,4,64,64,1,50674064,50674064
2006|joint_fund|E05|U0635|3,1,2,2,1,U0635002,U0635002
2006|joint_fund|E05|50675|3,1,21,21,1,50675021,50675021
2006|joint_fund|E06|U0634|3,1,5,5,1,U0634005,U0634005
2006|joint_fund|E09|50639|3,1,50,50,1,50639050,50639050
2006|joint_fund|E09|50639|3,2,60,60,1,50639060,50639060
2006|joint_fund|E09|50639|3,3,80,80,1,50639080,50639080
2006|joint_fund|E09|50639|3,4,90,90,1,50639090,50639090
2006|joint_fund|E09|50639|3,5,100,100,1,50639100,50639100
2006|joint_fund|E09|50679|3,1,90,93,4,50679090,50679093
2006|joint_fund|E09|50679|3,2,97,98,2,50679097,50679098
2006|joint_fund|E10|50639|3,1,70,70,1,50639070,50639070
2006|joint_fund|E10|50679|3,1,94,96,3,50679094,50679096
2006|key|E01|50631|3,1,10,10,1,50631010,50631010
2006|key|E01|50631|3,2,20,20,1,50631020,50631020
2006|key|E01|50631|3,3,30,30,1,50631030,50631030
2006|key|E01|50631|3,4,40,40,1,50631040,50631040
2006|key|E02|50632|3,1,10,10,1,50632010,50632010
2006|key|E02|50632|3,2,20,20,1,50632020,50632020
2006|key|E02|50632|3,3,30,30,1,50632030,50632030
2006|key|E02|50632|3,4,40,40,1,50632040,50632040
2006|key|E02|50632|3,5,50,50,1,50632050,50632050
2006|key|E02|50632|3,6,60,60,1,50632060,50632060
2006|key|E02|50632|3,7,70,70,1,50632070,50632070
2006|key|E03|50633|3,1,10,10,1,50633010,50633010
2006|key|E03|50633|3,2,20,20,1,50633020,50633020
2006|key|E03|50633|3,3,30,30,1,50633030,50633030
2006|key|E03|50633|3,4,40,40,1,50633040,50633040
2006|key|E03|50633|3,5,50,50,1,50633050,50633050
2006|key|E04|50634|3,1,10,10,1,50634010,50634010
2006|key|E04|50634|3,2,20,20,1,50634020,50634020
2006|key|E04|50634|3,3,50,50,1,50634050,50634050
2006|key|E04|50634|3,4,60,60,1,50634060,50634060
2006|key|E05|50635|3,1,10,10,1,50635010,50635010
2006|key|E05|50635|3,2,20,20,1,50635020,50635020
2006|key|E05|50635|3,3,30,30,1,50635030,50635030
2006|key|E05|50635|3,4,40,40,1,50635040,50635040
2006|key|E05|50635|3,5,50,50,1,50635050,50635050
2006|key|E05|50635|3,6,60,60,1,50635060,50635060
2006|key|E06|50636|3,1,10,10,1,50636010,50636010
2006|key|E06|50636|3,2,20,20,1,50636020,50636020
2006|key|E06|50636|3,3,30,30,1,50636030,50636030
2006|key|E06|50636|3,4,40,40,1,50636040,50636040
2006|key|E06|50636|3,5,50,50,1,50636050,50636050
2006|key|E07|50637|3,1,10,10,1,50637010,50637010
2006|key|E07|50637|3,2,20,20,1,50637020,50637020
2006|key|E08|50638|3,1,10,10,1,50638010,50638010
2006|key|E08|50638|3,2,30,30,1,50638030,50638030
2006|key|E08|50638|3,3,40,40,1,50638040,50638040
2006|key|E08|50638|3,4,50,50,1,50638050,50638050
2006|key|E09|50639|3,1,10,10,1,50639010,50639010
2006|key|E09|50639|3,2,20,20,1,50639020,50639020
2006|key|E09|50639|3,3,30,30,1,50639030,50639030
2006|key|E09|50639|3,4,40,40,1,50639040,50639040
2006|key|E10|50638|3,1,20,20,1,50638020,50638020
2006|major_research_plan|E02|90601|3,1,2,3,2,90601002,90601003
2006|major_research_plan|E02|90606|3,1,8,8,1,90606008,90606008
2006|major_research_plan|E02|90606|3,2,21,23,3,90606021,90606023
2006|major_research_plan|E02|90606|3,3,32,32,1,90606032,90606032
2006|major_research_plan|E02|90610|3,1,11,11,1,90610011,90610011
2006|major_research_plan|E04|90610|3,1,12,15,4,90610012,90610015
2006|major_research_plan|E05|90607|3,1,14,14,1,90607014,90607014
2006|major_research_plan|E06|90610|3,1,16,23,8,90610016,90610023
2006|major_research_plan|E06|90610|3,2,34,35,2,90610034,90610035
2006|major_research_plan|E07|90610|3,1,24,24,1,90610024,90610024
2006|major_research_plan|E07|90610|3,2,26,26,1,90610026,90610026
2006|major_research_plan|E09|90610|3,1,27,29,3,90610027,90610029
2006|major_research_plan|E10|90610|3,1,30,30,1,90610030,90610030
2006|major_research_plan|E10|90610|3,2,37,37,1,90610037,90610037
2006|regional|E01|50661|3,1,1,5,5,50661001,50661005
2006|regional|E02|50662|3,1,1,6,6,50662001,50662006
2006|regional|E03|50663|3,1,1,3,3,50663001,50663003
2006|regional|E04|50664|3,1,1,8,8,50664001,50664008
2006|regional|E05|50665|3,1,1,5,5,50665001,50665005
2006|regional|E06|50666|3,1,1,1,1,50666001,50666001
2006|regional|E07|50667|3,1,1,2,2,50667001,50667002
2006|regional|E08|50668|3,1,1,3,3,50668001,50668003
2006|regional|E09|50669|3,1,1,2,2,50669001,50669002
2006|regional|E09|50669|3,2,5,7,3,50669005,50669007
2006|regional|E10|50669|3,1,3,4,2,50669003,50669004
2006|special|E01|E0624|3,1,101,101,1,E0624101,E0624101
2006|special|E01|E0624|3,2,109,109,1,E0624109,E0624109
2006|special|E01|50641|3,1,1,1,1,50641001,50641001
2006|special|E01|50641|3,2,6,7,2,50641006,50641007
2006|special|E02|E0624|3,1,204,204,1,E0624204,E0624204
2006|special|E02|50642|3,1,8,11,4,50642008,50642011
2006|special|E02|50642|3,2,33,34,2,50642033,50642034
2006|special|E02|50642|3,3,38,39,2,50642038,50642039
2006|special|E02|50642|3,4,42,42,1,50642042,50642042
2006|special|E03|50643|3,1,12,14,3,50643012,50643014
2006|special|E04|E0624|3,1,407,407,1,E0624407,E0624407
2006|special|E04|E0624|3,2,410,410,1,E0624410,E0624410
2006|special|E04|E0624|3,3,415,415,1,E0624415,E0624415
2006|special|E04|50644|3,1,15,17,3,50644015,50644017
2006|special|E04|50644|3,2,40,41,2,50644040,50644041
2006|special|E05|E0624|3,1,502,503,2,E0624502,E0624503
2006|special|E05|E0624|3,2,506,506,1,E0624506,E0624506
2006|special|E05|E0624|3,3,511,512,2,E0624511,E0624512
2006|special|E05|E0624|3,4,514,514,1,E0624514,E0624514
2006|special|E05|50627|3,1,501,502,2,50627501,50627502
2006|special|E05|50645|3,1,18,20,3,50645018,50645020
2006|special|E05|50645|3,2,32,32,1,50645032,50645032
2006|special|E06|50646|3,1,3,3,1,50646003,50646003
2006|special|E06|50646|3,2,5,5,1,50646005,50646005
2006|special|E06|50646|3,3,21,24,4,50646021,50646024
2006|special|E06|50646|3,4,37,37,1,50646037,50646037
2006|special|E07|50647|3,1,2,2,1,50647002,50647002
2006|special|E07|50647|3,2,25,26,2,50647025,50647026
2006|special|E07|50647|3,3,31,31,1,50647031,50647031
2006|special|E08|E0624|3,1,808,808,1,E0624808,E0624808
2006|special|E08|50620|3,1,1,1,1,50620001,50620001
2006|special|E08|50648|3,1,27,27,1,50648027,50648027
2006|special|E08|50658|3,1,1,1,1,50658001,50658001
2006|special|E09|50649|3,1,28,29,2,50649028,50649029
2006|youth_c|E01|50601|3,1,1,29,29,50601001,50601029
2006|youth_c|E02|50602|3,1,1,14,14,50602001,50602014
2006|youth_c|E02|50602|3,2,16,51,36,50602016,50602051
2006|youth_c|E03|50603|3,1,1,32,32,50603001,50603032
2006|youth_c|E04|50604|3,1,1,22,22,50604001,50604022
2006|youth_c|E05|50605|3,1,1,66,66,50605001,50605066
2006|youth_c|E06|50606|3,1,1,38,38,50606001,50606038
2006|youth_c|E07|50607|3,1,1,23,23,50607001,50607023
2006|youth_c|E08|50608|3,1,2,10,9,50608002,50608010
2006|youth_c|E08|50608|3,2,12,19,8,50608012,50608019
2006|youth_c|E08|50608|3,3,21,27,7,50608021,50608027
2006|youth_c|E08|50608|3,4,30,33,4,50608030,50608033
2006|youth_c|E08|50608|3,5,35,39,5,50608035,50608039
2006|youth_c|E08|50608|3,6,41,44,4,50608041,50608044
2006|youth_c|E08|50608|3,7,47,48,2,50608047,50608048
2006|youth_c|E08|50608|3,8,51,51,1,50608051,50608051
2006|youth_c|E08|50608|3,9,53,55,3,50608053,50608055
2006|youth_c|E08|50608|3,10,57,63,7,50608057,50608063
2006|youth_c|E08|50608|3,11,66,66,1,50608066,50608066
2006|youth_c|E08|50608|3,12,69,69,1,50608069,50608069
2006|youth_c|E08|50608|3,13,72,72,1,50608072,50608072
2006|youth_c|E09|50609|3,1,2,2,1,50609002,50609002
2006|youth_c|E09|50609|3,2,4,7,4,50609004,50609007
2006|youth_c|E09|50609|3,3,10,10,1,50609010,50609010
2006|youth_c|E09|50609|3,4,12,14,3,50609012,50609014
2006|youth_c|E09|50609|3,5,16,32,17,50609016,50609032
2006|youth_c|E10|50608|3,1,1,1,1,50608001,50608001
2006|youth_c|E10|50608|3,2,11,11,1,50608011,50608011
2006|youth_c|E10|50608|3,3,20,20,1,50608020,50608020
2006|youth_c|E10|50608|3,4,28,29,2,50608028,50608029
2006|youth_c|E10|50608|3,5,34,34,1,50608034,50608034
2006|youth_c|E10|50608|3,6,40,40,1,50608040,50608040
2006|youth_c|E10|50608|3,7,45,46,2,50608045,50608046
2006|youth_c|E10|50608|3,8,49,50,2,50608049,50608050
2006|youth_c|E10|50608|3,9,52,52,1,50608052,50608052
2006|youth_c|E10|50608|3,10,56,56,1,50608056,50608056
2006|youth_c|E10|50608|3,11,64,65,2,50608064,50608065
2006|youth_c|E10|50608|3,12,67,68,2,50608067,50608068
2006|youth_c|E10|50608|3,13,70,71,2,50608070,50608071
2006|youth_c|E10|50609|3,1,8,8,1,50609008,50609008
2006|youth_c|E10|50609|3,2,11,11,1,50609011,50609011
2006|youth_c|E11|50609|3,1,1,1,1,50609001,50609001
2006|youth_c|E11|50609|3,2,3,3,1,50609003,50609003
2006|youth_c|E11|50609|3,3,9,9,1,50609009,50609009
2006|youth_c|E11|50609|3,4,15,15,1,50609015,50609015
2007|general|E01|50771|3,1,1,106,106,50771001,50771106
2007|general|E02|50772|3,1,1,136,136,50772001,50772136
2007|general|E03|50773|3,1,1,97,97,50773001,50773097
2007|general|E04|50774|3,1,1,107,107,50774001,50774107
2007|general|E05|50775|3,1,1,45,45,50775001,50775045
2007|general|E05|50775|3,2,47,102,56,50775047,50775102
2007|general|E05|50775|3,3,104,230,127,50775104,50775230
2007|general|E06|50776|3,1,1,48,48,50776001,50776048
2007|general|E06|50776|3,2,50,103,54,50776050,50776103
2007|general|E07|50777|3,1,1,71,71,50777001,50777071
2007|general|E08|50778|3,1,2,2,1,50778002,50778002
2007|general|E08|50778|3,2,6,8,3,50778006,50778008
2007|general|E08|50778|3,3,10,27,18,50778010,50778027
2007|general|E08|50778|3,4,29,32,4,50778029,50778032
2007|general|E08|50778|3,5,34,35,2,50778034,50778035
2007|general|E08|50778|3,6,37,47,11,50778037,50778047
2007|general|E08|50778|3,7,54,61,8,50778054,50778061
2007|general|E08|50778|3,8,63,64,2,50778063,50778064
2007|general|E08|50778|3,9,67,79,13,50778067,50778079
2007|general|E08|50778|3,10,82,82,1,50778082,50778082
2007|general|E08|50778|3,11,84,87,4,50778084,50778087
2007|general|E08|50778|3,12,91,94,4,50778091,50778094
2007|general|E08|50778|3,13,101,109,9,50778101,50778109
2007|general|E08|50778|3,14,111,120,10,50778111,50778120
2007|general|E08|50778|3,15,122,138,17,50778122,50778138
2007|general|E08|50778|3,16,140,145,6,50778140,50778145
2007|general|E08|50778|3,17,149,155,7,50778149,50778155
2007|general|E08|50778|3,18,157,157,1,50778157,50778157
2007|general|E08|50778|3,19,159,167,9,50778159,50778167
2007|general|E08|50778|3,20,173,182,10,50778173,50778182
2007|general|E08|50778|3,21,184,186,3,50778184,50778186
2007|general|E09|50779|3,1,1,2,2,50779001,50779002
2007|general|E09|50779|3,2,5,5,1,50779005,50779005
2007|general|E09|50779|3,3,7,7,1,50779007,50779007
2007|general|E09|50779|3,4,9,14,6,50779009,50779014
2007|general|E09|50779|3,5,17,25,9,50779017,50779025
2007|general|E09|50779|3,6,28,44,17,50779028,50779044
2007|general|E09|50779|3,7,46,71,26,50779046,50779071
2007|general|E09|50779|3,8,73,74,2,50779073,50779074
2007|general|E09|50779|3,9,76,79,4,50779076,50779079
2007|general|E09|50779|3,10,81,82,2,50779081,50779082
2007|general|E10|50778|3,1,1,1,1,50778001,50778001
2007|general|E10|50778|3,2,3,5,3,50778003,50778005
2007|general|E10|50778|3,3,9,9,1,50778009,50778009
2007|general|E10|50778|3,4,28,28,1,50778028,50778028
2007|general|E10|50778|3,5,33,33,1,50778033,50778033
2007|general|E10|50778|3,6,36,36,1,50778036,50778036
2007|general|E10|50778|3,7,48,53,6,50778048,50778053
2007|general|E10|50778|3,8,62,62,1,50778062,50778062
2007|general|E10|50778|3,9,65,66,2,50778065,50778066
2007|general|E10|50778|3,10,80,81,2,50778080,50778081
2007|general|E10|50778|3,11,83,83,1,50778083,50778083
2007|general|E10|50778|3,12,88,90,3,50778088,50778090
2007|general|E10|50778|3,13,95,100,6,50778095,50778100
2007|general|E10|50778|3,14,110,110,1,50778110,50778110
2007|general|E10|50778|3,15,121,121,1,50778121,50778121
2007|general|E10|50778|3,16,139,139,1,50778139,50778139
2007|general|E10|50778|3,17,146,148,3,50778146,50778148
2007|general|E10|50778|3,18,156,156,1,50778156,50778156
2007|general|E10|50778|3,19,158,158,1,50778158,50778158
2007|general|E10|50778|3,20,168,172,5,50778168,50778172
2007|general|E10|50778|3,21,183,183,1,50778183,50778183
2007|general|E10|50779|3,1,6,6,1,50779006,50779006
2007|general|E10|50779|3,2,16,16,1,50779016,50779016
2007|general|E10|50779|3,3,26,27,2,50779026,50779027
2007|general|E10|50779|3,4,75,75,1,50779075,50779075
2007|general|E10|50779|3,5,80,80,1,50779080,50779080
2007|general|E11|50779|3,1,3,4,2,50779003,50779004
2007|general|E11|50779|3,2,8,8,1,50779008,50779008
2007|general|E11|50779|3,3,15,15,1,50779015,50779015
2007|general|E11|50779|3,4,45,45,1,50779045,50779045
2007|general|E11|50779|3,5,72,72,1,50779072,50779072
2007|joint_fund|E01|U0734|3,1,6,6,1,U0734006,U0734006
2007|joint_fund|E01|U0774|3,1,1,1,1,U0774001,U0774001
2007|joint_fund|E01|50771|3,1,107,111,5,50771107,50771111
2007|joint_fund|E02|U0734|3,1,1,5,5,U0734001,U0734005
2007|joint_fund|E02|50772|3,1,137,137,1,50772137,50772137
2007|joint_fund|E04|50734|3,1,1,2,2,50734001,50734002
2007|joint_fund|E04|50734|3,2,4,4,1,50734004,50734004
2007|joint_fund|E04|50774|3,1,108,113,6,50774108,50774113
2007|joint_fund|E05|U0734|3,1,7,8,2,U0734007,U0734008
2007|key|E01|50731|3,1,1,8,8,50731001,50731008
2007|key|E02|50730|3,1,1,5,5,50730001,50730005
2007|key|E02|50732|3,1,1,6,6,50732001,50732006
2007|key|E03|50733|3,1,1,4,4,50733001,50733004
2007|key|E04|50734|3,1,5,8,4,50734005,50734008
2007|key|E05|50730|3,1,7,9,3,50730007,50730009
2007|key|E05|50735|3,1,1,8,8,50735001,50735008
2007|key|E06|50730|3,1,6,6,1,50730006,50730006
2007|key|E06|50736|3,1,1,7,7,50736001,50736007
2007|key|E07|50737|3,1,1,4,4,50737001,50737004
2007|key|E08|50738|3,1,1,5,5,50738001,50738005
2007|key|E08|50738|3,2,7,7,1,50738007,50738007
2007|key|E09|50739|3,1,1,3,3,50739001,50739003
2007|key|E10|50738|3,1,6,6,1,50738006,50738006
2007|key|E11|50739|3,1,4,4,1,50739004,50739004
2007|major_research_plan|E02|90701|3,1,2,2,1,90701002,90701002
2007|major_research_plan|E02|90701|3,2,6,6,1,90701006,90701006
2007|major_research_plan|E02|90716|3,1,22,24,3,90716022,90716024
2007|major_research_plan|E03|90701|3,1,1,1,1,90701001,90701001
2007|major_research_plan|E03|90701|3,2,3,5,3,90701003,90701005
2007|major_research_plan|E06|90716|3,1,25,25,1,90716025,90716025
2007|major_research_plan|E07|90716|3,1,26,26,1,90716026,90716026
2007|major_research_plan|E08|90715|3,1,2,25,24,90715002,90715025
2007|major_research_plan|E08|90715|3,2,32,40,9,90715032,90715040
2007|major_research_plan|E09|90715|3,1,26,28,3,90715026,90715028
2007|major_research_plan|E09|90715|3,2,41,42,2,90715041,90715042
2007|regional|E01|50761|3,1,1,7,7,50761001,50761007
2007|regional|E02|50762|3,1,1,6,6,50762001,50762006
2007|regional|E03|50763|3,1,1,6,6,50763001,50763006
2007|regional|E04|50764|3,1,1,9,9,50764001,50764009
2007|regional|E05|50765|3,1,1,8,8,50765001,50765008
2007|regional|E06|50766|3,1,1,2,2,50766001,50766002
2007|regional|E07|50767|3,1,1,3,3,50767001,50767003
2007|regional|E08|50768|3,1,1,5,5,50768001,50768005
2007|regional|E08|50768|3,2,7,10,4,50768007,50768010
2007|regional|E09|50769|3,1,1,8,8,50769001,50769008
2007|regional|E10|50768|3,1,6,6,1,50768006,50768006
2007|special|E01|50741|3,1,1,5,5,50741001,50741005
2007|special|E01|50741|3,2,34,35,2,50741034,50741035
2007|special|E02|50742|3,1,6,9,4,50742006,50742009
2007|special|E02|50742|3,2,36,37,2,50742036,50742037
2007|special|E02|50742|3,3,46,46,1,50742046,50742046
2007|special|E02|50752|3,1,1,2,2,50752001,50752002
2007|special|E03|50743|3,1,10,13,4,50743010,50743013
2007|special|E03|50743|3,2,38,38,1,50743038,50743038
2007|special|E03|50743|3,3,42,42,1,50743042,50743042
2007|special|E03|50753|3,1,3,3,1,50753003,50753003
2007|special|E04|50727|3,1,401,401,1,50727401,50727401
2007|special|E04|50744|3,1,14,16,3,50744014,50744016
2007|special|E04|50744|3,2,44,44,1,50744044,50744044
2007|special|E05|E0724|3,1,502,503,2,E0724502,E0724503
2007|special|E05|E0724|3,2,505,507,3,E0724505,E0724507
2007|special|E05|50727|3,1,502,502,1,50727502,50727502
2007|special|E05|50745|3,1,17,20,4,50745017,50745020
2007|special|E05|50745|3,2,39,40,2,50745039,50745040
2007|special|E05|50745|3,3,48,48,1,50745048,50745048
2007|special|E06|50720|3,1,1,1,1,50720001,50720001
2007|special|E06|50746|3,1,1,1,1,50746001,50746001
2007|special|E06|50746|3,2,4,4,1,50746004,50746004
2007|special|E06|50746|3,3,21,23,3,50746021,50746023
2007|special|E06|50746|3,4,41,41,1,50746041,50746041
2007|special|E07|E0724|3,1,710,710,1,E0724710,E0724710
2007|special|E07|50747|3,1,24,26,3,50747024,50747026
2007|special|E07|50747|3,2,43,43,1,50747043,50747043
2007|special|E07|50747|3,3,47,47,1,50747047,50747047
2007|special|E08|E0724|3,1,804,804,1,E0724804,E0724804
2007|special|E08|50748|3,1,28,29,2,50748028,50748029
2007|special|E08|50748|3,2,33,33,1,50748033,50748033
2007|special|E09|E0724|3,1,908,909,2,E0724908,E0724909
2007|special|E09|50727|3,1,904,904,1,50727904,50727904
2007|special|E09|50749|3,1,30,30,1,50749030,50749030
2007|special|E09|50749|3,2,32,32,1,50749032,50749032
2007|special|E10|50727|3,1,803,803,1,50727803,50727803
2007|special|E10|50748|3,1,27,27,1,50748027,50748027
2007|special|E10|50749|3,1,31,31,1,50749031,50749031
2007|special|E10|50749|3,2,45,45,1,50749045,50749045
2007|youth_c|E01|50701|3,1,1,48,48,50701001,50701048
2007|youth_c|E02|50702|3,1,1,80,80,50702001,50702080
2007|youth_c|E03|50703|3,1,1,48,48,50703001,50703048
2007|youth_c|E04|50704|3,1,1,41,41,50704001,50704041
2007|youth_c|E05|50705|3,1,1,100,100,50705001,50705100
2007|youth_c|E06|50706|3,1,1,36,36,50706001,50706036
2007|youth_c|E06|50706|3,2,38,59,22,50706038,50706059
2007|youth_c|E07|50707|3,1,1,36,36,50707001,50707036
2007|youth_c|E08|50708|3,1,1,5,5,50708001,50708005
2007|youth_c|E08|50708|3,2,9,20,12,50708009,50708020
2007|youth_c|E08|50708|3,3,22,23,2,50708022,50708023
2007|youth_c|E08|50708|3,4,27,31,5,50708027,50708031
2007|youth_c|E08|50708|3,5,33,36,4,50708033,50708036
2007|youth_c|E08|50708|3,6,38,38,1,50708038,50708038
2007|youth_c|E08|50708|3,7,40,43,4,50708040,50708043
2007|youth_c|E08|50708|3,8,45,48,4,50708045,50708048
2007|youth_c|E08|50708|3,9,51,57,7,50708051,50708057
2007|youth_c|E08|50708|3,10,59,60,2,50708059,50708060
2007|youth_c|E08|50708|3,11,62,62,1,50708062,50708062
2007|youth_c|E08|50708|3,12,65,65,1,50708065,50708065
2007|youth_c|E08|50708|3,13,70,87,18,50708070,50708087
2007|youth_c|E08|50708|3,14,92,100,9,50708092,50708100
2007|youth_c|E08|50708|3,15,104,105,2,50708104,50708105
2007|youth_c|E08|50708|3,16,112,118,7,50708112,50708118
2007|youth_c|E09|50709|3,1,2,2,1,50709002,50709002
2007|youth_c|E09|50709|3,2,4,4,1,50709004,50709004
2007|youth_c|E09|50709|3,3,6,8,3,50709006,50709008
2007|youth_c|E09|50709|3,4,11,15,5,50709011,50709015
2007|youth_c|E09|50709|3,5,17,17,1,50709017,50709017
2007|youth_c|E09|50709|3,6,20,22,3,50709020,50709022
2007|youth_c|E09|50709|3,7,24,31,8,50709024,50709031
2007|youth_c|E09|50709|3,8,34,43,10,50709034,50709043
2007|youth_c|E09|50709|3,9,45,45,1,50709045,50709045
2007|youth_c|E10|50708|3,1,6,8,3,50708006,50708008
2007|youth_c|E10|50708|3,2,21,21,1,50708021,50708021
2007|youth_c|E10|50708|3,3,24,26,3,50708024,50708026
2007|youth_c|E10|50708|3,4,32,32,1,50708032,50708032
2007|youth_c|E10|50708|3,5,37,37,1,50708037,50708037
2007|youth_c|E10|50708|3,6,39,39,1,50708039,50708039
2007|youth_c|E10|50708|3,7,44,44,1,50708044,50708044
2007|youth_c|E10|50708|3,8,49,50,2,50708049,50708050
2007|youth_c|E10|50708|3,9,58,58,1,50708058,50708058
2007|youth_c|E10|50708|3,10,61,61,1,50708061,50708061
2007|youth_c|E10|50708|3,11,63,64,2,50708063,50708064
2007|youth_c|E10|50708|3,12,66,69,4,50708066,50708069
2007|youth_c|E10|50708|3,13,88,91,4,50708088,50708091
2007|youth_c|E10|50708|3,14,101,103,3,50708101,50708103
2007|youth_c|E10|50708|3,15,106,106,1,50708106,50708106
2007|youth_c|E10|50708|3,16,108,111,4,50708108,50708111
2007|youth_c|E10|50709|3,1,1,1,1,50709001,50709001
2007|youth_c|E10|50709|3,2,3,3,1,50709003,50709003
2007|youth_c|E10|50709|3,3,9,10,2,50709009,50709010
2007|youth_c|E10|50709|3,4,16,16,1,50709016,50709016
2007|youth_c|E10|50709|3,5,23,23,1,50709023,50709023
2007|youth_c|E10|50709|3,6,33,33,1,50709033,50709033
2007|youth_c|E10|50709|3,7,44,44,1,50709044,50709044
2007|youth_c|E10|50709|3,8,46,46,1,50709046,50709046
2007|youth_c|E11|50709|3,1,5,5,1,50709005,50709005
2007|youth_c|E11|50709|3,2,18,19,2,50709018,50709019
2007|youth_c|E11|50709|3,3,32,32,1,50709032,50709032
2008|general|E01|50871|3,1,1,126,126,50871001,50871126
2008|general|E02|50872|3,1,1,160,160,50872001,50872160
2008|general|E03|50873|3,1,1,116,116,50873001,50873116
2008|general|E04|50874|3,1,1,126,126,50874001,50874126
2008|general|E05|50875|3,1,1,272,272,50875001,50875272
2008|general|E06|50876|3,1,1,23,23,50876001,50876023
2008|general|E06|50876|3,2,25,120,96,50876025,50876120
2008|general|E07|50877|3,1,1,83,83,50877001,50877083
2008|general|E08|50878|3,1,7,13,7,50878007,50878013
2008|general|E08|50878|3,2,15,23,9,50878015,50878023
2008|general|E08|50878|3,3,25,27,3,50878025,50878027
2008|general|E08|50878|3,4,29,33,5,50878029,50878033
2008|general|E08|50878|3,5,35,40,6,50878035,50878040
2008|general|E08|50878|3,6,42,57,16,50878042,50878057
2008|general|E08|50878|3,7,59,60,2,50878059,50878060
2008|general|E08|50878|3,8,64,71,8,50878064,50878071
2008|general|E08|50878|3,9,73,73,1,50878073,50878073
2008|general|E08|50878|3,10,75,78,4,50878075,50878078
2008|general|E08|50878|3,11,81,100,20,50878081,50878100
2008|general|E08|50878|3,12,104,106,3,50878104,50878106
2008|general|E08|50878|3,13,109,112,4,50878109,50878112
2008|general|E08|50878|3,14,116,119,4,50878116,50878119
2008|general|E08|50878|3,15,122,125,4,50878122,50878125
2008|general|E08|50878|3,16,128,135,8,50878128,50878135
2008|general|E08|50878|3,17,137,137,1,50878137,50878137
2008|general|E08|50878|3,18,139,139,1,50878139,50878139
2008|general|E08|50878|3,19,141,162,22,50878141,50878162
2008|general|E08|50878|3,20,167,172,6,50878167,50878172
2008|general|E08|50878|3,21,174,177,4,50878174,50878177
2008|general|E08|50878|3,22,181,189,9,50878181,50878189
2008|general|E08|50878|3,23,191,194,4,50878191,50878194
2008|general|E08|50878|3,24,196,200,5,50878196,50878200
2008|general|E08|50878|3,25,202,202,1,50878202,50878202
2008|general|E08|50878|3,26,207,220,14,50878207,50878220
2008|general|E09|50879|3,1,1,1,1,50879001,50879001
2008|general|E09|50879|3,2,3,4,2,50879003,50879004
2008|general|E09|50879|3,3,6,8,3,50879006,50879008
2008|general|E09|50879|3,4,11,11,1,50879011,50879011
2008|general|E09|50879|3,5,15,17,3,50879015,50879017
2008|general|E09|50879|3,6,19,24,6,50879019,50879024
2008|general|E09|50879|3,7,26,26,1,50879026,50879026
2008|general|E09|50879|3,8,28,28,1,50879028,50879028
2008|general|E09|50879|3,9,33,42,10,50879033,50879042
2008|general|E09|50879|3,10,44,44,1,50879044,50879044
2008|general|E09|50879|3,11,46,51,6,50879046,50879051
2008|general|E09|50879|3,12,54,56,3,50879054,50879056
2008|general|E09|50879|3,13,58,65,8,50879058,50879065
2008|general|E09|50879|3,14,67,74,8,50879067,50879074
2008|general|E09|50879|3,15,76,82,7,50879076,50879082
2008|general|E09|50879|3,16,84,84,1,50879084,50879084
2008|general|E09|50879|3,17,87,89,3,50879087,50879089
2008|general|E09|50879|3,18,91,91,1,50879091,50879091
2008|general|E09|50879|3,19,94,98,5,50879094,50879098
2008|general|E10|50878|3,1,1,6,6,50878001,50878006
2008|general|E10|50878|3,2,14,14,1,50878014,50878014
2008|general|E10|50878|3,3,24,24,1,50878024,50878024
2008|general|E10|50878|3,4,28,28,1,50878028,50878028
2008|general|E10|50878|3,5,34,34,1,50878034,50878034
2008|general|E10|50878|3,6,41,41,1,50878041,50878041
2008|general|E10|50878|3,7,58,58,1,50878058,50878058
2008|general|E10|50878|3,8,61,63,3,50878061,50878063
2008|general|E10|50878|3,9,72,72,1,50878072,50878072
2008|general|E10|50878|3,10,74,74,1,50878074,50878074
2008|general|E10|50878|3,11,79,80,2,50878079,50878080
2008|general|E10|50878|3,12,101,103,3,50878101,50878103
2008|general|E10|50878|3,13,107,108,2,50878107,50878108
2008|general|E10|50878|3,14,113,115,3,50878113,50878115
2008|general|E10|50878|3,15,120,121,2,50878120,50878121
2008|general|E10|50878|3,16,126,127,2,50878126,50878127
2008|general|E10|50878|3,17,136,136,1,50878136,50878136
2008|general|E10|50878|3,18,138,138,1,50878138,50878138
2008|general|E10|50878|3,19,140,140,1,50878140,50878140
2008|general|E10|50878|3,20,163,166,4,50878163,50878166
2008|general|E10|50878|3,21,173,173,1,50878173,50878173
2008|general|E10|50878|3,22,178,180,3,50878178,50878180
2008|general|E10|50878|3,23,190,190,1,50878190,50878190
2008|general|E10|50878|3,24,195,195,1,50878195,50878195
2008|general|E10|50878|3,25,201,201,1,50878201,50878201
2008|general|E10|50878|3,26,203,206,4,50878203,50878206
2008|general|E10|50879|3,1,5,5,1,50879005,50879005
2008|general|E10|50879|3,2,18,18,1,50879018,50879018
2008|general|E10|50879|3,3,25,25,1,50879025,50879025
2008|general|E10|50879|3,4,27,27,1,50879027,50879027
2008|general|E10|50879|3,5,29,29,1,50879029,50879029
2008|general|E10|50879|3,6,43,43,1,50879043,50879043
2008|general|E10|50879|3,7,52,53,2,50879052,50879053
2008|general|E10|50879|3,8,75,75,1,50879075,50879075
2008|general|E10|50879|3,9,86,86,1,50879086,50879086
2008|general|E10|50879|3,10,92,93,2,50879092,50879093
2008|general|E11|50879|3,1,2,2,1,50879002,50879002
2008|general|E11|50879|3,2,9,10,2,50879009,50879010
2008|general|E11|50879|3,3,12,14,3,50879012,50879014
2008|general|E11|50879|3,4,30,31,2,50879030,50879031
2008|general|E11|50879|3,5,45,45,1,50879045,50879045
2008|general|E11|50879|3,6,57,57,1,50879057,50879057
2008|general|E11|50879|3,7,66,66,1,50879066,50879066
2008|general|E11|50879|3,8,83,83,1,50879083,50879083
2008|general|E11|50879|3,9,85,85,1,50879085,50879085
2008|general|E11|50879|3,10,90,90,1,50879090,50879090
2008|joint_fund|E01|50831|3,1,8,8,1,50831008,50831008
2008|joint_fund|E01|50871|3,1,127,130,4,50871127,50871130
2008|joint_fund|E04|50834|3,1,7,11,5,50834007,50834011
2008|joint_fund|E04|50874|3,1,127,134,8,50874127,50874134
2008|joint_fund|E06|50876|3,1,122,122,1,50876122,50876122
2008|key|E01|50831|3,1,1,7,7,50831001,50831007
2008|key|E02|50830|3,1,101,102,2,50830101,50830102
2008|key|E02|50832|3,1,1,8,8,50832001,50832008
2008|key|E03|50830|3,1,103,107,5,50830103,50830107
2008|key|E03|50833|3,1,1,6,6,50833001,50833006
2008|key|E04|50830|3,1,301,301,1,50830301,50830301
2008|key|E04|50834|3,1,1,6,6,50834001,50834006
2008|key|E05|50830|3,1,201,202,2,50830201,50830202
2008|key|E05|50835|3,1,1,9,9,50835001,50835009
2008|key|E06|50836|3,1,1,7,7,50836001,50836007
2008|key|E07|50837|3,1,1,5,5,50837001,50837005
2008|key|E08|50830|3,1,203,203,1,50830203,50830203
2008|key|E08|50838|3,1,1,1,1,50838001,50838001
2008|key|E08|50838|3,2,3,4,2,50838003,50838004
2008|key|E08|50838|3,3,6,9,4,50838006,50838009
2008|key|E09|50830|3,1,304,304,1,50830304,50830304
2008|key|E09|50839|3,1,2,5,4,50839002,50839005
2008|key|E10|50830|3,1,302,303,2,50830302,50830303
2008|key|E10|50838|3,1,2,2,1,50838002,50838002
2008|key|E10|50838|3,2,5,5,1,50838005,50838005
2008|key|E11|50839|3,1,1,1,1,50839001,50839001
2008|major_research_plan|E01|90816|3,1,17,17,1,90816017,90816017
2008|major_research_plan|E02|90816|3,1,18,20,3,90816018,90816020
2008|major_research_plan|E03|90816|3,1,21,21,1,90816021,90816021
2008|major_research_plan|E06|90810|3,1,1,1,1,90810001,90810001
2008|major_research_plan|E06|90816|3,1,22,22,1,90816022,90816022
2008|major_research_plan|E08|90815|3,1,0,0,1,90815000,90815000
2008|major_research_plan|E08|90815|3,2,2,17,16,90815002,90815017
2008|major_research_plan|E08|90815|3,3,21,30,10,90815021,90815030
2008|major_research_plan|E09|90815|3,1,18,20,3,90815018,90815020
2008|regional|E01|50861|3,1,1,8,8,50861001,50861008
2008|regional|E02|50862|3,1,1,9,9,50862001,50862009
2008|regional|E03|50863|3,1,1,5,5,50863001,50863005
2008|regional|E04|50864|3,1,1,11,11,50864001,50864011
2008|regional|E05|50865|3,1,1,11,11,50865001,50865011
2008|regional|E06|50866|3,1,1,3,3,50866001,50866003
2008|regional|E07|50867|3,1,1,4,4,50867001,50867004
2008|regional|E08|50868|3,1,1,4,4,50868001,50868004
2008|regional|E08|50868|3,2,6,12,7,50868006,50868012
2008|regional|E09|50869|3,1,1,6,6,50869001,50869006
2008|regional|E09|50869|3,2,8,9,2,50869008,50869009
2008|regional|E10|50868|3,1,5,5,1,50868005,50868005
2008|regional|E10|50869|3,1,7,7,1,50869007,50869007
2008|special|E01|50824|3,1,1,2,2,50824001,50824002
2008|special|E01|50827|3,1,102,102,1,50827102,50827102
2008|special|E01|50840|3,1,1,1,1,50840001,50840001
2008|special|E01|50841|3,1,23,25,3,50841023,50841025
2008|special|E02|50820|3,1,8,8,1,50820008,50820008
2008|special|E02|50823|3,1,7,7,1,50823007,50823007
2008|special|E02|50823|3,2,9,9,1,50823009,50823009
2008|special|E02|50824|3,1,3,3,1,50824003,50824003
2008|special|E02|50827|3,1,204,204,1,50827204,50827204
2008|special|E02|50842|3,1,26,28,3,50842026,50842028
2008|special|E02|50842|3,2,54,54,1,50842054,50842054
2008|special|E02|50842|3,3,60,61,2,50842060,50842061
2008|special|E03|50843|3,1,29,32,4,50843029,50843032
2008|special|E03|50843|3,2,49,49,1,50843049,50843049
2008|special|E03|50843|3,3,58,59,2,50843058,50843059
2008|special|E03|50853|3,1,1,1,1,50853001,50853001
2008|special|E04|50823|3,1,6,6,1,50823006,50823006
2008|special|E04|50827|3,1,403,403,1,50827403,50827403
2008|special|E04|50844|3,1,33,36,4,50844033,50844036
2008|special|E04|50844|3,2,62,62,1,50844062,50844062
2008|special|E05|50820|3,1,7,7,1,50820007,50820007
2008|special|E05|50823|3,1,3,4,2,50823003,50823004
2008|special|E05|50823|3,2,8,8,1,50823008,50823008
2008|special|E05|50827|3,1,501,501,1,50827501,50827501
2008|special|E05|50845|3,1,5,6,2,50845005,50845006
2008|special|E05|50845|3,2,11,11,1,50845011,50845011
2008|special|E05|50845|3,3,13,14,2,50845013,50845014
2008|special|E05|50845|3,4,37,39,3,50845037,50845039
2008|special|E05|50845|3,5,63,65,3,50845063,50845065
2008|special|E05|50855|3,1,2,2,1,50855002,50855002
2008|special|E06|50823|3,1,2,2,1,50823002,50823002
2008|special|E06|50846|3,1,21,22,2,50846021,50846022
2008|special|E06|50846|3,2,40,41,2,50846040,50846041
2008|special|E06|50846|3,3,55,56,2,50846055,50846056
2008|special|E06|50846|3,4,69,69,1,50846069,50846069
2008|special|E07|50823|3,1,1,1,1,50823001,50823001
2008|special|E07|50847|3,1,42,43,2,50847042,50847043
2008|special|E07|50847|3,2,50,50,1,50847050,50847050
2008|special|E08|M0825|3,1,3,3,1,M0825003,M0825003
2008|special|E08|50848|3,1,8,8,1,50848008,50848008
2008|special|E08|50848|3,2,10,10,1,50848010,50848010
2008|special|E08|50848|3,3,15,15,1,50848015,50848015
2008|special|E08|50848|3,4,18,20,3,50848018,50848020
2008|special|E08|50848|3,5,44,44,1,50848044,50848044
2008|special|E08|50848|3,6,46,46,1,50848046,50848046
2008|special|E08|50848|3,7,53,53,1,50848053,50848053
2008|special|E08|50848|3,8,67,67,1,50848067,50848067
2008|special|E09|M0825|3,1,4,4,1,M0825004,M0825004
2008|special|E09|50823|3,1,5,5,1,50823005,50823005
2008|special|E09|50824|3,1,4,4,1,50824004,50824004
2008|special|E09|50849|3,1,2,4,3,50849002,50849004
2008|special|E09|50849|3,2,47,48,2,50849047,50849048
2008|special|E09|50849|3,3,68,68,1,50849068,50849068
2008|special|E10|50848|3,1,9,9,1,50848009,50848009
2008|special|E10|50848|3,2,45,45,1,50848045,50848045
2008|special|E11|50849|3,1,12,12,1,50849012,50849012
2008|youth_c|E01|50801|3,1,1,70,70,50801001,50801070
2008|youth_c|E02|50802|3,1,1,119,119,50802001,50802119
2008|youth_c|E03|50803|3,1,1,73,73,50803001,50803073
2008|youth_c|E04|50804|3,1,1,61,61,50804001,50804061
2008|youth_c|E05|50805|3,1,1,150,150,50805001,50805150
2008|youth_c|E06|50806|3,1,1,53,53,50806001,50806053
2008|youth_c|E06|50806|3,2,55,73,19,50806055,50806073
2008|youth_c|E06|50806|3,3,75,87,13,50806075,50806087
2008|youth_c|E07|50807|3,1,1,9,9,50807001,50807009
2008|youth_c|E07|50807|3,2,11,58,48,50807011,50807058
2008|youth_c|E08|50808|3,1,5,6,2,50808005,50808006
2008|youth_c|E08|50808|3,2,8,8,1,50808008,50808008
2008|youth_c|E08|50808|3,3,10,16,7,50808010,50808016
2008|youth_c|E08|50808|3,4,18,28,11,50808018,50808028
2008|youth_c|E08|50808|3,5,30,48,19,50808030,50808048
2008|youth_c|E08|50808|3,6,50,50,1,50808050,50808050
2008|youth_c|E08|50808|3,7,53,59,7,50808053,50808059
2008|youth_c|E08|50808|3,8,62,64,3,50808062,50808064
2008|youth_c|E08|50808|3,9,66,68,3,50808066,50808068
2008|youth_c|E08|50808|3,10,74,87,14,50808074,50808087
2008|youth_c|E08|50808|3,11,89,96,8,50808089,50808096
2008|youth_c|E08|50808|3,12,98,101,4,50808098,50808101
2008|youth_c|E08|50808|3,13,104,110,7,50808104,50808110
2008|youth_c|E08|50808|3,14,112,113,2,50808112,50808113
2008|youth_c|E08|50808|3,15,116,117,2,50808116,50808117
2008|youth_c|E08|50808|3,16,119,119,1,50808119,50808119
2008|youth_c|E08|50808|3,17,122,126,5,50808122,50808126
2008|youth_c|E08|50808|3,18,129,129,1,50808129,50808129
2008|youth_c|E08|50808|3,19,131,133,3,50808131,50808133
2008|youth_c|E08|50808|3,20,137,151,15,50808137,50808151
2008|youth_c|E08|50808|3,21,153,153,1,50808153,50808153
2008|youth_c|E08|50808|3,22,155,155,1,50808155,50808155
2008|youth_c|E08|50808|3,23,157,166,10,50808157,50808166
2008|youth_c|E08|50808|3,24,168,168,1,50808168,50808168
2008|youth_c|E08|50808|3,25,170,170,1,50808170,50808170
2008|youth_c|E08|50808|3,26,173,182,10,50808173,50808182
2008|youth_c|E08|50808|3,27,185,189,5,50808185,50808189
2008|youth_c|E09|50809|3,1,1,5,5,50809001,50809005
2008|youth_c|E09|50809|3,2,7,7,1,50809007,50809007
2008|youth_c|E09|50809|3,3,9,13,5,50809009,50809013
2008|youth_c|E09|50809|3,4,16,17,2,50809016,50809017
2008|youth_c|E09|50809|3,5,21,26,6,50809021,50809026
2008|youth_c|E09|50809|3,6,28,28,1,50809028,50809028
2008|youth_c|E09|50809|3,7,33,36,4,50809033,50809036
2008|youth_c|E09|50809|3,8,38,39,2,50809038,50809039
2008|youth_c|E09|50809|3,9,41,41,1,50809041,50809041
2008|youth_c|E09|50809|3,10,43,46,4,50809043,50809046
2008|youth_c|E09|50809|3,11,49,52,4,50809049,50809052
2008|youth_c|E09|50809|3,12,54,61,8,50809054,50809061
2008|youth_c|E09|50809|3,13,63,64,2,50809063,50809064
2008|youth_c|E09|50809|3,14,68,76,9,50809068,50809076
2008|youth_c|E09|50809|3,15,78,79,2,50809078,50809079
2008|youth_c|E10|50808|3,1,1,4,4,50808001,50808004
2008|youth_c|E10|50808|3,2,7,7,1,50808007,50808007
2008|youth_c|E10|50808|3,3,9,9,1,50808009,50808009
2008|youth_c|E10|50808|3,4,17,17,1,50808017,50808017
2008|youth_c|E10|50808|3,5,29,29,1,50808029,50808029
2008|youth_c|E10|50808|3,6,49,49,1,50808049,50808049
2008|youth_c|E10|50808|3,7,51,52,2,50808051,50808052
2008|youth_c|E10|50808|3,8,60,61,2,50808060,50808061
2008|youth_c|E10|50808|3,9,65,65,1,50808065,50808065
2008|youth_c|E10|50808|3,10,69,73,5,50808069,50808073
2008|youth_c|E10|50808|3,11,88,88,1,50808088,50808088
2008|youth_c|E10|50808|3,12,97,97,1,50808097,50808097
2008|youth_c|E10|50808|3,13,102,103,2,50808102,50808103
2008|youth_c|E10|50808|3,14,111,111,1,50808111,50808111
2008|youth_c|E10|50808|3,15,114,115,2,50808114,50808115
2008|youth_c|E10|50808|3,16,118,118,1,50808118,50808118
2008|youth_c|E10|50808|3,17,120,121,2,50808120,50808121
2008|youth_c|E10|50808|3,18,127,128,2,50808127,50808128
2008|youth_c|E10|50808|3,19,130,130,1,50808130,50808130
2008|youth_c|E10|50808|3,20,134,136,3,50808134,50808136
2008|youth_c|E10|50808|3,21,152,152,1,50808152,50808152
2008|youth_c|E10|50808|3,22,154,154,1,50808154,50808154
2008|youth_c|E10|50808|3,23,156,156,1,50808156,50808156
2008|youth_c|E10|50808|3,24,167,167,1,50808167,50808167
2008|youth_c|E10|50808|3,25,169,169,1,50808169,50808169
2008|youth_c|E10|50808|3,26,171,172,2,50808171,50808172
2008|youth_c|E10|50808|3,27,183,184,2,50808183,50808184
2008|youth_c|E10|50809|3,1,6,6,1,50809006,50809006
2008|youth_c|E10|50809|3,2,20,20,1,50809020,50809020
2008|youth_c|E10|50809|3,3,27,27,1,50809027,50809027
2008|youth_c|E10|50809|3,4,30,31,2,50809030,50809031
2008|youth_c|E10|50809|3,5,37,37,1,50809037,50809037
2008|youth_c|E10|50809|3,6,40,40,1,50809040,50809040
2008|youth_c|E10|50809|3,7,42,42,1,50809042,50809042
2008|youth_c|E10|50809|3,8,66,67,2,50809066,50809067
2008|youth_c|E10|50809|3,9,77,77,1,50809077,50809077
2008|youth_c|E11|50809|3,1,8,8,1,50809008,50809008
2008|youth_c|E11|50809|3,2,14,15,2,50809014,50809015
2008|youth_c|E11|50809|3,3,18,19,2,50809018,50809019
2008|youth_c|E11|50809|3,4,29,29,1,50809029,50809029
2008|youth_c|E11|50809|3,5,32,32,1,50809032,50809032
2008|youth_c|E11|50809|3,6,47,48,2,50809047,50809048
2008|youth_c|E11|50809|3,7,53,53,1,50809053,50809053
2008|youth_c|E11|50809|3,8,62,62,1,50809062,50809062
2008|youth_c|E11|50809|3,9,65,65,1,50809065,50809065
2009|general|E01|50971|3,1,1,5,5,50971001,50971005
2009|general|E01|50971|3,2,7,136,130,50971007,50971136
2009|general|E02|50972|3,1,1,45,45,50972001,50972045
2009|general|E02|50972|3,2,47,171,125,50972047,50972171
2009|general|E03|50973|3,1,1,129,129,50973001,50973129
2009|general|E04|50974|3,1,1,142,142,50974001,50974142
2009|general|E05|50975|3,1,1,235,235,50975001,50975235
2009|general|E05|50975|3,2,237,304,68,50975237,50975304
2009|general|E06|50976|3,1,1,130,130,50976001,50976130
2009|general|E07|50977|3,1,1,50,50,50977001,50977050
2009|general|E07|50977|3,2,52,95,44,50977052,50977095
2009|general|E08|50978|3,1,2,2,1,50978002,50978002
2009|general|E08|50978|3,2,5,12,8,50978005,50978012
2009|general|E08|50978|3,3,15,26,12,50978015,50978026
2009|general|E08|50978|3,4,30,31,2,50978030,50978031
2009|general|E08|50978|3,5,33,39,7,50978033,50978039
2009|general|E08|50978|3,6,41,47,7,50978041,50978047
2009|general|E08|50978|3,7,49,49,1,50978049,50978049
2009|general|E08|50978|3,8,51,58,8,50978051,50978058
2009|general|E08|50978|3,9,60,65,6,50978060,50978065
2009|general|E08|50978|3,10,74,81,8,50978074,50978081
2009|general|E08|50978|3,11,83,86,4,50978083,50978086
2009|general|E08|50978|3,12,89,97,9,50978089,50978097
2009|general|E08|50978|3,13,99,102,4,50978099,50978102
2009|general|E08|50978|3,14,104,117,14,50978104,50978117
2009|general|E08|50978|3,15,119,119,1,50978119,50978119
2009|general|E08|50978|3,16,123,123,1,50978123,50978123
2009|general|E08|50978|3,17,126,131,6,50978126,50978131
2009|general|E08|50978|3,18,134,135,2,50978134,50978135
2009|general|E08|50978|3,19,139,141,3,50978139,50978141
2009|general|E08|50978|3,20,143,144,2,50978143,50978144
2009|general|E08|50978|3,21,148,155,8,50978148,50978155
2009|general|E08|50978|3,22,158,160,3,50978158,50978160
2009|general|E08|50978|3,23,162,163,2,50978162,50978163
2009|general|E08|50978|3,24,165,168,4,50978165,50978168
2009|general|E08|50978|3,25,171,172,2,50978171,50978172
2009|general|E08|50978|3,26,174,189,16,50978174,50978189
2009|general|E08|50978|3,27,191,207,17,50978191,50978207
2009|general|E08|50978|3,28,209,210,2,50978209,50978210
2009|general|E08|50978|3,29,214,241,28,50978214,50978241
2009|general|E08|50978|3,30,251,258,8,50978251,50978258
2009|general|E08|50978|3,31,261,263,3,50978261,50978263
2009|general|E09|50979|3,1,1,1,1,50979001,50979001
2009|general|E09|50979|3,2,3,5,3,50979003,50979005
2009|general|E09|50979|3,3,8,8,1,50979008,50979008
2009|general|E09|50979|3,4,10,11,2,50979010,50979011
2009|general|E09|50979|3,5,13,15,3,50979013,50979015
2009|general|E09|50979|3,6,21,25,5,50979021,50979025
2009|general|E09|50979|3,7,29,32,4,50979029,50979032
2009|general|E09|50979|3,8,34,37,4,50979034,50979037
2009|general|E09|50979|3,9,39,39,1,50979039,50979039
2009|general|E09|50979|3,10,41,48,8,50979041,50979048
2009|general|E09|50979|3,11,50,52,3,50979050,50979052
2009|general|E09|50979|3,12,54,56,3,50979054,50979056
2009|general|E09|50979|3,13,62,62,1,50979062,50979062
2009|general|E09|50979|3,14,64,68,5,50979064,50979068
2009|general|E09|50979|3,15,71,83,13,50979071,50979083
2009|general|E09|50979|3,16,87,89,3,50979087,50979089
2009|general|E09|50979|3,17,91,92,2,50979091,50979092
2009|general|E09|50979|3,18,94,100,7,50979094,50979100
2009|general|E09|50979|3,19,103,106,4,50979103,50979106
2009|general|E09|50979|3,20,108,108,1,50979108,50979108
2009|general|E09|50979|3,21,112,112,1,50979112,50979112
2009|general|E09|50979|3,22,114,117,4,50979114,50979117
2009|general|E10|50978|3,1,1,1,1,50978001,50978001
2009|general|E10|50978|3,2,3,4,2,50978003,50978004
2009|general|E10|50978|3,3,13,14,2,50978013,50978014
2009|general|E10|50978|3,4,27,29,3,50978027,50978029
2009|general|E10|50978|3,5,32,32,1,50978032,50978032
2009|general|E10|50978|3,6,40,40,1,50978040,50978040
2009|general|E10|50978|3,7,48,48,1,50978048,50978048
2009|general|E10|50978|3,8,50,50,1,50978050,50978050
2009|general|E10|50978|3,9,59,59,1,50978059,50978059
2009|general|E10|50978|3,10,66,73,8,50978066,50978073
2009|general|E10|50978|3,11,82,82,1,50978082,50978082
2009|general|E10|50978|3,12,87,88,2,50978087,50978088
2009|general|E10|50978|3,13,98,98,1,50978098,50978098
2009|general|E10|50978|3,14,103,103,1,50978103,50978103
2009|general|E10|50978|3,15,118,118,1,50978118,50978118
2009|general|E10|50978|3,16,120,122,3,50978120,50978122
2009|general|E10|50978|3,17,124,125,2,50978124,50978125
2009|general|E10|50978|3,18,132,133,2,50978132,50978133
2009|general|E10|50978|3,19,136,138,3,50978136,50978138
2009|general|E10|50978|3,20,142,142,1,50978142,50978142
2009|general|E10|50978|3,21,145,147,3,50978145,50978147
2009|general|E10|50978|3,22,156,157,2,50978156,50978157
2009|general|E10|50978|3,23,161,161,1,50978161,50978161
2009|general|E10|50978|3,24,164,164,1,50978164,50978164
2009|general|E10|50978|3,25,169,170,2,50978169,50978170
2009|general|E10|50978|3,26,173,173,1,50978173,50978173
2009|general|E10|50978|3,27,190,190,1,50978190,50978190
2009|general|E10|50978|3,28,208,208,1,50978208,50978208
2009|general|E10|50978|3,29,211,213,3,50978211,50978213
2009|general|E10|50978|3,30,242,250,9,50978242,50978250
2009|general|E10|50978|3,31,259,260,2,50978259,50978260
2009|general|E10|50979|3,1,2,2,1,50979002,50979002
2009|general|E10|50979|3,2,6,7,2,50979006,50979007
2009|general|E10|50979|3,3,12,12,1,50979012,50979012
2009|general|E10|50979|3,4,26,28,3,50979026,50979028
2009|general|E10|50979|3,5,40,40,1,50979040,50979040
2009|general|E10|50979|3,6,49,49,1,50979049,50979049
2009|general|E10|50979|3,7,61,61,1,50979061,50979061
2009|general|E10|50979|3,8,63,63,1,50979063,50979063
2009|general|E10|50979|3,9,90,90,1,50979090,50979090
2009|general|E10|50979|3,10,102,102,1,50979102,50979102
2009|general|E10|50979|3,11,107,107,1,50979107,50979107
2009|general|E10|50979|3,12,118,118,1,50979118,50979118
2009|general|E11|50979|3,1,9,9,1,50979009,50979009
2009|general|E11|50979|3,2,16,20,5,50979016,50979020
2009|general|E11|50979|3,3,33,33,1,50979033,50979033
2009|general|E11|50979|3,4,38,38,1,50979038,50979038
2009|general|E11|50979|3,5,53,53,1,50979053,50979053
2009|general|E11|50979|3,6,57,60,4,50979057,50979060
2009|general|E11|50979|3,7,69,70,2,50979069,50979070
2009|general|E11|50979|3,8,84,86,3,50979084,50979086
2009|general|E11|50979|3,9,93,93,1,50979093,50979093
2009|general|E11|50979|3,10,101,101,1,50979101,50979101
2009|general|E11|50979|3,11,109,111,3,50979109,50979111
2009|general|E11|50979|3,12,113,113,1,50979113,50979113
2009|joint_fund|E01|50971|3,1,137,137,1,50971137,50971137
2009|joint_fund|E04|50934|3,1,7,11,5,50934007,50934011
2009|joint_fund|E04|50974|3,1,143,151,9,50974143,50974151
2009|key|E01|50931|3,1,1,6,6,50931001,50931006
2009|key|E02|50932|3,1,1,7,7,50932001,50932007
2009|key|E03|50930|3,1,1,3,3,50930001,50930003
2009|key|E03|50933|3,1,1,6,6,50933001,50933006
2009|key|E04|50934|3,1,1,6,6,50934001,50934006
2009|key|E05|50930|3,1,5,5,1,50930005,50930005
2009|key|E05|50935|3,1,1,8,8,50935001,50935008
2009|key|E06|50930|3,1,4,4,1,50930004,50930004
2009|key|E06|50930|3,2,6,7,2,50930006,50930007
2009|key|E06|50936|3,1,1,6,6,50936001,50936006
2009|key|E07|50937|3,1,1,5,5,50937001,50937005
2009|key|E08|50938|3,1,1,3,3,50938001,50938003
2009|key|E08|50938|3,2,6,6,1,50938006,50938006
2009|key|E08|50938|3,3,8,8,1,50938008,50938008
2009|key|E09|50939|3,1,4,6,3,50939004,50939006
2009|key|E10|50938|3,1,4,5,2,50938004,50938005
2009|key|E10|50938|3,2,7,7,1,50938007,50938007
2009|key|E10|50939|3,1,1,1,1,50939001,50939001
2009|key|E11|50939|3,1,2,3,2,50939002,50939003
2009|major_research_plan|E01|90923|3,1,11,11,1,90923011,90923011
2009|major_research_plan|E02|90916|3,1,2,2,1,90916002,90916002
2009|major_research_plan|E02|90916|3,2,19,19,1,90916019,90916019
2009|major_research_plan|E02|90916|3,3,30,30,1,90916030,90916030
2009|major_research_plan|E02|90922|3,1,24,28,5,90922024,90922028
2009|major_research_plan|E02|90922|3,2,36,37,2,90922036,90922037
2009|major_research_plan|E02|90923|3,1,12,14,3,90923012,90923014
2009|major_research_plan|E03|90923|3,1,15,15,1,90923015,90923015
2009|major_research_plan|E03|90923|3,2,37,37,1,90923037,90923037
2009|major_research_plan|E04|90916|3,1,20,20,1,90916020,90916020
2009|major_research_plan|E05|90916|3,1,21,21,1,90916021,90916021
2009|major_research_plan|E05|90923|3,1,1,1,1,90923001,90923001
2009|major_research_plan|E05|90923|3,2,16,31,16,90923016,90923031
2009|major_research_plan|E05|90923|3,3,38,42,5,90923038,90923042
2009|major_research_plan|E05|90923|3,4,700,700,1,90923700,90923700
2009|major_research_plan|E06|90916|3,1,22,23,2,90916022,90916023
2009|major_research_plan|E08|90915|3,1,0,8,9,90915000,90915008
2009|major_research_plan|E08|90915|3,2,11,12,2,90915011,90915012
2009|major_research_plan|E09|90915|3,1,9,9,1,90915009,90915009
2009|regional|E01|50961|3,1,1,10,10,50961001,50961010
2009|regional|E02|50962|3,1,1,11,11,50962001,50962011
2009|regional|E03|50963|3,1,1,6,6,50963001,50963006
2009|regional|E04|50964|3,1,1,14,14,50964001,50964014
2009|regional|E05|50965|3,1,1,17,17,50965001,50965017
2009|regional|E06|50966|3,1,1,4,4,50966001,50966004
2009|regional|E07|50967|3,1,1,4,4,50967001,50967004
2009|regional|E08|50968|3,1,1,1,1,50968001,50968001
2009|regional|E08|50968|3,2,3,4,2,50968003,50968004
2009|regional|E08|50968|3,3,6,17,12,50968006,50968017
2009|regional|E09|50969|3,1,1,4,4,50969001,50969004
2009|regional|E09|50969|3,2,6,9,4,50969006,50969009
2009|regional|E10|50968|3,1,2,2,1,50968002,50968002
2009|regional|E10|50968|3,2,5,5,1,50968005,50968005
2009|regional|E10|50969|3,1,5,5,1,50969005,50969005
2009|regional|E10|50969|3,2,10,10,1,50969010,50969010
2009|special|E01|50941|3,1,11,11,1,50941011,50941011
2009|special|E01|50941|3,2,14,14,1,50941014,50941014
2009|special|E01|50941|3,3,19,20,2,50941019,50941020
2009|special|E01|50941|3,4,45,46,2,50941045,50941046
2009|special|E01|50951|3,1,1,1,1,50951001,50951001
2009|special|E02|50927|3,1,201,201,1,50927201,50927201
2009|special|E02|50942|3,1,5,5,1,50942005,50942005
2009|special|E02|50942|3,2,21,25,5,50942021,50942025
2009|special|E02|50942|3,3,47,47,1,50942047,50942047
2009|special|E02|50952|3,1,8,9,2,50952008,50952009
2009|special|E03|50943|3,1,10,10,1,50943010,50943010
2009|special|E03|50943|3,2,26,28,3,50943026,50943028
2009|special|E03|50943|3,3,44,44,1,50943044,50943044
2009|special|E03|50943|3,4,48,48,1,50943048,50943048
2009|special|E03|50955|3,1,10,10,1,50955010,50955010
2009|special|E04|50927|3,1,403,403,1,50927403,50927403
2009|special|E04|50944|3,1,3,3,1,50944003,50944003
2009|special|E04|50944|3,2,7,7,1,50944007,50944007
2009|special|E04|50944|3,3,17,17,1,50944017,50944017
2009|special|E04|50944|3,4,29,30,2,50944029,50944030
2009|special|E04|50944|3,5,41,41,1,50944041,50944041
2009|special|E04|50944|3,6,49,50,2,50944049,50944050
2009|special|E04|50954|3,1,2,7,6,50954002,50954007
2009|special|E05|50927|3,1,502,502,1,50927502,50927502
2009|special|E05|50945|3,1,1,2,2,50945001,50945002
2009|special|E05|50945|3,2,6,6,1,50945006,50945006
2009|special|E05|50945|3,3,13,13,1,50945013,50945013
2009|special|E05|50945|3,4,15,16,2,50945015,50945016
2009|special|E05|50945|3,5,18,18,1,50945018,50945018
2009|special|E05|50945|3,6,31,31,1,50945031,50945031
2009|special|E05|50945|3,7,42,43,2,50945042,50945043
2009|special|E05|50945|3,8,51,51,1,50945051,50945051
2009|special|E06|50946|3,1,4,4,1,50946004,50946004
2009|special|E06|50946|3,2,32,32,1,50946032,50946032
2009|special|E06|50946|3,3,39,40,2,50946039,50946040
2009|special|E06|50946|3,4,52,52,1,50946052,50946052
2009|special|E07|50947|3,1,12,12,1,50947012,50947012
2009|special|E07|50947|3,2,33,34,2,50947033,50947034
2009|special|E07|50947|3,3,53,54,2,50947053,50947054
2009|special|E08|50927|3,1,805,805,1,50927805,50927805
2009|special|E08|50948|3,1,8,8,1,50948008,50948008
2009|special|E08|50948|3,2,35,36,2,50948035,50948036
2009|special|E08|50948|3,3,56,56,1,50948056,50948056
2009|special|E09|50927|3,1,904,904,1,50927904,50927904
2009|special|E09|50949|3,1,9,9,1,50949009,50949009
2009|special|E09|50949|3,2,37,37,1,50949037,50949037
2009|special|E09|50949|3,3,57,57,1,50949057,50949057
2009|special|E10|50948|3,1,55,55,1,50948055,50948055
2009|special|E10|50949|3,1,38,38,1,50949038,50949038
2009|special|E11|50949|3,1,58,58,1,50949058,50949058
2009|youth_c|E01|50901|3,1,1,3,3,50901001,50901003
2009|youth_c|E01|50901|3,2,5,84,80,50901005,50901084
2009|youth_c|E01|50901|3,3,86,92,7,50901086,50901092
2009|youth_c|E02|50902|3,1,1,46,46,50902001,50902046
2009|youth_c|E02|50902|3,2,48,151,104,50902048,50902151
2009|youth_c|E03|50903|3,1,1,96,96,50903001,50903096
2009|youth_c|E04|50904|3,1,1,83,83,50904001,50904083
2009|youth_c|E05|50905|3,1,1,105,105,50905001,50905105
2009|youth_c|E05|50905|3,2,107,193,87,50905107,50905193
2009|youth_c|E06|50906|3,1,1,89,89,50906001,50906089
2009|youth_c|E06|50906|3,2,91,100,10,50906091,50906100
2009|youth_c|E06|50906|3,3,102,104,3,50906102,50906104
2009|youth_c|E07|50907|3,1,1,76,76,50907001,50907076
2009|youth_c|E08|50908|3,1,3,8,6,50908003,50908008
2009|youth_c|E08|50908|3,2,10,27,18,50908010,50908027
2009|youth_c|E08|50908|3,3,29,37,9,50908029,50908037
2009|youth_c|E08|50908|3,4,40,59,20,50908040,50908059
2009|youth_c|E08|50908|3,5,65,69,5,50908065,50908069
2009|youth_c|E08|50908|3,6,71,72,2,50908071,50908072
2009|youth_c|E08|50908|3,7,75,77,3,50908075,50908077
2009|youth_c|E08|50908|3,8,82,89,8,50908082,50908089
2009|youth_c|E08|50908|3,9,91,94,4,50908091,50908094
2009|youth_c|E08|50908|3,10,98,108,11,50908098,50908108
2009|youth_c|E08|50908|3,11,111,112,2,50908111,50908112
2009|youth_c|E08|50908|3,12,114,115,2,50908114,50908115
2009|youth_c|E08|50908|3,13,118,118,1,50908118,50908118
2009|youth_c|E08|50908|3,14,122,128,7,50908122,50908128
2009|youth_c|E08|50908|3,15,134,137,4,50908134,50908137
2009|youth_c|E08|50908|3,16,139,141,3,50908139,50908141
2009|youth_c|E08|50908|3,17,146,150,5,50908146,50908150
2009|youth_c|E08|50908|3,18,152,153,2,50908152,50908153
2009|youth_c|E08|50908|3,19,155,157,3,50908155,50908157
2009|youth_c|E08|50908|3,20,160,160,1,50908160,50908160
2009|youth_c|E08|50908|3,21,162,163,2,50908162,50908163
2009|youth_c|E08|50908|3,22,167,184,18,50908167,50908184
2009|youth_c|E08|50908|3,23,186,198,13,50908186,50908198
2009|youth_c|E08|50908|3,24,200,200,1,50908200,50908200
2009|youth_c|E08|50908|3,25,202,208,7,50908202,50908208
2009|youth_c|E08|50908|3,26,211,213,3,50908211,50908213
2009|youth_c|E08|50908|3,27,215,218,4,50908215,50908218
2009|youth_c|E08|50908|3,28,222,222,1,50908222,50908222
2009|youth_c|E08|50908|3,29,225,225,1,50908225,50908225
2009|youth_c|E08|50908|3,30,228,236,9,50908228,50908236
2009|youth_c|E08|50908|3,31,238,240,3,50908238,50908240
2009|youth_c|E08|50908|3,32,242,246,5,50908242,50908246
2009|youth_c|E09|50909|3,1,2,3,2,50909002,50909003
2009|youth_c|E09|50909|3,2,7,8,2,50909007,50909008
2009|youth_c|E09|50909|3,3,11,15,5,50909011,50909015
2009|youth_c|E09|50909|3,4,20,21,2,50909020,50909021
2009|youth_c|E09|50909|3,5,30,34,5,50909030,50909034
2009|youth_c|E09|50909|3,6,36,41,6,50909036,50909041
2009|youth_c|E09|50909|3,7,43,45,3,50909043,50909045
2009|youth_c|E09|50909|3,8,48,49,2,50909048,50909049
2009|youth_c|E09|50909|3,9,51,57,7,50909051,50909057
2009|youth_c|E09|50909|3,10,62,63,2,50909062,50909063
2009|youth_c|E09|50909|3,11,65,69,5,50909065,50909069
2009|youth_c|E09|50909|3,12,71,74,4,50909071,50909074
2009|youth_c|E09|50909|3,13,76,78,3,50909076,50909078
2009|youth_c|E09|50909|3,14,81,81,1,50909081,50909081
2009|youth_c|E09|50909|3,15,83,85,3,50909083,50909085
2009|youth_c|E09|50909|3,16,90,90,1,50909090,50909090
2009|youth_c|E09|50909|3,17,92,95,4,50909092,50909095
2009|youth_c|E09|50909|3,18,97,101,5,50909097,50909101
2009|youth_c|E09|50909|3,19,103,107,5,50909103,50909107
2009|youth_c|E09|50909|3,20,109,109,1,50909109,50909109
2009|youth_c|E10|50908|3,1,1,2,2,50908001,50908002
2009|youth_c|E10|50908|3,2,9,9,1,50908009,50908009
2009|youth_c|E10|50908|3,3,28,28,1,50908028,50908028
2009|youth_c|E10|50908|3,4,38,39,2,50908038,50908039
2009|youth_c|E10|50908|3,5,60,64,5,50908060,50908064
2009|youth_c|E10|50908|3,6,70,70,1,50908070,50908070
2009|youth_c|E10|50908|3,7,73,74,2,50908073,50908074
2009|youth_c|E10|50908|3,8,78,81,4,50908078,50908081
2009|youth_c|E10|50908|3,9,90,90,1,50908090,50908090
2009|youth_c|E10|50908|3,10,95,97,3,50908095,50908097
2009|youth_c|E10|50908|3,11,109,110,2,50908109,50908110
2009|youth_c|E10|50908|3,12,113,113,1,50908113,50908113
2009|youth_c|E10|50908|3,13,116,117,2,50908116,50908117
2009|youth_c|E10|50908|3,14,119,121,3,50908119,50908121
2009|youth_c|E10|50908|3,15,129,133,5,50908129,50908133
2009|youth_c|E10|50908|3,16,138,138,1,50908138,50908138
2009|youth_c|E10|50908|3,17,142,145,4,50908142,50908145
2009|youth_c|E10|50908|3,18,151,151,1,50908151,50908151
2009|youth_c|E10|50908|3,19,154,154,1,50908154,50908154
2009|youth_c|E10|50908|3,20,158,159,2,50908158,50908159
2009|youth_c|E10|50908|3,21,161,161,1,50908161,50908161
2009|youth_c|E10|50908|3,22,164,166,3,50908164,50908166
2009|youth_c|E10|50908|3,23,185,185,1,50908185,50908185
2009|youth_c|E10|50908|3,24,199,199,1,50908199,50908199
2009|youth_c|E10|50908|3,25,201,201,1,50908201,50908201
2009|youth_c|E10|50908|3,26,209,210,2,50908209,50908210
2009|youth_c|E10|50908|3,27,214,214,1,50908214,50908214
2009|youth_c|E10|50908|3,28,219,221,3,50908219,50908221
2009|youth_c|E10|50908|3,29,223,224,2,50908223,50908224
2009|youth_c|E10|50908|3,30,226,227,2,50908226,50908227
2009|youth_c|E10|50908|3,31,237,237,1,50908237,50908237
2009|youth_c|E10|50908|3,32,241,241,1,50908241,50908241
2009|youth_c|E10|50909|3,1,1,1,1,50909001,50909001
2009|youth_c|E10|50909|3,2,4,6,3,50909004,50909006
2009|youth_c|E10|50909|3,3,19,19,1,50909019,50909019
2009|youth_c|E10|50909|3,4,35,35,1,50909035,50909035
2009|youth_c|E10|50909|3,5,47,47,1,50909047,50909047
2009|youth_c|E10|50909|3,6,64,64,1,50909064,50909064
2009|youth_c|E10|50909|3,7,70,70,1,50909070,50909070
2009|youth_c|E10|50909|3,8,75,75,1,50909075,50909075
2009|youth_c|E10|50909|3,9,80,80,1,50909080,50909080
2009|youth_c|E10|50909|3,10,91,91,1,50909091,50909091
2009|youth_c|E10|50909|3,11,102,102,1,50909102,50909102
2009|youth_c|E10|50909|3,12,108,108,1,50909108,50909108
2009|youth_c|E10|50909|3,13,110,110,1,50909110,50909110
2009|youth_c|E11|50909|3,1,9,10,2,50909009,50909010
2009|youth_c|E11|50909|3,2,16,18,3,50909016,50909018
2009|youth_c|E11|50909|3,3,22,29,8,50909022,50909029
2009|youth_c|E11|50909|3,4,42,42,1,50909042,50909042
2009|youth_c|E11|50909|3,5,46,46,1,50909046,50909046
2009|youth_c|E11|50909|3,6,50,50,1,50909050,50909050
2009|youth_c|E11|50909|3,7,58,61,4,50909058,50909061
2009|youth_c|E11|50909|3,8,79,79,1,50909079,50909079
2009|youth_c|E11|50909|3,9,82,82,1,50909082,50909082
2009|youth_c|E11|50909|3,10,86,89,4,50909086,50909089
2009|youth_c|E11|50909|3,11,96,96,1,50909096,50909096
2010|general|E01|51071|3,1,1,76,76,51071001,51071076
2010|general|E01|51071|3,2,78,183,106,51071078,51071183
2010|general|E02|51072|3,1,1,239,239,51072001,51072239
2010|general|E03|51073|3,1,1,179,179,51073001,51073179
2010|general|E04|51074|3,1,1,202,202,51074001,51074202
2010|general|E05|51075|3,1,1,250,250,51075001,51075250
2010|general|E05|51075|3,2,252,421,170,51075252,51075421
2010|general|E06|51076|3,1,1,173,173,51076001,51076173
2010|general|E07|51077|3,1,1,139,139,51077001,51077139
2010|general|E08|51078|3,1,2,6,5,51078002,51078006
2010|general|E08|51078|3,2,10,11,2,51078010,51078011
2010|general|E08|51078|3,3,15,22,8,51078015,51078022
2010|general|E08|51078|3,4,24,33,10,51078024,51078033
2010|general|E08|51078|3,5,37,46,10,51078037,51078046
2010|general|E08|51078|3,6,49,49,1,51078049,51078049
2010|general|E08|51078|3,7,51,53,3,51078051,51078053
2010|general|E08|51078|3,8,55,55,1,51078055,51078055
2010|general|E08|51078|3,9,57,63,7,51078057,51078063
2010|general|E08|51078|3,10,65,65,1,51078065,51078065
2010|general|E08|51078|3,11,68,73,6,51078068,51078073
2010|general|E08|51078|3,12,75,90,16,51078075,51078090
2010|general|E08|51078|3,13,93,99,7,51078093,51078099
2010|general|E08|51078|3,14,103,104,2,51078103,51078104
2010|general|E08|51078|3,15,107,107,1,51078107,51078107
2010|general|E08|51078|3,16,109,119,11,51078109,51078119
2010|general|E08|51078|3,17,123,127,5,51078123,51078127
2010|general|E08|51078|3,18,132,140,9,51078132,51078140
2010|general|E08|51078|3,19,142,142,1,51078142,51078142
2010|general|E08|51078|3,20,145,146,2,51078145,51078146
2010|general|E08|51078|3,21,150,156,7,51078150,51078156
2010|general|E08|51078|3,22,158,160,3,51078158,51078160
2010|general|E08|51078|3,23,164,177,14,51078164,51078177
2010|general|E08|51078|3,24,181,181,1,51078181,51078181
2010|general|E08|51078|3,25,183,183,1,51078183,51078183
2010|general|E08|51078|3,26,186,190,5,51078186,51078190
2010|general|E08|51078|3,27,194,202,9,51078194,51078202
2010|general|E08|51078|3,28,204,206,3,51078204,51078206
2010|general|E08|51078|3,29,213,216,4,51078213,51078216
2010|general|E08|51078|3,30,218,220,3,51078218,51078220
2010|general|E08|51078|3,31,222,223,2,51078222,51078223
2010|general|E08|51078|3,32,225,232,8,51078225,51078232
2010|general|E08|51078|3,33,235,244,10,51078235,51078244
2010|general|E08|51078|3,34,246,251,6,51078246,51078251
2010|general|E08|51078|3,35,253,263,11,51078253,51078263
2010|general|E08|51078|3,36,266,279,14,51078266,51078279
2010|general|E08|51078|3,37,288,302,15,51078288,51078302
2010|general|E08|51078|3,38,305,326,22,51078305,51078326
2010|general|E08|51078|3,39,328,337,10,51078328,51078337
2010|general|E08|51078|3,40,342,342,1,51078342,51078342
2010|general|E08|51078|3,41,349,364,16,51078349,51078364
2010|general|E08|51078|3,42,367,374,8,51078367,51078374
2010|general|E08|51078|3,43,376,377,2,51078376,51078377
2010|general|E09|51079|3,1,7,11,5,51079007,51079011
2010|general|E09|51079|3,2,14,21,8,51079014,51079021
2010|general|E09|51079|3,3,30,30,1,51079030,51079030
2010|general|E09|51079|3,4,36,42,7,51079036,51079042
2010|general|E09|51079|3,5,44,47,4,51079044,51079047
2010|general|E09|51079|3,6,50,53,4,51079050,51079053
2010|general|E09|51079|3,7,55,55,1,51079055,51079055
2010|general|E09|51079|3,8,57,57,1,51079057,51079057
2010|general|E09|51079|3,9,62,64,3,51079062,51079064
2010|general|E09|51079|3,10,66,68,3,51079066,51079068
2010|general|E09|51079|3,11,70,70,1,51079070,51079070
2010|general|E09|51079|3,12,72,75,4,51079072,51079075
2010|general|E09|51079|3,13,77,81,5,51079077,51079081
2010|general|E09|51079|3,14,85,87,3,51079085,51079087
2010|general|E09|51079|3,15,90,93,4,51079090,51079093
2010|general|E09|51079|3,16,95,96,2,51079095,51079096
2010|general|E09|51079|3,17,98,101,4,51079098,51079101
2010|general|E09|51079|3,18,103,115,13,51079103,51079115
2010|general|E09|51079|3,19,120,127,8,51079120,51079127
2010|general|E09|51079|3,20,131,134,4,51079131,51079134
2010|general|E09|51079|3,21,140,148,9,51079140,51079148
2010|general|E09|51079|3,22,150,155,6,51079150,51079155
2010|general|E09|51079|3,23,160,162,3,51079160,51079162
2010|general|E09|51079|3,24,164,164,1,51079164,51079164
2010|general|E10|51078|3,1,1,1,1,51078001,51078001
2010|general|E10|51078|3,2,7,9,3,51078007,51078009
2010|general|E10|51078|3,3,12,14,3,51078012,51078014
2010|general|E10|51078|3,4,23,23,1,51078023,51078023
2010|general|E10|51078|3,5,34,36,3,51078034,51078036
2010|general|E10|51078|3,6,47,48,2,51078047,51078048
2010|general|E10|51078|3,7,50,50,1,51078050,51078050
2010|general|E10|51078|3,8,54,54,1,51078054,51078054
2010|general|E10|51078|3,9,56,56,1,51078056,51078056
2010|general|E10|51078|3,10,64,64,1,51078064,51078064
2010|general|E10|51078|3,11,66,67,2,51078066,51078067
2010|general|E10|51078|3,12,74,74,1,51078074,51078074
2010|general|E10|51078|3,13,91,92,2,51078091,51078092
2010|general|E10|51078|3,14,100,102,3,51078100,51078102
2010|general|E10|51078|3,15,105,106,2,51078105,51078106
2010|general|E10|51078|3,16,108,108,1,51078108,51078108
2010|general|E10|51078|3,17,120,122,3,51078120,51078122
2010|general|E10|51078|3,18,128,131,4,51078128,51078131
2010|general|E10|51078|3,19,141,141,1,51078141,51078141
2010|general|E10|51078|3,20,143,144,2,51078143,51078144
2010|general|E10|51078|3,21,147,149,3,51078147,51078149
2010|general|E10|51078|3,22,157,157,1,51078157,51078157
2010|general|E10|51078|3,23,161,163,3,51078161,51078163
2010|general|E10|51078|3,24,178,180,3,51078178,51078180
2010|general|E10|51078|3,25,182,182,1,51078182,51078182
2010|general|E10|51078|3,26,184,185,2,51078184,51078185
2010|general|E10|51078|3,27,191,193,3,51078191,51078193
2010|general|E10|51078|3,28,203,203,1,51078203,51078203
2010|general|E10|51078|3,29,207,212,6,51078207,51078212
2010|general|E10|51078|3,30,217,217,1,51078217,51078217
2010|general|E10|51078|3,31,221,221,1,51078221,51078221
2010|general|E10|51078|3,32,224,224,1,51078224,51078224
2010|general|E10|51078|3,33,233,234,2,51078233,51078234
2010|general|E10|51078|3,34,245,245,1,51078245,51078245
2010|general|E10|51078|3,35,252,252,1,51078252,51078252
2010|general|E10|51078|3,36,264,265,2,51078264,51078265
2010|general|E10|51078|3,37,280,287,8,51078280,51078287
2010|general|E10|51078|3,38,303,304,2,51078303,51078304
2010|general|E10|51078|3,39,327,327,1,51078327,51078327
2010|general|E10|51078|3,40,338,341,4,51078338,51078341
2010|general|E10|51078|3,41,343,348,6,51078343,51078348
2010|general|E10|51078|3,42,365,366,2,51078365,51078366
2010|general|E10|51078|3,43,375,375,1,51078375,51078375
2010|general|E10|51079|3,1,1,5,5,51079001,51079005
2010|general|E10|51079|3,2,28,29,2,51079028,51079029
2010|general|E10|51079|3,3,43,43,1,51079043,51079043
2010|general|E10|51079|3,4,48,49,2,51079048,51079049
2010|general|E10|51079|3,5,56,56,1,51079056,51079056
2010|general|E10|51079|3,6,71,71,1,51079071,51079071
2010|general|E10|51079|3,7,76,76,1,51079076,51079076
2010|general|E10|51079|3,8,89,89,1,51079089,51079089
2010|general|E10|51079|3,9,94,94,1,51079094,51079094
2010|general|E10|51079|3,10,102,102,1,51079102,51079102
2010|general|E10|51079|3,11,137,137,1,51079137,51079137
2010|general|E10|51079|3,12,139,139,1,51079139,51079139
2010|general|E10|51079|3,13,149,149,1,51079149,51079149
2010|general|E10|51079|3,14,163,163,1,51079163,51079163
2010|general|E11|51079|3,1,6,6,1,51079006,51079006
2010|general|E11|51079|3,2,12,13,2,51079012,51079013
2010|general|E11|51079|3,3,22,27,6,51079022,51079027
2010|general|E11|51079|3,4,31,35,5,51079031,51079035
2010|general|E11|51079|3,5,54,54,1,51079054,51079054
2010|general|E11|51079|3,6,58,61,4,51079058,51079061
2010|general|E11|51079|3,7,65,65,1,51079065,51079065
2010|general|E11|51079|3,8,69,69,1,51079069,51079069
2010|general|E11|51079|3,9,82,84,3,51079082,51079084
2010|general|E11|51079|3,10,88,88,1,51079088,51079088
2010|general|E11|51079|3,11,97,97,1,51079097,51079097
2010|general|E11|51079|3,12,116,119,4,51079116,51079119
2010|general|E11|51079|3,13,128,129,2,51079128,51079129
2010|general|E11|51079|3,14,135,136,2,51079135,51079136
2010|general|E11|51079|3,15,138,138,1,51079138,51079138
2010|general|E11|51079|3,16,156,159,4,51079156,51079159
2010|general|E11|51079|3,17,165,165,1,51079165,51079165
2010|joint_fund|E04|51034|3,1,8,12,5,51034008,51034012
2010|joint_fund|E04|51074|3,1,203,212,10,51074203,51074212
2010|key|E01|51031|3,1,1,4,4,51031001,51031004
2010|key|E02|51032|3,1,1,8,8,51032001,51032008
2010|key|E03|51033|3,1,1,7,7,51033001,51033007
2010|key|E04|51034|3,1,1,7,7,51034001,51034007
2010|key|E05|51035|3,1,1,8,8,51035001,51035008
2010|key|E06|51036|3,1,1,7,7,51036001,51036007
2010|key|E07|51037|3,1,1,6,6,51037001,51037006
2010|key|E08|51038|3,1,2,2,1,51038002,51038002
2010|key|E08|51038|3,2,4,9,6,51038004,51038009
2010|key|E09|51039|3,1,3,5,3,51039003,51039005
2010|key|E10|51038|3,1,1,1,1,51038001,51038001
2010|key|E10|51038|3,2,3,3,1,51038003,51038003
2010|key|E10|51039|3,1,1,2,2,51039001,51039002
2010|key|E10|51039|3,2,7,7,1,51039007,51039007
2010|key|E11|51039|3,1,6,6,1,51039006,51039006
2010|major_research_plan|E01|91026|3,1,6,6,1,91026006,91026006
2010|major_research_plan|E01|91026|3,2,13,13,1,91026013,91026013
2010|major_research_plan|E01|91026|3,3,18,18,1,91026018,91026018
2010|major_research_plan|E02|91016|3,1,3,3,1,91016003,91016003
2010|major_research_plan|E02|91016|3,2,14,14,1,91016014,91016014
2010|major_research_plan|E02|91022|3,1,24,28,5,91022024,91022028
2010|major_research_plan|E02|91022|3,2,34,36,3,91022034,91022036
2010|major_research_plan|E02|91023|3,1,7,12,6,91023007,91023012
2010|major_research_plan|E02|91023|3,2,41,41,1,91023041,91023041
2010|major_research_plan|E03|91016|3,1,15,15,1,91016015,91016015
2010|major_research_plan|E03|91023|3,1,13,14,2,91023013,91023014
2010|major_research_plan|E03|91027|3,1,39,39,1,91027039,91027039
2010|major_research_plan|E04|91010|3,1,2,2,1,91010002,91010002
2010|major_research_plan|E04|91026|3,1,24,24,1,91026024,91026024
2010|major_research_plan|E05|91023|3,1,15,38,24,91023015,91023038
2010|major_research_plan|E05|91023|3,2,42,47,6,91023042,91023047
2010|major_research_plan|E06|91010|3,1,5,5,1,91010005,91010005
2010|major_research_plan|E06|91010|3,2,7,7,1,91010007,91010007
2010|major_research_plan|E06|91010|3,3,9,10,2,91010009,91010010
2010|major_research_plan|E06|91010|3,4,12,13,2,91010012,91010013
2010|major_research_plan|E06|91010|3,5,15,15,1,91010015,91010015
2010|major_research_plan|E06|91010|3,6,17,20,4,91010017,91010020
2010|major_research_plan|E06|91016|3,1,16,16,1,91016016,91016016
2010|major_research_plan|E07|91010|3,1,1,1,1,91010001,91010001
2010|major_research_plan|E08|91015|3,1,1,13,13,91015001,91015013
2010|major_research_plan|E09|91010|3,1,3,3,1,91010003,91010003
2010|major_research_plan|E09|91010|3,2,6,6,1,91010006,91010006
2010|major_research_plan|E09|91010|3,3,14,14,1,91010014,91010014
2010|regional|E01|51061|3,1,1,13,13,51061001,51061013
2010|regional|E01|51061|3,2,15,17,3,51061015,51061017
2010|regional|E02|51062|3,1,1,18,18,51062001,51062018
2010|regional|E03|51063|3,1,1,9,9,51063001,51063009
2010|regional|E04|51064|3,1,1,22,22,51064001,51064022
2010|regional|E05|51065|3,1,1,28,28,51065001,51065028
2010|regional|E06|51066|3,1,1,8,8,51066001,51066008
2010|regional|E07|51067|3,1,1,9,9,51067001,51067009
2010|regional|E08|51068|3,1,1,9,9,51068001,51068009
2010|regional|E08|51068|3,2,12,13,2,51068012,51068013
2010|regional|E08|51068|3,3,17,19,3,51068017,51068019
2010|regional|E08|51068|3,4,21,23,3,51068021,51068023
2010|regional|E08|51068|3,5,26,27,2,51068026,51068027
2010|regional|E09|51069|3,1,1,6,6,51069001,51069006
2010|regional|E09|51069|3,2,8,8,1,51069008,51069008
2010|regional|E09|51069|3,3,10,13,4,51069010,51069013
2010|regional|E09|51069|3,4,15,17,3,51069015,51069017
2010|regional|E10|51068|3,1,10,11,2,51068010,51068011
2010|regional|E10|51068|3,2,14,16,3,51068014,51068016
2010|regional|E10|51068|3,3,20,20,1,51068020,51068020
2010|regional|E10|51068|3,4,24,25,2,51068024,51068025
2010|regional|E10|51069|3,1,7,7,1,51069007,51069007
2010|regional|E10|51069|3,2,9,9,1,51069009,51069009
2010|regional|E10|51069|3,3,14,14,1,51069014,51069014
2010|special|E01|51024|3,1,801,803,3,51024801,51024803
2010|special|E01|51027|3,1,5,5,1,51027005,51027005
2010|special|E01|51041|3,1,1,8,8,51041001,51041008
2010|special|E01|51041|3,2,10,11,2,51041010,51041011
2010|special|E01|51045|3,1,3,3,1,51045003,51045003
2010|special|E02|51042|3,1,1,13,13,51042001,51042013
2010|special|E02|51043|3,1,10,10,1,51043010,51043010
2010|special|E03|51043|3,1,1,6,6,51043001,51043006
2010|special|E03|51043|3,2,11,12,2,51043011,51043012
2010|special|E03|51070|3,1,1,1,1,51070001,51070001
2010|special|E03|51074|3,1,213,213,1,51074213,51074213
2010|special|E03|51075|3,1,422,422,1,51075422,51075422
2010|special|E03|51076|3,1,174,174,1,51076174,51076174
2010|special|E03|51079|3,1,166,166,1,51079166,51079166
2010|special|E04|51027|3,1,3,3,1,51027003,51027003
2010|special|E04|51044|3,1,1,11,11,51044001,51044011
2010|special|E04|51054|3,1,1,8,8,51054001,51054008
2010|special|E04|51075|3,1,423,423,1,51075423,51075423
2010|special|E05|51001|3,1,121,121,1,51001121,51001121
2010|special|E05|51006|3,1,132,132,1,51006132,51006132
2010|special|E05|51027|3,1,6,7,2,51027006,51027007
2010|special|E05|51045|3,1,1,2,2,51045001,51045002
2010|special|E05|51045|3,2,4,11,8,51045004,51045011
2010|special|E05|51050|3,1,1,2,2,51050001,51050002
2010|special|E05|51051|3,1,1,1,1,51051001,51051001
2010|special|E05|51072|3,1,240,240,1,51072240,51072240
2010|special|E06|51003|3,1,125,125,1,51003125,51003125
2010|special|E06|51020|3,1,8,8,1,51020008,51020008
2010|special|E06|51027|3,1,1,1,1,51027001,51027001
2010|special|E06|51046|3,1,1,4,4,51046001,51046004
2010|special|E06|51046|3,2,10,10,1,51046010,51046010
2010|special|E06|51051|3,1,2,2,1,51051002,51051002
2010|special|E06|51071|3,1,184,184,1,51071184,51071184
2010|special|E06|51075|3,1,424,424,1,51075424,51075424
2010|special|E06|51077|3,1,140,142,3,51077140,51077142
2010|special|E06|51078|3,1,378,378,1,51078378,51078378
2010|special|E07|51024|3,1,804,804,1,51024804,51024804
2010|special|E07|51047|3,1,1,3,3,51047001,51047003
2010|special|E07|51047|3,2,10,10,1,51047010,51047010
2010|special|E07|51057|3,1,1,1,1,51057001,51057001
2010|special|E07|51071|3,1,185,185,1,51071185,51071185
2010|special|E07|51073|3,1,180,180,1,51073180,51073180
2010|special|E07|51078|3,1,379,379,1,51078379,51078379
2010|special|E07|51079|3,1,167,167,1,51079167,51079167
2010|special|E08|51006|3,1,133,133,1,51006133,51006133
2010|special|E08|51027|3,1,4,4,1,51027004,51027004
2010|special|E08|51048|3,1,1,5,5,51048001,51048005
2010|special|E08|51048|3,2,10,11,2,51048010,51048011
2010|special|E08|51050|3,1,3,3,1,51050003,51050003
2010|special|E08|51058|3,1,1,1,1,51058001,51058001
2010|special|E08|51074|3,1,214,214,1,51074214,51074214
2010|special|E09|51002|3,1,196,196,1,51002196,51002196
2010|special|E09|51004|3,1,120,120,1,51004120,51004120
2010|special|E09|51006|3,1,134,134,1,51006134,51006134
2010|special|E09|51024|3,1,805,805,1,51024805,51024805
2010|special|E09|51027|3,1,2,2,1,51027002,51027002
2010|special|E09|51049|3,1,1,1,1,51049001,51049001
2010|special|E09|51049|3,2,11,11,1,51049011,51049011
2010|special|E09|51060|3,1,1,2,2,51060001,51060002
2010|special|E10|51051|3,1,3,3,1,51051003,51051003
2010|special|E10|51071|3,1,186,186,1,51071186,51071186
2010|special|E11|51002|3,1,195,195,1,51002195,51002195
2010|special|E11|51049|3,1,2,2,1,51049002,51049002
2010|special|E11|51049|3,2,10,10,1,51049010,51049010
2010|special|E11|51072|3,1,241,241,1,51072241,51072241
2010|youth_c|E01|51001|3,1,1,120,120,51001001,51001120
2010|youth_c|E02|51002|3,1,1,194,194,51002001,51002194
2010|youth_c|E03|51003|3,1,1,124,124,51003001,51003124
2010|youth_c|E04|51004|3,1,1,119,119,51004001,51004119
2010|youth_c|E05|51005|3,1,1,125,125,51005001,51005125
2010|youth_c|E05|51005|3,2,127,264,138,51005127,51005264
2010|youth_c|E06|51006|3,1,1,18,18,51006001,51006018
2010|youth_c|E06|51006|3,2,20,123,104,51006020,51006123
2010|youth_c|E06|51006|3,3,125,131,7,51006125,51006131
2010|youth_c|E07|51007|3,1,1,100,100,51007001,51007100
2010|youth_c|E08|51008|3,1,1,2,2,51008001,51008002
2010|youth_c|E08|51008|3,2,4,4,1,51008004,51008004
2010|youth_c|E08|51008|3,3,6,19,14,51008006,51008019
2010|youth_c|E08|51008|3,4,21,22,2,51008021,51008022
2010|youth_c|E08|51008|3,5,27,43,17,51008027,51008043
2010|youth_c|E08|51008|3,6,47,51,5,51008047,51008051
2010|youth_c|E08|51008|3,7,53,55,3,51008053,51008055
2010|youth_c|E08|51008|3,8,57,63,7,51008057,51008063
2010|youth_c|E08|51008|3,9,65,79,15,51008065,51008079
2010|youth_c|E08|51008|3,10,81,82,2,51008081,51008082
2010|youth_c|E08|51008|3,11,85,103,19,51008085,51008103
2010|youth_c|E08|51008|3,12,109,110,2,51008109,51008110
2010|youth_c|E08|51008|3,13,113,117,5,51008113,51008117
2010|youth_c|E08|51008|3,14,120,120,1,51008120,51008120
2010|youth_c|E08|51008|3,15,122,123,2,51008122,51008123
2010|youth_c|E08|51008|3,16,126,127,2,51008126,51008127
2010|youth_c|E08|51008|3,17,129,138,10,51008129,51008138
2010|youth_c|E08|51008|3,18,140,146,7,51008140,51008146
2010|youth_c|E08|51008|3,19,148,148,1,51008148,51008148
2010|youth_c|E08|51008|3,20,150,150,1,51008150,51008150
2010|youth_c|E08|51008|3,21,156,161,6,51008156,51008161
2010|youth_c|E08|51008|3,22,165,173,9,51008165,51008173
2010|youth_c|E08|51008|3,23,176,177,2,51008176,51008177
2010|youth_c|E08|51008|3,24,179,184,6,51008179,51008184
2010|youth_c|E08|51008|3,25,186,188,3,51008186,51008188
2010|youth_c|E08|51008|3,26,190,190,1,51008190,51008190
2010|youth_c|E08|51008|3,27,193,197,5,51008193,51008197
2010|youth_c|E08|51008|3,28,199,201,3,51008199,51008201
2010|youth_c|E08|51008|3,29,203,205,3,51008203,51008205
2010|youth_c|E08|51008|3,30,208,215,8,51008208,51008215
2010|youth_c|E08|51008|3,31,220,238,19,51008220,51008238
2010|youth_c|E08|51008|3,32,240,241,2,51008240,51008241
2010|youth_c|E08|51008|3,33,244,260,17,51008244,51008260
2010|youth_c|E08|51008|3,34,263,263,1,51008263,51008263
2010|youth_c|E08|51008|3,35,266,268,3,51008266,51008268
2010|youth_c|E08|51008|3,36,270,276,7,51008270,51008276
2010|youth_c|E08|51008|3,37,278,278,1,51008278,51008278
2010|youth_c|E08|51008|3,38,281,289,9,51008281,51008289
2010|youth_c|E08|51008|3,39,298,302,5,51008298,51008302
2010|youth_c|E08|51008|3,40,304,315,12,51008304,51008315
2010|youth_c|E08|51008|3,41,317,317,1,51008317,51008317
2010|youth_c|E08|51008|3,42,319,321,3,51008319,51008321
2010|youth_c|E09|51009|3,1,1,5,5,51009001,51009005
2010|youth_c|E09|51009|3,2,7,15,9,51009007,51009015
2010|youth_c|E09|51009|3,3,18,21,4,51009018,51009021
2010|youth_c|E09|51009|3,4,26,26,1,51009026,51009026
2010|youth_c|E09|51009|3,5,29,31,3,51009029,51009031
2010|youth_c|E09|51009|3,6,43,43,1,51009043,51009043
2010|youth_c|E09|51009|3,7,45,47,3,51009045,51009047
2010|youth_c|E09|51009|3,8,51,58,8,51009051,51009058
2010|youth_c|E09|51009|3,9,64,69,6,51009064,51009069
2010|youth_c|E09|51009|3,10,71,79,9,51009071,51009079
2010|youth_c|E09|51009|3,11,83,86,4,51009083,51009086
2010|youth_c|E09|51009|3,12,94,98,5,51009094,51009098
2010|youth_c|E09|51009|3,13,101,106,6,51009101,51009106
2010|youth_c|E09|51009|3,14,108,110,3,51009108,51009110
2010|youth_c|E09|51009|3,15,114,114,1,51009114,51009114
2010|youth_c|E09|51009|3,16,116,119,4,51009116,51009119
2010|youth_c|E09|51009|3,17,121,121,1,51009121,51009121
2010|youth_c|E09|51009|3,18,125,125,1,51009125,51009125
2010|youth_c|E09|51009|3,19,128,128,1,51009128,51009128
2010|youth_c|E09|51009|3,20,130,133,4,51009130,51009133
2010|youth_c|E09|51009|3,21,135,140,6,51009135,51009140
2010|youth_c|E09|51009|3,22,147,154,8,51009147,51009154
2010|youth_c|E10|51008|3,1,3,3,1,51008003,51008003
2010|youth_c|E10|51008|3,2,5,5,1,51008005,51008005
2010|youth_c|E10|51008|3,3,20,20,1,51008020,51008020
2010|youth_c|E10|51008|3,4,23,26,4,51008023,51008026
2010|youth_c|E10|51008|3,5,44,46,3,51008044,51008046
2010|youth_c|E10|51008|3,6,52,52,1,51008052,51008052
2010|youth_c|E10|51008|3,7,56,56,1,51008056,51008056
2010|youth_c|E10|51008|3,8,64,64,1,51008064,51008064
2010|youth_c|E10|51008|3,9,80,80,1,51008080,51008080
2010|youth_c|E10|51008|3,10,83,84,2,51008083,51008084
2010|youth_c|E10|51008|3,11,104,108,5,51008104,51008108
2010|youth_c|E10|51008|3,12,111,112,2,51008111,51008112
2010|youth_c|E10|51008|3,13,118,119,2,51008118,51008119
2010|youth_c|E10|51008|3,14,121,121,1,51008121,51008121
2010|youth_c|E10|51008|3,15,124,125,2,51008124,51008125
2010|youth_c|E10|51008|3,16,128,128,1,51008128,51008128
2010|youth_c|E10|51008|3,17,139,139,1,51008139,51008139
2010|youth_c|E10|51008|3,18,147,147,1,51008147,51008147
2010|youth_c|E10|51008|3,19,149,149,1,51008149,51008149
2010|youth_c|E10|51008|3,20,151,155,5,51008151,51008155
2010|youth_c|E10|51008|3,21,162,164,3,51008162,51008164
2010|youth_c|E10|51008|3,22,174,175,2,51008174,51008175
2010|youth_c|E10|51008|3,23,178,178,1,51008178,51008178
2010|youth_c|E10|51008|3,24,185,185,1,51008185,51008185
2010|youth_c|E10|51008|3,25,189,189,1,51008189,51008189
2010|youth_c|E10|51008|3,26,191,192,2,51008191,51008192
2010|youth_c|E10|51008|3,27,198,198,1,51008198,51008198
2010|youth_c|E10|51008|3,28,202,202,1,51008202,51008202
2010|youth_c|E10|51008|3,29,206,207,2,51008206,51008207
2010|youth_c|E10|51008|3,30,216,219,4,51008216,51008219
2010|youth_c|E10|51008|3,31,239,239,1,51008239,51008239
2010|youth_c|E10|51008|3,32,242,243,2,51008242,51008243
2010|youth_c|E10|51008|3,33,261,262,2,51008261,51008262
2010|youth_c|E10|51008|3,34,264,265,2,51008264,51008265
2010|youth_c|E10|51008|3,35,269,269,1,51008269,51008269
2010|youth_c|E10|51008|3,36,277,277,1,51008277,51008277
2010|youth_c|E10|51008|3,37,279,280,2,51008279,51008280
2010|youth_c|E10|51008|3,38,290,297,8,51008290,51008297
2010|youth_c|E10|51008|3,39,303,303,1,51008303,51008303
2010|youth_c|E10|51008|3,40,316,316,1,51008316,51008316
2010|youth_c|E10|51008|3,41,318,318,1,51008318,51008318
2010|youth_c|E10|51008|3,42,322,322,1,51008322,51008322
2010|youth_c|E10|51009|3,1,6,6,1,51009006,51009006
2010|youth_c|E10|51009|3,2,27,27,1,51009027,51009027
2010|youth_c|E10|51009|3,3,48,50,3,51009048,51009050
2010|youth_c|E10|51009|3,4,63,63,1,51009063,51009063
2010|youth_c|E10|51009|3,5,80,82,3,51009080,51009082
2010|youth_c|E10|51009|3,6,99,100,2,51009099,51009100
2010|youth_c|E10|51009|3,7,115,115,1,51009115,51009115
2010|youth_c|E10|51009|3,8,120,120,1,51009120,51009120
2010|youth_c|E10|51009|3,9,123,123,1,51009123,51009123
2010|youth_c|E10|51009|3,10,126,126,1,51009126,51009126
2010|youth_c|E10|51009|3,11,129,129,1,51009129,51009129
2010|youth_c|E10|51009|3,12,134,134,1,51009134,51009134
2010|youth_c|E10|51009|3,13,141,141,1,51009141,51009141
2010|youth_c|E10|51009|3,14,155,155,1,51009155,51009155
2010|youth_c|E11|51009|3,1,16,17,2,51009016,51009017
2010|youth_c|E11|51009|3,2,22,25,4,51009022,51009025
2010|youth_c|E11|51009|3,3,28,28,1,51009028,51009028
2010|youth_c|E11|51009|3,4,32,42,11,51009032,51009042
2010|youth_c|E11|51009|3,5,44,44,1,51009044,51009044
2010|youth_c|E11|51009|3,6,59,62,4,51009059,51009062
2010|youth_c|E11|51009|3,7,70,70,1,51009070,51009070
2010|youth_c|E11|51009|3,8,87,93,7,51009087,51009093
2010|youth_c|E11|51009|3,9,107,107,1,51009107,51009107
2010|youth_c|E11|51009|3,10,111,113,3,51009111,51009113
2010|youth_c|E11|51009|3,11,122,122,1,51009122,51009122
2010|youth_c|E11|51009|3,12,124,124,1,51009124,51009124
2010|youth_c|E11|51009|3,13,127,127,1,51009127,51009127
2010|youth_c|E11|51009|3,14,142,146,5,51009142,51009146
2010|youth_c|E11|51009|3,15,156,156,1,51009156,51009156
2011|general|E01|51171|3,1,1,216,216,51171001,51171216
2011|general|E02|51172|3,1,1,55,55,51172001,51172055
2011|general|E02|51172|3,2,57,293,237,51172057,51172293
2011|general|E03|51173|3,1,1,49,49,51173001,51173049
2011|general|E03|51173|3,2,51,171,121,51173051,51173171
2011|general|E03|51173|3,3,173,216,44,51173173,51173216
2011|general|E04|51174|3,1,1,246,246,51174001,51174246
2011|general|E05|51175|3,1,1,535,535,51175001,51175535
2011|general|E06|51176|3,1,1,36,36,51176001,51176036
2011|general|E06|51176|3,2,38,212,175,51176038,51176212
2011|general|E07|51177|3,1,1,53,53,51177001,51177053
2011|general|E07|51177|3,2,55,183,129,51177055,51177183
2011|general|E08|51178|3,1,1,1,1,51178001,51178001
2011|general|E08|51178|3,2,8,16,9,51178008,51178016
2011|general|E08|51178|3,3,20,21,2,51178020,51178021
2011|general|E08|51178|3,4,23,38,16,51178023,51178038
2011|general|E08|51178|3,5,40,42,3,51178040,51178042
2011|general|E08|51178|3,6,44,45,2,51178044,51178045
2011|general|E08|51178|3,7,50,55,6,51178050,51178055
2011|general|E08|51178|3,8,57,75,19,51178057,51178075
2011|general|E08|51178|3,9,78,87,10,51178078,51178087
2011|general|E08|51178|3,10,91,91,1,51178091,51178091
2011|general|E08|51178|3,11,95,116,22,51178095,51178116
2011|general|E08|51178|3,12,118,119,2,51178118,51178119
2011|general|E08|51178|3,13,121,124,4,51178121,51178124
2011|general|E08|51178|3,14,126,128,3,51178126,51178128
2011|general|E08|51178|3,15,130,133,4,51178130,51178133
2011|general|E08|51178|3,16,143,158,16,51178143,51178158
2011|general|E08|51178|3,17,160,170,11,51178160,51178170
2011|general|E08|51178|3,18,174,183,10,51178174,51178183
2011|general|E08|51178|3,19,185,189,5,51178185,51178189
2011|general|E08|51178|3,20,192,193,2,51178192,51178193
2011|general|E08|51178|3,21,196,206,11,51178196,51178206
2011|general|E08|51178|3,22,210,211,2,51178210,51178211
2011|general|E08|51178|3,23,217,222,6,51178217,51178222
2011|general|E08|51178|3,24,226,228,3,51178226,51178228
2011|general|E08|51178|3,25,230,234,5,51178230,51178234
2011|general|E08|51178|3,26,236,238,3,51178236,51178238
2011|general|E08|51178|3,27,243,251,9,51178243,51178251
2011|general|E08|51178|3,28,256,260,5,51178256,51178260
2011|general|E08|51178|3,29,263,282,20,51178263,51178282
2011|general|E08|51178|3,30,285,288,4,51178285,51178288
2011|general|E08|51178|3,31,290,300,11,51178290,51178300
2011|general|E08|51178|3,32,304,310,7,51178304,51178310
2011|general|E08|51178|3,33,312,320,9,51178312,51178320
2011|general|E08|51178|3,34,328,359,32,51178328,51178359
2011|general|E08|51178|3,35,361,375,15,51178361,51178375
2011|general|E08|51178|3,36,380,390,11,51178380,51178390
2011|general|E08|51178|3,37,392,407,16,51178392,51178407
2011|general|E08|51178|3,38,409,410,2,51178409,51178410
2011|general|E08|51178|3,39,413,429,17,51178413,51178429
2011|general|E08|51178|3,40,432,436,5,51178432,51178436
2011|general|E08|51178|3,41,441,442,2,51178441,51178442
2011|general|E08|51178|3,42,445,445,1,51178445,51178445
2011|general|E08|51178|3,43,454,462,9,51178454,51178462
2011|general|E08|51178|3,44,464,476,13,51178464,51178476
2011|general|E08|51178|3,45,478,483,6,51178478,51178483
2011|general|E08|51178|3,46,485,491,7,51178485,51178491
2011|general|E09|51179|3,1,3,5,3,51179003,51179005
2011|general|E09|51179|3,2,9,9,1,51179009,51179009
2011|general|E09|51179|3,3,11,17,7,51179011,51179017
2011|general|E09|51179|3,4,21,24,4,51179021,51179024
2011|general|E09|51179|3,5,31,32,2,51179031,51179032
2011|general|E09|51179|3,6,41,41,1,51179041,51179041
2011|general|E09|51179|3,7,43,51,9,51179043,51179051
2011|general|E09|51179|3,8,55,66,12,51179055,51179066
2011|general|E09|51179|3,9,69,69,1,51179069,51179069
2011|general|E09|51179|3,10,72,72,1,51179072,51179072
2011|general|E09|51179|3,11,75,75,1,51179075,51179075
2011|general|E09|51179|3,12,79,80,2,51179079,51179080
2011|general|E09|51179|3,13,83,93,11,51179083,51179093
2011|general|E09|51179|3,14,97,98,2,51179097,51179098
2011|general|E09|51179|3,15,100,100,1,51179100,51179100
2011|general|E09|51179|3,16,105,108,4,51179105,51179108
2011|general|E09|51179|3,17,110,110,1,51179110,51179110
2011|general|E09|51179|3,18,113,121,9,51179113,51179121
2011|general|E09|51179|3,19,128,141,14,51179128,51179141
2011|general|E09|51179|3,20,148,150,3,51179148,51179150
2011|general|E09|51179|3,21,152,155,4,51179152,51179155
2011|general|E09|51179|3,22,160,166,7,51179160,51179166
2011|general|E09|51179|3,23,168,172,5,51179168,51179172
2011|general|E09|51179|3,24,175,175,1,51179175,51179175
2011|general|E09|51179|3,25,177,177,1,51179177,51179177
2011|general|E09|51179|3,26,180,182,3,51179180,51179182
2011|general|E09|51179|3,27,185,194,10,51179185,51179194
2011|general|E09|51179|3,28,201,201,1,51179201,51179201
2011|general|E09|51179|3,29,203,204,2,51179203,51179204
2011|general|E09|51179|3,30,208,210,3,51179208,51179210
2011|general|E09|51179|3,31,212,213,2,51179212,51179213
2011|general|E10|51178|3,1,2,7,6,51178002,51178007
2011|general|E10|51178|3,2,17,19,3,51178017,51178019
2011|general|E10|51178|3,3,22,22,1,51178022,51178022
2011|general|E10|51178|3,4,39,39,1,51178039,51178039
2011|general|E10|51178|3,5,43,43,1,51178043,51178043
2011|general|E10|51178|3,6,46,49,4,51178046,51178049
2011|general|E10|51178|3,7,76,77,2,51178076,51178077
2011|general|E10|51178|3,8,88,90,3,51178088,51178090
2011|general|E10|51178|3,9,92,94,3,51178092,51178094
2011|general|E10|51178|3,10,117,117,1,51178117,51178117
2011|general|E10|51178|3,11,120,120,1,51178120,51178120
2011|general|E10|51178|3,12,125,125,1,51178125,51178125
2011|general|E10|51178|3,13,129,129,1,51178129,51178129
2011|general|E10|51178|3,14,134,142,9,51178134,51178142
2011|general|E10|51178|3,15,159,159,1,51178159,51178159
2011|general|E10|51178|3,16,171,173,3,51178171,51178173
2011|general|E10|51178|3,17,184,184,1,51178184,51178184
2011|general|E10|51178|3,18,190,191,2,51178190,51178191
2011|general|E10|51178|3,19,194,195,2,51178194,51178195
2011|general|E10|51178|3,20,207,209,3,51178207,51178209
2011|general|E10|51178|3,21,212,216,5,51178212,51178216
2011|general|E10|51178|3,22,223,225,3,51178223,51178225
2011|general|E10|51178|3,23,229,229,1,51178229,51178229
2011|general|E10|51178|3,24,239,242,4,51178239,51178242
2011|general|E10|51178|3,25,252,255,4,51178252,51178255
2011|general|E10|51178|3,26,261,262,2,51178261,51178262
2011|general|E10|51178|3,27,283,284,2,51178283,51178284
2011|general|E10|51178|3,28,289,289,1,51178289,51178289
2011|general|E10|51178|3,29,301,303,3,51178301,51178303
2011|general|E10|51178|3,30,311,311,1,51178311,51178311
2011|general|E10|51178|3,31,321,327,7,51178321,51178327
2011|general|E10|51178|3,32,360,360,1,51178360,51178360
2011|general|E10|51178|3,33,376,379,4,51178376,51178379
2011|general|E10|51178|3,34,391,391,1,51178391,51178391
2011|general|E10|51178|3,35,408,408,1,51178408,51178408
2011|general|E10|51178|3,36,411,412,2,51178411,51178412
2011|general|E10|51178|3,37,430,431,2,51178430,51178431
2011|general|E10|51178|3,38,437,440,4,51178437,51178440
2011|general|E10|51178|3,39,443,444,2,51178443,51178444
2011|general|E10|51178|3,40,446,453,8,51178446,51178453
2011|general|E10|51178|3,41,463,463,1,51178463,51178463
2011|general|E10|51178|3,42,477,477,1,51178477,51178477
2011|general|E10|51178|3,43,484,484,1,51178484,51178484
2011|general|E10|51179|3,1,1,2,2,51179001,51179002
2011|general|E10|51179|3,2,6,8,3,51179006,51179008
2011|general|E10|51179|3,3,10,10,1,51179010,51179010
2011|general|E10|51179|3,4,33,33,1,51179033,51179033
2011|general|E10|51179|3,5,42,42,1,51179042,51179042
2011|general|E10|51179|3,6,52,54,3,51179052,51179054
2011|general|E10|51179|3,7,68,68,1,51179068,51179068
2011|general|E10|51179|3,8,70,70,1,51179070,51179070
2011|general|E10|51179|3,9,73,73,1,51179073,51179073
2011|general|E10|51179|3,10,94,96,3,51179094,51179096
2011|general|E10|51179|3,11,99,99,1,51179099,51179099
2011|general|E10|51179|3,12,109,109,1,51179109,51179109
2011|general|E10|51179|3,13,111,112,2,51179111,51179112
2011|general|E10|51179|3,14,127,127,1,51179127,51179127
2011|general|E10|51179|3,15,151,151,1,51179151,51179151
2011|general|E10|51179|3,16,184,184,1,51179184,51179184
2011|general|E10|51179|3,17,205,207,3,51179205,51179207
2011|general|E10|51179|3,18,214,215,2,51179214,51179215
2011|general|E11|51179|3,1,18,20,3,51179018,51179020
2011|general|E11|51179|3,2,25,30,6,51179025,51179030
2011|general|E11|51179|3,3,34,40,7,51179034,51179040
2011|general|E11|51179|3,4,67,67,1,51179067,51179067
2011|general|E11|51179|3,5,71,71,1,51179071,51179071
2011|general|E11|51179|3,6,74,74,1,51179074,51179074
2011|general|E11|51179|3,7,76,78,3,51179076,51179078
2011|general|E11|51179|3,8,81,82,2,51179081,51179082
2011|general|E11|51179|3,9,101,104,4,51179101,51179104
2011|general|E11|51179|3,10,122,126,5,51179122,51179126
2011|general|E11|51179|3,11,142,147,6,51179142,51179147
2011|general|E11|51179|3,12,156,159,4,51179156,51179159
2011|general|E11|51179|3,13,167,167,1,51179167,51179167
2011|general|E11|51179|3,14,173,174,2,51179173,51179174
2011|general|E11|51179|3,15,176,176,1,51179176,51179176
2011|general|E11|51179|3,16,178,179,2,51179178,51179179
2011|general|E11|51179|3,17,183,183,1,51179183,51179183
2011|general|E11|51179|3,18,195,200,6,51179195,51179200
2011|general|E11|51179|3,19,202,202,1,51179202,51179202
2011|general|E11|51179|3,20,211,211,1,51179211,51179211
2011|joint_fund|E01|U1134|3,1,101,101,1,U1134101,U1134101
2011|joint_fund|E02|U1134|3,1,102,102,1,U1134102,U1134102
2011|joint_fund|E03|U1134|3,1,105,105,1,U1134105,U1134105
2011|joint_fund|E04|51134|3,1,8,25,18,51134008,51134025
2011|joint_fund|E04|51174|3,1,247,291,45,51174247,51174291
2011|joint_fund|E05|U1134|3,1,103,103,1,U1134103,U1134103
2011|joint_fund|E05|U1134|3,2,109,109,1,U1134109,U1134109
2011|joint_fund|E05|U1134|3,3,201,203,3,U1134201,U1134203
2011|joint_fund|E07|U1134|3,1,104,104,1,U1134104,U1134104
2011|joint_fund|E07|U1134|3,2,106,106,1,U1134106,U1134106
2011|joint_fund|E07|U1134|3,3,108,108,1,U1134108,U1134108
2011|joint_fund|E07|U1134|3,4,204,205,2,U1134204,U1134205
2011|joint_fund|E08|U1134|3,1,107,107,1,U1134107,U1134107
2011|joint_fund|E08|U1134|3,2,110,110,1,U1134110,U1134110
2011|joint_fund|E08|U1134|3,3,206,209,4,U1134206,U1134209
2011|key|E01|51131|3,1,1,9,9,51131001,51131009
2011|key|E02|51132|3,1,1,10,10,51132001,51132010
2011|key|E03|51133|3,1,1,9,9,51133001,51133009
2011|key|E04|51134|3,1,1,7,7,51134001,51134007
2011|key|E05|51135|3,1,1,9,9,51135001,51135009
2011|key|E06|51136|3,1,1,7,7,51136001,51136007
2011|key|E07|51137|3,1,1,6,6,51137001,51137006
2011|key|E08|51138|3,1,1,5,5,51138001,51138005
2011|key|E08|51138|3,2,7,7,1,51138007,51138007
2011|key|E09|51139|3,1,1,2,2,51139001,51139002
2011|key|E09|51139|3,2,4,4,1,51139004,51139004
2011|key|E09|51139|3,3,6,7,2,51139006,51139007
2011|key|E10|51138|3,1,6,6,1,51138006,51138006
2011|key|E10|51138|3,2,8,9,2,51138008,51138009
2011|key|E10|51139|3,1,3,3,1,51139003,51139003
2011|key|E11|51139|3,1,5,5,1,51139005,51139005
2011|major_research_plan|E01|91123|3,1,4,4,1,91123004,91123004
2011|major_research_plan|E02|91116|3,1,15,15,1,91116015,91116015
2011|major_research_plan|E02|91122|3,1,20,26,7,91122020,91122026
2011|major_research_plan|E02|91122|3,2,35,35,1,91122035,91122035
2011|major_research_plan|E02|91123|3,1,5,10,6,91123005,91123010
2011|major_research_plan|E03|91123|3,1,11,11,1,91123011,91123011
2011|major_research_plan|E03|91123|3,2,31,32,2,91123031,91123032
2011|major_research_plan|E03|91127|3,1,38,39,2,91127038,91127039
2011|major_research_plan|E05|91123|3,1,12,24,13,91123012,91123024
2011|major_research_plan|E05|91123|3,2,33,37,5,91123033,91123037
2011|regional|E01|51161|3,1,1,25,25,51161001,51161025
2011|regional|E02|51162|3,1,1,26,26,51162001,51162026
2011|regional|E03|51163|3,1,1,16,16,51163001,51163016
2011|regional|E04|51164|3,1,1,34,34,51164001,51164034
2011|regional|E05|51165|3,1,1,44,44,51165001,51165044
2011|regional|E06|51166|3,1,1,14,14,51166001,51166014
2011|regional|E07|51167|3,1,1,18,18,51167001,51167018
2011|regional|E08|51168|3,1,2,11,10,51168002,51168011
2011|regional|E08|51168|3,2,14,19,6,51168014,51168019
2011|regional|E08|51168|3,3,21,25,5,51168021,51168025
2011|regional|E08|51168|3,4,30,37,8,51168030,51168037
2011|regional|E08|51168|3,5,39,45,7,51168039,51168045
2011|regional|E09|51169|3,1,1,5,5,51169001,51169005
2011|regional|E09|51169|3,2,7,16,10,51169007,51169016
2011|regional|E09|51169|3,3,19,21,3,51169019,51169021
2011|regional|E09|51169|3,4,23,25,3,51169023,51169025
2011|regional|E10|51168|3,1,1,1,1,51168001,51168001
2011|regional|E10|51168|3,2,12,13,2,51168012,51168013
2011|regional|E10|51168|3,3,20,20,1,51168020,51168020
2011|regional|E10|51168|3,4,26,29,4,51168026,51168029
2011|regional|E10|51168|3,5,38,38,1,51168038,51168038
2011|regional|E10|51168|3,6,46,47,2,51168046,51168047
2011|regional|E10|51169|3,1,6,6,1,51169006,51169006
2011|regional|E10|51169|3,2,17,18,2,51169017,51169018
2011|special|E01|51141|3,1,1,11,11,51141001,51141011
2011|special|E02|51142|3,1,1,13,13,51142001,51142013
2011|special|E02|51152|3,1,1,1,1,51152001,51152001
2011|special|E03|51127|3,1,3,3,1,51127003,51127003
2011|special|E03|51143|3,1,1,12,12,51143001,51143012
2011|special|E03|51153|3,1,1,1,1,51153001,51153001
2011|special|E04|51144|3,1,1,1,1,51144001,51144001
2011|special|E04|51144|3,2,3,12,10,51144003,51144012
2011|special|E04|51154|3,1,1,3,3,51154001,51154003
2011|special|E05|51127|3,1,1,1,1,51127001,51127001
2011|special|E05|51127|3,2,4,4,1,51127004,51127004
2011|special|E05|51145|3,1,1,17,17,51145001,51145017
2011|special|E06|51127|3,1,2,2,1,51127002,51127002
2011|special|E06|51146|3,1,1,12,12,51146001,51146012
2011|special|E07|51147|3,1,1,2,2,51147001,51147002
2011|special|E07|51147|3,2,4,6,3,51147004,51147006
2011|special|E07|51147|3,3,8,11,4,51147008,51147011
2011|special|E08|51127|3,1,5,5,1,51127005,51127005
2011|special|E08|51148|3,1,2,2,1,51148002,51148002
2011|special|E08|51148|3,2,4,5,2,51148004,51148005
2011|special|E08|51148|3,3,7,10,4,51148007,51148010
2011|special|E09|51127|3,1,6,6,1,51127006,51127006
2011|special|E09|51149|3,1,2,2,1,51149002,51149002
2011|special|E09|51149|3,2,4,4,1,51149004,51149004
2011|special|E09|51149|3,3,6,8,3,51149006,51149008
2011|special|E09|51149|3,4,13,13,1,51149013,51149013
2011|special|E10|51148|3,1,1,1,1,51148001,51148001
2011|special|E10|51148|3,2,3,3,1,51148003,51148003
2011|special|E10|51148|3,3,6,6,1,51148006,51148006
2011|special|E10|51149|3,1,5,5,1,51149005,51149005
2011|special|E11|51149|3,1,1,1,1,51149001,51149001
2011|special|E11|51149|3,2,3,3,1,51149003,51149003
2011|youth_c|E01|51101|3,1,1,178,178,51101001,51101178
2011|youth_c|E02|51102|3,1,1,289,289,51102001,51102289
2011|youth_c|E03|51103|3,1,1,28,28,51103001,51103028
2011|youth_c|E03|51103|3,2,30,184,155,51103030,51103184
2011|youth_c|E04|51104|3,1,1,194,194,51104001,51104194
2011|youth_c|E05|51105|3,1,1,76,76,51105001,51105076
2011|youth_c|E05|51105|3,2,78,97,20,51105078,51105097
2011|youth_c|E05|51105|3,3,99,356,258,51105099,51105356
2011|youth_c|E05|51105|3,4,358,398,41,51105358,51105398
2011|youth_c|E06|51106|3,1,1,3,3,51106001,51106003
2011|youth_c|E06|51106|3,2,5,80,76,51106005,51106080
2011|youth_c|E06|51106|3,3,82,190,109,51106082,51106190
2011|youth_c|E07|51107|3,1,1,156,156,51107001,51107156
2011|youth_c|E08|51108|3,1,2,4,3,51108002,51108004
2011|youth_c|E08|51108|3,2,7,13,7,51108007,51108013
2011|youth_c|E08|51108|3,3,15,15,1,51108015,51108015
2011|youth_c|E08|51108|3,4,17,28,12,51108017,51108028
2011|youth_c|E08|51108|3,5,31,42,12,51108031,51108042
2011|youth_c|E08|51108|3,6,44,68,25,51108044,51108068
2011|youth_c|E08|51108|3,7,71,71,1,51108071,51108071
2011|youth_c|E08|51108|3,8,73,84,12,51108073,51108084
2011|youth_c|E08|51108|3,9,86,92,7,51108086,51108092
2011|youth_c|E08|51108|3,10,95,97,3,51108095,51108097
2011|youth_c|E08|51108|3,11,99,99,1,51108099,51108099
2011|youth_c|E08|51108|3,12,101,107,7,51108101,51108107
2011|youth_c|E08|51108|3,13,109,110,2,51108109,51108110
2011|youth_c|E08|51108|3,14,113,115,3,51108113,51108115
2011|youth_c|E08|51108|3,15,124,143,20,51108124,51108143
2011|youth_c|E08|51108|3,16,147,147,1,51108147,51108147
2011|youth_c|E08|51108|3,17,150,157,8,51108150,51108157
2011|youth_c|E08|51108|3,18,159,161,3,51108159,51108161
2011|youth_c|E08|51108|3,19,163,165,3,51108163,51108165
2011|youth_c|E08|51108|3,20,170,177,8,51108170,51108177
2011|youth_c|E08|51108|3,21,179,180,2,51108179,51108180
2011|youth_c|E08|51108|3,22,182,185,4,51108182,51108185
2011|youth_c|E08|51108|3,23,188,194,7,51108188,51108194
2011|youth_c|E08|51108|3,24,198,200,3,51108198,51108200
2011|youth_c|E08|51108|3,25,204,205,2,51108204,51108205
2011|youth_c|E08|51108|3,26,207,210,4,51108207,51108210
2011|youth_c|E08|51108|3,27,212,222,11,51108212,51108222
2011|youth_c|E08|51108|3,28,224,224,1,51108224,51108224
2011|youth_c|E08|51108|3,29,227,229,3,51108227,51108229
2011|youth_c|E08|51108|3,30,231,238,8,51108231,51108238
2011|youth_c|E08|51108|3,31,240,241,2,51108240,51108241
2011|youth_c|E08|51108|3,32,245,249,5,51108245,51108249
2011|youth_c|E08|51108|3,33,252,257,6,51108252,51108257
2011|youth_c|E08|51108|3,34,259,260,2,51108259,51108260
2011|youth_c|E08|51108|3,35,263,263,1,51108263,51108263
2011|youth_c|E08|51108|3,36,265,265,1,51108265,51108265
2011|youth_c|E08|51108|3,37,267,274,8,51108267,51108274
2011|youth_c|E08|51108|3,38,278,284,7,51108278,51108284
2011|youth_c|E08|51108|3,39,287,290,4,51108287,51108290
2011|youth_c|E08|51108|3,40,292,294,3,51108292,51108294
2011|youth_c|E08|51108|3,41,296,297,2,51108296,51108297
2011|youth_c|E08|51108|3,42,300,309,10,51108300,51108309
2011|youth_c|E08|51108|3,43,312,313,2,51108312,51108313
2011|youth_c|E08|51108|3,44,318,326,9,51108318,51108326
2011|youth_c|E08|51108|3,45,336,349,14,51108336,51108349
2011|youth_c|E08|51108|3,46,352,352,1,51108352,51108352
2011|youth_c|E08|51108|3,47,354,359,6,51108354,51108359
2011|youth_c|E08|51108|3,48,361,366,6,51108361,51108366
2011|youth_c|E08|51108|3,49,369,376,8,51108369,51108376
2011|youth_c|E08|51108|3,50,379,400,22,51108379,51108400
2011|youth_c|E08|51108|3,51,402,405,4,51108402,51108405
2011|youth_c|E08|51108|3,52,409,415,7,51108409,51108415
2011|youth_c|E08|51108|3,53,417,418,2,51108417,51108418
2011|youth_c|E08|51108|3,54,420,421,2,51108420,51108421
2011|youth_c|E08|51108|3,55,425,435,11,51108425,51108435
2011|youth_c|E08|51108|3,56,438,438,1,51108438,51108438
2011|youth_c|E08|51108|3,57,442,442,1,51108442,51108442
2011|youth_c|E08|51108|3,58,448,449,2,51108448,51108449
2011|youth_c|E08|51108|3,59,451,452,2,51108451,51108452
2011|youth_c|E08|51108|3,60,457,457,1,51108457,51108457
2011|youth_c|E08|51108|3,61,459,470,12,51108459,51108470
2011|youth_c|E08|51108|3,62,472,479,8,51108472,51108479
2011|youth_c|E08|51108|3,63,484,486,3,51108484,51108486
2011|youth_c|E08|51108|3,64,488,488,1,51108488,51108488
2011|youth_c|E09|51109|3,1,1,1,1,51109001,51109001
2011|youth_c|E09|51109|3,2,3,3,1,51109003,51109003
2011|youth_c|E09|51109|3,3,6,6,1,51109006,51109006
2011|youth_c|E09|51109|3,4,9,17,9,51109009,51109017
2011|youth_c|E09|51109|3,5,24,29,6,51109024,51109029
2011|youth_c|E09|51109|3,6,35,37,3,51109035,51109037
2011|youth_c|E09|51109|3,7,39,39,1,51109039,51109039
2011|youth_c|E09|51109|3,8,52,57,6,51109052,51109057
2011|youth_c|E09|51109|3,9,64,73,10,51109064,51109073
2011|youth_c|E09|51109|3,10,76,77,2,51109076,51109077
2011|youth_c|E09|51109|3,11,79,88,10,51109079,51109088
2011|youth_c|E09|51109|3,12,92,96,5,51109092,51109096
2011|youth_c|E09|51109|3,13,98,99,2,51109098,51109099
2011|youth_c|E09|51109|3,14,102,105,4,51109102,51109105
2011|youth_c|E09|51109|3,15,107,107,1,51109107,51109107
2011|youth_c|E09|51109|3,16,110,118,9,51109110,51109118
2011|youth_c|E09|51109|3,17,120,125,6,51109120,51109125
2011|youth_c|E09|51109|3,18,133,144,12,51109133,51109144
2011|youth_c|E09|51109|3,19,148,156,9,51109148,51109156
2011|youth_c|E09|51109|3,20,162,171,10,51109162,51109171
2011|youth_c|E09|51109|3,21,174,176,3,51109174,51109176
2011|youth_c|E09|51109|3,22,180,180,1,51109180,51109180
2011|youth_c|E09|51109|3,23,182,183,2,51109182,51109183
2011|youth_c|E09|51109|3,24,188,189,2,51109188,51109189
2011|youth_c|E09|51109|3,25,191,192,2,51109191,51109192
2011|youth_c|E09|51109|3,26,194,194,1,51109194,51109194
2011|youth_c|E09|51109|3,27,196,196,1,51109196,51109196
2011|youth_c|E09|51109|3,28,198,200,3,51109198,51109200
2011|youth_c|E09|51109|3,29,204,204,1,51109204,51109204
2011|youth_c|E09|51109|3,30,207,214,8,51109207,51109214
2011|youth_c|E09|51109|3,31,221,227,7,51109221,51109227
2011|youth_c|E09|51109|3,32,230,231,2,51109230,51109231
2011|youth_c|E10|51108|3,1,1,1,1,51108001,51108001
2011|youth_c|E10|51108|3,2,5,6,2,51108005,51108006
2011|youth_c|E10|51108|3,3,14,14,1,51108014,51108014
2011|youth_c|E10|51108|3,4,16,16,1,51108016,51108016
2011|youth_c|E10|51108|3,5,29,30,2,51108029,51108030
2011|youth_c|E10|51108|3,6,43,43,1,51108043,51108043
2011|youth_c|E10|51108|3,7,69,70,2,51108069,51108070
2011|youth_c|E10|51108|3,8,85,85,1,51108085,51108085
2011|youth_c|E10|51108|3,9,93,94,2,51108093,51108094
2011|youth_c|E10|51108|3,10,98,98,1,51108098,51108098
2011|youth_c|E10|51108|3,11,100,100,1,51108100,51108100
2011|youth_c|E10|51108|3,12,108,108,1,51108108,51108108
2011|youth_c|E10|51108|3,13,111,112,2,51108111,51108112
2011|youth_c|E10|51108|3,14,116,123,8,51108116,51108123
2011|youth_c|E10|51108|3,15,144,146,3,51108144,51108146
2011|youth_c|E10|51108|3,16,148,149,2,51108148,51108149
2011|youth_c|E10|51108|3,17,158,158,1,51108158,51108158
2011|youth_c|E10|51108|3,18,162,162,1,51108162,51108162
2011|youth_c|E10|51108|3,19,166,169,4,51108166,51108169
2011|youth_c|E10|51108|3,20,178,178,1,51108178,51108178
2011|youth_c|E10|51108|3,21,181,181,1,51108181,51108181
2011|youth_c|E10|51108|3,22,186,187,2,51108186,51108187
2011|youth_c|E10|51108|3,23,195,197,3,51108195,51108197
2011|youth_c|E10|51108|3,24,201,203,3,51108201,51108203
2011|youth_c|E10|51108|3,25,206,206,1,51108206,51108206
2011|youth_c|E10|51108|3,26,211,211,1,51108211,51108211
2011|youth_c|E10|51108|3,27,223,223,1,51108223,51108223
2011|youth_c|E10|51108|3,28,225,226,2,51108225,51108226
2011|youth_c|E10|51108|3,29,230,230,1,51108230,51108230
2011|youth_c|E10|51108|3,30,239,239,1,51108239,51108239
2011|youth_c|E10|51108|3,31,242,244,3,51108242,51108244
2011|youth_c|E10|51108|3,32,250,251,2,51108250,51108251
2011|youth_c|E10|51108|3,33,258,258,1,51108258,51108258
2011|youth_c|E10|51108|3,34,261,262,2,51108261,51108262
2011|youth_c|E10|51108|3,35,264,264,1,51108264,51108264
2011|youth_c|E10|51108|3,36,266,266,1,51108266,51108266
2011|youth_c|E10|51108|3,37,275,277,3,51108275,51108277
2011|youth_c|E10|51108|3,38,285,286,2,51108285,51108286
2011|youth_c|E10|51108|3,39,291,291,1,51108291,51108291
2011|youth_c|E10|51108|3,40,295,295,1,51108295,51108295
2011|youth_c|E10|51108|3,41,298,299,2,51108298,51108299
2011|youth_c|E10|51108|3,42,310,311,2,51108310,51108311
2011|youth_c|E10|51108|3,43,314,317,4,51108314,51108317
2011|youth_c|E10|51108|3,44,327,335,9,51108327,51108335
2011|youth_c|E10|51108|3,45,350,351,2,51108350,51108351
2011|youth_c|E10|51108|3,46,353,353,1,51108353,51108353
2011|youth_c|E10|51108|3,47,360,360,1,51108360,51108360
2011|youth_c|E10|51108|3,48,367,368,2,51108367,51108368
2011|youth_c|E10|51108|3,49,377,378,2,51108377,51108378
2011|youth_c|E10|51108|3,50,401,401,1,51108401,51108401
2011|youth_c|E10|51108|3,51,406,408,3,51108406,51108408
2011|youth_c|E10|51108|3,52,416,416,1,51108416,51108416
2011|youth_c|E10|51108|3,53,419,419,1,51108419,51108419
2011|youth_c|E10|51108|3,54,422,424,3,51108422,51108424
2011|youth_c|E10|51108|3,55,436,437,2,51108436,51108437
2011|youth_c|E10|51108|3,56,439,441,3,51108439,51108441
2011|youth_c|E10|51108|3,57,443,447,5,51108443,51108447
2011|youth_c|E10|51108|3,58,450,450,1,51108450,51108450
2011|youth_c|E10|51108|3,59,453,456,4,51108453,51108456
2011|youth_c|E10|51108|3,60,458,458,1,51108458,51108458
2011|youth_c|E10|51108|3,61,471,471,1,51108471,51108471
2011|youth_c|E10|51108|3,62,480,483,4,51108480,51108483
2011|youth_c|E10|51108|3,63,487,487,1,51108487,51108487
2011|youth_c|E10|51109|3,1,2,2,1,51109002,51109002
2011|youth_c|E10|51109|3,2,4,4,1,51109004,51109004
2011|youth_c|E10|51109|3,3,7,8,2,51109007,51109008
2011|youth_c|E10|51109|3,4,19,19,1,51109019,51109019
2011|youth_c|E10|51109|3,5,38,38,1,51109038,51109038
2011|youth_c|E10|51109|3,6,58,63,6,51109058,51109063
2011|youth_c|E10|51109|3,7,78,78,1,51109078,51109078
2011|youth_c|E10|51109|3,8,89,89,1,51109089,51109089
2011|youth_c|E10|51109|3,9,91,91,1,51109091,51109091
2011|youth_c|E10|51109|3,10,97,97,1,51109097,51109097
2011|youth_c|E10|51109|3,11,106,106,1,51109106,51109106
2011|youth_c|E10|51109|3,12,108,109,2,51109108,51109109
2011|youth_c|E10|51109|3,13,126,126,1,51109126,51109126
2011|youth_c|E10|51109|3,14,130,130,1,51109130,51109130
2011|youth_c|E10|51109|3,15,145,147,3,51109145,51109147
2011|youth_c|E10|51109|3,16,161,161,1,51109161,51109161
2011|youth_c|E10|51109|3,17,177,177,1,51109177,51109177
2011|youth_c|E10|51109|3,18,181,181,1,51109181,51109181
2011|youth_c|E10|51109|3,19,195,195,1,51109195,51109195
2011|youth_c|E10|51109|3,20,197,197,1,51109197,51109197
2011|youth_c|E10|51109|3,21,203,203,1,51109203,51109203
2011|youth_c|E10|51109|3,22,206,206,1,51109206,51109206
2011|youth_c|E10|51109|3,23,228,229,2,51109228,51109229
2011|youth_c|E11|51109|3,1,5,5,1,51109005,51109005
2011|youth_c|E11|51109|3,2,18,18,1,51109018,51109018
2011|youth_c|E11|51109|3,3,20,23,4,51109020,51109023
2011|youth_c|E11|51109|3,4,30,34,5,51109030,51109034
2011|youth_c|E11|51109|3,5,40,51,12,51109040,51109051
2011|youth_c|E11|51109|3,6,74,75,2,51109074,51109075
2011|youth_c|E11|51109|3,7,90,90,1,51109090,51109090
2011|youth_c|E11|51109|3,8,100,101,2,51109100,51109101
2011|youth_c|E11|51109|3,9,119,119,1,51109119,51109119
2011|youth_c|E11|51109|3,10,127,129,3,51109127,51109129
2011|youth_c|E11|51109|3,11,131,132,2,51109131,51109132
2011|youth_c|E11|51109|3,12,157,160,4,51109157,51109160
2011|youth_c|E11|51109|3,13,172,173,2,51109172,51109173
2011|youth_c|E11|51109|3,14,178,179,2,51109178,51109179
2011|youth_c|E11|51109|3,15,184,187,4,51109184,51109187
2011|youth_c|E11|51109|3,16,190,190,1,51109190,51109190
2011|youth_c|E11|51109|3,17,193,193,1,51109193,51109193
2011|youth_c|E11|51109|3,18,201,202,2,51109201,51109202
2011|youth_c|E11|51109|3,19,205,205,1,51109205,51109205
2011|youth_c|E11|51109|3,20,215,220,6,51109215,51109220
2011|youth_c|E11|51109|3,21,232,232,1,51109232,51109232
2012|general|E01|51271|3,1,1,215,215,51271001,51271215
2012|general|E02|51272|3,1,1,81,81,51272001,51272081
2012|general|E02|51272|3,2,83,303,221,51272083,51272303
2012|general|E03|51273|3,1,1,221,221,51273001,51273221
2012|general|E04|51274|3,1,1,133,133,51274001,51274133
2012|general|E04|51274|3,2,135,189,55,51274135,51274189
2012|general|E04|51274|3,3,191,270,80,51274191,51274270
2012|general|E05|51275|3,1,1,560,560,51275001,51275560
2012|general|E06|51276|3,1,1,214,214,51276001,51276214
2012|general|E07|51277|3,1,1,196,196,51277001,51277196
2012|general|E08|51278|3,1,3,4,2,51278003,51278004
2012|general|E08|51278|3,2,8,21,14,51278008,51278021
2012|general|E08|51278|3,3,23,23,1,51278023,51278023
2012|general|E08|51278|3,4,27,33,7,51278027,51278033
2012|general|E08|51278|3,5,36,49,14,51278036,51278049
2012|general|E08|51278|3,6,56,64,9,51278056,51278064
2012|general|E08|51278|3,7,66,73,8,51278066,51278073
2012|general|E08|51278|3,8,75,78,4,51278075,51278078
2012|general|E08|51278|3,9,81,87,7,51278081,51278087
2012|general|E08|51278|3,10,89,89,1,51278089,51278089
2012|general|E08|51278|3,11,91,91,1,51278091,51278091
2012|general|E08|51278|3,12,94,94,1,51278094,51278094
2012|general|E08|51278|3,13,96,127,32,51278096,51278127
2012|general|E08|51278|3,14,129,132,4,51278129,51278132
2012|general|E08|51278|3,15,134,142,9,51278134,51278142
2012|general|E08|51278|3,16,149,161,13,51278149,51278161
2012|general|E08|51278|3,17,163,164,2,51278163,51278164
2012|general|E08|51278|3,18,166,173,8,51278166,51278173
2012|general|E08|51278|3,19,178,191,14,51278178,51278191
2012|general|E08|51278|3,20,193,198,6,51278193,51278198
2012|general|E08|51278|3,21,201,205,5,51278201,51278205
2012|general|E08|51278|3,22,207,211,5,51278207,51278211
2012|general|E08|51278|3,23,213,224,12,51278213,51278224
2012|general|E08|51278|3,24,226,228,3,51278226,51278228
2012|general|E08|51278|3,25,230,239,10,51278230,51278239
2012|general|E08|51278|3,26,243,246,4,51278243,51278246
2012|general|E08|51278|3,27,249,251,3,51278249,51278251
2012|general|E08|51278|3,28,254,257,4,51278254,51278257
2012|general|E08|51278|3,29,259,266,8,51278259,51278266
2012|general|E08|51278|3,30,273,282,10,51278273,51278282
2012|general|E08|51278|3,31,284,284,1,51278284,51278284
2012|general|E08|51278|3,32,286,292,7,51278286,51278292
2012|general|E08|51278|3,33,296,316,21,51278296,51278316
2012|general|E08|51278|3,34,319,332,14,51278319,51278332
2012|general|E08|51278|3,35,335,335,1,51278335,51278335
2012|general|E08|51278|3,36,337,349,13,51278337,51278349
2012|general|E08|51278|3,37,359,369,11,51278359,51278369
2012|general|E08|51278|3,38,371,385,15,51278371,51278385
2012|general|E08|51278|3,39,387,403,17,51278387,51278403
2012|general|E08|51278|3,40,410,417,8,51278410,51278417
2012|general|E08|51278|3,41,419,446,28,51278419,51278446
2012|general|E08|51278|3,42,449,455,7,51278449,51278455
2012|general|E08|51278|3,43,459,463,5,51278459,51278463
2012|general|E08|51278|3,44,466,474,9,51278466,51278474
2012|general|E08|51278|3,45,476,478,3,51278476,51278478
2012|general|E08|51278|3,46,488,488,1,51278488,51278488
2012|general|E08|51278|3,47,490,499,10,51278490,51278499
2012|general|E08|51278|3,48,502,507,6,51278502,51278507
2012|general|E08|51278|3,49,511,521,11,51278511,51278521
2012|general|E08|51278|3,50,524,526,3,51278524,51278526
2012|general|E09|51279|3,1,2,3,2,51279002,51279003
2012|general|E09|51279|3,2,5,7,3,51279005,51279007
2012|general|E09|51279|3,3,12,19,8,51279012,51279019
2012|general|E09|51279|3,4,21,21,1,51279021,51279021
2012|general|E09|51279|3,5,24,25,2,51279024,51279025
2012|general|E09|51279|3,6,31,32,2,51279031,51279032
2012|general|E09|51279|3,7,46,54,9,51279046,51279054
2012|general|E09|51279|3,8,57,59,3,51279057,51279059
2012|general|E09|51279|3,9,62,64,3,51279062,51279064
2012|general|E09|51279|3,10,67,69,3,51279067,51279069
2012|general|E09|51279|3,11,71,74,4,51279071,51279074
2012|general|E09|51279|3,12,76,77,2,51279076,51279077
2012|general|E09|51279|3,13,80,87,8,51279080,51279087
2012|general|E09|51279|3,14,89,97,9,51279089,51279097
2012|general|E09|51279|3,15,100,100,1,51279100,51279100
2012|general|E09|51279|3,16,109,111,3,51279109,51279111
2012|general|E09|51279|3,17,116,119,4,51279116,51279119
2012|general|E09|51279|3,18,122,127,6,51279122,51279127
2012|general|E09|51279|3,19,132,133,2,51279132,51279133
2012|general|E09|51279|3,20,135,142,8,51279135,51279142
2012|general|E09|51279|3,21,144,146,3,51279144,51279146
2012|general|E09|51279|3,22,155,157,3,51279155,51279157
2012|general|E09|51279|3,23,160,162,3,51279160,51279162
2012|general|E09|51279|3,24,166,178,13,51279166,51279178
2012|general|E09|51279|3,25,181,181,1,51279181,51279181
2012|general|E09|51279|3,26,183,183,1,51279183,51279183
2012|general|E09|51279|3,27,185,185,1,51279185,51279185
2012|general|E09|51279|3,28,192,193,2,51279192,51279193
2012|general|E09|51279|3,29,197,203,7,51279197,51279203
2012|general|E09|51279|3,30,205,212,8,51279205,51279212
2012|general|E09|51279|3,31,216,219,4,51279216,51279219
2012|general|E09|51279|3,32,223,223,1,51279223,51279223
2012|general|E09|51279|3,33,225,225,1,51279225,51279225
2012|general|E10|51278|3,1,1,2,2,51278001,51278002
2012|general|E10|51278|3,2,5,7,3,51278005,51278007
2012|general|E10|51278|3,3,22,22,1,51278022,51278022
2012|general|E10|51278|3,4,24,26,3,51278024,51278026
2012|general|E10|51278|3,5,34,35,2,51278034,51278035
2012|general|E10|51278|3,6,50,55,6,51278050,51278055
2012|general|E10|51278|3,7,65,65,1,51278065,51278065
2012|general|E10|51278|3,8,74,74,1,51278074,51278074
2012|general|E10|51278|3,9,79,80,2,51278079,51278080
2012|general|E10|51278|3,10,88,88,1,51278088,51278088
2012|general|E10|51278|3,11,90,90,1,51278090,51278090
2012|general|E10|51278|3,12,92,93,2,51278092,51278093
2012|general|E10|51278|3,13,95,95,1,51278095,51278095
2012|general|E10|51278|3,14,133,133,1,51278133,51278133
2012|general|E10|51278|3,15,143,148,6,51278143,51278148
2012|general|E10|51278|3,16,162,162,1,51278162,51278162
2012|general|E10|51278|3,17,165,165,1,51278165,51278165
2012|general|E10|51278|3,18,174,177,4,51278174,51278177
2012|general|E10|51278|3,19,192,192,1,51278192,51278192
2012|general|E10|51278|3,20,199,200,2,51278199,51278200
2012|general|E10|51278|3,21,206,206,1,51278206,51278206
2012|general|E10|51278|3,22,212,212,1,51278212,51278212
2012|general|E10|51278|3,23,225,225,1,51278225,51278225
2012|general|E10|51278|3,24,229,229,1,51278229,51278229
2012|general|E10|51278|3,25,240,242,3,51278240,51278242
2012|general|E10|51278|3,26,247,248,2,51278247,51278248
2012|general|E10|51278|3,27,252,253,2,51278252,51278253
2012|general|E10|51278|3,28,258,258,1,51278258,51278258
2012|general|E10|51278|3,29,267,272,6,51278267,51278272
2012|general|E10|51278|3,30,283,283,1,51278283,51278283
2012|general|E10|51278|3,31,285,285,1,51278285,51278285
2012|general|E10|51278|3,32,293,295,3,51278293,51278295
2012|general|E10|51278|3,33,317,318,2,51278317,51278318
2012|general|E10|51278|3,34,333,334,2,51278333,51278334
2012|general|E10|51278|3,35,336,336,1,51278336,51278336
2012|general|E10|51278|3,36,350,358,9,51278350,51278358
2012|general|E10|51278|3,37,370,370,1,51278370,51278370
2012|general|E10|51278|3,38,386,386,1,51278386,51278386
2012|general|E10|51278|3,39,404,409,6,51278404,51278409
2012|general|E10|51278|3,40,418,418,1,51278418,51278418
2012|general|E10|51278|3,41,447,448,2,51278447,51278448
2012|general|E10|51278|3,42,456,458,3,51278456,51278458
2012|general|E10|51278|3,43,464,465,2,51278464,51278465
2012|general|E10|51278|3,44,475,475,1,51278475,51278475
2012|general|E10|51278|3,45,479,487,9,51278479,51278487
2012|general|E10|51278|3,46,489,489,1,51278489,51278489
2012|general|E10|51278|3,47,500,501,2,51278500,51278501
2012|general|E10|51278|3,48,508,510,3,51278508,51278510
2012|general|E10|51278|3,49,522,523,2,51278522,51278523
2012|general|E10|51278|3,50,527,527,1,51278527,51278527
2012|general|E10|51279|3,1,1,1,1,51279001,51279001
2012|general|E10|51279|3,2,4,4,1,51279004,51279004
2012|general|E10|51279|3,3,8,11,4,51279008,51279011
2012|general|E10|51279|3,4,22,23,2,51279022,51279023
2012|general|E10|51279|3,5,45,45,1,51279045,51279045
2012|general|E10|51279|3,6,60,61,2,51279060,51279061
2012|general|E10|51279|3,7,75,75,1,51279075,51279075
2012|general|E10|51279|3,8,78,79,2,51279078,51279079
2012|general|E10|51279|3,9,108,108,1,51279108,51279108
2012|general|E10|51279|3,10,112,115,4,51279112,51279115
2012|general|E10|51279|3,11,121,121,1,51279121,51279121
2012|general|E10|51279|3,12,143,143,1,51279143,51279143
2012|general|E10|51279|3,13,158,159,2,51279158,51279159
2012|general|E10|51279|3,14,163,163,1,51279163,51279163
2012|general|E10|51279|3,15,194,194,1,51279194,51279194
2012|general|E10|51279|3,16,196,196,1,51279196,51279196
2012|general|E10|51279|3,17,204,204,1,51279204,51279204
2012|general|E10|51279|3,18,213,215,3,51279213,51279215
2012|general|E10|51279|3,19,220,220,1,51279220,51279220
2012|general|E11|51279|3,1,20,20,1,51279020,51279020
2012|general|E11|51279|3,2,26,30,5,51279026,51279030
2012|general|E11|51279|3,3,33,44,12,51279033,51279044
2012|general|E11|51279|3,4,55,56,2,51279055,51279056
2012|general|E11|51279|3,5,65,66,2,51279065,51279066
2012|general|E11|51279|3,6,70,70,1,51279070,51279070
2012|general|E11|51279|3,7,88,88,1,51279088,51279088
2012|general|E11|51279|3,8,98,99,2,51279098,51279099
2012|general|E11|51279|3,9,101,107,7,51279101,51279107
2012|general|E11|51279|3,10,120,120,1,51279120,51279120
2012|general|E11|51279|3,11,128,131,4,51279128,51279131
2012|general|E11|51279|3,12,134,134,1,51279134,51279134
2012|general|E11|51279|3,13,147,154,8,51279147,51279154
2012|general|E11|51279|3,14,164,165,2,51279164,51279165
2012|general|E11|51279|3,15,179,180,2,51279179,51279180
2012|general|E11|51279|3,16,182,182,1,51279182,51279182
2012|general|E11|51279|3,17,184,184,1,51279184,51279184
2012|general|E11|51279|3,18,186,191,6,51279186,51279191
2012|general|E11|51279|3,19,195,195,1,51279195,51279195
2012|general|E11|51279|3,20,221,222,2,51279221,51279222
2012|general|E11|51279|3,21,224,224,1,51279224,51279224
2012|joint_fund|E01|U1204|3,1,508,508,1,U1204508,U1204508
2012|joint_fund|E01|U1204|3,2,521,521,1,U1204521,U1204521
2012|joint_fund|E01|U1234|3,1,207,207,1,U1234207,U1234207
2012|joint_fund|E02|U1204|3,1,501,501,1,U1204501,U1204501
2012|joint_fund|E02|U1204|3,2,505,505,1,U1204505,U1204505
2012|joint_fund|E02|U1204|3,3,516,516,1,U1204516,U1204516
2012|joint_fund|E02|U1204|3,4,519,519,1,U1204519,U1204519
2012|joint_fund|E03|U1204|3,1,504,504,1,U1204504,U1204504
2012|joint_fund|E03|U1204|3,2,507,507,1,U1204507,U1204507
2012|joint_fund|E03|U1204|3,3,510,510,1,U1204510,U1204510
2012|joint_fund|E03|U1204|3,4,518,518,1,U1204518,U1204518
2012|joint_fund|E04|U1204|3,1,503,503,1,U1204503,U1204503
2012|joint_fund|E04|U1204|3,2,512,512,1,U1204512,U1204512
2012|joint_fund|E04|U1260|3,1,101,104,4,U1260101,U1260104
2012|joint_fund|E04|U1260|3,2,201,204,4,U1260201,U1260204
2012|joint_fund|E04|U1261|3,1,101,126,26,U1261101,U1261126
2012|joint_fund|E04|U1261|3,2,201,214,14,U1261201,U1261214
2012|joint_fund|E05|U1204|3,1,514,514,1,U1204514,U1204514
2012|joint_fund|E05|U1204|3,2,517,517,1,U1204517,U1204517
2012|joint_fund|E05|U1204|3,3,520,520,1,U1204520,U1204520
2012|joint_fund|E05|U1204|3,4,524,524,1,U1204524,U1204524
2012|joint_fund|E05|U1234|3,1,206,206,1,U1234206,U1234206
2012|joint_fund|E05|U1234|3,2,208,208,1,U1234208,U1234208
2012|joint_fund|E06|U1204|3,1,523,523,1,U1204523,U1204523
2012|joint_fund|E06|U1204|3,2,525,525,1,U1204525,U1204525
2012|joint_fund|E07|U1204|3,1,506,506,1,U1204506,U1204506
2012|joint_fund|E07|U1204|3,2,515,515,1,U1204515,U1204515
2012|joint_fund|E07|U1234|3,1,202,203,2,U1234202,U1234203
2012|joint_fund|E07|U1234|3,2,205,205,1,U1234205,U1234205
2012|joint_fund|E08|U1204|3,1,502,502,1,U1204502,U1204502
2012|joint_fund|E08|U1204|3,2,513,513,1,U1204513,U1204513
2012|joint_fund|E08|U1234|3,1,201,201,1,U1234201,U1234201
2012|joint_fund|E08|U1234|3,2,204,204,1,U1234204,U1234204
2012|joint_fund|E08|U1234|3,3,209,211,3,U1234209,U1234211
2012|joint_fund|E09|U1204|3,1,509,509,1,U1204509,U1204509
2012|joint_fund|E09|U1204|3,2,511,511,1,U1204511,U1204511
2012|joint_fund|E10|U1204|3,1,522,522,1,U1204522,U1204522
2012|key|E01|51231|3,1,1,8,8,51231001,51231008
2012|key|E02|51232|3,1,1,9,9,51232001,51232009
2012|key|E03|51233|3,1,1,8,8,51233001,51233008
2012|key|E04|51234|3,1,1,10,10,51234001,51234010
2012|key|E05|51235|3,1,1,10,10,51235001,51235010
2012|key|E06|51236|3,1,1,8,8,51236001,51236008
2012|key|E07|51237|3,1,1,7,7,51237001,51237007
2012|key|E08|51238|3,1,3,3,1,51238003,51238003
2012|key|E08|51238|3,2,5,5,1,51238005,51238005
2012|key|E08|51238|3,3,7,12,6,51238007,51238012
2012|key|E09|51239|3,1,4,6,3,51239004,51239006
2012|key|E09|51239|3,2,9,10,2,51239009,51239010
2012|key|E10|51238|3,1,1,2,2,51238001,51238002
2012|key|E10|51238|3,2,4,4,1,51238004,51238004
2012|key|E10|51238|3,3,6,6,1,51238006,51238006
2012|key|E10|51239|3,1,3,3,1,51239003,51239003
2012|key|E11|51239|3,1,1,2,2,51239001,51239002
2012|key|E11|51239|3,2,7,8,2,51239007,51239008
2012|major_research_plan|E01|91222|3,1,109,109,1,91222109,91222109
2012|major_research_plan|E01|91226|3,1,114,114,1,91226114,91226114
2012|major_research_plan|E01|91226|3,2,204,204,1,91226204,91226204
2012|major_research_plan|E02|91216|3,1,122,122,1,91216122,91216122
2012|major_research_plan|E02|91222|3,1,110,111,2,91222110,91222111
2012|major_research_plan|E02|91222|3,2,204,204,1,91222204,91222204
2012|major_research_plan|E02|91233|3,1,109,111,3,91233109,91233111
2012|major_research_plan|E02|91233|3,2,202,204,3,91233202,91233204
2012|major_research_plan|E03|91227|3,1,124,124,1,91227124,91227124
2012|major_research_plan|E03|91233|3,1,0,0,1,91233000,91233000
2012|major_research_plan|E03|91233|3,2,112,118,7,91233112,91233118
2012|major_research_plan|E03|91233|3,3,205,207,3,91233205,91233207
2012|major_research_plan|E04|91216|3,1,123,123,1,91216123,91216123
2012|major_research_plan|E05|91223|3,1,201,203,3,91223201,91223203
2012|major_research_plan|E08|91215|3,1,0,0,1,91215000,91215000
2012|regional|E01|51261|3,1,1,28,28,51261001,51261028
2012|regional|E02|51262|3,1,1,32,32,51262001,51262032
2012|regional|E03|51263|3,1,1,21,21,51263001,51263021
2012|regional|E04|51264|3,1,1,39,39,51264001,51264039
2012|regional|E05|51265|3,1,1,51,51,51265001,51265051
2012|regional|E06|51266|3,1,1,16,16,51266001,51266016
2012|regional|E07|51267|3,1,1,21,21,51267001,51267021
2012|regional|E08|51268|3,1,3,7,5,51268003,51268007
2012|regional|E08|51268|3,2,9,11,3,51268009,51268011
2012|regional|E08|51268|3,3,13,17,5,51268013,51268017
2012|regional|E08|51268|3,4,19,20,2,51268019,51268020
2012|regional|E08|51268|3,5,22,24,3,51268022,51268024
2012|regional|E08|51268|3,6,27,33,7,51268027,51268033
2012|regional|E08|51268|3,7,35,39,5,51268035,51268039
2012|regional|E08|51268|3,8,41,46,6,51268041,51268046
2012|regional|E08|51268|3,9,48,51,4,51268048,51268051
2012|regional|E08|51268|3,10,53,57,5,51268053,51268057
2012|regional|E09|51269|3,1,1,1,1,51269001,51269001
2012|regional|E09|51269|3,2,3,3,1,51269003,51269003
2012|regional|E09|51269|3,3,5,15,11,51269005,51269015
2012|regional|E09|51269|3,4,18,30,13,51269018,51269030
2012|regional|E09|51269|3,5,33,33,1,51269033,51269033
2012|regional|E10|51268|3,1,1,2,2,51268001,51268002
2012|regional|E10|51268|3,2,8,8,1,51268008,51268008
2012|regional|E10|51268|3,3,12,12,1,51268012,51268012
2012|regional|E10|51268|3,4,18,18,1,51268018,51268018
2012|regional|E10|51268|3,5,21,21,1,51268021,51268021
2012|regional|E10|51268|3,6,25,26,2,51268025,51268026
2012|regional|E10|51268|3,7,34,34,1,51268034,51268034
2012|regional|E10|51268|3,8,40,40,1,51268040,51268040
2012|regional|E10|51268|3,9,47,47,1,51268047,51268047
2012|regional|E10|51268|3,10,52,52,1,51268052,51268052
2012|regional|E10|51268|3,11,58,58,1,51268058,51268058
2012|regional|E10|51269|3,1,2,2,1,51269002,51269002
2012|regional|E10|51269|3,2,16,17,2,51269016,51269017
2012|regional|E10|51269|3,3,31,32,2,51269031,51269032
2012|special|E01|51220|3,1,2,2,1,51220002,51220002
2012|special|E01|51224|3,1,1,2,2,51224001,51224002
2012|special|E01|51227|3,1,1,1,1,51227001,51227001
2012|special|E01|51241|3,1,1,10,10,51241001,51241010
2012|special|E02|51227|3,1,2,2,1,51227002,51227002
2012|special|E02|51242|3,1,1,10,10,51242001,51242010
2012|special|E03|51220|3,1,5,5,1,51220005,51220005
2012|special|E03|51243|3,1,1,9,9,51243001,51243009
2012|special|E04|51227|3,1,3,3,1,51227003,51227003
2012|special|E04|51244|3,1,1,10,10,51244001,51244010
2012|special|E04|51254|3,1,1,4,4,51254001,51254004
2012|special|E05|51220|3,1,1,1,1,51220001,51220001
2012|special|E05|51224|3,1,3,3,1,51224003,51224003
2012|special|E05|51227|3,1,4,4,1,51227004,51227004
2012|special|E05|51245|3,1,1,17,17,51245001,51245017
2012|special|E06|51220|3,1,3,3,1,51220003,51220003
2012|special|E06|51227|3,1,5,5,1,51227005,51227005
2012|special|E06|51246|3,1,1,10,10,51246001,51246010
2012|special|E07|51247|3,1,1,9,9,51247001,51247009
2012|special|E08|51220|3,1,4,4,1,51220004,51220004
2012|special|E08|51227|3,1,6,6,1,51227006,51227006
2012|special|E08|51248|3,1,1,1,1,51248001,51248001
2012|special|E08|51248|3,2,3,9,7,51248003,51248009
2012|special|E09|51224|3,1,5,5,1,51224005,51224005
2012|special|E09|51249|3,1,2,3,2,51249002,51249003
2012|special|E09|51249|3,2,7,10,4,51249007,51249010
2012|special|E10|51224|3,1,4,4,1,51224004,51224004
2012|special|E10|51248|3,1,2,2,1,51248002,51248002
2012|special|E10|51249|3,1,4,4,1,51249004,51249004
2012|special|E11|51249|3,1,1,1,1,51249001,51249001
2012|special|E11|51249|3,2,5,6,2,51249005,51249006
2012|youth_c|E01|51201|3,1,1,192,192,51201001,51201192
2012|youth_c|E02|51202|3,1,1,304,304,51202001,51202304
2012|youth_c|E03|51203|3,1,1,196,196,51203001,51203196
2012|youth_c|E04|51204|3,1,1,221,221,51204001,51204221
2012|youth_c|E05|51205|3,1,1,69,69,51205001,51205069
2012|youth_c|E05|51205|3,2,71,435,365,51205071,51205435
2012|youth_c|E06|51206|3,1,1,110,110,51206001,51206110
2012|youth_c|E06|51206|3,2,112,120,9,51206112,51206120
2012|youth_c|E06|51206|3,3,122,157,36,51206122,51206157
2012|youth_c|E06|51206|3,4,159,201,43,51206159,51206201
2012|youth_c|E07|51207|3,1,1,154,154,51207001,51207154
2012|youth_c|E07|51207|3,2,156,175,20,51207156,51207175
2012|youth_c|E08|51208|3,1,2,2,1,51208002,51208002
2012|youth_c|E08|51208|3,2,4,6,3,51208004,51208006
2012|youth_c|E08|51208|3,3,8,8,1,51208008,51208008
2012|youth_c|E08|51208|3,4,11,20,10,51208011,51208020
2012|youth_c|E08|51208|3,5,23,36,14,51208023,51208036
2012|youth_c|E08|51208|3,6,41,47,7,51208041,51208047
2012|youth_c|E08|51208|3,7,49,67,19,51208049,51208067
2012|youth_c|E08|51208|3,8,69,69,1,51208069,51208069
2012|youth_c|E08|51208|3,9,71,74,4,51208071,51208074
2012|youth_c|E08|51208|3,10,76,83,8,51208076,51208083
2012|youth_c|E08|51208|3,11,88,91,4,51208088,51208091
2012|youth_c|E08|51208|3,12,93,121,29,51208093,51208121
2012|youth_c|E08|51208|3,13,123,130,8,51208123,51208130
2012|youth_c|E08|51208|3,14,132,139,8,51208132,51208139
2012|youth_c|E08|51208|3,15,146,158,13,51208146,51208158
2012|youth_c|E08|51208|3,16,161,162,2,51208161,51208162
2012|youth_c|E08|51208|3,17,165,166,2,51208165,51208166
2012|youth_c|E08|51208|3,18,168,169,2,51208168,51208169
2012|youth_c|E08|51208|3,19,171,171,1,51208171,51208171
2012|youth_c|E08|51208|3,20,175,178,4,51208175,51208178
2012|youth_c|E08|51208|3,21,180,183,4,51208180,51208183
2012|youth_c|E08|51208|3,22,187,192,6,51208187,51208192
2012|youth_c|E08|51208|3,23,194,195,2,51208194,51208195
2012|youth_c|E08|51208|3,24,197,198,2,51208197,51208198
2012|youth_c|E08|51208|3,25,202,205,4,51208202,51208205
2012|youth_c|E08|51208|3,26,208,214,7,51208208,51208214
2012|youth_c|E08|51208|3,27,216,225,10,51208216,51208225
2012|youth_c|E08|51208|3,28,227,230,4,51208227,51208230
2012|youth_c|E08|51208|3,29,232,232,1,51208232,51208232
2012|youth_c|E08|51208|3,30,234,247,14,51208234,51208247
2012|youth_c|E08|51208|3,31,251,256,6,51208251,51208256
2012|youth_c|E08|51208|3,32,260,265,6,51208260,51208265
2012|youth_c|E08|51208|3,33,268,270,3,51208268,51208270
2012|youth_c|E08|51208|3,34,272,273,2,51208272,51208273
2012|youth_c|E08|51208|3,35,275,277,3,51208275,51208277
2012|youth_c|E08|51208|3,36,281,282,2,51208281,51208282
2012|youth_c|E08|51208|3,37,284,289,6,51208284,51208289
2012|youth_c|E08|51208|3,38,291,294,4,51208291,51208294
2012|youth_c|E08|51208|3,39,296,298,3,51208296,51208298
2012|youth_c|E08|51208|3,40,300,301,2,51208300,51208301
2012|youth_c|E08|51208|3,41,303,304,2,51208303,51208304
2012|youth_c|E08|51208|3,42,306,310,5,51208306,51208310
2012|youth_c|E08|51208|3,43,312,312,1,51208312,51208312
2012|youth_c|E08|51208|3,44,314,322,9,51208314,51208322
2012|youth_c|E08|51208|3,45,325,330,6,51208325,51208330
2012|youth_c|E08|51208|3,46,332,351,20,51208332,51208351
2012|youth_c|E08|51208|3,47,355,356,2,51208355,51208356
2012|youth_c|E08|51208|3,48,359,363,5,51208359,51208363
2012|youth_c|E08|51208|3,49,373,392,20,51208373,51208392
2012|youth_c|E08|51208|3,50,394,395,2,51208394,51208395
2012|youth_c|E08|51208|3,51,398,412,15,51208398,51208412
2012|youth_c|E08|51208|3,52,417,423,7,51208417,51208423
2012|youth_c|E08|51208|3,53,425,425,1,51208425,51208425
2012|youth_c|E08|51208|3,54,427,447,21,51208427,51208447
2012|youth_c|E08|51208|3,55,449,449,1,51208449,51208449
2012|youth_c|E08|51208|3,56,451,454,4,51208451,51208454
2012|youth_c|E08|51208|3,57,459,463,5,51208459,51208463
2012|youth_c|E08|51208|3,58,465,467,3,51208465,51208467
2012|youth_c|E08|51208|3,59,470,480,11,51208470,51208480
2012|youth_c|E08|51208|3,60,487,487,1,51208487,51208487
2012|youth_c|E08|51208|3,61,493,493,1,51208493,51208493
2012|youth_c|E08|51208|3,62,499,500,2,51208499,51208500
2012|youth_c|E08|51208|3,63,503,530,28,51208503,51208530
2012|youth_c|E08|51208|3,64,535,538,4,51208535,51208538
2012|youth_c|E09|51209|3,1,1,2,2,51209001,51209002
2012|youth_c|E09|51209|3,2,5,9,5,51209005,51209009
2012|youth_c|E09|51209|3,3,13,24,12,51209013,51209024
2012|youth_c|E09|51209|3,4,28,33,6,51209028,51209033
2012|youth_c|E09|51209|3,5,38,39,2,51209038,51209039
2012|youth_c|E09|51209|3,6,41,43,3,51209041,51209043
2012|youth_c|E09|51209|3,7,63,67,5,51209063,51209067
2012|youth_c|E09|51209|3,8,73,79,7,51209073,51209079
2012|youth_c|E09|51209|3,9,84,87,4,51209084,51209087
2012|youth_c|E09|51209|3,10,90,90,1,51209090,51209090
2012|youth_c|E09|51209|3,11,92,98,7,51209092,51209098
2012|youth_c|E09|51209|3,12,101,103,3,51209101,51209103
2012|youth_c|E09|51209|3,13,105,106,2,51209105,51209106
2012|youth_c|E09|51209|3,14,111,114,4,51209111,51209114
2012|youth_c|E09|51209|3,15,117,121,5,51209117,51209121
2012|youth_c|E09|51209|3,16,124,124,1,51209124,51209124
2012|youth_c|E09|51209|3,17,126,128,3,51209126,51209128
2012|youth_c|E09|51209|3,18,130,132,3,51209130,51209132
2012|youth_c|E09|51209|3,19,135,135,1,51209135,51209135
2012|youth_c|E09|51209|3,20,137,138,2,51209137,51209138
2012|youth_c|E09|51209|3,21,140,146,7,51209140,51209146
2012|youth_c|E09|51209|3,22,152,160,9,51209152,51209160
2012|youth_c|E09|51209|3,23,162,164,3,51209162,51209164
2012|youth_c|E09|51209|3,24,167,167,1,51209167,51209167
2012|youth_c|E09|51209|3,25,169,172,4,51209169,51209172
2012|youth_c|E09|51209|3,26,176,177,2,51209176,51209177
2012|youth_c|E09|51209|3,27,179,183,5,51209179,51209183
2012|youth_c|E09|51209|3,28,186,188,3,51209186,51209188
2012|youth_c|E09|51209|3,29,195,201,7,51209195,51209201
2012|youth_c|E09|51209|3,30,203,208,6,51209203,51209208
2012|youth_c|E09|51209|3,31,210,210,1,51209210,51209210
2012|youth_c|E09|51209|3,32,217,217,1,51209217,51209217
2012|youth_c|E09|51209|3,33,219,227,9,51209219,51209227
2012|youth_c|E09|51209|3,34,232,239,8,51209232,51209239
2012|youth_c|E09|51209|3,35,241,242,2,51209241,51209242
2012|youth_c|E10|51208|3,1,1,1,1,51208001,51208001
2012|youth_c|E10|51208|3,2,3,3,1,51208003,51208003
2012|youth_c|E10|51208|3,3,7,7,1,51208007,51208007
2012|youth_c|E10|51208|3,4,9,10,2,51208009,51208010
2012|youth_c|E10|51208|3,5,21,22,2,51208021,51208022
2012|youth_c|E10|51208|3,6,37,40,4,51208037,51208040
2012|youth_c|E10|51208|3,7,68,68,1,51208068,51208068
2012|youth_c|E10|51208|3,8,70,70,1,51208070,51208070
2012|youth_c|E10|51208|3,9,75,75,1,51208075,51208075
2012|youth_c|E10|51208|3,10,84,87,4,51208084,51208087
2012|youth_c|E10|51208|3,11,92,92,1,51208092,51208092
2012|youth_c|E10|51208|3,12,122,122,1,51208122,51208122
2012|youth_c|E10|51208|3,13,131,131,1,51208131,51208131
2012|youth_c|E10|51208|3,14,140,145,6,51208140,51208145
2012|youth_c|E10|51208|3,15,159,160,2,51208159,51208160
2012|youth_c|E10|51208|3,16,163,164,2,51208163,51208164
2012|youth_c|E10|51208|3,17,167,167,1,51208167,51208167
2012|youth_c|E10|51208|3,18,170,170,1,51208170,51208170
2012|youth_c|E10|51208|3,19,172,174,3,51208172,51208174
2012|youth_c|E10|51208|3,20,179,179,1,51208179,51208179
2012|youth_c|E10|51208|3,21,184,186,3,51208184,51208186
2012|youth_c|E10|51208|3,22,193,193,1,51208193,51208193
2012|youth_c|E10|51208|3,23,196,196,1,51208196,51208196
2012|youth_c|E10|51208|3,24,199,201,3,51208199,51208201
2012|youth_c|E10|51208|3,25,206,207,2,51208206,51208207
2012|youth_c|E10|51208|3,26,215,215,1,51208215,51208215
2012|youth_c|E10|51208|3,27,226,226,1,51208226,51208226
2012|youth_c|E10|51208|3,28,231,231,1,51208231,51208231
2012|youth_c|E10|51208|3,29,233,233,1,51208233,51208233
2012|youth_c|E10|51208|3,30,248,250,3,51208248,51208250
2012|youth_c|E10|51208|3,31,257,259,3,51208257,51208259
2012|youth_c|E10|51208|3,32,266,267,2,51208266,51208267
2012|youth_c|E10|51208|3,33,274,274,1,51208274,51208274
2012|youth_c|E10|51208|3,34,278,280,3,51208278,51208280
2012|youth_c|E10|51208|3,35,283,283,1,51208283,51208283
2012|youth_c|E10|51208|3,36,290,290,1,51208290,51208290
2012|youth_c|E10|51208|3,37,295,295,1,51208295,51208295
2012|youth_c|E10|51208|3,38,299,299,1,51208299,51208299
2012|youth_c|E10|51208|3,39,302,302,1,51208302,51208302
2012|youth_c|E10|51208|3,40,305,305,1,51208305,51208305
2012|youth_c|E10|51208|3,41,311,311,1,51208311,51208311
2012|youth_c|E10|51208|3,42,313,313,1,51208313,51208313
2012|youth_c|E10|51208|3,43,323,324,2,51208323,51208324
2012|youth_c|E10|51208|3,44,331,331,1,51208331,51208331
2012|youth_c|E10|51208|3,45,352,354,3,51208352,51208354
2012|youth_c|E10|51208|3,46,357,358,2,51208357,51208358
2012|youth_c|E10|51208|3,47,364,372,9,51208364,51208372
2012|youth_c|E10|51208|3,48,393,393,1,51208393,51208393
2012|youth_c|E10|51208|3,49,396,397,2,51208396,51208397
2012|youth_c|E10|51208|3,50,413,416,4,51208413,51208416
2012|youth_c|E10|51208|3,51,424,424,1,51208424,51208424
2012|youth_c|E10|51208|3,52,426,426,1,51208426,51208426
2012|youth_c|E10|51208|3,53,448,448,1,51208448,51208448
2012|youth_c|E10|51208|3,54,450,450,1,51208450,51208450
2012|youth_c|E10|51208|3,55,455,458,4,51208455,51208458
2012|youth_c|E10|51208|3,56,464,464,1,51208464,51208464
2012|youth_c|E10|51208|3,57,468,469,2,51208468,51208469
2012|youth_c|E10|51208|3,58,481,486,6,51208481,51208486
2012|youth_c|E10|51208|3,59,488,492,5,51208488,51208492
2012|youth_c|E10|51208|3,60,494,498,5,51208494,51208498
2012|youth_c|E10|51208|3,61,501,502,2,51208501,51208502
2012|youth_c|E10|51208|3,62,531,534,4,51208531,51208534
2012|youth_c|E10|51208|3,63,539,539,1,51208539,51208539
2012|youth_c|E10|51209|3,1,3,3,1,51209003,51209003
2012|youth_c|E10|51209|3,2,10,12,3,51209010,51209012
2012|youth_c|E10|51209|3,3,61,61,1,51209061,51209061
2012|youth_c|E10|51209|3,4,68,72,5,51209068,51209072
2012|youth_c|E10|51209|3,5,88,89,2,51209088,51209089
2012|youth_c|E10|51209|3,6,91,91,1,51209091,51209091
2012|youth_c|E10|51209|3,7,109,110,2,51209109,51209110
2012|youth_c|E10|51209|3,8,115,116,2,51209115,51209116
2012|youth_c|E10|51209|3,9,122,123,2,51209122,51209123
2012|youth_c|E10|51209|3,10,125,125,1,51209125,51209125
2012|youth_c|E10|51209|3,11,139,139,1,51209139,51209139
2012|youth_c|E10|51209|3,12,147,151,5,51209147,51209151
2012|youth_c|E10|51209|3,13,168,168,1,51209168,51209168
2012|youth_c|E10|51209|3,14,178,178,1,51209178,51209178
2012|youth_c|E10|51209|3,15,190,192,3,51209190,51209192
2012|youth_c|E10|51209|3,16,194,194,1,51209194,51209194
2012|youth_c|E10|51209|3,17,202,202,1,51209202,51209202
2012|youth_c|E10|51209|3,18,209,209,1,51209209,51209209
2012|youth_c|E10|51209|3,19,216,216,1,51209216,51209216
2012|youth_c|E10|51209|3,20,228,231,4,51209228,51209231
2012|youth_c|E10|51209|3,21,240,240,1,51209240,51209240
2012|youth_c|E11|51209|3,1,4,4,1,51209004,51209004
2012|youth_c|E11|51209|3,2,25,27,3,51209025,51209027
2012|youth_c|E11|51209|3,3,34,37,4,51209034,51209037
2012|youth_c|E11|51209|3,4,40,40,1,51209040,51209040
2012|youth_c|E11|51209|3,5,44,60,17,51209044,51209060
2012|youth_c|E11|51209|3,6,62,62,1,51209062,51209062
2012|youth_c|E11|51209|3,7,80,83,4,51209080,51209083
2012|youth_c|E11|51209|3,8,99,100,2,51209099,51209100
2012|youth_c|E11|51209|3,9,104,104,1,51209104,51209104
2012|youth_c|E11|51209|3,10,107,108,2,51209107,51209108
2012|youth_c|E11|51209|3,11,129,129,1,51209129,51209129
2012|youth_c|E11|51209|3,12,133,134,2,51209133,51209134
2012|youth_c|E11|51209|3,13,136,136,1,51209136,51209136
2012|youth_c|E11|51209|3,14,161,161,1,51209161,51209161
2012|youth_c|E11|51209|3,15,165,166,2,51209165,51209166
2012|youth_c|E11|51209|3,16,173,175,3,51209173,51209175
2012|youth_c|E11|51209|3,17,184,185,2,51209184,51209185
2012|youth_c|E11|51209|3,18,189,189,1,51209189,51209189
2012|youth_c|E11|51209|3,19,193,193,1,51209193,51209193
2012|youth_c|E11|51209|3,20,211,215,5,51209211,51209215
2012|youth_c|E11|51209|3,21,218,218,1,51209218,51209218
2013|general|E01|51371|3,1,1,57,57,51371001,51371057
2013|general|E01|51371|3,2,59,203,145,51371059,51371203
2013|general|E02|51372|3,1,1,146,146,51372001,51372146
2013|general|E02|51372|3,2,148,283,136,51372148,51372283
2013|general|E03|51373|3,1,1,205,205,51373001,51373205
2013|general|E04|51374|3,1,1,269,269,51374001,51374269
2013|general|E05|51375|3,1,1,18,18,51375001,51375018
2013|general|E05|51375|3,2,20,521,502,51375020,51375521
2013|general|E06|51376|3,1,1,204,204,51376001,51376204
2013|general|E07|51377|3,1,1,188,188,51377001,51377188
2013|general|E08|51378|3,1,1,2,2,51378001,51378002
2013|general|E08|51378|3,2,4,12,9,51378004,51378012
2013|general|E08|51378|3,3,15,16,2,51378015,51378016
2013|general|E08|51378|3,4,18,18,1,51378018,51378018
2013|general|E08|51378|3,5,22,26,5,51378022,51378026
2013|general|E08|51378|3,6,29,40,12,51378029,51378040
2013|general|E08|51378|3,7,42,62,21,51378042,51378062
2013|general|E08|51378|3,8,67,73,7,51378067,51378073
2013|general|E08|51378|3,9,75,86,12,51378075,51378086
2013|general|E08|51378|3,10,88,95,8,51378088,51378095
2013|general|E08|51378|3,11,99,128,30,51378099,51378128
2013|general|E08|51378|3,12,130,139,10,51378130,51378139
2013|general|E08|51378|3,13,146,164,19,51378146,51378164
2013|general|E08|51378|3,14,167,172,6,51378167,51378172
2013|general|E08|51378|3,15,176,179,4,51378176,51378179
2013|general|E08|51378|3,16,181,182,2,51378181,51378182
2013|general|E08|51378|3,17,184,186,3,51378184,51378186
2013|general|E08|51378|3,18,193,200,8,51378193,51378200
2013|general|E08|51378|3,19,202,203,2,51378202,51378203
2013|general|E08|51378|3,20,206,206,1,51378206,51378206
2013|general|E08|51378|3,21,209,215,7,51378209,51378215
2013|general|E08|51378|3,22,219,225,7,51378219,51378225
2013|general|E08|51378|3,23,228,231,4,51378228,51378231
2013|general|E08|51378|3,24,233,245,13,51378233,51378245
2013|general|E08|51378|3,25,247,248,2,51378247,51378248
2013|general|E08|51378|3,26,255,260,6,51378255,51378260
2013|general|E08|51378|3,27,262,267,6,51378262,51378267
2013|general|E08|51378|3,28,269,281,13,51378269,51378281
2013|general|E08|51378|3,29,288,299,12,51378288,51378299
2013|general|E08|51378|3,30,301,304,4,51378301,51378304
2013|general|E08|51378|3,31,307,310,4,51378307,51378310
2013|general|E08|51378|3,32,312,315,4,51378312,51378315
2013|general|E08|51378|3,33,317,323,7,51378317,51378323
2013|general|E08|51378|3,34,326,329,4,51378326,51378329
2013|general|E08|51378|3,35,331,331,1,51378331,51378331
2013|general|E08|51378|3,36,333,337,5,51378333,51378337
2013|general|E08|51378|3,37,340,348,9,51378340,51378348
2013|general|E08|51378|3,38,351,365,15,51378351,51378365
2013|general|E08|51378|3,39,376,399,24,51378376,51378399
2013|general|E08|51378|3,40,401,412,12,51378401,51378412
2013|general|E08|51378|3,41,416,443,28,51378416,51378443
2013|general|E08|51378|3,42,445,445,1,51378445,51378445
2013|general|E08|51378|3,43,447,453,7,51378447,51378453
2013|general|E08|51378|3,44,456,479,24,51378456,51378479
2013|general|E08|51378|3,45,481,484,4,51378481,51378484
2013|general|E08|51378|3,46,495,514,20,51378495,51378514
2013|general|E08|51378|3,47,516,521,6,51378516,51378521
2013|general|E09|51379|3,1,1,1,1,51379001,51379001
2013|general|E09|51379|3,2,4,4,1,51379004,51379004
2013|general|E09|51379|3,3,6,8,3,51379006,51379008
2013|general|E09|51379|3,4,10,11,2,51379010,51379011
2013|general|E09|51379|3,5,14,15,2,51379014,51379015
2013|general|E09|51379|3,6,18,24,7,51379018,51379024
2013|general|E09|51379|3,7,27,30,4,51379027,51379030
2013|general|E09|51379|3,8,53,57,5,51379053,51379057
2013|general|E09|51379|3,9,64,70,7,51379064,51379070
2013|general|E09|51379|3,10,75,75,1,51379075,51379075
2013|general|E09|51379|3,11,78,78,1,51379078,51379078
2013|general|E09|51379|3,12,80,82,3,51379080,51379082
2013|general|E09|51379|3,13,86,91,6,51379086,51379091
2013|general|E09|51379|3,14,96,104,9,51379096,51379104
2013|general|E09|51379|3,15,106,110,5,51379106,51379110
2013|general|E09|51379|3,16,112,120,9,51379112,51379120
2013|general|E09|51379|3,17,122,122,1,51379122,51379122
2013|general|E09|51379|3,18,126,132,7,51379126,51379132
2013|general|E09|51379|3,19,138,142,5,51379138,51379142
2013|general|E09|51379|3,20,147,153,7,51379147,51379153
2013|general|E09|51379|3,21,155,164,10,51379155,51379164
2013|general|E09|51379|3,22,172,175,4,51379172,51379175
2013|general|E09|51379|3,23,177,186,10,51379177,51379186
2013|general|E09|51379|3,24,188,188,1,51379188,51379188
2013|general|E09|51379|3,25,190,192,3,51379190,51379192
2013|general|E09|51379|3,26,194,194,1,51379194,51379194
2013|general|E09|51379|3,27,200,210,11,51379200,51379210
2013|general|E09|51379|3,28,215,217,3,51379215,51379217
2013|general|E09|51379|3,29,219,225,7,51379219,51379225
2013|general|E10|51378|3,1,3,3,1,51378003,51378003
2013|general|E10|51378|3,2,13,14,2,51378013,51378014
2013|general|E10|51378|3,3,17,17,1,51378017,51378017
2013|general|E10|51378|3,4,19,21,3,51378019,51378021
2013|general|E10|51378|3,5,27,28,2,51378027,51378028
2013|general|E10|51378|3,6,41,41,1,51378041,51378041
2013|general|E10|51378|3,7,63,66,4,51378063,51378066
2013|general|E10|51378|3,8,87,87,1,51378087,51378087
2013|general|E10|51378|3,9,96,98,3,51378096,51378098
2013|general|E10|51378|3,10,129,129,1,51378129,51378129
2013|general|E10|51378|3,11,140,145,6,51378140,51378145
2013|general|E10|51378|3,12,165,166,2,51378165,51378166
2013|general|E10|51378|3,13,173,175,3,51378173,51378175
2013|general|E10|51378|3,14,180,180,1,51378180,51378180
2013|general|E10|51378|3,15,183,183,1,51378183,51378183
2013|general|E10|51378|3,16,187,192,6,51378187,51378192
2013|general|E10|51378|3,17,201,201,1,51378201,51378201
2013|general|E10|51378|3,18,204,205,2,51378204,51378205
2013|general|E10|51378|3,19,207,208,2,51378207,51378208
2013|general|E10|51378|3,20,216,218,3,51378216,51378218
2013|general|E10|51378|3,21,226,227,2,51378226,51378227
2013|general|E10|51378|3,22,232,232,1,51378232,51378232
2013|general|E10|51378|3,23,246,246,1,51378246,51378246
2013|general|E10|51378|3,24,249,254,6,51378249,51378254
2013|general|E10|51378|3,25,261,261,1,51378261,51378261
2013|general|E10|51378|3,26,268,268,1,51378268,51378268
2013|general|E10|51378|3,27,282,287,6,51378282,51378287
2013|general|E10|51378|3,28,300,300,1,51378300,51378300
2013|general|E10|51378|3,29,305,306,2,51378305,51378306
2013|general|E10|51378|3,30,311,311,1,51378311,51378311
2013|general|E10|51378|3,31,316,316,1,51378316,51378316
2013|general|E10|51378|3,32,324,325,2,51378324,51378325
2013|general|E10|51378|3,33,330,330,1,51378330,51378330
2013|general|E10|51378|3,34,332,332,1,51378332,51378332
2013|general|E10|51378|3,35,338,339,2,51378338,51378339
2013|general|E10|51378|3,36,349,350,2,51378349,51378350
2013|general|E10|51378|3,37,366,375,10,51378366,51378375
2013|general|E10|51378|3,38,400,400,1,51378400,51378400
2013|general|E10|51378|3,39,413,415,3,51378413,51378415
2013|general|E10|51378|3,40,444,444,1,51378444,51378444
2013|general|E10|51378|3,41,446,446,1,51378446,51378446
2013|general|E10|51378|3,42,454,455,2,51378454,51378455
2013|general|E10|51378|3,43,480,480,1,51378480,51378480
2013|general|E10|51378|3,44,485,494,10,51378485,51378494
2013|general|E10|51378|3,45,515,515,1,51378515,51378515
2013|general|E10|51378|3,46,522,522,1,51378522,51378522
2013|general|E10|51379|3,1,9,9,1,51379009,51379009
2013|general|E10|51379|3,2,12,13,2,51379012,51379013
2013|general|E10|51379|3,3,16,17,2,51379016,51379017
2013|general|E10|51379|3,4,38,38,1,51379038,51379038
2013|general|E10|51379|3,5,52,52,1,51379052,51379052
2013|general|E10|51379|3,6,58,63,6,51379058,51379063
2013|general|E10|51379|3,7,76,77,2,51379076,51379077
2013|general|E10|51379|3,8,79,79,1,51379079,51379079
2013|general|E10|51379|3,9,84,85,2,51379084,51379085
2013|general|E10|51379|3,10,105,105,1,51379105,51379105
2013|general|E10|51379|3,11,133,137,5,51379133,51379137
2013|general|E10|51379|3,12,146,146,1,51379146,51379146
2013|general|E10|51379|3,13,154,154,1,51379154,51379154
2013|general|E10|51379|3,14,187,187,1,51379187,51379187
2013|general|E10|51379|3,15,199,199,1,51379199,51379199
2013|general|E10|51379|3,16,211,211,1,51379211,51379211
2013|general|E10|51379|3,17,218,218,1,51379218,51379218
2013|general|E11|51379|3,1,2,3,2,51379002,51379003
2013|general|E11|51379|3,2,5,5,1,51379005,51379005
2013|general|E11|51379|3,3,25,26,2,51379025,51379026
2013|general|E11|51379|3,4,31,37,7,51379031,51379037
2013|general|E11|51379|3,5,39,51,13,51379039,51379051
2013|general|E11|51379|3,6,71,74,4,51379071,51379074
2013|general|E11|51379|3,7,83,83,1,51379083,51379083
2013|general|E11|51379|3,8,92,95,4,51379092,51379095
2013|general|E11|51379|3,9,111,111,1,51379111,51379111
2013|general|E11|51379|3,10,121,121,1,51379121,51379121
2013|general|E11|51379|3,11,123,125,3,51379123,51379125
2013|general|E11|51379|3,12,143,145,3,51379143,51379145
2013|general|E11|51379|3,13,165,171,7,51379165,51379171
2013|general|E11|51379|3,14,176,176,1,51379176,51379176
2013|general|E11|51379|3,15,189,189,1,51379189,51379189
2013|general|E11|51379|3,16,193,193,1,51379193,51379193
2013|general|E11|51379|3,17,195,198,4,51379195,51379198
2013|general|E11|51379|3,18,212,214,3,51379212,51379214
2013|joint_fund|E01|U1304|3,1,518,518,1,U1304518,U1304518
2013|joint_fund|E01|U1304|3,2,522,522,1,U1304522,U1304522
2013|joint_fund|E02|U1304|3,1,505,506,2,U1304505,U1304506
2013|joint_fund|E02|U1304|3,2,512,512,1,U1304512,U1304512
2013|joint_fund|E02|U1304|3,3,514,514,1,U1304514,U1304514
2013|joint_fund|E02|U1304|3,4,520,520,1,U1304520,U1304520
2013|joint_fund|E02|U1304|3,5,524,524,1,U1304524,U1304524
2013|joint_fund|E03|U1304|3,1,504,504,1,U1304504,U1304504
2013|joint_fund|E03|U1304|3,2,516,516,1,U1304516,U1304516
2013|joint_fund|E03|U1304|3,3,529,529,1,U1304529,U1304529
2013|joint_fund|E04|U1304|3,1,502,502,1,U1304502,U1304502
2013|joint_fund|E04|U1304|3,2,517,517,1,U1304517,U1304517
2013|joint_fund|E04|U1304|3,3,519,519,1,U1304519,U1304519
2013|joint_fund|E04|U1360|3,1,101,106,6,U1360101,U1360106
2013|joint_fund|E04|U1360|3,2,201,205,5,U1360201,U1360205
2013|joint_fund|E04|U1361|3,1,101,130,30,U1361101,U1361130
2013|joint_fund|E04|U1361|3,2,201,214,14,U1361201,U1361214
2013|joint_fund|E05|U1304|3,1,507,508,2,U1304507,U1304508
2013|joint_fund|E05|U1304|3,2,510,510,1,U1304510,U1304510
2013|joint_fund|E05|U1304|3,3,523,523,1,U1304523,U1304523
2013|joint_fund|E05|U1334|3,1,205,206,2,U1334205,U1334206
2013|joint_fund|E05|U1334|3,2,208,208,1,U1334208,U1334208
2013|joint_fund|E06|U1304|3,1,513,513,1,U1304513,U1304513
2013|joint_fund|E06|U1304|3,2,521,521,1,U1304521,U1304521
2013|joint_fund|E06|U1304|3,3,528,528,1,U1304528,U1304528
2013|joint_fund|E07|U1304|3,1,501,501,1,U1304501,U1304501
2013|joint_fund|E07|U1304|3,2,525,525,1,U1304525,U1304525
2013|joint_fund|E08|U1304|3,1,515,515,1,U1304515,U1304515
2013|joint_fund|E08|U1304|3,2,526,527,2,U1304526,U1304527
2013|joint_fund|E08|U1334|3,1,201,201,1,U1334201,U1334201
2013|joint_fund|E08|U1334|3,2,203,203,1,U1334203,U1334203
2013|joint_fund|E08|U1334|3,3,207,207,1,U1334207,U1334207
2013|joint_fund|E08|U1334|3,4,209,209,1,U1334209,U1334209
2013|joint_fund|E09|U1304|3,1,503,503,1,U1304503,U1304503
2013|joint_fund|E09|U1304|3,2,509,509,1,U1304509,U1304509
2013|joint_fund|E09|U1304|3,3,511,511,1,U1304511,U1304511
2013|key|E01|51331|3,1,1,8,8,51331001,51331008
2013|key|E02|51332|3,1,1,9,9,51332001,51332009
2013|key|E03|51333|3,1,1,8,8,51333001,51333008
2013|key|E04|51334|3,1,1,8,8,51334001,51334008
2013|key|E05|51335|3,1,1,11,11,51335001,51335011
2013|key|E06|51336|3,1,1,11,11,51336001,51336011
2013|key|E07|51337|3,1,1,9,9,51337001,51337009
2013|key|E08|51338|3,1,1,4,4,51338001,51338004
2013|key|E08|51338|3,2,6,9,4,51338006,51338009
2013|key|E09|51339|3,1,1,1,1,51339001,51339001
2013|key|E09|51339|3,2,3,4,2,51339003,51339004
2013|key|E09|51339|3,3,6,7,2,51339006,51339007
2013|key|E10|51338|3,1,5,5,1,51338005,51338005
2013|key|E10|51338|3,2,10,10,1,51338010,51338010
2013|key|E10|51339|3,1,2,2,1,51339002,51339002
2013|key|E11|51339|3,1,5,5,1,51339005,51339005
2013|key|E11|51339|3,2,8,8,1,51339008,51339008
2013|major_research_plan|E01|91326|3,1,114,114,1,91326114,91326114
2013|major_research_plan|E02|91333|3,1,105,105,1,91333105,91333105
2013|major_research_plan|E02|91333|3,2,108,108,1,91333108,91333108
2013|major_research_plan|E02|91333|3,3,110,110,1,91333110,91333110
2013|major_research_plan|E02|91333|3,4,115,115,1,91333115,91333115
2013|major_research_plan|E02|91333|3,5,118,122,5,91333118,91333122
2013|major_research_plan|E02|91333|3,6,203,203,1,91333203,91333203
2013|major_research_plan|E02|91333|3,7,207,207,1,91333207,91333207
2013|major_research_plan|E03|91333|3,1,102,103,2,91333102,91333103
2013|major_research_plan|E03|91333|3,2,107,107,1,91333107,91333107
2013|major_research_plan|E03|91333|3,3,109,109,1,91333109,91333109
2013|major_research_plan|E03|91333|3,4,112,112,1,91333112,91333112
2013|major_research_plan|E03|91333|3,5,116,117,2,91333116,91333117
2013|major_research_plan|E03|91333|3,6,201,201,1,91333201,91333201
2013|major_research_plan|E03|91333|3,7,204,206,3,91333204,91333206
2013|major_research_plan|E03|91333|3,8,208,208,1,91333208,91333208
2013|major_research_plan|E05|91323|3,1,0,0,1,91323000,91323000
2013|major_research_plan|E05|91323|3,2,102,106,5,91323102,91323106
2013|major_research_plan|E06|91334|3,1,110,111,2,91334110,91334111
2013|major_research_plan|E10|91334|3,1,112,112,1,91334112,91334112
2013|regional|E01|51361|3,1,1,28,28,51361001,51361028
2013|regional|E02|51362|3,1,1,31,31,51362001,51362031
2013|regional|E03|51363|3,1,1,20,20,51363001,51363020
2013|regional|E04|51364|3,1,1,40,40,51364001,51364040
2013|regional|E05|51365|3,1,1,29,29,51365001,51365029
2013|regional|E05|51365|3,2,31,54,24,51365031,51365054
2013|regional|E06|51366|3,1,1,15,15,51366001,51366015
2013|regional|E07|51367|3,1,1,19,19,51367001,51367019
2013|regional|E08|51368|3,1,1,3,3,51368001,51368003
2013|regional|E08|51368|3,2,5,10,6,51368005,51368010
2013|regional|E08|51368|3,3,13,23,11,51368013,51368023
2013|regional|E08|51368|3,4,27,28,2,51368027,51368028
2013|regional|E08|51368|3,5,31,43,13,51368031,51368043
2013|regional|E08|51368|3,6,46,50,5,51368046,51368050
2013|regional|E08|51368|3,7,52,60,9,51368052,51368060
2013|regional|E09|51369|3,1,1,3,3,51369001,51369003
2013|regional|E09|51369|3,2,5,7,3,51369005,51369007
2013|regional|E09|51369|3,3,9,19,11,51369009,51369019
2013|regional|E09|51369|3,4,21,23,3,51369021,51369023
2013|regional|E09|51369|3,5,25,25,1,51369025,51369025
2013|regional|E09|51369|3,6,27,29,3,51369027,51369029
2013|regional|E09|51369|3,7,31,31,1,51369031,51369031
2013|regional|E10|51368|3,1,4,4,1,51368004,51368004
2013|regional|E10|51368|3,2,11,12,2,51368011,51368012
2013|regional|E10|51368|3,3,24,26,3,51368024,51368026
2013|regional|E10|51368|3,4,29,30,2,51368029,51368030
2013|regional|E10|51368|3,5,44,45,2,51368044,51368045
2013|regional|E10|51368|3,6,51,51,1,51368051,51368051
2013|regional|E10|51368|3,7,61,61,1,51368061,51368061
2013|regional|E10|51369|3,1,4,4,1,51369004,51369004
2013|regional|E10|51369|3,2,20,20,1,51369020,51369020
2013|regional|E10|51369|3,3,24,24,1,51369024,51369024
2013|regional|E10|51369|3,4,26,26,1,51369026,51369026
2013|regional|E10|51369|3,5,30,30,1,51369030,51369030
2013|regional|E11|51369|3,1,8,8,1,51369008,51369008
2013|special|E01|51341|3,1,1,10,10,51341001,51341010
2013|special|E02|51323|3,1,1,2,2,51323001,51323002
2013|special|E02|51342|3,1,1,10,10,51342001,51342010
2013|special|E02|51352|3,1,1,3,3,51352001,51352003
2013|special|E03|51323|3,1,3,3,1,51323003,51323003
2013|special|E03|51343|3,1,1,8,8,51343001,51343008
2013|special|E03|51353|3,1,1,3,3,51353001,51353003
2013|special|E04|51323|3,1,4,4,1,51323004,51323004
2013|special|E04|51327|3,1,7,7,1,51327007,51327007
2013|special|E04|51344|3,1,1,12,12,51344001,51344012
2013|special|E04|51354|3,1,1,1,1,51354001,51354001
2013|special|E05|51323|3,1,5,9,5,51323005,51323009
2013|special|E05|51327|3,1,5,6,2,51327005,51327006
2013|special|E05|51345|3,1,1,16,16,51345001,51345016
2013|special|E05|51355|3,1,1,1,1,51355001,51355001
2013|special|E06|51323|3,1,10,11,2,51323010,51323011
2013|special|E06|51327|3,1,1,1,1,51327001,51327001
2013|special|E06|51346|3,1,1,9,9,51346001,51346009
2013|special|E06|51356|3,1,1,1,1,51356001,51356001
2013|special|E07|51323|3,1,12,12,1,51323012,51323012
2013|special|E07|51327|3,1,2,2,1,51327002,51327002
2013|special|E07|51347|3,1,1,10,10,51347001,51347010
2013|special|E08|51323|3,1,13,13,1,51323013,51323013
2013|special|E08|51327|3,1,3,3,1,51327003,51327003
2013|special|E08|51348|3,1,1,6,6,51348001,51348006
2013|special|E08|51348|3,2,10,10,1,51348010,51348010
2013|special|E09|51323|3,1,14,14,1,51323014,51323014
2013|special|E09|51349|3,1,1,1,1,51349001,51349001
2013|special|E09|51349|3,2,3,4,2,51349003,51349004
2013|special|E09|51349|3,3,6,8,3,51349006,51349008
2013|special|E09|51349|3,4,10,11,2,51349010,51349011
2013|special|E09|51349|3,5,13,15,3,51349013,51349015
2013|special|E10|51320|3,1,1,1,1,51320001,51320001
2013|special|E10|51327|3,1,4,4,1,51327004,51327004
2013|special|E10|51348|3,1,7,9,3,51348007,51348009
2013|special|E10|51348|3,2,11,12,2,51348011,51348012
2013|special|E10|51349|3,1,5,5,1,51349005,51349005
2013|special|E11|51349|3,1,2,2,1,51349002,51349002
2013|special|E11|51349|3,2,9,9,1,51349009,51349009
2013|youth_c|E01|51301|3,1,1,215,215,51301001,51301215
2013|youth_c|E02|51302|3,1,1,175,175,51302001,51302175
2013|youth_c|E02|51302|3,2,177,191,15,51302177,51302191
2013|youth_c|E02|51302|3,3,193,239,47,51302193,51302239
2013|youth_c|E02|51302|3,4,241,330,90,51302241,51302330
2013|youth_c|E03|51303|3,1,1,41,41,51303001,51303041
2013|youth_c|E03|51303|3,2,43,118,76,51303043,51303118
2013|youth_c|E03|51303|3,3,120,218,99,51303120,51303218
2013|youth_c|E04|51304|3,1,1,260,260,51304001,51304260
2013|youth_c|E05|51305|3,1,1,478,478,51305001,51305478
2013|youth_c|E06|51306|3,1,1,191,191,51306001,51306191
2013|youth_c|E06|51306|3,2,193,216,24,51306193,51306216
2013|youth_c|E07|51307|3,1,1,187,187,51307001,51307187
2013|youth_c|E08|51308|3,1,3,5,3,51308003,51308005
2013|youth_c|E08|51308|3,2,11,21,11,51308011,51308021
2013|youth_c|E08|51308|3,3,23,23,1,51308023,51308023
2013|youth_c|E08|51308|3,4,26,31,6,51308026,51308031
2013|youth_c|E08|51308|3,5,34,42,9,51308034,51308042
2013|youth_c|E08|51308|3,6,44,44,1,51308044,51308044
2013|youth_c|E08|51308|3,7,46,46,1,51308046,51308046
2013|youth_c|E08|51308|3,8,49,49,1,51308049,51308049
2013|youth_c|E08|51308|3,9,51,65,15,51308051,51308065
2013|youth_c|E08|51308|3,10,67,67,1,51308067,51308067
2013|youth_c|E08|51308|3,11,70,75,6,51308070,51308075
2013|youth_c|E08|51308|3,12,77,77,1,51308077,51308077
2013|youth_c|E08|51308|3,13,80,82,3,51308080,51308082
2013|youth_c|E08|51308|3,14,84,85,2,51308084,51308085
2013|youth_c|E08|51308|3,15,87,88,2,51308087,51308088
2013|youth_c|E08|51308|3,16,90,96,7,51308090,51308096
2013|youth_c|E08|51308|3,17,99,122,24,51308099,51308122
2013|youth_c|E08|51308|3,18,124,126,3,51308124,51308126
2013|youth_c|E08|51308|3,19,129,130,2,51308129,51308130
2013|youth_c|E08|51308|3,20,134,135,2,51308134,51308135
2013|youth_c|E08|51308|3,21,137,145,9,51308137,51308145
2013|youth_c|E08|51308|3,22,153,170,18,51308153,51308170
2013|youth_c|E08|51308|3,23,173,178,6,51308173,51308178
2013|youth_c|E08|51308|3,24,180,180,1,51308180,51308180
2013|youth_c|E08|51308|3,25,182,182,1,51308182,51308182
2013|youth_c|E08|51308|3,26,186,198,13,51308186,51308198
2013|youth_c|E08|51308|3,27,201,210,10,51308201,51308210
2013|youth_c|E08|51308|3,28,213,214,2,51308213,51308214
2013|youth_c|E08|51308|3,29,218,223,6,51308218,51308223
2013|youth_c|E08|51308|3,30,225,229,5,51308225,51308229
2013|youth_c|E08|51308|3,31,231,238,8,51308231,51308238
2013|youth_c|E08|51308|3,32,240,244,5,51308240,51308244
2013|youth_c|E08|51308|3,33,246,246,1,51308246,51308246
2013|youth_c|E08|51308|3,34,248,251,4,51308248,51308251
2013|youth_c|E08|51308|3,35,254,256,3,51308254,51308256
2013|youth_c|E08|51308|3,36,258,273,16,51308258,51308273
2013|youth_c|E08|51308|3,37,275,275,1,51308275,51308275
2013|youth_c|E08|51308|3,38,277,277,1,51308277,51308277
2013|youth_c|E08|51308|3,39,279,281,3,51308279,51308281
2013|youth_c|E08|51308|3,40,285,295,11,51308285,51308295
2013|youth_c|E08|51308|3,41,297,299,3,51308297,51308299
2013|youth_c|E08|51308|3,42,301,304,4,51308301,51308304
2013|youth_c|E08|51308|3,43,307,311,5,51308307,51308311
2013|youth_c|E08|51308|3,44,313,313,1,51308313,51308313
2013|youth_c|E08|51308|3,45,316,318,3,51308316,51308318
2013|youth_c|E08|51308|3,46,321,336,16,51308321,51308336
2013|youth_c|E08|51308|3,47,338,348,11,51308338,51308348
2013|youth_c|E08|51308|3,48,350,353,4,51308350,51308353
2013|youth_c|E08|51308|3,49,355,361,7,51308355,51308361
2013|youth_c|E08|51308|3,50,363,366,4,51308363,51308366
2013|youth_c|E08|51308|3,51,368,372,5,51308368,51308372
2013|youth_c|E08|51308|3,52,375,384,10,51308375,51308384
2013|youth_c|E08|51308|3,53,386,389,4,51308386,51308389
2013|youth_c|E08|51308|3,54,393,397,5,51308393,51308397
2013|youth_c|E08|51308|3,55,404,414,11,51308404,51308414
2013|youth_c|E08|51308|3,56,416,420,5,51308416,51308420
2013|youth_c|E08|51308|3,57,422,435,14,51308422,51308435
2013|youth_c|E08|51308|3,58,441,451,11,51308441,51308451
2013|youth_c|E08|51308|3,59,454,456,3,51308454,51308456
2013|youth_c|E08|51308|3,60,458,459,2,51308458,51308459
2013|youth_c|E08|51308|3,61,461,482,22,51308461,51308482
2013|youth_c|E08|51308|3,62,485,487,3,51308485,51308487
2013|youth_c|E08|51308|3,63,489,491,3,51308489,51308491
2013|youth_c|E08|51308|3,64,493,497,5,51308493,51308497
2013|youth_c|E08|51308|3,65,499,500,2,51308499,51308500
2013|youth_c|E08|51308|3,66,503,519,17,51308503,51308519
2013|youth_c|E08|51308|3,67,522,522,1,51308522,51308522
2013|youth_c|E08|51308|3,68,524,526,3,51308524,51308526
2013|youth_c|E08|51308|3,69,531,534,4,51308531,51308534
2013|youth_c|E08|51308|3,70,539,556,18,51308539,51308556
2013|youth_c|E08|51308|3,71,559,560,2,51308559,51308560
2013|youth_c|E08|51308|3,72,562,562,1,51308562,51308562
2013|youth_c|E08|51308|3,73,565,576,12,51308565,51308576
2013|youth_c|E09|51309|3,1,1,2,2,51309001,51309002
2013|youth_c|E09|51309|3,2,4,4,1,51309004,51309004
2013|youth_c|E09|51309|3,3,6,11,6,51309006,51309011
2013|youth_c|E09|51309|3,4,14,16,3,51309014,51309016
2013|youth_c|E09|51309|3,5,22,30,9,51309022,51309030
2013|youth_c|E09|51309|3,6,33,34,2,51309033,51309034
2013|youth_c|E09|51309|3,7,47,48,2,51309047,51309048
2013|youth_c|E09|51309|3,8,55,55,1,51309055,51309055
2013|youth_c|E09|51309|3,9,71,73,3,51309071,51309073
2013|youth_c|E09|51309|3,10,75,80,6,51309075,51309080
2013|youth_c|E09|51309|3,11,83,90,8,51309083,51309090
2013|youth_c|E09|51309|3,12,93,95,3,51309093,51309095
2013|youth_c|E09|51309|3,13,98,102,5,51309098,51309102
2013|youth_c|E09|51309|3,14,104,108,5,51309104,51309108
2013|youth_c|E09|51309|3,15,110,115,6,51309110,51309115
2013|youth_c|E09|51309|3,16,117,121,5,51309117,51309121
2013|youth_c|E09|51309|3,17,128,130,3,51309128,51309130
2013|youth_c|E09|51309|3,18,132,132,1,51309132,51309132
2013|youth_c|E09|51309|3,19,134,134,1,51309134,51309134
2013|youth_c|E09|51309|3,20,136,138,3,51309136,51309138
2013|youth_c|E09|51309|3,21,141,146,6,51309141,51309146
2013|youth_c|E09|51309|3,22,154,155,2,51309154,51309155
2013|youth_c|E09|51309|3,23,158,165,8,51309158,51309165
2013|youth_c|E09|51309|3,24,171,177,7,51309171,51309177
2013|youth_c|E09|51309|3,25,180,181,2,51309180,51309181
2013|youth_c|E09|51309|3,26,183,183,1,51309183,51309183
2013|youth_c|E09|51309|3,27,188,188,1,51309188,51309188
2013|youth_c|E09|51309|3,28,190,190,1,51309190,51309190
2013|youth_c|E09|51309|3,29,192,193,2,51309192,51309193
2013|youth_c|E09|51309|3,30,195,195,1,51309195,51309195
2013|youth_c|E09|51309|3,31,198,200,3,51309198,51309200
2013|youth_c|E09|51309|3,32,202,203,2,51309202,51309203
2013|youth_c|E09|51309|3,33,205,205,1,51309205,51309205
2013|youth_c|E09|51309|3,34,207,208,2,51309207,51309208
2013|youth_c|E09|51309|3,35,210,212,3,51309210,51309212
2013|youth_c|E09|51309|3,36,216,219,4,51309216,51309219
2013|youth_c|E09|51309|3,37,221,227,7,51309221,51309227
2013|youth_c|E09|51309|3,38,233,234,2,51309233,51309234
2013|youth_c|E09|51309|3,39,238,238,1,51309238,51309238
2013|youth_c|E09|51309|3,40,243,251,9,51309243,51309251
2013|youth_c|E09|51309|3,41,254,264,11,51309254,51309264
2013|youth_c|E10|51308|3,1,1,2,2,51308001,51308002
2013|youth_c|E10|51308|3,2,6,10,5,51308006,51308010
2013|youth_c|E10|51308|3,3,22,22,1,51308022,51308022
2013|youth_c|E10|51308|3,4,24,25,2,51308024,51308025
2013|youth_c|E10|51308|3,5,32,33,2,51308032,51308033
2013|youth_c|E10|51308|3,6,43,43,1,51308043,51308043
2013|youth_c|E10|51308|3,7,45,45,1,51308045,51308045
2013|youth_c|E10|51308|3,8,47,47,1,51308047,51308047
2013|youth_c|E10|51308|3,9,50,50,1,51308050,51308050
2013|youth_c|E10|51308|3,10,66,66,1,51308066,51308066
2013|youth_c|E10|51308|3,11,68,69,2,51308068,51308069
2013|youth_c|E10|51308|3,12,76,76,1,51308076,51308076
2013|youth_c|E10|51308|3,13,78,79,2,51308078,51308079
2013|youth_c|E10|51308|3,14,83,83,1,51308083,51308083
2013|youth_c|E10|51308|3,15,86,86,1,51308086,51308086
2013|youth_c|E10|51308|3,16,89,89,1,51308089,51308089
2013|youth_c|E10|51308|3,17,97,98,2,51308097,51308098
2013|youth_c|E10|51308|3,18,123,123,1,51308123,51308123
2013|youth_c|E10|51308|3,19,127,128,2,51308127,51308128
2013|youth_c|E10|51308|3,20,131,133,3,51308131,51308133
2013|youth_c|E10|51308|3,21,136,136,1,51308136,51308136
2013|youth_c|E10|51308|3,22,146,152,7,51308146,51308152
2013|youth_c|E10|51308|3,23,171,172,2,51308171,51308172
2013|youth_c|E10|51308|3,24,179,179,1,51308179,51308179
2013|youth_c|E10|51308|3,25,183,185,3,51308183,51308185
2013|youth_c|E10|51308|3,26,199,200,2,51308199,51308200
2013|youth_c|E10|51308|3,27,211,212,2,51308211,51308212
2013|youth_c|E10|51308|3,28,215,217,3,51308215,51308217
2013|youth_c|E10|51308|3,29,224,224,1,51308224,51308224
2013|youth_c|E10|51308|3,30,230,230,1,51308230,51308230
2013|youth_c|E10|51308|3,31,239,239,1,51308239,51308239
2013|youth_c|E10|51308|3,32,245,245,1,51308245,51308245
2013|youth_c|E10|51308|3,33,247,247,1,51308247,51308247
2013|youth_c|E10|51308|3,34,252,253,2,51308252,51308253
2013|youth_c|E10|51308|3,35,257,257,1,51308257,51308257
2013|youth_c|E10|51308|3,36,274,274,1,51308274,51308274
2013|youth_c|E10|51308|3,37,276,276,1,51308276,51308276
2013|youth_c|E10|51308|3,38,278,278,1,51308278,51308278
2013|youth_c|E10|51308|3,39,282,284,3,51308282,51308284
2013|youth_c|E10|51308|3,40,296,296,1,51308296,51308296
2013|youth_c|E10|51308|3,41,300,300,1,51308300,51308300
2013|youth_c|E10|51308|3,42,305,306,2,51308305,51308306
2013|youth_c|E10|51308|3,43,312,312,1,51308312,51308312
2013|youth_c|E10|51308|3,44,314,315,2,51308314,51308315
2013|youth_c|E10|51308|3,45,319,320,2,51308319,51308320
2013|youth_c|E10|51308|3,46,337,337,1,51308337,51308337
2013|youth_c|E10|51308|3,47,349,349,1,51308349,51308349
2013|youth_c|E10|51308|3,48,354,354,1,51308354,51308354
2013|youth_c|E10|51308|3,49,362,362,1,51308362,51308362
2013|youth_c|E10|51308|3,50,367,367,1,51308367,51308367
2013|youth_c|E10|51308|3,51,373,374,2,51308373,51308374
2013|youth_c|E10|51308|3,52,385,385,1,51308385,51308385
2013|youth_c|E10|51308|3,53,390,392,3,51308390,51308392
2013|youth_c|E10|51308|3,54,398,403,6,51308398,51308403
2013|youth_c|E10|51308|3,55,421,421,1,51308421,51308421
2013|youth_c|E10|51308|3,56,436,440,5,51308436,51308440
2013|youth_c|E10|51308|3,57,452,453,2,51308452,51308453
2013|youth_c|E10|51308|3,58,457,457,1,51308457,51308457
2013|youth_c|E10|51308|3,59,460,460,1,51308460,51308460
2013|youth_c|E10|51308|3,60,484,484,1,51308484,51308484
2013|youth_c|E10|51308|3,61,488,488,1,51308488,51308488
2013|youth_c|E10|51308|3,62,492,492,1,51308492,51308492
2013|youth_c|E10|51308|3,63,498,498,1,51308498,51308498
2013|youth_c|E10|51308|3,64,501,502,2,51308501,51308502
2013|youth_c|E10|51308|3,65,520,521,2,51308520,51308521
2013|youth_c|E10|51308|3,66,523,523,1,51308523,51308523
2013|youth_c|E10|51308|3,67,527,530,4,51308527,51308530
2013|youth_c|E10|51308|3,68,535,538,4,51308535,51308538
2013|youth_c|E10|51308|3,69,557,558,2,51308557,51308558
2013|youth_c|E10|51308|3,70,561,561,1,51308561,51308561
2013|youth_c|E10|51308|3,71,563,564,2,51308563,51308564
2013|youth_c|E10|51309|3,1,3,3,1,51309003,51309003
2013|youth_c|E10|51309|3,2,5,5,1,51309005,51309005
2013|youth_c|E10|51309|3,3,12,13,2,51309012,51309013
2013|youth_c|E10|51309|3,4,17,21,5,51309017,51309021
2013|youth_c|E10|51309|3,5,31,32,2,51309031,51309032
2013|youth_c|E10|51309|3,6,39,39,1,51309039,51309039
2013|youth_c|E10|51309|3,7,53,54,2,51309053,51309054
2013|youth_c|E10|51309|3,8,57,57,1,51309057,51309057
2013|youth_c|E10|51309|3,9,81,82,2,51309081,51309082
2013|youth_c|E10|51309|3,10,96,97,2,51309096,51309097
2013|youth_c|E10|51309|3,11,103,103,1,51309103,51309103
2013|youth_c|E10|51309|3,12,109,109,1,51309109,51309109
2013|youth_c|E10|51309|3,13,126,126,1,51309126,51309126
2013|youth_c|E10|51309|3,14,131,131,1,51309131,51309131
2013|youth_c|E10|51309|3,15,135,135,1,51309135,51309135
2013|youth_c|E10|51309|3,16,139,140,2,51309139,51309140
2013|youth_c|E10|51309|3,17,156,157,2,51309156,51309157
2013|youth_c|E10|51309|3,18,166,170,5,51309166,51309170
2013|youth_c|E10|51309|3,19,182,182,1,51309182,51309182
2013|youth_c|E10|51309|3,20,189,189,1,51309189,51309189
2013|youth_c|E10|51309|3,21,194,194,1,51309194,51309194
2013|youth_c|E10|51309|3,22,196,197,2,51309196,51309197
2013|youth_c|E10|51309|3,23,204,204,1,51309204,51309204
2013|youth_c|E10|51309|3,24,206,206,1,51309206,51309206
2013|youth_c|E10|51309|3,25,214,214,1,51309214,51309214
2013|youth_c|E10|51309|3,26,220,220,1,51309220,51309220
2013|youth_c|E10|51309|3,27,242,242,1,51309242,51309242
2013|youth_c|E10|51309|3,28,252,253,2,51309252,51309253
2013|youth_c|E11|51309|3,1,35,38,4,51309035,51309038
2013|youth_c|E11|51309|3,2,40,46,7,51309040,51309046
2013|youth_c|E11|51309|3,3,49,52,4,51309049,51309052
2013|youth_c|E11|51309|3,4,56,56,1,51309056,51309056
2013|youth_c|E11|51309|3,5,58,70,13,51309058,51309070
2013|youth_c|E11|51309|3,6,74,74,1,51309074,51309074
2013|youth_c|E11|51309|3,7,91,92,2,51309091,51309092
2013|youth_c|E11|51309|3,8,116,116,1,51309116,51309116
2013|youth_c|E11|51309|3,9,122,125,4,51309122,51309125
2013|youth_c|E11|51309|3,10,127,127,1,51309127,51309127
2013|youth_c|E11|51309|3,11,133,133,1,51309133,51309133
2013|youth_c|E11|51309|3,12,147,153,7,51309147,51309153
2013|youth_c|E11|51309|3,13,178,179,2,51309178,51309179
2013|youth_c|E11|51309|3,14,184,187,4,51309184,51309187
2013|youth_c|E11|51309|3,15,191,191,1,51309191,51309191
2013|youth_c|E11|51309|3,16,209,209,1,51309209,51309209
2013|youth_c|E11|51309|3,17,213,213,1,51309213,51309213
2013|youth_c|E11|51309|3,18,215,215,1,51309215,51309215
2013|youth_c|E11|51309|3,19,228,232,5,51309228,51309232
2013|youth_c|E11|51309|3,20,235,237,3,51309235,51309237
2013|youth_c|E11|51309|3,21,239,241,3,51309239,51309241
2014|general|E01|51471|3,1,1,189,189,51471001,51471189
2014|general|E02|51472|3,1,1,276,276,51472001,51472276
2014|general|E03|51473|3,1,1,187,187,51473001,51473187
2014|general|E04|51474|3,1,1,257,257,51474001,51474257
2014|general|E05|51475|3,1,1,122,122,51475001,51475122
2014|general|E05|51475|3,2,124,282,159,51475124,51475282
2014|general|E05|51475|3,3,284,485,202,51475284,51475485
2014|general|E06|51476|3,1,1,23,23,51476001,51476023
2014|general|E06|51476|3,2,25,190,166,51476025,51476190
2014|general|E07|51477|3,1,1,184,184,51477001,51477184
2014|general|E08|51478|3,1,1,5,5,51478001,51478005
2014|general|E08|51478|3,2,7,8,2,51478007,51478008
2014|general|E08|51478|3,3,18,24,7,51478018,51478024
2014|general|E08|51478|3,4,27,28,2,51478027,51478028
2014|general|E08|51478|3,5,30,37,8,51478030,51478037
2014|general|E08|51478|3,6,39,39,1,51478039,51478039
2014|general|E08|51478|3,7,43,60,18,51478043,51478060
2014|general|E08|51478|3,8,63,69,7,51478063,51478069
2014|general|E08|51478|3,9,71,74,4,51478071,51478074
2014|general|E08|51478|3,10,77,91,15,51478077,51478091
2014|general|E08|51478|3,11,94,94,1,51478094,51478094
2014|general|E08|51478|3,12,98,98,1,51478098,51478098
2014|general|E08|51478|3,13,100,102,3,51478100,51478102
2014|general|E08|51478|3,14,104,122,19,51478104,51478122
2014|general|E08|51478|3,15,124,126,3,51478124,51478126
2014|general|E08|51478|3,16,128,133,6,51478128,51478133
2014|general|E08|51478|3,17,135,137,3,51478135,51478137
2014|general|E08|51478|3,18,142,156,15,51478142,51478156
2014|general|E08|51478|3,19,158,159,2,51478158,51478159
2014|general|E08|51478|3,20,161,169,9,51478161,51478169
2014|general|E08|51478|3,21,174,181,8,51478174,51478181
2014|general|E08|51478|3,22,183,189,7,51478183,51478189
2014|general|E08|51478|3,23,192,195,4,51478192,51478195
2014|general|E08|51478|3,24,197,205,9,51478197,51478205
2014|general|E08|51478|3,25,207,207,1,51478207,51478207
2014|general|E08|51478|3,26,209,213,5,51478209,51478213
2014|general|E08|51478|3,27,215,222,8,51478215,51478222
2014|general|E08|51478|3,28,226,228,3,51478226,51478228
2014|general|E08|51478|3,29,231,236,6,51478231,51478236
2014|general|E08|51478|3,30,242,249,8,51478242,51478249
2014|general|E08|51478|3,31,252,260,9,51478252,51478260
2014|general|E08|51478|3,32,263,273,11,51478263,51478273
2014|general|E08|51478|3,33,275,281,7,51478275,51478281
2014|general|E08|51478|3,34,286,290,5,51478286,51478290
2014|general|E08|51478|3,35,293,303,11,51478293,51478303
2014|general|E08|51478|3,36,309,313,5,51478309,51478313
2014|general|E08|51478|3,37,315,321,7,51478315,51478321
2014|general|E08|51478|3,38,330,377,48,51478330,51478377
2014|general|E08|51478|3,39,380,409,30,51478380,51478409
2014|general|E08|51478|3,40,411,413,3,51478411,51478413
2014|general|E08|51478|3,41,419,430,12,51478419,51478430
2014|general|E08|51478|3,42,434,444,11,51478434,51478444
2014|general|E08|51478|3,43,458,459,2,51478458,51478459
2014|general|E08|51478|3,44,462,486,25,51478462,51478486
2014|general|E08|51478|3,45,488,488,1,51478488,51478488
2014|general|E09|51479|3,1,1,4,4,51479001,51479004
2014|general|E09|51479|3,2,8,13,6,51479008,51479013
2014|general|E09|51479|3,3,22,24,3,51479022,51479024
2014|general|E09|51479|3,4,32,33,2,51479032,51479033
2014|general|E09|51479|3,5,36,36,1,51479036,51479036
2014|general|E09|51479|3,6,45,45,1,51479045,51479045
2014|general|E09|51479|3,7,48,52,5,51479048,51479052
2014|general|E09|51479|3,8,54,54,1,51479054,51479054
2014|general|E09|51479|3,9,56,63,8,51479056,51479063
2014|general|E09|51479|3,10,69,71,3,51479069,51479071
2014|general|E09|51479|3,11,74,77,4,51479074,51479077
2014|general|E09|51479|3,12,80,83,4,51479080,51479083
2014|general|E09|51479|3,13,85,90,6,51479085,51479090
2014|general|E09|51479|3,14,92,100,9,51479092,51479100
2014|general|E09|51479|3,15,102,108,7,51479102,51479108
2014|general|E09|51479|3,16,111,113,3,51479111,51479113
2014|general|E09|51479|3,17,118,119,2,51479118,51479119
2014|general|E09|51479|3,18,122,126,5,51479122,51479126
2014|general|E09|51479|3,19,128,132,5,51479128,51479132
2014|general|E09|51479|3,20,137,144,8,51479137,51479144
2014|general|E09|51479|3,21,146,148,3,51479146,51479148
2014|general|E09|51479|3,22,160,161,2,51479160,51479161
2014|general|E09|51479|3,23,163,168,6,51479163,51479168
2014|general|E09|51479|3,24,171,174,4,51479171,51479174
2014|general|E09|51479|3,25,177,180,4,51479177,51479180
2014|general|E09|51479|3,26,189,200,12,51479189,51479200
2014|general|E09|51479|3,27,202,202,1,51479202,51479202
2014|general|E09|51479|3,28,208,211,4,51479208,51479211
2014|general|E09|51479|3,29,213,217,5,51479213,51479217
2014|general|E10|51478|3,1,6,6,1,51478006,51478006
2014|general|E10|51478|3,2,9,17,9,51478009,51478017
2014|general|E10|51478|3,3,25,26,2,51478025,51478026
2014|general|E10|51478|3,4,29,29,1,51478029,51478029
2014|general|E10|51478|3,5,38,38,1,51478038,51478038
2014|general|E10|51478|3,6,40,42,3,51478040,51478042
2014|general|E10|51478|3,7,61,62,2,51478061,51478062
2014|general|E10|51478|3,8,70,70,1,51478070,51478070
2014|general|E10|51478|3,9,75,76,2,51478075,51478076
2014|general|E10|51478|3,10,92,93,2,51478092,51478093
2014|general|E10|51478|3,11,95,97,3,51478095,51478097
2014|general|E10|51478|3,12,99,99,1,51478099,51478099
2014|general|E10|51478|3,13,123,123,1,51478123,51478123
2014|general|E10|51478|3,14,127,127,1,51478127,51478127
2014|general|E10|51478|3,15,134,134,1,51478134,51478134
2014|general|E10|51478|3,16,138,141,4,51478138,51478141
2014|general|E10|51478|3,17,157,157,1,51478157,51478157
2014|general|E10|51478|3,18,160,160,1,51478160,51478160
2014|general|E10|51478|3,19,170,173,4,51478170,51478173
2014|general|E10|51478|3,20,182,182,1,51478182,51478182
2014|general|E10|51478|3,21,190,191,2,51478190,51478191
2014|general|E10|51478|3,22,196,196,1,51478196,51478196
2014|general|E10|51478|3,23,206,206,1,51478206,51478206
2014|general|E10|51478|3,24,208,208,1,51478208,51478208
2014|general|E10|51478|3,25,214,214,1,51478214,51478214
2014|general|E10|51478|3,26,223,225,3,51478223,51478225
2014|general|E10|51478|3,27,229,230,2,51478229,51478230
2014|general|E10|51478|3,28,237,241,5,51478237,51478241
2014|general|E10|51478|3,29,250,251,2,51478250,51478251
2014|general|E10|51478|3,30,261,262,2,51478261,51478262
2014|general|E10|51478|3,31,274,274,1,51478274,51478274
2014|general|E10|51478|3,32,282,285,4,51478282,51478285
2014|general|E10|51478|3,33,291,292,2,51478291,51478292
2014|general|E10|51478|3,34,304,308,5,51478304,51478308
2014|general|E10|51478|3,35,314,314,1,51478314,51478314
2014|general|E10|51478|3,36,322,329,8,51478322,51478329
2014|general|E10|51478|3,37,378,379,2,51478378,51478379
2014|general|E10|51478|3,38,410,410,1,51478410,51478410
2014|general|E10|51478|3,39,414,418,5,51478414,51478418
2014|general|E10|51478|3,40,431,433,3,51478431,51478433
2014|general|E10|51478|3,41,445,457,13,51478445,51478457
2014|general|E10|51478|3,42,460,461,2,51478460,51478461
2014|general|E10|51478|3,43,487,487,1,51478487,51478487
2014|general|E10|51479|3,1,5,7,3,51479005,51479007
2014|general|E10|51479|3,2,16,16,1,51479016,51479016
2014|general|E10|51479|3,3,34,34,1,51479034,51479034
2014|general|E10|51479|3,4,46,47,2,51479046,51479047
2014|general|E10|51479|3,5,64,68,5,51479064,51479068
2014|general|E10|51479|3,6,72,72,1,51479072,51479072
2014|general|E10|51479|3,7,91,91,1,51479091,51479091
2014|general|E10|51479|3,8,109,110,2,51479109,51479110
2014|general|E10|51479|3,9,120,121,2,51479120,51479121
2014|general|E10|51479|3,10,127,127,1,51479127,51479127
2014|general|E10|51479|3,11,145,145,1,51479145,51479145
2014|general|E10|51479|3,12,162,162,1,51479162,51479162
2014|general|E10|51479|3,13,186,188,3,51479186,51479188
2014|general|E10|51479|3,14,201,201,1,51479201,51479201
2014|general|E10|51479|3,15,212,212,1,51479212,51479212
2014|general|E10|51479|3,16,218,219,2,51479218,51479219
2014|general|E11|51479|3,1,14,15,2,51479014,51479015
2014|general|E11|51479|3,2,17,21,5,51479017,51479021
2014|general|E11|51479|3,3,25,31,7,51479025,51479031
2014|general|E11|51479|3,4,35,35,1,51479035,51479035
2014|general|E11|51479|3,5,37,44,8,51479037,51479044
2014|general|E11|51479|3,6,53,53,1,51479053,51479053
2014|general|E11|51479|3,7,55,55,1,51479055,51479055
2014|general|E11|51479|3,8,73,73,1,51479073,51479073
2014|general|E11|51479|3,9,78,79,2,51479078,51479079
2014|general|E11|51479|3,10,84,84,1,51479084,51479084
2014|general|E11|51479|3,11,101,101,1,51479101,51479101
2014|general|E11|51479|3,12,114,117,4,51479114,51479117
2014|general|E11|51479|3,13,133,136,4,51479133,51479136
2014|general|E11|51479|3,14,149,159,11,51479149,51479159
2014|general|E11|51479|3,15,169,170,2,51479169,51479170
2014|general|E11|51479|3,16,175,176,2,51479175,51479176
2014|general|E11|51479|3,17,181,185,5,51479181,51479185
2014|general|E11|51479|3,18,203,207,5,51479203,51479207
2014|joint_fund|E01|U1404|3,1,501,502,2,U1404501,U1404502
2014|joint_fund|E01|U1407|3,1,136,136,1,U1407136,U1407136
2014|joint_fund|E01|U1435|3,1,201,201,1,U1435201,U1435201
2014|joint_fund|E01|U1435|3,2,207,207,1,U1435207,U1435207
2014|joint_fund|E02|U1404|3,1,503,506,4,U1404503,U1404506
2014|joint_fund|E02|U1435|3,1,202,202,1,U1435202,U1435202
2014|joint_fund|E02|U1435|3,2,206,206,1,U1435206,U1435206
2014|joint_fund|E02|U1435|3,3,208,210,3,U1435208,U1435210
2014|joint_fund|E03|U1404|3,1,507,509,3,U1404507,U1404509
2014|joint_fund|E04|U1404|3,1,510,512,3,U1404510,U1404512
2014|joint_fund|E04|U1407|3,1,137,137,1,U1407137,U1407137
2014|joint_fund|E04|U1435|3,1,203,205,3,U1435203,U1435205
2014|joint_fund|E04|U1460|3,1,101,108,8,U1460101,U1460108
2014|joint_fund|E04|U1460|3,2,201,204,4,U1460201,U1460204
2014|joint_fund|E05|U1404|3,1,513,518,6,U1404513,U1404518
2014|joint_fund|E05|U1434|3,1,201,201,1,U1434201,U1434201
2014|joint_fund|E06|U1404|3,1,519,521,3,U1404519,U1404521
2014|joint_fund|E07|U1404|3,1,522,522,1,U1404522,U1404522
2014|joint_fund|E07|U1434|3,1,202,203,2,U1434202,U1434203
2014|joint_fund|E08|U1404|3,1,524,527,4,U1404524,U1404527
2014|joint_fund|E08|U1434|3,1,204,211,8,U1434204,U1434211
2014|joint_fund|E09|U1404|3,1,528,529,2,U1404528,U1404529
2014|joint_fund|E10|U1404|3,1,523,523,1,U1404523,U1404523
2014|key|E01|51431|3,1,1,9,9,51431001,51431009
2014|key|E02|51432|3,1,1,4,4,51432001,51432004
2014|key|E02|51432|3,2,6,10,5,51432006,51432010
2014|key|E03|51433|3,1,1,9,9,51433001,51433009
2014|key|E04|51434|3,1,1,9,9,51434001,51434009
2014|key|E05|51435|3,1,1,12,12,51435001,51435012
2014|key|E06|51436|3,1,1,9,9,51436001,51436009
2014|key|E07|51437|3,1,1,8,8,51437001,51437008
2014|key|E08|51438|3,1,1,5,5,51438001,51438005
2014|key|E08|51438|3,2,7,7,1,51438007,51438007
2014|key|E08|51438|3,3,9,10,2,51438009,51438010
2014|key|E09|51439|3,1,2,3,2,51439002,51439003
2014|key|E09|51439|3,2,5,6,2,51439005,51439006
2014|key|E09|51439|3,3,8,8,1,51439008,51439008
2014|key|E10|51438|3,1,6,6,1,51438006,51438006
2014|key|E10|51438|3,2,8,8,1,51438008,51438008
2014|key|E10|51438|3,3,11,11,1,51438011,51438011
2014|key|E10|51439|3,1,1,1,1,51439001,51439001
2014|key|E10|51439|3,2,7,7,1,51439007,51439007
2014|key|E11|51439|3,1,4,4,1,51439004,51439004
2014|major_research_plan|E02|91433|3,1,105,112,8,91433105,91433112
2014|major_research_plan|E02|91433|3,2,205,206,2,91433205,91433206
2014|major_research_plan|E03|91433|3,1,101,102,2,91433101,91433102
2014|major_research_plan|E03|91433|3,2,113,117,5,91433113,91433117
2014|major_research_plan|E03|91433|3,3,201,201,1,91433201,91433201
2014|major_research_plan|E04|91434|3,1,133,133,1,91434133,91434133
2014|major_research_plan|E05|91423|3,1,101,103,3,91423101,91423103
2014|major_research_plan|E06|91434|3,1,134,134,1,91434134,91434134
2014|major_research_plan|E06|91441|3,1,110,132,23,91441110,91441132
2014|major_research_plan|E06|91441|3,2,201,205,5,91441201,91441205
2014|regional|E01|51461|3,1,1,35,35,51461001,51461035
2014|regional|E02|51462|3,1,1,37,37,51462001,51462037
2014|regional|E03|51463|3,1,1,23,23,51463001,51463023
2014|regional|E04|51464|3,1,1,44,44,51464001,51464044
2014|regional|E05|51465|3,1,1,59,59,51465001,51465059
2014|regional|E06|51466|3,1,1,17,17,51466001,51466017
2014|regional|E07|51467|3,1,1,22,22,51467001,51467022
2014|regional|E08|51468|3,1,1,10,10,51468001,51468010
2014|regional|E08|51468|3,2,12,15,4,51468012,51468015
2014|regional|E08|51468|3,3,17,23,7,51468017,51468023
2014|regional|E08|51468|3,4,25,28,4,51468025,51468028
2014|regional|E08|51468|3,5,31,42,12,51468031,51468042
2014|regional|E08|51468|3,6,45,45,1,51468045,51468045
2014|regional|E08|51468|3,7,47,47,1,51468047,51468047
2014|regional|E08|51468|3,8,49,55,7,51468049,51468055
2014|regional|E08|51468|3,9,57,64,8,51468057,51468064
2014|regional|E09|51469|3,1,1,5,5,51469001,51469005
2014|regional|E09|51469|3,2,7,16,10,51469007,51469016
2014|regional|E09|51469|3,3,18,24,7,51469018,51469024
2014|regional|E09|51469|3,4,27,29,3,51469027,51469029
2014|regional|E09|51469|3,5,31,35,5,51469031,51469035
2014|regional|E10|51468|3,1,11,11,1,51468011,51468011
2014|regional|E10|51468|3,2,16,16,1,51468016,51468016
2014|regional|E10|51468|3,3,24,24,1,51468024,51468024
2014|regional|E10|51468|3,4,29,30,2,51468029,51468030
2014|regional|E10|51468|3,5,43,44,2,51468043,51468044
2014|regional|E10|51468|3,6,46,46,1,51468046,51468046
2014|regional|E10|51468|3,7,48,48,1,51468048,51468048
2014|regional|E10|51468|3,8,56,56,1,51468056,51468056
2014|regional|E10|51468|3,9,65,66,2,51468065,51468066
2014|regional|E10|51469|3,1,6,6,1,51469006,51469006
2014|regional|E10|51469|3,2,17,17,1,51469017,51469017
2014|regional|E10|51469|3,3,25,26,2,51469025,51469026
2014|regional|E10|51469|3,4,30,30,1,51469030,51469030
2014|youth_c|E01|51401|3,1,1,217,217,51401001,51401217
2014|youth_c|E01|51401|3,2,219,228,10,51401219,51401228
2014|youth_c|E01|51401|3,3,230,243,14,51401230,51401243
2014|youth_c|E02|51402|3,1,1,366,366,51402001,51402366
2014|youth_c|E03|51403|3,1,1,157,157,51403001,51403157
2014|youth_c|E03|51403|3,2,159,245,87,51403159,51403245
2014|youth_c|E04|51404|3,1,1,223,223,51404001,51404223
2014|youth_c|E04|51404|3,2,225,309,85,51404225,51404309
2014|youth_c|E05|51405|3,1,1,294,294,51405001,51405294
2014|youth_c|E05|51405|3,2,296,514,219,51405296,51405514
2014|youth_c|E05|51405|3,3,516,524,9,51405516,51405524
2014|youth_c|E06|51406|3,1,1,161,161,51406001,51406161
2014|youth_c|E06|51406|3,2,163,210,48,51406163,51406210
2014|youth_c|E06|51406|3,3,212,241,30,51406212,51406241
2014|youth_c|E07|51407|3,1,1,98,98,51407001,51407098
2014|youth_c|E07|51407|3,2,100,200,101,51407100,51407200
2014|youth_c|E08|51408|3,1,2,3,2,51408002,51408003
2014|youth_c|E08|51408|3,2,5,6,2,51408005,51408006
2014|youth_c|E08|51408|3,3,8,9,2,51408008,51408009
2014|youth_c|E08|51408|3,4,11,12,2,51408011,51408012
2014|youth_c|E08|51408|3,5,16,19,4,51408016,51408019
2014|youth_c|E08|51408|3,6,23,27,5,51408023,51408027
2014|youth_c|E08|51408|3,7,29,31,3,51408029,51408031
2014|youth_c|E08|51408|3,8,33,40,8,51408033,51408040
2014|youth_c|E08|51408|3,9,42,67,26,51408042,51408067
2014|youth_c|E08|51408|3,10,69,73,5,51408069,51408073
2014|youth_c|E08|51408|3,11,75,75,1,51408075,51408075
2014|youth_c|E08|51408|3,12,77,93,17,51408077,51408093
2014|youth_c|E08|51408|3,13,96,97,2,51408096,51408097
2014|youth_c|E08|51408|3,14,99,100,2,51408099,51408100
2014|youth_c|E08|51408|3,15,102,102,1,51408102,51408102
2014|youth_c|E08|51408|3,16,106,106,1,51408106,51408106
2014|youth_c|E08|51408|3,17,113,118,6,51408113,51408118
2014|youth_c|E08|51408|3,18,120,132,13,51408120,51408132
2014|youth_c|E08|51408|3,19,134,145,12,51408134,51408145
2014|youth_c|E08|51408|3,20,148,148,1,51408148,51408148
2014|youth_c|E08|51408|3,21,150,150,1,51408150,51408150
2014|youth_c|E08|51408|3,22,152,155,4,51408152,51408155
2014|youth_c|E08|51408|3,23,157,157,1,51408157,51408157
2014|youth_c|E08|51408|3,24,160,161,2,51408160,51408161
2014|youth_c|E08|51408|3,25,163,167,5,51408163,51408167
2014|youth_c|E08|51408|3,26,170,170,1,51408170,51408170
2014|youth_c|E08|51408|3,27,172,192,21,51408172,51408192
2014|youth_c|E08|51408|3,28,195,198,4,51408195,51408198
2014|youth_c|E08|51408|3,29,201,203,3,51408201,51408203
2014|youth_c|E08|51408|3,30,205,205,1,51408205,51408205
2014|youth_c|E08|51408|3,31,207,208,2,51408207,51408208
2014|youth_c|E08|51408|3,32,210,213,4,51408210,51408213
2014|youth_c|E08|51408|3,33,216,218,3,51408216,51408218
2014|youth_c|E08|51408|3,34,220,224,5,51408220,51408224
2014|youth_c|E08|51408|3,35,226,238,13,51408226,51408238
2014|youth_c|E08|51408|3,36,240,242,3,51408240,51408242
2014|youth_c|E08|51408|3,37,244,255,12,51408244,51408255
2014|youth_c|E08|51408|3,38,257,258,2,51408257,51408258
2014|youth_c|E08|51408|3,39,261,261,1,51408261,51408261
2014|youth_c|E08|51408|3,40,263,263,1,51408263,51408263
2014|youth_c|E08|51408|3,41,265,268,4,51408265,51408268
2014|youth_c|E08|51408|3,42,270,276,7,51408270,51408276
2014|youth_c|E08|51408|3,43,278,281,4,51408278,51408281
2014|youth_c|E08|51408|3,44,283,289,7,51408283,51408289
2014|youth_c|E08|51408|3,45,291,292,2,51408291,51408292
2014|youth_c|E08|51408|3,46,294,294,1,51408294,51408294
2014|youth_c|E08|51408|3,47,300,308,9,51408300,51408308
2014|youth_c|E08|51408|3,48,310,310,1,51408310,51408310
2014|youth_c|E08|51408|3,49,312,316,5,51408312,51408316
2014|youth_c|E08|51408|3,50,318,319,2,51408318,51408319
2014|youth_c|E08|51408|3,51,321,324,4,51408321,51408324
2014|youth_c|E08|51408|3,52,326,334,9,51408326,51408334
2014|youth_c|E08|51408|3,53,337,346,10,51408337,51408346
2014|youth_c|E08|51408|3,54,353,353,1,51408353,51408353
2014|youth_c|E08|51408|3,55,355,357,3,51408355,51408357
2014|youth_c|E08|51408|3,56,359,361,3,51408359,51408361
2014|youth_c|E08|51408|3,57,363,369,7,51408363,51408369
2014|youth_c|E08|51408|3,58,371,371,1,51408371,51408371
2014|youth_c|E08|51408|3,59,373,383,11,51408373,51408383
2014|youth_c|E08|51408|3,60,385,386,2,51408385,51408386
2014|youth_c|E08|51408|3,61,388,395,8,51408388,51408395
2014|youth_c|E08|51408|3,62,398,414,17,51408398,51408414
2014|youth_c|E08|51408|3,63,417,418,2,51408417,51408418
2014|youth_c|E08|51408|3,64,420,420,1,51408420,51408420
2014|youth_c|E08|51408|3,65,424,424,1,51408424,51408424
2014|youth_c|E08|51408|3,66,426,454,29,51408426,51408454
2014|youth_c|E08|51408|3,67,456,457,2,51408456,51408457
2014|youth_c|E08|51408|3,68,459,465,7,51408459,51408465
2014|youth_c|E08|51408|3,69,467,467,1,51408467,51408467
2014|youth_c|E08|51408|3,70,470,492,23,51408470,51408492
2014|youth_c|E08|51408|3,71,494,517,24,51408494,51408517
2014|youth_c|E08|51408|3,72,519,521,3,51408519,51408521
2014|youth_c|E08|51408|3,73,523,524,2,51408523,51408524
2014|youth_c|E08|51408|3,74,526,527,2,51408526,51408527
2014|youth_c|E08|51408|3,75,533,538,6,51408533,51408538
2014|youth_c|E08|51408|3,76,540,540,1,51408540,51408540
2014|youth_c|E08|51408|3,77,542,550,9,51408542,51408550
2014|youth_c|E08|51408|3,78,552,569,18,51408552,51408569
2014|youth_c|E08|51408|3,79,575,578,4,51408575,51408578
2014|youth_c|E08|51408|3,80,584,585,2,51408584,51408585
2014|youth_c|E08|51408|3,81,594,598,5,51408594,51408598
2014|youth_c|E08|51408|3,82,602,603,2,51408602,51408603
2014|youth_c|E08|51408|3,83,605,611,7,51408605,51408611
2014|youth_c|E08|51408|3,84,613,617,5,51408613,51408617
2014|youth_c|E08|51408|3,85,620,621,2,51408620,51408621
2014|youth_c|E09|51409|3,1,1,2,2,51409001,51409002
2014|youth_c|E09|51409|3,2,5,8,4,51409005,51409008
2014|youth_c|E09|51409|3,3,11,21,11,51409011,51409021
2014|youth_c|E09|51409|3,4,23,23,1,51409023,51409023
2014|youth_c|E09|51409|3,5,25,29,5,51409025,51409029
2014|youth_c|E09|51409|3,6,36,36,1,51409036,51409036
2014|youth_c|E09|51409|3,7,43,43,1,51409043,51409043
2014|youth_c|E09|51409|3,8,45,46,2,51409045,51409046
2014|youth_c|E09|51409|3,9,48,48,1,51409048,51409048
2014|youth_c|E09|51409|3,10,51,51,1,51409051,51409051
2014|youth_c|E09|51409|3,11,72,72,1,51409072,51409072
2014|youth_c|E09|51409|3,12,74,79,6,51409074,51409079
2014|youth_c|E09|51409|3,13,81,84,4,51409081,51409084
2014|youth_c|E09|51409|3,14,86,87,2,51409086,51409087
2014|youth_c|E09|51409|3,15,89,91,3,51409089,51409091
2014|youth_c|E09|51409|3,16,93,93,1,51409093,51409093
2014|youth_c|E09|51409|3,17,95,95,1,51409095,51409095
2014|youth_c|E09|51409|3,18,97,97,1,51409097,51409097
2014|youth_c|E09|51409|3,19,102,103,2,51409102,51409103
2014|youth_c|E09|51409|3,20,107,107,1,51409107,51409107
2014|youth_c|E09|51409|3,21,109,114,6,51409109,51409114
2014|youth_c|E09|51409|3,22,116,116,1,51409116,51409116
2014|youth_c|E09|51409|3,23,119,127,9,51409119,51409127
2014|youth_c|E09|51409|3,24,131,132,2,51409131,51409132
2014|youth_c|E09|51409|3,25,136,143,8,51409136,51409143
2014|youth_c|E09|51409|3,26,145,145,1,51409145,51409145
2014|youth_c|E09|51409|3,27,147,152,6,51409147,51409152
2014|youth_c|E09|51409|3,28,154,155,2,51409154,51409155
2014|youth_c|E09|51409|3,29,159,160,2,51409159,51409160
2014|youth_c|E09|51409|3,30,162,165,4,51409162,51409165
2014|youth_c|E09|51409|3,31,167,167,1,51409167,51409167
2014|youth_c|E09|51409|3,32,169,171,3,51409169,51409171
2014|youth_c|E09|51409|3,33,173,174,2,51409173,51409174
2014|youth_c|E09|51409|3,34,179,181,3,51409179,51409181
2014|youth_c|E09|51409|3,35,183,184,2,51409183,51409184
2014|youth_c|E09|51409|3,36,186,188,3,51409186,51409188
2014|youth_c|E09|51409|3,37,191,198,8,51409191,51409198
2014|youth_c|E09|51409|3,38,203,208,6,51409203,51409208
2014|youth_c|E09|51409|3,39,210,210,1,51409210,51409210
2014|youth_c|E09|51409|3,40,212,213,2,51409212,51409213
2014|youth_c|E09|51409|3,41,217,227,11,51409217,51409227
2014|youth_c|E09|51409|3,42,233,233,1,51409233,51409233
2014|youth_c|E09|51409|3,43,243,251,9,51409243,51409251
2014|youth_c|E09|51409|3,44,257,258,2,51409257,51409258
2014|youth_c|E09|51409|3,45,261,261,1,51409261,51409261
2014|youth_c|E09|51409|3,46,263,271,9,51409263,51409271
2014|youth_c|E09|51409|3,47,273,275,3,51409273,51409275
2014|youth_c|E09|51409|3,48,277,278,2,51409277,51409278
2014|youth_c|E09|51409|3,49,281,284,4,51409281,51409284
2014|youth_c|E09|51409|3,50,286,286,1,51409286,51409286
2014|youth_c|E10|51408|3,1,1,1,1,51408001,51408001
2014|youth_c|E10|51408|3,2,4,4,1,51408004,51408004
2014|youth_c|E10|51408|3,3,7,7,1,51408007,51408007
2014|youth_c|E10|51408|3,4,10,10,1,51408010,51408010
2014|youth_c|E10|51408|3,5,14,15,2,51408014,51408015
2014|youth_c|E10|51408|3,6,20,22,3,51408020,51408022
2014|youth_c|E10|51408|3,7,28,28,1,51408028,51408028
2014|youth_c|E10|51408|3,8,32,32,1,51408032,51408032
2014|youth_c|E10|51408|3,9,41,41,1,51408041,51408041
2014|youth_c|E10|51408|3,10,68,68,1,51408068,51408068
2014|youth_c|E10|51408|3,11,74,74,1,51408074,51408074
2014|youth_c|E10|51408|3,12,76,76,1,51408076,51408076
2014|youth_c|E10|51408|3,13,94,95,2,51408094,51408095
2014|youth_c|E10|51408|3,14,98,98,1,51408098,51408098
2014|youth_c|E10|51408|3,15,101,101,1,51408101,51408101
2014|youth_c|E10|51408|3,16,103,105,3,51408103,51408105
2014|youth_c|E10|51408|3,17,107,112,6,51408107,51408112
2014|youth_c|E10|51408|3,18,119,119,1,51408119,51408119
2014|youth_c|E10|51408|3,19,133,133,1,51408133,51408133
2014|youth_c|E10|51408|3,20,146,147,2,51408146,51408147
2014|youth_c|E10|51408|3,21,149,149,1,51408149,51408149
2014|youth_c|E10|51408|3,22,151,151,1,51408151,51408151
2014|youth_c|E10|51408|3,23,156,156,1,51408156,51408156
2014|youth_c|E10|51408|3,24,158,159,2,51408158,51408159
2014|youth_c|E10|51408|3,25,162,162,1,51408162,51408162
2014|youth_c|E10|51408|3,26,168,169,2,51408168,51408169
2014|youth_c|E10|51408|3,27,171,171,1,51408171,51408171
2014|youth_c|E10|51408|3,28,193,194,2,51408193,51408194
2014|youth_c|E10|51408|3,29,199,200,2,51408199,51408200
2014|youth_c|E10|51408|3,30,204,204,1,51408204,51408204
2014|youth_c|E10|51408|3,31,206,206,1,51408206,51408206
2014|youth_c|E10|51408|3,32,209,209,1,51408209,51408209
2014|youth_c|E10|51408|3,33,214,215,2,51408214,51408215
2014|youth_c|E10|51408|3,34,219,219,1,51408219,51408219
2014|youth_c|E10|51408|3,35,225,225,1,51408225,51408225
2014|youth_c|E10|51408|3,36,239,239,1,51408239,51408239
2014|youth_c|E10|51408|3,37,243,243,1,51408243,51408243
2014|youth_c|E10|51408|3,38,256,256,1,51408256,51408256
2014|youth_c|E10|51408|3,39,259,260,2,51408259,51408260
2014|youth_c|E10|51408|3,40,262,262,1,51408262,51408262
2014|youth_c|E10|51408|3,41,264,264,1,51408264,51408264
2014|youth_c|E10|51408|3,42,269,269,1,51408269,51408269
2014|youth_c|E10|51408|3,43,277,277,1,51408277,51408277
2014|youth_c|E10|51408|3,44,282,282,1,51408282,51408282
2014|youth_c|E10|51408|3,45,290,290,1,51408290,51408290
2014|youth_c|E10|51408|3,46,293,293,1,51408293,51408293
2014|youth_c|E10|51408|3,47,295,299,5,51408295,51408299
2014|youth_c|E10|51408|3,48,309,309,1,51408309,51408309
2014|youth_c|E10|51408|3,49,311,311,1,51408311,51408311
2014|youth_c|E10|51408|3,50,317,317,1,51408317,51408317
2014|youth_c|E10|51408|3,51,320,320,1,51408320,51408320
2014|youth_c|E10|51408|3,52,325,325,1,51408325,51408325
2014|youth_c|E10|51408|3,53,335,336,2,51408335,51408336
2014|youth_c|E10|51408|3,54,347,352,6,51408347,51408352
2014|youth_c|E10|51408|3,55,354,354,1,51408354,51408354
2014|youth_c|E10|51408|3,56,358,358,1,51408358,51408358
2014|youth_c|E10|51408|3,57,362,362,1,51408362,51408362
2014|youth_c|E10|51408|3,58,370,370,1,51408370,51408370
2014|youth_c|E10|51408|3,59,372,372,1,51408372,51408372
2014|youth_c|E10|51408|3,60,387,387,1,51408387,51408387
2014|youth_c|E10|51408|3,61,396,397,2,51408396,51408397
2014|youth_c|E10|51408|3,62,415,416,2,51408415,51408416
2014|youth_c|E10|51408|3,63,419,419,1,51408419,51408419
2014|youth_c|E10|51408|3,64,421,423,3,51408421,51408423
2014|youth_c|E10|51408|3,65,425,425,1,51408425,51408425
2014|youth_c|E10|51408|3,66,455,455,1,51408455,51408455
2014|youth_c|E10|51408|3,67,458,458,1,51408458,51408458
2014|youth_c|E10|51408|3,68,466,466,1,51408466,51408466
2014|youth_c|E10|51408|3,69,468,469,2,51408468,51408469
2014|youth_c|E10|51408|3,70,493,493,1,51408493,51408493
2014|youth_c|E10|51408|3,71,518,518,1,51408518,51408518
2014|youth_c|E10|51408|3,72,522,522,1,51408522,51408522
2014|youth_c|E10|51408|3,73,525,525,1,51408525,51408525
2014|youth_c|E10|51408|3,74,528,532,5,51408528,51408532
2014|youth_c|E10|51408|3,75,539,539,1,51408539,51408539
2014|youth_c|E10|51408|3,76,541,541,1,51408541,51408541
2014|youth_c|E10|51408|3,77,551,551,1,51408551,51408551
2014|youth_c|E10|51408|3,78,570,574,5,51408570,51408574
2014|youth_c|E10|51408|3,79,579,583,5,51408579,51408583
2014|youth_c|E10|51408|3,80,586,593,8,51408586,51408593
2014|youth_c|E10|51408|3,81,599,601,3,51408599,51408601
2014|youth_c|E10|51408|3,82,604,604,1,51408604,51408604
2014|youth_c|E10|51408|3,83,612,612,1,51408612,51408612
2014|youth_c|E10|51408|3,84,618,619,2,51408618,51408619
2014|youth_c|E10|51409|3,1,3,4,2,51409003,51409004
2014|youth_c|E10|51409|3,2,9,10,2,51409009,51409010
2014|youth_c|E10|51409|3,3,24,24,1,51409024,51409024
2014|youth_c|E10|51409|3,4,30,30,1,51409030,51409030
2014|youth_c|E10|51409|3,5,49,50,2,51409049,51409050
2014|youth_c|E10|51409|3,6,85,85,1,51409085,51409085
2014|youth_c|E10|51409|3,7,96,96,1,51409096,51409096
2014|youth_c|E10|51409|3,8,98,101,4,51409098,51409101
2014|youth_c|E10|51409|3,9,104,104,1,51409104,51409104
2014|youth_c|E10|51409|3,10,106,106,1,51409106,51409106
2014|youth_c|E10|51409|3,11,108,108,1,51409108,51409108
2014|youth_c|E10|51409|3,12,115,115,1,51409115,51409115
2014|youth_c|E10|51409|3,13,133,133,1,51409133,51409133
2014|youth_c|E10|51409|3,14,144,144,1,51409144,51409144
2014|youth_c|E10|51409|3,15,146,146,1,51409146,51409146
2014|youth_c|E10|51409|3,16,153,153,1,51409153,51409153
2014|youth_c|E10|51409|3,17,161,161,1,51409161,51409161
2014|youth_c|E10|51409|3,18,166,166,1,51409166,51409166
2014|youth_c|E10|51409|3,19,172,172,1,51409172,51409172
2014|youth_c|E10|51409|3,20,175,178,4,51409175,51409178
2014|youth_c|E10|51409|3,21,182,182,1,51409182,51409182
2014|youth_c|E10|51409|3,22,189,190,2,51409189,51409190
2014|youth_c|E10|51409|3,23,209,209,1,51409209,51409209
2014|youth_c|E10|51409|3,24,211,211,1,51409211,51409211
2014|youth_c|E10|51409|3,25,216,216,1,51409216,51409216
2014|youth_c|E10|51409|3,26,236,236,1,51409236,51409236
2014|youth_c|E10|51409|3,27,240,242,3,51409240,51409242
2014|youth_c|E10|51409|3,28,262,262,1,51409262,51409262
2014|youth_c|E10|51409|3,29,272,272,1,51409272,51409272
2014|youth_c|E10|51409|3,30,279,280,2,51409279,51409280
2014|youth_c|E10|51409|3,31,285,285,1,51409285,51409285
2014|youth_c|E10|51409|3,32,287,287,1,51409287,51409287
2014|youth_c|E11|51409|3,1,22,22,1,51409022,51409022
2014|youth_c|E11|51409|3,2,31,35,5,51409031,51409035
2014|youth_c|E11|51409|3,3,37,42,6,51409037,51409042
2014|youth_c|E11|51409|3,4,44,44,1,51409044,51409044
2014|youth_c|E11|51409|3,5,47,47,1,51409047,51409047
2014|youth_c|E11|51409|3,6,52,71,20,51409052,51409071
2014|youth_c|E11|51409|3,7,73,73,1,51409073,51409073
2014|youth_c|E11|51409|3,8,80,80,1,51409080,51409080
2014|youth_c|E11|51409|3,9,88,88,1,51409088,51409088
2014|youth_c|E11|51409|3,10,94,94,1,51409094,51409094
2014|youth_c|E11|51409|3,11,105,105,1,51409105,51409105
2014|youth_c|E11|51409|3,12,117,118,2,51409117,51409118
2014|youth_c|E11|51409|3,13,128,130,3,51409128,51409130
2014|youth_c|E11|51409|3,14,134,135,2,51409134,51409135
2014|youth_c|E11|51409|3,15,156,158,3,51409156,51409158
2014|youth_c|E11|51409|3,16,168,168,1,51409168,51409168
2014|youth_c|E11|51409|3,17,185,185,1,51409185,51409185
2014|youth_c|E11|51409|3,18,199,202,4,51409199,51409202
2014|youth_c|E11|51409|3,19,214,215,2,51409214,51409215
2014|youth_c|E11|51409|3,20,228,232,5,51409228,51409232
2014|youth_c|E11|51409|3,21,234,235,2,51409234,51409235
2014|youth_c|E11|51409|3,22,237,239,3,51409237,51409239
2014|youth_c|E11|51409|3,23,252,256,5,51409252,51409256
2014|youth_c|E11|51409|3,24,259,260,2,51409259,51409260
2014|youth_c|E11|51409|3,25,276,276,1,51409276,51409276
2015|general|E01|51571|3,1,1,214,214,51571001,51571214
2015|general|E02|51572|3,1,1,141,141,51572001,51572141
2015|general|E02|51572|3,2,143,296,154,51572143,51572296
2015|general|E02|51572|3,3,298,303,6,51572298,51572303
2015|general|E03|51573|3,1,1,217,217,51573001,51573217
2015|general|E04|51574|3,1,1,296,296,51574001,51574296
2015|general|E05|51575|3,1,1,545,545,51575001,51575545
2015|general|E06|51576|3,1,1,56,56,51576001,51576056
2015|general|E06|51576|3,2,58,215,158,51576058,51576215
2015|general|E07|51577|3,1,1,191,191,51577001,51577191
2015|general|E08|51578|3,1,1,1,1,51578001,51578001
2015|general|E08|51578|3,2,4,5,2,51578004,51578005
2015|general|E08|51578|3,3,9,13,5,51578009,51578013
2015|general|E08|51578|3,4,18,33,16,51578018,51578033
2015|general|E08|51578|3,5,38,41,4,51578038,51578041
2015|general|E08|51578|3,6,44,62,19,51578044,51578062
2015|general|E08|51578|3,7,64,65,2,51578064,51578065
2015|general|E08|51578|3,8,72,103,32,51578072,51578103
2015|general|E08|51578|3,9,107,114,8,51578107,51578114
2015|general|E08|51578|3,10,116,116,1,51578116,51578116
2015|general|E08|51578|3,11,120,121,2,51578120,51578121
2015|general|E08|51578|3,12,123,130,8,51578123,51578130
2015|general|E08|51578|3,13,133,170,38,51578133,51578170
2015|general|E08|51578|3,14,172,177,6,51578172,51578177
2015|general|E08|51578|3,15,184,202,19,51578184,51578202
2015|general|E08|51578|3,16,206,208,3,51578206,51578208
2015|general|E08|51578|3,17,211,217,7,51578211,51578217
2015|general|E08|51578|3,18,219,221,3,51578219,51578221
2015|general|E08|51578|3,19,225,238,14,51578225,51578238
2015|general|E08|51578|3,20,241,243,3,51578241,51578243
2015|general|E08|51578|3,21,246,248,3,51578246,51578248
2015|general|E08|51578|3,22,250,257,8,51578250,51578257
2015|general|E08|51578|3,23,260,263,4,51578260,51578263
2015|general|E08|51578|3,24,267,278,12,51578267,51578278
2015|general|E08|51578|3,25,282,286,5,51578282,51578286
2015|general|E08|51578|3,26,289,293,5,51578289,51578293
2015|general|E08|51578|3,27,296,306,11,51578296,51578306
2015|general|E08|51578|3,28,313,320,8,51578313,51578320
2015|general|E08|51578|3,29,322,328,7,51578322,51578328
2015|general|E08|51578|3,30,330,331,2,51578330,51578331
2015|general|E08|51578|3,31,333,352,20,51578333,51578352
2015|general|E08|51578|3,32,355,359,5,51578355,51578359
2015|general|E08|51578|3,33,361,373,13,51578361,51578373
2015|general|E08|51578|3,34,377,387,11,51578377,51578387
2015|general|E08|51578|3,35,399,439,41,51578399,51578439
2015|general|E08|51578|3,36,442,451,10,51578442,51578451
2015|general|E08|51578|3,37,453,475,23,51578453,51578475
2015|general|E08|51578|3,38,477,483,7,51578477,51578483
2015|general|E08|51578|3,39,489,508,20,51578489,51578508
2015|general|E08|51578|3,40,510,518,9,51578510,51578518
2015|general|E08|51578|3,41,521,524,4,51578521,51578524
2015|general|E08|51578|3,42,539,554,16,51578539,51578554
2015|general|E08|51578|3,43,557,560,4,51578557,51578560
2015|general|E09|51579|3,1,2,2,1,51579002,51579002
2015|general|E09|51579|3,2,5,7,3,51579005,51579007
2015|general|E09|51579|3,3,13,19,7,51579013,51579019
2015|general|E09|51579|3,4,27,33,7,51579027,51579033
2015|general|E09|51579|3,5,43,45,3,51579043,51579045
2015|general|E09|51579|3,6,59,60,2,51579059,51579060
2015|general|E09|51579|3,7,62,70,9,51579062,51579070
2015|general|E09|51579|3,8,76,89,14,51579076,51579089
2015|general|E09|51579|3,9,93,93,1,51579093,51579093
2015|general|E09|51579|3,10,100,105,6,51579100,51579105
2015|general|E09|51579|3,11,107,107,1,51579107,51579107
2015|general|E09|51579|3,12,113,113,1,51579113,51579113
2015|general|E09|51579|3,13,116,119,4,51579116,51579119
2015|general|E09|51579|3,14,123,126,4,51579123,51579126
2015|general|E09|51579|3,15,128,129,2,51579128,51579129
2015|general|E09|51579|3,16,131,135,5,51579131,51579135
2015|general|E09|51579|3,17,137,142,6,51579137,51579142
2015|general|E09|51579|3,18,148,148,1,51579148,51579148
2015|general|E09|51579|3,19,151,155,5,51579151,51579155
2015|general|E09|51579|3,20,157,158,2,51579157,51579158
2015|general|E09|51579|3,21,161,161,1,51579161,51579161
2015|general|E09|51579|3,22,163,169,7,51579163,51579169
2015|general|E09|51579|3,23,171,174,4,51579171,51579174
2015|general|E09|51579|3,24,177,195,19,51579177,51579195
2015|general|E09|51579|3,25,205,208,4,51579205,51579208
2015|general|E09|51579|3,26,211,220,10,51579211,51579220
2015|general|E09|51579|3,27,224,226,3,51579224,51579226
2015|general|E09|51579|3,28,230,230,1,51579230,51579230
2015|general|E09|51579|3,29,235,241,7,51579235,51579241
2015|general|E09|51579|3,30,248,252,5,51579248,51579252
2015|general|E10|51578|3,1,2,3,2,51578002,51578003
2015|general|E10|51578|3,2,6,8,3,51578006,51578008
2015|general|E10|51578|3,3,14,17,4,51578014,51578017
2015|general|E10|51578|3,4,34,37,4,51578034,51578037
2015|general|E10|51578|3,5,42,43,2,51578042,51578043
2015|general|E10|51578|3,6,63,63,1,51578063,51578063
2015|general|E10|51578|3,7,66,71,6,51578066,51578071
2015|general|E10|51578|3,8,104,106,3,51578104,51578106
2015|general|E10|51578|3,9,115,115,1,51578115,51578115
2015|general|E10|51578|3,10,117,119,3,51578117,51578119
2015|general|E10|51578|3,11,122,122,1,51578122,51578122
2015|general|E10|51578|3,12,131,132,2,51578131,51578132
2015|general|E10|51578|3,13,171,171,1,51578171,51578171
2015|general|E10|51578|3,14,178,183,6,51578178,51578183
2015|general|E10|51578|3,15,203,205,3,51578203,51578205
2015|general|E10|51578|3,16,209,210,2,51578209,51578210
2015|general|E10|51578|3,17,218,218,1,51578218,51578218
2015|general|E10|51578|3,18,222,224,3,51578222,51578224
2015|general|E10|51578|3,19,239,240,2,51578239,51578240
2015|general|E10|51578|3,20,244,245,2,51578244,51578245
2015|general|E10|51578|3,21,249,249,1,51578249,51578249
2015|general|E10|51578|3,22,258,259,2,51578258,51578259
2015|general|E10|51578|3,23,264,266,3,51578264,51578266
2015|general|E10|51578|3,24,279,281,3,51578279,51578281
2015|general|E10|51578|3,25,287,288,2,51578287,51578288
2015|general|E10|51578|3,26,294,295,2,51578294,51578295
2015|general|E10|51578|3,27,307,312,6,51578307,51578312
2015|general|E10|51578|3,28,321,321,1,51578321,51578321
2015|general|E10|51578|3,29,329,329,1,51578329,51578329
2015|general|E10|51578|3,30,332,332,1,51578332,51578332
2015|general|E10|51578|3,31,353,354,2,51578353,51578354
2015|general|E10|51578|3,32,360,360,1,51578360,51578360
2015|general|E10|51578|3,33,374,376,3,51578374,51578376
2015|general|E10|51578|3,34,388,398,11,51578388,51578398
2015|general|E10|51578|3,35,440,441,2,51578440,51578441
2015|general|E10|51578|3,36,452,452,1,51578452,51578452
2015|general|E10|51578|3,37,476,476,1,51578476,51578476
2015|general|E10|51578|3,38,484,488,5,51578484,51578488
2015|general|E10|51578|3,39,509,509,1,51578509,51578509
2015|general|E10|51578|3,40,519,520,2,51578519,51578520
2015|general|E10|51578|3,41,525,538,14,51578525,51578538
2015|general|E10|51578|3,42,555,556,2,51578555,51578556
2015|general|E10|51579|3,1,1,1,1,51579001,51579001
2015|general|E10|51579|3,2,3,4,2,51579003,51579004
2015|general|E10|51579|3,3,8,12,5,51579008,51579012
2015|general|E10|51579|3,4,20,20,1,51579020,51579020
2015|general|E10|51579|3,5,57,57,1,51579057,51579057
2015|general|E10|51579|3,6,61,61,1,51579061,51579061
2015|general|E10|51579|3,7,71,75,5,51579071,51579075
2015|general|E10|51579|3,8,92,92,1,51579092,51579092
2015|general|E10|51579|3,9,94,98,5,51579094,51579098
2015|general|E10|51579|3,10,106,106,1,51579106,51579106
2015|general|E10|51579|3,11,108,108,1,51579108,51579108
2015|general|E10|51579|3,12,115,115,1,51579115,51579115
2015|general|E10|51579|3,13,127,127,1,51579127,51579127
2015|general|E10|51579|3,14,130,130,1,51579130,51579130
2015|general|E10|51579|3,15,136,136,1,51579136,51579136
2015|general|E10|51579|3,16,149,150,2,51579149,51579150
2015|general|E10|51579|3,17,159,160,2,51579159,51579160
2015|general|E10|51579|3,18,162,162,1,51579162,51579162
2015|general|E10|51579|3,19,170,170,1,51579170,51579170
2015|general|E10|51579|3,20,233,234,2,51579233,51579234
2015|general|E10|51579|3,21,247,247,1,51579247,51579247
2015|general|E10|51579|3,22,253,253,1,51579253,51579253
2015|general|E11|51579|3,1,21,26,6,51579021,51579026
2015|general|E11|51579|3,2,34,42,9,51579034,51579042
2015|general|E11|51579|3,3,47,56,10,51579047,51579056
2015|general|E11|51579|3,4,58,58,1,51579058,51579058
2015|general|E11|51579|3,5,90,91,2,51579090,51579091
2015|general|E11|51579|3,6,109,112,4,51579109,51579112
2015|general|E11|51579|3,7,114,114,1,51579114,51579114
2015|general|E11|51579|3,8,120,122,3,51579120,51579122
2015|general|E11|51579|3,9,143,147,5,51579143,51579147
2015|general|E11|51579|3,10,156,156,1,51579156,51579156
2015|general|E11|51579|3,11,175,176,2,51579175,51579176
2015|general|E11|51579|3,12,196,204,9,51579196,51579204
2015|general|E11|51579|3,13,209,210,2,51579209,51579210
2015|general|E11|51579|3,14,221,223,3,51579221,51579223
2015|general|E11|51579|3,15,227,229,3,51579227,51579229
2015|general|E11|51579|3,16,231,232,2,51579231,51579232
2015|general|E11|51579|3,17,242,246,5,51579242,51579246
2015|joint_fund|E01|U1504|3,1,504,504,1,U1504504,U1504504
2015|joint_fund|E01|U1504|3,2,514,514,1,U1504514,U1504514
2015|joint_fund|E01|U1504|3,3,525,525,1,U1504525,U1504525
2015|joint_fund|E01|U1504|3,4,531,531,1,U1504531,U1504531
2015|joint_fund|E01|U1508|3,1,213,213,1,U1508213,U1508213
2015|joint_fund|E01|U1508|3,2,215,216,2,U1508215,U1508216
2015|joint_fund|E01|U1537|3,1,107,107,1,U1537107,U1537107
2015|joint_fund|E01|U1537|3,2,201,201,1,U1537201,U1537201
2015|joint_fund|E01|U1537|3,3,210,212,3,U1537210,U1537212
2015|joint_fund|E01|U1564|3,1,203,203,1,U1564203,U1564203
2015|joint_fund|E02|U1504|3,1,511,511,1,U1504511,U1504511
2015|joint_fund|E02|U1504|3,2,516,517,2,U1504516,U1504517
2015|joint_fund|E02|U1504|3,3,526,526,1,U1504526,U1504526
2015|joint_fund|E02|U1504|3,4,532,532,1,U1504532,U1504532
2015|joint_fund|E02|U1510|3,1,119,122,4,U1510119,U1510122
2015|joint_fund|E02|U1510|3,2,125,127,3,U1510125,U1510127
2015|joint_fund|E02|U1510|3,3,132,134,3,U1510132,U1510134
2015|joint_fund|E02|U1510|3,4,204,204,1,U1510204,U1510204
2015|joint_fund|E02|U1537|3,1,104,106,3,U1537104,U1537106
2015|joint_fund|E02|U1537|3,2,204,204,1,U1537204,U1537204
2015|joint_fund|E03|U1504|3,1,510,510,1,U1504510,U1504510
2015|joint_fund|E03|U1504|3,2,527,527,1,U1504527,U1504527
2015|joint_fund|E03|U1510|3,1,123,124,2,U1510123,U1510124
2015|joint_fund|E03|U1510|3,2,207,207,1,U1510207,U1510207
2015|joint_fund|E03|U1537|3,1,101,101,1,U1537101,U1537101
2015|joint_fund|E04|U1504|3,1,515,515,1,U1504515,U1504515
2015|joint_fund|E04|U1504|3,2,521,521,1,U1504521,U1504521
2015|joint_fund|E04|U1504|3,3,523,523,1,U1504523,U1504523
2015|joint_fund|E04|U1504|3,4,529,529,1,U1504529,U1504529
2015|joint_fund|E04|U1508|3,1,210,210,1,U1508210,U1508210
2015|joint_fund|E04|U1508|3,2,214,214,1,U1508214,U1508214
2015|joint_fund|E04|U1508|3,3,217,217,1,U1508217,U1508217
2015|joint_fund|E04|U1510|3,1,112,112,1,U1510112,U1510112
2015|joint_fund|E04|U1510|3,2,114,116,3,U1510114,U1510116
2015|joint_fund|E04|U1510|3,3,131,131,1,U1510131,U1510131
2015|joint_fund|E04|U1537|3,1,207,207,1,U1537207,U1537207
2015|joint_fund|E04|U1560|3,1,101,110,10,U1560101,U1560110
2015|joint_fund|E04|U1560|3,2,201,208,8,U1560201,U1560208
2015|joint_fund|E05|U1504|3,1,503,503,1,U1504503,U1504503
2015|joint_fund|E05|U1504|3,2,507,507,1,U1504507,U1504507
2015|joint_fund|E05|U1504|3,3,519,520,2,U1504519,U1504520
2015|joint_fund|E05|U1504|3,4,522,522,1,U1504522,U1504522
2015|joint_fund|E05|U1508|3,1,206,209,4,U1508206,U1508209
2015|joint_fund|E05|U1508|3,2,211,211,1,U1508211,U1508211
2015|joint_fund|E05|U1508|3,3,218,218,1,U1508218,U1508218
2015|joint_fund|E05|U1509|3,1,201,204,4,U1509201,U1509204
2015|joint_fund|E05|U1510|3,1,113,113,1,U1510113,U1510113
2015|joint_fund|E05|U1510|3,2,117,118,2,U1510117,U1510118
2015|joint_fund|E05|U1510|3,3,205,206,2,U1510205,U1510206
2015|joint_fund|E05|U1534|3,1,204,205,2,U1534204,U1534205
2015|joint_fund|E05|U1534|3,2,210,210,1,U1534210,U1534210
2015|joint_fund|E05|U1537|3,1,102,103,2,U1537102,U1537103
2015|joint_fund|E05|U1537|3,2,108,110,3,U1537108,U1537110
2015|joint_fund|E05|U1537|3,3,202,203,2,U1537202,U1537203
2015|joint_fund|E05|U1537|3,4,205,206,2,U1537205,U1537206
2015|joint_fund|E05|U1537|3,5,208,209,2,U1537208,U1537209
2015|joint_fund|E05|U1537|3,6,213,215,3,U1537213,U1537215
2015|joint_fund|E05|U1564|3,1,201,202,2,U1564201,U1564202
2015|joint_fund|E05|U1564|3,2,204,204,1,U1564204,U1564204
2015|joint_fund|E05|U1564|3,3,207,208,2,U1564207,U1564208
2015|joint_fund|E05|U1564|3,4,210,210,1,U1564210,U1564210
2015|joint_fund|E06|U1504|3,1,501,501,1,U1504501,U1504501
2015|joint_fund|E06|U1504|3,2,509,509,1,U1504509,U1504509
2015|joint_fund|E06|U1504|3,3,524,524,1,U1504524,U1504524
2015|joint_fund|E06|U1508|3,1,212,212,1,U1508212,U1508212
2015|joint_fund|E06|U1510|3,1,129,130,2,U1510129,U1510130
2015|joint_fund|E06|U1510|3,2,135,136,2,U1510135,U1510136
2015|joint_fund|E06|U1564|3,1,209,209,1,U1564209,U1564209
2015|joint_fund|E07|U1504|3,1,506,506,1,U1504506,U1504506
2015|joint_fund|E07|U1504|3,2,518,518,1,U1504518,U1504518
2015|joint_fund|E07|U1510|3,1,128,128,1,U1510128,U1510128
2015|joint_fund|E07|U1510|3,2,208,208,1,U1510208,U1510208
2015|joint_fund|E07|U1534|3,1,209,209,1,U1534209,U1534209
2015|joint_fund|E07|U1564|3,1,205,206,2,U1564205,U1564206
2015|joint_fund|E08|U1504|3,1,502,502,1,U1504502,U1504502
2015|joint_fund|E08|U1504|3,2,505,505,1,U1504505,U1504505
2015|joint_fund|E08|U1504|3,3,508,508,1,U1504508,U1504508
2015|joint_fund|E08|U1504|3,4,513,513,1,U1504513,U1504513
2015|joint_fund|E08|U1504|3,5,528,528,1,U1504528,U1504528
2015|joint_fund|E08|U1534|3,1,202,203,2,U1534202,U1534203
2015|joint_fund|E08|U1534|3,2,206,207,2,U1534206,U1534207
2015|joint_fund|E09|U1504|3,1,512,512,1,U1504512,U1504512
2015|joint_fund|E09|U1504|3,2,530,530,1,U1504530,U1504530
2015|key|E01|51531|3,1,1,9,9,51531001,51531009
2015|key|E02|51532|3,1,1,10,10,51532001,51532010
2015|key|E03|51533|3,1,1,9,9,51533001,51533009
2015|key|E04|51534|3,1,1,9,9,51534001,51534009
2015|key|E05|51535|3,1,1,12,12,51535001,51535012
2015|key|E06|51536|3,1,1,9,9,51536001,51536009
2015|key|E07|51537|3,1,1,10,10,51537001,51537010
2015|key|E08|51538|3,1,1,7,7,51538001,51538007
2015|key|E08|51538|3,2,9,10,2,51538009,51538010
2015|key|E09|51539|3,1,2,7,6,51539002,51539007
2015|key|E09|51539|3,2,9,9,1,51539009,51539009
2015|key|E10|51538|3,1,8,8,1,51538008,51538008
2015|key|E10|51538|3,2,11,13,3,51538011,51538013
2015|key|E10|51539|3,1,1,1,1,51539001,51539001
2015|key|E11|51539|3,1,8,8,1,51539008,51539008
2015|major_research_plan|E01|91545|3,1,131,131,1,91545131,91545131
2015|major_research_plan|E05|91523|3,1,101,102,2,91523101,91523102
2015|major_research_plan|E06|91534|3,1,206,206,1,91534206,91534206
2015|major_research_plan|E06|91541|3,1,0,0,1,91541000,91541000
2015|major_research_plan|E06|91541|3,2,101,104,4,91541101,91541104
2015|major_research_plan|E06|91541|3,3,106,111,6,91541106,91541111
2015|major_research_plan|E06|91541|3,4,113,113,1,91541113,91541113
2015|major_research_plan|E06|91541|3,5,115,115,1,91541115,91541115
2015|major_research_plan|E06|91541|3,6,118,123,6,91541118,91541123
2015|major_research_plan|E06|91541|3,7,201,206,6,91541201,91541206
2015|major_research_plan|E07|91536|3,1,224,224,1,91536224,91536224
2015|major_research_plan|E08|91515|3,1,101,104,4,91515101,91515104
2015|major_research_plan|E09|91547|3,1,0,0,1,91547000,91547000
2015|major_research_plan|E09|91547|3,2,101,103,3,91547101,91547103
2015|major_research_plan|E09|91547|3,3,106,106,1,91547106,91547106
2015|major_research_plan|E09|91547|3,4,108,108,1,91547108,91547108
2015|major_research_plan|E09|91547|3,5,111,112,2,91547111,91547112
2015|major_research_plan|E09|91547|3,6,116,116,1,91547116,91547116
2015|major_research_plan|E09|91547|3,7,118,118,1,91547118,91547118
2015|major_research_plan|E09|91547|3,8,201,205,5,91547201,91547205
2015|major_research_plan|E09|91547|3,9,208,208,1,91547208,91547208
2015|major_research_plan|E09|91547|3,10,210,210,1,91547210,91547210
2015|major_research_plan|E10|91544|3,1,110,110,1,91544110,91544110
2015|major_research_plan|E10|91547|3,1,105,105,1,91547105,91547105
2015|major_research_plan|E10|91547|3,2,109,110,2,91547109,91547110
2015|major_research_plan|E10|91547|3,3,120,120,1,91547120,91547120
2015|major_research_plan|E10|91547|3,4,206,207,2,91547206,91547207
2015|major_research_plan|E10|91547|3,5,211,211,1,91547211,91547211
2015|regional|E01|51561|3,1,1,33,33,51561001,51561033
2015|regional|E02|51562|3,1,1,16,16,51562001,51562016
2015|regional|E02|51562|3,2,18,38,21,51562018,51562038
2015|regional|E03|51563|3,1,1,23,23,51563001,51563023
2015|regional|E04|51564|3,1,1,45,45,51564001,51564045
2015|regional|E05|51565|3,1,1,60,60,51565001,51565060
2015|regional|E06|51566|3,1,1,17,17,51566001,51566017
2015|regional|E07|51567|3,1,1,22,22,51567001,51567022
2015|regional|E08|51568|3,1,1,9,9,51568001,51568009
2015|regional|E08|51568|3,2,11,17,7,51568011,51568017
2015|regional|E08|51568|3,3,19,22,4,51568019,51568022
2015|regional|E08|51568|3,4,25,26,2,51568025,51568026
2015|regional|E08|51568|3,5,28,33,6,51568028,51568033
2015|regional|E08|51568|3,6,36,38,3,51568036,51568038
2015|regional|E08|51568|3,7,40,47,8,51568040,51568047
2015|regional|E08|51568|3,8,52,54,3,51568052,51568054
2015|regional|E08|51568|3,9,56,58,3,51568056,51568058
2015|regional|E08|51568|3,10,60,60,1,51568060,51568060
2015|regional|E08|51568|3,11,62,64,3,51568062,51568064
2015|regional|E09|51569|3,1,1,5,5,51569001,51569005
2015|regional|E09|51569|3,2,7,7,1,51569007,51569007
2015|regional|E09|51569|3,3,9,14,6,51569009,51569014
2015|regional|E09|51569|3,4,16,18,3,51569016,51569018
2015|regional|E09|51569|3,5,20,23,4,51569020,51569023
2015|regional|E09|51569|3,6,25,35,11,51569025,51569035
2015|regional|E10|51568|3,1,10,10,1,51568010,51568010
2015|regional|E10|51568|3,2,18,18,1,51568018,51568018
2015|regional|E10|51568|3,3,23,24,2,51568023,51568024
2015|regional|E10|51568|3,4,27,27,1,51568027,51568027
2015|regional|E10|51568|3,5,34,35,2,51568034,51568035
2015|regional|E10|51568|3,6,39,39,1,51568039,51568039
2015|regional|E10|51568|3,7,48,51,4,51568048,51568051
2015|regional|E10|51568|3,8,55,55,1,51568055,51568055
2015|regional|E10|51568|3,9,59,59,1,51568059,51568059
2015|regional|E10|51568|3,10,61,61,1,51568061,51568061
2015|regional|E10|51568|3,11,66,68,3,51568066,51568068
2015|regional|E10|51569|3,1,6,6,1,51569006,51569006
2015|regional|E10|51569|3,2,8,8,1,51569008,51569008
2015|regional|E10|51569|3,3,15,15,1,51569015,51569015
2015|regional|E10|51569|3,4,19,19,1,51569019,51569019
2015|regional|E10|51569|3,5,24,24,1,51569024,51569024
2015|youth_c|E01|51501|3,1,1,134,134,51501001,51501134
2015|youth_c|E01|51501|3,2,136,186,51,51501136,51501186
2015|youth_c|E01|51501|3,3,188,190,3,51501188,51501190
2015|youth_c|E01|51501|3,4,192,231,40,51501192,51501231
2015|youth_c|E02|51502|3,1,1,302,302,51502001,51502302
2015|youth_c|E02|51502|3,2,304,353,50,51502304,51502353
2015|youth_c|E03|51503|3,1,1,232,232,51503001,51503232
2015|youth_c|E04|51504|3,1,1,101,101,51504001,51504101
2015|youth_c|E04|51504|3,2,103,299,197,51504103,51504299
2015|youth_c|E05|51505|3,1,1,495,495,51505001,51505495
2015|youth_c|E05|51505|3,2,497,506,10,51505497,51505506
2015|youth_c|E06|51506|3,1,1,227,227,51506001,51506227
2015|youth_c|E07|51507|3,1,1,193,193,51507001,51507193
2015|youth_c|E08|51508|3,1,1,1,1,51508001,51508001
2015|youth_c|E08|51508|3,2,3,5,3,51508003,51508005
2015|youth_c|E08|51508|3,3,9,14,6,51508009,51508014
2015|youth_c|E08|51508|3,4,16,16,1,51508016,51508016
2015|youth_c|E08|51508|3,5,18,24,7,51508018,51508024
2015|youth_c|E08|51508|3,6,27,42,16,51508027,51508042
2015|youth_c|E08|51508|3,7,44,48,5,51508044,51508048
2015|youth_c|E08|51508|3,8,50,54,5,51508050,51508054
2015|youth_c|E08|51508|3,9,58,67,10,51508058,51508067
2015|youth_c|E08|51508|3,10,69,72,4,51508069,51508072
2015|youth_c|E08|51508|3,11,74,74,1,51508074,51508074
2015|youth_c|E08|51508|3,12,85,110,26,51508085,51508110
2015|youth_c|E08|51508|3,13,112,114,3,51508112,51508114
2015|youth_c|E08|51508|3,14,117,119,3,51508117,51508119
2015|youth_c|E08|51508|3,15,121,127,7,51508121,51508127
2015|youth_c|E08|51508|3,16,131,148,18,51508131,51508148
2015|youth_c|E08|51508|3,17,150,151,2,51508150,51508151
2015|youth_c|E08|51508|3,18,154,164,11,51508154,51508164
2015|youth_c|E08|51508|3,19,166,166,1,51508166,51508166
2015|youth_c|E08|51508|3,20,169,171,3,51508169,51508171
2015|youth_c|E08|51508|3,21,173,173,1,51508173,51508173
2015|youth_c|E08|51508|3,22,179,185,7,51508179,51508185
2015|youth_c|E08|51508|3,23,189,205,17,51508189,51508205
2015|youth_c|E08|51508|3,24,207,208,2,51508207,51508208
2015|youth_c|E08|51508|3,25,210,212,3,51508210,51508212
2015|youth_c|E08|51508|3,26,215,218,4,51508215,51508218
2015|youth_c|E08|51508|3,27,220,220,1,51508220,51508220
2015|youth_c|E08|51508|3,28,222,223,2,51508222,51508223
2015|youth_c|E08|51508|3,29,225,225,1,51508225,51508225
2015|youth_c|E08|51508|3,30,229,229,1,51508229,51508229
2015|youth_c|E08|51508|3,31,232,232,1,51508232,51508232
2015|youth_c|E08|51508|3,32,234,238,5,51508234,51508238
2015|youth_c|E08|51508|3,33,240,240,1,51508240,51508240
2015|youth_c|E08|51508|3,34,242,244,3,51508242,51508244
2015|youth_c|E08|51508|3,35,246,253,8,51508246,51508253
2015|youth_c|E08|51508|3,36,255,257,3,51508255,51508257
2015|youth_c|E08|51508|3,37,260,262,3,51508260,51508262
2015|youth_c|E08|51508|3,38,265,267,3,51508265,51508267
2015|youth_c|E08|51508|3,39,269,274,6,51508269,51508274
2015|youth_c|E08|51508|3,40,276,280,5,51508276,51508280
2015|youth_c|E08|51508|3,41,282,283,2,51508282,51508283
2015|youth_c|E08|51508|3,42,286,286,1,51508286,51508286
2015|youth_c|E08|51508|3,43,289,301,13,51508289,51508301
2015|youth_c|E08|51508|3,44,305,306,2,51508305,51508306
2015|youth_c|E08|51508|3,45,310,315,6,51508310,51508315
2015|youth_c|E08|51508|3,46,319,326,8,51508319,51508326
2015|youth_c|E08|51508|3,47,328,329,2,51508328,51508329
2015|youth_c|E08|51508|3,48,331,334,4,51508331,51508334
2015|youth_c|E08|51508|3,49,336,341,6,51508336,51508341
2015|youth_c|E08|51508|3,50,344,352,9,51508344,51508352
2015|youth_c|E08|51508|3,51,357,365,9,51508357,51508365
2015|youth_c|E08|51508|3,52,368,382,15,51508368,51508382
2015|youth_c|E08|51508|3,53,386,396,11,51508386,51508396
2015|youth_c|E08|51508|3,54,399,419,21,51508399,51508419
2015|youth_c|E08|51508|3,55,421,422,2,51508421,51508422
2015|youth_c|E08|51508|3,56,424,429,6,51508424,51508429
2015|youth_c|E08|51508|3,57,431,434,4,51508431,51508434
2015|youth_c|E08|51508|3,58,436,446,11,51508436,51508446
2015|youth_c|E08|51508|3,59,453,464,12,51508453,51508464
2015|youth_c|E08|51508|3,60,468,480,13,51508468,51508480
2015|youth_c|E08|51508|3,61,482,491,10,51508482,51508491
2015|youth_c|E08|51508|3,62,493,508,16,51508493,51508508
2015|youth_c|E08|51508|3,63,512,516,5,51508512,51508516
2015|youth_c|E08|51508|3,64,519,524,6,51508519,51508524
2015|youth_c|E08|51508|3,65,526,537,12,51508526,51508537
2015|youth_c|E08|51508|3,66,541,544,4,51508541,51508544
2015|youth_c|E08|51508|3,67,554,554,1,51508554,51508554
2015|youth_c|E08|51508|3,68,556,560,5,51508556,51508560
2015|youth_c|E08|51508|3,69,562,563,2,51508562,51508563
2015|youth_c|E08|51508|3,70,565,571,7,51508565,51508571
2015|youth_c|E08|51508|3,71,574,581,8,51508574,51508581
2015|youth_c|E08|51508|3,72,583,585,3,51508583,51508585
2015|youth_c|E09|51509|3,1,1,1,1,51509001,51509001
2015|youth_c|E09|51509|3,2,4,5,2,51509004,51509005
2015|youth_c|E09|51509|3,3,7,10,4,51509007,51509010
2015|youth_c|E09|51509|3,4,14,20,7,51509014,51509020
2015|youth_c|E09|51509|3,5,22,22,1,51509022,51509022
2015|youth_c|E09|51509|3,6,24,27,4,51509024,51509027
2015|youth_c|E09|51509|3,7,32,32,1,51509032,51509032
2015|youth_c|E09|51509|3,8,36,36,1,51509036,51509036
2015|youth_c|E09|51509|3,9,38,41,4,51509038,51509041
2015|youth_c|E09|51509|3,10,43,43,1,51509043,51509043
2015|youth_c|E09|51509|3,11,64,65,2,51509064,51509065
2015|youth_c|E09|51509|3,12,67,68,2,51509067,51509068
2015|youth_c|E09|51509|3,13,73,79,7,51509073,51509079
2015|youth_c|E09|51509|3,14,84,85,2,51509084,51509085
2015|youth_c|E09|51509|3,15,88,92,5,51509088,51509092
2015|youth_c|E09|51509|3,16,95,95,1,51509095,51509095
2015|youth_c|E09|51509|3,17,98,105,8,51509098,51509105
2015|youth_c|E09|51509|3,18,107,112,6,51509107,51509112
2015|youth_c|E09|51509|3,19,118,118,1,51509118,51509118
2015|youth_c|E09|51509|3,20,121,123,3,51509121,51509123
2015|youth_c|E09|51509|3,21,125,128,4,51509125,51509128
2015|youth_c|E09|51509|3,22,130,132,3,51509130,51509132
2015|youth_c|E09|51509|3,23,137,139,3,51509137,51509139
2015|youth_c|E09|51509|3,24,141,149,9,51509141,51509149
2015|youth_c|E09|51509|3,25,154,158,5,51509154,51509158
2015|youth_c|E09|51509|3,26,160,167,8,51509160,51509167
2015|youth_c|E09|51509|3,27,170,170,1,51509170,51509170
2015|youth_c|E09|51509|3,28,172,174,3,51509172,51509174
2015|youth_c|E09|51509|3,29,176,176,1,51509176,51509176
2015|youth_c|E09|51509|3,30,179,182,4,51509179,51509182
2015|youth_c|E09|51509|3,31,186,191,6,51509186,51509191
2015|youth_c|E09|51509|3,32,200,203,4,51509200,51509203
2015|youth_c|E09|51509|3,33,206,212,7,51509206,51509212
2015|youth_c|E09|51509|3,34,214,214,1,51509214,51509214
2015|youth_c|E09|51509|3,35,216,219,4,51509216,51509219
2015|youth_c|E09|51509|3,36,222,224,3,51509222,51509224
2015|youth_c|E09|51509|3,37,234,234,1,51509234,51509234
2015|youth_c|E09|51509|3,38,238,238,1,51509238,51509238
2015|youth_c|E09|51509|3,39,240,250,11,51509240,51509250
2015|youth_c|E09|51509|3,40,257,257,1,51509257,51509257
2015|youth_c|E09|51509|3,41,261,261,1,51509261,51509261
2015|youth_c|E09|51509|3,42,263,270,8,51509263,51509270
2015|youth_c|E09|51509|3,43,272,274,3,51509272,51509274
2015|youth_c|E10|51508|3,1,2,2,1,51508002,51508002
2015|youth_c|E10|51508|3,2,6,8,3,51508006,51508008
2015|youth_c|E10|51508|3,3,15,15,1,51508015,51508015
2015|youth_c|E10|51508|3,4,17,17,1,51508017,51508017
2015|youth_c|E10|51508|3,5,25,26,2,51508025,51508026
2015|youth_c|E10|51508|3,6,43,43,1,51508043,51508043
2015|youth_c|E10|51508|3,7,49,49,1,51508049,51508049
2015|youth_c|E10|51508|3,8,55,57,3,51508055,51508057
2015|youth_c|E10|51508|3,9,68,68,1,51508068,51508068
2015|youth_c|E10|51508|3,10,73,73,1,51508073,51508073
2015|youth_c|E10|51508|3,11,75,84,10,51508075,51508084
2015|youth_c|E10|51508|3,12,111,111,1,51508111,51508111
2015|youth_c|E10|51508|3,13,115,116,2,51508115,51508116
2015|youth_c|E10|51508|3,14,120,120,1,51508120,51508120
2015|youth_c|E10|51508|3,15,128,130,3,51508128,51508130
2015|youth_c|E10|51508|3,16,149,149,1,51508149,51508149
2015|youth_c|E10|51508|3,17,152,153,2,51508152,51508153
2015|youth_c|E10|51508|3,18,165,165,1,51508165,51508165
2015|youth_c|E10|51508|3,19,167,168,2,51508167,51508168
2015|youth_c|E10|51508|3,20,172,172,1,51508172,51508172
2015|youth_c|E10|51508|3,21,174,178,5,51508174,51508178
2015|youth_c|E10|51508|3,22,186,188,3,51508186,51508188
2015|youth_c|E10|51508|3,23,206,206,1,51508206,51508206
2015|youth_c|E10|51508|3,24,209,209,1,51508209,51508209
2015|youth_c|E10|51508|3,25,213,214,2,51508213,51508214
2015|youth_c|E10|51508|3,26,219,219,1,51508219,51508219
2015|youth_c|E10|51508|3,27,221,221,1,51508221,51508221
2015|youth_c|E10|51508|3,28,224,224,1,51508224,51508224
2015|youth_c|E10|51508|3,29,226,228,3,51508226,51508228
2015|youth_c|E10|51508|3,30,230,231,2,51508230,51508231
2015|youth_c|E10|51508|3,31,233,233,1,51508233,51508233
2015|youth_c|E10|51508|3,32,239,239,1,51508239,51508239
2015|youth_c|E10|51508|3,33,241,241,1,51508241,51508241
2015|youth_c|E10|51508|3,34,245,245,1,51508245,51508245
2015|youth_c|E10|51508|3,35,254,254,1,51508254,51508254
2015|youth_c|E10|51508|3,36,258,259,2,51508258,51508259
2015|youth_c|E10|51508|3,37,263,264,2,51508263,51508264
2015|youth_c|E10|51508|3,38,268,268,1,51508268,51508268
2015|youth_c|E10|51508|3,39,275,275,1,51508275,51508275
2015|youth_c|E10|51508|3,40,281,281,1,51508281,51508281
2015|youth_c|E10|51508|3,41,284,285,2,51508284,51508285
2015|youth_c|E10|51508|3,42,287,288,2,51508287,51508288
2015|youth_c|E10|51508|3,43,302,304,3,51508302,51508304
2015|youth_c|E10|51508|3,44,307,309,3,51508307,51508309
2015|youth_c|E10|51508|3,45,316,318,3,51508316,51508318
2015|youth_c|E10|51508|3,46,327,327,1,51508327,51508327
2015|youth_c|E10|51508|3,47,330,330,1,51508330,51508330
2015|youth_c|E10|51508|3,48,335,335,1,51508335,51508335
2015|youth_c|E10|51508|3,49,342,343,2,51508342,51508343
2015|youth_c|E10|51508|3,50,353,356,4,51508353,51508356
2015|youth_c|E10|51508|3,51,366,367,2,51508366,51508367
2015|youth_c|E10|51508|3,52,383,385,3,51508383,51508385
2015|youth_c|E10|51508|3,53,397,398,2,51508397,51508398
2015|youth_c|E10|51508|3,54,420,420,1,51508420,51508420
2015|youth_c|E10|51508|3,55,423,423,1,51508423,51508423
2015|youth_c|E10|51508|3,56,430,430,1,51508430,51508430
2015|youth_c|E10|51508|3,57,435,435,1,51508435,51508435
2015|youth_c|E10|51508|3,58,447,452,6,51508447,51508452
2015|youth_c|E10|51508|3,59,465,467,3,51508465,51508467
2015|youth_c|E10|51508|3,60,481,481,1,51508481,51508481
2015|youth_c|E10|51508|3,61,492,492,1,51508492,51508492
2015|youth_c|E10|51508|3,62,509,511,3,51508509,51508511
2015|youth_c|E10|51508|3,63,517,518,2,51508517,51508518
2015|youth_c|E10|51508|3,64,525,525,1,51508525,51508525
2015|youth_c|E10|51508|3,65,538,540,3,51508538,51508540
2015|youth_c|E10|51508|3,66,545,553,9,51508545,51508553
2015|youth_c|E10|51508|3,67,555,555,1,51508555,51508555
2015|youth_c|E10|51508|3,68,561,561,1,51508561,51508561
2015|youth_c|E10|51508|3,69,564,564,1,51508564,51508564
2015|youth_c|E10|51508|3,70,572,573,2,51508572,51508573
2015|youth_c|E10|51508|3,71,582,582,1,51508582,51508582
2015|youth_c|E10|51509|3,1,2,3,2,51509002,51509003
2015|youth_c|E10|51509|3,2,11,13,3,51509011,51509013
2015|youth_c|E10|51509|3,3,21,21,1,51509021,51509021
2015|youth_c|E10|51509|3,4,37,37,1,51509037,51509037
2015|youth_c|E10|51509|3,5,42,42,1,51509042,51509042
2015|youth_c|E10|51509|3,6,44,44,1,51509044,51509044
2015|youth_c|E10|51509|3,7,61,61,1,51509061,51509061
2015|youth_c|E10|51509|3,8,66,66,1,51509066,51509066
2015|youth_c|E10|51509|3,9,69,72,4,51509069,51509072
2015|youth_c|E10|51509|3,10,83,83,1,51509083,51509083
2015|youth_c|E10|51509|3,11,86,87,2,51509086,51509087
2015|youth_c|E10|51509|3,12,93,94,2,51509093,51509094
2015|youth_c|E10|51509|3,13,106,106,1,51509106,51509106
2015|youth_c|E10|51509|3,14,116,116,1,51509116,51509116
2015|youth_c|E10|51509|3,15,129,129,1,51509129,51509129
2015|youth_c|E10|51509|3,16,133,133,1,51509133,51509133
2015|youth_c|E10|51509|3,17,136,136,1,51509136,51509136
2015|youth_c|E10|51509|3,18,159,159,1,51509159,51509159
2015|youth_c|E10|51509|3,19,169,169,1,51509169,51509169
2015|youth_c|E10|51509|3,20,171,171,1,51509171,51509171
2015|youth_c|E10|51509|3,21,175,175,1,51509175,51509175
2015|youth_c|E10|51509|3,22,199,199,1,51509199,51509199
2015|youth_c|E10|51509|3,23,213,213,1,51509213,51509213
2015|youth_c|E10|51509|3,24,215,215,1,51509215,51509215
2015|youth_c|E10|51509|3,25,220,220,1,51509220,51509220
2015|youth_c|E10|51509|3,26,225,225,1,51509225,51509225
2015|youth_c|E10|51509|3,27,231,231,1,51509231,51509231
2015|youth_c|E10|51509|3,28,233,233,1,51509233,51509233
2015|youth_c|E10|51509|3,29,236,237,2,51509236,51509237
2015|youth_c|E10|51509|3,30,239,239,1,51509239,51509239
2015|youth_c|E10|51509|3,31,260,260,1,51509260,51509260
2015|youth_c|E10|51509|3,32,262,262,1,51509262,51509262
2015|youth_c|E10|51509|3,33,271,271,1,51509271,51509271
2015|youth_c|E11|51509|3,1,6,6,1,51509006,51509006
2015|youth_c|E11|51509|3,2,23,23,1,51509023,51509023
2015|youth_c|E11|51509|3,3,28,31,4,51509028,51509031
2015|youth_c|E11|51509|3,4,33,35,3,51509033,51509035
2015|youth_c|E11|51509|3,5,45,60,16,51509045,51509060
2015|youth_c|E11|51509|3,6,62,63,2,51509062,51509063
2015|youth_c|E11|51509|3,7,80,82,3,51509080,51509082
2015|youth_c|E11|51509|3,8,96,97,2,51509096,51509097
2015|youth_c|E11|51509|3,9,113,115,3,51509113,51509115
2015|youth_c|E11|51509|3,10,117,117,1,51509117,51509117
2015|youth_c|E11|51509|3,11,119,120,2,51509119,51509120
2015|youth_c|E11|51509|3,12,124,124,1,51509124,51509124
2015|youth_c|E11|51509|3,13,134,135,2,51509134,51509135
2015|youth_c|E11|51509|3,14,140,140,1,51509140,51509140
2015|youth_c|E11|51509|3,15,150,153,4,51509150,51509153
2015|youth_c|E11|51509|3,16,168,168,1,51509168,51509168
2015|youth_c|E11|51509|3,17,177,178,2,51509177,51509178
2015|youth_c|E11|51509|3,18,183,185,3,51509183,51509185
2015|youth_c|E11|51509|3,19,192,198,7,51509192,51509198
2015|youth_c|E11|51509|3,20,204,205,2,51509204,51509205
2015|youth_c|E11|51509|3,21,221,221,1,51509221,51509221
2015|youth_c|E11|51509|3,22,226,230,5,51509226,51509230
2015|youth_c|E11|51509|3,23,232,232,1,51509232,51509232
2015|youth_c|E11|51509|3,24,235,235,1,51509235,51509235
2015|youth_c|E11|51509|3,25,251,256,6,51509251,51509256
2015|youth_c|E11|51509|3,26,258,259,2,51509258,51509259
2016|general|E01|51671|3,1,1,219,219,51671001,51671219
2016|general|E02|51672|3,1,1,190,190,51672001,51672190
2016|general|E02|51672|3,2,192,315,124,51672192,51672315
2016|general|E03|51673|3,1,1,220,220,51673001,51673220
2016|general|E04|51674|3,1,1,305,305,51674001,51674305
2016|general|E05|51675|3,1,1,467,467,51675001,51675467
2016|general|E05|51675|3,2,469,540,72,51675469,51675540
2016|general|E06|51676|3,1,1,213,213,51676001,51676213
2016|general|E07|51677|3,1,1,195,195,51677001,51677195
2016|general|E08|51678|3,1,1,2,2,51678001,51678002
2016|general|E08|51678|3,2,4,5,2,51678004,51678005
2016|general|E08|51678|3,3,8,18,11,51678008,51678018
2016|general|E08|51678|3,4,21,24,4,51678021,51678024
2016|general|E08|51678|3,5,28,50,23,51678028,51678050
2016|general|E08|51678|3,6,58,58,1,51678058,51678058
2016|general|E08|51678|3,7,60,64,5,51678060,51678064
2016|general|E08|51678|3,8,66,79,14,51678066,51678079
2016|general|E08|51678|3,9,81,94,14,51678081,51678094
2016|general|E08|51678|3,10,96,117,22,51678096,51678117
2016|general|E08|51678|3,11,123,133,11,51678123,51678133
2016|general|E08|51678|3,12,135,158,24,51678135,51678158
2016|general|E08|51678|3,13,161,161,1,51678161,51678161
2016|general|E08|51678|3,14,164,173,10,51678164,51678173
2016|general|E08|51678|3,15,175,180,6,51678175,51678180
2016|general|E08|51678|3,16,190,212,23,51678190,51678212
2016|general|E08|51678|3,17,215,221,7,51678215,51678221
2016|general|E08|51678|3,18,223,224,2,51678223,51678224
2016|general|E08|51678|3,19,226,237,12,51678226,51678237
2016|general|E08|51678|3,20,239,244,6,51678239,51678244
2016|general|E08|51678|3,21,246,254,9,51678246,51678254
2016|general|E08|51678|3,22,256,269,14,51678256,51678269
2016|general|E08|51678|3,23,271,271,1,51678271,51678271
2016|general|E08|51678|3,24,274,275,2,51678274,51678275
2016|general|E08|51678|3,25,277,278,2,51678277,51678278
2016|general|E08|51678|3,26,282,284,3,51678282,51678284
2016|general|E08|51678|3,27,286,288,3,51678286,51678288
2016|general|E08|51678|3,28,292,305,14,51678292,51678305
2016|general|E08|51678|3,29,308,314,7,51678308,51678314
2016|general|E08|51678|3,30,316,322,7,51678316,51678322
2016|general|E08|51678|3,31,324,330,7,51678324,51678330
2016|general|E08|51678|3,32,339,348,10,51678339,51678348
2016|general|E08|51678|3,33,350,350,1,51678350,51678350
2016|general|E08|51678|3,34,352,352,1,51678352,51678352
2016|general|E08|51678|3,35,355,355,1,51678355,51678355
2016|general|E08|51678|3,36,358,376,19,51678358,51678376
2016|general|E08|51678|3,37,379,380,2,51678379,51678380
2016|general|E08|51678|3,38,382,386,5,51678382,51678386
2016|general|E08|51678|3,39,389,401,13,51678389,51678401
2016|general|E08|51678|3,40,403,407,5,51678403,51678407
2016|general|E08|51678|3,41,412,418,7,51678412,51678418
2016|general|E08|51678|3,42,430,470,41,51678430,51678470
2016|general|E08|51678|3,43,473,484,12,51678473,51678484
2016|general|E08|51678|3,44,486,510,25,51678486,51678510
2016|general|E08|51678|3,45,512,518,7,51678512,51678518
2016|general|E08|51678|3,46,521,526,6,51678521,51678526
2016|general|E08|51678|3,47,529,530,2,51678529,51678530
2016|general|E08|51678|3,48,532,545,14,51678532,51678545
2016|general|E08|51678|3,49,547,548,2,51678547,51678548
2016|general|E08|51678|3,50,550,550,1,51678550,51678550
2016|general|E08|51678|3,51,563,564,2,51678563,51678564
2016|general|E08|51678|3,52,566,579,14,51678566,51678579
2016|general|E09|51679|3,1,3,6,4,51679003,51679006
2016|general|E09|51679|3,2,10,13,4,51679010,51679013
2016|general|E09|51679|3,3,16,19,4,51679016,51679019
2016|general|E09|51679|3,4,26,30,5,51679026,51679030
2016|general|E09|51679|3,5,39,40,2,51679039,51679040
2016|general|E09|51679|3,6,42,42,1,51679042,51679042
2016|general|E09|51679|3,7,60,62,3,51679060,51679062
2016|general|E09|51679|3,8,65,78,14,51679065,51679078
2016|general|E09|51679|3,9,87,89,3,51679087,51679089
2016|general|E09|51679|3,10,91,95,5,51679091,51679095
2016|general|E09|51679|3,11,102,104,3,51679102,51679104
2016|general|E09|51679|3,12,108,111,4,51679108,51679111
2016|general|E09|51679|3,13,115,115,1,51679115,51679115
2016|general|E09|51679|3,14,117,117,1,51679117,51679117
2016|general|E09|51679|3,15,119,123,5,51679119,51679123
2016|general|E09|51679|3,16,127,129,3,51679127,51679129
2016|general|E09|51679|3,17,131,131,1,51679131,51679131
2016|general|E09|51679|3,18,134,136,3,51679134,51679136
2016|general|E09|51679|3,19,142,145,4,51679142,51679145
2016|general|E09|51679|3,20,147,151,5,51679147,51679151
2016|general|E09|51679|3,21,155,155,1,51679155,51679155
2016|general|E09|51679|3,22,157,159,3,51679157,51679159
2016|general|E09|51679|3,23,161,165,5,51679161,51679165
2016|general|E09|51679|3,24,171,175,5,51679171,51679175
2016|general|E09|51679|3,25,184,190,7,51679184,51679190
2016|general|E09|51679|3,26,193,200,8,51679193,51679200
2016|general|E09|51679|3,27,205,205,1,51679205,51679205
2016|general|E09|51679|3,28,207,209,3,51679207,51679209
2016|general|E09|51679|3,29,211,211,1,51679211,51679211
2016|general|E09|51679|3,30,215,215,1,51679215,51679215
2016|general|E09|51679|3,31,218,222,5,51679218,51679222
2016|general|E09|51679|3,32,227,227,1,51679227,51679227
2016|general|E09|51679|3,33,229,229,1,51679229,51679229
2016|general|E09|51679|3,34,231,238,8,51679231,51679238
2016|general|E09|51679|3,35,240,243,4,51679240,51679243
2016|general|E09|51679|3,36,249,249,1,51679249,51679249
2016|general|E09|51679|3,37,252,255,4,51679252,51679255
2016|general|E09|51679|3,38,259,265,7,51679259,51679265
2016|general|E10|51678|3,1,3,3,1,51678003,51678003
2016|general|E10|51678|3,2,6,7,2,51678006,51678007
2016|general|E10|51678|3,3,19,20,2,51678019,51678020
2016|general|E10|51678|3,4,25,27,3,51678025,51678027
2016|general|E10|51678|3,5,51,57,7,51678051,51678057
2016|general|E10|51678|3,6,59,59,1,51678059,51678059
2016|general|E10|51678|3,7,65,65,1,51678065,51678065
2016|general|E10|51678|3,8,80,80,1,51678080,51678080
2016|general|E10|51678|3,9,95,95,1,51678095,51678095
2016|general|E10|51678|3,10,118,122,5,51678118,51678122
2016|general|E10|51678|3,11,134,134,1,51678134,51678134
2016|general|E10|51678|3,12,159,160,2,51678159,51678160
2016|general|E10|51678|3,13,162,163,2,51678162,51678163
2016|general|E10|51678|3,14,174,174,1,51678174,51678174
2016|general|E10|51678|3,15,181,189,9,51678181,51678189
2016|general|E10|51678|3,16,213,214,2,51678213,51678214
2016|general|E10|51678|3,17,222,222,1,51678222,51678222
2016|general|E10|51678|3,18,225,225,1,51678225,51678225
2016|general|E10|51678|3,19,238,238,1,51678238,51678238
2016|general|E10|51678|3,20,245,245,1,51678245,51678245
2016|general|E10|51678|3,21,255,255,1,51678255,51678255
2016|general|E10|51678|3,22,270,270,1,51678270,51678270
2016|general|E10|51678|3,23,272,273,2,51678272,51678273
2016|general|E10|51678|3,24,276,276,1,51678276,51678276
2016|general|E10|51678|3,25,279,281,3,51678279,51678281
2016|general|E10|51678|3,26,285,285,1,51678285,51678285
2016|general|E10|51678|3,27,289,291,3,51678289,51678291
2016|general|E10|51678|3,28,306,307,2,51678306,51678307
2016|general|E10|51678|3,29,315,315,1,51678315,51678315
2016|general|E10|51678|3,30,323,323,1,51678323,51678323
2016|general|E10|51678|3,31,331,338,8,51678331,51678338
2016|general|E10|51678|3,32,349,349,1,51678349,51678349
2016|general|E10|51678|3,33,351,351,1,51678351,51678351
2016|general|E10|51678|3,34,353,354,2,51678353,51678354
2016|general|E10|51678|3,35,356,357,2,51678356,51678357
2016|general|E10|51678|3,36,377,378,2,51678377,51678378
2016|general|E10|51678|3,37,381,381,1,51678381,51678381
2016|general|E10|51678|3,38,387,388,2,51678387,51678388
2016|general|E10|51678|3,39,402,402,1,51678402,51678402
2016|general|E10|51678|3,40,408,411,4,51678408,51678411
2016|general|E10|51678|3,41,419,429,11,51678419,51678429
2016|general|E10|51678|3,42,471,472,2,51678471,51678472
2016|general|E10|51678|3,43,485,485,1,51678485,51678485
2016|general|E10|51678|3,44,511,511,1,51678511,51678511
2016|general|E10|51678|3,45,519,520,2,51678519,51678520
2016|general|E10|51678|3,46,527,528,2,51678527,51678528
2016|general|E10|51678|3,47,531,531,1,51678531,51678531
2016|general|E10|51678|3,48,546,546,1,51678546,51678546
2016|general|E10|51678|3,49,549,549,1,51678549,51678549
2016|general|E10|51678|3,50,551,562,12,51678551,51678562
2016|general|E10|51678|3,51,565,565,1,51678565,51678565
2016|general|E10|51679|3,1,1,2,2,51679001,51679002
2016|general|E10|51679|3,2,7,9,3,51679007,51679009
2016|general|E10|51679|3,3,41,41,1,51679041,51679041
2016|general|E10|51679|3,4,63,64,2,51679063,51679064
2016|general|E10|51679|3,5,82,86,5,51679082,51679086
2016|general|E10|51679|3,6,90,90,1,51679090,51679090
2016|general|E10|51679|3,7,118,118,1,51679118,51679118
2016|general|E10|51679|3,8,126,126,1,51679126,51679126
2016|general|E10|51679|3,9,130,130,1,51679130,51679130
2016|general|E10|51679|3,10,140,141,2,51679140,51679141
2016|general|E10|51679|3,11,146,146,1,51679146,51679146
2016|general|E10|51679|3,12,152,154,3,51679152,51679154
2016|general|E10|51679|3,13,156,156,1,51679156,51679156
2016|general|E10|51679|3,14,160,160,1,51679160,51679160
2016|general|E10|51679|3,15,168,170,3,51679168,51679170
2016|general|E10|51679|3,16,191,192,2,51679191,51679192
2016|general|E10|51679|3,17,206,206,1,51679206,51679206
2016|general|E10|51679|3,18,210,210,1,51679210,51679210
2016|general|E10|51679|3,19,226,226,1,51679226,51679226
2016|general|E10|51679|3,20,228,228,1,51679228,51679228
2016|general|E10|51679|3,21,230,230,1,51679230,51679230
2016|general|E10|51679|3,22,239,239,1,51679239,51679239
2016|general|E10|51679|3,23,256,258,3,51679256,51679258
2016|general|E11|51679|3,1,14,15,2,51679014,51679015
2016|general|E11|51679|3,2,20,25,6,51679020,51679025
2016|general|E11|51679|3,3,31,38,8,51679031,51679038
2016|general|E11|51679|3,4,43,59,17,51679043,51679059
2016|general|E11|51679|3,5,79,81,3,51679079,51679081
2016|general|E11|51679|3,6,96,101,6,51679096,51679101
2016|general|E11|51679|3,7,105,107,3,51679105,51679107
2016|general|E11|51679|3,8,112,114,3,51679112,51679114
2016|general|E11|51679|3,9,116,116,1,51679116,51679116
2016|general|E11|51679|3,10,124,125,2,51679124,51679125
2016|general|E11|51679|3,11,132,133,2,51679132,51679133
2016|general|E11|51679|3,12,137,139,3,51679137,51679139
2016|general|E11|51679|3,13,166,167,2,51679166,51679167
2016|general|E11|51679|3,14,176,183,8,51679176,51679183
2016|general|E11|51679|3,15,201,204,4,51679201,51679204
2016|general|E11|51679|3,16,212,214,3,51679212,51679214
2016|general|E11|51679|3,17,216,217,2,51679216,51679217
2016|general|E11|51679|3,18,223,225,3,51679223,51679225
2016|general|E11|51679|3,19,244,248,5,51679244,51679248
2016|general|E11|51679|3,20,250,251,2,51679250,51679251
2016|joint_fund|E01|U1608|3,1,257,257,1,U1608257,U1608257
2016|joint_fund|E01|U1610|3,1,253,253,1,U1610253,U1610253
2016|joint_fund|E01|U1610|3,2,256,256,1,U1610256,U1610256
2016|joint_fund|E01|U1637|3,1,201,201,1,U1637201,U1637201
2016|joint_fund|E01|U1664|3,1,253,253,1,U1664253,U1664253
2016|joint_fund|E02|U1610|3,1,114,115,2,U1610114,U1610115
2016|joint_fund|E02|U1610|3,2,119,119,1,U1610119,U1610119
2016|joint_fund|E02|U1610|3,3,252,252,1,U1610252,U1610252
2016|joint_fund|E02|U1610|3,4,255,255,1,U1610255,U1610255
2016|joint_fund|E02|U1637|3,1,202,202,1,U1637202,U1637202
2016|joint_fund|E02|U1664|3,1,255,256,2,U1664255,U1664256
2016|joint_fund|E02|U1664|3,2,259,259,1,U1664259,U1664259
2016|joint_fund|E03|U1608|3,1,255,255,1,U1608255,U1608255
2016|joint_fund|E03|U1664|3,1,251,251,1,U1664251,U1664251
2016|joint_fund|E04|U1608|3,1,252,252,1,U1608252,U1608252
2016|joint_fund|E04|U1608|3,2,254,254,1,U1608254,U1608254
2016|joint_fund|E04|U1610|3,1,120,120,1,U1610120,U1610120
2016|joint_fund|E04|U1610|3,2,123,123,1,U1610123,U1610123
2016|joint_fund|E04|U1610|3,3,251,251,1,U1610251,U1610251
2016|joint_fund|E04|U1660|3,1,101,118,18,U1660101,U1660118
2016|joint_fund|E04|U1660|3,2,201,206,6,U1660201,U1660206
2016|joint_fund|E04|U1664|3,1,254,254,1,U1664254,U1664254
2016|joint_fund|E05|U1608|3,1,251,251,1,U1608251,U1608251
2016|joint_fund|E05|U1608|3,2,253,253,1,U1608253,U1608253
2016|joint_fund|E05|U1608|3,3,256,256,1,U1608256,U1608256
2016|joint_fund|E05|U1608|3,4,259,259,1,U1608259,U1608259
2016|joint_fund|E05|U1609|3,1,205,209,5,U1609205,U1609209
2016|joint_fund|E05|U1610|3,1,109,109,1,U1610109,U1610109
2016|joint_fund|E05|U1610|3,2,111,113,3,U1610111,U1610113
2016|joint_fund|E05|U1610|3,3,118,118,1,U1610118,U1610118
2016|joint_fund|E05|U1610|3,4,124,124,1,U1610124,U1610124
2016|joint_fund|E05|U1613|3,1,201,208,8,U1613201,U1613208
2016|joint_fund|E05|U1637|3,1,101,108,8,U1637101,U1637108
2016|joint_fund|E05|U1637|3,2,203,212,10,U1637203,U1637212
2016|joint_fund|E05|U1637|3,3,601,601,1,U1637601,U1637601
2016|joint_fund|E05|U1664|3,1,252,252,1,U1664252,U1664252
2016|joint_fund|E05|U1664|3,2,258,258,1,U1664258,U1664258
2016|joint_fund|E06|U1608|3,1,258,258,1,U1608258,U1608258
2016|joint_fund|E06|U1610|3,1,110,110,1,U1610110,U1610110
2016|joint_fund|E06|U1610|3,2,116,117,2,U1610116,U1610117
2016|joint_fund|E06|U1610|3,3,254,254,1,U1610254,U1610254
2016|joint_fund|E07|U1610|3,1,121,122,2,U1610121,U1610122
2016|key|E01|51631|3,1,1,9,9,51631001,51631009
2016|key|E02|51632|3,1,1,10,10,51632001,51632010
2016|key|E03|51633|3,1,1,9,9,51633001,51633009
2016|key|E04|51634|3,1,1,4,4,51634001,51634004
2016|key|E04|51634|3,2,6,10,5,51634006,51634010
2016|key|E05|51635|3,1,1,11,11,51635001,51635011
2016|key|E06|51636|3,1,1,9,9,51636001,51636009
2016|key|E07|51637|3,1,1,10,10,51637001,51637010
2016|key|E08|51638|3,1,2,4,3,51638002,51638004
2016|key|E08|51638|3,2,7,10,4,51638007,51638010
2016|key|E08|51638|3,3,12,13,2,51638012,51638013
2016|key|E09|51639|3,1,2,2,1,51639002,51639002
2016|key|E09|51639|3,2,5,9,5,51639005,51639009
2016|key|E10|51638|3,1,1,1,1,51638001,51638001
2016|key|E10|51638|3,2,5,6,2,51638005,51638006
2016|key|E10|51638|3,3,11,11,1,51638011,51638011
2016|key|E10|51639|3,1,1,1,1,51639001,51639001
2016|key|E11|51639|3,1,3,4,2,51639003,51639004
2016|major_research_plan|E02|91622|3,1,122,126,5,91622122,91622126
2016|major_research_plan|E04|91634|3,1,106,106,1,91634106,91634106
2016|major_research_plan|E04|91634|3,2,111,111,1,91634111,91634111
2016|major_research_plan|E05|91623|3,1,0,0,1,91623000,91623000
2016|major_research_plan|E05|91623|3,2,104,106,3,91623104,91623106
2016|major_research_plan|E05|91648|3,1,0,0,1,91648000,91648000
2016|major_research_plan|E05|91648|3,2,102,115,14,91648102,91648115
2016|major_research_plan|E05|91648|3,3,201,203,3,91648201,91648203
2016|major_research_plan|E06|91634|3,1,114,114,1,91634114,91634114
2016|major_research_plan|E06|91641|3,1,0,0,1,91641000,91641000
2016|major_research_plan|E06|91641|3,2,101,103,3,91641101,91641103
2016|major_research_plan|E06|91641|3,3,105,106,2,91641105,91641106
2016|major_research_plan|E06|91641|3,4,109,119,11,91641109,91641119
2016|major_research_plan|E06|91641|3,5,122,122,1,91641122,91641122
2016|major_research_plan|E06|91641|3,6,124,126,3,91641124,91641126
2016|major_research_plan|E06|91641|3,7,129,131,3,91641129,91641131
2016|major_research_plan|E06|91641|3,8,201,205,5,91641201,91641205
2016|major_research_plan|E09|91647|3,1,0,0,1,91647000,91647000
2016|major_research_plan|E09|91647|3,2,106,114,9,91647106,91647114
2016|major_research_plan|E09|91647|3,3,117,118,2,91647117,91647118
2016|major_research_plan|E09|91647|3,4,201,205,5,91647201,91647205
2016|major_research_plan|E09|91647|3,5,209,212,4,91647209,91647212
2016|major_research_plan|E10|91644|3,1,110,110,1,91644110,91644110
2016|major_research_plan|E10|91647|3,1,115,116,2,91647115,91647116
2016|major_research_plan|E10|91647|3,2,206,208,3,91647206,91647208
2016|regional|E01|51661|3,1,1,33,33,51661001,51661033
2016|regional|E02|51662|3,1,1,2,2,51662001,51662002
2016|regional|E02|51662|3,2,4,39,36,51662004,51662039
2016|regional|E03|51663|3,1,1,22,22,51663001,51663022
2016|regional|E04|51664|3,1,1,47,47,51664001,51664047
2016|regional|E05|51665|3,1,1,58,58,51665001,51665058
2016|regional|E06|51666|3,1,1,8,8,51666001,51666008
2016|regional|E06|51666|3,2,10,18,9,51666010,51666018
2016|regional|E07|51667|3,1,1,21,21,51667001,51667021
2016|regional|E08|51668|3,1,1,4,4,51668001,51668004
2016|regional|E08|51668|3,2,7,12,6,51668007,51668012
2016|regional|E08|51668|3,3,15,21,7,51668015,51668021
2016|regional|E08|51668|3,4,24,25,2,51668024,51668025
2016|regional|E08|51668|3,5,27,30,4,51668027,51668030
2016|regional|E08|51668|3,6,35,43,9,51668035,51668043
2016|regional|E08|51668|3,7,45,45,1,51668045,51668045
2016|regional|E08|51668|3,8,48,55,8,51668048,51668055
2016|regional|E08|51668|3,9,57,61,5,51668057,51668061
2016|regional|E08|51668|3,10,63,66,4,51668063,51668066
2016|regional|E08|51668|3,11,68,68,1,51668068,51668068
2016|regional|E09|51669|3,1,1,10,10,51669001,51669010
2016|regional|E09|51669|3,2,12,20,9,51669012,51669020
2016|regional|E09|51669|3,3,24,27,4,51669024,51669027
2016|regional|E09|51669|3,4,30,35,6,51669030,51669035
2016|regional|E10|51668|3,1,5,6,2,51668005,51668006
2016|regional|E10|51668|3,2,13,14,2,51668013,51668014
2016|regional|E10|51668|3,3,22,23,2,51668022,51668023
2016|regional|E10|51668|3,4,26,26,1,51668026,51668026
2016|regional|E10|51668|3,5,31,34,4,51668031,51668034
2016|regional|E10|51668|3,6,44,44,1,51668044,51668044
2016|regional|E10|51668|3,7,46,47,2,51668046,51668047
2016|regional|E10|51668|3,8,56,56,1,51668056,51668056
2016|regional|E10|51668|3,9,62,62,1,51668062,51668062
2016|regional|E10|51668|3,10,67,67,1,51668067,51668067
2016|regional|E10|51669|3,1,11,11,1,51669011,51669011
2016|regional|E10|51669|3,2,21,23,3,51669021,51669023
2016|regional|E10|51669|3,3,28,28,1,51669028,51669028
2016|youth_c|E01|51601|3,1,1,95,95,51601001,51601095
2016|youth_c|E01|51601|3,2,97,229,133,51601097,51601229
2016|youth_c|E02|51602|3,1,1,157,157,51602001,51602157
2016|youth_c|E02|51602|3,2,159,358,200,51602159,51602358
2016|youth_c|E03|51603|3,1,1,236,236,51603001,51603236
2016|youth_c|E04|51604|3,1,1,145,145,51604001,51604145
2016|youth_c|E04|51604|3,2,147,311,165,51604147,51604311
2016|youth_c|E05|51605|3,1,1,245,245,51605001,51605245
2016|youth_c|E05|51605|3,2,247,447,201,51605247,51605447
2016|youth_c|E05|51605|3,3,449,499,51,51605449,51605499
2016|youth_c|E06|51606|3,1,1,227,227,51606001,51606227
2016|youth_c|E07|51607|3,1,1,188,188,51607001,51607188
2016|youth_c|E08|51608|3,1,1,1,1,51608001,51608001
2016|youth_c|E08|51608|3,2,3,5,3,51608003,51608005
2016|youth_c|E08|51608|3,3,7,10,4,51608007,51608010
2016|youth_c|E08|51608|3,4,12,12,1,51608012,51608012
2016|youth_c|E08|51608|3,5,14,25,12,51608014,51608025
2016|youth_c|E08|51608|3,6,27,35,9,51608027,51608035
2016|youth_c|E08|51608|3,7,40,49,10,51608040,51608049
2016|youth_c|E08|51608|3,8,51,51,1,51608051,51608051
2016|youth_c|E08|51608|3,9,53,60,8,51608053,51608060
2016|youth_c|E08|51608|3,10,62,66,5,51608062,51608066
2016|youth_c|E08|51608|3,11,68,76,9,51608068,51608076
2016|youth_c|E08|51608|3,12,80,85,6,51608080,51608085
2016|youth_c|E08|51608|3,13,87,92,6,51608087,51608092
2016|youth_c|E08|51608|3,14,94,96,3,51608094,51608096
2016|youth_c|E08|51608|3,15,98,98,1,51608098,51608098
2016|youth_c|E08|51608|3,16,100,101,2,51608100,51608101
2016|youth_c|E08|51608|3,17,103,108,6,51608103,51608108
2016|youth_c|E08|51608|3,18,110,120,11,51608110,51608120
2016|youth_c|E08|51608|3,19,122,128,7,51608122,51608128
2016|youth_c|E08|51608|3,20,130,132,3,51608130,51608132
2016|youth_c|E08|51608|3,21,135,139,5,51608135,51608139
2016|youth_c|E08|51608|3,22,141,141,1,51608141,51608141
2016|youth_c|E08|51608|3,23,144,147,4,51608144,51608147
2016|youth_c|E08|51608|3,24,151,153,3,51608151,51608153
2016|youth_c|E08|51608|3,25,156,164,9,51608156,51608164
2016|youth_c|E08|51608|3,26,168,174,7,51608168,51608174
2016|youth_c|E08|51608|3,27,176,193,18,51608176,51608193
2016|youth_c|E08|51608|3,28,195,197,3,51608195,51608197
2016|youth_c|E08|51608|3,29,199,202,4,51608199,51608202
2016|youth_c|E08|51608|3,30,204,207,4,51608204,51608207
2016|youth_c|E08|51608|3,31,209,214,6,51608209,51608214
2016|youth_c|E08|51608|3,32,218,222,5,51608218,51608222
2016|youth_c|E08|51608|3,33,224,224,1,51608224,51608224
2016|youth_c|E08|51608|3,34,227,227,1,51608227,51608227
2016|youth_c|E08|51608|3,35,229,229,1,51608229,51608229
2016|youth_c|E08|51608|3,36,231,231,1,51608231,51608231
2016|youth_c|E08|51608|3,37,233,240,8,51608233,51608240
2016|youth_c|E08|51608|3,38,243,245,3,51608243,51608245
2016|youth_c|E08|51608|3,39,248,249,2,51608248,51608249
2016|youth_c|E08|51608|3,40,251,252,2,51608251,51608252
2016|youth_c|E08|51608|3,41,258,259,2,51608258,51608259
2016|youth_c|E08|51608|3,42,262,268,7,51608262,51608268
2016|youth_c|E08|51608|3,43,270,271,2,51608270,51608271
2016|youth_c|E08|51608|3,44,273,273,1,51608273,51608273
2016|youth_c|E08|51608|3,45,278,278,1,51608278,51608278
2016|youth_c|E08|51608|3,46,280,283,4,51608280,51608283
2016|youth_c|E08|51608|3,47,285,290,6,51608285,51608290
2016|youth_c|E08|51608|3,48,292,297,6,51608292,51608297
2016|youth_c|E08|51608|3,49,300,303,4,51608300,51608303
2016|youth_c|E08|51608|3,50,305,313,9,51608305,51608313
2016|youth_c|E08|51608|3,51,316,318,3,51608316,51608318
2016|youth_c|E08|51608|3,52,320,321,2,51608320,51608321
2016|youth_c|E08|51608|3,53,323,324,2,51608323,51608324
2016|youth_c|E08|51608|3,54,326,328,3,51608326,51608328
2016|youth_c|E08|51608|3,55,331,332,2,51608331,51608332
2016|youth_c|E08|51608|3,56,334,338,5,51608334,51608338
2016|youth_c|E08|51608|3,57,340,340,1,51608340,51608340
2016|youth_c|E08|51608|3,58,343,344,2,51608343,51608344
2016|youth_c|E08|51608|3,59,346,348,3,51608346,51608348
2016|youth_c|E08|51608|3,60,351,360,10,51608351,51608360
2016|youth_c|E08|51608|3,61,363,371,9,51608363,51608371
2016|youth_c|E08|51608|3,62,376,395,20,51608376,51608395
2016|youth_c|E08|51608|3,63,397,399,3,51608397,51608399
2016|youth_c|E08|51608|3,64,401,411,11,51608401,51608411
2016|youth_c|E08|51608|3,65,413,426,14,51608413,51608426
2016|youth_c|E08|51608|3,66,432,443,12,51608432,51608443
2016|youth_c|E08|51608|3,67,445,447,3,51608445,51608447
2016|youth_c|E08|51608|3,68,449,463,15,51608449,51608463
2016|youth_c|E08|51608|3,69,469,473,5,51608469,51608473
2016|youth_c|E08|51608|3,70,476,478,3,51608476,51608478
2016|youth_c|E08|51608|3,71,481,496,16,51608481,51608496
2016|youth_c|E08|51608|3,72,511,512,2,51608511,51608512
2016|youth_c|E08|51608|3,73,518,518,1,51608518,51608518
2016|youth_c|E08|51608|3,74,520,522,3,51608520,51608522
2016|youth_c|E08|51608|3,75,524,530,7,51608524,51608530
2016|youth_c|E08|51608|3,76,532,535,4,51608532,51608535
2016|youth_c|E08|51608|3,77,537,545,9,51608537,51608545
2016|youth_c|E08|51608|3,78,548,548,1,51608548,51608548
2016|youth_c|E09|51609|3,1,2,4,3,51609002,51609004
2016|youth_c|E09|51609|3,2,6,8,3,51609006,51609008
2016|youth_c|E09|51609|3,3,11,21,11,51609011,51609021
2016|youth_c|E09|51609|3,4,25,25,1,51609025,51609025
2016|youth_c|E09|51609|3,5,27,27,1,51609027,51609027
2016|youth_c|E09|51609|3,6,38,41,4,51609038,51609041
2016|youth_c|E09|51609|3,7,57,57,1,51609057,51609057
2016|youth_c|E09|51609|3,8,59,65,7,51609059,51609065
2016|youth_c|E09|51609|3,9,67,75,9,51609067,51609075
2016|youth_c|E09|51609|3,10,80,84,5,51609080,51609084
2016|youth_c|E09|51609|3,11,86,88,3,51609086,51609088
2016|youth_c|E09|51609|3,12,93,99,7,51609093,51609099
2016|youth_c|E09|51609|3,13,102,107,6,51609102,51609107
2016|youth_c|E09|51609|3,14,111,114,4,51609111,51609114
2016|youth_c|E09|51609|3,15,117,119,3,51609117,51609119
2016|youth_c|E09|51609|3,16,121,122,2,51609121,51609122
2016|youth_c|E09|51609|3,17,124,124,1,51609124,51609124
2016|youth_c|E09|51609|3,18,126,130,5,51609126,51609130
2016|youth_c|E09|51609|3,19,136,141,6,51609136,51609141
2016|youth_c|E09|51609|3,20,146,150,5,51609146,51609150
2016|youth_c|E09|51609|3,21,153,154,2,51609153,51609154
2016|youth_c|E09|51609|3,22,160,165,6,51609160,51609165
2016|youth_c|E09|51609|3,23,167,167,1,51609167,51609167
2016|youth_c|E09|51609|3,24,170,184,15,51609170,51609184
2016|youth_c|E09|51609|3,25,196,200,5,51609196,51609200
2016|youth_c|E09|51609|3,26,203,204,2,51609203,51609204
2016|youth_c|E09|51609|3,27,208,210,3,51609208,51609210
2016|youth_c|E09|51609|3,28,212,218,7,51609212,51609218
2016|youth_c|E09|51609|3,29,230,231,2,51609230,51609231
2016|youth_c|E09|51609|3,30,233,233,1,51609233,51609233
2016|youth_c|E09|51609|3,31,237,237,1,51609237,51609237
2016|youth_c|E09|51609|3,32,240,249,10,51609240,51609249
2016|youth_c|E09|51609|3,33,254,254,1,51609254,51609254
2016|youth_c|E09|51609|3,34,256,262,7,51609256,51609262
2016|youth_c|E09|51609|3,35,264,266,3,51609264,51609266
2016|youth_c|E09|51609|3,36,270,270,1,51609270,51609270
2016|youth_c|E10|51608|3,1,2,2,1,51608002,51608002
2016|youth_c|E10|51608|3,2,6,6,1,51608006,51608006
2016|youth_c|E10|51608|3,3,11,11,1,51608011,51608011
2016|youth_c|E10|51608|3,4,13,13,1,51608013,51608013
2016|youth_c|E10|51608|3,5,26,26,1,51608026,51608026
2016|youth_c|E10|51608|3,6,36,39,4,51608036,51608039
2016|youth_c|E10|51608|3,7,50,50,1,51608050,51608050
2016|youth_c|E10|51608|3,8,52,52,1,51608052,51608052
2016|youth_c|E10|51608|3,9,61,61,1,51608061,51608061
2016|youth_c|E10|51608|3,10,67,67,1,51608067,51608067
2016|youth_c|E10|51608|3,11,77,79,3,51608077,51608079
2016|youth_c|E10|51608|3,12,86,86,1,51608086,51608086
2016|youth_c|E10|51608|3,13,93,93,1,51608093,51608093
2016|youth_c|E10|51608|3,14,97,97,1,51608097,51608097
2016|youth_c|E10|51608|3,15,99,99,1,51608099,51608099
2016|youth_c|E10|51608|3,16,102,102,1,51608102,51608102
2016|youth_c|E10|51608|3,17,109,109,1,51608109,51608109
2016|youth_c|E10|51608|3,18,121,121,1,51608121,51608121
2016|youth_c|E10|51608|3,19,129,129,1,51608129,51608129
2016|youth_c|E10|51608|3,20,133,134,2,51608133,51608134
2016|youth_c|E10|51608|3,21,140,140,1,51608140,51608140
2016|youth_c|E10|51608|3,22,142,143,2,51608142,51608143
2016|youth_c|E10|51608|3,23,148,150,3,51608148,51608150
2016|youth_c|E10|51608|3,24,154,155,2,51608154,51608155
2016|youth_c|E10|51608|3,25,165,167,3,51608165,51608167
2016|youth_c|E10|51608|3,26,175,175,1,51608175,51608175
2016|youth_c|E10|51608|3,27,194,194,1,51608194,51608194
2016|youth_c|E10|51608|3,28,198,198,1,51608198,51608198
2016|youth_c|E10|51608|3,29,203,203,1,51608203,51608203
2016|youth_c|E10|51608|3,30,208,208,1,51608208,51608208
2016|youth_c|E10|51608|3,31,215,217,3,51608215,51608217
2016|youth_c|E10|51608|3,32,223,223,1,51608223,51608223
2016|youth_c|E10|51608|3,33,225,226,2,51608225,51608226
2016|youth_c|E10|51608|3,34,228,228,1,51608228,51608228
2016|youth_c|E10|51608|3,35,230,230,1,51608230,51608230
2016|youth_c|E10|51608|3,36,232,232,1,51608232,51608232
2016|youth_c|E10|51608|3,37,241,242,2,51608241,51608242
2016|youth_c|E10|51608|3,38,246,247,2,51608246,51608247
2016|youth_c|E10|51608|3,39,250,250,1,51608250,51608250
2016|youth_c|E10|51608|3,40,253,257,5,51608253,51608257
2016|youth_c|E10|51608|3,41,260,261,2,51608260,51608261
2016|youth_c|E10|51608|3,42,269,269,1,51608269,51608269
2016|youth_c|E10|51608|3,43,272,272,1,51608272,51608272
2016|youth_c|E10|51608|3,44,274,277,4,51608274,51608277
2016|youth_c|E10|51608|3,45,279,279,1,51608279,51608279
2016|youth_c|E10|51608|3,46,284,284,1,51608284,51608284
2016|youth_c|E10|51608|3,47,291,291,1,51608291,51608291
2016|youth_c|E10|51608|3,48,298,299,2,51608298,51608299
2016|youth_c|E10|51608|3,49,304,304,1,51608304,51608304
2016|youth_c|E10|51608|3,50,314,315,2,51608314,51608315
2016|youth_c|E10|51608|3,51,319,319,1,51608319,51608319
2016|youth_c|E10|51608|3,52,322,322,1,51608322,51608322
2016|youth_c|E10|51608|3,53,325,325,1,51608325,51608325
2016|youth_c|E10|51608|3,54,329,330,2,51608329,51608330
2016|youth_c|E10|51608|3,55,333,333,1,51608333,51608333
2016|youth_c|E10|51608|3,56,339,339,1,51608339,51608339
2016|youth_c|E10|51608|3,57,341,342,2,51608341,51608342
2016|youth_c|E10|51608|3,58,345,345,1,51608345,51608345
2016|youth_c|E10|51608|3,59,349,350,2,51608349,51608350
2016|youth_c|E10|51608|3,60,361,362,2,51608361,51608362
2016|youth_c|E10|51608|3,61,372,375,4,51608372,51608375
2016|youth_c|E10|51608|3,62,396,396,1,51608396,51608396
2016|youth_c|E10|51608|3,63,400,400,1,51608400,51608400
2016|youth_c|E10|51608|3,64,412,412,1,51608412,51608412
2016|youth_c|E10|51608|3,65,427,431,5,51608427,51608431
2016|youth_c|E10|51608|3,66,444,444,1,51608444,51608444
2016|youth_c|E10|51608|3,67,448,448,1,51608448,51608448
2016|youth_c|E10|51608|3,68,464,468,5,51608464,51608468
2016|youth_c|E10|51608|3,69,474,475,2,51608474,51608475
2016|youth_c|E10|51608|3,70,479,480,2,51608479,51608480
2016|youth_c|E10|51608|3,71,497,510,14,51608497,51608510
2016|youth_c|E10|51608|3,72,513,517,5,51608513,51608517
2016|youth_c|E10|51608|3,73,519,519,1,51608519,51608519
2016|youth_c|E10|51608|3,74,523,523,1,51608523,51608523
2016|youth_c|E10|51608|3,75,531,531,1,51608531,51608531
2016|youth_c|E10|51608|3,76,536,536,1,51608536,51608536
2016|youth_c|E10|51608|3,77,546,547,2,51608546,51608547
2016|youth_c|E10|51609|3,1,1,1,1,51609001,51609001
2016|youth_c|E10|51609|3,2,5,5,1,51609005,51609005
2016|youth_c|E10|51609|3,3,9,10,2,51609009,51609010
2016|youth_c|E10|51609|3,4,23,24,2,51609023,51609024
2016|youth_c|E10|51609|3,5,26,26,1,51609026,51609026
2016|youth_c|E10|51609|3,6,28,28,1,51609028,51609028
2016|youth_c|E10|51609|3,7,42,42,1,51609042,51609042
2016|youth_c|E10|51609|3,8,58,58,1,51609058,51609058
2016|youth_c|E10|51609|3,9,66,66,1,51609066,51609066
2016|youth_c|E10|51609|3,10,85,85,1,51609085,51609085
2016|youth_c|E10|51609|3,11,100,100,1,51609100,51609100
2016|youth_c|E10|51609|3,12,116,116,1,51609116,51609116
2016|youth_c|E10|51609|3,13,125,125,1,51609125,51609125
2016|youth_c|E10|51609|3,14,142,145,4,51609142,51609145
2016|youth_c|E10|51609|3,15,155,159,5,51609155,51609159
2016|youth_c|E10|51609|3,16,166,166,1,51609166,51609166
2016|youth_c|E10|51609|3,17,205,205,1,51609205,51609205
2016|youth_c|E10|51609|3,18,207,207,1,51609207,51609207
2016|youth_c|E10|51609|3,19,225,225,1,51609225,51609225
2016|youth_c|E10|51609|3,20,229,229,1,51609229,51609229
2016|youth_c|E10|51609|3,21,234,235,2,51609234,51609235
2016|youth_c|E10|51609|3,22,238,239,2,51609238,51609239
2016|youth_c|E10|51609|3,23,255,255,1,51609255,51609255
2016|youth_c|E10|51609|3,24,263,263,1,51609263,51609263
2016|youth_c|E10|51609|3,25,268,268,1,51609268,51609268
2016|youth_c|E10|51609|3,26,271,271,1,51609271,51609271
2016|youth_c|E11|51609|3,1,22,22,1,51609022,51609022
2016|youth_c|E11|51609|3,2,29,37,9,51609029,51609037
2016|youth_c|E11|51609|3,3,43,56,14,51609043,51609056
2016|youth_c|E11|51609|3,4,76,79,4,51609076,51609079
2016|youth_c|E11|51609|3,5,89,92,4,51609089,51609092
2016|youth_c|E11|51609|3,6,101,101,1,51609101,51609101
2016|youth_c|E11|51609|3,7,108,110,3,51609108,51609110
2016|youth_c|E11|51609|3,8,115,115,1,51609115,51609115
2016|youth_c|E11|51609|3,9,120,120,1,51609120,51609120
2016|youth_c|E11|51609|3,10,131,135,5,51609131,51609135
2016|youth_c|E11|51609|3,11,151,152,2,51609151,51609152
2016|youth_c|E11|51609|3,12,168,169,2,51609168,51609169
2016|youth_c|E11|51609|3,13,185,195,11,51609185,51609195
2016|youth_c|E11|51609|3,14,201,202,2,51609201,51609202
2016|youth_c|E11|51609|3,15,206,206,1,51609206,51609206
2016|youth_c|E11|51609|3,16,211,211,1,51609211,51609211
2016|youth_c|E11|51609|3,17,219,224,6,51609219,51609224
2016|youth_c|E11|51609|3,18,226,228,3,51609226,51609228
2016|youth_c|E11|51609|3,19,232,232,1,51609232,51609232
2016|youth_c|E11|51609|3,20,236,236,1,51609236,51609236
2016|youth_c|E11|51609|3,21,250,253,4,51609250,51609253
2016|youth_c|E11|51609|3,22,267,267,1,51609267,51609267
2016|youth_c|E11|51609|3,23,269,269,1,51609269,51609269
2017|general|E01|51771|3,1,1,186,186,51771001,51771186
2017|general|E01|51771|3,2,188,238,51,51771188,51771238
2017|general|E02|51772|3,1,1,339,339,51772001,51772339
2017|general|E03|51773|3,1,1,231,231,51773001,51773231
2017|general|E04|51774|3,1,1,188,188,51774001,51774188
2017|general|E04|51774|3,2,190,344,155,51774190,51774344
2017|general|E05|51775|3,1,1,529,529,51775001,51775529
2017|general|E05|51775|3,2,531,565,35,51775531,51775565
2017|general|E06|51776|3,1,1,228,228,51776001,51776228
2017|general|E07|51777|3,1,1,217,217,51777001,51777217
2017|general|E08|51778|3,1,1,5,5,51778001,51778005
2017|general|E08|51778|3,2,8,10,3,51778008,51778010
2017|general|E08|51778|3,3,16,29,14,51778016,51778029
2017|general|E08|51778|3,4,32,39,8,51778032,51778039
2017|general|E08|51778|3,5,41,51,11,51778041,51778051
2017|general|E08|51778|3,6,53,53,1,51778053,51778053
2017|general|E08|51778|3,7,58,61,4,51778058,51778061
2017|general|E08|51778|3,8,63,81,19,51778063,51778081
2017|general|E08|51778|3,9,85,97,13,51778085,51778097
2017|general|E08|51778|3,10,99,100,2,51778099,51778100
2017|general|E08|51778|3,11,102,113,12,51778102,51778113
2017|general|E08|51778|3,12,115,115,1,51778115,51778115
2017|general|E08|51778|3,13,118,145,28,51778118,51778145
2017|general|E08|51778|3,14,147,154,8,51778147,51778154
2017|general|E08|51778|3,15,157,163,7,51778157,51778163
2017|general|E08|51778|3,16,166,169,4,51778166,51778169
2017|general|E08|51778|3,17,182,207,26,51778182,51778207
2017|general|E08|51778|3,18,209,215,7,51778209,51778215
2017|general|E08|51778|3,19,217,217,1,51778217,51778217
2017|general|E08|51778|3,20,219,225,7,51778219,51778225
2017|general|E08|51778|3,21,227,228,2,51778227,51778228
2017|general|E08|51778|3,22,231,237,7,51778231,51778237
2017|general|E08|51778|3,23,240,244,5,51778240,51778244
2017|general|E08|51778|3,24,246,255,10,51778246,51778255
2017|general|E08|51778|3,25,257,263,7,51778257,51778263
2017|general|E08|51778|3,26,266,266,1,51778266,51778266
2017|general|E08|51778|3,27,269,269,1,51778269,51778269
2017|general|E08|51778|3,28,271,278,8,51778271,51778278
2017|general|E08|51778|3,29,282,291,10,51778282,51778291
2017|general|E08|51778|3,30,297,297,1,51778297,51778297
2017|general|E08|51778|3,31,299,300,2,51778299,51778300
2017|general|E08|51778|3,32,302,303,2,51778302,51778303
2017|general|E08|51778|3,33,305,305,1,51778305,51778305
2017|general|E08|51778|3,34,308,322,15,51778308,51778322
2017|general|E08|51778|3,35,328,343,16,51778328,51778343
2017|general|E08|51778|3,36,345,351,7,51778345,51778351
2017|general|E08|51778|3,37,353,359,7,51778353,51778359
2017|general|E08|51778|3,38,361,373,13,51778361,51778373
2017|general|E08|51778|3,39,375,382,8,51778375,51778382
2017|general|E08|51778|3,40,384,389,6,51778384,51778389
2017|general|E08|51778|3,41,394,396,3,51778394,51778396
2017|general|E08|51778|3,42,399,407,9,51778399,51778407
2017|general|E08|51778|3,43,411,441,31,51778411,51778441
2017|general|E08|51778|3,44,456,504,49,51778456,51778504
2017|general|E08|51778|3,45,506,520,15,51778506,51778520
2017|general|E08|51778|3,46,525,560,36,51778525,51778560
2017|general|E08|51778|3,47,566,578,13,51778566,51778578
2017|general|E08|51778|3,48,582,591,10,51778582,51778591
2017|general|E08|51778|3,49,593,595,3,51778593,51778595
2017|general|E08|51778|3,50,601,601,1,51778601,51778601
2017|general|E08|51778|3,51,609,611,3,51778609,51778611
2017|general|E08|51778|3,52,613,615,3,51778613,51778615
2017|general|E08|51778|3,53,617,617,1,51778617,51778617
2017|general|E08|51778|3,54,620,626,7,51778620,51778626
2017|general|E08|51778|3,55,628,642,15,51778628,51778642
2017|general|E09|51779|3,1,4,4,1,51779004,51779004
2017|general|E09|51779|3,2,6,9,4,51779006,51779009
2017|general|E09|51779|3,3,11,19,9,51779011,51779019
2017|general|E09|51779|3,4,21,21,1,51779021,51779021
2017|general|E09|51779|3,5,30,36,7,51779030,51779036
2017|general|E09|51779|3,6,45,47,3,51779045,51779047
2017|general|E09|51779|3,7,67,67,1,51779067,51779067
2017|general|E09|51779|3,8,69,73,5,51779069,51779073
2017|general|E09|51779|3,9,80,86,7,51779080,51779086
2017|general|E09|51779|3,10,93,93,1,51779093,51779093
2017|general|E09|51779|3,11,95,96,2,51779095,51779096
2017|general|E09|51779|3,12,99,101,3,51779099,51779101
2017|general|E09|51779|3,13,106,107,2,51779106,51779107
2017|general|E09|51779|3,14,113,117,5,51779113,51779117
2017|general|E09|51779|3,15,119,119,1,51779119,51779119
2017|general|E09|51779|3,16,121,124,4,51779121,51779124
2017|general|E09|51779|3,17,129,134,6,51779129,51779134
2017|general|E09|51779|3,18,144,146,3,51779144,51779146
2017|general|E09|51779|3,19,148,156,9,51779148,51779156
2017|general|E09|51779|3,20,160,161,2,51779160,51779161
2017|general|E09|51779|3,21,163,169,7,51779163,51779169
2017|general|E09|51779|3,22,174,181,8,51779174,51779181
2017|general|E09|51779|3,23,183,197,15,51779183,51779197
2017|general|E09|51779|3,24,203,209,7,51779203,51779209
2017|general|E09|51779|3,25,213,222,10,51779213,51779222
2017|general|E09|51779|3,26,225,227,3,51779225,51779227
2017|general|E09|51779|3,27,229,231,3,51779229,51779231
2017|general|E09|51779|3,28,234,235,2,51779234,51779235
2017|general|E09|51779|3,29,242,242,1,51779242,51779242
2017|general|E09|51779|3,30,246,246,1,51779246,51779246
2017|general|E09|51779|3,31,248,259,12,51779248,51779259
2017|general|E09|51779|3,32,264,264,1,51779264,51779264
2017|general|E09|51779|3,33,268,274,7,51779268,51779274
2017|general|E09|51779|3,34,276,280,5,51779276,51779280
2017|general|E10|51778|3,1,6,7,2,51778006,51778007
2017|general|E10|51778|3,2,11,15,5,51778011,51778015
2017|general|E10|51778|3,3,30,31,2,51778030,51778031
2017|general|E10|51778|3,4,40,40,1,51778040,51778040
2017|general|E10|51778|3,5,52,52,1,51778052,51778052
2017|general|E10|51778|3,6,54,57,4,51778054,51778057
2017|general|E10|51778|3,7,82,84,3,51778082,51778084
2017|general|E10|51778|3,8,98,98,1,51778098,51778098
2017|general|E10|51778|3,9,101,101,1,51778101,51778101
2017|general|E10|51778|3,10,114,114,1,51778114,51778114
2017|general|E10|51778|3,11,116,117,2,51778116,51778117
2017|general|E10|51778|3,12,146,146,1,51778146,51778146
2017|general|E10|51778|3,13,155,156,2,51778155,51778156
2017|general|E10|51778|3,14,164,165,2,51778164,51778165
2017|general|E10|51778|3,15,170,181,12,51778170,51778181
2017|general|E10|51778|3,16,208,208,1,51778208,51778208
2017|general|E10|51778|3,17,216,216,1,51778216,51778216
2017|general|E10|51778|3,18,218,218,1,51778218,51778218
2017|general|E10|51778|3,19,226,226,1,51778226,51778226
2017|general|E10|51778|3,20,229,230,2,51778229,51778230
2017|general|E10|51778|3,21,238,239,2,51778238,51778239
2017|general|E10|51778|3,22,245,245,1,51778245,51778245
2017|general|E10|51778|3,23,256,256,1,51778256,51778256
2017|general|E10|51778|3,24,264,265,2,51778264,51778265
2017|general|E10|51778|3,25,267,268,2,51778267,51778268
2017|general|E10|51778|3,26,270,270,1,51778270,51778270
2017|general|E10|51778|3,27,279,281,3,51778279,51778281
2017|general|E10|51778|3,28,292,296,5,51778292,51778296
2017|general|E10|51778|3,29,298,298,1,51778298,51778298
2017|general|E10|51778|3,30,301,301,1,51778301,51778301
2017|general|E10|51778|3,31,304,304,1,51778304,51778304
2017|general|E10|51778|3,32,306,307,2,51778306,51778307
2017|general|E10|51778|3,33,323,327,5,51778323,51778327
2017|general|E10|51778|3,34,344,344,1,51778344,51778344
2017|general|E10|51778|3,35,352,352,1,51778352,51778352
2017|general|E10|51778|3,36,360,360,1,51778360,51778360
2017|general|E10|51778|3,37,374,374,1,51778374,51778374
2017|general|E10|51778|3,38,383,383,1,51778383,51778383
2017|general|E10|51778|3,39,390,393,4,51778390,51778393
2017|general|E10|51778|3,40,397,398,2,51778397,51778398
2017|general|E10|51778|3,41,408,410,3,51778408,51778410
2017|general|E10|51778|3,42,442,455,14,51778442,51778455
2017|general|E10|51778|3,43,505,505,1,51778505,51778505
2017|general|E10|51778|3,44,521,524,4,51778521,51778524
2017|general|E10|51778|3,45,561,565,5,51778561,51778565
2017|general|E10|51778|3,46,579,581,3,51778579,51778581
2017|general|E10|51778|3,47,592,592,1,51778592,51778592
2017|general|E10|51778|3,48,596,600,5,51778596,51778600
2017|general|E10|51778|3,49,602,608,7,51778602,51778608
2017|general|E10|51778|3,50,612,612,1,51778612,51778612
2017|general|E10|51778|3,51,616,616,1,51778616,51778616
2017|general|E10|51778|3,52,618,619,2,51778618,51778619
2017|general|E10|51778|3,53,627,627,1,51778627,51778627
2017|general|E10|51778|3,54,643,643,1,51778643,51778643
2017|general|E10|51779|3,1,1,2,2,51779001,51779002
2017|general|E10|51779|3,2,5,5,1,51779005,51779005
2017|general|E10|51779|3,3,10,10,1,51779010,51779010
2017|general|E10|51779|3,4,20,20,1,51779020,51779020
2017|general|E10|51779|3,5,65,66,2,51779065,51779066
2017|general|E10|51779|3,6,68,68,1,51779068,51779068
2017|general|E10|51779|3,7,74,79,6,51779074,51779079
2017|general|E10|51779|3,8,88,91,4,51779088,51779091
2017|general|E10|51779|3,9,94,94,1,51779094,51779094
2017|general|E10|51779|3,10,105,105,1,51779105,51779105
2017|general|E10|51779|3,11,118,118,1,51779118,51779118
2017|general|E10|51779|3,12,120,120,1,51779120,51779120
2017|general|E10|51779|3,13,127,128,2,51779127,51779128
2017|general|E10|51779|3,14,147,147,1,51779147,51779147
2017|general|E10|51779|3,15,157,159,3,51779157,51779159
2017|general|E10|51779|3,16,162,162,1,51779162,51779162
2017|general|E10|51779|3,17,182,182,1,51779182,51779182
2017|general|E10|51779|3,18,210,211,2,51779210,51779211
2017|general|E10|51779|3,19,240,241,2,51779240,51779241
2017|general|E10|51779|3,20,244,245,2,51779244,51779245
2017|general|E10|51779|3,21,247,247,1,51779247,51779247
2017|general|E10|51779|3,22,260,260,1,51779260,51779260
2017|general|E10|51779|3,23,275,275,1,51779275,51779275
2017|general|E11|51779|3,1,3,3,1,51779003,51779003
2017|general|E11|51779|3,2,22,29,8,51779022,51779029
2017|general|E11|51779|3,3,37,44,8,51779037,51779044
2017|general|E11|51779|3,4,48,64,17,51779048,51779064
2017|general|E11|51779|3,5,87,87,1,51779087,51779087
2017|general|E11|51779|3,6,92,92,1,51779092,51779092
2017|general|E11|51779|3,7,97,98,2,51779097,51779098
2017|general|E11|51779|3,8,102,104,3,51779102,51779104
2017|general|E11|51779|3,9,108,112,5,51779108,51779112
2017|general|E11|51779|3,10,125,126,2,51779125,51779126
2017|general|E11|51779|3,11,135,143,9,51779135,51779143
2017|general|E11|51779|3,12,170,173,4,51779170,51779173
2017|general|E11|51779|3,13,198,202,5,51779198,51779202
2017|general|E11|51779|3,14,212,212,1,51779212,51779212
2017|general|E11|51779|3,15,223,224,2,51779223,51779224
2017|general|E11|51779|3,16,228,228,1,51779228,51779228
2017|general|E11|51779|3,17,232,233,2,51779232,51779233
2017|general|E11|51779|3,18,236,239,4,51779236,51779239
2017|general|E11|51779|3,19,243,243,1,51779243,51779243
2017|general|E11|51779|3,20,261,263,3,51779261,51779263
2017|general|E11|51779|3,21,265,267,3,51779265,51779267
2017|joint_fund|E01|U1706|3,1,221,221,1,U1706221,U1706221
2017|joint_fund|E01|U1708|3,1,252,253,2,U1708252,U1708253
2017|joint_fund|E01|U1710|3,1,118,118,1,U1710118,U1710118
2017|joint_fund|E01|U1710|3,2,124,124,1,U1710124,U1710124
2017|joint_fund|E01|U1737|3,1,102,103,2,U1737102,U1737103
2017|joint_fund|E01|U1737|3,2,105,105,1,U1737105,U1737105
2017|joint_fund|E01|U1737|3,3,108,108,1,U1737108,U1737108
2017|joint_fund|E01|U1764|3,1,252,253,2,U1764252,U1764253
2017|joint_fund|E02|U1710|3,1,109,109,1,U1710109,U1710109
2017|joint_fund|E02|U1710|3,2,112,112,1,U1710112,U1710112
2017|joint_fund|E02|U1710|3,3,116,117,2,U1710116,U1710117
2017|joint_fund|E02|U1710|3,4,122,122,1,U1710122,U1710122
2017|joint_fund|E02|U1710|3,5,252,252,1,U1710252,U1710252
2017|joint_fund|E02|U1710|3,6,256,256,1,U1710256,U1710256
2017|joint_fund|E02|U1737|3,1,109,109,1,U1737109,U1737109
2017|joint_fund|E02|U1764|3,1,255,256,2,U1764255,U1764256
2017|joint_fund|E03|U1706|3,1,225,225,1,U1706225,U1706225
2017|joint_fund|E03|U1708|3,1,258,258,1,U1708258,U1708258
2017|joint_fund|E03|U1710|3,1,115,115,1,U1710115,U1710115
2017|joint_fund|E04|U1708|3,1,251,251,1,U1708251,U1708251
2017|joint_fund|E04|U1708|3,2,259,259,1,U1708259,U1708259
2017|joint_fund|E04|U1710|3,1,111,111,1,U1710111,U1710111
2017|joint_fund|E04|U1710|3,2,120,121,2,U1710120,U1710121
2017|joint_fund|E04|U1710|3,3,123,123,1,U1710123,U1710123
2017|joint_fund|E04|U1710|3,4,253,255,3,U1710253,U1710255
2017|joint_fund|E04|U1710|3,5,257,258,2,U1710257,U1710258
2017|joint_fund|E04|U1760|3,1,101,120,20,U1760101,U1760120
2017|joint_fund|E04|U1760|3,2,201,206,6,U1760201,U1760206
2017|joint_fund|E04|U1764|3,1,254,254,1,U1764254,U1764254
2017|joint_fund|E05|U1708|3,1,254,257,4,U1708254,U1708257
2017|joint_fund|E05|U1709|3,1,206,206,1,U1709206,U1709206
2017|joint_fund|E05|U1709|3,2,208,208,1,U1709208,U1709208
2017|joint_fund|E05|U1709|3,3,210,210,1,U1709210,U1709210
2017|joint_fund|E05|U1710|3,1,113,113,1,U1710113,U1710113
2017|joint_fund|E05|U1710|3,2,119,119,1,U1710119,U1710119
2017|joint_fund|E05|U1713|3,1,201,204,4,U1713201,U1713204
2017|joint_fund|E05|U1713|3,2,206,207,2,U1713206,U1713207
2017|joint_fund|E05|U1734|3,1,201,201,1,U1734201,U1734201
2017|joint_fund|E05|U1737|3,1,101,101,1,U1737101,U1737101
2017|joint_fund|E05|U1737|3,2,106,107,2,U1737106,U1737107
2017|joint_fund|E05|U1737|3,3,110,110,1,U1737110,U1737110
2017|joint_fund|E05|U1737|3,4,112,112,1,U1737112,U1737112
2017|joint_fund|E05|U1737|3,5,201,214,14,U1737201,U1737214
2017|joint_fund|E05|U1764|3,1,251,251,1,U1764251,U1764251
2017|joint_fund|E05|U1764|3,2,257,257,1,U1764257,U1764257
2017|joint_fund|E05|U1764|3,3,259,259,1,U1764259,U1764259
2017|joint_fund|E06|U1709|3,1,209,209,1,U1709209,U1709209
2017|joint_fund|E06|U1710|3,1,108,108,1,U1710108,U1710108
2017|joint_fund|E06|U1710|3,2,110,110,1,U1710110,U1710110
2017|joint_fund|E06|U1710|3,3,114,114,1,U1710114,U1710114
2017|joint_fund|E06|U1710|3,4,251,251,1,U1710251,U1710251
2017|joint_fund|E06|U1737|3,1,104,104,1,U1737104,U1737104
2017|joint_fund|E06|U1737|3,2,113,113,1,U1737113,U1737113
2017|joint_fund|E07|U1734|3,1,202,203,2,U1734202,U1734203
2017|joint_fund|E07|U1737|3,1,111,111,1,U1737111,U1737111
2017|joint_fund|E07|U1764|3,1,258,258,1,U1764258,U1764258
2017|joint_fund|E07|U1766|3,1,201,223,23,U1766201,U1766223
2017|joint_fund|E08|U1734|3,1,204,208,5,U1734204,U1734208
2017|joint_fund|E09|U1706|3,1,222,223,2,U1706222,U1706223
2017|joint_fund|E09|U1765|3,1,101,110,10,U1765101,U1765110
2017|joint_fund|E09|U1765|3,2,201,207,7,U1765201,U1765207
2017|joint_fund|E11|U1706|3,1,224,224,1,U1706224,U1706224
2017|joint_fund|E11|U1706|3,2,226,230,5,U1706226,U1706230
2017|joint_fund|E11|U1709|3,1,207,207,1,U1709207,U1709207
2017|joint_fund|E11|U1713|3,1,205,205,1,U1713205,U1713205
2017|key|E01|51731|3,1,1,10,10,51731001,51731010
2017|key|E02|51732|3,1,1,1,1,51732001,51732001
2017|key|E02|51732|3,2,3,11,9,51732003,51732011
2017|key|E03|51733|3,1,1,10,10,51733001,51733010
2017|key|E04|51734|3,1,1,10,10,51734001,51734010
2017|key|E05|51735|3,1,1,13,13,51735001,51735013
2017|key|E06|51736|3,1,1,10,10,51736001,51736010
2017|key|E07|51737|3,1,1,11,11,51737001,51737011
2017|key|E08|51738|3,1,1,4,4,51738001,51738004
2017|key|E08|51738|3,2,6,11,6,51738006,51738011
2017|key|E09|51739|3,1,3,3,1,51739003,51739003
2017|key|E09|51739|3,2,5,9,5,51739005,51739009
2017|key|E09|51739|3,3,11,11,1,51739011,51739011
2017|key|E10|51738|3,1,5,5,1,51738005,51738005
2017|key|E10|51738|3,2,12,13,2,51738012,51738013
2017|key|E10|51739|3,1,2,2,1,51739002,51739002
2017|key|E10|51739|3,2,4,4,1,51739004,51739004
2017|key|E11|51739|3,1,1,1,1,51739001,51739001
2017|key|E11|51739|3,2,10,10,1,51739010,51739010
2017|major_research_plan|E05|91748|3,1,0,0,1,91748000,91748000
2017|major_research_plan|E05|91748|3,2,102,102,1,91748102,91748102
2017|major_research_plan|E05|91748|3,3,108,114,7,91748108,91748114
2017|major_research_plan|E05|91748|3,4,117,117,1,91748117,91748117
2017|major_research_plan|E05|91748|3,5,119,119,1,91748119,91748119
2017|major_research_plan|E05|91748|3,6,123,125,3,91748123,91748125
2017|major_research_plan|E05|91748|3,7,201,201,1,91748201,91748201
2017|major_research_plan|E05|91748|3,8,204,207,4,91748204,91748207
2017|major_research_plan|E05|91748|3,9,210,211,2,91748210,91748211
2017|major_research_plan|E06|91741|3,1,107,130,24,91741107,91741130
2017|major_research_plan|E06|91741|3,2,202,205,4,91741202,91741205
2017|major_research_plan|E06|91752|3,1,115,115,1,91752115,91752115
2017|major_research_plan|E07|91746|3,1,118,118,1,91746118,91746118
2017|major_research_plan|E09|91747|3,1,102,103,2,91747102,91747103
2017|major_research_plan|E09|91747|3,2,203,205,3,91747203,91747205
2017|major_research_plan|E09|91747|3,3,207,207,1,91747207,91747207
2017|major_research_plan|E10|91747|3,1,104,104,1,91747104,91747104
2017|major_research_plan|E10|91747|3,2,206,206,1,91747206,91747206
2017|regional|E01|51761|3,1,1,37,37,51761001,51761037
2017|regional|E02|51762|3,1,1,43,43,51762001,51762043
2017|regional|E03|51763|3,1,1,24,24,51763001,51763024
2017|regional|E04|51764|3,1,1,13,13,51764001,51764013
2017|regional|E04|51764|3,2,15,52,38,51764015,51764052
2017|regional|E05|51765|3,1,1,63,63,51765001,51765063
2017|regional|E06|51766|3,1,1,18,18,51766001,51766018
2017|regional|E07|51767|3,1,1,24,24,51767001,51767024
2017|regional|E08|51768|3,1,1,1,1,51768001,51768001
2017|regional|E08|51768|3,2,3,8,6,51768003,51768008
2017|regional|E08|51768|3,3,10,11,2,51768010,51768011
2017|regional|E08|51768|3,4,14,17,4,51768014,51768017
2017|regional|E08|51768|3,5,20,30,11,51768020,51768030
2017|regional|E08|51768|3,6,33,42,10,51768033,51768042
2017|regional|E08|51768|3,7,44,44,1,51768044,51768044
2017|regional|E08|51768|3,8,47,47,1,51768047,51768047
2017|regional|E08|51768|3,9,49,53,5,51768049,51768053
2017|regional|E08|51768|3,10,55,60,6,51768055,51768060
2017|regional|E08|51768|3,11,62,66,5,51768062,51768066
2017|regional|E08|51768|3,12,68,70,3,51768068,51768070
2017|regional|E08|51768|3,13,72,73,2,51768072,51768073
2017|regional|E09|51769|3,1,1,2,2,51769001,51769002
2017|regional|E09|51769|3,2,5,5,1,51769005,51769005
2017|regional|E09|51769|3,3,7,14,8,51769007,51769014
2017|regional|E09|51769|3,4,16,33,18,51769016,51769033
2017|regional|E09|51769|3,5,35,37,3,51769035,51769037
2017|regional|E10|51768|3,1,2,2,1,51768002,51768002
2017|regional|E10|51768|3,2,9,9,1,51768009,51768009
2017|regional|E10|51768|3,3,12,13,2,51768012,51768013
2017|regional|E10|51768|3,4,18,19,2,51768018,51768019
2017|regional|E10|51768|3,5,31,32,2,51768031,51768032
2017|regional|E10|51768|3,6,43,43,1,51768043,51768043
2017|regional|E10|51768|3,7,45,46,2,51768045,51768046
2017|regional|E10|51768|3,8,48,48,1,51768048,51768048
2017|regional|E10|51768|3,9,54,54,1,51768054,51768054
2017|regional|E10|51768|3,10,61,61,1,51768061,51768061
2017|regional|E10|51768|3,11,67,67,1,51768067,51768067
2017|regional|E10|51768|3,12,71,71,1,51768071,51768071
2017|regional|E10|51768|3,13,74,74,1,51768074,51768074
2017|regional|E10|51769|3,1,3,4,2,51769003,51769004
2017|regional|E10|51769|3,2,15,15,1,51769015,51769015
2017|regional|E10|51769|3,3,34,34,1,51769034,51769034
2017|regional|E11|51769|3,1,6,6,1,51769006,51769006
2017|youth_c|E01|51701|3,1,1,177,177,51701001,51701177
2017|youth_c|E01|51701|3,2,179,196,18,51701179,51701196
2017|youth_c|E01|51701|3,3,198,244,47,51701198,51701244
2017|youth_c|E02|51702|3,1,1,48,48,51702001,51702048
2017|youth_c|E02|51702|3,2,50,251,202,51702050,51702251
2017|youth_c|E02|51702|3,3,253,380,128,51702253,51702380
2017|youth_c|E03|51703|3,1,1,260,260,51703001,51703260
2017|youth_c|E04|51704|3,1,1,164,164,51704001,51704164
2017|youth_c|E04|51704|3,2,166,339,174,51704166,51704339
2017|youth_c|E05|51705|3,1,1,149,149,51705001,51705149
2017|youth_c|E05|51705|3,2,151,366,216,51705151,51705366
2017|youth_c|E05|51705|3,3,368,546,179,51705368,51705546
2017|youth_c|E06|51706|3,1,1,2,2,51706001,51706002
2017|youth_c|E06|51706|3,2,4,249,246,51706004,51706249
2017|youth_c|E07|51707|3,1,1,204,204,51707001,51707204
2017|youth_c|E08|51708|3,1,1,4,4,51708001,51708004
2017|youth_c|E08|51708|3,2,6,8,3,51708006,51708008
2017|youth_c|E08|51708|3,3,10,11,2,51708010,51708011
2017|youth_c|E08|51708|3,4,13,13,1,51708013,51708013
2017|youth_c|E08|51708|3,5,16,21,6,51708016,51708021
2017|youth_c|E08|51708|3,6,25,30,6,51708025,51708030
2017|youth_c|E08|51708|3,7,35,45,11,51708035,51708045
2017|youth_c|E08|51708|3,8,47,49,3,51708047,51708049
2017|youth_c|E08|51708|3,9,51,55,5,51708051,51708055
2017|youth_c|E08|51708|3,10,58,74,17,51708058,51708074
2017|youth_c|E08|51708|3,11,81,84,4,51708081,51708084
2017|youth_c|E08|51708|3,12,88,92,5,51708088,51708092
2017|youth_c|E08|51708|3,13,98,110,13,51708098,51708110
2017|youth_c|E08|51708|3,14,112,115,4,51708112,51708115
2017|youth_c|E08|51708|3,15,117,123,7,51708117,51708123
2017|youth_c|E08|51708|3,16,125,129,5,51708125,51708129
2017|youth_c|E08|51708|3,17,132,139,8,51708132,51708139
2017|youth_c|E08|51708|3,18,144,152,9,51708144,51708152
2017|youth_c|E08|51708|3,19,158,161,4,51708158,51708161
2017|youth_c|E08|51708|3,20,163,166,4,51708163,51708166
2017|youth_c|E08|51708|3,21,168,169,2,51708168,51708169
2017|youth_c|E08|51708|3,22,172,183,12,51708172,51708183
2017|youth_c|E08|51708|3,23,185,186,2,51708185,51708186
2017|youth_c|E08|51708|3,24,188,190,3,51708188,51708190
2017|youth_c|E08|51708|3,25,192,194,3,51708192,51708194
2017|youth_c|E08|51708|3,26,197,203,7,51708197,51708203
2017|youth_c|E08|51708|3,27,205,211,7,51708205,51708211
2017|youth_c|E08|51708|3,28,216,218,3,51708216,51708218
2017|youth_c|E08|51708|3,29,220,221,2,51708220,51708221
2017|youth_c|E08|51708|3,30,225,228,4,51708225,51708228
2017|youth_c|E08|51708|3,31,230,230,1,51708230,51708230
2017|youth_c|E08|51708|3,32,232,237,6,51708232,51708237
2017|youth_c|E08|51708|3,33,240,240,1,51708240,51708240
2017|youth_c|E08|51708|3,34,242,245,4,51708242,51708245
2017|youth_c|E08|51708|3,35,247,247,1,51708247,51708247
2017|youth_c|E08|51708|3,36,251,251,1,51708251,51708251
2017|youth_c|E08|51708|3,37,255,261,7,51708255,51708261
2017|youth_c|E08|51708|3,38,265,265,1,51708265,51708265
2017|youth_c|E08|51708|3,39,267,267,1,51708267,51708267
2017|youth_c|E08|51708|3,40,269,278,10,51708269,51708278
2017|youth_c|E08|51708|3,41,282,291,10,51708282,51708291
2017|youth_c|E08|51708|3,42,296,296,1,51708296,51708296
2017|youth_c|E08|51708|3,43,298,298,1,51708298,51708298
2017|youth_c|E08|51708|3,44,303,306,4,51708303,51708306
2017|youth_c|E08|51708|3,45,310,310,1,51708310,51708310
2017|youth_c|E08|51708|3,46,313,324,12,51708313,51708324
2017|youth_c|E08|51708|3,47,328,336,9,51708328,51708336
2017|youth_c|E08|51708|3,48,342,343,2,51708342,51708343
2017|youth_c|E08|51708|3,49,345,347,3,51708345,51708347
2017|youth_c|E08|51708|3,50,349,351,3,51708349,51708351
2017|youth_c|E08|51708|3,51,354,355,2,51708354,51708355
2017|youth_c|E08|51708|3,52,359,361,3,51708359,51708361
2017|youth_c|E08|51708|3,53,363,370,8,51708363,51708370
2017|youth_c|E08|51708|3,54,373,373,1,51708373,51708373
2017|youth_c|E08|51708|3,55,375,379,5,51708375,51708379
2017|youth_c|E08|51708|3,56,382,387,6,51708382,51708387
2017|youth_c|E08|51708|3,57,390,400,11,51708390,51708400
2017|youth_c|E08|51708|3,58,402,405,4,51708402,51708405
2017|youth_c|E08|51708|3,59,410,415,6,51708410,51708415
2017|youth_c|E08|51708|3,60,417,426,10,51708417,51708426
2017|youth_c|E08|51708|3,61,428,430,3,51708428,51708430
2017|youth_c|E08|51708|3,62,433,441,9,51708433,51708441
2017|youth_c|E08|51708|3,63,444,446,3,51708444,51708446
2017|youth_c|E08|51708|3,64,448,474,27,51708448,51708474
2017|youth_c|E08|51708|3,65,476,479,4,51708476,51708479
2017|youth_c|E08|51708|3,66,482,482,1,51708482,51708482
2017|youth_c|E08|51708|3,67,484,489,6,51708484,51708489
2017|youth_c|E08|51708|3,68,494,498,5,51708494,51708498
2017|youth_c|E08|51708|3,69,501,503,3,51708501,51708503
2017|youth_c|E08|51708|3,70,506,514,9,51708506,51708514
2017|youth_c|E08|51708|3,71,516,528,13,51708516,51708528
2017|youth_c|E08|51708|3,72,531,532,2,51708531,51708532
2017|youth_c|E08|51708|3,73,541,541,1,51708541,51708541
2017|youth_c|E08|51708|3,74,545,546,2,51708545,51708546
2017|youth_c|E08|51708|3,75,549,554,6,51708549,51708554
2017|youth_c|E08|51708|3,76,557,560,4,51708557,51708560
2017|youth_c|E08|51708|3,77,564,567,4,51708564,51708567
2017|youth_c|E09|51709|3,1,3,3,1,51709003,51709003
2017|youth_c|E09|51709|3,2,8,10,3,51709008,51709010
2017|youth_c|E09|51709|3,3,14,22,9,51709014,51709022
2017|youth_c|E09|51709|3,4,25,26,2,51709025,51709026
2017|youth_c|E09|51709|3,5,33,36,4,51709033,51709036
2017|youth_c|E09|51709|3,6,43,44,2,51709043,51709044
2017|youth_c|E09|51709|3,7,46,52,7,51709046,51709052
2017|youth_c|E09|51709|3,8,54,54,1,51709054,51709054
2017|youth_c|E09|51709|3,9,71,77,7,51709071,51709077
2017|youth_c|E09|51709|3,10,82,90,9,51709082,51709090
2017|youth_c|E09|51709|3,11,97,99,3,51709097,51709099
2017|youth_c|E09|51709|3,12,105,110,6,51709105,51709110
2017|youth_c|E09|51709|3,13,113,117,5,51709113,51709117
2017|youth_c|E09|51709|3,14,119,119,1,51709119,51709119
2017|youth_c|E09|51709|3,15,121,125,5,51709121,51709125
2017|youth_c|E09|51709|3,16,127,127,1,51709127,51709127
2017|youth_c|E09|51709|3,17,129,130,2,51709129,51709130
2017|youth_c|E09|51709|3,18,139,139,1,51709139,51709139
2017|youth_c|E09|51709|3,19,141,146,6,51709141,51709146
2017|youth_c|E09|51709|3,20,148,149,2,51709148,51709149
2017|youth_c|E09|51709|3,21,151,151,1,51709151,51709151
2017|youth_c|E09|51709|3,22,153,156,4,51709153,51709156
2017|youth_c|E09|51709|3,23,158,160,3,51709158,51709160
2017|youth_c|E09|51709|3,24,173,180,8,51709173,51709180
2017|youth_c|E09|51709|3,25,184,186,3,51709184,51709186
2017|youth_c|E09|51709|3,26,190,196,7,51709190,51709196
2017|youth_c|E09|51709|3,27,198,200,3,51709198,51709200
2017|youth_c|E09|51709|3,28,203,209,7,51709203,51709209
2017|youth_c|E09|51709|3,29,221,223,3,51709221,51709223
2017|youth_c|E09|51709|3,30,226,227,2,51709226,51709227
2017|youth_c|E09|51709|3,31,230,234,5,51709230,51709234
2017|youth_c|E09|51709|3,32,238,239,2,51709238,51709239
2017|youth_c|E09|51709|3,33,251,251,1,51709251,51709251
2017|youth_c|E09|51709|3,34,253,253,1,51709253,51709253
2017|youth_c|E09|51709|3,35,256,266,11,51709256,51709266
2017|youth_c|E09|51709|3,36,268,268,1,51709268,51709268
2017|youth_c|E09|51709|3,37,271,277,7,51709271,51709277
2017|youth_c|E09|51709|3,38,280,284,5,51709280,51709284
2017|youth_c|E09|51709|3,39,286,287,2,51709286,51709287
2017|youth_c|E09|51709|3,40,290,290,1,51709290,51709290
2017|youth_c|E10|51708|3,1,5,5,1,51708005,51708005
2017|youth_c|E10|51708|3,2,12,12,1,51708012,51708012
2017|youth_c|E10|51708|3,3,14,15,2,51708014,51708015
2017|youth_c|E10|51708|3,4,22,24,3,51708022,51708024
2017|youth_c|E10|51708|3,5,31,34,4,51708031,51708034
2017|youth_c|E10|51708|3,6,46,46,1,51708046,51708046
2017|youth_c|E10|51708|3,7,50,50,1,51708050,51708050
2017|youth_c|E10|51708|3,8,56,57,2,51708056,51708057
2017|youth_c|E10|51708|3,9,75,80,6,51708075,51708080
2017|youth_c|E10|51708|3,10,85,87,3,51708085,51708087
2017|youth_c|E10|51708|3,11,93,97,5,51708093,51708097
2017|youth_c|E10|51708|3,12,116,116,1,51708116,51708116
2017|youth_c|E10|51708|3,13,124,124,1,51708124,51708124
2017|youth_c|E10|51708|3,14,130,131,2,51708130,51708131
2017|youth_c|E10|51708|3,15,140,143,4,51708140,51708143
2017|youth_c|E10|51708|3,16,153,157,5,51708153,51708157
2017|youth_c|E10|51708|3,17,162,162,1,51708162,51708162
2017|youth_c|E10|51708|3,18,167,167,1,51708167,51708167
2017|youth_c|E10|51708|3,19,170,171,2,51708170,51708171
2017|youth_c|E10|51708|3,20,184,184,1,51708184,51708184
2017|youth_c|E10|51708|3,21,187,187,1,51708187,51708187
2017|youth_c|E10|51708|3,22,191,191,1,51708191,51708191
2017|youth_c|E10|51708|3,23,195,196,2,51708195,51708196
2017|youth_c|E10|51708|3,24,204,204,1,51708204,51708204
2017|youth_c|E10|51708|3,25,212,215,4,51708212,51708215
2017|youth_c|E10|51708|3,26,219,219,1,51708219,51708219
2017|youth_c|E10|51708|3,27,222,224,3,51708222,51708224
2017|youth_c|E10|51708|3,28,229,229,1,51708229,51708229
2017|youth_c|E10|51708|3,29,231,231,1,51708231,51708231
2017|youth_c|E10|51708|3,30,238,239,2,51708238,51708239
2017|youth_c|E10|51708|3,31,246,246,1,51708246,51708246
2017|youth_c|E10|51708|3,32,248,250,3,51708248,51708250
2017|youth_c|E10|51708|3,33,252,254,3,51708252,51708254
2017|youth_c|E10|51708|3,34,262,264,3,51708262,51708264
2017|youth_c|E10|51708|3,35,266,266,1,51708266,51708266
2017|youth_c|E10|51708|3,36,268,268,1,51708268,51708268
2017|youth_c|E10|51708|3,37,279,281,3,51708279,51708281
2017|youth_c|E10|51708|3,38,292,295,4,51708292,51708295
2017|youth_c|E10|51708|3,39,297,297,1,51708297,51708297
2017|youth_c|E10|51708|3,40,299,302,4,51708299,51708302
2017|youth_c|E10|51708|3,41,307,309,3,51708307,51708309
2017|youth_c|E10|51708|3,42,311,312,2,51708311,51708312
2017|youth_c|E10|51708|3,43,325,327,3,51708325,51708327
2017|youth_c|E10|51708|3,44,337,341,5,51708337,51708341
2017|youth_c|E10|51708|3,45,344,344,1,51708344,51708344
2017|youth_c|E10|51708|3,46,348,348,1,51708348,51708348
2017|youth_c|E10|51708|3,47,352,353,2,51708352,51708353
2017|youth_c|E10|51708|3,48,356,358,3,51708356,51708358
2017|youth_c|E10|51708|3,49,362,362,1,51708362,51708362
2017|youth_c|E10|51708|3,50,371,372,2,51708371,51708372
2017|youth_c|E10|51708|3,51,374,374,1,51708374,51708374
2017|youth_c|E10|51708|3,52,380,381,2,51708380,51708381
2017|youth_c|E10|51708|3,53,388,389,2,51708388,51708389
2017|youth_c|E10|51708|3,54,401,401,1,51708401,51708401
2017|youth_c|E10|51708|3,55,406,409,4,51708406,51708409
2017|youth_c|E10|51708|3,56,416,416,1,51708416,51708416
2017|youth_c|E10|51708|3,57,427,427,1,51708427,51708427
2017|youth_c|E10|51708|3,58,431,432,2,51708431,51708432
2017|youth_c|E10|51708|3,59,442,443,2,51708442,51708443
2017|youth_c|E10|51708|3,60,447,447,1,51708447,51708447
2017|youth_c|E10|51708|3,61,475,475,1,51708475,51708475
2017|youth_c|E10|51708|3,62,480,481,2,51708480,51708481
2017|youth_c|E10|51708|3,63,490,493,4,51708490,51708493
2017|youth_c|E10|51708|3,64,499,500,2,51708499,51708500
2017|youth_c|E10|51708|3,65,504,505,2,51708504,51708505
2017|youth_c|E10|51708|3,66,515,515,1,51708515,51708515
2017|youth_c|E10|51708|3,67,529,530,2,51708529,51708530
2017|youth_c|E10|51708|3,68,533,540,8,51708533,51708540
2017|youth_c|E10|51708|3,69,542,544,3,51708542,51708544
2017|youth_c|E10|51708|3,70,547,548,2,51708547,51708548
2017|youth_c|E10|51708|3,71,556,556,1,51708556,51708556
2017|youth_c|E10|51708|3,72,561,563,3,51708561,51708563
2017|youth_c|E10|51709|3,1,1,2,2,51709001,51709002
2017|youth_c|E10|51709|3,2,5,5,1,51709005,51709005
2017|youth_c|E10|51709|3,3,7,7,1,51709007,51709007
2017|youth_c|E10|51709|3,4,11,13,3,51709011,51709013
2017|youth_c|E10|51709|3,5,24,24,1,51709024,51709024
2017|youth_c|E10|51709|3,6,45,45,1,51709045,51709045
2017|youth_c|E10|51709|3,7,53,53,1,51709053,51709053
2017|youth_c|E10|51709|3,8,70,70,1,51709070,51709070
2017|youth_c|E10|51709|3,9,78,81,4,51709078,51709081
2017|youth_c|E10|51709|3,10,96,96,1,51709096,51709096
2017|youth_c|E10|51709|3,11,100,101,2,51709100,51709101
2017|youth_c|E10|51709|3,12,103,104,2,51709103,51709104
2017|youth_c|E10|51709|3,13,111,112,2,51709111,51709112
2017|youth_c|E10|51709|3,14,126,126,1,51709126,51709126
2017|youth_c|E10|51709|3,15,128,128,1,51709128,51709128
2017|youth_c|E10|51709|3,16,152,152,1,51709152,51709152
2017|youth_c|E10|51709|3,17,157,157,1,51709157,51709157
2017|youth_c|E10|51709|3,18,162,162,1,51709162,51709162
2017|youth_c|E10|51709|3,19,172,172,1,51709172,51709172
2017|youth_c|E10|51709|3,20,181,183,3,51709181,51709183
2017|youth_c|E10|51709|3,21,187,189,3,51709187,51709189
2017|youth_c|E10|51709|3,22,197,197,1,51709197,51709197
2017|youth_c|E10|51709|3,23,225,225,1,51709225,51709225
2017|youth_c|E10|51709|3,24,237,237,1,51709237,51709237
2017|youth_c|E10|51709|3,25,250,250,1,51709250,51709250
2017|youth_c|E10|51709|3,26,254,255,2,51709254,51709255
2017|youth_c|E10|51709|3,27,270,270,1,51709270,51709270
2017|youth_c|E10|51709|3,28,278,279,2,51709278,51709279
2017|youth_c|E10|51709|3,29,285,285,1,51709285,51709285
2017|youth_c|E10|51709|3,30,291,291,1,51709291,51709291
2017|youth_c|E11|51709|3,1,4,4,1,51709004,51709004
2017|youth_c|E11|51709|3,2,6,6,1,51709006,51709006
2017|youth_c|E11|51709|3,3,23,23,1,51709023,51709023
2017|youth_c|E11|51709|3,4,27,32,6,51709027,51709032
2017|youth_c|E11|51709|3,5,37,42,6,51709037,51709042
2017|youth_c|E11|51709|3,6,55,69,15,51709055,51709069
2017|youth_c|E11|51709|3,7,91,95,5,51709091,51709095
2017|youth_c|E11|51709|3,8,102,102,1,51709102,51709102
2017|youth_c|E11|51709|3,9,118,118,1,51709118,51709118
2017|youth_c|E11|51709|3,10,120,120,1,51709120,51709120
2017|youth_c|E11|51709|3,11,131,138,8,51709131,51709138
2017|youth_c|E11|51709|3,12,140,140,1,51709140,51709140
2017|youth_c|E11|51709|3,13,147,147,1,51709147,51709147
2017|youth_c|E11|51709|3,14,150,150,1,51709150,51709150
2017|youth_c|E11|51709|3,15,161,161,1,51709161,51709161
2017|youth_c|E11|51709|3,16,163,171,9,51709163,51709171
2017|youth_c|E11|51709|3,17,201,202,2,51709201,51709202
2017|youth_c|E11|51709|3,18,210,220,11,51709210,51709220
2017|youth_c|E11|51709|3,19,228,229,2,51709228,51709229
2017|youth_c|E11|51709|3,20,235,236,2,51709235,51709236
2017|youth_c|E11|51709|3,21,240,249,10,51709240,51709249
2017|youth_c|E11|51709|3,22,252,252,1,51709252,51709252
2017|youth_c|E11|51709|3,23,267,267,1,51709267,51709267
2017|youth_c|E11|51709|3,24,269,269,1,51709269,51709269
2017|youth_c|E11|51709|3,25,288,289,2,51709288,51709289
2018|general|E01|51871|3,1,1,250,250,51871001,51871250
2018|general|E02|51872|3,1,1,100,100,51872001,51872100
2018|general|E02|51872|3,2,102,341,240,51872102,51872341
2018|general|E03|51873|3,1,1,240,240,51873001,51873240
2018|general|E04|51874|3,1,1,93,93,51874001,51874093
2018|general|E04|51874|3,2,95,372,278,51874095,51874372
2018|general|E05|51875|3,1,1,185,185,51875001,51875185
2018|general|E05|51875|3,2,187,586,400,51875187,51875586
2018|general|E06|51876|3,1,1,226,226,51876001,51876226
2018|general|E07|51877|3,1,1,216,216,51877001,51877216
2018|general|E08|51878|3,1,2,3,2,51878002,51878003
2018|general|E08|51878|3,2,5,7,3,51878005,51878007
2018|general|E08|51878|3,3,13,21,9,51878013,51878021
2018|general|E08|51878|3,4,25,45,21,51878025,51878045
2018|general|E08|51878|3,5,52,52,1,51878052,51878052
2018|general|E08|51878|3,6,54,66,13,51878054,51878066
2018|general|E08|51878|3,7,68,89,22,51878068,51878089
2018|general|E08|51878|3,8,96,104,9,51878096,51878104
2018|general|E08|51878|3,9,106,110,5,51878106,51878110
2018|general|E08|51878|3,10,112,131,20,51878112,51878131
2018|general|E08|51878|3,11,138,144,7,51878138,51878144
2018|general|E08|51878|3,12,146,168,23,51878146,51878168
2018|general|E08|51878|3,13,172,174,3,51878172,51878174
2018|general|E08|51878|3,14,176,196,21,51878176,51878196
2018|general|E08|51878|3,15,198,210,13,51878198,51878210
2018|general|E08|51878|3,16,217,230,14,51878217,51878230
2018|general|E08|51878|3,17,233,236,4,51878233,51878236
2018|general|E08|51878|3,18,238,242,5,51878238,51878242
2018|general|E08|51878|3,19,245,250,6,51878245,51878250
2018|general|E08|51878|3,20,252,255,4,51878252,51878255
2018|general|E08|51878|3,21,259,271,13,51878259,51878271
2018|general|E08|51878|3,22,274,277,4,51878274,51878277
2018|general|E08|51878|3,23,279,289,11,51878279,51878289
2018|general|E08|51878|3,24,294,299,6,51878294,51878299
2018|general|E08|51878|3,25,302,307,6,51878302,51878307
2018|general|E08|51878|3,26,310,315,6,51878310,51878315
2018|general|E08|51878|3,27,319,320,2,51878319,51878320
2018|general|E08|51878|3,28,322,323,2,51878322,51878323
2018|general|E08|51878|3,29,327,330,4,51878327,51878330
2018|general|E08|51878|3,30,339,351,13,51878339,51878351
2018|general|E08|51878|3,31,353,355,3,51878353,51878355
2018|general|E08|51878|3,32,358,358,1,51878358,51878358
2018|general|E08|51878|3,33,360,360,1,51878360,51878360
2018|general|E08|51878|3,34,364,369,6,51878364,51878369
2018|general|E08|51878|3,35,375,385,11,51878375,51878385
2018|general|E08|51878|3,36,390,393,4,51878390,51878393
2018|general|E08|51878|3,37,395,402,8,51878395,51878402
2018|general|E08|51878|3,38,404,405,2,51878404,51878405
2018|general|E08|51878|3,39,407,409,3,51878407,51878409
2018|general|E08|51878|3,40,411,421,11,51878411,51878421
2018|general|E08|51878|3,41,426,426,1,51878426,51878426
2018|general|E08|51878|3,42,428,429,2,51878428,51878429
2018|general|E08|51878|3,43,432,447,16,51878432,51878447
2018|general|E08|51878|3,44,450,464,15,51878450,51878464
2018|general|E08|51878|3,45,473,516,44,51878473,51878516
2018|general|E08|51878|3,46,518,522,5,51878518,51878522
2018|general|E08|51878|3,47,524,536,13,51878524,51878536
2018|general|E08|51878|3,48,540,554,15,51878540,51878554
2018|general|E08|51878|3,49,556,556,1,51878556,51878556
2018|general|E08|51878|3,50,558,581,24,51878558,51878581
2018|general|E08|51878|3,51,583,586,4,51878583,51878586
2018|general|E08|51878|3,52,588,594,7,51878588,51878594
2018|general|E08|51878|3,53,599,610,12,51878599,51878610
2018|general|E08|51878|3,54,612,613,2,51878612,51878613
2018|general|E08|51878|3,55,615,616,2,51878615,51878616
2018|general|E08|51878|3,56,618,632,15,51878618,51878632
2018|general|E08|51878|3,57,634,634,1,51878634,51878634
2018|general|E08|51878|3,58,636,636,1,51878636,51878636
2018|general|E08|51878|3,59,656,658,3,51878656,51878658
2018|general|E08|51878|3,60,660,661,2,51878660,51878661
2018|general|E08|51878|3,61,663,674,12,51878663,51878674
2018|general|E09|51879|3,1,5,11,7,51879005,51879011
2018|general|E09|51879|3,2,13,14,2,51879013,51879014
2018|general|E09|51879|3,3,16,17,2,51879016,51879017
2018|general|E09|51879|3,4,29,30,2,51879029,51879030
2018|general|E09|51879|3,5,32,36,5,51879032,51879036
2018|general|E09|51879|3,6,41,41,1,51879041,51879041
2018|general|E09|51879|3,7,65,76,12,51879065,51879076
2018|general|E09|51879|3,8,87,94,8,51879087,51879094
2018|general|E09|51879|3,9,104,104,1,51879104,51879104
2018|general|E09|51879|3,10,106,111,6,51879106,51879111
2018|general|E09|51879|3,11,115,116,2,51879115,51879116
2018|general|E09|51879|3,12,120,122,3,51879120,51879122
2018|general|E09|51879|3,13,126,127,2,51879126,51879127
2018|general|E09|51879|3,14,129,129,1,51879129,51879129
2018|general|E09|51879|3,15,131,142,12,51879131,51879142
2018|general|E09|51879|3,16,145,153,9,51879145,51879153
2018|general|E09|51879|3,17,155,155,1,51879155,51879155
2018|general|E09|51879|3,18,162,164,3,51879162,51879164
2018|general|E09|51879|3,19,166,169,4,51879166,51879169
2018|general|E09|51879|3,20,172,172,1,51879172,51879172
2018|general|E09|51879|3,21,175,186,12,51879175,51879186
2018|general|E09|51879|3,22,191,196,6,51879191,51879196
2018|general|E09|51879|3,23,198,207,10,51879198,51879207
2018|general|E09|51879|3,24,212,214,3,51879212,51879214
2018|general|E09|51879|3,25,216,217,2,51879216,51879217
2018|general|E09|51879|3,26,222,227,6,51879222,51879227
2018|general|E09|51879|3,27,229,230,2,51879229,51879230
2018|general|E09|51879|3,28,234,236,3,51879234,51879236
2018|general|E09|51879|3,29,239,241,3,51879239,51879241
2018|general|E09|51879|3,30,243,246,4,51879243,51879246
2018|general|E09|51879|3,31,255,255,1,51879255,51879255
2018|general|E09|51879|3,32,257,268,12,51879257,51879268
2018|general|E09|51879|3,33,273,277,5,51879273,51879277
2018|general|E09|51879|3,34,281,286,6,51879281,51879286
2018|general|E09|51879|3,35,288,289,2,51879288,51879289
2018|general|E09|51879|3,36,291,291,1,51879291,51879291
2018|general|E10|51878|3,1,1,1,1,51878001,51878001
2018|general|E10|51878|3,2,4,4,1,51878004,51878004
2018|general|E10|51878|3,3,8,12,5,51878008,51878012
2018|general|E10|51878|3,4,22,24,3,51878022,51878024
2018|general|E10|51878|3,5,46,51,6,51878046,51878051
2018|general|E10|51878|3,6,53,53,1,51878053,51878053
2018|general|E10|51878|3,7,67,67,1,51878067,51878067
2018|general|E10|51878|3,8,90,95,6,51878090,51878095
2018|general|E10|51878|3,9,105,105,1,51878105,51878105
2018|general|E10|51878|3,10,111,111,1,51878111,51878111
2018|general|E10|51878|3,11,132,137,6,51878132,51878137
2018|general|E10|51878|3,12,145,145,1,51878145,51878145
2018|general|E10|51878|3,13,169,171,3,51878169,51878171
2018|general|E10|51878|3,14,175,175,1,51878175,51878175
2018|general|E10|51878|3,15,197,197,1,51878197,51878197
2018|general|E10|51878|3,16,211,216,6,51878211,51878216
2018|general|E10|51878|3,17,231,232,2,51878231,51878232
2018|general|E10|51878|3,18,237,237,1,51878237,51878237
2018|general|E10|51878|3,19,243,244,2,51878243,51878244
2018|general|E10|51878|3,20,251,251,1,51878251,51878251
2018|general|E10|51878|3,21,256,258,3,51878256,51878258
2018|general|E10|51878|3,22,272,273,2,51878272,51878273
2018|general|E10|51878|3,23,278,278,1,51878278,51878278
2018|general|E10|51878|3,24,290,293,4,51878290,51878293
2018|general|E10|51878|3,25,300,301,2,51878300,51878301
2018|general|E10|51878|3,26,308,309,2,51878308,51878309
2018|general|E10|51878|3,27,316,318,3,51878316,51878318
2018|general|E10|51878|3,28,321,321,1,51878321,51878321
2018|general|E10|51878|3,29,324,326,3,51878324,51878326
2018|general|E10|51878|3,30,331,338,8,51878331,51878338
2018|general|E10|51878|3,31,352,352,1,51878352,51878352
2018|general|E10|51878|3,32,356,357,2,51878356,51878357
2018|general|E10|51878|3,33,359,359,1,51878359,51878359
2018|general|E10|51878|3,34,361,363,3,51878361,51878363
2018|general|E10|51878|3,35,370,370,1,51878370,51878370
2018|general|E10|51878|3,36,372,374,3,51878372,51878374
2018|general|E10|51878|3,37,386,389,4,51878386,51878389
2018|general|E10|51878|3,38,394,394,1,51878394,51878394
2018|general|E10|51878|3,39,403,403,1,51878403,51878403
2018|general|E10|51878|3,40,406,406,1,51878406,51878406
2018|general|E10|51878|3,41,410,410,1,51878410,51878410
2018|general|E10|51878|3,42,422,425,4,51878422,51878425
2018|general|E10|51878|3,43,427,427,1,51878427,51878427
2018|general|E10|51878|3,44,430,431,2,51878430,51878431
2018|general|E10|51878|3,45,448,449,2,51878448,51878449
2018|general|E10|51878|3,46,465,472,8,51878465,51878472
2018|general|E10|51878|3,47,517,517,1,51878517,51878517
2018|general|E10|51878|3,48,523,523,1,51878523,51878523
2018|general|E10|51878|3,49,537,539,3,51878537,51878539
2018|general|E10|51878|3,50,555,555,1,51878555,51878555
2018|general|E10|51878|3,51,557,557,1,51878557,51878557
2018|general|E10|51878|3,52,582,582,1,51878582,51878582
2018|general|E10|51878|3,53,587,587,1,51878587,51878587
2018|general|E10|51878|3,54,595,598,4,51878595,51878598
2018|general|E10|51878|3,55,611,611,1,51878611,51878611
2018|general|E10|51878|3,56,614,614,1,51878614,51878614
2018|general|E10|51878|3,57,617,617,1,51878617,51878617
2018|general|E10|51878|3,58,633,633,1,51878633,51878633
2018|general|E10|51878|3,59,635,635,1,51878635,51878635
2018|general|E10|51878|3,60,637,655,19,51878637,51878655
2018|general|E10|51878|3,61,659,659,1,51878659,51878659
2018|general|E10|51878|3,62,662,662,1,51878662,51878662
2018|general|E10|51878|3,63,675,676,2,51878675,51878676
2018|general|E10|51879|3,1,1,4,4,51879001,51879004
2018|general|E10|51879|3,2,12,12,1,51879012,51879012
2018|general|E10|51879|3,3,18,18,1,51879018,51879018
2018|general|E10|51879|3,4,31,31,1,51879031,51879031
2018|general|E10|51879|3,5,42,42,1,51879042,51879042
2018|general|E10|51879|3,6,77,86,10,51879077,51879086
2018|general|E10|51879|3,7,99,103,5,51879099,51879103
2018|general|E10|51879|3,8,105,105,1,51879105,51879105
2018|general|E10|51879|3,9,128,128,1,51879128,51879128
2018|general|E10|51879|3,10,130,130,1,51879130,51879130
2018|general|E10|51879|3,11,165,165,1,51879165,51879165
2018|general|E10|51879|3,12,170,171,2,51879170,51879171
2018|general|E10|51879|3,13,173,174,2,51879173,51879174
2018|general|E10|51879|3,14,197,197,1,51879197,51879197
2018|general|E10|51879|3,15,215,215,1,51879215,51879215
2018|general|E10|51879|3,16,228,228,1,51879228,51879228
2018|general|E10|51879|3,17,242,242,1,51879242,51879242
2018|general|E10|51879|3,18,252,252,1,51879252,51879252
2018|general|E10|51879|3,19,256,256,1,51879256,51879256
2018|general|E10|51879|3,20,278,280,3,51879278,51879280
2018|general|E10|51879|3,21,290,290,1,51879290,51879290
2018|general|E11|51879|3,1,15,15,1,51879015,51879015
2018|general|E11|51879|3,2,19,28,10,51879019,51879028
2018|general|E11|51879|3,3,37,40,4,51879037,51879040
2018|general|E11|51879|3,4,43,64,22,51879043,51879064
2018|general|E11|51879|3,5,95,98,4,51879095,51879098
2018|general|E11|51879|3,6,112,114,3,51879112,51879114
2018|general|E11|51879|3,7,117,119,3,51879117,51879119
2018|general|E11|51879|3,8,123,125,3,51879123,51879125
2018|general|E11|51879|3,9,143,144,2,51879143,51879144
2018|general|E11|51879|3,10,154,154,1,51879154,51879154
2018|general|E11|51879|3,11,156,161,6,51879156,51879161
2018|general|E11|51879|3,12,187,190,4,51879187,51879190
2018|general|E11|51879|3,13,208,211,4,51879208,51879211
2018|general|E11|51879|3,14,218,221,4,51879218,51879221
2018|general|E11|51879|3,15,231,233,3,51879231,51879233
2018|general|E11|51879|3,16,237,238,2,51879237,51879238
2018|general|E11|51879|3,17,247,251,5,51879247,51879251
2018|general|E11|51879|3,18,253,254,2,51879253,51879254
2018|general|E11|51879|3,19,269,272,4,51879269,51879272
2018|general|E11|51879|3,20,287,287,1,51879287,51879287
2018|general|E11|51879|3,21,292,292,1,51879292,51879292
2018|joint_fund|E01|U1806|3,1,219,220,2,U1806219,U1806220
2018|joint_fund|E01|U1808|3,1,208,208,1,U1808208,U1808208
2018|joint_fund|E01|U1809|3,1,215,216,2,U1809215,U1809216
2018|joint_fund|E01|U1810|3,1,108,109,2,U1810108,U1810109
2018|joint_fund|E01|U1810|3,2,111,112,2,U1810111,U1810112
2018|joint_fund|E01|U1837|3,1,201,201,1,U1837201,U1837201
2018|joint_fund|E01|U1867|3,1,201,202,2,U1867201,U1867202
2018|joint_fund|E02|U1806|3,1,221,223,3,U1806221,U1806223
2018|joint_fund|E02|U1808|3,1,209,210,2,U1808209,U1808210
2018|joint_fund|E02|U1809|3,1,217,217,1,U1809217,U1809217
2018|joint_fund|E02|U1810|3,1,113,117,5,U1810113,U1810117
2018|joint_fund|E02|U1810|3,2,204,204,1,U1810204,U1810204
2018|joint_fund|E02|U1837|3,1,202,203,2,U1837202,U1837203
2018|joint_fund|E02|U1837|3,2,601,601,1,U1837601,U1837601
2018|joint_fund|E02|U1864|3,1,207,207,1,U1864207,U1864207
2018|joint_fund|E03|U1808|3,1,211,211,1,U1808211,U1808211
2018|joint_fund|E03|U1809|3,1,218,218,1,U1809218,U1809218
2018|joint_fund|E03|U1810|3,1,118,118,1,U1810118,U1810118
2018|joint_fund|E03|U1837|3,1,204,205,2,U1837204,U1837205
2018|joint_fund|E03|U1864|3,1,208,208,1,U1864208,U1864208
2018|joint_fund|E04|U1808|3,1,212,212,1,U1808212,U1808212
2018|joint_fund|E04|U1810|3,1,119,122,4,U1810119,U1810122
2018|joint_fund|E04|U1810|3,2,205,208,4,U1810205,U1810208
2018|joint_fund|E04|U1860|3,1,101,114,14,U1860101,U1860114
2018|joint_fund|E04|U1860|3,2,201,206,6,U1860201,U1860206
2018|joint_fund|E04|U1864|3,1,209,209,1,U1864209,U1864209
2018|joint_fund|E05|U1808|3,1,213,217,5,U1808213,U1808217
2018|joint_fund|E05|U1809|3,1,219,221,3,U1809219,U1809221
2018|joint_fund|E05|U1810|3,1,123,124,2,U1810123,U1810124
2018|joint_fund|E05|U1813|3,1,219,224,6,U1813219,U1813224
2018|joint_fund|E05|U1834|3,1,201,202,2,U1834201,U1834202
2018|joint_fund|E05|U1837|3,1,206,210,5,U1837206,U1837210
2018|joint_fund|E05|U1837|3,2,602,602,1,U1837602,U1837602
2018|joint_fund|E05|U1864|3,1,210,211,2,U1864210,U1864211
2018|joint_fund|E06|U1810|3,1,125,129,5,U1810125,U1810129
2018|joint_fund|E06|U1810|3,2,209,209,1,U1810209,U1810209
2018|joint_fund|E06|U1837|3,1,211,211,1,U1837211,U1837211
2018|joint_fund|E06|U1864|3,1,212,213,2,U1864212,U1864213
2018|joint_fund|E06|U1865|3,1,101,101,1,U1865101,U1865101
2018|joint_fund|E07|U1806|3,1,224,224,1,U1806224,U1806224
2018|joint_fund|E07|U1834|3,1,203,205,3,U1834203,U1834205
2018|joint_fund|E07|U1864|3,1,214,214,1,U1864214,U1864214
2018|joint_fund|E07|U1866|3,1,201,212,12,U1866201,U1866212
2018|joint_fund|E08|U1806|3,1,225,225,1,U1806225,U1806225
2018|joint_fund|E08|U1834|3,1,206,209,4,U1834206,U1834209
2018|joint_fund|E08|U1839|3,1,201,202,2,U1839201,U1839202
2018|joint_fund|E09|U1806|3,1,226,226,1,U1806226,U1806226
2018|joint_fund|E09|U1865|3,1,102,104,3,U1865102,U1865104
2018|joint_fund|E09|U1865|3,2,201,204,4,U1865201,U1865204
2018|joint_fund|E11|U1806|3,1,227,230,4,U1806227,U1806230
2018|joint_fund|E11|U1813|3,1,225,225,1,U1813225,U1813225
2018|key|E01|51831|3,1,1,12,12,51831001,51831012
2018|key|E02|51832|3,1,1,11,11,51832001,51832011
2018|key|E03|51833|3,1,1,11,11,51833001,51833011
2018|key|E04|51834|3,1,1,10,10,51834001,51834010
2018|key|E05|51835|3,1,1,13,13,51835001,51835013
2018|key|E06|51836|3,1,1,10,10,51836001,51836010
2018|key|E07|51837|3,1,1,11,11,51837001,51837011
2018|key|E08|51838|3,1,1,4,4,51838001,51838004
2018|key|E08|51838|3,2,6,8,3,51838006,51838008
2018|key|E08|51838|3,3,10,12,3,51838010,51838012
2018|key|E09|51839|3,1,1,1,1,51839001,51839001
2018|key|E09|51839|3,2,3,3,1,51839003,51839003
2018|key|E09|51839|3,3,6,10,5,51839006,51839010
2018|key|E10|51838|3,1,5,5,1,51838005,51838005
2018|key|E10|51838|3,2,9,9,1,51838009,51838009
2018|key|E10|51838|3,3,13,13,1,51838013,51838013
2018|key|E10|51839|3,1,11,11,1,51839011,51839011
2018|key|E11|51839|3,1,2,2,1,51839002,51839002
2018|key|E11|51839|3,2,4,5,2,51839004,51839005
2018|major_research_plan|E01|91856|3,1,127,127,1,91856127,91856127
2018|major_research_plan|E01|91860|3,1,0,0,1,91860000,91860000
2018|major_research_plan|E01|91860|3,2,103,115,13,91860103,91860115
2018|major_research_plan|E01|91860|3,3,201,202,2,91860201,91860202
2018|major_research_plan|E02|91833|3,1,302,302,1,91833302,91833302
2018|major_research_plan|E02|91860|3,1,116,118,3,91860116,91860118
2018|major_research_plan|E02|91860|3,2,203,203,1,91860203,91860203
2018|major_research_plan|E03|91833|3,1,0,0,1,91833000,91833000
2018|major_research_plan|E03|91833|3,2,305,305,1,91833305,91833305
2018|major_research_plan|E03|91856|3,1,128,128,1,91856128,91856128
2018|major_research_plan|E03|91860|3,1,119,120,2,91860119,91860120
2018|major_research_plan|E03|91860|3,2,204,204,1,91860204,91860204
2018|major_research_plan|E04|91845|3,1,113,113,1,91845113,91845113
2018|major_research_plan|E04|91860|3,1,121,123,3,91860121,91860123
2018|major_research_plan|E05|91848|3,1,101,106,6,91848101,91848106
2018|major_research_plan|E05|91848|3,2,202,204,3,91848202,91848204
2018|major_research_plan|E05|91860|3,1,124,137,14,91860124,91860137
2018|major_research_plan|E05|91860|3,2,205,208,4,91860205,91860208
2018|major_research_plan|E06|91841|3,1,0,0,1,91841000,91841000
2018|major_research_plan|E06|91860|3,1,138,138,1,91860138,91860138
2018|major_research_plan|E09|91847|3,1,0,0,1,91847000,91847000
2018|major_research_plan|E09|91847|3,2,301,302,2,91847301,91847302
2018|regional|E01|51861|3,1,1,34,34,51861001,51861034
2018|regional|E02|51862|3,1,1,29,29,51862001,51862029
2018|regional|E02|51862|3,2,31,36,6,51862031,51862036
2018|regional|E03|51863|3,1,1,22,22,51863001,51863022
2018|regional|E04|51864|3,1,1,1,1,51864001,51864001
2018|regional|E04|51864|3,2,3,46,44,51864003,51864046
2018|regional|E05|51865|3,1,1,59,59,51865001,51865059
2018|regional|E06|51866|3,1,1,17,17,51866001,51866017
2018|regional|E07|51867|3,1,1,22,22,51867001,51867022
2018|regional|E08|51868|3,1,1,2,2,51868001,51868002
2018|regional|E08|51868|3,2,4,9,6,51868004,51868009
2018|regional|E08|51868|3,3,13,14,2,51868013,51868014
2018|regional|E08|51868|3,4,16,18,3,51868016,51868018
2018|regional|E08|51868|3,5,20,24,5,51868020,51868024
2018|regional|E08|51868|3,6,26,28,3,51868026,51868028
2018|regional|E08|51868|3,7,32,35,4,51868032,51868035
2018|regional|E08|51868|3,8,37,49,13,51868037,51868049
2018|regional|E08|51868|3,9,55,68,14,51868055,51868068
2018|regional|E08|51868|3,10,70,71,2,51868070,51868071
2018|regional|E08|51868|3,11,73,76,4,51868073,51868076
2018|regional|E09|51869|3,1,1,5,5,51869001,51869005
2018|regional|E09|51869|3,2,7,11,5,51869007,51869011
2018|regional|E09|51869|3,3,13,13,1,51869013,51869013
2018|regional|E09|51869|3,4,15,19,5,51869015,51869019
2018|regional|E09|51869|3,5,22,31,10,51869022,51869031
2018|regional|E10|51868|3,1,3,3,1,51868003,51868003
2018|regional|E10|51868|3,2,10,12,3,51868010,51868012
2018|regional|E10|51868|3,3,15,15,1,51868015,51868015
2018|regional|E10|51868|3,4,19,19,1,51868019,51868019
2018|regional|E10|51868|3,5,25,25,1,51868025,51868025
2018|regional|E10|51868|3,6,29,31,3,51868029,51868031
2018|regional|E10|51868|3,7,36,36,1,51868036,51868036
2018|regional|E10|51868|3,8,50,54,5,51868050,51868054
2018|regional|E10|51868|3,9,69,69,1,51868069,51868069
2018|regional|E10|51868|3,10,72,72,1,51868072,51868072
2018|regional|E10|51869|3,1,6,6,1,51869006,51869006
2018|regional|E10|51869|3,2,12,12,1,51869012,51869012
2018|regional|E10|51869|3,3,14,14,1,51869014,51869014
2018|regional|E10|51869|3,4,20,21,2,51869020,51869021
2018|regional|E10|51869|3,5,32,32,1,51869032,51869032
2018|youth_c|E01|51801|3,1,1,222,222,51801001,51801222
2018|youth_c|E01|51801|3,2,224,238,15,51801224,51801238
2018|youth_c|E02|51802|3,1,1,361,361,51802001,51802361
2018|youth_c|E03|51803|3,1,1,246,246,51803001,51803246
2018|youth_c|E04|51804|3,1,1,46,46,51804001,51804046
2018|youth_c|E04|51804|3,2,48,356,309,51804048,51804356
2018|youth_c|E05|51805|3,1,1,100,100,51805001,51805100
2018|youth_c|E05|51805|3,2,102,557,456,51805102,51805557
2018|youth_c|E06|51806|3,1,1,251,251,51806001,51806251
2018|youth_c|E07|51807|3,1,1,30,30,51807001,51807030
2018|youth_c|E07|51807|3,2,32,206,175,51807032,51807206
2018|youth_c|E08|51808|3,1,4,7,4,51808004,51808007
2018|youth_c|E08|51808|3,2,9,11,3,51808009,51808011
2018|youth_c|E08|51808|3,3,14,18,5,51808014,51808018
2018|youth_c|E08|51808|3,4,20,30,11,51808020,51808030
2018|youth_c|E08|51808|3,5,32,35,4,51808032,51808035
2018|youth_c|E08|51808|3,6,38,38,1,51808038,51808038
2018|youth_c|E08|51808|3,7,41,42,2,51808041,51808042
2018|youth_c|E08|51808|3,8,46,59,14,51808046,51808059
2018|youth_c|E08|51808|3,9,61,61,1,51808061,51808061
2018|youth_c|E08|51808|3,10,63,63,1,51808063,51808063
2018|youth_c|E08|51808|3,11,65,65,1,51808065,51808065
2018|youth_c|E08|51808|3,12,68,78,11,51808068,51808078
2018|youth_c|E08|51808|3,13,81,85,5,51808081,51808085
2018|youth_c|E08|51808|3,14,87,88,2,51808087,51808088
2018|youth_c|E08|51808|3,15,90,95,6,51808090,51808095
2018|youth_c|E08|51808|3,16,98,101,4,51808098,51808101
2018|youth_c|E08|51808|3,17,104,107,4,51808104,51808107
2018|youth_c|E08|51808|3,18,109,119,11,51808109,51808119
2018|youth_c|E08|51808|3,19,121,130,10,51808121,51808130
2018|youth_c|E08|51808|3,20,133,139,7,51808133,51808139
2018|youth_c|E08|51808|3,21,146,155,10,51808146,51808155
2018|youth_c|E08|51808|3,22,159,162,4,51808159,51808162
2018|youth_c|E08|51808|3,23,168,176,9,51808168,51808176
2018|youth_c|E08|51808|3,24,179,179,1,51808179,51808179
2018|youth_c|E08|51808|3,25,182,185,4,51808182,51808185
2018|youth_c|E08|51808|3,26,187,198,12,51808187,51808198
2018|youth_c|E08|51808|3,27,201,201,1,51808201,51808201
2018|youth_c|E08|51808|3,28,203,205,3,51808203,51808205
2018|youth_c|E08|51808|3,29,207,210,4,51808207,51808210
2018|youth_c|E08|51808|3,30,212,214,3,51808212,51808214
2018|youth_c|E08|51808|3,31,217,221,5,51808217,51808221
2018|youth_c|E08|51808|3,32,228,230,3,51808228,51808230
2018|youth_c|E08|51808|3,33,232,232,1,51808232,51808232
2018|youth_c|E08|51808|3,34,234,239,6,51808234,51808239
2018|youth_c|E08|51808|3,35,242,249,8,51808242,51808249
2018|youth_c|E08|51808|3,36,258,259,2,51808258,51808259
2018|youth_c|E08|51808|3,37,261,262,2,51808261,51808262
2018|youth_c|E08|51808|3,38,265,266,2,51808265,51808266
2018|youth_c|E08|51808|3,39,270,277,8,51808270,51808277
2018|youth_c|E08|51808|3,40,280,280,1,51808280,51808280
2018|youth_c|E08|51808|3,41,283,283,1,51808283,51808283
2018|youth_c|E08|51808|3,42,286,295,10,51808286,51808295
2018|youth_c|E08|51808|3,43,298,302,5,51808298,51808302
2018|youth_c|E08|51808|3,44,305,311,7,51808305,51808311
2018|youth_c|E08|51808|3,45,317,327,11,51808317,51808327
2018|youth_c|E08|51808|3,46,329,330,2,51808329,51808330
2018|youth_c|E08|51808|3,47,333,348,16,51808333,51808348
2018|youth_c|E08|51808|3,48,351,359,9,51808351,51808359
2018|youth_c|E08|51808|3,49,364,366,3,51808364,51808366
2018|youth_c|E08|51808|3,50,368,372,5,51808368,51808372
2018|youth_c|E08|51808|3,51,374,377,4,51808374,51808377
2018|youth_c|E08|51808|3,52,380,387,8,51808380,51808387
2018|youth_c|E08|51808|3,53,389,394,6,51808389,51808394
2018|youth_c|E08|51808|3,54,397,405,9,51808397,51808405
2018|youth_c|E08|51808|3,55,407,410,4,51808407,51808410
2018|youth_c|E08|51808|3,56,413,413,1,51808413,51808413
2018|youth_c|E08|51808|3,57,417,430,14,51808417,51808430
2018|youth_c|E08|51808|3,58,435,441,7,51808435,51808441
2018|youth_c|E08|51808|3,59,443,449,7,51808443,51808449
2018|youth_c|E08|51808|3,60,451,467,17,51808451,51808467
2018|youth_c|E08|51808|3,61,469,472,4,51808469,51808472
2018|youth_c|E08|51808|3,62,474,476,3,51808474,51808476
2018|youth_c|E08|51808|3,63,478,479,2,51808478,51808479
2018|youth_c|E08|51808|3,64,481,481,1,51808481,51808481
2018|youth_c|E08|51808|3,65,483,484,2,51808483,51808484
2018|youth_c|E08|51808|3,66,486,488,3,51808486,51808488
2018|youth_c|E08|51808|3,67,490,493,4,51808490,51808493
2018|youth_c|E08|51808|3,68,495,495,1,51808495,51808495
2018|youth_c|E08|51808|3,69,499,500,2,51808499,51808500
2018|youth_c|E08|51808|3,70,502,506,5,51808502,51808506
2018|youth_c|E08|51808|3,71,508,511,4,51808508,51808511
2018|youth_c|E08|51808|3,72,513,517,5,51808513,51808517
2018|youth_c|E08|51808|3,73,521,521,1,51808521,51808521
2018|youth_c|E08|51808|3,74,523,523,1,51808523,51808523
2018|youth_c|E08|51808|3,75,542,548,7,51808542,51808548
2018|youth_c|E08|51808|3,76,550,563,14,51808550,51808563
2018|youth_c|E09|51809|3,1,2,3,2,51809002,51809003
2018|youth_c|E09|51809|3,2,5,9,5,51809005,51809009
2018|youth_c|E09|51809|3,3,13,18,6,51809013,51809018
2018|youth_c|E09|51809|3,4,20,20,1,51809020,51809020
2018|youth_c|E09|51809|3,5,25,26,2,51809025,51809026
2018|youth_c|E09|51809|3,6,31,31,1,51809031,51809031
2018|youth_c|E09|51809|3,7,33,34,2,51809033,51809034
2018|youth_c|E09|51809|3,8,38,38,1,51809038,51809038
2018|youth_c|E09|51809|3,9,40,43,4,51809040,51809043
2018|youth_c|E09|51809|3,10,46,46,1,51809046,51809046
2018|youth_c|E09|51809|3,11,49,51,3,51809049,51809051
2018|youth_c|E09|51809|3,12,69,82,14,51809069,51809082
2018|youth_c|E09|51809|3,13,85,85,1,51809085,51809085
2018|youth_c|E09|51809|3,14,92,95,4,51809092,51809095
2018|youth_c|E09|51809|3,15,97,99,3,51809097,51809099
2018|youth_c|E09|51809|3,16,101,101,1,51809101,51809101
2018|youth_c|E09|51809|3,17,103,110,8,51809103,51809110
2018|youth_c|E09|51809|3,18,115,115,1,51809115,51809115
2018|youth_c|E09|51809|3,19,119,121,3,51809119,51809121
2018|youth_c|E09|51809|3,20,129,131,3,51809129,51809131
2018|youth_c|E09|51809|3,21,136,137,2,51809136,51809137
2018|youth_c|E09|51809|3,22,139,139,1,51809139,51809139
2018|youth_c|E09|51809|3,23,141,143,3,51809141,51809143
2018|youth_c|E09|51809|3,24,145,148,4,51809145,51809148
2018|youth_c|E09|51809|3,25,151,160,10,51809151,51809160
2018|youth_c|E09|51809|3,26,164,164,1,51809164,51809164
2018|youth_c|E09|51809|3,27,172,175,4,51809172,51809175
2018|youth_c|E09|51809|3,28,181,183,3,51809181,51809183
2018|youth_c|E09|51809|3,29,187,194,8,51809187,51809194
2018|youth_c|E09|51809|3,30,196,200,5,51809196,51809200
2018|youth_c|E09|51809|3,31,212,212,1,51809212,51809212
2018|youth_c|E09|51809|3,32,215,225,11,51809215,51809225
2018|youth_c|E09|51809|3,33,227,227,1,51809227,51809227
2018|youth_c|E09|51809|3,34,229,233,5,51809229,51809233
2018|youth_c|E09|51809|3,35,239,240,2,51809239,51809240
2018|youth_c|E09|51809|3,36,242,243,2,51809242,51809243
2018|youth_c|E09|51809|3,37,248,248,1,51809248,51809248
2018|youth_c|E09|51809|3,38,251,254,4,51809251,51809254
2018|youth_c|E09|51809|3,39,258,271,14,51809258,51809271
2018|youth_c|E09|51809|3,40,275,275,1,51809275,51809275
2018|youth_c|E09|51809|3,41,281,285,5,51809281,51809285
2018|youth_c|E09|51809|3,42,289,292,4,51809289,51809292
2018|youth_c|E09|51809|3,43,294,295,2,51809294,51809295
2018|youth_c|E09|51809|3,44,297,297,1,51809297,51809297
2018|youth_c|E10|51808|3,1,1,3,3,51808001,51808003
2018|youth_c|E10|51808|3,2,8,8,1,51808008,51808008
2018|youth_c|E10|51808|3,3,12,13,2,51808012,51808013
2018|youth_c|E10|51808|3,4,19,19,1,51808019,51808019
2018|youth_c|E10|51808|3,5,31,31,1,51808031,51808031
2018|youth_c|E10|51808|3,6,36,37,2,51808036,51808037
2018|youth_c|E10|51808|3,7,39,40,2,51808039,51808040
2018|youth_c|E10|51808|3,8,43,45,3,51808043,51808045
2018|youth_c|E10|51808|3,9,60,60,1,51808060,51808060
2018|youth_c|E10|51808|3,10,62,62,1,51808062,51808062
2018|youth_c|E10|51808|3,11,66,67,2,51808066,51808067
2018|youth_c|E10|51808|3,12,79,80,2,51808079,51808080
2018|youth_c|E10|51808|3,13,86,86,1,51808086,51808086
2018|youth_c|E10|51808|3,14,89,89,1,51808089,51808089
2018|youth_c|E10|51808|3,15,96,97,2,51808096,51808097
2018|youth_c|E10|51808|3,16,102,103,2,51808102,51808103
2018|youth_c|E10|51808|3,17,108,108,1,51808108,51808108
2018|youth_c|E10|51808|3,18,120,120,1,51808120,51808120
2018|youth_c|E10|51808|3,19,131,132,2,51808131,51808132
2018|youth_c|E10|51808|3,20,140,145,6,51808140,51808145
2018|youth_c|E10|51808|3,21,156,158,3,51808156,51808158
2018|youth_c|E10|51808|3,22,163,167,5,51808163,51808167
2018|youth_c|E10|51808|3,23,177,178,2,51808177,51808178
2018|youth_c|E10|51808|3,24,180,181,2,51808180,51808181
2018|youth_c|E10|51808|3,25,186,186,1,51808186,51808186
2018|youth_c|E10|51808|3,26,199,200,2,51808199,51808200
2018|youth_c|E10|51808|3,27,202,202,1,51808202,51808202
2018|youth_c|E10|51808|3,28,206,206,1,51808206,51808206
2018|youth_c|E10|51808|3,29,211,211,1,51808211,51808211
2018|youth_c|E10|51808|3,30,215,216,2,51808215,51808216
2018|youth_c|E10|51808|3,31,222,227,6,51808222,51808227
2018|youth_c|E10|51808|3,32,231,231,1,51808231,51808231
2018|youth_c|E10|51808|3,33,233,233,1,51808233,51808233
2018|youth_c|E10|51808|3,34,240,241,2,51808240,51808241
2018|youth_c|E10|51808|3,35,250,257,8,51808250,51808257
2018|youth_c|E10|51808|3,36,260,260,1,51808260,51808260
2018|youth_c|E10|51808|3,37,263,264,2,51808263,51808264
2018|youth_c|E10|51808|3,38,267,269,3,51808267,51808269
2018|youth_c|E10|51808|3,39,278,279,2,51808278,51808279
2018|youth_c|E10|51808|3,40,281,282,2,51808281,51808282
2018|youth_c|E10|51808|3,41,284,285,2,51808284,51808285
2018|youth_c|E10|51808|3,42,296,297,2,51808296,51808297
2018|youth_c|E10|51808|3,43,303,304,2,51808303,51808304
2018|youth_c|E10|51808|3,44,312,316,5,51808312,51808316
2018|youth_c|E10|51808|3,45,328,328,1,51808328,51808328
2018|youth_c|E10|51808|3,46,331,332,2,51808331,51808332
2018|youth_c|E10|51808|3,47,349,350,2,51808349,51808350
2018|youth_c|E10|51808|3,48,360,363,4,51808360,51808363
2018|youth_c|E10|51808|3,49,367,367,1,51808367,51808367
2018|youth_c|E10|51808|3,50,373,373,1,51808373,51808373
2018|youth_c|E10|51808|3,51,378,378,1,51808378,51808378
2018|youth_c|E10|51808|3,52,388,388,1,51808388,51808388
2018|youth_c|E10|51808|3,53,395,396,2,51808395,51808396
2018|youth_c|E10|51808|3,54,406,406,1,51808406,51808406
2018|youth_c|E10|51808|3,55,411,412,2,51808411,51808412
2018|youth_c|E10|51808|3,56,414,416,3,51808414,51808416
2018|youth_c|E10|51808|3,57,431,434,4,51808431,51808434
2018|youth_c|E10|51808|3,58,442,442,1,51808442,51808442
2018|youth_c|E10|51808|3,59,450,450,1,51808450,51808450
2018|youth_c|E10|51808|3,60,468,468,1,51808468,51808468
2018|youth_c|E10|51808|3,61,473,473,1,51808473,51808473
2018|youth_c|E10|51808|3,62,477,477,1,51808477,51808477
2018|youth_c|E10|51808|3,63,480,480,1,51808480,51808480
2018|youth_c|E10|51808|3,64,482,482,1,51808482,51808482
2018|youth_c|E10|51808|3,65,485,485,1,51808485,51808485
2018|youth_c|E10|51808|3,66,489,489,1,51808489,51808489
2018|youth_c|E10|51808|3,67,494,494,1,51808494,51808494
2018|youth_c|E10|51808|3,68,496,498,3,51808496,51808498
2018|youth_c|E10|51808|3,69,501,501,1,51808501,51808501
2018|youth_c|E10|51808|3,70,507,507,1,51808507,51808507
2018|youth_c|E10|51808|3,71,512,512,1,51808512,51808512
2018|youth_c|E10|51808|3,72,518,520,3,51808518,51808520
2018|youth_c|E10|51808|3,73,522,522,1,51808522,51808522
2018|youth_c|E10|51808|3,74,524,541,18,51808524,51808541
2018|youth_c|E10|51808|3,75,549,549,1,51808549,51808549
2018|youth_c|E10|51808|3,76,564,564,1,51808564,51808564
2018|youth_c|E10|51809|3,1,1,1,1,51809001,51809001
2018|youth_c|E10|51809|3,2,4,4,1,51809004,51809004
2018|youth_c|E10|51809|3,3,10,12,3,51809010,51809012
2018|youth_c|E10|51809|3,4,19,19,1,51809019,51809019
2018|youth_c|E10|51809|3,5,24,24,1,51809024,51809024
2018|youth_c|E10|51809|3,6,32,32,1,51809032,51809032
2018|youth_c|E10|51809|3,7,44,45,2,51809044,51809045
2018|youth_c|E10|51809|3,8,68,68,1,51809068,51809068
2018|youth_c|E10|51809|3,9,86,90,5,51809086,51809090
2018|youth_c|E10|51809|3,10,102,102,1,51809102,51809102
2018|youth_c|E10|51809|3,11,111,111,1,51809111,51809111
2018|youth_c|E10|51809|3,12,116,118,3,51809116,51809118
2018|youth_c|E10|51809|3,13,140,140,1,51809140,51809140
2018|youth_c|E10|51809|3,14,149,150,2,51809149,51809150
2018|youth_c|E10|51809|3,15,162,162,1,51809162,51809162
2018|youth_c|E10|51809|3,16,176,180,5,51809176,51809180
2018|youth_c|E10|51809|3,17,184,186,3,51809184,51809186
2018|youth_c|E10|51809|3,18,195,195,1,51809195,51809195
2018|youth_c|E10|51809|3,19,210,211,2,51809210,51809211
2018|youth_c|E10|51809|3,20,226,226,1,51809226,51809226
2018|youth_c|E10|51809|3,21,228,228,1,51809228,51809228
2018|youth_c|E10|51809|3,22,250,250,1,51809250,51809250
2018|youth_c|E10|51809|3,23,257,257,1,51809257,51809257
2018|youth_c|E10|51809|3,24,280,280,1,51809280,51809280
2018|youth_c|E10|51809|3,25,286,288,3,51809286,51809288
2018|youth_c|E10|51809|3,26,293,293,1,51809293,51809293
2018|youth_c|E10|51809|3,27,298,298,1,51809298,51809298
2018|youth_c|E11|51809|3,1,21,23,3,51809021,51809023
2018|youth_c|E11|51809|3,2,27,30,4,51809027,51809030
2018|youth_c|E11|51809|3,3,35,37,3,51809035,51809037
2018|youth_c|E11|51809|3,4,39,39,1,51809039,51809039
2018|youth_c|E11|51809|3,5,47,48,2,51809047,51809048
2018|youth_c|E11|51809|3,6,52,67,16,51809052,51809067
2018|youth_c|E11|51809|3,7,83,84,2,51809083,51809084
2018|youth_c|E11|51809|3,8,91,91,1,51809091,51809091
2018|youth_c|E11|51809|3,9,96,96,1,51809096,51809096
2018|youth_c|E11|51809|3,10,100,100,1,51809100,51809100
2018|youth_c|E11|51809|3,11,112,114,3,51809112,51809114
2018|youth_c|E11|51809|3,12,122,128,7,51809122,51809128
2018|youth_c|E11|51809|3,13,132,135,4,51809132,51809135
2018|youth_c|E11|51809|3,14,138,138,1,51809138,51809138
2018|youth_c|E11|51809|3,15,144,144,1,51809144,51809144
2018|youth_c|E11|51809|3,16,161,161,1,51809161,51809161
2018|youth_c|E11|51809|3,17,163,163,1,51809163,51809163
2018|youth_c|E11|51809|3,18,165,171,7,51809165,51809171
2018|youth_c|E11|51809|3,19,201,209,9,51809201,51809209
2018|youth_c|E11|51809|3,20,213,214,2,51809213,51809214
2018|youth_c|E11|51809|3,21,234,238,5,51809234,51809238
2018|youth_c|E11|51809|3,22,241,241,1,51809241,51809241
2018|youth_c|E11|51809|3,23,244,247,4,51809244,51809247
2018|youth_c|E11|51809|3,24,249,249,1,51809249,51809249
2018|youth_c|E11|51809|3,25,255,256,2,51809255,51809256
2018|youth_c|E11|51809|3,26,272,274,3,51809272,51809274
2018|youth_c|E11|51809|3,27,276,279,4,51809276,51809279
2018|youth_c|E11|51809|3,28,296,296,1,51809296,51809296
2019|general|E01|51971|3,1,1,251,251,51971001,51971251
2019|general|E02|51972|3,1,1,309,309,51972001,51972309
2019|general|E02|51972|3,2,312,351,40,51972312,51972351
2019|general|E03|51973|3,1,1,173,173,51973001,51973173
2019|general|E03|51973|3,2,175,246,72,51973175,51973246
2019|general|E04|51974|3,1,1,215,215,51974001,51974215
2019|general|E04|51974|3,2,217,380,164,51974217,51974380
2019|general|E05|51975|3,1,1,32,32,51975001,51975032
2019|general|E05|51975|3,2,34,358,325,51975034,51975358
2019|general|E05|51975|3,3,360,599,240,51975360,51975599
2019|general|E06|51976|3,1,1,238,238,51976001,51976238
2019|general|E07|51977|3,1,1,128,128,51977001,51977128
2019|general|E07|51977|3,2,130,221,92,51977130,51977221
2019|general|E08|51978|3,1,2,2,1,51978002,51978002
2019|general|E08|51978|3,2,4,5,2,51978004,51978005
2019|general|E08|51978|3,3,12,23,12,51978012,51978023
2019|general|E08|51978|3,4,25,29,5,51978025,51978029
2019|general|E08|51978|3,5,33,35,3,51978033,51978035
2019|general|E08|51978|3,6,38,46,9,51978038,51978046
2019|general|E08|51978|3,7,48,50,3,51978048,51978050
2019|general|E08|51978|3,8,59,97,39,51978059,51978097
2019|general|E08|51978|3,9,101,109,9,51978101,51978109
2019|general|E08|51978|3,10,111,116,6,51978111,51978116
2019|general|E08|51978|3,11,118,121,4,51978118,51978121
2019|general|E08|51978|3,12,125,130,6,51978125,51978130
2019|general|E08|51978|3,13,137,147,11,51978137,51978147
2019|general|E08|51978|3,14,149,167,19,51978149,51978167
2019|general|E08|51978|3,15,169,173,5,51978169,51978173
2019|general|E08|51978|3,16,176,177,2,51978176,51978177
2019|general|E08|51978|3,17,179,180,2,51978179,51978180
2019|general|E08|51978|3,18,182,187,6,51978182,51978187
2019|general|E08|51978|3,19,190,193,4,51978190,51978193
2019|general|E08|51978|3,20,205,226,22,51978205,51978226
2019|general|E08|51978|3,21,228,231,4,51978228,51978231
2019|general|E08|51978|3,22,234,237,4,51978234,51978237
2019|general|E08|51978|3,23,240,261,22,51978240,51978261
2019|general|E08|51978|3,24,263,265,3,51978263,51978265
2019|general|E08|51978|3,25,267,277,11,51978267,51978277
2019|general|E08|51978|3,26,279,286,8,51978279,51978286
2019|general|E08|51978|3,27,292,300,9,51978292,51978300
2019|general|E08|51978|3,28,302,310,9,51978302,51978310
2019|general|E08|51978|3,29,315,318,4,51978315,51978318
2019|general|E08|51978|3,30,320,322,3,51978320,51978322
2019|general|E08|51978|3,31,329,340,12,51978329,51978340
2019|general|E08|51978|3,32,344,346,3,51978344,51978346
2019|general|E08|51978|3,33,349,349,1,51978349,51978349
2019|general|E08|51978|3,34,351,366,16,51978351,51978366
2019|general|E08|51978|3,35,376,383,8,51978376,51978383
2019|general|E08|51978|3,36,387,403,17,51978387,51978403
2019|general|E08|51978|3,37,406,414,9,51978406,51978414
2019|general|E08|51978|3,38,416,426,11,51978416,51978426
2019|general|E08|51978|3,39,428,432,5,51978428,51978432
2019|general|E08|51978|3,40,434,434,1,51978434,51978434
2019|general|E08|51978|3,41,437,454,18,51978437,51978454
2019|general|E08|51978|3,42,456,463,8,51978456,51978463
2019|general|E08|51978|3,43,467,482,16,51978467,51978482
2019|general|E08|51978|3,44,500,535,36,51978500,51978535
2019|general|E08|51978|3,45,538,541,4,51978538,51978541
2019|general|E08|51978|3,46,543,555,13,51978543,51978555
2019|general|E08|51978|3,47,562,568,7,51978562,51978568
2019|general|E08|51978|3,48,570,573,4,51978570,51978573
2019|general|E08|51978|3,49,575,575,1,51978575,51978575
2019|general|E08|51978|3,50,577,594,18,51978577,51978594
2019|general|E08|51978|3,51,596,601,6,51978596,51978601
2019|general|E08|51978|3,52,604,614,11,51978604,51978614
2019|general|E08|51978|3,53,616,617,2,51978616,51978617
2019|general|E08|51978|3,54,619,627,9,51978619,51978627
2019|general|E08|51978|3,55,629,635,7,51978629,51978635
2019|general|E08|51978|3,56,653,653,1,51978653,51978653
2019|general|E08|51978|3,57,655,657,3,51978655,51978657
2019|general|E08|51978|3,58,660,675,16,51978660,51978675
2019|general|E08|51978|3,59,677,678,2,51978677,51978678
2019|general|E09|51979|3,1,1,5,5,51979001,51979005
2019|general|E09|51979|3,2,7,12,6,51979007,51979012
2019|general|E09|51979|3,3,23,27,5,51979023,51979027
2019|general|E09|51979|3,4,38,38,1,51979038,51979038
2019|general|E09|51979|3,5,40,40,1,51979040,51979040
2019|general|E09|51979|3,6,43,43,1,51979043,51979043
2019|general|E09|51979|3,7,46,46,1,51979046,51979046
2019|general|E09|51979|3,8,67,74,8,51979067,51979074
2019|general|E09|51979|3,9,82,94,13,51979082,51979094
2019|general|E09|51979|3,10,100,100,1,51979100,51979100
2019|general|E09|51979|3,11,105,109,5,51979105,51979109
2019|general|E09|51979|3,12,112,114,3,51979112,51979114
2019|general|E09|51979|3,13,118,119,2,51979118,51979119
2019|general|E09|51979|3,14,122,122,1,51979122,51979122
2019|general|E09|51979|3,15,124,128,5,51979124,51979128
2019|general|E09|51979|3,16,133,135,3,51979133,51979135
2019|general|E09|51979|3,17,138,140,3,51979138,51979140
2019|general|E09|51979|3,18,142,146,5,51979142,51979146
2019|general|E09|51979|3,19,150,154,5,51979150,51979154
2019|general|E09|51979|3,20,156,156,1,51979156,51979156
2019|general|E09|51979|3,21,158,158,1,51979158,51979158
2019|general|E09|51979|3,22,169,170,2,51979169,51979170
2019|general|E09|51979|3,23,172,177,6,51979172,51979177
2019|general|E09|51979|3,24,179,189,11,51979179,51979189
2019|general|E09|51979|3,25,198,202,5,51979198,51979202
2019|general|E09|51979|3,26,204,208,5,51979204,51979208
2019|general|E09|51979|3,27,218,221,4,51979218,51979221
2019|general|E09|51979|3,28,224,225,2,51979224,51979225
2019|general|E09|51979|3,29,230,235,6,51979230,51979235
2019|general|E09|51979|3,30,239,239,1,51979239,51979239
2019|general|E09|51979|3,31,242,244,3,51979242,51979244
2019|general|E09|51979|3,32,248,254,7,51979248,51979254
2019|general|E09|51979|3,33,264,264,1,51979264,51979264
2019|general|E09|51979|3,34,266,276,11,51979266,51979276
2019|general|E09|51979|3,35,280,281,2,51979280,51979281
2019|general|E09|51979|3,36,284,293,10,51979284,51979293
2019|general|E09|51979|3,37,295,297,3,51979295,51979297
2019|general|E10|51978|3,1,1,1,1,51978001,51978001
2019|general|E10|51978|3,2,3,3,1,51978003,51978003
2019|general|E10|51978|3,3,6,11,6,51978006,51978011
2019|general|E10|51978|3,4,24,24,1,51978024,51978024
2019|general|E10|51978|3,5,30,32,3,51978030,51978032
2019|general|E10|51978|3,6,36,37,2,51978036,51978037
2019|general|E10|51978|3,7,47,47,1,51978047,51978047
2019|general|E10|51978|3,8,51,57,7,51978051,51978057
2019|general|E10|51978|3,9,98,100,3,51978098,51978100
2019|general|E10|51978|3,10,110,110,1,51978110,51978110
2019|general|E10|51978|3,11,117,117,1,51978117,51978117
2019|general|E10|51978|3,12,122,124,3,51978122,51978124
2019|general|E10|51978|3,13,131,136,6,51978131,51978136
2019|general|E10|51978|3,14,148,148,1,51978148,51978148
2019|general|E10|51978|3,15,168,168,1,51978168,51978168
2019|general|E10|51978|3,16,174,175,2,51978174,51978175
2019|general|E10|51978|3,17,178,178,1,51978178,51978178
2019|general|E10|51978|3,18,181,181,1,51978181,51978181
2019|general|E10|51978|3,19,188,189,2,51978188,51978189
2019|general|E10|51978|3,20,194,204,11,51978194,51978204
2019|general|E10|51978|3,21,227,227,1,51978227,51978227
2019|general|E10|51978|3,22,232,233,2,51978232,51978233
2019|general|E10|51978|3,23,238,239,2,51978238,51978239
2019|general|E10|51978|3,24,262,262,1,51978262,51978262
2019|general|E10|51978|3,25,266,266,1,51978266,51978266
2019|general|E10|51978|3,26,278,278,1,51978278,51978278
2019|general|E10|51978|3,27,287,291,5,51978287,51978291
2019|general|E10|51978|3,28,301,301,1,51978301,51978301
2019|general|E10|51978|3,29,311,314,4,51978311,51978314
2019|general|E10|51978|3,30,319,319,1,51978319,51978319
2019|general|E10|51978|3,31,323,328,6,51978323,51978328
2019|general|E10|51978|3,32,341,343,3,51978341,51978343
2019|general|E10|51978|3,33,347,348,2,51978347,51978348
2019|general|E10|51978|3,34,350,350,1,51978350,51978350
2019|general|E10|51978|3,35,367,375,9,51978367,51978375
2019|general|E10|51978|3,36,384,386,3,51978384,51978386
2019|general|E10|51978|3,37,404,405,2,51978404,51978405
2019|general|E10|51978|3,38,415,415,1,51978415,51978415
2019|general|E10|51978|3,39,427,427,1,51978427,51978427
2019|general|E10|51978|3,40,433,433,1,51978433,51978433
2019|general|E10|51978|3,41,435,436,2,51978435,51978436
2019|general|E10|51978|3,42,455,455,1,51978455,51978455
2019|general|E10|51978|3,43,464,466,3,51978464,51978466
2019|general|E10|51978|3,44,483,499,17,51978483,51978499
2019|general|E10|51978|3,45,536,537,2,51978536,51978537
2019|general|E10|51978|3,46,542,542,1,51978542,51978542
2019|general|E10|51978|3,47,556,561,6,51978556,51978561
2019|general|E10|51978|3,48,569,569,1,51978569,51978569
2019|general|E10|51978|3,49,576,576,1,51978576,51978576
2019|general|E10|51978|3,50,595,595,1,51978595,51978595
2019|general|E10|51978|3,51,602,603,2,51978602,51978603
2019|general|E10|51978|3,52,615,615,1,51978615,51978615
2019|general|E10|51978|3,53,618,618,1,51978618,51978618
2019|general|E10|51978|3,54,628,628,1,51978628,51978628
2019|general|E10|51978|3,55,636,652,17,51978636,51978652
2019|general|E10|51978|3,56,654,654,1,51978654,51978654
2019|general|E10|51978|3,57,658,659,2,51978658,51978659
2019|general|E10|51978|3,58,676,676,1,51978676,51978676
2019|general|E10|51979|3,1,6,6,1,51979006,51979006
2019|general|E10|51979|3,2,16,16,1,51979016,51979016
2019|general|E10|51979|3,3,39,39,1,51979039,51979039
2019|general|E10|51979|3,4,42,42,1,51979042,51979042
2019|general|E10|51979|3,5,44,44,1,51979044,51979044
2019|general|E10|51979|3,6,66,66,1,51979066,51979066
2019|general|E10|51979|3,7,75,81,7,51979075,51979081
2019|general|E10|51979|3,8,101,104,4,51979101,51979104
2019|general|E10|51979|3,9,120,120,1,51979120,51979120
2019|general|E10|51979|3,10,123,123,1,51979123,51979123
2019|general|E10|51979|3,11,136,137,2,51979136,51979137
2019|general|E10|51979|3,12,141,141,1,51979141,51979141
2019|general|E10|51979|3,13,147,149,3,51979147,51979149
2019|general|E10|51979|3,14,168,168,1,51979168,51979168
2019|general|E10|51979|3,15,171,171,1,51979171,51979171
2019|general|E10|51979|3,16,178,178,1,51979178,51979178
2019|general|E10|51979|3,17,194,195,2,51979194,51979195
2019|general|E10|51979|3,18,197,197,1,51979197,51979197
2019|general|E10|51979|3,19,203,203,1,51979203,51979203
2019|general|E10|51979|3,20,217,217,1,51979217,51979217
2019|general|E10|51979|3,21,222,223,2,51979222,51979223
2019|general|E10|51979|3,22,236,237,2,51979236,51979237
2019|general|E10|51979|3,23,240,241,2,51979240,51979241
2019|general|E10|51979|3,24,255,255,1,51979255,51979255
2019|general|E10|51979|3,25,262,263,2,51979262,51979263
2019|general|E10|51979|3,26,265,265,1,51979265,51979265
2019|general|E10|51979|3,27,294,294,1,51979294,51979294
2019|general|E11|51979|3,1,13,15,3,51979013,51979015
2019|general|E11|51979|3,2,17,22,6,51979017,51979022
2019|general|E11|51979|3,3,28,37,10,51979028,51979037
2019|general|E11|51979|3,4,41,41,1,51979041,51979041
2019|general|E11|51979|3,5,45,45,1,51979045,51979045
2019|general|E11|51979|3,6,47,65,19,51979047,51979065
2019|general|E11|51979|3,7,95,99,5,51979095,51979099
2019|general|E11|51979|3,8,110,111,2,51979110,51979111
2019|general|E11|51979|3,9,115,117,3,51979115,51979117
2019|general|E11|51979|3,10,121,121,1,51979121,51979121
2019|general|E11|51979|3,11,129,131,3,51979129,51979131
2019|general|E11|51979|3,12,155,155,1,51979155,51979155
2019|general|E11|51979|3,13,157,157,1,51979157,51979157
2019|general|E11|51979|3,14,159,167,9,51979159,51979167
2019|general|E11|51979|3,15,190,193,4,51979190,51979193
2019|general|E11|51979|3,16,209,216,8,51979209,51979216
2019|general|E11|51979|3,17,226,229,4,51979226,51979229
2019|general|E11|51979|3,18,238,238,1,51979238,51979238
2019|general|E11|51979|3,19,245,247,3,51979245,51979247
2019|general|E11|51979|3,20,256,261,6,51979256,51979261
2019|general|E11|51979|3,21,277,279,3,51979277,51979279
2019|general|E11|51979|3,22,282,283,2,51979282,51979283
2019|joint_fund|E01|U1906|3,1,226,226,1,U1906226,U1906226
2019|joint_fund|E01|U1908|3,1,219,220,2,U1908219,U1908220
2019|joint_fund|E01|U1964|3,1,204,204,1,U1964204,U1964204
2019|joint_fund|E01|U1967|3,1,211,212,2,U1967211,U1967212
2019|joint_fund|E01|U19A2|3,1,84,86,3,U19A2084,U19A2086
2019|joint_fund|E02|U1906|3,1,227,227,1,U1906227,U1906227
2019|joint_fund|E02|U1909|3,1,211,214,4,U1909211,U1909214
2019|joint_fund|E02|U1910|3,1,208,210,3,U1910208,U1910210
2019|joint_fund|E02|U1937|3,1,201,201,1,U1937201,U1937201
2019|joint_fund|E02|U1964|3,1,205,205,1,U1964205,U1964205
2019|joint_fund|E02|U19A2|3,1,87,93,7,U19A2087,U19A2093
2019|joint_fund|E03|U1908|3,1,221,221,1,U1908221,U1908221
2019|joint_fund|E03|U19A2|3,1,94,96,3,U19A2094,U19A2096
2019|joint_fund|E04|U1908|3,1,222,227,6,U1908222,U1908227
2019|joint_fund|E04|U1960|3,1,101,115,15,U1960101,U1960115
2019|joint_fund|E04|U1960|3,2,201,205,5,U1960201,U1960205
2019|joint_fund|E04|U1967|3,1,213,214,2,U1967213,U1967214
2019|joint_fund|E04|U19A2|3,1,97,99,3,U19A2097,U19A2099
2019|joint_fund|E04|U19A20|3,1,100,100,1,U19A20100,U19A20100
2019|joint_fund|E04|U19B2|3,1,9,12,4,U19B2009,U19B2012
2019|joint_fund|E05|U1908|3,1,228,233,6,U1908228,U1908233
2019|joint_fund|E05|U1909|3,1,215,218,4,U1909215,U1909218
2019|joint_fund|E05|U1909|3,2,220,221,2,U1909220,U1909221
2019|joint_fund|E05|U1910|3,1,211,213,3,U1910211,U1910213
2019|joint_fund|E05|U1913|3,1,213,216,4,U1913213,U1913216
2019|joint_fund|E05|U1934|3,1,201,203,3,U1934201,U1934203
2019|joint_fund|E05|U1937|3,1,202,208,7,U1937202,U1937208
2019|joint_fund|E05|U1937|3,2,601,603,3,U1937601,U1937603
2019|joint_fund|E05|U1964|3,1,206,206,1,U1964206,U1964206
2019|joint_fund|E05|U19A20|3,1,101,104,4,U19A20101,U19A20104
2019|joint_fund|E06|U1906|3,1,228,228,1,U1906228,U1906228
2019|joint_fund|E06|U1910|3,1,214,215,2,U1910214,U1910215
2019|joint_fund|E06|U1965|3,1,102,102,1,U1965102,U1965102
2019|joint_fund|E07|U1910|3,1,216,216,1,U1910216,U1910216
2019|joint_fund|E07|U1934|3,1,204,204,1,U1934204,U1934204
2019|joint_fund|E07|U1964|3,1,207,207,1,U1964207,U1964207
2019|joint_fund|E07|U1965|3,1,103,104,2,U1965103,U1965104
2019|joint_fund|E07|U1966|3,1,203,214,12,U1966203,U1966214
2019|joint_fund|E07|U19A20|3,1,105,106,2,U19A20105,U19A20106
2019|joint_fund|E08|U1934|3,1,205,217,13,U1934205,U1934217
2019|joint_fund|E08|U1939|3,1,208,210,3,U1939208,U1939210
2019|joint_fund|E08|U1965|3,1,105,105,1,U1965105,U1965105
2019|joint_fund|E08|U19A20|3,1,109,110,2,U19A20109,U19A20110
2019|joint_fund|E09|U1906|3,1,229,229,1,U1906229,U1906229
2019|joint_fund|E09|U1934|3,1,218,218,1,U1934218,U1934218
2019|joint_fund|E09|U1965|3,1,106,110,5,U1965106,U1965110
2019|joint_fund|E09|U1965|3,2,202,207,6,U1965202,U1965207
2019|joint_fund|E09|U19A20|3,1,111,111,1,U19A20111,U19A20111
2019|joint_fund|E10|U19A20|3,1,107,108,2,U19A20107,U19A20108
2019|joint_fund|E11|U1906|3,1,230,234,5,U1906230,U1906234
2019|joint_fund|E11|U19B2|3,1,13,13,1,U19B2013,U19B2013
2019|key|E01|51931|3,1,1,12,12,51931001,51931012
2019|key|E02|51932|3,1,1,11,11,51932001,51932011
2019|key|E03|51933|3,1,1,11,11,51933001,51933011
2019|key|E04|51934|3,1,1,10,10,51934001,51934010
2019|key|E05|51935|3,1,1,14,14,51935001,51935014
2019|key|E06|51936|3,1,1,11,11,51936001,51936011
2019|key|E07|51937|3,1,1,11,11,51937001,51937011
2019|key|E08|51938|3,1,2,6,5,51938002,51938006
2019|key|E08|51938|3,2,8,9,2,51938008,51938009
2019|key|E08|51938|3,3,11,13,3,51938011,51938013
2019|key|E09|51939|3,1,4,8,5,51939004,51939008
2019|key|E09|51939|3,2,10,11,2,51939010,51939011
2019|key|E10|51938|3,1,1,1,1,51938001,51938001
2019|key|E10|51938|3,2,7,7,1,51938007,51938007
2019|key|E10|51938|3,3,10,10,1,51938010,51938010
2019|key|E10|51938|3,4,14,14,1,51938014,51938014
2019|key|E10|51939|3,1,9,9,1,51939009,51939009
2019|key|E11|51939|3,1,1,3,3,51939001,51939003
2019|major_research_plan|E01|91960|3,1,101,101,1,91960101,91960101
2019|major_research_plan|E01|91960|3,2,201,202,2,91960201,91960202
2019|major_research_plan|E01|91963|3,1,110,113,4,91963110,91963113
2019|major_research_plan|E01|91963|3,2,201,201,1,91963201,91963201
2019|major_research_plan|E02|91960|3,1,102,105,4,91960102,91960105
2019|major_research_plan|E02|91963|3,1,114,123,10,91963114,91963123
2019|major_research_plan|E02|91963|3,2,202,211,10,91963202,91963211
2019|major_research_plan|E03|91963|3,1,124,126,3,91963124,91963126
2019|major_research_plan|E03|91963|3,2,212,212,1,91963212,91963212
2019|major_research_plan|E04|91962|3,1,223,223,1,91962223,91962223
2019|major_research_plan|E05|91948|3,1,201,203,3,91948201,91948203
2019|major_research_plan|E05|91960|3,1,106,109,4,91960106,91960109
2019|major_research_plan|E05|91960|3,2,203,204,2,91960203,91960204
2019|major_research_plan|E05|91963|3,1,127,127,1,91963127,91963127
2019|major_research_plan|E06|91941|3,1,0,0,1,91941000,91941000
2019|major_research_plan|E06|91941|3,2,101,105,5,91941101,91941105
2019|major_research_plan|E06|91960|3,1,110,110,1,91960110,91960110
2019|regional|E01|51961|3,1,1,35,35,51961001,51961035
2019|regional|E02|51962|3,1,1,36,36,51962001,51962036
2019|regional|E03|51963|3,1,1,21,21,51963001,51963021
2019|regional|E04|51964|3,1,1,46,46,51964001,51964046
2019|regional|E05|51965|3,1,1,47,47,51965001,51965047
2019|regional|E05|51965|3,2,49,59,11,51965049,51965059
2019|regional|E06|51966|3,1,1,19,19,51966001,51966019
2019|regional|E07|51967|3,1,1,20,20,51967001,51967020
2019|regional|E08|51968|3,1,1,6,6,51968001,51968006
2019|regional|E08|51968|3,2,9,16,8,51968009,51968016
2019|regional|E08|51968|3,3,18,30,13,51968018,51968030
2019|regional|E08|51968|3,4,35,37,3,51968035,51968037
2019|regional|E08|51968|3,5,39,47,9,51968039,51968047
2019|regional|E08|51968|3,6,51,64,14,51968051,51968064
2019|regional|E08|51968|3,7,66,66,1,51968066,51968066
2019|regional|E08|51968|3,8,68,70,3,51968068,51968070
2019|regional|E08|51968|3,9,74,74,1,51968074,51968074
2019|regional|E09|51969|3,1,2,4,3,51969002,51969004
2019|regional|E09|51969|3,2,6,7,2,51969006,51969007
2019|regional|E09|51969|3,3,9,30,22,51969009,51969030
2019|regional|E10|51968|3,1,7,8,2,51968007,51968008
2019|regional|E10|51968|3,2,17,17,1,51968017,51968017
2019|regional|E10|51968|3,3,31,34,4,51968031,51968034
2019|regional|E10|51968|3,4,38,38,1,51968038,51968038
2019|regional|E10|51968|3,5,48,50,3,51968048,51968050
2019|regional|E10|51968|3,6,65,65,1,51968065,51968065
2019|regional|E10|51968|3,7,67,67,1,51968067,51968067
2019|regional|E10|51968|3,8,71,73,3,51968071,51968073
2019|regional|E10|51968|3,9,75,76,2,51968075,51968076
2019|regional|E10|51969|3,1,8,8,1,51969008,51969008
2019|regional|E10|51969|3,2,31,32,2,51969031,51969032
2019|regional|E11|51969|3,1,1,1,1,51969001,51969001
2019|regional|E11|51969|3,2,5,5,1,51969005,51969005
2019|youth_c|E01|51901|3,1,1,141,141,51901001,51901141
2019|youth_c|E01|51901|3,2,143,254,112,51901143,51901254
2019|youth_c|E02|51902|3,1,1,1,1,51902001,51902001
2019|youth_c|E02|51902|3,2,3,185,183,51902003,51902185
2019|youth_c|E02|51902|3,3,187,205,19,51902187,51902205
2019|youth_c|E02|51902|3,4,207,213,7,51902207,51902213
2019|youth_c|E02|51902|3,5,215,224,10,51902215,51902224
2019|youth_c|E02|51902|3,6,226,301,76,51902226,51902301
2019|youth_c|E02|51902|3,7,303,351,49,51902303,51902351
2019|youth_c|E02|51902|3,8,353,360,8,51902353,51902360
2019|youth_c|E03|51903|3,1,1,258,258,51903001,51903258
2019|youth_c|E04|51904|3,1,1,230,230,51904001,51904230
2019|youth_c|E04|51904|3,2,232,360,129,51904232,51904360
2019|youth_c|E05|51905|3,1,1,128,128,51905001,51905128
2019|youth_c|E05|51905|3,2,130,558,429,51905130,51905558
2019|youth_c|E06|51906|3,1,1,265,265,51906001,51906265
2019|youth_c|E07|51907|3,1,1,206,206,51907001,51907206
2019|youth_c|E08|51908|3,1,2,20,19,51908002,51908020
2019|youth_c|E08|51908|3,2,22,28,7,51908022,51908028
2019|youth_c|E08|51908|3,3,31,61,31,51908031,51908061
2019|youth_c|E08|51908|3,4,63,80,18,51908063,51908080
2019|youth_c|E08|51908|3,5,84,90,7,51908084,51908090
2019|youth_c|E08|51908|3,6,92,95,4,51908092,51908095
2019|youth_c|E08|51908|3,7,97,98,2,51908097,51908098
2019|youth_c|E08|51908|3,8,101,108,8,51908101,51908108
2019|youth_c|E08|51908|3,9,110,125,16,51908110,51908125
2019|youth_c|E08|51908|3,10,129,130,2,51908129,51908130
2019|youth_c|E08|51908|3,11,133,135,3,51908133,51908135
2019|youth_c|E08|51908|3,12,137,139,3,51908137,51908139
2019|youth_c|E08|51908|3,13,141,142,2,51908141,51908142
2019|youth_c|E08|51908|3,14,146,160,15,51908146,51908160
2019|youth_c|E08|51908|3,15,165,170,6,51908165,51908170
2019|youth_c|E08|51908|3,16,173,176,4,51908173,51908176
2019|youth_c|E08|51908|3,17,178,179,2,51908178,51908179
2019|youth_c|E08|51908|3,18,182,188,7,51908182,51908188
2019|youth_c|E08|51908|3,19,190,198,9,51908190,51908198
2019|youth_c|E08|51908|3,20,201,210,10,51908201,51908210
2019|youth_c|E08|51908|3,21,212,212,1,51908212,51908212
2019|youth_c|E08|51908|3,22,215,216,2,51908215,51908216
2019|youth_c|E08|51908|3,23,219,229,11,51908219,51908229
2019|youth_c|E08|51908|3,24,231,232,2,51908231,51908232
2019|youth_c|E08|51908|3,25,235,239,5,51908235,51908239
2019|youth_c|E08|51908|3,26,243,243,1,51908243,51908243
2019|youth_c|E08|51908|3,27,248,251,4,51908248,51908251
2019|youth_c|E08|51908|3,28,253,254,2,51908253,51908254
2019|youth_c|E08|51908|3,29,257,261,5,51908257,51908261
2019|youth_c|E08|51908|3,30,263,268,6,51908263,51908268
2019|youth_c|E08|51908|3,31,271,272,2,51908271,51908272
2019|youth_c|E08|51908|3,32,278,280,3,51908278,51908280
2019|youth_c|E08|51908|3,33,282,291,10,51908282,51908291
2019|youth_c|E08|51908|3,34,295,295,1,51908295,51908295
2019|youth_c|E08|51908|3,35,297,302,6,51908297,51908302
2019|youth_c|E08|51908|3,36,306,313,8,51908306,51908313
2019|youth_c|E08|51908|3,37,319,325,7,51908319,51908325
2019|youth_c|E08|51908|3,38,327,333,7,51908327,51908333
2019|youth_c|E08|51908|3,39,336,342,7,51908336,51908342
2019|youth_c|E08|51908|3,40,344,350,7,51908344,51908350
2019|youth_c|E08|51908|3,41,352,354,3,51908352,51908354
2019|youth_c|E08|51908|3,42,356,365,10,51908356,51908365
2019|youth_c|E08|51908|3,43,367,374,8,51908367,51908374
2019|youth_c|E08|51908|3,44,376,376,1,51908376,51908376
2019|youth_c|E08|51908|3,45,378,379,2,51908378,51908379
2019|youth_c|E08|51908|3,46,381,382,2,51908381,51908382
2019|youth_c|E08|51908|3,47,384,393,10,51908384,51908393
2019|youth_c|E08|51908|3,48,395,395,1,51908395,51908395
2019|youth_c|E08|51908|3,49,397,397,1,51908397,51908397
2019|youth_c|E08|51908|3,50,401,402,2,51908401,51908402
2019|youth_c|E08|51908|3,51,405,407,3,51908405,51908407
2019|youth_c|E08|51908|3,52,410,413,4,51908410,51908413
2019|youth_c|E08|51908|3,53,416,431,16,51908416,51908431
2019|youth_c|E08|51908|3,54,434,435,2,51908434,51908435
2019|youth_c|E08|51908|3,55,437,438,2,51908437,51908438
2019|youth_c|E08|51908|3,56,440,446,7,51908440,51908446
2019|youth_c|E08|51908|3,57,449,456,8,51908449,51908456
2019|youth_c|E08|51908|3,58,459,466,8,51908459,51908466
2019|youth_c|E08|51908|3,59,468,478,11,51908468,51908478
2019|youth_c|E08|51908|3,60,481,484,4,51908481,51908484
2019|youth_c|E08|51908|3,61,486,490,5,51908486,51908490
2019|youth_c|E08|51908|3,62,492,498,7,51908492,51908498
2019|youth_c|E08|51908|3,63,501,508,8,51908501,51908508
2019|youth_c|E08|51908|3,64,510,523,14,51908510,51908523
2019|youth_c|E08|51908|3,65,526,527,2,51908526,51908527
2019|youth_c|E08|51908|3,66,543,546,4,51908543,51908546
2019|youth_c|E08|51908|3,67,548,554,7,51908548,51908554
2019|youth_c|E08|51908|3,68,556,560,5,51908556,51908560
2019|youth_c|E08|51908|3,69,562,563,2,51908562,51908563
2019|youth_c|E08|51908|3,70,568,568,1,51908568,51908568
2019|youth_c|E09|51909|3,1,2,4,3,51909002,51909004
2019|youth_c|E09|51909|3,2,7,7,1,51909007,51909007
2019|youth_c|E09|51909|3,3,9,11,3,51909009,51909011
2019|youth_c|E09|51909|3,4,24,26,3,51909024,51909026
2019|youth_c|E09|51909|3,5,32,33,2,51909032,51909033
2019|youth_c|E09|51909|3,6,35,35,1,51909035,51909035
2019|youth_c|E09|51909|3,7,52,54,3,51909052,51909054
2019|youth_c|E09|51909|3,8,57,64,8,51909057,51909064
2019|youth_c|E09|51909|3,9,68,72,5,51909068,51909072
2019|youth_c|E09|51909|3,10,78,81,4,51909078,51909081
2019|youth_c|E09|51909|3,11,83,83,1,51909083,51909083
2019|youth_c|E09|51909|3,12,86,88,3,51909086,51909088
2019|youth_c|E09|51909|3,13,91,95,5,51909091,51909095
2019|youth_c|E09|51909|3,14,97,97,1,51909097,51909097
2019|youth_c|E09|51909|3,15,99,99,1,51909099,51909099
2019|youth_c|E09|51909|3,16,101,102,2,51909101,51909102
2019|youth_c|E09|51909|3,17,104,104,1,51909104,51909104
2019|youth_c|E09|51909|3,18,106,106,1,51909106,51909106
2019|youth_c|E09|51909|3,19,108,108,1,51909108,51909108
2019|youth_c|E09|51909|3,20,112,113,2,51909112,51909113
2019|youth_c|E09|51909|3,21,115,118,4,51909115,51909118
2019|youth_c|E09|51909|3,22,120,122,3,51909120,51909122
2019|youth_c|E09|51909|3,23,128,133,6,51909128,51909133
2019|youth_c|E09|51909|3,24,136,144,9,51909136,51909144
2019|youth_c|E09|51909|3,25,146,147,2,51909146,51909147
2019|youth_c|E09|51909|3,26,149,151,3,51909149,51909151
2019|youth_c|E09|51909|3,27,169,175,7,51909169,51909175
2019|youth_c|E09|51909|3,28,177,187,11,51909177,51909187
2019|youth_c|E09|51909|3,29,191,196,6,51909191,51909196
2019|youth_c|E09|51909|3,30,204,205,2,51909204,51909205
2019|youth_c|E09|51909|3,31,207,209,3,51909207,51909209
2019|youth_c|E09|51909|3,32,211,215,5,51909211,51909215
2019|youth_c|E09|51909|3,33,220,228,9,51909220,51909228
2019|youth_c|E09|51909|3,34,231,233,3,51909231,51909233
2019|youth_c|E09|51909|3,35,235,235,1,51909235,51909235
2019|youth_c|E09|51909|3,36,239,244,6,51909239,51909244
2019|youth_c|E09|51909|3,37,247,248,2,51909247,51909248
2019|youth_c|E09|51909|3,38,250,250,1,51909250,51909250
2019|youth_c|E09|51909|3,39,259,266,8,51909259,51909266
2019|youth_c|E09|51909|3,40,268,270,3,51909268,51909270
2019|youth_c|E09|51909|3,41,272,278,7,51909272,51909278
2019|youth_c|E09|51909|3,42,280,280,1,51909280,51909280
2019|youth_c|E09|51909|3,43,285,289,5,51909285,51909289
2019|youth_c|E10|51908|3,1,1,1,1,51908001,51908001
2019|youth_c|E10|51908|3,2,21,21,1,51908021,51908021
2019|youth_c|E10|51908|3,3,29,30,2,51908029,51908030
2019|youth_c|E10|51908|3,4,62,62,1,51908062,51908062
2019|youth_c|E10|51908|3,5,81,83,3,51908081,51908083
2019|youth_c|E10|51908|3,6,91,91,1,51908091,51908091
2019|youth_c|E10|51908|3,7,96,96,1,51908096,51908096
2019|youth_c|E10|51908|3,8,99,100,2,51908099,51908100
2019|youth_c|E10|51908|3,9,109,109,1,51908109,51908109
2019|youth_c|E10|51908|3,10,126,128,3,51908126,51908128
2019|youth_c|E10|51908|3,11,131,132,2,51908131,51908132
2019|youth_c|E10|51908|3,12,136,136,1,51908136,51908136
2019|youth_c|E10|51908|3,13,140,140,1,51908140,51908140
2019|youth_c|E10|51908|3,14,143,145,3,51908143,51908145
2019|youth_c|E10|51908|3,15,161,164,4,51908161,51908164
2019|youth_c|E10|51908|3,16,171,172,2,51908171,51908172
2019|youth_c|E10|51908|3,17,177,177,1,51908177,51908177
2019|youth_c|E10|51908|3,18,180,181,2,51908180,51908181
2019|youth_c|E10|51908|3,19,189,189,1,51908189,51908189
2019|youth_c|E10|51908|3,20,199,200,2,51908199,51908200
2019|youth_c|E10|51908|3,21,211,211,1,51908211,51908211
2019|youth_c|E10|51908|3,22,213,214,2,51908213,51908214
2019|youth_c|E10|51908|3,23,217,218,2,51908217,51908218
2019|youth_c|E10|51908|3,24,230,230,1,51908230,51908230
2019|youth_c|E10|51908|3,25,233,234,2,51908233,51908234
2019|youth_c|E10|51908|3,26,240,242,3,51908240,51908242
2019|youth_c|E10|51908|3,27,244,246,3,51908244,51908246
2019|youth_c|E10|51908|3,28,252,252,1,51908252,51908252
2019|youth_c|E10|51908|3,29,255,256,2,51908255,51908256
2019|youth_c|E10|51908|3,30,262,262,1,51908262,51908262
2019|youth_c|E10|51908|3,31,269,270,2,51908269,51908270
2019|youth_c|E10|51908|3,32,273,277,5,51908273,51908277
2019|youth_c|E10|51908|3,33,281,281,1,51908281,51908281
2019|youth_c|E10|51908|3,34,292,294,3,51908292,51908294
2019|youth_c|E10|51908|3,35,296,296,1,51908296,51908296
2019|youth_c|E10|51908|3,36,303,305,3,51908303,51908305
2019|youth_c|E10|51908|3,37,314,318,5,51908314,51908318
2019|youth_c|E10|51908|3,38,326,326,1,51908326,51908326
2019|youth_c|E10|51908|3,39,334,335,2,51908334,51908335
2019|youth_c|E10|51908|3,40,343,343,1,51908343,51908343
2019|youth_c|E10|51908|3,41,351,351,1,51908351,51908351
2019|youth_c|E10|51908|3,42,355,355,1,51908355,51908355
2019|youth_c|E10|51908|3,43,366,366,1,51908366,51908366
2019|youth_c|E10|51908|3,44,375,375,1,51908375,51908375
2019|youth_c|E10|51908|3,45,377,377,1,51908377,51908377
2019|youth_c|E10|51908|3,46,380,380,1,51908380,51908380
2019|youth_c|E10|51908|3,47,383,383,1,51908383,51908383
2019|youth_c|E10|51908|3,48,394,394,1,51908394,51908394
2019|youth_c|E10|51908|3,49,396,396,1,51908396,51908396
2019|youth_c|E10|51908|3,50,398,400,3,51908398,51908400
2019|youth_c|E10|51908|3,51,403,404,2,51908403,51908404
2019|youth_c|E10|51908|3,52,408,409,2,51908408,51908409
2019|youth_c|E10|51908|3,53,414,415,2,51908414,51908415
2019|youth_c|E10|51908|3,54,432,433,2,51908432,51908433
2019|youth_c|E10|51908|3,55,436,436,1,51908436,51908436
2019|youth_c|E10|51908|3,56,439,439,1,51908439,51908439
2019|youth_c|E10|51908|3,57,447,448,2,51908447,51908448
2019|youth_c|E10|51908|3,58,457,458,2,51908457,51908458
2019|youth_c|E10|51908|3,59,467,467,1,51908467,51908467
2019|youth_c|E10|51908|3,60,479,480,2,51908479,51908480
2019|youth_c|E10|51908|3,61,485,485,1,51908485,51908485
2019|youth_c|E10|51908|3,62,491,491,1,51908491,51908491
2019|youth_c|E10|51908|3,63,499,500,2,51908499,51908500
2019|youth_c|E10|51908|3,64,509,509,1,51908509,51908509
2019|youth_c|E10|51908|3,65,524,525,2,51908524,51908525
2019|youth_c|E10|51908|3,66,528,542,15,51908528,51908542
2019|youth_c|E10|51908|3,67,547,547,1,51908547,51908547
2019|youth_c|E10|51908|3,68,555,555,1,51908555,51908555
2019|youth_c|E10|51908|3,69,561,561,1,51908561,51908561
2019|youth_c|E10|51908|3,70,564,567,4,51908564,51908567
2019|youth_c|E10|51909|3,1,1,1,1,51909001,51909001
2019|youth_c|E10|51909|3,2,5,5,1,51909005,51909005
2019|youth_c|E10|51909|3,3,12,12,1,51909012,51909012
2019|youth_c|E10|51909|3,4,15,15,1,51909015,51909015
2019|youth_c|E10|51909|3,5,31,31,1,51909031,51909031
2019|youth_c|E10|51909|3,6,34,34,1,51909034,51909034
2019|youth_c|E10|51909|3,7,36,36,1,51909036,51909036
2019|youth_c|E10|51909|3,8,51,51,1,51909051,51909051
2019|youth_c|E10|51909|3,9,56,56,1,51909056,51909056
2019|youth_c|E10|51909|3,10,65,67,3,51909065,51909067
2019|youth_c|E10|51909|3,11,82,82,1,51909082,51909082
2019|youth_c|E10|51909|3,12,84,85,2,51909084,51909085
2019|youth_c|E10|51909|3,13,89,90,2,51909089,51909090
2019|youth_c|E10|51909|3,14,100,100,1,51909100,51909100
2019|youth_c|E10|51909|3,15,105,105,1,51909105,51909105
2019|youth_c|E10|51909|3,16,107,107,1,51909107,51909107
2019|youth_c|E10|51909|3,17,119,119,1,51909119,51909119
2019|youth_c|E10|51909|3,18,123,123,1,51909123,51909123
2019|youth_c|E10|51909|3,19,126,126,1,51909126,51909126
2019|youth_c|E10|51909|3,20,134,135,2,51909134,51909135
2019|youth_c|E10|51909|3,21,157,157,1,51909157,51909157
2019|youth_c|E10|51909|3,22,165,168,4,51909165,51909168
2019|youth_c|E10|51909|3,23,176,176,1,51909176,51909176
2019|youth_c|E10|51909|3,24,203,203,1,51909203,51909203
2019|youth_c|E10|51909|3,25,210,210,1,51909210,51909210
2019|youth_c|E10|51909|3,26,229,230,2,51909229,51909230
2019|youth_c|E10|51909|3,27,237,237,1,51909237,51909237
2019|youth_c|E10|51909|3,28,256,256,1,51909256,51909256
2019|youth_c|E10|51909|3,29,258,258,1,51909258,51909258
2019|youth_c|E10|51909|3,30,271,271,1,51909271,51909271
2019|youth_c|E10|51909|3,31,281,284,4,51909281,51909284
2019|youth_c|E11|51909|3,1,6,6,1,51909006,51909006
2019|youth_c|E11|51909|3,2,8,8,1,51909008,51909008
2019|youth_c|E11|51909|3,3,13,14,2,51909013,51909014
2019|youth_c|E11|51909|3,4,16,23,8,51909016,51909023
2019|youth_c|E11|51909|3,5,27,30,4,51909027,51909030
2019|youth_c|E11|51909|3,6,37,50,14,51909037,51909050
2019|youth_c|E11|51909|3,7,55,55,1,51909055,51909055
2019|youth_c|E11|51909|3,8,73,77,5,51909073,51909077
2019|youth_c|E11|51909|3,9,96,96,1,51909096,51909096
2019|youth_c|E11|51909|3,10,98,98,1,51909098,51909098
2019|youth_c|E11|51909|3,11,103,103,1,51909103,51909103
2019|youth_c|E11|51909|3,12,109,111,3,51909109,51909111
2019|youth_c|E11|51909|3,13,114,114,1,51909114,51909114
2019|youth_c|E11|51909|3,14,124,125,2,51909124,51909125
2019|youth_c|E11|51909|3,15,127,127,1,51909127,51909127
2019|youth_c|E11|51909|3,16,145,145,1,51909145,51909145
2019|youth_c|E11|51909|3,17,148,148,1,51909148,51909148
2019|youth_c|E11|51909|3,18,152,156,5,51909152,51909156
2019|youth_c|E11|51909|3,19,158,164,7,51909158,51909164
2019|youth_c|E11|51909|3,20,188,190,3,51909188,51909190
2019|youth_c|E11|51909|3,21,197,202,6,51909197,51909202
2019|youth_c|E11|51909|3,22,206,206,1,51909206,51909206
2019|youth_c|E11|51909|3,23,216,219,4,51909216,51909219
2019|youth_c|E11|51909|3,24,234,234,1,51909234,51909234
2019|youth_c|E11|51909|3,25,236,236,1,51909236,51909236
2019|youth_c|E11|51909|3,26,238,238,1,51909238,51909238
2019|youth_c|E11|51909|3,27,245,246,2,51909245,51909246
2019|youth_c|E11|51909|3,28,249,249,1,51909249,51909249
2019|youth_c|E11|51909|3,29,251,255,5,51909251,51909255
2019|youth_c|E11|51909|3,30,257,257,1,51909257,51909257
2019|youth_c|E11|51909|3,31,267,267,1,51909267,51909267
2019|youth_c|E11|51909|3,32,290,292,3,51909290,51909292
2020|general|E01|52071|3,1,1,30,30,52071001,52071030
2020|general|E01|52071|3,2,32,43,12,52071032,52071043
2020|general|E01|52071|3,3,50,53,4,52071050,52071053
2020|general|E01|52071|3,4,65,79,15,52071065,52071079
2020|general|E01|52071|3,5,81,89,9,52071081,52071089
2020|general|E01|52071|3,6,91,93,3,52071091,52071093
2020|general|E01|52071|3,7,113,120,8,52071113,52071120
2020|general|E01|52071|3,8,123,126,4,52071123,52071126
2020|general|E01|52071|3,9,132,137,6,52071132,52071137
2020|general|E01|52071|3,10,139,144,6,52071139,52071144
2020|general|E01|52071|3,11,146,147,2,52071146,52071147
2020|general|E01|52071|3,12,155,159,5,52071155,52071159
2020|general|E01|52071|3,13,165,185,21,52071165,52071185
2020|general|E01|52071|3,14,187,198,12,52071187,52071198
2020|general|E01|52071|3,15,204,213,10,52071204,52071213
2020|general|E01|52071|3,16,217,220,4,52071217,52071220
2020|general|E01|52071|3,17,222,233,12,52071222,52071233
2020|general|E01|52071|3,18,236,239,4,52071236,52071239
2020|general|E01|52071|3,19,251,270,20,52071251,52071270
2020|general|E01|52071|3,20,274,287,14,52071274,52071287
2020|general|E01|52071|3,21,294,295,2,52071294,52071295
2020|general|E01|52071|3,22,297,300,4,52071297,52071300
2020|general|E01|52071|3,23,302,302,1,52071302,52071302
2020|general|E01|52071|3,24,310,311,2,52071310,52071311
2020|general|E01|52071|3,25,313,328,16,52071313,52071328
2020|general|E01|52071|3,26,330,331,2,52071330,52071331
2020|general|E01|52071|3,27,333,333,1,52071333,52071333
2020|general|E01|52071|3,28,335,335,1,52071335,52071335
2020|general|E01|52071|3,29,338,340,3,52071338,52071340
2020|general|E01|52071|3,30,342,347,6,52071342,52071347
2020|general|E02|52072|3,1,1,10,10,52072001,52072010
2020|general|E02|52072|3,2,13,16,4,52072013,52072016
2020|general|E02|52072|3,3,21,24,4,52072021,52072024
2020|general|E02|52072|3,4,28,36,9,52072028,52072036
2020|general|E02|52072|3,5,41,43,3,52072041,52072043
2020|general|E02|52072|3,6,49,50,2,52072049,52072050
2020|general|E02|52072|3,7,55,56,2,52072055,52072056
2020|general|E02|52072|3,8,58,65,8,52072058,52072065
2020|general|E02|52072|3,9,75,80,6,52072075,52072080
2020|general|E02|52072|3,10,82,96,15,52072082,52072096
2020|general|E02|52072|3,11,99,107,9,52072099,52072107
2020|general|E02|52072|3,12,109,115,7,52072109,52072115
2020|general|E02|52072|3,13,117,127,11,52072117,52072127
2020|general|E02|52072|3,14,132,142,11,52072132,52072142
2020|general|E02|52072|3,15,145,154,10,52072145,52072154
2020|general|E02|52072|3,16,162,173,12,52072162,52072173
2020|general|E02|52072|3,17,177,210,34,52072177,52072210
2020|general|E02|52072|3,18,217,234,18,52072217,52072234
2020|general|E02|52072|3,19,236,236,1,52072236,52072236
2020|general|E02|52072|3,20,238,241,4,52072238,52072241
2020|general|E02|52072|3,21,244,248,5,52072244,52072248
2020|general|E02|52072|3,22,250,258,9,52072250,52072258
2020|general|E02|52072|3,23,260,261,2,52072260,52072261
2020|general|E02|52072|3,24,271,285,15,52072271,52072285
2020|general|E02|52072|3,25,294,308,15,52072294,52072308
2020|general|E02|52072|3,26,310,312,3,52072310,52072312
2020|general|E02|52072|3,27,322,332,11,52072322,52072332
2020|general|E02|52072|3,28,334,339,6,52072334,52072339
2020|general|E02|52072|3,29,342,342,1,52072342,52072342
2020|general|E02|52072|3,30,344,405,62,52072344,52072405
2020|general|E02|52072|3,31,409,411,3,52072409,52072411
2020|general|E02|52072|3,32,415,418,4,52072415,52072418
2020|general|E03|52073|3,1,1,2,2,52073001,52073002
2020|general|E03|52073|3,2,4,4,1,52073004,52073004
2020|general|E03|52073|3,3,11,19,9,52073011,52073019
2020|general|E03|52073|3,4,25,27,3,52073025,52073027
2020|general|E03|52073|3,5,33,35,3,52073033,52073035
2020|general|E03|52073|3,6,38,40,3,52073038,52073040
2020|general|E03|52073|3,7,43,57,15,52073043,52073057
2020|general|E03|52073|3,8,59,60,2,52073059,52073060
2020|general|E03|52073|3,9,62,63,2,52073062,52073063
2020|general|E03|52073|3,10,65,69,5,52073065,52073069
2020|general|E03|52073|3,11,71,71,1,52073071,52073071
2020|general|E03|52073|3,12,77,86,10,52073077,52073086
2020|general|E03|52073|3,13,88,89,2,52073088,52073089
2020|general|E03|52073|3,14,91,104,14,52073091,52073104
2020|general|E03|52073|3,15,107,119,13,52073107,52073119
2020|general|E03|52073|3,16,122,123,2,52073122,52073123
2020|general|E03|52073|3,17,125,125,1,52073125,52073125
2020|general|E03|52073|3,18,128,128,1,52073128,52073128
2020|general|E03|52073|3,19,130,130,1,52073130,52073130
2020|general|E03|52073|3,20,133,137,5,52073133,52073137
2020|general|E03|52073|3,21,139,141,3,52073139,52073141
2020|general|E03|52073|3,22,143,143,1,52073143,52073143
2020|general|E03|52073|3,23,145,150,6,52073145,52073150
2020|general|E03|52073|3,24,152,154,3,52073152,52073154
2020|general|E03|52073|3,25,162,164,3,52073162,52073164
2020|general|E03|52073|3,26,167,168,2,52073167,52073168
2020|general|E03|52073|3,27,171,173,3,52073171,52073173
2020|general|E03|52073|3,28,175,175,1,52073175,52073175
2020|general|E03|52073|3,29,178,181,4,52073178,52073181
2020|general|E03|52073|3,30,183,199,17,52073183,52073199
2020|general|E03|52073|3,31,201,211,11,52073201,52073211
2020|general|E03|52073|3,32,213,213,1,52073213,52073213
2020|general|E03|52073|3,33,215,221,7,52073215,52073221
2020|general|E03|52073|3,34,224,225,2,52073224,52073225
2020|general|E03|52073|3,35,227,231,5,52073227,52073231
2020|general|E03|52073|3,36,234,234,1,52073234,52073234
2020|general|E03|52073|3,37,236,236,1,52073236,52073236
2020|general|E03|52073|3,38,238,239,2,52073238,52073239
2020|general|E03|52073|3,39,241,242,2,52073241,52073242
2020|general|E03|52073|3,40,244,244,1,52073244,52073244
2020|general|E03|52073|3,41,246,251,6,52073246,52073251
2020|general|E03|52073|3,42,255,257,3,52073255,52073257
2020|general|E03|52073|3,43,261,262,2,52073261,52073262
2020|general|E03|52073|3,44,264,264,1,52073264,52073264
2020|general|E03|52073|3,45,266,270,5,52073266,52073270
2020|general|E03|52073|3,46,272,272,1,52073272,52073272
2020|general|E03|52073|3,47,274,282,9,52073274,52073282
2020|general|E03|52073|3,48,284,287,4,52073284,52073287
2020|general|E03|52073|3,49,289,289,1,52073289,52073289
2020|general|E03|52073|3,50,291,298,8,52073291,52073298
2020|general|E03|52073|3,51,300,301,2,52073300,52073301
2020|general|E03|52073|3,52,306,306,1,52073306,52073306
2020|general|E03|52073|3,53,310,316,7,52073310,52073316
2020|general|E04|52074|3,1,1,366,366,52074001,52074366
2020|general|E05|52075|3,1,1,114,114,52075001,52075114
2020|general|E05|52075|3,2,116,344,229,52075116,52075344
2020|general|E05|52075|3,3,346,561,216,52075346,52075561
2020|general|E06|52076|3,1,1,219,219,52076001,52076219
2020|general|E07|52077|3,1,1,223,223,52077001,52077223
2020|general|E08|52078|3,1,1,509,509,52078001,52078509
2020|general|E09|52079|3,1,1,143,143,52079001,52079143
2020|general|E09|52079|3,2,145,151,7,52079145,52079151
2020|general|E10|52070|3,1,1,196,196,52070001,52070196
2020|general|E11|52071|3,1,31,31,1,52071031,52071031
2020|general|E11|52071|3,2,44,49,6,52071044,52071049
2020|general|E11|52071|3,3,54,64,11,52071054,52071064
2020|general|E11|52071|3,4,80,80,1,52071080,52071080
2020|general|E11|52071|3,5,90,90,1,52071090,52071090
2020|general|E11|52071|3,6,94,112,19,52071094,52071112
2020|general|E11|52071|3,7,121,122,2,52071121,52071122
2020|general|E11|52071|3,8,127,131,5,52071127,52071131
2020|general|E11|52071|3,9,138,138,1,52071138,52071138
2020|general|E11|52071|3,10,145,145,1,52071145,52071145
2020|general|E11|52071|3,11,148,154,7,52071148,52071154
2020|general|E11|52071|3,12,160,164,5,52071160,52071164
2020|general|E11|52071|3,13,186,186,1,52071186,52071186
2020|general|E11|52071|3,14,199,203,5,52071199,52071203
2020|general|E11|52071|3,15,214,216,3,52071214,52071216
2020|general|E11|52071|3,16,221,221,1,52071221,52071221
2020|general|E11|52071|3,17,234,235,2,52071234,52071235
2020|general|E11|52071|3,18,240,250,11,52071240,52071250
2020|general|E11|52071|3,19,271,273,3,52071271,52071273
2020|general|E11|52071|3,20,288,293,6,52071288,52071293
2020|general|E11|52071|3,21,296,296,1,52071296,52071296
2020|general|E11|52071|3,22,301,301,1,52071301,52071301
2020|general|E11|52071|3,23,303,309,7,52071303,52071309
2020|general|E11|52071|3,24,312,312,1,52071312,52071312
2020|general|E11|52071|3,25,329,329,1,52071329,52071329
2020|general|E11|52071|3,26,332,332,1,52071332,52071332
2020|general|E11|52071|3,27,334,334,1,52071334,52071334
2020|general|E11|52071|3,28,336,337,2,52071336,52071337
2020|general|E11|52071|3,29,348,350,3,52071348,52071350
2020|general|E12|52072|3,1,11,12,2,52072011,52072012
2020|general|E12|52072|3,2,17,20,4,52072017,52072020
2020|general|E12|52072|3,3,25,27,3,52072025,52072027
2020|general|E12|52072|3,4,37,40,4,52072037,52072040
2020|general|E12|52072|3,5,44,48,5,52072044,52072048
2020|general|E12|52072|3,6,51,54,4,52072051,52072054
2020|general|E12|52072|3,7,57,57,1,52072057,52072057
2020|general|E12|52072|3,8,66,74,9,52072066,52072074
2020|general|E12|52072|3,9,81,81,1,52072081,52072081
2020|general|E12|52072|3,10,97,98,2,52072097,52072098
2020|general|E12|52072|3,11,108,108,1,52072108,52072108
2020|general|E12|52072|3,12,116,116,1,52072116,52072116
2020|general|E12|52072|3,13,128,131,4,52072128,52072131
2020|general|E12|52072|3,14,143,144,2,52072143,52072144
2020|general|E12|52072|3,15,155,161,7,52072155,52072161
2020|general|E12|52072|3,16,174,176,3,52072174,52072176
2020|general|E12|52072|3,17,211,216,6,52072211,52072216
2020|general|E12|52072|3,18,235,235,1,52072235,52072235
2020|general|E12|52072|3,19,237,237,1,52072237,52072237
2020|general|E12|52072|3,20,242,243,2,52072242,52072243
2020|general|E12|52072|3,21,249,249,1,52072249,52072249
2020|general|E12|52072|3,22,259,259,1,52072259,52072259
2020|general|E12|52072|3,23,262,270,9,52072262,52072270
2020|general|E12|52072|3,24,286,293,8,52072286,52072293
2020|general|E12|52072|3,25,309,309,1,52072309,52072309
2020|general|E12|52072|3,26,313,321,9,52072313,52072321
2020|general|E12|52072|3,27,333,333,1,52072333,52072333
2020|general|E12|52072|3,28,340,341,2,52072340,52072341
2020|general|E12|52072|3,29,343,343,1,52072343,52072343
2020|general|E12|52072|3,30,406,408,3,52072406,52072408
2020|general|E12|52072|3,31,412,414,3,52072412,52072414
2020|general|E13|52073|3,1,3,3,1,52073003,52073003
2020|general|E13|52073|3,2,5,10,6,52073005,52073010
2020|general|E13|52073|3,3,20,24,5,52073020,52073024
2020|general|E13|52073|3,4,28,32,5,52073028,52073032
2020|general|E13|52073|3,5,36,37,2,52073036,52073037
2020|general|E13|52073|3,6,41,42,2,52073041,52073042
2020|general|E13|52073|3,7,58,58,1,52073058,52073058
2020|general|E13|52073|3,8,61,61,1,52073061,52073061
2020|general|E13|52073|3,9,64,64,1,52073064,52073064
2020|general|E13|52073|3,10,70,70,1,52073070,52073070
2020|general|E13|52073|3,11,72,76,5,52073072,52073076
2020|general|E13|52073|3,12,87,87,1,52073087,52073087
2020|general|E13|52073|3,13,90,90,1,52073090,52073090
2020|general|E13|52073|3,14,105,106,2,52073105,52073106
2020|general|E13|52073|3,15,120,121,2,52073120,52073121
2020|general|E13|52073|3,16,124,124,1,52073124,52073124
2020|general|E13|52073|3,17,126,127,2,52073126,52073127
2020|general|E13|52073|3,18,129,129,1,52073129,52073129
2020|general|E13|52073|3,19,131,132,2,52073131,52073132
2020|general|E13|52073|3,20,138,138,1,52073138,52073138
2020|general|E13|52073|3,21,142,142,1,52073142,52073142
2020|general|E13|52073|3,22,144,144,1,52073144,52073144
2020|general|E13|52073|3,23,151,151,1,52073151,52073151
2020|general|E13|52073|3,24,155,161,7,52073155,52073161
2020|general|E13|52073|3,25,165,166,2,52073165,52073166
2020|general|E13|52073|3,26,169,170,2,52073169,52073170
2020|general|E13|52073|3,27,174,174,1,52073174,52073174
2020|general|E13|52073|3,28,176,177,2,52073176,52073177
2020|general|E13|52073|3,29,182,182,1,52073182,52073182
2020|general|E13|52073|3,30,200,200,1,52073200,52073200
2020|general|E13|52073|3,31,212,212,1,52073212,52073212
2020|general|E13|52073|3,32,214,214,1,52073214,52073214
2020|general|E13|52073|3,33,222,223,2,52073222,52073223
2020|general|E13|52073|3,34,226,226,1,52073226,52073226
2020|general|E13|52073|3,35,232,233,2,52073232,52073233
2020|general|E13|52073|3,36,235,235,1,52073235,52073235
2020|general|E13|52073|3,37,237,237,1,52073237,52073237
2020|general|E13|52073|3,38,240,240,1,52073240,52073240
2020|general|E13|52073|3,39,243,243,1,52073243,52073243
2020|general|E13|52073|3,40,245,245,1,52073245,52073245
2020|general|E13|52073|3,41,252,254,3,52073252,52073254
2020|general|E13|52073|3,42,258,260,3,52073258,52073260
2020|general|E13|52073|3,43,263,263,1,52073263,52073263
2020|general|E13|52073|3,44,265,265,1,52073265,52073265
2020|general|E13|52073|3,45,271,271,1,52073271,52073271
2020|general|E13|52073|3,46,283,283,1,52073283,52073283
2020|general|E13|52073|3,47,288,288,1,52073288,52073288
2020|general|E13|52073|3,48,290,290,1,52073290,52073290
2020|general|E13|52073|3,49,299,299,1,52073299,52073299
2020|general|E13|52073|3,50,302,305,4,52073302,52073305
2020|general|E13|52073|3,51,307,309,3,52073307,52073309
2020|joint_fund|E01|U2006|3,1,219,219,1,U2006219,U2006219
2020|joint_fund|E01|U2037|3,1,601,601,1,U2037601,U2037601
2020|joint_fund|E01|U2067|3,1,216,219,4,U2067216,U2067219
2020|joint_fund|E01|U20A20|3,1,230,237,8,U20A20230,U20A20237
2020|joint_fund|E01|U20B2|3,1,25,27,3,U20B2025,U20B2027
2020|joint_fund|E02|U20A20|3,1,238,254,17,U20A20238,U20A20254
2020|joint_fund|E03|U2006|3,1,220,220,1,U2006220,U2006220
2020|joint_fund|E03|U2037|3,1,201,201,1,U2037201,U2037201
2020|joint_fund|E03|U20A20|3,1,255,264,10,U20A20255,U20A20264
2020|joint_fund|E03|U20B2|3,1,28,28,1,U20B2028,U20B2028
2020|joint_fund|E04|U20A20|3,1,265,280,16,U20A20265,U20A20280
2020|joint_fund|E04|U20B2|3,1,29,30,2,U20B2029,U20B2030
2020|joint_fund|E05|U2013|3,1,211,214,4,U2013211,U2013214
2020|joint_fund|E05|U2037|3,1,202,205,4,U2037202,U2037205
2020|joint_fund|E05|U2037|3,2,602,603,2,U2037602,U2037603
2020|joint_fund|E05|U2067|3,1,220,221,2,U2067220,U2067221
2020|joint_fund|E05|U20A20|3,1,281,297,17,U20A20281,U20A20297
2020|joint_fund|E05|U20B2|3,1,31,33,3,U20B2031,U20B2033
2020|joint_fund|E06|U2006|3,1,221,221,1,U2006221,U2006221
2020|joint_fund|E06|U20A20|3,1,298,304,7,U20A20298,U20A20304
2020|joint_fund|E06|U20B2|3,1,34,36,3,U20B2034,U20B2036
2020|joint_fund|E07|U2006|3,1,222,222,1,U2006222,U2006222
2020|joint_fund|E07|U2034|3,1,201,201,1,U2034201,U2034201
2020|joint_fund|E07|U2066|3,1,204,217,14,U2066204,U2066217
2020|joint_fund|E07|U20A20|3,1,305,310,6,U20A20305,U20A20310
2020|joint_fund|E08|U2006|3,1,223,225,3,U2006223,U2006225
2020|joint_fund|E08|U2034|3,1,202,207,6,U2034202,U2034207
2020|joint_fund|E08|U2039|3,1,208,209,2,U2039208,U2039209
2020|joint_fund|E08|U20A20|3,1,311,315,5,U20A20311,U20A20315
2020|joint_fund|E09|U2040|3,1,212,224,13,U2040212,U2040224
2020|joint_fund|E09|U20A20|3,1,316,320,5,U20A20316,U20A20320
2020|joint_fund|E10|U20A20|3,1,321,326,6,U20A20321,U20A20326
2020|joint_fund|E10|U20B2|3,1,37,37,1,U20B2037,U20B2037
2020|joint_fund|E11|U2006|3,1,226,229,4,U2006226,U2006229
2020|joint_fund|E11|U20A20|3,1,327,329,3,U20A20327,U20A20329
2020|joint_fund|E12|U2034|3,1,208,210,3,U2034208,U2034210
2020|joint_fund|E12|U20A20|3,1,330,334,5,U20A20330,U20A20334
2020|joint_fund|E13|U2006|3,1,230,230,1,U2006230,U2006230
2020|joint_fund|E13|U2037|3,1,206,206,1,U2037206,U2037206
2020|joint_fund|E13|U20A20|3,1,335,340,6,U20A20335,U20A20340
2020|major_research_plan|E01|92060|3,1,101,103,3,92060101,92060103
2020|major_research_plan|E01|92061|3,1,125,125,1,92061125,92061125
2020|major_research_plan|E01|92066|3,1,101,101,1,92066101,92066101
2020|major_research_plan|E01|92066|3,2,201,202,2,92066201,92066202
2020|major_research_plan|E02|92060|3,1,201,202,2,92060201,92060202
2020|major_research_plan|E02|92061|3,1,126,126,1,92061126,92061126
2020|major_research_plan|E02|92063|3,1,0,0,1,92063000,92063000
2020|major_research_plan|E02|92064|3,1,5,5,1,92064005,92064005
2020|major_research_plan|E02|92066|3,1,102,103,2,92066102,92066103
2020|major_research_plan|E02|92066|3,2,203,203,1,92066203,92066203
2020|major_research_plan|E03|92056|3,1,120,120,1,92056120,92056120
2020|major_research_plan|E03|92066|3,1,104,104,1,92066104,92066104
2020|major_research_plan|E03|92066|3,2,204,204,1,92066204,92066204
2020|major_research_plan|E04|92060|3,1,104,104,1,92060104,92060104
2020|major_research_plan|E04|92062|3,1,109,110,2,92062109,92062110
2020|major_research_plan|E04|92062|3,2,223,223,1,92062223,92062223
2020|major_research_plan|E04|92066|3,1,205,205,1,92066205,92066205
2020|major_research_plan|E05|92048|3,1,201,202,2,92048201,92048202
2020|major_research_plan|E05|92048|3,2,302,302,1,92048302,92048302
2020|major_research_plan|E05|92060|3,1,105,112,8,92060105,92060112
2020|major_research_plan|E05|92060|3,2,203,203,1,92060203,92060203
2020|major_research_plan|E07|92066|3,1,0,0,1,92066000,92066000
2020|major_research_plan|E07|92066|3,2,105,108,4,92066105,92066108
2020|major_research_plan|E07|92066|3,3,206,207,2,92066206,92066207
2020|major_research_plan|E09|92047|3,1,0,0,1,92047000,92047000
2020|major_research_plan|E09|92047|3,2,201,204,4,92047201,92047204
2020|major_research_plan|E09|92047|3,3,301,303,3,92047301,92047303
2020|major_research_plan|E13|92060|3,1,113,113,1,92060113,92060113
2020|major_research_plan|E13|92066|3,1,208,208,1,92066208,92066208
2020|regional|E01|52061|3,1,2,41,40,52061002,52061041
2020|regional|E02|52062|3,1,1,12,12,52062001,52062012
2020|regional|E02|52062|3,2,17,23,7,52062017,52062023
2020|regional|E02|52062|3,3,25,25,1,52062025,52062025
2020|regional|E02|52062|3,4,29,35,7,52062029,52062035
2020|regional|E02|52062|3,5,37,37,1,52062037,52062037
2020|regional|E02|52062|3,6,40,48,9,52062040,52062048
2020|regional|E03|52063|3,1,1,13,13,52063001,52063013
2020|regional|E03|52063|3,2,18,22,5,52063018,52063022
2020|regional|E03|52063|3,3,25,26,2,52063025,52063026
2020|regional|E03|52063|3,4,30,30,1,52063030,52063030
2020|regional|E04|52064|3,1,1,49,49,52064001,52064049
2020|regional|E05|52065|3,1,1,38,38,52065001,52065038
2020|regional|E05|52065|3,2,40,66,27,52065040,52065066
2020|regional|E06|52066|3,1,1,17,17,52066001,52066017
2020|regional|E07|52067|3,1,1,21,21,52067001,52067021
2020|regional|E08|52068|3,1,1,2,2,52068001,52068002
2020|regional|E08|52068|3,2,4,68,65,52068004,52068068
2020|regional|E09|52069|3,1,1,29,29,52069001,52069029
2020|regional|E10|52060|3,1,1,23,23,52060001,52060023
2020|regional|E11|52061|3,1,1,1,1,52061001,52061001
2020|regional|E11|52061|3,2,42,42,1,52061042,52061042
2020|regional|E12|52062|3,1,14,16,3,52062014,52062016
2020|regional|E12|52062|3,2,24,24,1,52062024,52062024
2020|regional|E12|52062|3,3,26,28,3,52062026,52062028
2020|regional|E12|52062|3,4,36,36,1,52062036,52062036
2020|regional|E12|52062|3,5,38,39,2,52062038,52062039
2020|regional|E13|52063|3,1,14,17,4,52063014,52063017
2020|regional|E13|52063|3,2,23,24,2,52063023,52063024
2020|regional|E13|52063|3,3,27,29,3,52063027,52063029
2020|youth_c|E01|52001|3,1,1,8,8,52001001,52001008
2020|youth_c|E01|52001|3,2,11,30,20,52001011,52001030
2020|youth_c|E01|52001|3,3,33,38,6,52001033,52001038
2020|youth_c|E01|52001|3,4,51,51,1,52001051,52001051
2020|youth_c|E01|52001|3,5,59,70,12,52001059,52001070
2020|youth_c|E01|52001|3,6,72,80,9,52001072,52001080
2020|youth_c|E01|52001|3,7,82,84,3,52001082,52001084
2020|youth_c|E01|52001|3,8,98,111,14,52001098,52001111
2020|youth_c|E01|52001|3,9,114,115,2,52001114,52001115
2020|youth_c|E01|52001|3,10,117,125,9,52001117,52001125
2020|youth_c|E01|52001|3,11,127,128,2,52001127,52001128
2020|youth_c|E01|52001|3,12,133,133,1,52001133,52001133
2020|youth_c|E01|52001|3,13,135,137,3,52001135,52001137
2020|youth_c|E01|52001|3,14,139,143,5,52001139,52001143
2020|youth_c|E01|52001|3,15,146,148,3,52001146,52001148
2020|youth_c|E01|52001|3,16,150,156,7,52001150,52001156
2020|youth_c|E01|52001|3,17,158,161,4,52001158,52001161
2020|youth_c|E01|52001|3,18,163,173,11,52001163,52001173
2020|youth_c|E01|52001|3,19,175,185,11,52001175,52001185
2020|youth_c|E01|52001|3,20,187,188,2,52001187,52001188
2020|youth_c|E01|52001|3,21,190,194,5,52001190,52001194
2020|youth_c|E01|52001|3,22,199,205,7,52001199,52001205
2020|youth_c|E01|52001|3,23,212,227,16,52001212,52001227
2020|youth_c|E01|52001|3,24,231,234,4,52001231,52001234
2020|youth_c|E01|52001|3,25,236,236,1,52001236,52001236
2020|youth_c|E01|52001|3,26,244,258,15,52001244,52001258
2020|youth_c|E01|52001|3,27,261,266,6,52001261,52001266
2020|youth_c|E01|52001|3,28,268,275,8,52001268,52001275
2020|youth_c|E01|52001|3,29,277,278,2,52001277,52001278
2020|youth_c|E01|52001|3,30,280,283,4,52001280,52001283
2020|youth_c|E01|52001|3,31,287,290,4,52001287,52001290
2020|youth_c|E01|52001|3,32,297,302,6,52001297,52001302
2020|youth_c|E01|52001|3,33,304,322,19,52001304,52001322
2020|youth_c|E01|52001|3,34,324,325,2,52001324,52001325
2020|youth_c|E01|52001|3,35,327,336,10,52001327,52001336
2020|youth_c|E01|52001|3,36,339,340,2,52001339,52001340
2020|youth_c|E02|52002|3,1,1,7,7,52002001,52002007
2020|youth_c|E02|52002|3,2,10,12,3,52002010,52002012
2020|youth_c|E02|52002|3,3,14,16,3,52002014,52002016
2020|youth_c|E02|52002|3,4,20,24,5,52002020,52002024
2020|youth_c|E02|52002|3,5,27,29,3,52002027,52002029
2020|youth_c|E02|52002|3,6,37,42,6,52002037,52002042
2020|youth_c|E02|52002|3,7,48,56,9,52002048,52002056
2020|youth_c|E02|52002|3,8,58,62,5,52002058,52002062
2020|youth_c|E02|52002|3,9,67,112,46,52002067,52002112
2020|youth_c|E02|52002|3,10,114,125,12,52002114,52002125
2020|youth_c|E02|52002|3,11,128,142,15,52002128,52002142
2020|youth_c|E02|52002|3,12,144,153,10,52002144,52002153
2020|youth_c|E02|52002|3,13,157,160,4,52002157,52002160
2020|youth_c|E02|52002|3,14,162,162,1,52002162,52002162
2020|youth_c|E02|52002|3,15,164,176,13,52002164,52002176
2020|youth_c|E02|52002|3,16,182,183,2,52002182,52002183
2020|youth_c|E02|52002|3,17,186,190,5,52002186,52002190
2020|youth_c|E02|52002|3,18,192,198,7,52002192,52002198
2020|youth_c|E02|52002|3,19,200,208,9,52002200,52002208
2020|youth_c|E02|52002|3,20,216,223,8,52002216,52002223
2020|youth_c|E02|52002|3,21,225,228,4,52002225,52002228
2020|youth_c|E02|52002|3,22,230,230,1,52002230,52002230
2020|youth_c|E02|52002|3,23,232,242,11,52002232,52002242
2020|youth_c|E02|52002|3,24,245,250,6,52002245,52002250
2020|youth_c|E02|52002|3,25,252,256,5,52002252,52002256
2020|youth_c|E02|52002|3,26,258,260,3,52002258,52002260
2020|youth_c|E02|52002|3,27,263,264,2,52002263,52002264
2020|youth_c|E02|52002|3,28,266,277,12,52002266,52002277
2020|youth_c|E02|52002|3,29,287,289,3,52002287,52002289
2020|youth_c|E02|52002|3,30,291,297,7,52002291,52002297
2020|youth_c|E02|52002|3,31,299,308,10,52002299,52002308
2020|youth_c|E02|52002|3,32,310,314,5,52002310,52002314
2020|youth_c|E02|52002|3,33,316,318,3,52002316,52002318
2020|youth_c|E02|52002|3,34,320,338,19,52002320,52002338
2020|youth_c|E02|52002|3,35,346,394,49,52002346,52002394
2020|youth_c|E02|52002|3,36,396,407,12,52002396,52002407
2020|youth_c|E02|52002|3,37,410,414,5,52002410,52002414
2020|youth_c|E03|52003|3,1,2,8,7,52003002,52003008
2020|youth_c|E03|52003|3,2,10,13,4,52003010,52003013
2020|youth_c|E03|52003|3,3,16,23,8,52003016,52003023
2020|youth_c|E03|52003|3,4,27,30,4,52003027,52003030
2020|youth_c|E03|52003|3,5,32,33,2,52003032,52003033
2020|youth_c|E03|52003|3,6,35,36,2,52003035,52003036
2020|youth_c|E03|52003|3,7,40,50,11,52003040,52003050
2020|youth_c|E03|52003|3,8,52,52,1,52003052,52003052
2020|youth_c|E03|52003|3,9,54,65,12,52003054,52003065
2020|youth_c|E03|52003|3,10,67,68,2,52003067,52003068
2020|youth_c|E03|52003|3,11,70,70,1,52003070,52003070
2020|youth_c|E03|52003|3,12,72,72,1,52003072,52003072
2020|youth_c|E03|52003|3,13,75,75,1,52003075,52003075
2020|youth_c|E03|52003|3,14,77,77,1,52003077,52003077
2020|youth_c|E03|52003|3,15,80,91,12,52003080,52003091
2020|youth_c|E03|52003|3,16,93,109,17,52003093,52003109
2020|youth_c|E03|52003|3,17,111,115,5,52003111,52003115
2020|youth_c|E03|52003|3,18,118,121,4,52003118,52003121
2020|youth_c|E03|52003|3,19,123,128,6,52003123,52003128
2020|youth_c|E03|52003|3,20,130,134,5,52003130,52003134
2020|youth_c|E03|52003|3,21,136,136,1,52003136,52003136
2020|youth_c|E03|52003|3,22,138,141,4,52003138,52003141
2020|youth_c|E03|52003|3,23,143,143,1,52003143,52003143
2020|youth_c|E03|52003|3,24,145,149,5,52003145,52003149
2020|youth_c|E03|52003|3,25,151,154,4,52003151,52003154
2020|youth_c|E03|52003|3,26,157,161,5,52003157,52003161
2020|youth_c|E03|52003|3,27,165,180,16,52003165,52003180
2020|youth_c|E03|52003|3,28,182,187,6,52003182,52003187
2020|youth_c|E03|52003|3,29,189,190,2,52003189,52003190
2020|youth_c|E03|52003|3,30,192,195,4,52003192,52003195
2020|youth_c|E03|52003|3,31,199,202,4,52003199,52003202
2020|youth_c|E03|52003|3,32,204,211,8,52003204,52003211
2020|youth_c|E03|52003|3,33,214,217,4,52003214,52003217
2020|youth_c|E03|52003|3,34,219,220,2,52003219,52003220
2020|youth_c|E03|52003|3,35,222,224,3,52003222,52003224
2020|youth_c|E03|52003|3,36,227,229,3,52003227,52003229
2020|youth_c|E03|52003|3,37,231,243,13,52003231,52003243
2020|youth_c|E03|52003|3,38,246,251,6,52003246,52003251
2020|youth_c|E03|52003|3,39,254,255,2,52003254,52003255
2020|youth_c|E03|52003|3,40,257,260,4,52003257,52003260
2020|youth_c|E03|52003|3,41,262,264,3,52003262,52003264
2020|youth_c|E03|52003|3,42,266,283,18,52003266,52003283
2020|youth_c|E03|52003|3,43,285,287,3,52003285,52003287
2020|youth_c|E03|52003|3,44,291,291,1,52003291,52003291
2020|youth_c|E03|52003|3,45,293,295,3,52003293,52003295
2020|youth_c|E03|52003|3,46,297,298,2,52003297,52003298
2020|youth_c|E03|52003|3,47,300,304,5,52003300,52003304
2020|youth_c|E03|52003|3,48,306,307,2,52003306,52003307
2020|youth_c|E04|52004|3,1,1,343,343,52004001,52004343
2020|youth_c|E05|52005|3,1,1,323,323,52005001,52005323
2020|youth_c|E05|52005|3,2,325,410,86,52005325,52005410
2020|youth_c|E05|52005|3,3,412,523,112,52005412,52005523
2020|youth_c|E06|52006|3,1,1,250,250,52006001,52006250
2020|youth_c|E07|52007|3,1,1,115,115,52007001,52007115
2020|youth_c|E07|52007|3,2,117,200,84,52007117,52007200
2020|youth_c|E08|52008|3,1,1,100,100,52008001,52008100
2020|youth_c|E08|52008|3,2,102,256,155,52008102,52008256
2020|youth_c|E08|52008|3,3,258,369,112,52008258,52008369
2020|youth_c|E08|52008|3,4,371,396,26,52008371,52008396
2020|youth_c|E08|52008|3,5,398,414,17,52008398,52008414
2020|youth_c|E09|52009|3,1,1,149,149,52009001,52009149
2020|youth_c|E10|52000|3,1,1,137,137,52000001,52000137
2020|youth_c|E10|52000|3,2,139,140,2,52000139,52000140
2020|youth_c|E10|52000|3,3,142,187,46,52000142,52000187
2020|youth_c|E11|52001|3,1,10,10,1,52001010,52001010
2020|youth_c|E11|52001|3,2,31,32,2,52001031,52001032
2020|youth_c|E11|52001|3,3,39,50,12,52001039,52001050
2020|youth_c|E11|52001|3,4,52,58,7,52001052,52001058
2020|youth_c|E11|52001|3,5,71,71,1,52001071,52001071
2020|youth_c|E11|52001|3,6,81,81,1,52001081,52001081
2020|youth_c|E11|52001|3,7,85,97,13,52001085,52001097
2020|youth_c|E11|52001|3,8,112,113,2,52001112,52001113
2020|youth_c|E11|52001|3,9,116,116,1,52001116,52001116
2020|youth_c|E11|52001|3,10,126,126,1,52001126,52001126
2020|youth_c|E11|52001|3,11,129,132,4,52001129,52001132
2020|youth_c|E11|52001|3,12,134,134,1,52001134,52001134
2020|youth_c|E11|52001|3,13,138,138,1,52001138,52001138
2020|youth_c|E11|52001|3,14,144,145,2,52001144,52001145
2020|youth_c|E11|52001|3,15,149,149,1,52001149,52001149
2020|youth_c|E11|52001|3,16,157,157,1,52001157,52001157
2020|youth_c|E11|52001|3,17,174,174,1,52001174,52001174
2020|youth_c|E11|52001|3,18,186,186,1,52001186,52001186
2020|youth_c|E11|52001|3,19,189,189,1,52001189,52001189
2020|youth_c|E11|52001|3,20,195,198,4,52001195,52001198
2020|youth_c|E11|52001|3,21,206,211,6,52001206,52001211
2020|youth_c|E11|52001|3,22,228,230,3,52001228,52001230
2020|youth_c|E11|52001|3,23,235,235,1,52001235,52001235
2020|youth_c|E11|52001|3,24,237,243,7,52001237,52001243
2020|youth_c|E11|52001|3,25,259,260,2,52001259,52001260
2020|youth_c|E11|52001|3,26,267,267,1,52001267,52001267
2020|youth_c|E11|52001|3,27,276,276,1,52001276,52001276
2020|youth_c|E11|52001|3,28,279,279,1,52001279,52001279
2020|youth_c|E11|52001|3,29,284,286,3,52001284,52001286
2020|youth_c|E11|52001|3,30,291,296,6,52001291,52001296
2020|youth_c|E11|52001|3,31,303,303,1,52001303,52001303
2020|youth_c|E11|52001|3,32,323,323,1,52001323,52001323
2020|youth_c|E11|52001|3,33,326,326,1,52001326,52001326
2020|youth_c|E11|52001|3,34,337,338,2,52001337,52001338
2020|youth_c|E12|52002|3,1,8,9,2,52002008,52002009
2020|youth_c|E12|52002|3,2,13,13,1,52002013,52002013
2020|youth_c|E12|52002|3,3,17,19,3,52002017,52002019
2020|youth_c|E12|52002|3,4,25,26,2,52002025,52002026
2020|youth_c|E12|52002|3,5,30,36,7,52002030,52002036
2020|youth_c|E12|52002|3,6,43,47,5,52002043,52002047
2020|youth_c|E12|52002|3,7,63,66,4,52002063,52002066
2020|youth_c|E12|52002|3,8,113,113,1,52002113,52002113
2020|youth_c|E12|52002|3,9,126,127,2,52002126,52002127
2020|youth_c|E12|52002|3,10,143,143,1,52002143,52002143
2020|youth_c|E12|52002|3,11,154,156,3,52002154,52002156
2020|youth_c|E12|52002|3,12,161,161,1,52002161,52002161
2020|youth_c|E12|52002|3,13,163,163,1,52002163,52002163
2020|youth_c|E12|52002|3,14,177,181,5,52002177,52002181
2020|youth_c|E12|52002|3,15,184,185,2,52002184,52002185
2020|youth_c|E12|52002|3,16,191,191,1,52002191,52002191
2020|youth_c|E12|52002|3,17,209,215,7,52002209,52002215
2020|youth_c|E12|52002|3,18,224,224,1,52002224,52002224
2020|youth_c|E12|52002|3,19,229,229,1,52002229,52002229
2020|youth_c|E12|52002|3,20,231,231,1,52002231,52002231
2020|youth_c|E12|52002|3,21,243,244,2,52002243,52002244
2020|youth_c|E12|52002|3,22,251,251,1,52002251,52002251
2020|youth_c|E12|52002|3,23,257,257,1,52002257,52002257
2020|youth_c|E12|52002|3,24,261,262,2,52002261,52002262
2020|youth_c|E12|52002|3,25,265,265,1,52002265,52002265
2020|youth_c|E12|52002|3,26,278,286,9,52002278,52002286
2020|youth_c|E12|52002|3,27,290,290,1,52002290,52002290
2020|youth_c|E12|52002|3,28,298,298,1,52002298,52002298
2020|youth_c|E12|52002|3,29,309,309,1,52002309,52002309
2020|youth_c|E12|52002|3,30,315,315,1,52002315,52002315
2020|youth_c|E12|52002|3,31,319,319,1,52002319,52002319
2020|youth_c|E12|52002|3,32,339,345,7,52002339,52002345
2020|youth_c|E12|52002|3,33,408,409,2,52002408,52002409
2020|youth_c|E13|52003|3,1,1,1,1,52003001,52003001
2020|youth_c|E13|52003|3,2,9,9,1,52003009,52003009
2020|youth_c|E13|52003|3,3,14,15,2,52003014,52003015
2020|youth_c|E13|52003|3,4,24,26,3,52003024,52003026
2020|youth_c|E13|52003|3,5,31,31,1,52003031,52003031
2020|youth_c|E13|52003|3,6,34,34,1,52003034,52003034
2020|youth_c|E13|52003|3,7,37,39,3,52003037,52003039
2020|youth_c|E13|52003|3,8,51,51,1,52003051,52003051
2020|youth_c|E13|52003|3,9,53,53,1,52003053,52003053
2020|youth_c|E13|52003|3,10,66,66,1,52003066,52003066
2020|youth_c|E13|52003|3,11,69,69,1,52003069,52003069
2020|youth_c|E13|52003|3,12,71,71,1,52003071,52003071
2020|youth_c|E13|52003|3,13,73,74,2,52003073,52003074
2020|youth_c|E13|52003|3,14,76,76,1,52003076,52003076
2020|youth_c|E13|52003|3,15,78,79,2,52003078,52003079
2020|youth_c|E13|52003|3,16,92,92,1,52003092,52003092
2020|youth_c|E13|52003|3,17,110,110,1,52003110,52003110
2020|youth_c|E13|52003|3,18,116,117,2,52003116,52003117
2020|youth_c|E13|52003|3,19,122,122,1,52003122,52003122
2020|youth_c|E13|52003|3,20,129,129,1,52003129,52003129
2020|youth_c|E13|52003|3,21,135,135,1,52003135,52003135
2020|youth_c|E13|52003|3,22,137,137,1,52003137,52003137
2020|youth_c|E13|52003|3,23,142,142,1,52003142,52003142
2020|youth_c|E13|52003|3,24,144,144,1,52003144,52003144
2020|youth_c|E13|52003|3,25,150,150,1,52003150,52003150
2020|youth_c|E13|52003|3,26,155,156,2,52003155,52003156
2020|youth_c|E13|52003|3,27,162,164,3,52003162,52003164
2020|youth_c|E13|52003|3,28,181,181,1,52003181,52003181
2020|youth_c|E13|52003|3,29,188,188,1,52003188,52003188
2020|youth_c|E13|52003|3,30,191,191,1,52003191,52003191
2020|youth_c|E13|52003|3,31,196,198,3,52003196,52003198
2020|youth_c|E13|52003|3,32,203,203,1,52003203,52003203
2020|youth_c|E13|52003|3,33,212,213,2,52003212,52003213
2020|youth_c|E13|52003|3,34,218,218,1,52003218,52003218
2020|youth_c|E13|52003|3,35,225,226,2,52003225,52003226
2020|youth_c|E13|52003|3,36,230,230,1,52003230,52003230
2020|youth_c|E13|52003|3,37,244,245,2,52003244,52003245
2020|youth_c|E13|52003|3,38,252,253,2,52003252,52003253
2020|youth_c|E13|52003|3,39,256,256,1,52003256,52003256
2020|youth_c|E13|52003|3,40,261,261,1,52003261,52003261
2020|youth_c|E13|52003|3,41,265,265,1,52003265,52003265
2020|youth_c|E13|52003|3,42,284,284,1,52003284,52003284
2020|youth_c|E13|52003|3,43,288,290,3,52003288,52003290
2020|youth_c|E13|52003|3,44,292,292,1,52003292,52003292
2020|youth_c|E13|52003|3,45,296,296,1,52003296,52003296
2020|youth_c|E13|52003|3,46,299,299,1,52003299,52003299
2020|youth_c|E13|52003|3,47,305,305,1,52003305,52003305
2021|general|E02|52172|3,1,211,211,1,52172211,52172211
2021|general|E07|52177|3,1,91,91,1,52177091,52177091
2021|major_research_plan|E01|92163|3,1,107,109,3,92163107,92163109
2021|major_research_plan|E01|92166|3,1,102,103,2,92166102,92166103
2021|major_research_plan|E02|92163|3,1,110,125,16,92163110,92163125
2021|major_research_plan|E02|92166|3,1,104,104,1,92166104,92166104
2021|major_research_plan|E03|92161|3,1,126,126,1,92161126,92161126
2021|major_research_plan|E03|92163|3,1,126,128,3,92163126,92163128
2021|major_research_plan|E04|92162|3,1,109,109,1,92162109,92162109
2021|major_research_plan|E05|92166|3,1,105,105,1,92166105,92166105
2021|major_research_plan|E05|92167|3,1,201,201,1,92167201,92167201
2021|major_research_plan|E07|92166|3,1,106,111,6,92166106,92166111
2021|major_research_plan|E13|92163|3,1,129,134,6,92163129,92163134
2021|major_research_plan|E13|92166|3,1,112,112,1,92166112,92166112
2021|youth_c|E01|52101|3,1,1,54,54,52101001,52101054
2021|youth_c|E01|52101|3,2,56,60,5,52101056,52101060
2021|youth_c|E01|52101|3,3,62,295,234,52101062,52101295
2021|youth_c|E02|52102|3,1,1,46,46,52102001,52102046
2021|youth_c|E02|52102|3,2,48,373,326,52102048,52102373
2021|youth_c|E03|52103|3,1,1,277,277,52103001,52103277
2021|youth_c|E04|52104|3,1,1,153,153,52104001,52104153
2021|youth_c|E04|52104|3,2,155,366,212,52104155,52104366
2021|youth_c|E04|52104|3,3,368,406,39,52104368,52104406
2021|youth_c|E05|52105|3,1,1,11,11,52105001,52105011
2021|youth_c|E05|52105|3,2,13,198,186,52105013,52105198
2021|youth_c|E05|52105|3,3,200,284,85,52105200,52105284
2021|youth_c|E05|52105|3,4,286,357,72,52105286,52105357
2021|youth_c|E05|52105|3,5,359,379,21,52105359,52105379
2021|youth_c|E05|52105|3,6,381,435,55,52105381,52105435
2021|youth_c|E05|52105|3,7,437,475,39,52105437,52105475
2021|youth_c|E05|52105|3,8,477,596,120,52105477,52105596
2021|youth_c|E06|52106|3,1,1,285,285,52106001,52106285
2021|youth_c|E07|52107|3,1,1,241,241,52107001,52107241
2021|youth_c|E08|52108|3,1,1,228,228,52108001,52108228
2021|youth_c|E08|52108|3,2,230,448,219,52108230,52108448
2021|youth_c|E08|52108|3,3,450,478,29,52108450,52108478
2021|youth_c|E08|52108|3,4,480,483,4,52108480,52108483
2021|youth_c|E09|52109|3,1,1,169,169,52109001,52109169
2021|youth_c|E10|52100|3,1,1,192,192,52100001,52100192
2021|youth_c|E10|52100|3,2,194,220,27,52100194,52100220
2021|youth_c|E11|52101|3,1,296,405,110,52101296,52101405
2021|youth_c|E12|52102|3,1,374,478,105,52102374,52102478
2021|youth_c|E13|52103|3,1,278,365,88,52103278,52103365
2022|major_research_plan|E09|92247|3,1,1,1,1,92247001,92247001
2022|youth_c|E01|52201|3,1,205,205,1,52201205,52201205
2022|youth_c|E01|52201|3,2,231,231,1,52201231,52201231
2022|youth_c|E01|52201|3,3,297,297,1,52201297,52201297
2022|youth_c|E01|52201|3,4,300,300,1,52201300,52201300
2022|youth_c|E02|52202|3,1,40,40,1,52202040,52202040
2022|youth_c|E02|52202|3,2,108,108,1,52202108,52202108
2022|youth_c|E02|52202|3,3,125,125,1,52202125,52202125
2022|youth_c|E02|52202|3,4,157,157,1,52202157,52202157
2022|youth_c|E02|52202|3,5,181,181,1,52202181,52202181
2022|youth_c|E02|52202|3,6,283,283,1,52202283,52202283
2022|youth_c|E02|52202|3,7,321,321,1,52202321,52202321
2022|youth_c|E02|52202|3,8,339,339,1,52202339,52202339
2022|youth_c|E03|52203|3,1,5,5,1,52203005,52203005
2022|youth_c|E03|52203|3,2,78,78,1,52203078,52203078
2022|youth_c|E03|52203|3,3,132,132,1,52203132,52203132
2022|youth_c|E03|52203|3,4,158,158,1,52203158,52203158
2022|youth_c|E03|52203|3,5,183,183,1,52203183,52203183
2022|youth_c|E03|52203|3,6,203,203,1,52203203,52203203
2022|youth_c|E03|52203|3,7,217,217,1,52203217,52203217
2022|youth_c|E03|52203|3,8,230,230,1,52203230,52203230
2022|youth_c|E03|52203|3,9,233,233,1,52203233,52203233
2022|youth_c|E03|52203|3,10,286,286,1,52203286,52203286
2022|youth_c|E04|52204|3,1,301,301,1,52204301,52204301
2022|youth_c|E04|52204|3,2,319,319,1,52204319,52204319
2022|youth_c|E04|52204|3,3,323,324,2,52204323,52204324
2022|youth_c|E04|52204|3,4,336,336,1,52204336,52204336
2022|youth_c|E04|52204|3,5,366,366,1,52204366,52204366
2022|youth_c|E04|52204|3,6,369,369,1,52204369,52204369
2022|youth_c|E05|52205|3,1,44,44,1,52205044,52205044
2022|youth_c|E05|52205|3,2,80,82,3,52205080,52205082
2022|youth_c|E05|52205|3,3,139,139,1,52205139,52205139
2022|youth_c|E05|52205|3,4,207,207,1,52205207,52205207
2022|youth_c|E05|52205|3,5,550,550,1,52205550,52205550
2022|youth_c|E05|52205|3,6,584,584,1,52205584,52205584
2022|youth_c|E06|52206|3,1,38,38,1,52206038,52206038
2022|youth_c|E06|52206|3,2,288,288,1,52206288,52206288
2022|youth_c|E07|52207|3,1,1,1,1,52207001,52207001
2022|youth_c|E07|52207|3,2,11,11,1,52207011,52207011
2022|youth_c|E07|52207|3,3,112,113,2,52207112,52207113
2022|youth_c|E07|52207|3,4,115,115,1,52207115,52207115
2022|youth_c|E07|52207|3,5,185,185,1,52207185,52207185
2022|youth_c|E07|52207|3,6,209,210,2,52207209,52207210
2022|youth_c|E07|52207|3,7,236,237,2,52207236,52207237
2022|youth_c|E07|52207|3,8,253,253,1,52207253,52207253
2022|youth_c|E08|52208|3,1,176,177,2,52208176,52208177
2022|youth_c|E08|52208|3,2,262,264,3,52208262,52208264
2022|youth_c|E08|52208|3,3,315,315,1,52208315,52208315
2022|youth_c|E08|52208|3,4,352,352,1,52208352,52208352
2022|youth_c|E08|52208|3,5,396,396,1,52208396,52208396
2022|youth_c|E08|52208|3,6,400,400,1,52208400,52208400
2022|youth_c|E08|52208|3,7,483,483,1,52208483,52208483
2022|youth_c|E09|52209|3,1,26,26,1,52209026,52209026
2022|youth_c|E09|52209|3,2,53,53,1,52209053,52209053
2022|youth_c|E09|52209|3,3,74,74,1,52209074,52209074
2022|youth_c|E10|52200|3,1,123,123,1,52200123,52200123
2022|youth_c|E10|52200|3,2,136,136,1,52200136,52200136
2022|youth_c|E10|52200|3,3,151,151,1,52200151,52200151
2022|youth_c|E10|52200|3,4,179,179,1,52200179,52200179
2022|youth_c|E10|52200|3,5,183,183,1,52200183,52200183
2022|youth_c|E13|52203|3,1,313,313,1,52203313,52203313
2022|youth_c|E13|52203|3,2,327,327,1,52203327,52203327
2023|youth_c|E01|52301|3,1,227,227,1,52301227,52301227
2023|youth_c|E02|52302|3,1,227,227,1,52302227,52302227
2023|youth_c|E02|52302|3,2,275,275,1,52302275,52302275
2023|youth_c|E02|52302|3,3,282,282,1,52302282,52302282
2023|youth_c|E05|52305|3,1,117,117,1,52305117,52305117
2023|youth_c|E05|52305|3,2,263,264,2,52305263,52305264
2023|youth_c|E07|52307|3,1,63,63,1,52307063,52307063
2023|youth_c|E08|52308|3,1,358,358,1,52308358,52308358
2023|youth_c|E12|52302|3,1,423,423,1,52302423,52302423
2023|youth_c|E13|52303|3,1,335,335,1,52303335,52303335
