segment_id,approval_year,project_type,discipline_scope,format_family,prefix_before_serial,serial_width,regex,observed_count,min_serial,max_serial,range_size,density,contiguous_run_count,internal_gap_count,min_number,max_number,rule_strength,evidence_scope
1986|general|E01|58670|3,1986,general,E01,numeric8,58670,3,^58670\d{3}$,76,248,323,76,1.000000,1,0,58670248,58670323,contiguous,official_completed_subset
1986|general|E02|58670|3,1986,general,E02,numeric8,58670,3,^58670\d{3}$,30,340,369,30,1.000000,1,0,58670340,58670369,contiguous,official_completed_subset
1986|general|E03|58670|3,1986,general,E03,numeric8,58670,3,^58670\d{3}$,23,396,418,23,1.000000,1,0,58670396,58670418,contiguous,official_completed_subset
1986|general|E04|58670|3,1986,general,E04,numeric8,58670,3,^58670\d{3}$,26,370,395,26,1.000000,1,0,58670370,58670395,contiguous,official_completed_subset
1986|general|E05|58670|3,1986,general,E05,numeric8,58670,3,^58670\d{3}$,100,93,192,100,1.000000,1,0,58670093,58670192,contiguous,official_completed_subset
1986|general|E06|58670|3,1986,general,E06,numeric8,58670,3,^58670\d{3}$,64,29,92,64,1.000000,1,0,58670029,58670092,contiguous,official_completed_subset
1986|general|E07|58670|3,1986,general,E07,numeric8,58670,3,^58670\d{3}$,28,1,28,28,1.000000,1,0,58670001,58670028,contiguous,official_completed_subset
1986|general|E08|58670|3,1986,general,E08,numeric8,58670,3,^58670\d{3}$,54,193,247,55,0.981818,2,1,58670193,58670247,dense,official_completed_subset
1986|general|E09|58670|3,1986,general,E09,numeric8,58670,3,^58670\d{3}$,16,324,339,16,1.000000,1,0,58670324,58670339,contiguous,official_completed_subset
1986|general|E10|58670|3,1986,general,E10,numeric8,58670,3,^58670\d{3}$,1,245,245,1,1.000000,1,0,58670245,58670245,contiguous,official_completed_subset
1987|general|E01|58770|3,1987,general,E01,numeric8,58770,3,^58770\d{3}$,77,1,79,79,0.974684,2,2,58770001,58770079,dense,official_completed_subset
1987|general|E02|58770|3,1987,general,E02,numeric8,58770,3,^58770\d{3}$,43,77,121,45,0.955556,2,2,58770077,58770121,dense,official_completed_subset
1987|general|E03|58770|3,1987,general,E03,numeric8,58770,3,^58770\d{3}$,27,122,148,27,1.000000,1,0,58770122,58770148,contiguous,official_completed_subset
1987|general|E04|58770|3,1987,general,E04,numeric8,58770,3,^58770\d{3}$,22,149,170,22,1.000000,1,0,58770149,58770170,contiguous,official_completed_subset
1987|general|E05|58770|3,1987,general,E05,numeric8,58770,3,^58770\d{3}$,89,171,323,153,0.581699,3,64,58770171,58770323,moderate,official_completed_subset
1987|general|E06|58770|3,1987,general,E06,numeric8,58770,3,^58770\d{3}$,44,258,301,44,1.000000,1,0,58770258,58770301,contiguous,official_completed_subset
1987|general|E07|58770|3,1987,general,E07,numeric8,58770,3,^58770\d{3}$,28,302,331,30,0.933333,3,2,58770302,58770331,dense,official_completed_subset
1987|general|E08|58770|3,1987,general,E08,numeric8,58770,3,^58770\d{3}$,45,332,389,58,0.775862,12,13,58770332,58770389,moderate,official_completed_subset
1987|general|E09|58770|3,1987,general,E09,numeric8,58770,3,^58770\d{3}$,22,390,411,22,1.000000,1,0,58770390,58770411,contiguous,official_completed_subset
1987|general|E10|58770|3,1987,general,E10,numeric8,58770,3,^58770\d{3}$,13,336,388,53,0.245283,11,40,58770336,58770388,sparse,official_completed_subset
1987|special|E01|58750|3,1987,special,E01,numeric8,58750,3,^58750\d{3}$,2,412,413,2,1.000000,1,0,58750412,58750413,contiguous,official_completed_subset
1987|special|E01|58780|3,1987,special,E01,numeric8,58780,3,^58780\d{3}$,14,1,14,14,1.000000,1,0,58780001,58780014,contiguous,official_completed_subset
1987|special|E02|58780|3,1987,special,E02,numeric8,58780,3,^58780\d{3}$,14,15,32,18,0.777778,3,4,58780015,58780032,moderate,official_completed_subset
1987|special|E03|58780|3,1987,special,E03,numeric8,58780,3,^58780\d{3}$,8,25,36,12,0.666667,3,4,58780025,58780036,moderate,official_completed_subset
1987|special|E05|58780|3,1987,special,E05,numeric8,58780,3,^58780\d{3}$,4,37,40,4,1.000000,1,0,58780037,58780040,contiguous,official_completed_subset
1987|special|E06|58780|3,1987,special,E06,numeric8,58780,3,^58780\d{3}$,7,41,47,7,1.000000,1,0,58780041,58780047,contiguous,official_completed_subset
1987|special|E07|58750|3,1987,special,E07,numeric8,58750,3,^58750\d{3}$,1,414,414,1,1.000000,1,0,58750414,58750414,contiguous,official_completed_subset
1987|special|E07|58780|3,1987,special,E07,numeric8,58780,3,^58780\d{3}$,1,48,48,1,1.000000,1,0,58780048,58780048,contiguous,official_completed_subset
1987|youth_c|E01|58700|3,1987,youth_c,E01,numeric8,58700,3,^58700\d{3}$,3,2,4,3,1.000000,1,0,58700002,58700004,contiguous,official_completed_subset
1987|youth_c|E02|58700|3,1987,youth_c,E02,numeric8,58700,3,^58700\d{3}$,1,5,5,1,1.000000,1,0,58700005,58700005,contiguous,official_completed_subset
1987|youth_c|E03|58700|3,1987,youth_c,E03,numeric8,58700,3,^58700\d{3}$,1,6,6,1,1.000000,1,0,58700006,58700006,contiguous,official_completed_subset
1987|youth_c|E04|58700|3,1987,youth_c,E04,numeric8,58700,3,^58700\d{3}$,1,7,7,1,1.000000,1,0,58700007,58700007,contiguous,official_completed_subset
1987|youth_c|E05|58700|3,1987,youth_c,E05,numeric8,58700,3,^58700\d{3}$,2,8,9,2,1.000000,1,0,58700008,58700009,contiguous,official_completed_subset
1987|youth_c|E06|58700|3,1987,youth_c,E06,numeric8,58700,3,^58700\d{3}$,3,10,12,3,1.000000,1,0,58700010,58700012,contiguous,official_completed_subset
1987|youth_c|E07|58700|3,1987,youth_c,E07,numeric8,58700,3,^58700\d{3}$,1,13,13,1,1.000000,1,0,58700013,58700013,contiguous,official_completed_subset
1987|youth_c|E09|58700|3,1987,youth_c,E09,numeric8,58700,3,^58700\d{3}$,1,14,14,1,1.000000,1,0,58700014,58700014,contiguous,official_completed_subset
1988|general|E01|58870|3,1988,general,E01,numeric8,58870,3,^58870\d{3}$,69,1,390,390,0.176923,5,321,58870001,58870390,sparse,official_completed_subset
1988|general|E02|58870|3,1988,general,E02,numeric8,58870,3,^58870\d{3}$,36,67,102,36,1.000000,1,0,58870067,58870102,contiguous,official_completed_subset
1988|general|E03|58870|3,1988,general,E03,numeric8,58870,3,^58870\d{3}$,23,5,124,120,0.191667,2,97,58870005,58870124,sparse,official_completed_subset
1988|general|E04|58870|3,1988,general,E04,numeric8,58870,3,^58870\d{3}$,28,125,152,28,1.000000,1,0,58870125,58870152,contiguous,official_completed_subset
1988|general|E05|58870|3,1988,general,E05,numeric8,58870,3,^58870\d{3}$,82,153,359,207,0.396135,2,125,58870153,58870359,sparse,official_completed_subset
1988|general|E06|58870|3,1988,general,E06,numeric8,58870,3,^58870\d{3}$,50,3,282,280,0.178571,2,230,58870003,58870282,sparse,official_completed_subset
1988|general|E07|58870|3,1988,general,E07,numeric8,58870,3,^58870\d{3}$,25,283,307,25,1.000000,1,0,58870283,58870307,contiguous,official_completed_subset
1988|general|E08|58870|3,1988,general,E08,numeric8,58870,3,^58870\d{3}$,36,308,356,49,0.734694,7,13,58870308,58870356,moderate,official_completed_subset
1988|general|E09|58870|3,1988,general,E09,numeric8,58870,3,^58870\d{3}$,24,360,386,27,0.888889,4,3,58870360,58870386,dense,official_completed_subset
1988|general|E10|58870|3,1988,general,E10,numeric8,58870,3,^58870\d{3}$,16,310,374,65,0.246154,8,49,58870310,58870374,sparse,official_completed_subset
1988|general|E11|58870|3,1988,general,E11,numeric8,58870,3,^58870\d{3}$,1,372,372,1,1.000000,1,0,58870372,58870372,contiguous,official_completed_subset
1988|special|E01|58880|3,1988,special,E01,numeric8,58880,3,^58880\d{3}$,10,1,10,10,1.000000,1,0,58880001,58880010,contiguous,official_completed_subset
1988|special|E02|58880|3,1988,special,E02,numeric8,58880,3,^58880\d{3}$,4,11,14,4,1.000000,1,0,58880011,58880014,contiguous,official_completed_subset
1988|special|E03|58880|3,1988,special,E03,numeric8,58880,3,^58880\d{3}$,9,15,23,9,1.000000,1,0,58880015,58880023,contiguous,official_completed_subset
1988|special|E05|58880|3,1988,special,E05,numeric8,58880,3,^58880\d{3}$,6,24,29,6,1.000000,1,0,58880024,58880029,contiguous,official_completed_subset
1988|special|E06|58880|3,1988,special,E06,numeric8,58880,3,^58880\d{3}$,4,30,33,4,1.000000,1,0,58880030,58880033,contiguous,official_completed_subset
1988|youth_c|E01|58800|3,1988,youth_c,E01,numeric8,58800,3,^58800\d{3}$,4,1,4,4,1.000000,1,0,58800001,58800004,contiguous,official_completed_subset
1988|youth_c|E03|58800|3,1988,youth_c,E03,numeric8,58800,3,^58800\d{3}$,2,5,25,21,0.095238,2,19,58800005,58800025,sparse,official_completed_subset
1988|youth_c|E05|58800|3,1988,youth_c,E05,numeric8,58800,3,^58800\d{3}$,5,6,10,5,1.000000,1,0,58800006,58800010,contiguous,official_completed_subset
1988|youth_c|E06|58800|3,1988,youth_c,E06,numeric8,58800,3,^58800\d{3}$,5,11,15,5,1.000000,1,0,58800011,58800015,contiguous,official_completed_subset
1988|youth_c|E07|58800|3,1988,youth_c,E07,numeric8,58800,3,^58800\d{3}$,3,16,18,3,1.000000,1,0,58800016,58800018,contiguous,official_completed_subset
1988|youth_c|E08|58800|3,1988,youth_c,E08,numeric8,58800,3,^58800\d{3}$,1,20,20,1,1.000000,1,0,58800020,58800020,contiguous,official_completed_subset
1988|youth_c|E09|58800|3,1988,youth_c,E09,numeric8,58800,3,^58800\d{3}$,4,21,24,4,1.000000,1,0,58800021,58800024,contiguous,official_completed_subset
1988|youth_c|E10|58800|3,1988,youth_c,E10,numeric8,58800,3,^58800\d{3}$,1,19,19,1,1.000000,1,0,58800019,58800019,contiguous,official_completed_subset
1989|general|E01|58971|3,1989,general,E01,numeric8,58971,3,^58971\d{3}$,69,9,77,69,1.000000,1,0,58971009,58971077,contiguous,official_completed_subset
1989|general|E02|58972|3,1989,general,E02,numeric8,58972,3,^58972\d{3}$,41,78,118,41,1.000000,1,0,58972078,58972118,contiguous,official_completed_subset
1989|general|E03|58973|3,1989,general,E03,numeric8,58973,3,^58973\d{3}$,27,119,145,27,1.000000,1,0,58973119,58973145,contiguous,official_completed_subset
1989|general|E04|58974|3,1989,general,E04,numeric8,58974,3,^58974\d{3}$,25,146,170,25,1.000000,1,0,58974146,58974170,contiguous,official_completed_subset
1989|general|E05|58975|3,1989,general,E05,numeric8,58975,3,^58975\d{3}$,68,171,238,68,1.000000,1,0,58975171,58975238,contiguous,official_completed_subset
1989|general|E06|58976|3,1989,general,E06,numeric8,58976,3,^58976\d{3}$,49,239,287,49,1.000000,1,0,58976239,58976287,contiguous,official_completed_subset
1989|general|E07|58977|3,1989,general,E07,numeric8,58977,3,^58977\d{3}$,27,288,314,27,1.000000,1,0,58977288,58977314,contiguous,official_completed_subset
1989|general|E08|58978|3,1989,general,E08,numeric8,58978,3,^58978\d{3}$,56,315,380,66,0.848485,8,10,58978315,58978380,dense,official_completed_subset
1989|general|E09|58979|3,1989,general,E09,numeric8,58979,3,^58979\d{3}$,21,382,404,23,0.913043,3,2,58979382,58979404,dense,official_completed_subset
1989|general|E10|58978|3,1989,general,E10,numeric8,58978,3,^58978\d{3}$,10,317,366,50,0.200000,7,40,58978317,58978366,sparse,official_completed_subset
1989|general|E10|58979|3,1989,general,E10,numeric8,58979,3,^58979\d{3}$,2,381,389,9,0.222222,2,7,58979381,58979389,sparse,official_completed_subset
1989|general|E11|58979|3,1989,general,E11,numeric8,58979,3,^58979\d{3}$,1,391,391,1,1.000000,1,0,58979391,58979391,contiguous,official_completed_subset
1989|regional|E02|58962|3,1989,regional,E02,numeric8,58962,3,^58962\d{3}$,1,406,406,1,1.000000,1,0,58962406,58962406,contiguous,official_completed_subset
1989|regional|E05|58965|3,1989,regional,E05,numeric8,58965,3,^58965\d{3}$,1,407,407,1,1.000000,1,0,58965407,58965407,contiguous,official_completed_subset
1989|regional|E06|58966|3,1989,regional,E06,numeric8,58966,3,^58966\d{3}$,1,408,408,1,1.000000,1,0,58966408,58966408,contiguous,official_completed_subset
1989|regional|E09|58969|3,1989,regional,E09,numeric8,58969,3,^58969\d{3}$,2,409,410,2,1.000000,1,0,58969409,58969410,contiguous,official_completed_subset
1989|special|E01|58941|3,1989,special,E01,numeric8,58941,3,^58941\d{3}$,1,5,5,1,1.000000,1,0,58941005,58941005,contiguous,official_completed_subset
1989|special|E02|58942|3,1989,special,E02,numeric8,58942,3,^58942\d{3}$,2,6,8,3,0.666667,2,1,58942006,58942008,moderate,official_completed_subset
1989|special|E03|58943|3,1989,special,E03,numeric8,58943,3,^58943\d{3}$,3,2,405,404,0.007426,3,401,58943002,58943405,sparse,official_completed_subset
1989|special|E05|58945|3,1989,special,E05,numeric8,58945,3,^58945\d{3}$,1,7,7,1,1.000000,1,0,58945007,58945007,contiguous,official_completed_subset
1989|special|E06|58946|3,1989,special,E06,numeric8,58946,3,^58946\d{3}$,1,1,1,1,1.000000,1,0,58946001,58946001,contiguous,official_completed_subset
1989|special|E09|58949|3,1989,special,E09,numeric8,58949,3,^58949\d{3}$,1,3,3,1,1.000000,1,0,58949003,58949003,contiguous,official_completed_subset
1989|youth_c|E01|58901|3,1989,youth_c,E01,numeric8,58901,3,^58901\d{3}$,11,411,421,11,1.000000,1,0,58901411,58901421,contiguous,official_completed_subset
1989|youth_c|E02|58902|3,1989,youth_c,E02,numeric8,58902,3,^58902\d{3}$,5,422,426,5,1.000000,1,0,58902422,58902426,contiguous,official_completed_subset
1989|youth_c|E03|58903|3,1989,youth_c,E03,numeric8,58903,3,^58903\d{3}$,4,427,430,4,1.000000,1,0,58903427,58903430,contiguous,official_completed_subset
1989|youth_c|E04|58904|3,1989,youth_c,E04,numeric8,58904,3,^58904\d{3}$,5,431,435,5,1.000000,1,0,58904431,58904435,contiguous,official_completed_subset
1989|youth_c|E05|58905|3,1989,youth_c,E05,numeric8,58905,3,^58905\d{3}$,7,436,442,7,1.000000,1,0,58905436,58905442,contiguous,official_completed_subset
1989|youth_c|E06|58906|3,1989,youth_c,E06,numeric8,58906,3,^58906\d{3}$,5,443,447,5,1.000000,1,0,58906443,58906447,contiguous,official_completed_subset
1989|youth_c|E07|58907|3,1989,youth_c,E07,numeric8,58907,3,^58907\d{3}$,5,448,452,5,1.000000,1,0,58907448,58907452,contiguous,official_completed_subset
1989|youth_c|E08|58908|3,1989,youth_c,E08,numeric8,58908,3,^58908\d{3}$,7,453,460,8,0.875000,2,1,58908453,58908460,dense,official_completed_subset
1989|youth_c|E09|58909|3,1989,youth_c,E09,numeric8,58909,3,^58909\d{3}$,4,461,464,4,1.000000,1,0,58909461,58909464,contiguous,official_completed_subset
1989|youth_c|E10|58908|3,1989,youth_c,E10,numeric8,58908,3,^58908\d{3}$,1,456,456,1,1.000000,1,0,58908456,58908456,contiguous,official_completed_subset
1990|general|E01|59071|3,1990,general,E01,numeric8,59071,3,^59071\d{3}$,66,5,70,66,1.000000,1,0,59071005,59071070,contiguous,official_completed_subset
1990|general|E02|59072|3,1990,general,E02,numeric8,59072,3,^59072\d{3}$,42,71,112,42,1.000000,1,0,59072071,59072112,contiguous,official_completed_subset
1990|general|E03|59073|3,1990,general,E03,numeric8,59073,3,^59073\d{3}$,28,113,140,28,1.000000,1,0,59073113,59073140,contiguous,official_completed_subset
1990|general|E04|59074|3,1990,general,E04,numeric8,59074,3,^59074\d{3}$,27,141,167,27,1.000000,1,0,59074141,59074167,contiguous,official_completed_subset
1990|general|E05|59075|3,1990,general,E05,numeric8,59075,3,^59075\d{3}$,81,168,248,81,1.000000,1,0,59075168,59075248,contiguous,official_completed_subset
1990|general|E06|59076|3,1990,general,E06,numeric8,59076,3,^59076\d{3}$,46,249,294,46,1.000000,1,0,59076249,59076294,contiguous,official_completed_subset
1990|general|E07|59077|3,1990,general,E07,numeric8,59077,3,^59077\d{3}$,25,295,319,25,1.000000,1,0,59077295,59077319,contiguous,official_completed_subset
1990|general|E08|59078|3,1990,general,E08,numeric8,59078,3,^59078\d{3}$,46,320,377,58,0.793103,10,12,59078320,59078377,moderate,official_completed_subset
1990|general|E09|59079|3,1990,general,E09,numeric8,59079,3,^59079\d{3}$,29,378,407,30,0.966667,2,1,59079378,59079407,dense,official_completed_subset
1990|general|E10|59078|3,1990,general,E10,numeric8,59078,3,^59078\d{3}$,12,326,375,50,0.240000,9,38,59078326,59078375,sparse,official_completed_subset
1990|general|E10|59079|3,1990,general,E10,numeric8,59079,3,^59079\d{3}$,1,406,406,1,1.000000,1,0,59079406,59079406,contiguous,official_completed_subset
1990|regional|E01|59061|3,1990,regional,E01,numeric8,59061,3,^59061\d{3}$,2,509,510,2,1.000000,1,0,59061509,59061510,contiguous,official_completed_subset
1990|regional|E02|59062|3,1990,regional,E02,numeric8,59062,3,^59062\d{3}$,1,511,511,1,1.000000,1,0,59062511,59062511,contiguous,official_completed_subset
1990|regional|E03|59063|3,1990,regional,E03,numeric8,59063,3,^59063\d{3}$,1,512,512,1,1.000000,1,0,59063512,59063512,contiguous,official_completed_subset
1990|regional|E05|59065|3,1990,regional,E05,numeric8,59065,3,^59065\d{3}$,2,513,514,2,1.000000,1,0,59065513,59065514,contiguous,official_completed_subset
1990|regional|E06|59066|3,1990,regional,E06,numeric8,59066,3,^59066\d{3}$,1,515,515,1,1.000000,1,0,59066515,59066515,contiguous,official_completed_subset
1990|regional|E08|59068|3,1990,regional,E08,numeric8,59068,3,^59068\d{3}$,1,516,516,1,1.000000,1,0,59068516,59068516,contiguous,official_completed_subset
1990|regional|E09|59069|3,1990,regional,E09,numeric8,59069,3,^59069\d{3}$,2,517,518,2,1.000000,1,0,59069517,59069518,contiguous,official_completed_subset
1990|special|E01|59041|3,1990,special,E01,numeric8,59041,3,^59041\d{3}$,2,2,4,3,0.666667,2,1,59041002,59041004,moderate,official_completed_subset
1990|special|E01|59081|3,1990,special,E01,numeric8,59081,3,^59081\d{3}$,9,408,416,9,1.000000,1,0,59081408,59081416,contiguous,official_completed_subset
1990|special|E02|59042|3,1990,special,E02,numeric8,59042,3,^59042\d{3}$,1,1,1,1,1.000000,1,0,59042001,59042001,contiguous,official_completed_subset
1990|special|E02|59082|3,1990,special,E02,numeric8,59082,3,^59082\d{3}$,11,417,427,11,1.000000,1,0,59082417,59082427,contiguous,official_completed_subset
1990|special|E03|59083|3,1990,special,E03,numeric8,59083,3,^59083\d{3}$,5,428,432,5,1.000000,1,0,59083428,59083432,contiguous,official_completed_subset
1990|special|E05|59045|3,1990,special,E05,numeric8,59045,3,^59045\d{3}$,1,3,3,1,1.000000,1,0,59045003,59045003,contiguous,official_completed_subset
1990|special|E05|59085|3,1990,special,E05,numeric8,59085,3,^59085\d{3}$,8,433,440,8,1.000000,1,0,59085433,59085440,contiguous,official_completed_subset
1990|special|E06|59086|3,1990,special,E06,numeric8,59086,3,^59086\d{3}$,3,441,443,3,1.000000,1,0,59086441,59086443,contiguous,official_completed_subset
1990|youth_c|E01|59001|3,1990,youth_c,E01,numeric8,59001,3,^59001\d{3}$,13,444,456,13,1.000000,1,0,59001444,59001456,contiguous,official_completed_subset
1990|youth_c|E02|59002|3,1990,youth_c,E02,numeric8,59002,3,^59002\d{3}$,5,457,461,5,1.000000,1,0,59002457,59002461,contiguous,official_completed_subset
1990|youth_c|E03|59003|3,1990,youth_c,E03,numeric8,59003,3,^59003\d{3}$,3,462,464,3,1.000000,1,0,59003462,59003464,contiguous,official_completed_subset
1990|youth_c|E04|59004|3,1990,youth_c,E04,numeric8,59004,3,^59004\d{3}$,4,465,468,4,1.000000,1,0,59004465,59004468,contiguous,official_completed_subset
1990|youth_c|E05|59005|3,1990,youth_c,E05,numeric8,59005,3,^59005\d{3}$,13,469,481,13,1.000000,1,0,59005469,59005481,contiguous,official_completed_subset
1990|youth_c|E06|59006|3,1990,youth_c,E06,numeric8,59006,3,^59006\d{3}$,8,482,489,8,1.000000,1,0,59006482,59006489,contiguous,official_completed_subset
1990|youth_c|E07|59007|3,1990,youth_c,E07,numeric8,59007,3,^59007\d{3}$,3,490,492,3,1.000000,1,0,59007490,59007492,contiguous,official_completed_subset
1990|youth_c|E08|59008|3,1990,youth_c,E08,numeric8,59008,3,^59008\d{3}$,9,493,503,11,0.818182,3,2,59008493,59008503,dense,official_completed_subset
1990|youth_c|E09|59009|3,1990,youth_c,E09,numeric8,59009,3,^59009\d{3}$,4,504,507,4,1.000000,1,0,59009504,59009507,contiguous,official_completed_subset
1990|youth_c|E10|59008|3,1990,youth_c,E10,numeric8,59008,3,^59008\d{3}$,2,494,496,3,0.666667,2,1,59008494,59008496,moderate,official_completed_subset
1990|youth_c|E10|59009|3,1990,youth_c,E10,numeric8,59009,3,^59009\d{3}$,1,508,508,1,1.000000,1,0,59009508,59009508,contiguous,official_completed_subset
1991|general|E01|59171|3,1991,general,E01,numeric8,59171,3,^59171\d{3}$,66,1,67,67,0.985075,2,1,59171001,59171067,dense,official_completed_subset
1991|general|E02|59172|3,1991,general,E02,numeric8,59172,3,^59172\d{3}$,40,68,107,40,1.000000,1,0,59172068,59172107,contiguous,official_completed_subset
1991|general|E03|59173|3,1991,general,E03,numeric8,59173,3,^59173\d{3}$,25,108,132,25,1.000000,1,0,59173108,59173132,contiguous,official_completed_subset
1991|general|E04|59174|3,1991,general,E04,numeric8,59174,3,^59174\d{3}$,24,133,156,24,1.000000,1,0,59174133,59174156,contiguous,official_completed_subset
1991|general|E05|59175|3,1991,general,E05,numeric8,59175,3,^59175\d{3}$,84,157,240,84,1.000000,1,0,59175157,59175240,contiguous,official_completed_subset
1991|general|E06|59176|3,1991,general,E06,numeric8,59176,3,^59176\d{3}$,43,241,283,43,1.000000,1,0,59176241,59176283,contiguous,official_completed_subset
1991|general|E07|59177|3,1991,general,E07,numeric8,59177,3,^59177\d{3}$,20,284,303,20,1.000000,1,0,59177284,59177303,contiguous,official_completed_subset
1991|general|E08|59178|3,1991,general,E08,numeric8,59178,3,^59178\d{3}$,51,304,363,60,0.850000,2,9,59178304,59178363,dense,official_completed_subset
1991|general|E09|59179|3,1991,general,E09,numeric8,59179,3,^59179\d{3}$,24,365,390,26,0.923077,2,2,59179365,59179390,dense,official_completed_subset
1991|general|E10|59178|3,1991,general,E10,numeric8,59178,3,^59178\d{3}$,9,322,330,9,1.000000,1,0,59178322,59178330,contiguous,official_completed_subset
1991|general|E10|59179|3,1991,general,E10,numeric8,59179,3,^59179\d{3}$,2,387,388,2,1.000000,1,0,59179387,59179388,contiguous,official_completed_subset
1991|general|E11|59179|3,1991,general,E11,numeric8,59179,3,^59179\d{3}$,1,364,364,1,1.000000,1,0,59179364,59179364,contiguous,official_completed_subset
1991|key|E01|59131|3,1991,key,E01,numeric8,59131,3,^59131\d{3}$,8,10,24,15,0.533333,2,7,59131010,59131024,moderate,official_completed_subset
1991|key|E02|59132|3,1991,key,E02,numeric8,59132,3,^59132\d{3}$,5,30,34,5,1.000000,1,0,59132030,59132034,contiguous,official_completed_subset
1991|key|E03|59133|3,1991,key,E03,numeric8,59133,3,^59133\d{3}$,1,40,40,1,1.000000,1,0,59133040,59133040,contiguous,official_completed_subset
1991|key|E04|59134|3,1991,key,E04,numeric8,59134,3,^59134\d{3}$,4,50,53,4,1.000000,1,0,59134050,59134053,contiguous,official_completed_subset
1991|key|E05|59139|3,1991,key,E05,numeric8,59139,3,^59139\d{3}$,1,93,93,1,1.000000,1,0,59139093,59139093,contiguous,official_completed_subset
1991|key|E06|59136|3,1991,key,E06,numeric8,59136,3,^59136\d{3}$,4,60,63,4,1.000000,1,0,59136060,59136063,contiguous,official_completed_subset
1991|key|E07|59137|3,1991,key,E07,numeric8,59137,3,^59137\d{3}$,3,70,72,3,1.000000,1,0,59137070,59137072,contiguous,official_completed_subset
1991|key|E09|59139|3,1991,key,E09,numeric8,59139,3,^59139\d{3}$,3,90,92,3,1.000000,1,0,59139090,59139092,contiguous,official_completed_subset
1991|key|E10|59138|3,1991,key,E10,numeric8,59138,3,^59138\d{3}$,3,80,82,3,1.000000,1,0,59138080,59138082,contiguous,official_completed_subset
1991|regional|E01|59161|3,1991,regional,E01,numeric8,59161,3,^59161\d{3}$,1,1,1,1,1.000000,1,0,59161001,59161001,contiguous,official_completed_subset
1991|regional|E02|59162|3,1991,regional,E02,numeric8,59162,3,^59162\d{3}$,1,2,2,1,1.000000,1,0,59162002,59162002,contiguous,official_completed_subset
1991|regional|E03|59163|3,1991,regional,E03,numeric8,59163,3,^59163\d{3}$,1,3,3,1,1.000000,1,0,59163003,59163003,contiguous,official_completed_subset
1991|regional|E04|59164|3,1991,regional,E04,numeric8,59164,3,^59164\d{3}$,1,4,4,1,1.000000,1,0,59164004,59164004,contiguous,official_completed_subset
1991|regional|E05|59165|3,1991,regional,E05,numeric8,59165,3,^59165\d{3}$,2,5,6,2,1.000000,1,0,59165005,59165006,contiguous,official_completed_subset
1991|regional|E06|59166|3,1991,regional,E06,numeric8,59166,3,^59166\d{3}$,1,7,7,1,1.000000,1,0,59166007,59166007,contiguous,official_completed_subset
1991|regional|E08|59168|3,1991,regional,E08,numeric8,59168,3,^59168\d{3}$,1,8,8,1,1.000000,1,0,59168008,59168008,contiguous,official_completed_subset
1991|regional|E09|59169|3,1991,regional,E09,numeric8,59169,3,^59169\d{3}$,2,9,10,2,1.000000,1,0,59169009,59169010,contiguous,official_completed_subset
1991|special|E01|59141|3,1991,special,E01,numeric8,59141,3,^59141\d{3}$,1,4,4,1,1.000000,1,0,59141004,59141004,contiguous,official_completed_subset
1991|special|E01|59181|3,1991,special,E01,numeric8,59181,3,^59181\d{3}$,8,1,8,8,1.000000,1,0,59181001,59181008,contiguous,official_completed_subset
1991|special|E02|59142|3,1991,special,E02,numeric8,59142,3,^59142\d{3}$,1,6,6,1,1.000000,1,0,59142006,59142006,contiguous,official_completed_subset
1991|special|E02|59182|3,1991,special,E02,numeric8,59182,3,^59182\d{3}$,6,9,14,6,1.000000,1,0,59182009,59182014,contiguous,official_completed_subset
1991|special|E03|59183|3,1991,special,E03,numeric8,59183,3,^59183\d{3}$,5,15,19,5,1.000000,1,0,59183015,59183019,contiguous,official_completed_subset
1991|special|E05|59145|3,1991,special,E05,numeric8,59145,3,^59145\d{3}$,1,5,5,1,1.000000,1,0,59145005,59145005,contiguous,official_completed_subset
1991|special|E05|59185|3,1991,special,E05,numeric8,59185,3,^59185\d{3}$,5,20,24,5,1.000000,1,0,59185020,59185024,contiguous,official_completed_subset
1991|special|E06|59186|3,1991,special,E06,numeric8,59186,3,^59186\d{3}$,2,25,26,2,1.000000,1,0,59186025,59186026,contiguous,official_completed_subset
1991|special|E07|59187|3,1991,special,E07,numeric8,59187,3,^59187\d{3}$,1,27,27,1,1.000000,1,0,59187027,59187027,contiguous,official_completed_subset
1991|special|E08|59148|3,1991,special,E08,numeric8,59148,3,^59148\d{3}$,1,3,3,1,1.000000,1,0,59148003,59148003,contiguous,official_completed_subset
1991|special|E09|59149|3,1991,special,E09,numeric8,59149,3,^59149\d{3}$,2,1,2,2,1.000000,1,0,59149001,59149002,contiguous,official_completed_subset
1991|special|E09|59159|3,1991,special,E09,numeric8,59159,3,^59159\d{3}$,1,1,1,1,1.000000,1,0,59159001,59159001,contiguous,official_completed_subset
1991|youth_c|E01|59101|3,1991,youth_c,E01,numeric8,59101,3,^59101\d{3}$,13,1,13,13,1.000000,1,0,59101001,59101013,contiguous,official_completed_subset
1991|youth_c|E02|59102|3,1991,youth_c,E02,numeric8,59102,3,^59102\d{3}$,6,14,19,6,1.000000,1,0,59102014,59102019,contiguous,official_completed_subset
1991|youth_c|E03|59103|3,1991,youth_c,E03,numeric8,59103,3,^59103\d{3}$,4,20,23,4,1.000000,1,0,59103020,59103023,contiguous,official_completed_subset
1991|youth_c|E04|59104|3,1991,youth_c,E04,numeric8,59104,3,^59104\d{3}$,4,24,27,4,1.000000,1,0,59104024,59104027,contiguous,official_completed_subset
1991|youth_c|E05|59105|3,1991,youth_c,E05,numeric8,59105,3,^59105\d{3}$,14,28,41,14,1.000000,1,0,59105028,59105041,contiguous,official_completed_subset
1991|youth_c|E06|59106|3,1991,youth_c,E06,numeric8,59106,3,^59106\d{3}$,9,42,50,9,1.000000,1,0,59106042,59106050,contiguous,official_completed_subset
1991|youth_c|E07|59107|3,1991,youth_c,E07,numeric8,59107,3,^59107\d{3}$,5,51,55,5,1.000000,1,0,59107051,59107055,contiguous,official_completed_subset
1991|youth_c|E08|59108|3,1991,youth_c,E08,numeric8,59108,3,^59108\d{3}$,12,56,69,14,0.857143,2,2,59108056,59108069,dense,official_completed_subset
1991|youth_c|E09|59109|3,1991,youth_c,E09,numeric8,59109,3,^59109\d{3}$,7,70,77,8,0.875000,2,1,59109070,59109077,dense,official_completed_subset
1991|youth_c|E10|59108|3,1991,youth_c,E10,numeric8,59108,3,^59108\d{3}$,2,60,61,2,1.000000,1,0,59108060,59108061,contiguous,official_completed_subset
1991|youth_c|E10|59109|3,1991,youth_c,E10,numeric8,59109,3,^59109\d{3}$,1,75,75,1,1.000000,1,0,59109075,59109075,contiguous,official_completed_subset
1992|general|E01|59271|3,1992,general,E01,numeric8,59271,3,^59271\d{3}$,63,1,63,63,1.000000,1,0,59271001,59271063,contiguous,official_completed_subset
1992|general|E02|59272|3,1992,general,E02,numeric8,59272,3,^59272\d{3}$,40,64,104,41,0.975610,2,1,59272064,59272104,dense,official_completed_subset
1992|general|E03|59273|3,1992,general,E03,numeric8,59273,3,^59273\d{3}$,27,105,131,27,1.000000,1,0,59273105,59273131,contiguous,official_completed_subset
1992|general|E04|59274|3,1992,general,E04,numeric8,59274,3,^59274\d{3}$,25,132,156,25,1.000000,1,0,59274132,59274156,contiguous,official_completed_subset
1992|general|E05|59275|3,1992,general,E05,numeric8,59275,3,^59275\d{3}$,88,157,244,88,1.000000,1,0,59275157,59275244,contiguous,official_completed_subset
1992|general|E06|59276|3,1992,general,E06,numeric8,59276,3,^59276\d{3}$,46,245,290,46,1.000000,1,0,59276245,59276290,contiguous,official_completed_subset
1992|general|E07|59277|3,1992,general,E07,numeric8,59277,3,^59277\d{3}$,21,291,311,21,1.000000,1,0,59277291,59277311,contiguous,official_completed_subset
1992|general|E08|59278|3,1992,general,E08,numeric8,59278,3,^59278\d{3}$,45,313,369,57,0.789474,3,12,59278313,59278369,moderate,official_completed_subset
1992|general|E09|59279|3,1992,general,E09,numeric8,59279,3,^59279\d{3}$,27,370,399,30,0.900000,3,3,59279370,59279399,dense,official_completed_subset
1992|general|E10|59278|3,1992,general,E10,numeric8,59278,3,^59278\d{3}$,12,312,340,29,0.413793,2,17,59278312,59278340,moderate,official_completed_subset
1992|general|E10|59279|3,1992,general,E10,numeric8,59279,3,^59279\d{3}$,2,396,397,2,1.000000,1,0,59279396,59279397,contiguous,official_completed_subset
1992|general|E11|59279|3,1992,general,E11,numeric8,59279,3,^59279\d{3}$,1,373,373,1,1.000000,1,0,59279373,59279373,contiguous,official_completed_subset
1992|key|E01|59231|3,1992,key,E01,numeric8,59231,3,^59231\d{3}$,7,10,32,23,0.304348,2,16,59231010,59231032,sparse,official_completed_subset
1992|key|E02|59232|3,1992,key,E02,numeric8,59232,3,^59232\d{3}$,4,40,43,4,1.000000,1,0,59232040,59232043,contiguous,official_completed_subset
1992|key|E03|59233|3,1992,key,E03,numeric8,59233,3,^59233\d{3}$,8,50,63,14,0.571429,2,6,59233050,59233063,moderate,official_completed_subset
1992|key|E04|59234|3,1992,key,E04,numeric8,59234,3,^59234\d{3}$,3,70,72,3,1.000000,1,0,59234070,59234072,contiguous,official_completed_subset
1992|key|E05|59235|3,1992,key,E05,numeric8,59235,3,^59235\d{3}$,14,80,123,44,0.318182,5,30,59235080,59235123,sparse,official_completed_subset
1992|key|E06|59236|3,1992,key,E06,numeric8,59236,3,^59236\d{3}$,7,130,143,14,0.500000,2,7,59236130,59236143,moderate,official_completed_subset
1992|key|E08|59238|3,1992,key,E08,numeric8,59238,3,^59238\d{3}$,8,150,163,14,0.571429,2,6,59238150,59238163,moderate,official_completed_subset
1992|key|E09|59239|3,1992,key,E09,numeric8,59239,3,^59239\d{3}$,4,170,173,4,1.000000,1,0,59239170,59239173,contiguous,official_completed_subset
1992|regional|E01|59261|3,1992,regional,E01,numeric8,59261,3,^59261\d{3}$,1,1,1,1,1.000000,1,0,59261001,59261001,contiguous,official_completed_subset
1992|regional|E04|59264|3,1992,regional,E04,numeric8,59264,3,^59264\d{3}$,2,2,3,2,1.000000,1,0,59264002,59264003,contiguous,official_completed_subset
1992|regional|E05|59265|3,1992,regional,E05,numeric8,59265,3,^59265\d{3}$,1,4,4,1,1.000000,1,0,59265004,59265004,contiguous,official_completed_subset
1992|regional|E06|59266|3,1992,regional,E06,numeric8,59266,3,^59266\d{3}$,1,5,5,1,1.000000,1,0,59266005,59266005,contiguous,official_completed_subset
1992|regional|E07|59267|3,1992,regional,E07,numeric8,59267,3,^59267\d{3}$,1,6,6,1,1.000000,1,0,59267006,59267006,contiguous,official_completed_subset
1992|regional|E09|59269|3,1992,regional,E09,numeric8,59269,3,^59269\d{3}$,2,7,8,2,1.000000,1,0,59269007,59269008,contiguous,official_completed_subset
1992|special|E01|59223|3,1992,special,E01,numeric8,59223,3,^59223\d{3}$,1,1,1,1,1.000000,1,0,59223001,59223001,contiguous,official_completed_subset
1992|special|E01|59241|3,1992,special,E01,numeric8,59241,3,^59241\d{3}$,2,3,8,6,0.333333,2,4,59241003,59241008,sparse,official_completed_subset
1992|special|E01|59281|3,1992,special,E01,numeric8,59281,3,^59281\d{3}$,11,1,11,11,1.000000,1,0,59281001,59281011,contiguous,official_completed_subset
1992|special|E02|59242|3,1992,special,E02,numeric8,59242,3,^59242\d{3}$,3,4,6,3,1.000000,1,0,59242004,59242006,contiguous,official_completed_subset
1992|special|E02|59282|3,1992,special,E02,numeric8,59282,3,^59282\d{3}$,18,12,29,18,1.000000,1,0,59282012,59282029,contiguous,official_completed_subset
1992|special|E03|59243|3,1992,special,E03,numeric8,59243,3,^59243\d{3}$,1,2,2,1,1.000000,1,0,59243002,59243002,contiguous,official_completed_subset
1992|special|E03|59283|3,1992,special,E03,numeric8,59283,3,^59283\d{3}$,9,30,38,9,1.000000,1,0,59283030,59283038,contiguous,official_completed_subset
1992|special|E04|59244|3,1992,special,E04,numeric8,59244,3,^59244\d{3}$,1,7,7,1,1.000000,1,0,59244007,59244007,contiguous,official_completed_subset
1992|special|E05|59249|3,1992,special,E05,numeric8,59249,3,^59249\d{3}$,1,1,1,1,1.000000,1,0,59249001,59249001,contiguous,official_completed_subset
1992|special|E05|59285|3,1992,special,E05,numeric8,59285,3,^59285\d{3}$,7,39,45,7,1.000000,1,0,59285039,59285045,contiguous,official_completed_subset
1992|special|E06|59286|3,1992,special,E06,numeric8,59286,3,^59286\d{3}$,8,46,53,8,1.000000,1,0,59286046,59286053,contiguous,official_completed_subset
1992|youth_c|E01|59201|3,1992,youth_c,E01,numeric8,59201,3,^59201\d{3}$,12,1,12,12,1.000000,1,0,59201001,59201012,contiguous,official_completed_subset
1992|youth_c|E02|59202|3,1992,youth_c,E02,numeric8,59202,3,^59202\d{3}$,10,13,22,10,1.000000,1,0,59202013,59202022,contiguous,official_completed_subset
1992|youth_c|E03|59203|3,1992,youth_c,E03,numeric8,59203,3,^59203\d{3}$,5,23,27,5,1.000000,1,0,59203023,59203027,contiguous,official_completed_subset
1992|youth_c|E04|59204|3,1992,youth_c,E04,numeric8,59204,3,^59204\d{3}$,7,28,34,7,1.000000,1,0,59204028,59204034,contiguous,official_completed_subset
1992|youth_c|E05|59205|3,1992,youth_c,E05,numeric8,59205,3,^59205\d{3}$,17,35,51,17,1.000000,1,0,59205035,59205051,contiguous,official_completed_subset
1992|youth_c|E06|59206|3,1992,youth_c,E06,numeric8,59206,3,^59206\d{3}$,12,52,63,12,1.000000,1,0,59206052,59206063,contiguous,official_completed_subset
1992|youth_c|E07|59207|3,1992,youth_c,E07,numeric8,59207,3,^59207\d{3}$,5,64,68,5,1.000000,1,0,59207064,59207068,contiguous,official_completed_subset
1992|youth_c|E08|59208|3,1992,youth_c,E08,numeric8,59208,3,^59208\d{3}$,10,69,82,14,0.714286,2,4,59208069,59208082,moderate,official_completed_subset
1992|youth_c|E09|59209|3,1992,youth_c,E09,numeric8,59209,3,^59209\d{3}$,6,83,90,8,0.750000,2,2,59209083,59209090,moderate,official_completed_subset
1992|youth_c|E10|59208|3,1992,youth_c,E10,numeric8,59208,3,^59208\d{3}$,4,71,74,4,1.000000,1,0,59208071,59208074,contiguous,official_completed_subset
1992|youth_c|E10|59209|3,1992,youth_c,E10,numeric8,59209,3,^59209\d{3}$,2,88,89,2,1.000000,1,0,59209088,59209089,contiguous,official_completed_subset
1993|general|E01|59371|3,1993,general,E01,numeric8,59371,3,^59371\d{3}$,74,1,74,74,1.000000,1,0,59371001,59371074,contiguous,official_completed_subset
1993|general|E02|59372|3,1993,general,E02,numeric8,59372,3,^59372\d{3}$,41,75,115,41,1.000000,1,0,59372075,59372115,contiguous,official_completed_subset
1993|general|E03|59373|3,1993,general,E03,numeric8,59373,3,^59373\d{3}$,31,116,147,32,0.968750,2,1,59373116,59373147,dense,official_completed_subset
1993|general|E04|59374|3,1993,general,E04,numeric8,59374,3,^59374\d{3}$,23,148,170,23,1.000000,1,0,59374148,59374170,contiguous,official_completed_subset
1993|general|E05|59375|3,1993,general,E05,numeric8,59375,3,^59375\d{3}$,89,171,260,90,0.988889,2,1,59375171,59375260,dense,official_completed_subset
1993|general|E05|59379|3,1993,general,E05,numeric8,59379,3,^59379\d{3}$,1,410,410,1,1.000000,1,0,59379410,59379410,contiguous,official_completed_subset
1993|general|E06|59376|3,1993,general,E06,numeric8,59376,3,^59376\d{3}$,48,261,308,48,1.000000,1,0,59376261,59376308,contiguous,official_completed_subset
1993|general|E07|59377|3,1993,general,E07,numeric8,59377,3,^59377\d{3}$,21,309,329,21,1.000000,1,0,59377309,59377329,contiguous,official_completed_subset
1993|general|E08|59378|3,1993,general,E08,numeric8,59378,3,^59378\d{3}$,44,330,382,53,0.830189,3,9,59378330,59378382,dense,official_completed_subset
1993|general|E09|59379|3,1993,general,E09,numeric8,59379,3,^59379\d{3}$,24,383,409,27,0.888889,2,3,59379383,59379409,dense,official_completed_subset
1993|general|E10|59378|3,1993,general,E10,numeric8,59378,3,^59378\d{3}$,9,341,350,10,0.900000,2,1,59378341,59378350,dense,official_completed_subset
1993|general|E10|59379|3,1993,general,E10,numeric8,59379,3,^59379\d{3}$,3,402,404,3,1.000000,1,0,59379402,59379404,contiguous,official_completed_subset
1993|key|E01|59331|3,1993,key,E01,numeric8,59331,3,^59331\d{3}$,12,10,43,34,0.352941,3,22,59331010,59331043,sparse,official_completed_subset
1993|key|E01|59332|3,1993,key,E01,numeric8,59332,3,^59332\d{3}$,1,62,62,1,1.000000,1,0,59332062,59332062,contiguous,official_completed_subset
1993|key|E02|59332|3,1993,key,E02,numeric8,59332,3,^59332\d{3}$,5,50,61,12,0.416667,2,7,59332050,59332061,moderate,official_completed_subset
1993|key|E03|59333|3,1993,key,E03,numeric8,59333,3,^59333\d{3}$,4,70,80,11,0.363636,2,7,59333070,59333080,sparse,official_completed_subset
1993|key|E05|59332|3,1993,key,E05,numeric8,59332,3,^59332\d{3}$,1,63,63,1,1.000000,1,0,59332063,59332063,contiguous,official_completed_subset
1993|key|E05|59335|3,1993,key,E05,numeric8,59335,3,^59335\d{3}$,7,90,102,13,0.538462,2,6,59335090,59335102,moderate,official_completed_subset
1993|key|E05|59338|3,1993,key,E05,numeric8,59338,3,^59338\d{3}$,1,150,150,1,1.000000,1,0,59338150,59338150,contiguous,official_completed_subset
1993|key|E06|59336|3,1993,key,E06,numeric8,59336,3,^59336\d{3}$,4,110,113,4,1.000000,1,0,59336110,59336113,contiguous,official_completed_subset
1993|key|E08|59338|3,1993,key,E08,numeric8,59338,3,^59338\d{3}$,3,120,140,21,0.142857,3,18,59338120,59338140,sparse,official_completed_subset
1993|key|E09|59339|3,1993,key,E09,numeric8,59339,3,^59339\d{3}$,6,160,172,13,0.461538,2,7,59339160,59339172,moderate,official_completed_subset
1993|regional|E01|59361|3,1993,regional,E01,numeric8,59361,3,^59361\d{3}$,1,1,1,1,1.000000,1,0,59361001,59361001,contiguous,official_completed_subset
1993|regional|E02|59362|3,1993,regional,E02,numeric8,59362,3,^59362\d{3}$,1,2,2,1,1.000000,1,0,59362002,59362002,contiguous,official_completed_subset
1993|regional|E03|59363|3,1993,regional,E03,numeric8,59363,3,^59363\d{3}$,1,3,3,1,1.000000,1,0,59363003,59363003,contiguous,official_completed_subset
1993|regional|E05|59365|3,1993,regional,E05,numeric8,59365,3,^59365\d{3}$,1,4,4,1,1.000000,1,0,59365004,59365004,contiguous,official_completed_subset
1993|regional|E06|59366|3,1993,regional,E06,numeric8,59366,3,^59366\d{3}$,1,5,5,1,1.000000,1,0,59366005,59366005,contiguous,official_completed_subset
1993|regional|E08|59368|3,1993,regional,E08,numeric8,59368,3,^59368\d{3}$,2,6,7,2,1.000000,1,0,59368006,59368007,contiguous,official_completed_subset
1993|regional|E09|59369|3,1993,regional,E09,numeric8,59369,3,^59369\d{3}$,2,8,9,2,1.000000,1,0,59369008,59369009,contiguous,official_completed_subset
1993|special|E01|59341|3,1993,special,E01,numeric8,59341,3,^59341\d{3}$,5,1,9,9,0.555556,3,4,59341001,59341009,moderate,official_completed_subset
1993|special|E01|59381|3,1993,special,E01,numeric8,59381,3,^59381\d{3}$,8,1,8,8,1.000000,1,0,59381001,59381008,contiguous,official_completed_subset
1993|special|E02|59323|3,1993,special,E02,numeric8,59323,3,^59323\d{3}$,1,1,1,1,1.000000,1,0,59323001,59323001,contiguous,official_completed_subset
1993|special|E02|59382|3,1993,special,E02,numeric8,59382,3,^59382\d{3}$,7,9,15,7,1.000000,1,0,59382009,59382015,contiguous,official_completed_subset
1993|special|E03|59343|3,1993,special,E03,numeric8,59343,3,^59343\d{3}$,2,7,11,5,0.400000,2,3,59343007,59343011,moderate,official_completed_subset
1993|special|E03|59383|3,1993,special,E03,numeric8,59383,3,^59383\d{3}$,5,16,20,5,1.000000,1,0,59383016,59383020,contiguous,official_completed_subset
1993|special|E05|59345|3,1993,special,E05,numeric8,59345,3,^59345\d{3}$,2,5,8,4,0.500000,2,2,59345005,59345008,moderate,official_completed_subset
1993|special|E05|59385|3,1993,special,E05,numeric8,59385,3,^59385\d{3}$,5,21,25,5,1.000000,1,0,59385021,59385025,contiguous,official_completed_subset
1993|special|E06|59386|3,1993,special,E06,numeric8,59386,3,^59386\d{3}$,4,26,29,4,1.000000,1,0,59386026,59386029,contiguous,official_completed_subset
1993|special|E07|59347|3,1993,special,E07,numeric8,59347,3,^59347\d{3}$,1,10,10,1,1.000000,1,0,59347010,59347010,contiguous,official_completed_subset
1993|special|E08|59348|3,1993,special,E08,numeric8,59348,3,^59348\d{3}$,1,4,4,1,1.000000,1,0,59348004,59348004,contiguous,official_completed_subset
1993|youth_c|E01|59301|3,1993,youth_c,E01,numeric8,59301,3,^59301\d{3}$,9,1,9,9,1.000000,1,0,59301001,59301009,contiguous,official_completed_subset
1993|youth_c|E02|59302|3,1993,youth_c,E02,numeric8,59302,3,^59302\d{3}$,12,10,21,12,1.000000,1,0,59302010,59302021,contiguous,official_completed_subset
1993|youth_c|E03|59303|3,1993,youth_c,E03,numeric8,59303,3,^59303\d{3}$,5,22,26,5,1.000000,1,0,59303022,59303026,contiguous,official_completed_subset
1993|youth_c|E04|59304|3,1993,youth_c,E04,numeric8,59304,3,^59304\d{3}$,6,27,32,6,1.000000,1,0,59304027,59304032,contiguous,official_completed_subset
1993|youth_c|E05|59305|3,1993,youth_c,E05,numeric8,59305,3,^59305\d{3}$,19,33,51,19,1.000000,1,0,59305033,59305051,contiguous,official_completed_subset
1993|youth_c|E06|59306|3,1993,youth_c,E06,numeric8,59306,3,^59306\d{3}$,12,52,63,12,1.000000,1,0,59306052,59306063,contiguous,official_completed_subset
1993|youth_c|E07|59307|3,1993,youth_c,E07,numeric8,59307,3,^59307\d{3}$,7,64,70,7,1.000000,1,0,59307064,59307070,contiguous,official_completed_subset
1993|youth_c|E08|59308|3,1993,youth_c,E08,numeric8,59308,3,^59308\d{3}$,12,71,84,14,0.857143,2,2,59308071,59308084,dense,official_completed_subset
1993|youth_c|E09|59309|3,1993,youth_c,E09,numeric8,59309,3,^59309\d{3}$,8,85,92,8,1.000000,1,0,59309085,59309092,contiguous,official_completed_subset
1993|youth_c|E10|59308|3,1993,youth_c,E10,numeric8,59308,3,^59308\d{3}$,2,76,77,2,1.000000,1,0,59308076,59308077,contiguous,official_completed_subset
1994|general|E01|59471|3,1994,general,E01,numeric8,59471,3,^59471\d{3}$,71,1,71,71,1.000000,1,0,59471001,59471071,contiguous,official_completed_subset
1994|general|E02|59472|3,1994,general,E02,numeric8,59472,3,^59472\d{3}$,41,1,41,41,1.000000,1,0,59472001,59472041,contiguous,official_completed_subset
1994|general|E03|59473|3,1994,general,E03,numeric8,59473,3,^59473\d{3}$,29,1,29,29,1.000000,1,0,59473001,59473029,contiguous,official_completed_subset
1994|general|E04|59474|3,1994,general,E04,numeric8,59474,3,^59474\d{3}$,27,1,27,27,1.000000,1,0,59474001,59474027,contiguous,official_completed_subset
1994|general|E05|59475|3,1994,general,E05,numeric8,59475,3,^59475\d{3}$,90,1,90,90,1.000000,1,0,59475001,59475090,contiguous,official_completed_subset
1994|general|E06|59476|3,1994,general,E06,numeric8,59476,3,^59476\d{3}$,47,1,47,47,1.000000,1,0,59476001,59476047,contiguous,official_completed_subset
1994|general|E07|59477|3,1994,general,E07,numeric8,59477,3,^59477\d{3}$,22,1,22,22,1.000000,1,0,59477001,59477022,contiguous,official_completed_subset
1994|general|E08|59478|3,1994,general,E08,numeric8,59478,3,^59478\d{3}$,41,1,52,52,0.788462,3,11,59478001,59478052,moderate,official_completed_subset
1994|general|E09|59479|3,1994,general,E09,numeric8,59479,3,^59479\d{3}$,25,1,29,29,0.862069,3,4,59479001,59479029,dense,official_completed_subset
1994|general|E10|59478|3,1994,general,E10,numeric8,59478,3,^59478\d{3}$,10,12,21,10,1.000000,1,0,59478012,59478021,contiguous,official_completed_subset
1994|general|E10|59479|3,1994,general,E10,numeric8,59479,3,^59479\d{3}$,3,20,22,3,1.000000,1,0,59479020,59479022,contiguous,official_completed_subset
1994|general|E11|59479|3,1994,general,E11,numeric8,59479,3,^59479\d{3}$,1,4,4,1,1.000000,1,0,59479004,59479004,contiguous,official_completed_subset
1994|key|E01|59431|3,1994,key,E01,numeric8,59431,3,^59431\d{3}$,8,10,40,31,0.258065,4,23,59431010,59431040,sparse,official_completed_subset
1994|key|E02|59432|3,1994,key,E02,numeric8,59432,3,^59432\d{3}$,7,50,62,13,0.538462,2,6,59432050,59432062,moderate,official_completed_subset
1994|key|E03|59433|3,1994,key,E03,numeric8,59433,3,^59433\d{3}$,3,70,72,3,1.000000,1,0,59433070,59433072,contiguous,official_completed_subset
1994|key|E04|59434|3,1994,key,E04,numeric8,59434,3,^59434\d{3}$,4,80,83,4,1.000000,1,0,59434080,59434083,contiguous,official_completed_subset
1994|key|E05|59435|3,1994,key,E05,numeric8,59435,3,^59435\d{3}$,3,90,92,3,1.000000,1,0,59435090,59435092,contiguous,official_completed_subset
1994|key|E06|59431|3,1994,key,E06,numeric8,59431,3,^59431\d{3}$,3,12,32,21,0.142857,2,18,59431012,59431032,sparse,official_completed_subset
1994|key|E07|59437|3,1994,key,E07,numeric8,59437,3,^59437\d{3}$,2,100,110,11,0.181818,2,9,59437100,59437110,sparse,official_completed_subset
1994|regional|E01|59461|3,1994,regional,E01,numeric8,59461,3,^59461\d{3}$,2,1,2,2,1.000000,1,0,59461001,59461002,contiguous,official_completed_subset
1994|regional|E02|59462|3,1994,regional,E02,numeric8,59462,3,^59462\d{3}$,1,1,1,1,1.000000,1,0,59462001,59462001,contiguous,official_completed_subset
1994|regional|E03|59463|3,1994,regional,E03,numeric8,59463,3,^59463\d{3}$,1,1,1,1,1.000000,1,0,59463001,59463001,contiguous,official_completed_subset
1994|regional|E05|59465|3,1994,regional,E05,numeric8,59465,3,^59465\d{3}$,1,1,1,1,1.000000,1,0,59465001,59465001,contiguous,official_completed_subset
1994|regional|E06|59466|3,1994,regional,E06,numeric8,59466,3,^59466\d{3}$,1,1,1,1,1.000000,1,0,59466001,59466001,contiguous,official_completed_subset
1994|regional|E08|59468|3,1994,regional,E08,numeric8,59468,3,^59468\d{3}$,1,1,1,1,1.000000,1,0,59468001,59468001,contiguous,official_completed_subset
1994|regional|E09|59469|3,1994,regional,E09,numeric8,59469,3,^59469\d{3}$,2,1,2,2,1.000000,1,0,59469001,59469002,contiguous,official_completed_subset
1994|special|E01|59441|3,1994,special,E01,numeric8,59441,3,^59441\d{3}$,4,1,14,14,0.285714,3,10,59441001,59441014,sparse,official_completed_subset
1994|special|E01|59481|3,1994,special,E01,numeric8,59481,3,^59481\d{3}$,7,1,7,7,1.000000,1,0,59481001,59481007,contiguous,official_completed_subset
1994|special|E02|59442|3,1994,special,E02,numeric8,59442,3,^59442\d{3}$,2,6,17,12,0.166667,2,10,59442006,59442017,sparse,official_completed_subset
1994|special|E02|59482|3,1994,special,E02,numeric8,59482,3,^59482\d{3}$,9,1,9,9,1.000000,1,0,59482001,59482009,contiguous,official_completed_subset
1994|special|E03|59443|3,1994,special,E03,numeric8,59443,3,^59443\d{3}$,3,5,18,14,0.214286,3,11,59443005,59443018,sparse,official_completed_subset
1994|special|E03|59483|3,1994,special,E03,numeric8,59483,3,^59483\d{3}$,6,1,6,6,1.000000,1,0,59483001,59483006,contiguous,official_completed_subset
1994|special|E04|59444|3,1994,special,E04,numeric8,59444,3,^59444\d{3}$,1,2,2,1,1.000000,1,0,59444002,59444002,contiguous,official_completed_subset
1994|special|E05|59445|3,1994,special,E05,numeric8,59445,3,^59445\d{3}$,3,12,15,4,0.750000,2,1,59445012,59445015,moderate,official_completed_subset
1994|special|E05|59485|3,1994,special,E05,numeric8,59485,3,^59485\d{3}$,5,1,5,5,1.000000,1,0,59485001,59485005,contiguous,official_completed_subset
1994|special|E06|59446|3,1994,special,E06,numeric8,59446,3,^59446\d{3}$,1,16,16,1,1.000000,1,0,59446016,59446016,contiguous,official_completed_subset
1994|special|E06|59486|3,1994,special,E06,numeric8,59486,3,^59486\d{3}$,5,1,5,5,1.000000,1,0,59486001,59486005,contiguous,official_completed_subset
1994|special|E08|59448|3,1994,special,E08,numeric8,59448,3,^59448\d{3}$,2,4,19,16,0.125000,2,14,59448004,59448019,sparse,official_completed_subset
1994|special|E09|59449|3,1994,special,E09,numeric8,59449,3,^59449\d{3}$,3,3,8,6,0.500000,2,3,59449003,59449008,moderate,official_completed_subset
1994|youth_c|E01|59401|3,1994,youth_c,E01,numeric8,59401,3,^59401\d{3}$,14,1,14,14,1.000000,1,0,59401001,59401014,contiguous,official_completed_subset
1994|youth_c|E02|59402|3,1994,youth_c,E02,numeric8,59402,3,^59402\d{3}$,12,1,12,12,1.000000,1,0,59402001,59402012,contiguous,official_completed_subset
1994|youth_c|E03|59403|3,1994,youth_c,E03,numeric8,59403,3,^59403\d{3}$,6,1,6,6,1.000000,1,0,59403001,59403006,contiguous,official_completed_subset
1994|youth_c|E04|59404|3,1994,youth_c,E04,numeric8,59404,3,^59404\d{3}$,6,1,6,6,1.000000,1,0,59404001,59404006,contiguous,official_completed_subset
1994|youth_c|E05|59405|3,1994,youth_c,E05,numeric8,59405,3,^59405\d{3}$,19,1,19,19,1.000000,1,0,59405001,59405019,contiguous,official_completed_subset
1994|youth_c|E06|59406|3,1994,youth_c,E06,numeric8,59406,3,^59406\d{3}$,12,1,12,12,1.000000,1,0,59406001,59406012,contiguous,official_completed_subset
1994|youth_c|E07|59407|3,1994,youth_c,E07,numeric8,59407,3,^59407\d{3}$,7,1,7,7,1.000000,1,0,59407001,59407007,contiguous,official_completed_subset
1994|youth_c|E08|59408|3,1994,youth_c,E08,numeric8,59408,3,^59408\d{3}$,11,1,13,13,0.846154,2,2,59408001,59408013,dense,official_completed_subset
1994|youth_c|E09|59409|3,1994,youth_c,E09,numeric8,59409,3,^59409\d{3}$,5,1,6,6,0.833333,2,1,59409001,59409006,dense,official_completed_subset
1994|youth_c|E10|59408|3,1994,youth_c,E10,numeric8,59408,3,^59408\d{3}$,2,3,4,2,1.000000,1,0,59408003,59408004,contiguous,official_completed_subset
1994|youth_c|E10|59409|3,1994,youth_c,E10,numeric8,59409,3,^59409\d{3}$,2,7,8,2,1.000000,1,0,59409007,59409008,contiguous,official_completed_subset
1995|general|E01|59571|3,1995,general,E01,numeric8,59571,3,^59571\d{3}$,67,1,67,67,1.000000,1,0,59571001,59571067,contiguous,official_completed_subset
1995|general|E02|59572|3,1995,general,E02,numeric8,59572,3,^59572\d{3}$,42,1,42,42,1.000000,1,0,59572001,59572042,contiguous,official_completed_subset
1995|general|E03|59573|3,1995,general,E03,numeric8,59573,3,^59573\d{3}$,30,1,30,30,1.000000,1,0,59573001,59573030,contiguous,official_completed_subset
1995|general|E04|59574|3,1995,general,E04,numeric8,59574,3,^59574\d{3}$,34,1,34,34,1.000000,1,0,59574001,59574034,contiguous,official_completed_subset
1995|general|E05|59575|3,1995,general,E05,numeric8,59575,3,^59575\d{3}$,91,1,91,91,1.000000,1,0,59575001,59575091,contiguous,official_completed_subset
1995|general|E05|59579|3,1995,general,E05,numeric8,59579,3,^59579\d{3}$,1,29,29,1,1.000000,1,0,59579029,59579029,contiguous,official_completed_subset
1995|general|E06|59576|3,1995,general,E06,numeric8,59576,3,^59576\d{3}$,47,1,47,47,1.000000,1,0,59576001,59576047,contiguous,official_completed_subset
1995|general|E07|59577|3,1995,general,E07,numeric8,59577,3,^59577\d{3}$,24,2,25,24,1.000000,1,0,59577002,59577025,contiguous,official_completed_subset
1995|general|E08|59578|3,1995,general,E08,numeric8,59578,3,^59578\d{3}$,43,1,53,53,0.811321,2,10,59578001,59578053,dense,official_completed_subset
1995|general|E09|59579|3,1995,general,E09,numeric8,59579,3,^59579\d{3}$,25,1,28,28,0.892857,3,3,59579001,59579028,dense,official_completed_subset
1995|general|E10|59578|3,1995,general,E10,numeric8,59578,3,^59578\d{3}$,10,13,22,10,1.000000,1,0,59578013,59578022,contiguous,official_completed_subset
1995|general|E10|59579|3,1995,general,E10,numeric8,59579,3,^59579\d{3}$,2,21,22,2,1.000000,1,0,59579021,59579022,contiguous,official_completed_subset
1995|general|E11|59579|3,1995,general,E11,numeric8,59579,3,^59579\d{3}$,1,2,2,1,1.000000,1,0,59579002,59579002,contiguous,official_completed_subset
1995|regional|E01|59561|3,1995,regional,E01,numeric8,59561,3,^59561\d{3}$,1,1,1,1,1.000000,1,0,59561001,59561001,contiguous,official_completed_subset
1995|regional|E02|59562|3,1995,regional,E02,numeric8,59562,3,^59562\d{3}$,1,1,1,1,1.000000,1,0,59562001,59562001,contiguous,official_completed_subset
1995|regional|E03|59563|3,1995,regional,E03,numeric8,59563,3,^59563\d{3}$,1,1,1,1,1.000000,1,0,59563001,59563001,contiguous,official_completed_subset
1995|regional|E04|59564|3,1995,regional,E04,numeric8,59564,3,^59564\d{3}$,1,1,1,1,1.000000,1,0,59564001,59564001,contiguous,official_completed_subset
1995|regional|E05|59565|3,1995,regional,E05,numeric8,59565,3,^59565\d{3}$,2,1,2,2,1.000000,1,0,59565001,59565002,contiguous,official_completed_subset
1995|regional|E06|59566|3,1995,regional,E06,numeric8,59566,3,^59566\d{3}$,1,1,1,1,1.000000,1,0,59566001,59566001,contiguous,official_completed_subset
1995|regional|E07|59567|3,1995,regional,E07,numeric8,59567,3,^59567\d{3}$,1,1,1,1,1.000000,1,0,59567001,59567001,contiguous,official_completed_subset
1995|regional|E08|59568|3,1995,regional,E08,numeric8,59568,3,^59568\d{3}$,1,1,1,1,1.000000,1,0,59568001,59568001,contiguous,official_completed_subset
1995|regional|E09|59569|3,1995,regional,E09,numeric8,59569,3,^59569\d{3}$,1,1,1,1,1.000000,1,0,59569001,59569001,contiguous,official_completed_subset
1995|special|E01|59541|3,1995,special,E01,numeric8,59541,3,^59541\d{3}$,4,3,9,7,0.571429,2,3,59541003,59541009,moderate,official_completed_subset
1995|special|E01|59551|3,1995,special,E01,numeric8,59551,3,^59551\d{3}$,1,1,1,1,1.000000,1,0,59551001,59551001,contiguous,official_completed_subset
1995|special|E01|59581|3,1995,special,E01,numeric8,59581,3,^59581\d{3}$,6,1,6,6,1.000000,1,0,59581001,59581006,contiguous,official_completed_subset
1995|special|E02|59542|3,1995,special,E02,numeric8,59542,3,^59542\d{3}$,1,1,1,1,1.000000,1,0,59542001,59542001,contiguous,official_completed_subset
1995|special|E02|59582|3,1995,special,E02,numeric8,59582,3,^59582\d{3}$,12,1,12,12,1.000000,1,0,59582001,59582012,contiguous,official_completed_subset
1995|special|E03|59543|3,1995,special,E03,numeric8,59543,3,^59543\d{3}$,4,2,11,10,0.400000,3,6,59543002,59543011,moderate,official_completed_subset
1995|special|E03|59583|3,1995,special,E03,numeric8,59583,3,^59583\d{3}$,5,1,5,5,1.000000,1,0,59583001,59583005,contiguous,official_completed_subset
1995|special|E04|59544|3,1995,special,E04,numeric8,59544,3,^59544\d{3}$,1,10,10,1,1.000000,1,0,59544010,59544010,contiguous,official_completed_subset
1995|special|E05|59585|3,1995,special,E05,numeric8,59585,3,^59585\d{3}$,6,1,6,6,1.000000,1,0,59585001,59585006,contiguous,official_completed_subset
1995|special|E06|59546|3,1995,special,E06,numeric8,59546,3,^59546\d{3}$,1,7,7,1,1.000000,1,0,59546007,59546007,contiguous,official_completed_subset
1995|special|E06|59586|3,1995,special,E06,numeric8,59586,3,^59586\d{3}$,5,1,5,5,1.000000,1,0,59586001,59586005,contiguous,official_completed_subset
1995|youth_c|E01|59501|3,1995,youth_c,E01,numeric8,59501,3,^59501\d{3}$,15,1,15,15,1.000000,1,0,59501001,59501015,contiguous,official_completed_subset
1995|youth_c|E02|59502|3,1995,youth_c,E02,numeric8,59502,3,^59502\d{3}$,9,1,10,10,0.900000,2,1,59502001,59502010,dense,official_completed_subset
1995|youth_c|E03|59503|3,1995,youth_c,E03,numeric8,59503,3,^59503\d{3}$,8,1,8,8,1.000000,1,0,59503001,59503008,contiguous,official_completed_subset
1995|youth_c|E04|59504|3,1995,youth_c,E04,numeric8,59504,3,^59504\d{3}$,8,1,8,8,1.000000,1,0,59504001,59504008,contiguous,official_completed_subset
1995|youth_c|E05|59505|3,1995,youth_c,E05,numeric8,59505,3,^59505\d{3}$,22,1,22,22,1.000000,1,0,59505001,59505022,contiguous,official_completed_subset
1995|youth_c|E06|59506|3,1995,youth_c,E06,numeric8,59506,3,^59506\d{3}$,13,1,13,13,1.000000,1,0,59506001,59506013,contiguous,official_completed_subset
1995|youth_c|E07|59507|3,1995,youth_c,E07,numeric8,59507,3,^59507\d{3}$,6,1,7,7,0.857143,2,1,59507001,59507007,dense,official_completed_subset
1995|youth_c|E08|59508|3,1995,youth_c,E08,numeric8,59508,3,^59508\d{3}$,11,1,14,14,0.785714,2,3,59508001,59508014,moderate,official_completed_subset
1995|youth_c|E09|59509|3,1995,youth_c,E09,numeric8,59509,3,^59509\d{3}$,7,1,8,8,0.875000,2,1,59509001,59509008,dense,official_completed_subset
1995|youth_c|E10|59508|3,1995,youth_c,E10,numeric8,59508,3,^59508\d{3}$,3,4,6,3,1.000000,1,0,59508004,59508006,contiguous,official_completed_subset
1995|youth_c|E10|59509|3,1995,youth_c,E10,numeric8,59509,3,^59509\d{3}$,1,5,5,1,1.000000,1,0,59509005,59509005,contiguous,official_completed_subset
1996|general|E01|59671|3,1996,general,E01,numeric8,59671,3,^59671\d{3}$,67,1,67,67,1.000000,1,0,59671001,59671067,contiguous,official_completed_subset
1996|general|E02|59672|3,1996,general,E02,numeric8,59672,3,^59672\d{3}$,43,1,43,43,1.000000,1,0,59672001,59672043,contiguous,official_completed_subset
1996|general|E03|59673|3,1996,general,E03,numeric8,59673,3,^59673\d{3}$,30,1,30,30,1.000000,1,0,59673001,59673030,contiguous,official_completed_subset
1996|general|E04|59674|3,1996,general,E04,numeric8,59674,3,^59674\d{3}$,34,2,35,34,1.000000,1,0,59674002,59674035,contiguous,official_completed_subset
1996|general|E05|59675|3,1996,general,E05,numeric8,59675,3,^59675\d{3}$,89,1,89,89,1.000000,1,0,59675001,59675089,contiguous,official_completed_subset
1996|general|E06|59676|3,1996,general,E06,numeric8,59676,3,^59676\d{3}$,47,1,47,47,1.000000,1,0,59676001,59676047,contiguous,official_completed_subset
1996|general|E07|59677|3,1996,general,E07,numeric8,59677,3,^59677\d{3}$,24,1,24,24,1.000000,1,0,59677001,59677024,contiguous,official_completed_subset
1996|general|E08|59678|3,1996,general,E08,numeric8,59678,3,^59678\d{3}$,44,1,54,54,0.814815,2,10,59678001,59678054,dense,official_completed_subset
1996|general|E09|59679|3,1996,general,E09,numeric8,59679,3,^59679\d{3}$,26,1,29,29,0.896552,2,3,59679001,59679029,dense,official_completed_subset
1996|general|E10|59678|3,1996,general,E10,numeric8,59678,3,^59678\d{3}$,10,15,24,10,1.000000,1,0,59678015,59678024,contiguous,official_completed_subset
1996|general|E10|59679|3,1996,general,E10,numeric8,59679,3,^59679\d{3}$,3,22,24,3,1.000000,1,0,59679022,59679024,contiguous,official_completed_subset
1996|key|E01|59631|3,1996,key,E01,numeric8,59631,3,^59631\d{3}$,3,60,80,21,0.142857,3,18,59631060,59631080,sparse,official_completed_subset
1996|key|E02|59632|3,1996,key,E02,numeric8,59632,3,^59632\d{3}$,3,10,100,91,0.032967,3,88,59632010,59632100,sparse,official_completed_subset
1996|key|E03|59633|3,1996,key,E03,numeric8,59633,3,^59633\d{3}$,2,20,110,91,0.021978,2,89,59633020,59633110,sparse,official_completed_subset
1996|key|E04|59634|3,1996,key,E04,numeric8,59634,3,^59634\d{3}$,3,30,130,101,0.029703,3,98,59634030,59634130,sparse,official_completed_subset
1996|key|E05|59635|3,1996,key,E05,numeric8,59635,3,^59635\d{3}$,5,40,170,131,0.038168,5,126,59635040,59635170,sparse,official_completed_subset
1996|key|E06|59636|3,1996,key,E06,numeric8,59636,3,^59636\d{3}$,2,180,190,11,0.181818,2,9,59636180,59636190,sparse,official_completed_subset
1996|key|E07|59637|3,1996,key,E07,numeric8,59637,3,^59637\d{3}$,2,50,200,151,0.013245,2,149,59637050,59637200,sparse,official_completed_subset
1996|key|E08|59638|3,1996,key,E08,numeric8,59638,3,^59638\d{3}$,3,210,230,21,0.142857,3,18,59638210,59638230,sparse,official_completed_subset
1996|key|E09|59639|3,1996,key,E09,numeric8,59639,3,^59639\d{3}$,1,250,250,1,1.000000,1,0,59639250,59639250,contiguous,official_completed_subset
1996|key|E10|59639|3,1996,key,E10,numeric8,59639,3,^59639\d{3}$,1,240,240,1,1.000000,1,0,59639240,59639240,contiguous,official_completed_subset
1996|regional|E01|59661|3,1996,regional,E01,numeric8,59661,3,^59661\d{3}$,2,1,2,2,1.000000,1,0,59661001,59661002,contiguous,official_completed_subset
1996|regional|E02|59662|3,1996,regional,E02,numeric8,59662,3,^59662\d{3}$,1,1,1,1,1.000000,1,0,59662001,59662001,contiguous,official_completed_subset
1996|regional|E05|59665|3,1996,regional,E05,numeric8,59665,3,^59665\d{3}$,2,1,2,2,1.000000,1,0,59665001,59665002,contiguous,official_completed_subset
1996|regional|E06|59666|3,1996,regional,E06,numeric8,59666,3,^59666\d{3}$,1,1,1,1,1.000000,1,0,59666001,59666001,contiguous,official_completed_subset
1996|regional|E07|59667|3,1996,regional,E07,numeric8,59667,3,^59667\d{3}$,1,1,1,1,1.000000,1,0,59667001,59667001,contiguous,official_completed_subset
1996|regional|E09|59669|3,1996,regional,E09,numeric8,59669,3,^59669\d{3}$,2,1,2,2,1.000000,1,0,59669001,59669002,contiguous,official_completed_subset
1996|regional|E10|59668|3,1996,regional,E10,numeric8,59668,3,^59668\d{3}$,2,1,2,2,1.000000,1,0,59668001,59668002,contiguous,official_completed_subset
1996|special|E01|59641|3,1996,special,E01,numeric8,59641,3,^59641\d{3}$,1,5,5,1,1.000000,1,0,59641005,59641005,contiguous,official_completed_subset
1996|special|E01|59681|3,1996,special,E01,numeric8,59681,3,^59681\d{3}$,7,1,7,7,1.000000,1,0,59681001,59681007,contiguous,official_completed_subset
1996|special|E02|59642|3,1996,special,E02,numeric8,59642,3,^59642\d{3}$,3,3,6,4,0.750000,2,1,59642003,59642006,moderate,official_completed_subset
1996|special|E02|59682|3,1996,special,E02,numeric8,59682,3,^59682\d{3}$,9,1,9,9,1.000000,1,0,59682001,59682009,contiguous,official_completed_subset
1996|special|E03|59643|3,1996,special,E03,numeric8,59643,3,^59643\d{3}$,1,7,7,1,1.000000,1,0,59643007,59643007,contiguous,official_completed_subset
1996|special|E03|59683|3,1996,special,E03,numeric8,59683,3,^59683\d{3}$,5,1,5,5,1.000000,1,0,59683001,59683005,contiguous,official_completed_subset
1996|special|E05|59685|3,1996,special,E05,numeric8,59685,3,^59685\d{3}$,4,1,4,4,1.000000,1,0,59685001,59685004,contiguous,official_completed_subset
1996|special|E06|59686|3,1996,special,E06,numeric8,59686,3,^59686\d{3}$,4,2,5,4,1.000000,1,0,59686002,59686005,contiguous,official_completed_subset
1996|special|E07|59686|3,1996,special,E07,numeric8,59686,3,^59686\d{3}$,1,1,1,1,1.000000,1,0,59686001,59686001,contiguous,official_completed_subset
1996|special|E08|59648|3,1996,special,E08,numeric8,59648,3,^59648\d{3}$,1,1,1,1,1.000000,1,0,59648001,59648001,contiguous,official_completed_subset
1996|special|E09|59649|3,1996,special,E09,numeric8,59649,3,^59649\d{3}$,2,2,8,7,0.285714,2,5,59649002,59649008,sparse,official_completed_subset
1996|youth_c|E01|59601|3,1996,youth_c,E01,numeric8,59601,3,^59601\d{3}$,13,1,14,14,0.928571,2,1,59601001,59601014,dense,official_completed_subset
1996|youth_c|E02|59602|3,1996,youth_c,E02,numeric8,59602,3,^59602\d{3}$,12,1,12,12,1.000000,1,0,59602001,59602012,contiguous,official_completed_subset
1996|youth_c|E03|59603|3,1996,youth_c,E03,numeric8,59603,3,^59603\d{3}$,7,1,7,7,1.000000,1,0,59603001,59603007,contiguous,official_completed_subset
1996|youth_c|E04|59604|3,1996,youth_c,E04,numeric8,59604,3,^59604\d{3}$,8,1,8,8,1.000000,1,0,59604001,59604008,contiguous,official_completed_subset
1996|youth_c|E05|59605|3,1996,youth_c,E05,numeric8,59605,3,^59605\d{3}$,22,1,22,22,1.000000,1,0,59605001,59605022,contiguous,official_completed_subset
1996|youth_c|E06|59606|3,1996,youth_c,E06,numeric8,59606,3,^59606\d{3}$,13,1,13,13,1.000000,1,0,59606001,59606013,contiguous,official_completed_subset
1996|youth_c|E07|59607|3,1996,youth_c,E07,numeric8,59607,3,^59607\d{3}$,7,1,7,7,1.000000,1,0,59607001,59607007,contiguous,official_completed_subset
1996|youth_c|E08|59608|3,1996,youth_c,E08,numeric8,59608,3,^59608\d{3}$,12,2,14,13,0.923077,2,1,59608002,59608014,dense,official_completed_subset
1996|youth_c|E09|59609|3,1996,youth_c,E09,numeric8,59609,3,^59609\d{3}$,8,1,8,8,1.000000,1,0,59609001,59609008,contiguous,official_completed_subset
1996|youth_c|E10|59608|3,1996,youth_c,E10,numeric8,59608,3,^59608\d{3}$,1,4,4,1,1.000000,1,0,59608004,59608004,contiguous,official_completed_subset
1997|general|E01|59771|3,1997,general,E01,numeric8,59771,3,^59771\d{3}$,70,1,70,70,1.000000,1,0,59771001,59771070,contiguous,official_completed_subset
1997|general|E02|59772|3,1997,general,E02,numeric8,59772,3,^59772\d{3}$,43,1,43,43,1.000000,1,0,59772001,59772043,contiguous,official_completed_subset
1997|general|E03|59773|3,1997,general,E03,numeric8,59773,3,^59773\d{3}$,30,1,30,30,1.000000,1,0,59773001,59773030,contiguous,official_completed_subset
1997|general|E04|59774|3,1997,general,E04,numeric8,59774,3,^59774\d{3}$,35,1,35,35,1.000000,1,0,59774001,59774035,contiguous,official_completed_subset
1997|general|E05|59775|3,1997,general,E05,numeric8,59775,3,^59775\d{3}$,90,1,90,90,1.000000,1,0,59775001,59775090,contiguous,official_completed_subset
1997|general|E06|59776|3,1997,general,E06,numeric8,59776,3,^59776\d{3}$,49,1,49,49,1.000000,1,0,59776001,59776049,contiguous,official_completed_subset
1997|general|E07|59777|3,1997,general,E07,numeric8,59777,3,^59777\d{3}$,25,1,25,25,1.000000,1,0,59777001,59777025,contiguous,official_completed_subset
1997|general|E08|59778|3,1997,general,E08,numeric8,59778,3,^59778\d{3}$,45,1,55,55,0.818182,3,10,59778001,59778055,dense,official_completed_subset
1997|general|E09|59778|3,1997,general,E09,numeric8,59778,3,^59778\d{3}$,1,2,2,1,1.000000,1,0,59778002,59778002,contiguous,official_completed_subset
1997|general|E09|59779|3,1997,general,E09,numeric8,59779,3,^59779\d{3}$,23,3,30,28,0.821429,2,5,59779003,59779030,dense,official_completed_subset
1997|general|E10|59778|3,1997,general,E10,numeric8,59778,3,^59778\d{3}$,9,16,24,9,1.000000,1,0,59778016,59778024,contiguous,official_completed_subset
1997|general|E10|59779|3,1997,general,E10,numeric8,59779,3,^59779\d{3}$,5,20,24,5,1.000000,1,0,59779020,59779024,contiguous,official_completed_subset
1997|general|E11|59779|3,1997,general,E11,numeric8,59779,3,^59779\d{3}$,2,1,2,2,1.000000,1,0,59779001,59779002,contiguous,official_completed_subset
1997|key|E01|59731|3,1997,key,E01,numeric8,59731,3,^59731\d{3}$,3,10,30,21,0.142857,3,18,59731010,59731030,sparse,official_completed_subset
1997|key|E02|59732|3,1997,key,E02,numeric8,59732,3,^59732\d{3}$,2,40,50,11,0.181818,2,9,59732040,59732050,sparse,official_completed_subset
1997|key|E03|59733|3,1997,key,E03,numeric8,59733,3,^59733\d{3}$,2,60,70,11,0.181818,2,9,59733060,59733070,sparse,official_completed_subset
1997|key|E04|59734|3,1997,key,E04,numeric8,59734,3,^59734\d{3}$,2,80,90,11,0.181818,2,9,59734080,59734090,sparse,official_completed_subset
1997|key|E05|59735|3,1997,key,E05,numeric8,59735,3,^59735\d{3}$,3,100,120,21,0.142857,3,18,59735100,59735120,sparse,official_completed_subset
1997|key|E06|59736|3,1997,key,E06,numeric8,59736,3,^59736\d{3}$,1,130,130,1,1.000000,1,0,59736130,59736130,contiguous,official_completed_subset
1997|key|E07|59737|3,1997,key,E07,numeric8,59737,3,^59737\d{3}$,1,140,140,1,1.000000,1,0,59737140,59737140,contiguous,official_completed_subset
1997|key|E08|59738|3,1997,key,E08,numeric8,59738,3,^59738\d{3}$,1,160,160,1,1.000000,1,0,59738160,59738160,contiguous,official_completed_subset
1997|key|E09|59739|3,1997,key,E09,numeric8,59739,3,^59739\d{3}$,2,170,180,11,0.181818,2,9,59739170,59739180,sparse,official_completed_subset
1997|key|E10|59738|3,1997,key,E10,numeric8,59738,3,^59738\d{3}$,1,150,150,1,1.000000,1,0,59738150,59738150,contiguous,official_completed_subset
1997|regional|E01|59761|3,1997,regional,E01,numeric8,59761,3,^59761\d{3}$,1,1,1,1,1.000000,1,0,59761001,59761001,contiguous,official_completed_subset
1997|regional|E02|59762|3,1997,regional,E02,numeric8,59762,3,^59762\d{3}$,2,1,2,2,1.000000,1,0,59762001,59762002,contiguous,official_completed_subset
1997|regional|E03|59763|3,1997,regional,E03,numeric8,59763,3,^59763\d{3}$,2,1,2,2,1.000000,1,0,59763001,59763002,contiguous,official_completed_subset
1997|regional|E04|59764|3,1997,regional,E04,numeric8,59764,3,^59764\d{3}$,2,1,2,2,1.000000,1,0,59764001,59764002,contiguous,official_completed_subset
1997|regional|E05|59765|3,1997,regional,E05,numeric8,59765,3,^59765\d{3}$,1,1,1,1,1.000000,1,0,59765001,59765001,contiguous,official_completed_subset
1997|regional|E06|59766|3,1997,regional,E06,numeric8,59766,3,^59766\d{3}$,1,1,1,1,1.000000,1,0,59766001,59766001,contiguous,official_completed_subset
1997|regional|E08|59768|3,1997,regional,E08,numeric8,59768,3,^59768\d{3}$,1,1,1,1,1.000000,1,0,59768001,59768001,contiguous,official_completed_subset
1997|regional|E09|59769|3,1997,regional,E09,numeric8,59769,3,^59769\d{3}$,2,1,2,2,1.000000,1,0,59769001,59769002,contiguous,official_completed_subset
1997|special|E01|59781|3,1997,special,E01,numeric8,59781,3,^59781\d{3}$,5,1,5,5,1.000000,1,0,59781001,59781005,contiguous,official_completed_subset
1997|special|E02|59742|3,1997,special,E02,numeric8,59742,3,^59742\d{3}$,1,4,4,1,1.000000,1,0,59742004,59742004,contiguous,official_completed_subset
1997|special|E02|59782|3,1997,special,E02,numeric8,59782,3,^59782\d{3}$,9,1,9,9,1.000000,1,0,59782001,59782009,contiguous,official_completed_subset
1997|special|E02|59789|3,1997,special,E02,numeric8,59789,3,^59789\d{3}$,1,201,201,1,1.000000,1,0,59789201,59789201,contiguous,official_completed_subset
1997|special|E03|59783|3,1997,special,E03,numeric8,59783,3,^59783\d{3}$,7,1,7,7,1.000000,1,0,59783001,59783007,contiguous,official_completed_subset
1997|special|E05|59785|3,1997,special,E05,numeric8,59785,3,^59785\d{3}$,6,1,6,6,1.000000,1,0,59785001,59785006,contiguous,official_completed_subset
1997|special|E05|59789|3,1997,special,E05,numeric8,59789,3,^59789\d{3}$,1,502,502,1,1.000000,1,0,59789502,59789502,contiguous,official_completed_subset
1997|special|E06|59786|3,1997,special,E06,numeric8,59786,3,^59786\d{3}$,2,1,5,5,0.400000,2,3,59786001,59786005,moderate,official_completed_subset
1997|special|E07|59747|3,1997,special,E07,numeric8,59747,3,^59747\d{3}$,1,2,2,1,1.000000,1,0,59747002,59747002,contiguous,official_completed_subset
1997|special|E08|59748|3,1997,special,E08,numeric8,59748,3,^59748\d{3}$,2,1,3,3,0.666667,2,1,59748001,59748003,moderate,official_completed_subset
1997|youth_c|E01|59701|3,1997,youth_c,E01,numeric8,59701,3,^59701\d{3}$,12,1,13,13,0.923077,2,1,59701001,59701013,dense,official_completed_subset
1997|youth_c|E02|59702|3,1997,youth_c,E02,numeric8,59702,3,^59702\d{3}$,13,1,13,13,1.000000,1,0,59702001,59702013,contiguous,official_completed_subset
1997|youth_c|E03|59703|3,1997,youth_c,E03,numeric8,59703,3,^59703\d{3}$,8,1,8,8,1.000000,1,0,59703001,59703008,contiguous,official_completed_subset
1997|youth_c|E04|59704|3,1997,youth_c,E04,numeric8,59704,3,^59704\d{3}$,8,1,8,8,1.000000,1,0,59704001,59704008,contiguous,official_completed_subset
1997|youth_c|E05|59705|3,1997,youth_c,E05,numeric8,59705,3,^59705\d{3}$,22,1,22,22,1.000000,1,0,59705001,59705022,contiguous,official_completed_subset
1997|youth_c|E06|59706|3,1997,youth_c,E06,numeric8,59706,3,^59706\d{3}$,11,1,12,12,0.916667,2,1,59706001,59706012,dense,official_completed_subset
1997|youth_c|E07|59707|3,1997,youth_c,E07,numeric8,59707,3,^59707\d{3}$,7,1,7,7,1.000000,1,0,59707001,59707007,contiguous,official_completed_subset
1997|youth_c|E08|59708|3,1997,youth_c,E08,numeric8,59708,3,^59708\d{3}$,12,1,14,14,0.857143,2,2,59708001,59708014,dense,official_completed_subset
1997|youth_c|E09|59709|3,1997,youth_c,E09,numeric8,59709,3,^59709\d{3}$,8,1,8,8,1.000000,1,0,59709001,59709008,contiguous,official_completed_subset
1997|youth_c|E10|59708|3,1997,youth_c,E10,numeric8,59708,3,^59708\d{3}$,2,5,6,2,1.000000,1,0,59708005,59708006,contiguous,official_completed_subset
1998|general|E01|59871|3,1998,general,E01,numeric8,59871,3,^59871\d{3}$,67,1,67,67,1.000000,1,0,59871001,59871067,contiguous,official_completed_subset
1998|general|E02|59872|3,1998,general,E02,numeric8,59872,3,^59872\d{3}$,50,1,50,50,1.000000,1,0,59872001,59872050,contiguous,official_completed_subset
1998|general|E03|59873|3,1998,general,E03,numeric8,59873,3,^59873\d{3}$,30,1,30,30,1.000000,1,0,59873001,59873030,contiguous,official_completed_subset
1998|general|E04|59874|3,1998,general,E04,numeric8,59874,3,^59874\d{3}$,34,1,34,34,1.000000,1,0,59874001,59874034,contiguous,official_completed_subset
1998|general|E05|59875|3,1998,general,E05,numeric8,59875,3,^59875\d{3}$,91,1,91,91,1.000000,1,0,59875001,59875091,contiguous,official_completed_subset
1998|general|E06|59876|3,1998,general,E06,numeric8,59876,3,^59876\d{3}$,47,1,48,48,0.979167,2,1,59876001,59876048,dense,official_completed_subset
1998|general|E07|59877|3,1998,general,E07,numeric8,59877,3,^59877\d{3}$,25,1,25,25,1.000000,1,0,59877001,59877025,contiguous,official_completed_subset
1998|general|E08|59878|3,1998,general,E08,numeric8,59878,3,^59878\d{3}$,46,1,57,57,0.807018,11,11,59878001,59878057,dense,official_completed_subset
1998|general|E09|59879|3,1998,general,E09,numeric8,59879,3,^59879\d{3}$,24,1,28,28,0.857143,4,4,59879001,59879028,dense,official_completed_subset
1998|general|E10|59878|3,1998,general,E10,numeric8,59878,3,^59878\d{3}$,11,12,51,40,0.275000,10,29,59878012,59878051,sparse,official_completed_subset
1998|general|E10|59879|3,1998,general,E10,numeric8,59879,3,^59879\d{3}$,5,9,29,21,0.238095,4,16,59879009,59879029,sparse,official_completed_subset
1998|key|E01|59831|3,1998,key,E01,numeric8,59831,3,^59831\d{3}$,3,10,30,21,0.142857,3,18,59831010,59831030,sparse,official_completed_subset
1998|key|E02|59832|3,1998,key,E02,numeric8,59832,3,^59832\d{3}$,6,50,100,51,0.117647,6,45,59832050,59832100,sparse,official_completed_subset
1998|key|E03|59833|3,1998,key,E03,numeric8,59833,3,^59833\d{3}$,4,110,140,31,0.129032,4,27,59833110,59833140,sparse,official_completed_subset
1998|key|E04|59834|3,1998,key,E04,numeric8,59834,3,^59834\d{3}$,1,150,150,1,1.000000,1,0,59834150,59834150,contiguous,official_completed_subset
1998|key|E05|59835|3,1998,key,E05,numeric8,59835,3,^59835\d{3}$,5,160,200,41,0.121951,5,36,59835160,59835200,sparse,official_completed_subset
1998|key|E06|59836|3,1998,key,E06,numeric8,59836,3,^59836\d{3}$,5,210,250,41,0.121951,5,36,59836210,59836250,sparse,official_completed_subset
1998|key|E07|59837|3,1998,key,E07,numeric8,59837,3,^59837\d{3}$,2,260,270,11,0.181818,2,9,59837260,59837270,sparse,official_completed_subset
1998|key|E08|59838|3,1998,key,E08,numeric8,59838,3,^59838\d{3}$,3,280,310,31,0.096774,3,28,59838280,59838310,sparse,official_completed_subset
1998|key|E09|59839|3,1998,key,E09,numeric8,59839,3,^59839\d{3}$,1,320,320,1,1.000000,1,0,59839320,59839320,contiguous,official_completed_subset
1998|key|E10|59838|3,1998,key,E10,numeric8,59838,3,^59838\d{3}$,1,300,300,1,1.000000,1,0,59838300,59838300,contiguous,official_completed_subset
1998|key|E10|59839|3,1998,key,E10,numeric8,59839,3,^59839\d{3}$,1,330,330,1,1.000000,1,0,59839330,59839330,contiguous,official_completed_subset
1998|regional|E01|59861|3,1998,regional,E01,numeric8,59861,3,^59861\d{3}$,2,1,2,2,1.000000,1,0,59861001,59861002,contiguous,official_completed_subset
1998|regional|E02|59862|3,1998,regional,E02,numeric8,59862,3,^59862\d{3}$,2,1,2,2,1.000000,1,0,59862001,59862002,contiguous,official_completed_subset
1998|regional|E03|59863|3,1998,regional,E03,numeric8,59863,3,^59863\d{3}$,2,1,2,2,1.000000,1,0,59863001,59863002,contiguous,official_completed_subset
1998|regional|E04|59864|3,1998,regional,E04,numeric8,59864,3,^59864\d{3}$,2,1,2,2,1.000000,1,0,59864001,59864002,contiguous,official_completed_subset
1998|regional|E05|59865|3,1998,regional,E05,numeric8,59865,3,^59865\d{3}$,1,1,1,1,1.000000,1,0,59865001,59865001,contiguous,official_completed_subset
1998|regional|E06|59866|3,1998,regional,E06,numeric8,59866,3,^59866\d{3}$,1,1,1,1,1.000000,1,0,59866001,59866001,contiguous,official_completed_subset
1998|regional|E07|59867|3,1998,regional,E07,numeric8,59867,3,^59867\d{3}$,1,1,1,1,1.000000,1,0,59867001,59867001,contiguous,official_completed_subset
1998|regional|E08|59868|3,1998,regional,E08,numeric8,59868,3,^59868\d{3}$,2,1,2,2,1.000000,1,0,59868001,59868002,contiguous,official_completed_subset
1998|regional|E08|59869|3,1998,regional,E08,numeric8,59869,3,^59869\d{3}$,1,2,2,1,1.000000,1,0,59869002,59869002,contiguous,official_completed_subset
1998|regional|E09|59869|3,1998,regional,E09,numeric8,59869,3,^59869\d{3}$,1,1,1,1,1.000000,1,0,59869001,59869001,contiguous,official_completed_subset
1998|special|E01|59823|3,1998,special,E01,numeric8,59823,3,^59823\d{3}$,1,1,1,1,1.000000,1,0,59823001,59823001,contiguous,official_completed_subset
1998|special|E01|59841|3,1998,special,E01,numeric8,59841,3,^59841\d{3}$,2,4,7,4,0.500000,2,2,59841004,59841007,moderate,official_completed_subset
1998|special|E01|59881|3,1998,special,E01,numeric8,59881,3,^59881\d{3}$,6,1,6,6,1.000000,1,0,59881001,59881006,contiguous,official_completed_subset
1998|special|E01|59889|3,1998,special,E01,numeric8,59889,3,^59889\d{3}$,2,101,102,2,1.000000,1,0,59889101,59889102,contiguous,official_completed_subset
1998|special|E02|59823|3,1998,special,E02,numeric8,59823,3,^59823\d{3}$,1,3,3,1,1.000000,1,0,59823003,59823003,contiguous,official_completed_subset
1998|special|E02|59842|3,1998,special,E02,numeric8,59842,3,^59842\d{3}$,1,1,1,1,1.000000,1,0,59842001,59842001,contiguous,official_completed_subset
1998|special|E02|59882|3,1998,special,E02,numeric8,59882,3,^59882\d{3}$,7,1,7,7,1.000000,1,0,59882001,59882007,contiguous,official_completed_subset
1998|special|E02|59889|3,1998,special,E02,numeric8,59889,3,^59889\d{3}$,1,203,203,1,1.000000,1,0,59889203,59889203,contiguous,official_completed_subset
1998|special|E03|59843|3,1998,special,E03,numeric8,59843,3,^59843\d{3}$,1,8,8,1,1.000000,1,0,59843008,59843008,contiguous,official_completed_subset
1998|special|E03|59883|3,1998,special,E03,numeric8,59883,3,^59883\d{3}$,4,1,4,4,1.000000,1,0,59883001,59883004,contiguous,official_completed_subset
1998|special|E05|59885|3,1998,special,E05,numeric8,59885,3,^59885\d{3}$,6,1,6,6,1.000000,1,0,59885001,59885006,contiguous,official_completed_subset
1998|special|E05|59889|3,1998,special,E05,numeric8,59889,3,^59889\d{3}$,2,504,505,2,1.000000,1,0,59889504,59889505,contiguous,official_completed_subset
1998|special|E06|59846|3,1998,special,E06,numeric8,59846,3,^59846\d{3}$,2,2,6,5,0.400000,2,3,59846002,59846006,moderate,official_completed_subset
1998|special|E06|59886|3,1998,special,E06,numeric8,59886,3,^59886\d{3}$,3,1,3,3,1.000000,1,0,59886001,59886003,contiguous,official_completed_subset
1998|special|E06|59889|3,1998,special,E06,numeric8,59889,3,^59889\d{3}$,1,606,606,1,1.000000,1,0,59889606,59889606,contiguous,official_completed_subset
1998|special|E08|59823|3,1998,special,E08,numeric8,59823,3,^59823\d{3}$,1,2,2,1,1.000000,1,0,59823002,59823002,contiguous,official_completed_subset
1998|special|E09|59849|3,1998,special,E09,numeric8,59849,3,^59849\d{3}$,1,5,5,1,1.000000,1,0,59849005,59849005,contiguous,official_completed_subset
1998|youth_c|E01|59801|3,1998,youth_c,E01,numeric8,59801,3,^59801\d{3}$,13,1,13,13,1.000000,1,0,59801001,59801013,contiguous,official_completed_subset
1998|youth_c|E02|59802|3,1998,youth_c,E02,numeric8,59802,3,^59802\d{3}$,12,1,12,12,1.000000,1,0,59802001,59802012,contiguous,official_completed_subset
1998|youth_c|E03|59803|3,1998,youth_c,E03,numeric8,59803,3,^59803\d{3}$,8,1,8,8,1.000000,1,0,59803001,59803008,contiguous,official_completed_subset
1998|youth_c|E04|59804|3,1998,youth_c,E04,numeric8,59804,3,^59804\d{3}$,9,1,9,9,1.000000,1,0,59804001,59804009,contiguous,official_completed_subset
1998|youth_c|E05|59805|3,1998,youth_c,E05,numeric8,59805,3,^59805\d{3}$,22,1,22,22,1.000000,1,0,59805001,59805022,contiguous,official_completed_subset
1998|youth_c|E06|59806|3,1998,youth_c,E06,numeric8,59806,3,^59806\d{3}$,12,1,14,14,0.857143,3,2,59806001,59806014,dense,official_completed_subset
1998|youth_c|E07|59807|3,1998,youth_c,E07,numeric8,59807,3,^59807\d{3}$,6,1,7,7,0.857143,2,1,59807001,59807007,dense,official_completed_subset
1998|youth_c|E08|59808|3,1998,youth_c,E08,numeric8,59808,3,^59808\d{3}$,12,1,13,13,0.923077,2,1,59808001,59808013,dense,official_completed_subset
1998|youth_c|E09|59809|3,1998,youth_c,E09,numeric8,59809,3,^59809\d{3}$,7,2,8,7,1.000000,1,0,59809002,59809008,contiguous,official_completed_subset
1998|youth_c|E10|59808|3,1998,youth_c,E10,numeric8,59808,3,^59808\d{3}$,1,12,12,1,1.000000,1,0,59808012,59808012,contiguous,official_completed_subset
1998|youth_c|E11|59809|3,1998,youth_c,E11,numeric8,59809,3,^59809\d{3}$,1,1,1,1,1.000000,1,0,59809001,59809001,contiguous,official_completed_subset
1999|general|E01|59971|3,1999,general,E01,numeric8,59971,3,^59971\d{3}$,67,1,67,67,1.000000,1,0,59971001,59971067,contiguous,official_completed_subset
1999|general|E02|59972|3,1999,general,E02,numeric8,59972,3,^59972\d{3}$,45,1,45,45,1.000000,1,0,59972001,59972045,contiguous,official_completed_subset
1999|general|E03|59973|3,1999,general,E03,numeric8,59973,3,^59973\d{3}$,28,1,28,28,1.000000,1,0,59973001,59973028,contiguous,official_completed_subset
1999|general|E04|59974|3,1999,general,E04,numeric8,59974,3,^59974\d{3}$,35,1,35,35,1.000000,1,0,59974001,59974035,contiguous,official_completed_subset
1999|general|E05|59975|3,1999,general,E05,numeric8,59975,3,^59975\d{3}$,88,1,89,89,0.988764,2,1,59975001,59975089,dense,official_completed_subset
1999|general|E06|59976|3,1999,general,E06,numeric8,59976,3,^59976\d{3}$,47,1,47,47,1.000000,1,0,59976001,59976047,contiguous,official_completed_subset
1999|general|E07|59977|3,1999,general,E07,numeric8,59977,3,^59977\d{3}$,24,1,24,24,1.000000,1,0,59977001,59977024,contiguous,official_completed_subset
1999|general|E08|59978|3,1999,general,E08,numeric8,59978,3,^59978\d{3}$,44,1,55,55,0.800000,9,11,59978001,59978055,dense,official_completed_subset
1999|general|E09|59979|3,1999,general,E09,numeric8,59979,3,^59979\d{3}$,22,1,29,29,0.758621,6,7,59979001,59979029,moderate,official_completed_subset
1999|general|E10|59978|3,1999,general,E10,numeric8,59978,3,^59978\d{3}$,11,7,54,48,0.229167,8,37,59978007,59978054,sparse,official_completed_subset
1999|general|E10|59979|3,1999,general,E10,numeric8,59979,3,^59979\d{3}$,4,6,22,17,0.235294,3,13,59979006,59979022,sparse,official_completed_subset
1999|general|E11|59979|3,1999,general,E11,numeric8,59979,3,^59979\d{3}$,3,4,25,22,0.136364,3,19,59979004,59979025,sparse,official_completed_subset
1999|key|E01|59931|3,1999,key,E01,numeric8,59931,3,^59931\d{3}$,3,10,30,21,0.142857,3,18,59931010,59931030,sparse,official_completed_subset
1999|key|E02|59932|3,1999,key,E02,numeric8,59932,3,^59932\d{3}$,3,40,200,161,0.018634,3,158,59932040,59932200,sparse,official_completed_subset
1999|key|E03|59933|3,1999,key,E03,numeric8,59933,3,^59933\d{3}$,2,60,70,11,0.181818,2,9,59933060,59933070,sparse,official_completed_subset
1999|key|E04|59934|3,1999,key,E04,numeric8,59934,3,^59934\d{3}$,2,80,90,11,0.181818,2,9,59934080,59934090,sparse,official_completed_subset
1999|key|E05|59935|3,1999,key,E05,numeric8,59935,3,^59935\d{3}$,3,100,120,21,0.142857,3,18,59935100,59935120,sparse,official_completed_subset
1999|key|E06|59936|3,1999,key,E06,numeric8,59936,3,^59936\d{3}$,2,130,140,11,0.181818,2,9,59936130,59936140,sparse,official_completed_subset
1999|key|E07|59937|3,1999,key,E07,numeric8,59937,3,^59937\d{3}$,2,150,160,11,0.181818,2,9,59937150,59937160,sparse,official_completed_subset
1999|key|E08|59938|3,1999,key,E08,numeric8,59938,3,^59938\d{3}$,2,170,180,11,0.181818,2,9,59938170,59938180,sparse,official_completed_subset
1999|key|E09|59939|3,1999,key,E09,numeric8,59939,3,^59939\d{3}$,1,190,190,1,1.000000,1,0,59939190,59939190,contiguous,official_completed_subset
1999|regional|E01|59961|3,1999,regional,E01,numeric8,59961,3,^59961\d{3}$,2,1,2,2,1.000000,1,0,59961001,59961002,contiguous,official_completed_subset
1999|regional|E02|59962|3,1999,regional,E02,numeric8,59962,3,^59962\d{3}$,1,1,1,1,1.000000,1,0,59962001,59962001,contiguous,official_completed_subset
1999|regional|E03|59963|3,1999,regional,E03,numeric8,59963,3,^59963\d{3}$,1,1,1,1,1.000000,1,0,59963001,59963001,contiguous,official_completed_subset
1999|regional|E04|59964|3,1999,regional,E04,numeric8,59964,3,^59964\d{3}$,2,1,2,2,1.000000,1,0,59964001,59964002,contiguous,official_completed_subset
1999|regional|E05|59965|3,1999,regional,E05,numeric8,59965,3,^59965\d{3}$,3,1,3,3,1.000000,1,0,59965001,59965003,contiguous,official_completed_subset
1999|regional|E06|59966|3,1999,regional,E06,numeric8,59966,3,^59966\d{3}$,2,1,2,2,1.000000,1,0,59966001,59966002,contiguous,official_completed_subset
1999|regional|E07|59967|3,1999,regional,E07,numeric8,59967,3,^59967\d{3}$,1,1,1,1,1.000000,1,0,59967001,59967001,contiguous,official_completed_subset
1999|regional|E08|59968|3,1999,regional,E08,numeric8,59968,3,^59968\d{3}$,2,1,2,2,1.000000,1,0,59968001,59968002,contiguous,official_completed_subset
1999|regional|E09|59969|3,1999,regional,E09,numeric8,59969,3,^59969\d{3}$,1,1,1,1,1.000000,1,0,59969001,59969001,contiguous,official_completed_subset
1999|special|E01|59920|3,1999,special,E01,numeric8,59920,3,^59920\d{3}$,2,31,32,2,1.000000,1,0,59920031,59920032,contiguous,official_completed_subset
1999|special|E01|59941|3,1999,special,E01,numeric8,59941,3,^59941\d{3}$,1,2,2,1,1.000000,1,0,59941002,59941002,contiguous,official_completed_subset
1999|special|E01|59981|3,1999,special,E01,numeric8,59981,3,^59981\d{3}$,5,1,5,5,1.000000,1,0,59981001,59981005,contiguous,official_completed_subset
1999|special|E01|59989|3,1999,special,E01,numeric8,59989,3,^59989\d{3}$,1,101,101,1,1.000000,1,0,59989101,59989101,contiguous,official_completed_subset
1999|special|E02|59920|3,1999,special,E02,numeric8,59920,3,^59920\d{3}$,3,34,36,3,1.000000,1,0,59920034,59920036,contiguous,official_completed_subset
1999|special|E02|59942|3,1999,special,E02,numeric8,59942,3,^59942\d{3}$,2,5,9,5,0.400000,2,3,59942005,59942009,moderate,official_completed_subset
1999|special|E02|59982|3,1999,special,E02,numeric8,59982,3,^59982\d{3}$,8,1,8,8,1.000000,1,0,59982001,59982008,contiguous,official_completed_subset
1999|special|E03|59920|3,1999,special,E03,numeric8,59920,3,^59920\d{3}$,1,33,33,1,1.000000,1,0,59920033,59920033,contiguous,official_completed_subset
1999|special|E03|59943|3,1999,special,E03,numeric8,59943,3,^59943\d{3}$,1,1,1,1,1.000000,1,0,59943001,59943001,contiguous,official_completed_subset
1999|special|E03|59953|3,1999,special,E03,numeric8,59953,3,^59953\d{3}$,1,1,1,1,1.000000,1,0,59953001,59953001,contiguous,official_completed_subset
1999|special|E03|59983|3,1999,special,E03,numeric8,59983,3,^59983\d{3}$,4,1,4,4,1.000000,1,0,59983001,59983004,contiguous,official_completed_subset
1999|special|E05|59945|3,1999,special,E05,numeric8,59945,3,^59945\d{3}$,2,3,7,5,0.400000,2,3,59945003,59945007,moderate,official_completed_subset
1999|special|E05|59985|3,1999,special,E05,numeric8,59985,3,^59985\d{3}$,7,1,7,7,1.000000,1,0,59985001,59985007,contiguous,official_completed_subset
1999|special|E06|59986|3,1999,special,E06,numeric8,59986,3,^59986\d{3}$,3,1,4,4,0.750000,2,1,59986001,59986004,moderate,official_completed_subset
1999|special|E07|59920|3,1999,special,E07,numeric8,59920,3,^59920\d{3}$,1,37,37,1,1.000000,1,0,59920037,59920037,contiguous,official_completed_subset
1999|special|E07|59947|3,1999,special,E07,numeric8,59947,3,^59947\d{3}$,2,4,6,3,0.666667,2,1,59947004,59947006,moderate,official_completed_subset
1999|special|E09|59949|3,1999,special,E09,numeric8,59949,3,^59949\d{3}$,1,10,10,1,1.000000,1,0,59949010,59949010,contiguous,official_completed_subset
1999|special|E10|59948|3,1999,special,E10,numeric8,59948,3,^59948\d{3}$,1,8,8,1,1.000000,1,0,59948008,59948008,contiguous,official_completed_subset
1999|youth_c|E01|59901|3,1999,youth_c,E01,numeric8,59901,3,^59901\d{3}$,13,1,13,13,1.000000,1,0,59901001,59901013,contiguous,official_completed_subset
1999|youth_c|E02|59902|3,1999,youth_c,E02,numeric8,59902,3,^59902\d{3}$,13,1,13,13,1.000000,1,0,59902001,59902013,contiguous,official_completed_subset
1999|youth_c|E03|59903|3,1999,youth_c,E03,numeric8,59903,3,^59903\d{3}$,8,1,8,8,1.000000,1,0,59903001,59903008,contiguous,official_completed_subset
1999|youth_c|E04|59904|3,1999,youth_c,E04,numeric8,59904,3,^59904\d{3}$,8,1,8,8,1.000000,1,0,59904001,59904008,contiguous,official_completed_subset
1999|youth_c|E05|59905|3,1999,youth_c,E05,numeric8,59905,3,^59905\d{3}$,23,1,24,24,0.958333,2,1,59905001,59905024,dense,official_completed_subset
1999|youth_c|E06|59906|3,1999,youth_c,E06,numeric8,59906,3,^59906\d{3}$,14,1,14,14,1.000000,1,0,59906001,59906014,contiguous,official_completed_subset
1999|youth_c|E07|59907|3,1999,youth_c,E07,numeric8,59907,3,^59907\d{3}$,5,1,5,5,1.000000,1,0,59907001,59907005,contiguous,official_completed_subset
1999|youth_c|E08|59908|3,1999,youth_c,E08,numeric8,59908,3,^59908\d{3}$,13,1,15,15,0.866667,3,2,59908001,59908015,dense,official_completed_subset
1999|youth_c|E09|59909|3,1999,youth_c,E09,numeric8,59909,3,^59909\d{3}$,5,2,8,7,0.714286,3,2,59909002,59909008,moderate,official_completed_subset
1999|youth_c|E10|59908|3,1999,youth_c,E10,numeric8,59908,3,^59908\d{3}$,2,4,6,3,0.666667,2,1,59908004,59908006,moderate,official_completed_subset
1999|youth_c|E10|59909|3,1999,youth_c,E10,numeric8,59909,3,^59909\d{3}$,1,3,3,1,1.000000,1,0,59909003,59909003,contiguous,official_completed_subset
1999|youth_c|E11|59909|3,1999,youth_c,E11,numeric8,59909,3,^59909\d{3}$,2,1,5,5,0.400000,2,3,59909001,59909005,moderate,official_completed_subset
2000|general|E01|50071|3,2000,general,E01,numeric8,50071,3,^50071\d{3}$,69,1,69,69,1.000000,1,0,50071001,50071069,contiguous,official_completed_subset
2000|general|E02|50072|3,2000,general,E02,numeric8,50072,3,^50072\d{3}$,46,1,46,46,1.000000,1,0,50072001,50072046,contiguous,official_completed_subset
2000|general|E03|50073|3,2000,general,E03,numeric8,50073,3,^50073\d{3}$,30,1,30,30,1.000000,1,0,50073001,50073030,contiguous,official_completed_subset
2000|general|E04|50074|3,2000,general,E04,numeric8,50074,3,^50074\d{3}$,36,1,36,36,1.000000,1,0,50074001,50074036,contiguous,official_completed_subset
2000|general|E05|50075|3,2000,general,E05,numeric8,50075,3,^50075\d{3}$,91,1,91,91,1.000000,1,0,50075001,50075091,contiguous,official_completed_subset
2000|general|E06|50076|3,2000,general,E06,numeric8,50076,3,^50076\d{3}$,48,1,48,48,1.000000,1,0,50076001,50076048,contiguous,official_completed_subset
2000|general|E07|50077|3,2000,general,E07,numeric8,50077,3,^50077\d{3}$,27,1,27,27,1.000000,1,0,50077001,50077027,contiguous,official_completed_subset
2000|general|E08|50078|3,2000,general,E08,numeric8,50078,3,^50078\d{3}$,44,1,55,55,0.800000,9,11,50078001,50078055,dense,official_completed_subset
2000|general|E09|50079|3,2000,general,E09,numeric8,50079,3,^50079\d{3}$,26,2,32,31,0.838710,6,5,50079002,50079032,dense,official_completed_subset
2000|general|E10|50078|3,2000,general,E10,numeric8,50078,3,^50078\d{3}$,11,17,53,37,0.297297,8,26,50078017,50078053,sparse,official_completed_subset
2000|general|E10|50079|3,2000,general,E10,numeric8,50079,3,^50079\d{3}$,4,10,22,13,0.307692,4,9,50079010,50079022,sparse,official_completed_subset
2000|general|E11|50079|3,2000,general,E11,numeric8,50079,3,^50079\d{3}$,2,1,15,15,0.133333,2,13,50079001,50079015,sparse,official_completed_subset
2000|key|E01|50031|3,2000,key,E01,numeric8,50031,3,^50031\d{3}$,1,10,10,1,1.000000,1,0,50031010,50031010,contiguous,official_completed_subset
2000|key|E02|50032|3,2000,key,E02,numeric8,50032,3,^50032\d{3}$,2,10,20,11,0.181818,2,9,50032010,50032020,sparse,official_completed_subset
2000|key|E03|50033|3,2000,key,E03,numeric8,50033,3,^50033\d{3}$,1,10,10,1,1.000000,1,0,50033010,50033010,contiguous,official_completed_subset
2000|key|E04|50034|3,2000,key,E04,numeric8,50034,3,^50034\d{3}$,1,10,10,1,1.000000,1,0,50034010,50034010,contiguous,official_completed_subset
2000|key|E05|50035|3,2000,key,E05,numeric8,50035,3,^50035\d{3}$,1,10,10,1,1.000000,1,0,50035010,50035010,contiguous,official_completed_subset
2000|key|E08|50038|3,2000,key,E08,numeric8,50038,3,^50038\d{3}$,1,10,10,1,1.000000,1,0,50038010,50038010,contiguous,official_completed_subset
2000|key|E09|50039|3,2000,key,E09,numeric8,50039,3,^50039\d{3}$,1,10,10,1,1.000000,1,0,50039010,50039010,contiguous,official_completed_subset
2000|regional|E01|50061|3,2000,regional,E01,numeric8,50061,3,^50061\d{3}$,2,1,2,2,1.000000,1,0,50061001,50061002,contiguous,official_completed_subset
2000|regional|E02|50062|3,2000,regional,E02,numeric8,50062,3,^50062\d{3}$,2,1,2,2,1.000000,1,0,50062001,50062002,contiguous,official_completed_subset
2000|regional|E03|50063|3,2000,regional,E03,numeric8,50063,3,^50063\d{3}$,2,1,2,2,1.000000,1,0,50063001,50063002,contiguous,official_completed_subset
2000|regional|E04|50064|3,2000,regional,E04,numeric8,50064,3,^50064\d{3}$,2,1,2,2,1.000000,1,0,50064001,50064002,contiguous,official_completed_subset
2000|regional|E05|50065|3,2000,regional,E05,numeric8,50065,3,^50065\d{3}$,2,1,2,2,1.000000,1,0,50065001,50065002,contiguous,official_completed_subset
2000|regional|E06|50066|3,2000,regional,E06,numeric8,50066,3,^50066\d{3}$,2,1,2,2,1.000000,1,0,50066001,50066002,contiguous,official_completed_subset
2000|regional|E08|50068|3,2000,regional,E08,numeric8,50068,3,^50068\d{3}$,1,1,1,1,1.000000,1,0,50068001,50068001,contiguous,official_completed_subset
2000|regional|E09|50069|3,2000,regional,E09,numeric8,50069,3,^50069\d{3}$,1,1,1,1,1.000000,1,0,50069001,50069001,contiguous,official_completed_subset
2000|regional|E10|50068|3,2000,regional,E10,numeric8,50068,3,^50068\d{3}$,1,2,2,1,1.000000,1,0,50068002,50068002,contiguous,official_completed_subset
2000|special|E01|50041|3,2000,special,E01,numeric8,50041,3,^50041\d{3}$,4,3,24,22,0.181818,3,18,50041003,50041024,sparse,official_completed_subset
2000|special|E01|50081|3,2000,special,E01,numeric8,50081,3,^50081\d{3}$,4,1,4,4,1.000000,1,0,50081001,50081004,contiguous,official_completed_subset
2000|special|E02|50042|3,2000,special,E02,numeric8,50042,3,^50042\d{3}$,4,8,14,7,0.571429,2,3,50042008,50042014,moderate,official_completed_subset
2000|special|E02|50082|3,2000,special,E02,numeric8,50082,3,^50082\d{3}$,7,1,7,7,1.000000,1,0,50082001,50082007,contiguous,official_completed_subset
2000|special|E03|50027|3,2000,special,E03,numeric8,50027,3,^50027\d{3}$,1,1,1,1,1.000000,1,0,50027001,50027001,contiguous,official_completed_subset
2000|special|E03|50043|3,2000,special,E03,numeric8,50043,3,^50043\d{3}$,3,11,17,7,0.428571,2,4,50043011,50043017,moderate,official_completed_subset
2000|special|E03|50083|3,2000,special,E03,numeric8,50083,3,^50083\d{3}$,2,1,2,2,1.000000,1,0,50083001,50083002,contiguous,official_completed_subset
2000|special|E04|50044|3,2000,special,E04,numeric8,50044,3,^50044\d{3}$,3,12,25,14,0.214286,3,11,50044012,50044025,sparse,official_completed_subset
2000|special|E05|50023|3,2000,special,E05,numeric8,50023,3,^50023\d{3}$,1,1,1,1,1.000000,1,0,50023001,50023001,contiguous,official_completed_subset
2000|special|E05|50027|3,2000,special,E05,numeric8,50027,3,^50027\d{3}$,1,2,2,1,1.000000,1,0,50027002,50027002,contiguous,official_completed_subset
2000|special|E05|50045|3,2000,special,E05,numeric8,50045,3,^50045\d{3}$,3,7,19,13,0.230769,2,10,50045007,50045019,sparse,official_completed_subset
2000|special|E05|50085|3,2000,special,E05,numeric8,50085,3,^50085\d{3}$,3,1,3,3,1.000000,1,0,50085001,50085003,contiguous,official_completed_subset
2000|special|E06|50046|3,2000,special,E06,numeric8,50046,3,^50046\d{3}$,2,2,26,25,0.080000,2,23,50046002,50046026,sparse,official_completed_subset
2000|special|E06|50086|3,2000,special,E06,numeric8,50086,3,^50086\d{3}$,3,1,3,3,1.000000,1,0,50086001,50086003,contiguous,official_completed_subset
2000|special|E07|50047|3,2000,special,E07,numeric8,50047,3,^50047\d{3}$,2,6,21,16,0.125000,2,14,50047006,50047021,sparse,official_completed_subset
2000|special|E09|50049|3,2000,special,E09,numeric8,50049,3,^50049\d{3}$,1,5,5,1,1.000000,1,0,50049005,50049005,contiguous,official_completed_subset
2000|special|E10|50048|3,2000,special,E10,numeric8,50048,3,^50048\d{3}$,1,22,22,1,1.000000,1,0,50048022,50048022,contiguous,official_completed_subset
2000|youth_c|E01|50001|3,2000,youth_c,E01,numeric8,50001,3,^50001\d{3}$,14,1,14,14,1.000000,1,0,50001001,50001014,contiguous,official_completed_subset
2000|youth_c|E02|50002|3,2000,youth_c,E02,numeric8,50002,3,^50002\d{3}$,15,1,15,15,1.000000,1,0,50002001,50002015,contiguous,official_completed_subset
2000|youth_c|E03|50003|3,2000,youth_c,E03,numeric8,50003,3,^50003\d{3}$,9,1,9,9,1.000000,1,0,50003001,50003009,contiguous,official_completed_subset
2000|youth_c|E04|50004|3,2000,youth_c,E04,numeric8,50004,3,^50004\d{3}$,9,1,9,9,1.000000,1,0,50004001,50004009,contiguous,official_completed_subset
2000|youth_c|E05|50005|3,2000,youth_c,E05,numeric8,50005,3,^50005\d{3}$,27,1,27,27,1.000000,1,0,50005001,50005027,contiguous,official_completed_subset
2000|youth_c|E06|50006|3,2000,youth_c,E06,numeric8,50006,3,^50006\d{3}$,16,1,16,16,1.000000,1,0,50006001,50006016,contiguous,official_completed_subset
2000|youth_c|E07|50007|3,2000,youth_c,E07,numeric8,50007,3,^50007\d{3}$,8,1,8,8,1.000000,1,0,50007001,50007008,contiguous,official_completed_subset
2000|youth_c|E08|50008|3,2000,youth_c,E08,numeric8,50008,3,^50008\d{3}$,13,1,17,17,0.764706,5,4,50008001,50008017,moderate,official_completed_subset
2000|youth_c|E09|50009|3,2000,youth_c,E09,numeric8,50009,3,^50009\d{3}$,7,2,8,7,1.000000,1,0,50009002,50009008,contiguous,official_completed_subset
2000|youth_c|E10|50008|3,2000,youth_c,E10,numeric8,50008,3,^50008\d{3}$,4,4,14,11,0.363636,4,7,50008004,50008014,sparse,official_completed_subset
2000|youth_c|E10|50009|3,2000,youth_c,E10,numeric8,50009,3,^50009\d{3}$,1,1,1,1,1.000000,1,0,50009001,50009001,contiguous,official_completed_subset
2001|general|E01|50171|3,2001,general,E01,numeric8,50171,3,^50171\d{3}$,73,1,79,79,0.924051,7,6,50171001,50171079,dense,official_completed_subset
2001|general|E02|50172|3,2001,general,E02,numeric8,50172,3,^50172\d{3}$,60,1,63,63,0.952381,4,3,50172001,50172063,dense,official_completed_subset
2001|general|E03|50173|3,2001,general,E03,numeric8,50173,3,^50173\d{3}$,33,1,34,34,0.970588,2,1,50173001,50173034,dense,official_completed_subset
2001|general|E04|50174|3,2001,general,E04,numeric8,50174,3,^50174\d{3}$,41,1,59,59,0.694915,13,18,50174001,50174059,moderate,official_completed_subset
2001|general|E05|50175|3,2001,general,E05,numeric8,50175,3,^50175\d{3}$,112,1,114,114,0.982456,3,2,50175001,50175114,dense,official_completed_subset
2001|general|E06|50176|3,2001,general,E06,numeric8,50176,3,^50176\d{3}$,52,1,56,56,0.928571,5,4,50176001,50176056,dense,official_completed_subset
2001|general|E07|50177|3,2001,general,E07,numeric8,50177,3,^50177\d{3}$,28,1,29,29,0.965517,2,1,50177001,50177029,dense,official_completed_subset
2001|general|E08|50178|3,2001,general,E08,numeric8,50178,3,^50178\d{3}$,55,1,72,72,0.763889,11,17,50178001,50178072,moderate,official_completed_subset
2001|general|E09|50179|3,2001,general,E09,numeric8,50179,3,^50179\d{3}$,32,1,39,39,0.820513,6,7,50179001,50179039,dense,official_completed_subset
2001|general|E10|50178|3,2001,general,E10,numeric8,50178,3,^50178\d{3}$,17,2,70,69,0.246377,10,52,50178002,50178070,sparse,official_completed_subset
2001|general|E10|50179|3,2001,general,E10,numeric8,50179,3,^50179\d{3}$,3,10,27,18,0.166667,2,15,50179010,50179027,sparse,official_completed_subset
2001|general|E11|50179|3,2001,general,E11,numeric8,50179,3,^50179\d{3}$,4,4,24,21,0.190476,3,17,50179004,50179024,sparse,official_completed_subset
2001|joint_fund|E01|50122|3,2001,joint_fund,E01,numeric8,50122,3,^50122\d{3}$,2,118,119,2,1.000000,1,0,50122118,50122119,contiguous,official_completed_subset
2001|joint_fund|E01|50171|3,2001,joint_fund,E01,numeric8,50171,3,^50171\d{3}$,6,4,53,50,0.120000,6,44,50171004,50171053,sparse,official_completed_subset
2001|joint_fund|E02|50172|3,2001,joint_fund,E02,numeric8,50172,3,^50172\d{3}$,3,2,9,8,0.375000,3,5,50172002,50172009,sparse,official_completed_subset
2001|joint_fund|E03|50103|3,2001,joint_fund,E03,numeric8,50103,3,^50103\d{3}$,2,1,12,12,0.166667,2,10,50103001,50103012,sparse,official_completed_subset
2001|joint_fund|E03|50173|3,2001,joint_fund,E03,numeric8,50173,3,^50173\d{3}$,1,4,4,1,1.000000,1,0,50173004,50173004,contiguous,official_completed_subset
2001|joint_fund|E04|50130|3,2001,joint_fund,E04,numeric8,50130,3,^50130\d{3}$,2,10,30,21,0.095238,2,19,50130010,50130030,sparse,official_completed_subset
2001|joint_fund|E04|50174|3,2001,joint_fund,E04,numeric8,50174,3,^50174\d{3}$,20,3,61,59,0.338983,13,39,50174003,50174061,sparse,official_completed_subset
2001|joint_fund|E05|50122|3,2001,joint_fund,E05,numeric8,50122,3,^50122\d{3}$,6,151,251,101,0.059406,2,95,50122151,50122251,sparse,official_completed_subset
2001|joint_fund|E06|50122|3,2001,joint_fund,E06,numeric8,50122,3,^50122\d{3}$,1,167,167,1,1.000000,1,0,50122167,50122167,contiguous,official_completed_subset
2001|joint_fund|E06|50176|3,2001,joint_fund,E06,numeric8,50176,3,^50176\d{3}$,1,14,14,1,1.000000,1,0,50176014,50176014,contiguous,official_completed_subset
2001|joint_fund|E07|50177|3,2001,joint_fund,E07,numeric8,50177,3,^50177\d{3}$,1,20,20,1,1.000000,1,0,50177020,50177020,contiguous,official_completed_subset
2001|joint_fund|E08|50122|3,2001,joint_fund,E08,numeric8,50122,3,^50122\d{3}$,2,282,283,2,1.000000,1,0,50122282,50122283,contiguous,official_completed_subset
2001|key|E01|50131|3,2001,key,E01,numeric8,50131,3,^50131\d{3}$,5,10,50,41,0.121951,5,36,50131010,50131050,sparse,official_completed_subset
2001|key|E02|50132|3,2001,key,E02,numeric8,50132,3,^50132\d{3}$,4,10,40,31,0.129032,4,27,50132010,50132040,sparse,official_completed_subset
2001|key|E03|50133|3,2001,key,E03,numeric8,50133,3,^50133\d{3}$,2,10,20,11,0.181818,2,9,50133010,50133020,sparse,official_completed_subset
2001|key|E04|50134|3,2001,key,E04,numeric8,50134,3,^50134\d{3}$,2,20,40,21,0.095238,2,19,50134020,50134040,sparse,official_completed_subset
2001|key|E05|50135|3,2001,key,E05,numeric8,50135,3,^50135\d{3}$,5,10,50,41,0.121951,5,36,50135010,50135050,sparse,official_completed_subset
2001|key|E06|50136|3,2001,key,E06,numeric8,50136,3,^50136\d{3}$,4,10,40,31,0.129032,4,27,50136010,50136040,sparse,official_completed_subset
2001|key|E07|50137|3,2001,key,E07,numeric8,50137,3,^50137\d{3}$,3,10,30,21,0.142857,3,18,50137010,50137030,sparse,official_completed_subset
2001|key|E09|50139|3,2001,key,E09,numeric8,50139,3,^50139\d{3}$,4,10,40,31,0.129032,4,27,50139010,50139040,sparse,official_completed_subset
2001|key|E10|50138|3,2001,key,E10,numeric8,50138,3,^50138\d{3}$,2,10,20,11,0.181818,2,9,50138010,50138020,sparse,official_completed_subset
2001|major_research_plan|E02|90101|3,2001,major_research_plan,E02,numeric8,90101,3,^90101\d{3}$,4,0,22,23,0.173913,4,19,90101000,90101022,sparse,official_completed_subset
2001|major_research_plan|E03|90101|3,2001,major_research_plan,E03,numeric8,90101,3,^90101\d{3}$,6,1,29,29,0.206897,6,23,90101001,90101029,sparse,official_completed_subset
2001|regional|E01|50161|3,2001,regional,E01,numeric8,50161,3,^50161\d{3}$,2,1,2,2,1.000000,1,0,50161001,50161002,contiguous,official_completed_subset
2001|regional|E02|50162|3,2001,regional,E02,numeric8,50162,3,^50162\d{3}$,2,1,2,2,1.000000,1,0,50162001,50162002,contiguous,official_completed_subset
2001|regional|E03|50163|3,2001,regional,E03,numeric8,50163,3,^50163\d{3}$,1,1,1,1,1.000000,1,0,50163001,50163001,contiguous,official_completed_subset
2001|regional|E04|50164|3,2001,regional,E04,numeric8,50164,3,^50164\d{3}$,4,1,4,4,1.000000,1,0,50164001,50164004,contiguous,official_completed_subset
2001|regional|E05|50165|3,2001,regional,E05,numeric8,50165,3,^50165\d{3}$,1,1,1,1,1.000000,1,0,50165001,50165001,contiguous,official_completed_subset
2001|regional|E06|50166|3,2001,regional,E06,numeric8,50166,3,^50166\d{3}$,2,1,2,2,1.000000,1,0,50166001,50166002,contiguous,official_completed_subset
2001|regional|E07|50167|3,2001,regional,E07,numeric8,50167,3,^50167\d{3}$,1,1,1,1,1.000000,1,0,50167001,50167001,contiguous,official_completed_subset
2001|regional|E09|50169|3,2001,regional,E09,numeric8,50169,3,^50169\d{3}$,2,1,2,2,1.000000,1,0,50169001,50169002,contiguous,official_completed_subset
2001|regional|E10|50169|3,2001,regional,E10,numeric8,50169,3,^50169\d{3}$,1,3,3,1,1.000000,1,0,50169003,50169003,contiguous,official_completed_subset
2001|special|E01|50120|3,2001,special,E01,numeric8,50120,3,^50120\d{3}$,1,801,801,1,1.000000,1,0,50120801,50120801,contiguous,official_completed_subset
2001|special|E01|50141|3,2001,special,E01,numeric8,50141,3,^50141\d{3}$,4,1,22,22,0.181818,2,18,50141001,50141022,sparse,official_completed_subset
2001|special|E02|50142|3,2001,special,E02,numeric8,50142,3,^50142\d{3}$,2,3,16,14,0.142857,2,12,50142003,50142016,sparse,official_completed_subset
2001|special|E03|50143|3,2001,special,E03,numeric8,50143,3,^50143\d{3}$,5,4,23,20,0.250000,3,15,50143004,50143023,sparse,official_completed_subset
2001|special|E04|50127|3,2001,special,E04,numeric8,50127,3,^50127\d{3}$,1,402,402,1,1.000000,1,0,50127402,50127402,contiguous,official_completed_subset
2001|special|E04|50144|3,2001,special,E04,numeric8,50144,3,^50144\d{3}$,1,5,5,1,1.000000,1,0,50144005,50144005,contiguous,official_completed_subset
2001|special|E05|50127|3,2001,special,E05,numeric8,50127,3,^50127\d{3}$,1,501,501,1,1.000000,1,0,50127501,50127501,contiguous,official_completed_subset
2001|special|E05|50145|3,2001,special,E05,numeric8,50145,3,^50145\d{3}$,3,6,15,10,0.300000,2,7,50145006,50145015,sparse,official_completed_subset
2001|special|E06|50146|3,2001,special,E06,numeric8,50146,3,^50146\d{3}$,2,8,14,7,0.285714,2,5,50146008,50146014,sparse,official_completed_subset
2001|special|E07|50147|3,2001,special,E07,numeric8,50147,3,^50147\d{3}$,1,9,9,1,1.000000,1,0,50147009,50147009,contiguous,official_completed_subset
2001|special|E08|50148|3,2001,special,E08,numeric8,50148,3,^50148\d{3}$,2,19,20,2,1.000000,1,0,50148019,50148020,contiguous,official_completed_subset
2001|special|E09|50149|3,2001,special,E09,numeric8,50149,3,^50149\d{3}$,2,10,17,8,0.250000,2,6,50149010,50149017,sparse,official_completed_subset
2001|special|E10|50148|3,2001,special,E10,numeric8,50148,3,^50148\d{3}$,1,18,18,1,1.000000,1,0,50148018,50148018,contiguous,official_completed_subset
2001|youth_c|E01|50101|3,2001,youth_c,E01,numeric8,50101,3,^50101\d{3}$,11,1,12,12,0.916667,2,1,50101001,50101012,dense,official_completed_subset
2001|youth_c|E02|50102|3,2001,youth_c,E02,numeric8,50102,3,^50102\d{3}$,9,1,9,9,1.000000,1,0,50102001,50102009,contiguous,official_completed_subset
2001|youth_c|E03|50103|3,2001,youth_c,E03,numeric8,50103,3,^50103\d{3}$,11,2,13,12,0.916667,2,1,50103002,50103013,dense,official_completed_subset
2001|youth_c|E04|50104|3,2001,youth_c,E04,numeric8,50104,3,^50104\d{3}$,13,1,13,13,1.000000,1,0,50104001,50104013,contiguous,official_completed_subset
2001|youth_c|E05|50105|3,2001,youth_c,E05,numeric8,50105,3,^50105\d{3}$,22,1,22,22,1.000000,1,0,50105001,50105022,contiguous,official_completed_subset
2001|youth_c|E06|50106|3,2001,youth_c,E06,numeric8,50106,3,^50106\d{3}$,16,1,17,17,0.941176,2,1,50106001,50106017,dense,official_completed_subset
2001|youth_c|E07|50107|3,2001,youth_c,E07,numeric8,50107,3,^50107\d{3}$,10,1,10,10,1.000000,1,0,50107001,50107010,contiguous,official_completed_subset
2001|youth_c|E08|50108|3,2001,youth_c,E08,numeric8,50108,3,^50108\d{3}$,14,1,17,17,0.823529,4,3,50108001,50108017,dense,official_completed_subset
2001|youth_c|E09|50109|3,2001,youth_c,E09,numeric8,50109,3,^50109\d{3}$,5,2,6,5,1.000000,1,0,50109002,50109006,contiguous,official_completed_subset
2001|youth_c|E10|50108|3,2001,youth_c,E10,numeric8,50108,3,^50108\d{3}$,3,7,16,10,0.300000,3,7,50108007,50108016,sparse,official_completed_subset
2001|youth_c|E10|50109|3,2001,youth_c,E10,numeric8,50109,3,^50109\d{3}$,1,1,1,1,1.000000,1,0,50109001,50109001,contiguous,official_completed_subset
2002|general|E01|50271|3,2002,general,E01,numeric8,50271,3,^50271\d{3}$,81,1,85,85,0.952941,4,4,50271001,50271085,dense,official_completed_subset
2002|general|E02|50272|3,2002,general,E02,numeric8,50272,3,^50272\d{3}$,82,1,84,84,0.976190,3,2,50272001,50272084,dense,official_completed_subset
2002|general|E03|50273|3,2002,general,E03,numeric8,50273,3,^50273\d{3}$,46,1,48,48,0.958333,3,2,50273001,50273048,dense,official_completed_subset
2002|general|E04|50274|3,2002,general,E04,numeric8,50274,3,^50274\d{3}$,56,2,80,79,0.708861,14,23,50274002,50274080,moderate,official_completed_subset
2002|general|E05|50275|3,2002,general,E05,numeric8,50275,3,^50275\d{3}$,154,1,154,154,1.000000,1,0,50275001,50275154,contiguous,official_completed_subset
2002|general|E06|50276|3,2002,general,E06,numeric8,50276,3,^50276\d{3}$,73,1,73,73,1.000000,1,0,50276001,50276073,contiguous,official_completed_subset
2002|general|E07|50277|3,2002,general,E07,numeric8,50277,3,^50277\d{3}$,39,1,39,39,1.000000,1,0,50277001,50277039,contiguous,official_completed_subset
2002|general|E08|50278|3,2002,general,E08,numeric8,50278,3,^50278\d{3}$,84,1,102,102,0.823529,15,18,50278001,50278102,dense,official_completed_subset
2002|general|E09|50279|3,2002,general,E09,numeric8,50279,3,^50279\d{3}$,43,1,57,57,0.754386,10,14,50279001,50279057,moderate,official_completed_subset
2002|general|E10|50278|3,2002,general,E10,numeric8,50278,3,^50278\d{3}$,16,16,101,86,0.186047,14,70,50278016,50278101,sparse,official_completed_subset
2002|general|E10|50279|3,2002,general,E10,numeric8,50279,3,^50279\d{3}$,4,17,55,39,0.102564,4,35,50279017,50279055,sparse,official_completed_subset
2002|general|E11|50279|3,2002,general,E11,numeric8,50279,3,^50279\d{3}$,3,26,28,3,1.000000,1,0,50279026,50279028,contiguous,official_completed_subset
2002|joint_fund|E01|50271|3,2002,joint_fund,E01,numeric8,50271,3,^50271\d{3}$,4,15,61,47,0.085106,3,43,50271015,50271061,sparse,official_completed_subset
2002|joint_fund|E02|50272|3,2002,joint_fund,E02,numeric8,50272,3,^50272\d{3}$,2,13,73,61,0.032787,2,59,50272013,50272073,sparse,official_completed_subset
2002|joint_fund|E03|50273|3,2002,joint_fund,E03,numeric8,50273,3,^50273\d{3}$,2,19,39,21,0.095238,2,19,50273019,50273039,sparse,official_completed_subset
2002|joint_fund|E04|50274|3,2002,joint_fund,E04,numeric8,50274,3,^50274\d{3}$,24,1,78,78,0.307692,14,54,50274001,50274078,sparse,official_completed_subset
2002|joint_fund|E06|50222|3,2002,joint_fund,E06,numeric8,50222,3,^50222\d{3}$,3,203,205,3,1.000000,1,0,50222203,50222205,contiguous,official_completed_subset
2002|joint_fund|E07|50237|3,2002,joint_fund,E07,numeric8,50237,3,^50237\d{3}$,1,20,20,1,1.000000,1,0,50237020,50237020,contiguous,official_completed_subset
2002|joint_fund|E08|50222|3,2002,joint_fund,E08,numeric8,50222,3,^50222\d{3}$,1,206,206,1,1.000000,1,0,50222206,50222206,contiguous,official_completed_subset
2002|joint_fund|E09|50239|3,2002,joint_fund,E09,numeric8,50239,3,^50239\d{3}$,6,10,90,81,0.074074,6,75,50239010,50239090,sparse,official_completed_subset
2002|joint_fund|E09|50279|3,2002,joint_fund,E09,numeric8,50279,3,^50279\d{3}$,7,6,42,37,0.189189,5,30,50279006,50279042,sparse,official_completed_subset
2002|joint_fund|E10|50208|3,2002,joint_fund,E10,numeric8,50208,3,^50208\d{3}$,1,5,5,1,1.000000,1,0,50208005,50208005,contiguous,official_completed_subset
2002|joint_fund|E10|50238|3,2002,joint_fund,E10,numeric8,50238,3,^50238\d{3}$,1,50,50,1,1.000000,1,0,50238050,50238050,contiguous,official_completed_subset
2002|joint_fund|E10|50278|3,2002,joint_fund,E10,numeric8,50278,3,^50278\d{3}$,2,24,94,71,0.028169,2,69,50278024,50278094,sparse,official_completed_subset
2002|key|E01|50231|3,2002,key,E01,numeric8,50231,3,^50231\d{3}$,4,10,40,31,0.129032,4,27,50231010,50231040,sparse,official_completed_subset
2002|key|E02|50232|3,2002,key,E02,numeric8,50232,3,^50232\d{3}$,5,10,50,41,0.121951,5,36,50232010,50232050,sparse,official_completed_subset
2002|key|E03|50233|3,2002,key,E03,numeric8,50233,3,^50233\d{3}$,3,10,30,21,0.142857,3,18,50233010,50233030,sparse,official_completed_subset
2002|key|E04|50234|3,2002,key,E04,numeric8,50234,3,^50234\d{3}$,4,10,40,31,0.129032,4,27,50234010,50234040,sparse,official_completed_subset
2002|key|E05|50235|3,2002,key,E05,numeric8,50235,3,^50235\d{3}$,4,10,40,31,0.129032,4,27,50235010,50235040,sparse,official_completed_subset
2002|key|E06|50236|3,2002,key,E06,numeric8,50236,3,^50236\d{3}$,3,10,30,21,0.142857,3,18,50236010,50236030,sparse,official_completed_subset
2002|key|E07|50237|3,2002,key,E07,numeric8,50237,3,^50237\d{3}$,3,10,40,31,0.096774,3,28,50237010,50237040,sparse,official_completed_subset
2002|key|E08|50238|3,2002,key,E08,numeric8,50238,3,^50238\d{3}$,3,10,40,31,0.096774,3,28,50238010,50238040,sparse,official_completed_subset
2002|key|E09|50239|3,2002,key,E09,numeric8,50239,3,^50239\d{3}$,2,20,70,51,0.039216,2,49,50239020,50239070,sparse,official_completed_subset
2002|key|E10|50238|3,2002,key,E10,numeric8,50238,3,^50238\d{3}$,1,20,20,1,1.000000,1,0,50238020,50238020,contiguous,official_completed_subset
2002|key|E10|50239|3,2002,key,E10,numeric8,50239,3,^50239\d{3}$,1,30,30,1,1.000000,1,0,50239030,50239030,contiguous,official_completed_subset
2002|major_research_plan|E01|90206|3,2002,major_research_plan,E01,numeric8,90206,3,^90206\d{3}$,3,21,46,26,0.115385,3,23,90206021,90206046,sparse,official_completed_subset
2002|major_research_plan|E02|90201|3,2002,major_research_plan,E02,numeric8,90201,3,^90201\d{3}$,8,6,38,33,0.242424,4,25,90201006,90201038,sparse,official_completed_subset
2002|major_research_plan|E02|90203|3,2002,major_research_plan,E02,numeric8,90203,3,^90203\d{3}$,2,16,17,2,1.000000,1,0,90203016,90203017,contiguous,official_completed_subset
2002|major_research_plan|E02|90205|3,2002,major_research_plan,E02,numeric8,90205,3,^90205\d{3}$,1,17,17,1,1.000000,1,0,90205017,90205017,contiguous,official_completed_subset
2002|major_research_plan|E02|90206|3,2002,major_research_plan,E02,numeric8,90206,3,^90206\d{3}$,8,18,47,30,0.266667,5,22,90206018,90206047,sparse,official_completed_subset
2002|major_research_plan|E02|90207|3,2002,major_research_plan,E02,numeric8,90207,3,^90207\d{3}$,3,23,25,3,1.000000,1,0,90207023,90207025,contiguous,official_completed_subset
2002|major_research_plan|E03|90201|3,2002,major_research_plan,E03,numeric8,90201,3,^90201\d{3}$,6,9,36,28,0.214286,3,22,90201009,90201036,sparse,official_completed_subset
2002|major_research_plan|E03|90206|3,2002,major_research_plan,E03,numeric8,90206,3,^90206\d{3}$,3,24,26,3,1.000000,1,0,90206024,90206026,contiguous,official_completed_subset
2002|major_research_plan|E04|90210|3,2002,major_research_plan,E04,numeric8,90210,3,^90210\d{3}$,7,3,35,33,0.212121,6,26,90210003,90210035,sparse,official_completed_subset
2002|major_research_plan|E05|90205|3,2002,major_research_plan,E05,numeric8,90205,3,^90205\d{3}$,4,14,35,22,0.181818,3,18,90205014,90205035,sparse,official_completed_subset
2002|major_research_plan|E05|90206|3,2002,major_research_plan,E05,numeric8,90206,3,^90206\d{3}$,1,22,22,1,1.000000,1,0,90206022,90206022,contiguous,official_completed_subset
2002|major_research_plan|E06|90205|3,2002,major_research_plan,E06,numeric8,90205,3,^90205\d{3}$,3,4,36,33,0.090909,3,30,90205004,90205036,sparse,official_completed_subset
2002|major_research_plan|E06|90207|3,2002,major_research_plan,E06,numeric8,90207,3,^90207\d{3}$,1,22,22,1,1.000000,1,0,90207022,90207022,contiguous,official_completed_subset
2002|major_research_plan|E06|90210|3,2002,major_research_plan,E06,numeric8,90210,3,^90210\d{3}$,11,2,38,37,0.297297,8,26,90210002,90210038,sparse,official_completed_subset
2002|major_research_plan|E07|90210|3,2002,major_research_plan,E07,numeric8,90210,3,^90210\d{3}$,3,6,30,25,0.120000,3,22,90210006,90210030,sparse,official_completed_subset
2002|major_research_plan|E09|90210|3,2002,major_research_plan,E09,numeric8,90210,3,^90210\d{3}$,4,5,21,17,0.235294,3,13,90210005,90210021,sparse,official_completed_subset
2002|regional|E01|50261|3,2002,regional,E01,numeric8,50261,3,^50261\d{3}$,4,1,4,4,1.000000,1,0,50261001,50261004,contiguous,official_completed_subset
2002|regional|E02|50262|3,2002,regional,E02,numeric8,50262,3,^50262\d{3}$,2,1,2,2,1.000000,1,0,50262001,50262002,contiguous,official_completed_subset
2002|regional|E03|50263|3,2002,regional,E03,numeric8,50263,3,^50263\d{3}$,2,1,2,2,1.000000,1,0,50263001,50263002,contiguous,official_completed_subset
2002|regional|E04|50264|3,2002,regional,E04,numeric8,50264,3,^50264\d{3}$,4,1,4,4,1.000000,1,0,50264001,50264004,contiguous,official_completed_subset
2002|regional|E05|50265|3,2002,regional,E05,numeric8,50265,3,^50265\d{3}$,2,1,2,2,1.000000,1,0,50265001,50265002,contiguous,official_completed_subset
2002|regional|E07|50267|3,2002,regional,E07,numeric8,50267,3,^50267\d{3}$,1,1,1,1,1.000000,1,0,50267001,50267001,contiguous,official_completed_subset
2002|regional|E08|50268|3,2002,regional,E08,numeric8,50268,3,^50268\d{3}$,3,1,3,3,1.000000,1,0,50268001,50268003,contiguous,official_completed_subset
2002|regional|E09|50269|3,2002,regional,E09,numeric8,50269,3,^50269\d{3}$,2,2,3,2,1.000000,1,0,50269002,50269003,contiguous,official_completed_subset
2002|regional|E10|50269|3,2002,regional,E10,numeric8,50269,3,^50269\d{3}$,1,1,1,1,1.000000,1,0,50269001,50269001,contiguous,official_completed_subset
2002|special|E01|50241|3,2002,special,E01,numeric8,50241,3,^50241\d{3}$,2,2,10,9,0.222222,2,7,50241002,50241010,sparse,official_completed_subset
2002|special|E02|50242|3,2002,special,E02,numeric8,50242,3,^50242\d{3}$,6,1,17,17,0.352941,3,11,50242001,50242017,sparse,official_completed_subset
2002|special|E03|50243|3,2002,special,E03,numeric8,50243,3,^50243\d{3}$,4,14,20,7,0.571429,2,3,50243014,50243020,moderate,official_completed_subset
2002|special|E03|50253|3,2002,special,E03,numeric8,50253,3,^50253\d{3}$,2,1,2,2,1.000000,1,0,50253001,50253002,contiguous,official_completed_subset
2002|special|E04|50227|3,2002,special,E04,numeric8,50227,3,^50227\d{3}$,1,401,401,1,1.000000,1,0,50227401,50227401,contiguous,official_completed_subset
2002|special|E04|50244|3,2002,special,E04,numeric8,50244,3,^50244\d{3}$,4,12,22,11,0.363636,3,7,50244012,50244022,sparse,official_completed_subset
2002|special|E05|50245|3,2002,special,E05,numeric8,50245,3,^50245\d{3}$,2,11,25,15,0.133333,2,13,50245011,50245025,sparse,official_completed_subset
2002|special|E06|50246|3,2002,special,E06,numeric8,50246,3,^50246\d{3}$,2,3,13,11,0.181818,2,9,50246003,50246013,sparse,official_completed_subset
2002|special|E07|50247|3,2002,special,E07,numeric8,50247,3,^50247\d{3}$,1,6,6,1,1.000000,1,0,50247006,50247006,contiguous,official_completed_subset
2002|special|E08|50248|3,2002,special,E08,numeric8,50248,3,^50248\d{3}$,2,5,23,19,0.105263,2,17,50248005,50248023,sparse,official_completed_subset
2002|special|E09|50249|3,2002,special,E09,numeric8,50249,3,^50249\d{3}$,2,4,24,21,0.095238,2,19,50249004,50249024,sparse,official_completed_subset
2002|youth_c|E01|50201|3,2002,youth_c,E01,numeric8,50201,3,^50201\d{3}$,20,1,20,20,1.000000,1,0,50201001,50201020,contiguous,official_completed_subset
2002|youth_c|E02|50202|3,2002,youth_c,E02,numeric8,50202,3,^50202\d{3}$,18,1,18,18,1.000000,1,0,50202001,50202018,contiguous,official_completed_subset
2002|youth_c|E03|50203|3,2002,youth_c,E03,numeric8,50203,3,^50203\d{3}$,16,1,16,16,1.000000,1,0,50203001,50203016,contiguous,official_completed_subset
2002|youth_c|E04|50204|3,2002,youth_c,E04,numeric8,50204,3,^50204\d{3}$,14,1,14,14,1.000000,1,0,50204001,50204014,contiguous,official_completed_subset
2002|youth_c|E05|50205|3,2002,youth_c,E05,numeric8,50205,3,^50205\d{3}$,27,1,28,28,0.964286,2,1,50205001,50205028,dense,official_completed_subset
2002|youth_c|E06|50206|3,2002,youth_c,E06,numeric8,50206,3,^50206\d{3}$,26,1,26,26,1.000000,1,0,50206001,50206026,contiguous,official_completed_subset
2002|youth_c|E07|50207|3,2002,youth_c,E07,numeric8,50207,3,^50207\d{3}$,11,1,11,11,1.000000,1,0,50207001,50207011,contiguous,official_completed_subset
2002|youth_c|E08|50208|3,2002,youth_c,E08,numeric8,50208,3,^50208\d{3}$,14,1,19,19,0.736842,4,5,50208001,50208019,moderate,official_completed_subset
2002|youth_c|E09|50209|3,2002,youth_c,E09,numeric8,50209,3,^50209\d{3}$,13,1,16,16,0.812500,4,3,50209001,50209016,dense,official_completed_subset
2002|youth_c|E10|50208|3,2002,youth_c,E10,numeric8,50208,3,^50208\d{3}$,4,6,14,9,0.444444,3,5,50208006,50208014,moderate,official_completed_subset
2002|youth_c|E10|50209|3,2002,youth_c,E10,numeric8,50209,3,^50209\d{3}$,2,3,7,5,0.400000,2,3,50209003,50209007,moderate,official_completed_subset
2002|youth_c|E11|50209|3,2002,youth_c,E11,numeric8,50209,3,^50209\d{3}$,1,9,9,1,1.000000,1,0,50209009,50209009,contiguous,official_completed_subset
2003|general|E01|50371|3,2003,general,E01,numeric8,50371,3,^50371\d{3}$,100,1,106,106,0.943396,6,6,50371001,50371106,dense,official_completed_subset
2003|general|E02|50372|3,2003,general,E02,numeric8,50372,3,^50372\d{3}$,85,1,85,85,1.000000,1,0,50372001,50372085,contiguous,official_completed_subset
2003|general|E03|50373|3,2003,general,E03,numeric8,50373,3,^50373\d{3}$,53,1,53,53,1.000000,1,0,50373001,50373053,contiguous,official_completed_subset
2003|general|E04|50374|3,2003,general,E04,numeric8,50374,3,^50374\d{3}$,65,1,87,87,0.747126,16,22,50374001,50374087,moderate,official_completed_subset
2003|general|E05|50375|3,2003,general,E05,numeric8,50375,3,^50375\d{3}$,164,1,165,165,0.993939,2,1,50375001,50375165,dense,official_completed_subset
2003|general|E06|50376|3,2003,general,E06,numeric8,50376,3,^50376\d{3}$,76,1,78,78,0.974359,3,2,50376001,50376078,dense,official_completed_subset
2003|general|E07|50377|3,2003,general,E07,numeric8,50377,3,^50377\d{3}$,46,1,46,46,1.000000,1,0,50377001,50377046,contiguous,official_completed_subset
2003|general|E08|50378|3,2003,general,E08,numeric8,50378,3,^50378\d{3}$,75,1,97,97,0.773196,13,22,50378001,50378097,moderate,official_completed_subset
2003|general|E09|50379|3,2003,general,E09,numeric8,50379,3,^50379\d{3}$,41,1,59,59,0.694915,13,18,50379001,50379059,moderate,official_completed_subset
2003|general|E10|50378|3,2003,general,E10,numeric8,50378,3,^50378\d{3}$,22,4,95,92,0.239130,12,70,50378004,50378095,sparse,official_completed_subset
2003|general|E10|50379|3,2003,general,E10,numeric8,50379,3,^50379\d{3}$,5,3,41,39,0.128205,5,34,50379003,50379041,sparse,official_completed_subset
2003|general|E11|50379|3,2003,general,E11,numeric8,50379,3,^50379\d{3}$,6,2,50,49,0.122449,5,43,50379002,50379050,sparse,official_completed_subset
2003|joint_fund|E01|50371|3,2003,joint_fund,E01,numeric8,50371,3,^50371\d{3}$,6,49,94,46,0.130435,5,40,50371049,50371094,sparse,official_completed_subset
2003|joint_fund|E02|50372|3,2003,joint_fund,E02,numeric8,50372,3,^50372\d{3}$,1,86,86,1,1.000000,1,0,50372086,50372086,contiguous,official_completed_subset
2003|joint_fund|E04|50334|3,2003,joint_fund,E04,numeric8,50334,3,^50334\d{3}$,1,50,50,1,1.000000,1,0,50334050,50334050,contiguous,official_completed_subset
2003|joint_fund|E04|50374|3,2003,joint_fund,E04,numeric8,50374,3,^50374\d{3}$,22,4,86,83,0.265060,15,61,50374004,50374086,sparse,official_completed_subset
2003|joint_fund|E05|50335|3,2003,joint_fund,E05,numeric8,50335,3,^50335\d{3}$,1,60,60,1,1.000000,1,0,50335060,50335060,contiguous,official_completed_subset
2003|joint_fund|E06|50322|3,2003,joint_fund,E06,numeric8,50322,3,^50322\d{3}$,2,261,262,2,1.000000,1,0,50322261,50322262,contiguous,official_completed_subset
2003|joint_fund|E06|50376|3,2003,joint_fund,E06,numeric8,50376,3,^50376\d{3}$,1,79,79,1,1.000000,1,0,50376079,50376079,contiguous,official_completed_subset
2003|joint_fund|E07|50337|3,2003,joint_fund,E07,numeric8,50337,3,^50337\d{3}$,1,30,30,1,1.000000,1,0,50337030,50337030,contiguous,official_completed_subset
2003|joint_fund|E08|50322|3,2003,joint_fund,E08,numeric8,50322,3,^50322\d{3}$,2,283,284,2,1.000000,1,0,50322283,50322284,contiguous,official_completed_subset
2003|joint_fund|E09|50309|3,2003,joint_fund,E09,numeric8,50309,3,^50309\d{3}$,1,7,7,1,1.000000,1,0,50309007,50309007,contiguous,official_completed_subset
2003|joint_fund|E09|50339|3,2003,joint_fund,E09,numeric8,50339,3,^50339\d{3}$,2,20,50,31,0.064516,2,29,50339020,50339050,sparse,official_completed_subset
2003|joint_fund|E09|50379|3,2003,joint_fund,E09,numeric8,50379,3,^50379\d{3}$,6,16,48,33,0.181818,5,27,50379016,50379048,sparse,official_completed_subset
2003|key|E01|50331|3,2003,key,E01,numeric8,50331,3,^50331\d{3}$,4,10,40,31,0.129032,4,27,50331010,50331040,sparse,official_completed_subset
2003|key|E02|50332|3,2003,key,E02,numeric8,50332,3,^50332\d{3}$,5,10,50,41,0.121951,5,36,50332010,50332050,sparse,official_completed_subset
2003|key|E02|50333|3,2003,key,E02,numeric8,50333,3,^50333\d{3}$,1,70,70,1,1.000000,1,0,50333070,50333070,contiguous,official_completed_subset
2003|key|E03|50333|3,2003,key,E03,numeric8,50333,3,^50333\d{3}$,5,10,60,51,0.098039,5,46,50333010,50333060,sparse,official_completed_subset
2003|key|E04|50334|3,2003,key,E04,numeric8,50334,3,^50334\d{3}$,5,10,60,51,0.098039,5,46,50334010,50334060,sparse,official_completed_subset
2003|key|E05|50335|3,2003,key,E05,numeric8,50335,3,^50335\d{3}$,5,10,50,41,0.121951,5,36,50335010,50335050,sparse,official_completed_subset
2003|key|E06|50336|3,2003,key,E06,numeric8,50336,3,^50336\d{3}$,5,10,50,41,0.121951,5,36,50336010,50336050,sparse,official_completed_subset
2003|key|E07|50337|3,2003,key,E07,numeric8,50337,3,^50337\d{3}$,2,10,20,11,0.181818,2,9,50337010,50337020,sparse,official_completed_subset
2003|key|E08|50338|3,2003,key,E08,numeric8,50338,3,^50338\d{3}$,4,10,40,31,0.129032,4,27,50338010,50338040,sparse,official_completed_subset
2003|key|E09|50339|3,2003,key,E09,numeric8,50339,3,^50339\d{3}$,2,10,30,21,0.095238,2,19,50339010,50339030,sparse,official_completed_subset
2003|key|E10|50339|3,2003,key,E10,numeric8,50339,3,^50339\d{3}$,1,40,40,1,1.000000,1,0,50339040,50339040,contiguous,official_completed_subset
2003|major_research_plan|E01|90306|3,2003,major_research_plan,E01,numeric8,90306,3,^90306\d{3}$,1,6,6,1,1.000000,1,0,90306006,90306006,contiguous,official_completed_subset
2003|major_research_plan|E02|90301|3,2003,major_research_plan,E02,numeric8,90301,3,^90301\d{3}$,3,2,7,6,0.500000,2,3,90301002,90301007,moderate,official_completed_subset
2003|major_research_plan|E02|90305|3,2003,major_research_plan,E02,numeric8,90305,3,^90305\d{3}$,3,1,16,16,0.187500,3,13,90305001,90305016,sparse,official_completed_subset
2003|major_research_plan|E02|90306|3,2003,major_research_plan,E02,numeric8,90306,3,^90306\d{3}$,2,14,16,3,0.666667,2,1,90306014,90306016,moderate,official_completed_subset
2003|major_research_plan|E03|90301|3,2003,major_research_plan,E03,numeric8,90301,3,^90301\d{3}$,2,3,8,6,0.333333,2,4,90301003,90301008,sparse,official_completed_subset
2003|major_research_plan|E03|90306|3,2003,major_research_plan,E03,numeric8,90306,3,^90306\d{3}$,1,7,7,1,1.000000,1,0,90306007,90306007,contiguous,official_completed_subset
2003|major_research_plan|E05|90305|3,2003,major_research_plan,E05,numeric8,90305,3,^90305\d{3}$,1,17,17,1,1.000000,1,0,90305017,90305017,contiguous,official_completed_subset
2003|major_research_plan|E06|90305|3,2003,major_research_plan,E06,numeric8,90305,3,^90305\d{3}$,3,6,10,5,0.600000,3,2,90305006,90305010,moderate,official_completed_subset
2003|major_research_plan|E07|90305|3,2003,major_research_plan,E07,numeric8,90305,3,^90305\d{3}$,1,2,2,1,1.000000,1,0,90305002,90305002,contiguous,official_completed_subset
2003|major_research_plan|E09|90302|3,2003,major_research_plan,E09,numeric8,90302,3,^90302\d{3}$,1,7,7,1,1.000000,1,0,90302007,90302007,contiguous,official_completed_subset
2003|regional|E01|50361|3,2003,regional,E01,numeric8,50361,3,^50361\d{3}$,4,1,4,4,1.000000,1,0,50361001,50361004,contiguous,official_completed_subset
2003|regional|E02|50362|3,2003,regional,E02,numeric8,50362,3,^50362\d{3}$,3,1,3,3,1.000000,1,0,50362001,50362003,contiguous,official_completed_subset
2003|regional|E03|50363|3,2003,regional,E03,numeric8,50363,3,^50363\d{3}$,1,1,1,1,1.000000,1,0,50363001,50363001,contiguous,official_completed_subset
2003|regional|E04|50364|3,2003,regional,E04,numeric8,50364,3,^50364\d{3}$,4,1,4,4,1.000000,1,0,50364001,50364004,contiguous,official_completed_subset
2003|regional|E05|50365|3,2003,regional,E05,numeric8,50365,3,^50365\d{3}$,3,1,3,3,1.000000,1,0,50365001,50365003,contiguous,official_completed_subset
2003|regional|E06|50366|3,2003,regional,E06,numeric8,50366,3,^50366\d{3}$,2,1,2,2,1.000000,1,0,50366001,50366002,contiguous,official_completed_subset
2003|regional|E07|50367|3,2003,regional,E07,numeric8,50367,3,^50367\d{3}$,1,1,1,1,1.000000,1,0,50367001,50367001,contiguous,official_completed_subset
2003|regional|E08|50368|3,2003,regional,E08,numeric8,50368,3,^50368\d{3}$,1,1,1,1,1.000000,1,0,50368001,50368001,contiguous,official_completed_subset
2003|regional|E09|50369|3,2003,regional,E09,numeric8,50369,3,^50369\d{3}$,2,2,3,2,1.000000,1,0,50369002,50369003,contiguous,official_completed_subset
2003|regional|E10|50368|3,2003,regional,E10,numeric8,50368,3,^50368\d{3}$,1,2,2,1,1.000000,1,0,50368002,50368002,contiguous,official_completed_subset
2003|regional|E11|50369|3,2003,regional,E11,numeric8,50369,3,^50369\d{3}$,1,1,1,1,1.000000,1,0,50369001,50369001,contiguous,official_completed_subset
2003|special|E01|50323|3,2003,special,E01,numeric8,50323,3,^50323\d{3}$,1,9,9,1,1.000000,1,0,50323009,50323009,contiguous,official_completed_subset
2003|special|E01|50341|3,2003,special,E01,numeric8,50341,3,^50341\d{3}$,1,32,32,1,1.000000,1,0,50341032,50341032,contiguous,official_completed_subset
2003|special|E02|50323|3,2003,special,E02,numeric8,50323,3,^50323\d{3}$,1,6,6,1,1.000000,1,0,50323006,50323006,contiguous,official_completed_subset
2003|special|E02|50342|3,2003,special,E02,numeric8,50342,3,^50342\d{3}$,6,1,33,33,0.181818,4,27,50342001,50342033,sparse,official_completed_subset
2003|special|E03|50343|3,2003,special,E03,numeric8,50343,3,^50343\d{3}$,6,3,34,32,0.187500,3,26,50343003,50343034,sparse,official_completed_subset
2003|special|E04|50323|3,2003,special,E04,numeric8,50323,3,^50323\d{3}$,1,8,8,1,1.000000,1,0,50323008,50323008,contiguous,official_completed_subset
2003|special|E04|50344|3,2003,special,E04,numeric8,50344,3,^50344\d{3}$,6,5,37,33,0.181818,3,27,50344005,50344037,sparse,official_completed_subset
2003|special|E05|50323|3,2003,special,E05,numeric8,50323,3,^50323\d{3}$,2,3,7,5,0.400000,2,3,50323003,50323007,moderate,official_completed_subset
2003|special|E05|50327|3,2003,special,E05,numeric8,50327,3,^50327\d{3}$,1,501,501,1,1.000000,1,0,50327501,50327501,contiguous,official_completed_subset
2003|special|E05|50345|3,2003,special,E05,numeric8,50345,3,^50345\d{3}$,2,21,22,2,1.000000,1,0,50345021,50345022,contiguous,official_completed_subset
2003|special|E06|50323|3,2003,special,E06,numeric8,50323,3,^50323\d{3}$,2,1,5,5,0.400000,2,3,50323001,50323005,moderate,official_completed_subset
2003|special|E06|50346|3,2003,special,E06,numeric8,50346,3,^50346\d{3}$,5,6,39,34,0.147059,2,29,50346006,50346039,sparse,official_completed_subset
2003|special|E07|50323|3,2003,special,E07,numeric8,50323,3,^50323\d{3}$,1,2,2,1,1.000000,1,0,50323002,50323002,contiguous,official_completed_subset
2003|special|E07|50347|3,2003,special,E07,numeric8,50347,3,^50347\d{3}$,6,9,26,18,0.333333,2,12,50347009,50347026,sparse,official_completed_subset
2003|special|E08|50320|3,2003,special,E08,numeric8,50320,3,^50320\d{3}$,1,1,1,1,1.000000,1,0,50320001,50320001,contiguous,official_completed_subset
2003|special|E08|50342|3,2003,special,E08,numeric8,50342,3,^50342\d{3}$,1,15,15,1,1.000000,1,0,50342015,50342015,contiguous,official_completed_subset
2003|special|E08|50348|3,2003,special,E08,numeric8,50348,3,^50348\d{3}$,4,13,29,17,0.235294,2,13,50348013,50348029,sparse,official_completed_subset
2003|special|E09|50323|3,2003,special,E09,numeric8,50323,3,^50323\d{3}$,1,4,4,1,1.000000,1,0,50323004,50323004,contiguous,official_completed_subset
2003|special|E10|50327|3,2003,special,E10,numeric8,50327,3,^50327\d{3}$,1,802,802,1,1.000000,1,0,50327802,50327802,contiguous,official_completed_subset
2003|special|E10|50348|3,2003,special,E10,numeric8,50348,3,^50348\d{3}$,1,11,11,1,1.000000,1,0,50348011,50348011,contiguous,official_completed_subset
2003|special|E10|50349|3,2003,special,E10,numeric8,50349,3,^50349\d{3}$,1,12,12,1,1.000000,1,0,50349012,50349012,contiguous,official_completed_subset
2003|youth_c|E01|50301|3,2003,youth_c,E01,numeric8,50301,3,^50301\d{3}$,18,1,18,18,1.000000,1,0,50301001,50301018,contiguous,official_completed_subset
2003|youth_c|E02|50302|3,2003,youth_c,E02,numeric8,50302,3,^50302\d{3}$,16,1,16,16,1.000000,1,0,50302001,50302016,contiguous,official_completed_subset
2003|youth_c|E03|50303|3,2003,youth_c,E03,numeric8,50303,3,^50303\d{3}$,20,1,20,20,1.000000,1,0,50303001,50303020,contiguous,official_completed_subset
2003|youth_c|E04|50304|3,2003,youth_c,E04,numeric8,50304,3,^50304\d{3}$,14,1,14,14,1.000000,1,0,50304001,50304014,contiguous,official_completed_subset
2003|youth_c|E05|50305|3,2003,youth_c,E05,numeric8,50305,3,^50305\d{3}$,37,1,37,37,1.000000,1,0,50305001,50305037,contiguous,official_completed_subset
2003|youth_c|E06|50306|3,2003,youth_c,E06,numeric8,50306,3,^50306\d{3}$,26,1,27,27,0.962963,2,1,50306001,50306027,dense,official_completed_subset
2003|youth_c|E07|50307|3,2003,youth_c,E07,numeric8,50307,3,^50307\d{3}$,15,1,15,15,1.000000,1,0,50307001,50307015,contiguous,official_completed_subset
2003|youth_c|E08|50308|3,2003,youth_c,E08,numeric8,50308,3,^50308\d{3}$,22,1,30,30,0.733333,6,8,50308001,50308030,moderate,official_completed_subset
2003|youth_c|E09|50309|3,2003,youth_c,E09,numeric8,50309,3,^50309\d{3}$,15,1,19,19,0.789474,5,4,50309001,50309019,moderate,official_completed_subset
2003|youth_c|E10|50308|3,2003,youth_c,E10,numeric8,50308,3,^50308\d{3}$,8,3,28,26,0.307692,5,18,50308003,50308028,sparse,official_completed_subset
2003|youth_c|E10|50309|3,2003,youth_c,E10,numeric8,50309,3,^50309\d{3}$,2,11,15,5,0.400000,2,3,50309011,50309015,moderate,official_completed_subset
2003|youth_c|E11|50309|3,2003,youth_c,E11,numeric8,50309,3,^50309\d{3}$,1,18,18,1,1.000000,1,0,50309018,50309018,contiguous,official_completed_subset
2004|general|E01|50471|3,2004,general,E01,numeric8,50471,3,^50471\d{3}$,104,1,110,110,0.945455,2,6,50471001,50471110,dense,official_completed_subset
2004|general|E02|50472|3,2004,general,E02,numeric8,50472,3,^50472\d{3}$,104,1,104,104,1.000000,1,0,50472001,50472104,contiguous,official_completed_subset
2004|general|E03|50473|3,2004,general,E03,numeric8,50473,3,^50473\d{3}$,64,1,64,64,1.000000,1,0,50473001,50473064,contiguous,official_completed_subset
2004|general|E04|50474|3,2004,general,E04,numeric8,50474,3,^50474\d{3}$,78,1,94,94,0.829787,8,16,50474001,50474094,dense,official_completed_subset
2004|general|E05|50475|3,2004,general,E05,numeric8,50475,3,^50475\d{3}$,185,1,185,185,1.000000,1,0,50475001,50475185,contiguous,official_completed_subset
2004|general|E06|50476|3,2004,general,E06,numeric8,50476,3,^50476\d{3}$,91,1,91,91,1.000000,1,0,50476001,50476091,contiguous,official_completed_subset
2004|general|E07|50477|3,2004,general,E07,numeric8,50477,3,^50477\d{3}$,56,1,56,56,1.000000,1,0,50477001,50477056,contiguous,official_completed_subset
2004|general|E08|50478|3,2004,general,E08,numeric8,50478,3,^50478\d{3}$,95,2,123,122,0.778689,18,27,50478002,50478123,moderate,official_completed_subset
2004|general|E09|50479|3,2004,general,E09,numeric8,50479,3,^50479\d{3}$,52,1,72,72,0.722222,13,20,50479001,50479072,moderate,official_completed_subset
2004|general|E10|50478|3,2004,general,E10,numeric8,50478,3,^50478\d{3}$,28,1,117,117,0.239316,18,89,50478001,50478117,sparse,official_completed_subset
2004|general|E10|50479|3,2004,general,E10,numeric8,50479,3,^50479\d{3}$,6,9,65,57,0.105263,5,51,50479009,50479065,sparse,official_completed_subset
2004|general|E11|50479|3,2004,general,E11,numeric8,50479,3,^50479\d{3}$,7,14,60,47,0.148936,6,40,50479014,50479060,sparse,official_completed_subset
2004|joint_fund|E01|50471|3,2004,joint_fund,E01,numeric8,50471,3,^50471\d{3}$,6,102,107,6,1.000000,1,0,50471102,50471107,contiguous,official_completed_subset
2004|joint_fund|E04|50434|3,2004,joint_fund,E04,numeric8,50434,3,^50434\d{3}$,1,40,40,1,1.000000,1,0,50434040,50434040,contiguous,official_completed_subset
2004|joint_fund|E04|50474|3,2004,joint_fund,E04,numeric8,50474,3,^50474\d{3}$,16,13,90,78,0.205128,7,62,50474013,50474090,sparse,official_completed_subset
2004|joint_fund|E05|50422|3,2004,joint_fund,E05,numeric8,50422,3,^50422\d{3}$,1,284,284,1,1.000000,1,0,50422284,50422284,contiguous,official_completed_subset
2004|joint_fund|E06|50422|3,2004,joint_fund,E06,numeric8,50422,3,^50422\d{3}$,1,261,261,1,1.000000,1,0,50422261,50422261,contiguous,official_completed_subset
2004|joint_fund|E08|50422|3,2004,joint_fund,E08,numeric8,50422,3,^50422\d{3}$,4,282,286,5,0.800000,2,1,50422282,50422286,dense,official_completed_subset
2004|joint_fund|E09|50409|3,2004,joint_fund,E09,numeric8,50409,3,^50409\d{3}$,2,1,2,2,1.000000,1,0,50409001,50409002,contiguous,official_completed_subset
2004|joint_fund|E09|50439|3,2004,joint_fund,E09,numeric8,50439,3,^50439\d{3}$,2,20,30,11,0.181818,2,9,50439020,50439030,sparse,official_completed_subset
2004|joint_fund|E09|50479|3,2004,joint_fund,E09,numeric8,50479,3,^50479\d{3}$,4,66,70,5,0.800000,2,1,50479066,50479070,dense,official_completed_subset
2004|joint_fund|E10|50479|3,2004,joint_fund,E10,numeric8,50479,3,^50479\d{3}$,2,34,67,34,0.058824,2,32,50479034,50479067,sparse,official_completed_subset
2004|key|E01|50431|3,2004,key,E01,numeric8,50431,3,^50431\d{3}$,3,10,30,21,0.142857,3,18,50431010,50431030,sparse,official_completed_subset
2004|key|E02|50432|3,2004,key,E02,numeric8,50432,3,^50432\d{3}$,5,10,50,41,0.121951,5,36,50432010,50432050,sparse,official_completed_subset
2004|key|E03|50433|3,2004,key,E03,numeric8,50433,3,^50433\d{3}$,4,10,40,31,0.129032,4,27,50433010,50433040,sparse,official_completed_subset
2004|key|E04|50434|3,2004,key,E04,numeric8,50434,3,^50434\d{3}$,4,10,50,41,0.097561,4,37,50434010,50434050,sparse,official_completed_subset
2004|key|E05|50435|3,2004,key,E05,numeric8,50435,3,^50435\d{3}$,3,10,40,31,0.096774,3,28,50435010,50435040,sparse,official_completed_subset
2004|key|E06|50436|3,2004,key,E06,numeric8,50436,3,^50436\d{3}$,4,10,40,31,0.129032,4,27,50436010,50436040,sparse,official_completed_subset
2004|key|E07|50437|3,2004,key,E07,numeric8,50437,3,^50437\d{3}$,3,10,30,21,0.142857,3,18,50437010,50437030,sparse,official_completed_subset
2004|key|E08|50438|3,2004,key,E08,numeric8,50438,3,^50438\d{3}$,2,10,20,11,0.181818,2,9,50438010,50438020,sparse,official_completed_subset
2004|key|E11|50439|3,2004,key,E11,numeric8,50439,3,^50439\d{3}$,1,10,10,1,1.000000,1,0,50439010,50439010,contiguous,official_completed_subset
2004|major_research_plan|E01|90406|3,2004,major_research_plan,E01,numeric8,90406,3,^90406\d{3}$,1,13,13,1,1.000000,1,0,90406013,90406013,contiguous,official_completed_subset
2004|major_research_plan|E02|90401|3,2004,major_research_plan,E02,numeric8,90401,3,^90401\d{3}$,8,4,23,20,0.400000,6,12,90401004,90401023,moderate,official_completed_subset
2004|major_research_plan|E02|90403|3,2004,major_research_plan,E02,numeric8,90403,3,^90403\d{3}$,1,27,27,1,1.000000,1,0,90403027,90403027,contiguous,official_completed_subset
2004|major_research_plan|E02|90405|3,2004,major_research_plan,E02,numeric8,90405,3,^90405\d{3}$,2,6,15,10,0.200000,2,8,90405006,90405015,sparse,official_completed_subset
2004|major_research_plan|E02|90406|3,2004,major_research_plan,E02,numeric8,90406,3,^90406\d{3}$,1,12,12,1,1.000000,1,0,90406012,90406012,contiguous,official_completed_subset
2004|major_research_plan|E03|90401|3,2004,major_research_plan,E03,numeric8,90401,3,^90401\d{3}$,5,11,28,18,0.277778,4,13,90401011,90401028,sparse,official_completed_subset
2004|major_research_plan|E03|90405|3,2004,major_research_plan,E03,numeric8,90405,3,^90405\d{3}$,1,1,1,1,1.000000,1,0,90405001,90405001,contiguous,official_completed_subset
2004|major_research_plan|E04|90410|3,2004,major_research_plan,E04,numeric8,90410,3,^90410\d{3}$,5,2,8,7,0.714286,3,2,90410002,90410008,moderate,official_completed_subset
2004|major_research_plan|E05|90407|3,2004,major_research_plan,E05,numeric8,90407,3,^90407\d{3}$,1,20,20,1,1.000000,1,0,90407020,90407020,contiguous,official_completed_subset
2004|major_research_plan|E06|90410|3,2004,major_research_plan,E06,numeric8,90410,3,^90410\d{3}$,5,0,17,18,0.277778,4,13,90410000,90410017,sparse,official_completed_subset
2004|major_research_plan|E07|90405|3,2004,major_research_plan,E07,numeric8,90405,3,^90405\d{3}$,1,4,4,1,1.000000,1,0,90405004,90405004,contiguous,official_completed_subset
2004|major_research_plan|E09|90410|3,2004,major_research_plan,E09,numeric8,90410,3,^90410\d{3}$,4,11,19,9,0.444444,2,5,90410011,90410019,moderate,official_completed_subset
2004|regional|E01|50461|3,2004,regional,E01,numeric8,50461,3,^50461\d{3}$,4,1,4,4,1.000000,1,0,50461001,50461004,contiguous,official_completed_subset
2004|regional|E03|50463|3,2004,regional,E03,numeric8,50463,3,^50463\d{3}$,2,1,2,2,1.000000,1,0,50463001,50463002,contiguous,official_completed_subset
2004|regional|E04|50464|3,2004,regional,E04,numeric8,50464,3,^50464\d{3}$,5,1,5,5,1.000000,1,0,50464001,50464005,contiguous,official_completed_subset
2004|regional|E05|50465|3,2004,regional,E05,numeric8,50465,3,^50465\d{3}$,3,1,3,3,1.000000,1,0,50465001,50465003,contiguous,official_completed_subset
2004|regional|E06|50466|3,2004,regional,E06,numeric8,50466,3,^50466\d{3}$,1,1,1,1,1.000000,1,0,50466001,50466001,contiguous,official_completed_subset
2004|regional|E07|50467|3,2004,regional,E07,numeric8,50467,3,^50467\d{3}$,3,1,3,3,1.000000,1,0,50467001,50467003,contiguous,official_completed_subset
2004|regional|E08|50468|3,2004,regional,E08,numeric8,50468,3,^50468\d{3}$,5,1,5,5,1.000000,1,0,50468001,50468005,contiguous,official_completed_subset
2004|regional|E09|50469|3,2004,regional,E09,numeric8,50469,3,^50469\d{3}$,3,1,3,3,1.000000,1,0,50469001,50469003,contiguous,official_completed_subset
2004|special|E01|50424|3,2004,special,E01,numeric8,50424,3,^50424\d{3}$,1,101,101,1,1.000000,1,0,50424101,50424101,contiguous,official_completed_subset
2004|special|E01|50441|3,2004,special,E01,numeric8,50441,3,^50441\d{3}$,3,13,32,20,0.150000,2,17,50441013,50441032,sparse,official_completed_subset
2004|special|E01|50451|3,2004,special,E01,numeric8,50451,3,^50451\d{3}$,1,4,4,1,1.000000,1,0,50451004,50451004,contiguous,official_completed_subset
2004|special|E02|50424|3,2004,special,E02,numeric8,50424,3,^50424\d{3}$,1,218,218,1,1.000000,1,0,50424218,50424218,contiguous,official_completed_subset
2004|special|E02|50442|3,2004,special,E02,numeric8,50442,3,^50442\d{3}$,5,23,29,7,0.714286,3,2,50442023,50442029,moderate,official_completed_subset
2004|special|E02|50452|3,2004,special,E02,numeric8,50452,3,^50452\d{3}$,2,2,3,2,1.000000,1,0,50452002,50452003,contiguous,official_completed_subset
2004|special|E03|50424|3,2004,special,E03,numeric8,50424,3,^50424\d{3}$,1,302,302,1,1.000000,1,0,50424302,50424302,contiguous,official_completed_subset
2004|special|E03|50443|3,2004,special,E03,numeric8,50443,3,^50443\d{3}$,3,1,12,12,0.250000,2,9,50443001,50443012,sparse,official_completed_subset
2004|special|E04|50424|3,2004,special,E04,numeric8,50424,3,^50424\d{3}$,2,403,420,18,0.111111,2,16,50424403,50424420,sparse,official_completed_subset
2004|special|E04|50427|3,2004,special,E04,numeric8,50427,3,^50427\d{3}$,1,401,401,1,1.000000,1,0,50427401,50427401,contiguous,official_completed_subset
2004|special|E04|50444|3,2004,special,E04,numeric8,50444,3,^50444\d{3}$,3,19,28,10,0.300000,2,7,50444019,50444028,sparse,official_completed_subset
2004|special|E05|50420|3,2004,special,E05,numeric8,50420,3,^50420\d{3}$,1,501,501,1,1.000000,1,0,50420501,50420501,contiguous,official_completed_subset
2004|special|E05|50424|3,2004,special,E05,numeric8,50424,3,^50424\d{3}$,6,504,519,16,0.375000,3,10,50424504,50424519,sparse,official_completed_subset
2004|special|E05|50445|3,2004,special,E05,numeric8,50445,3,^50445\d{3}$,3,3,5,3,1.000000,1,0,50445003,50445005,contiguous,official_completed_subset
2004|special|E06|50420|3,2004,special,E06,numeric8,50420,3,^50420\d{3}$,1,602,602,1,1.000000,1,0,50420602,50420602,contiguous,official_completed_subset
2004|special|E06|50424|3,2004,special,E06,numeric8,50424,3,^50424\d{3}$,4,612,621,10,0.400000,4,6,50424612,50424621,moderate,official_completed_subset
2004|special|E06|50446|3,2004,special,E06,numeric8,50446,3,^50446\d{3}$,2,21,22,2,1.000000,1,0,50446021,50446022,contiguous,official_completed_subset
2004|special|E07|50424|3,2004,special,E07,numeric8,50424,3,^50424\d{3}$,1,716,716,1,1.000000,1,0,50424716,50424716,contiguous,official_completed_subset
2004|special|E07|50447|3,2004,special,E07,numeric8,50447,3,^50447\d{3}$,3,6,8,3,1.000000,1,0,50447006,50447008,contiguous,official_completed_subset
2004|special|E08|50424|3,2004,special,E08,numeric8,50424,3,^50424\d{3}$,2,8,9,2,1.000000,1,0,50424008,50424009,contiguous,official_completed_subset
2004|special|E08|50448|3,2004,special,E08,numeric8,50448,3,^50448\d{3}$,2,15,16,2,1.000000,1,0,50448015,50448016,contiguous,official_completed_subset
2004|special|E09|50424|3,2004,special,E09,numeric8,50424,3,^50424\d{3}$,1,911,911,1,1.000000,1,0,50424911,50424911,contiguous,official_completed_subset
2004|special|E09|50449|3,2004,special,E09,numeric8,50449,3,^50449\d{3}$,2,9,10,2,1.000000,1,0,50449009,50449010,contiguous,official_completed_subset
2004|special|E09|50459|3,2004,special,E09,numeric8,50459,3,^50459\d{3}$,1,1,1,1,1.000000,1,0,50459001,50459001,contiguous,official_completed_subset
2004|special|E10|50424|3,2004,special,E10,numeric8,50424,3,^50424\d{3}$,1,10,10,1,1.000000,1,0,50424010,50424010,contiguous,official_completed_subset
2004|special|E10|50448|3,2004,special,E10,numeric8,50448,3,^50448\d{3}$,1,17,17,1,1.000000,1,0,50448017,50448017,contiguous,official_completed_subset
2004|special|E11|50424|3,2004,special,E11,numeric8,50424,3,^50424\d{3}$,1,913,913,1,1.000000,1,0,50424913,50424913,contiguous,official_completed_subset
2004|youth_c|E01|50401|3,2004,youth_c,E01,numeric8,50401,3,^50401\d{3}$,23,1,23,23,1.000000,1,0,50401001,50401023,contiguous,official_completed_subset
2004|youth_c|E02|50402|3,2004,youth_c,E02,numeric8,50402,3,^50402\d{3}$,26,1,26,26,1.000000,1,0,50402001,50402026,contiguous,official_completed_subset
2004|youth_c|E03|50403|3,2004,youth_c,E03,numeric8,50403,3,^50403\d{3}$,29,1,30,30,0.966667,2,1,50403001,50403030,dense,official_completed_subset
2004|youth_c|E04|50404|3,2004,youth_c,E04,numeric8,50404,3,^50404\d{3}$,18,1,18,18,1.000000,1,0,50404001,50404018,contiguous,official_completed_subset
2004|youth_c|E05|50405|3,2004,youth_c,E05,numeric8,50405,3,^50405\d{3}$,47,1,47,47,1.000000,1,0,50405001,50405047,contiguous,official_completed_subset
2004|youth_c|E06|50406|3,2004,youth_c,E06,numeric8,50406,3,^50406\d{3}$,28,1,28,28,1.000000,1,0,50406001,50406028,contiguous,official_completed_subset
2004|youth_c|E07|50407|3,2004,youth_c,E07,numeric8,50407,3,^50407\d{3}$,17,1,17,17,1.000000,1,0,50407001,50407017,contiguous,official_completed_subset
2004|youth_c|E08|50408|3,2004,youth_c,E08,numeric8,50408,3,^50408\d{3}$,31,1,38,38,0.815789,5,7,50408001,50408038,dense,official_completed_subset
2004|youth_c|E09|50409|3,2004,youth_c,E09,numeric8,50409,3,^50409\d{3}$,13,3,17,15,0.866667,3,2,50409003,50409017,dense,official_completed_subset
2004|youth_c|E10|50408|3,2004,youth_c,E10,numeric8,50408,3,^50408\d{3}$,8,6,39,34,0.235294,5,26,50408006,50408039,sparse,official_completed_subset
2004|youth_c|E11|50409|3,2004,youth_c,E11,numeric8,50409,3,^50409\d{3}$,2,7,14,8,0.250000,2,6,50409007,50409014,sparse,official_completed_subset
2005|general|E01|50571|3,2005,general,E01,numeric8,50571,3,^50571\d{3}$,110,1,114,114,0.964912,4,4,50571001,50571114,dense,official_completed_subset
2005|general|E02|50572|3,2005,general,E02,numeric8,50572,3,^50572\d{3}$,127,1,127,127,1.000000,1,0,50572001,50572127,contiguous,official_completed_subset
2005|general|E03|50573|3,2005,general,E03,numeric8,50573,3,^50573\d{3}$,94,1,95,95,0.989474,2,1,50573001,50573095,dense,official_completed_subset
2005|general|E04|50574|3,2005,general,E04,numeric8,50574,3,^50574\d{3}$,98,1,111,111,0.882883,9,13,50574001,50574111,dense,official_completed_subset
2005|general|E05|50575|3,2005,general,E05,numeric8,50575,3,^50575\d{3}$,233,1,235,235,0.991489,3,2,50575001,50575235,dense,official_completed_subset
2005|general|E06|50576|3,2005,general,E06,numeric8,50576,3,^50576\d{3}$,107,1,107,107,1.000000,1,0,50576001,50576107,contiguous,official_completed_subset
2005|general|E07|50577|3,2005,general,E07,numeric8,50577,3,^50577\d{3}$,75,1,75,75,1.000000,1,0,50577001,50577075,contiguous,official_completed_subset
2005|general|E08|50578|3,2005,general,E08,numeric8,50578,3,^50578\d{3}$,131,3,171,169,0.775148,24,38,50578003,50578171,moderate,official_completed_subset
2005|general|E09|50579|3,2005,general,E09,numeric8,50579,3,^50579\d{3}$,67,1,79,79,0.848101,10,12,50579001,50579079,dense,official_completed_subset
2005|general|E10|50578|3,2005,general,E10,numeric8,50578,3,^50578\d{3}$,40,1,170,170,0.235294,24,130,50578001,50578170,sparse,official_completed_subset
2005|general|E10|50579|3,2005,general,E10,numeric8,50579,3,^50579\d{3}$,5,15,76,62,0.080645,4,57,50579015,50579076,sparse,official_completed_subset
2005|general|E11|50579|3,2005,general,E11,numeric8,50579,3,^50579\d{3}$,7,7,69,63,0.111111,5,56,50579007,50579069,sparse,official_completed_subset
2005|joint_fund|E01|50522|3,2005,joint_fund,E01,numeric8,50522,3,^50522\d{3}$,1,203,203,1,1.000000,1,0,50522203,50522203,contiguous,official_completed_subset
2005|joint_fund|E01|50571|3,2005,joint_fund,E01,numeric8,50571,3,^50571\d{3}$,4,22,61,40,0.100000,3,36,50571022,50571061,sparse,official_completed_subset
2005|joint_fund|E04|50534|3,2005,joint_fund,E04,numeric8,50534,3,^50534\d{3}$,2,10,20,11,0.181818,2,9,50534010,50534020,sparse,official_completed_subset
2005|joint_fund|E04|50574|3,2005,joint_fund,E04,numeric8,50574,3,^50574\d{3}$,10,14,110,97,0.103093,6,87,50574014,50574110,sparse,official_completed_subset
2005|joint_fund|E06|50522|3,2005,joint_fund,E06,numeric8,50522,3,^50522\d{3}$,1,202,202,1,1.000000,1,0,50522202,50522202,contiguous,official_completed_subset
2005|joint_fund|E08|50522|3,2005,joint_fund,E08,numeric8,50522,3,^50522\d{3}$,5,201,207,7,0.714286,2,2,50522201,50522207,moderate,official_completed_subset
2005|joint_fund|E09|50539|3,2005,joint_fund,E09,numeric8,50539,3,^50539\d{3}$,13,20,140,121,0.107438,13,108,50539020,50539140,sparse,official_completed_subset
2005|joint_fund|E09|50579|3,2005,joint_fund,E09,numeric8,50579,3,^50579\d{3}$,22,80,101,22,1.000000,1,0,50579080,50579101,contiguous,official_completed_subset
2005|key|E01|50531|3,2005,key,E01,numeric8,50531,3,^50531\d{3}$,6,10,60,51,0.117647,6,45,50531010,50531060,sparse,official_completed_subset
2005|key|E02|50532|3,2005,key,E02,numeric8,50532,3,^50532\d{3}$,10,10,100,91,0.109890,10,81,50532010,50532100,sparse,official_completed_subset
2005|key|E03|50533|3,2005,key,E03,numeric8,50533,3,^50533\d{3}$,8,10,80,71,0.112676,8,63,50533010,50533080,sparse,official_completed_subset
2005|key|E04|50534|3,2005,key,E04,numeric8,50534,3,^50534\d{3}$,8,30,100,71,0.112676,8,63,50534030,50534100,sparse,official_completed_subset
2005|key|E05|50535|3,2005,key,E05,numeric8,50535,3,^50535\d{3}$,5,10,50,41,0.121951,5,36,50535010,50535050,sparse,official_completed_subset
2005|key|E06|50536|3,2005,key,E06,numeric8,50536,3,^50536\d{3}$,4,10,40,31,0.129032,4,27,50536010,50536040,sparse,official_completed_subset
2005|key|E07|50537|3,2005,key,E07,numeric8,50537,3,^50537\d{3}$,5,10,50,41,0.121951,5,36,50537010,50537050,sparse,official_completed_subset
2005|key|E08|50538|3,2005,key,E08,numeric8,50538,3,^50538\d{3}$,8,10,80,71,0.112676,8,63,50538010,50538080,sparse,official_completed_subset
2005|key|E09|50539|3,2005,key,E09,numeric8,50539,3,^50539\d{3}$,1,10,10,1,1.000000,1,0,50539010,50539010,contiguous,official_completed_subset
2005|key|E10|50538|3,2005,key,E10,numeric8,50538,3,^50538\d{3}$,1,90,90,1,1.000000,1,0,50538090,50538090,contiguous,official_completed_subset
2005|major_research_plan|E02|90501|3,2005,major_research_plan,E02,numeric8,90501,3,^90501\d{3}$,1,4,4,1,1.000000,1,0,90501004,90501004,contiguous,official_completed_subset
2005|major_research_plan|E02|90505|3,2005,major_research_plan,E02,numeric8,90505,3,^90505\d{3}$,2,10,11,2,1.000000,1,0,90505010,90505011,contiguous,official_completed_subset
2005|major_research_plan|E02|90510|3,2005,major_research_plan,E02,numeric8,90510,3,^90510\d{3}$,1,6,6,1,1.000000,1,0,90510006,90510006,contiguous,official_completed_subset
2005|major_research_plan|E03|90501|3,2005,major_research_plan,E03,numeric8,90501,3,^90501\d{3}$,4,1,5,5,0.800000,2,1,90501001,90501005,dense,official_completed_subset
2005|major_research_plan|E03|90505|3,2005,major_research_plan,E03,numeric8,90505,3,^90505\d{3}$,1,8,8,1,1.000000,1,0,90505008,90505008,contiguous,official_completed_subset
2005|major_research_plan|E04|90510|3,2005,major_research_plan,E04,numeric8,90510,3,^90510\d{3}$,3,1,5,5,0.600000,2,2,90510001,90510005,moderate,official_completed_subset
2005|major_research_plan|E06|90505|3,2005,major_research_plan,E06,numeric8,90505,3,^90505\d{3}$,2,9,12,4,0.500000,2,2,90505009,90505012,moderate,official_completed_subset
2005|major_research_plan|E06|90510|3,2005,major_research_plan,E06,numeric8,90510,3,^90510\d{3}$,2,3,20,18,0.111111,2,16,90510003,90510020,sparse,official_completed_subset
2005|major_research_plan|E07|90510|3,2005,major_research_plan,E07,numeric8,90510,3,^90510\d{3}$,2,14,15,2,1.000000,1,0,90510014,90510015,contiguous,official_completed_subset
2005|major_research_plan|E09|90510|3,2005,major_research_plan,E09,numeric8,90510,3,^90510\d{3}$,4,7,18,12,0.333333,3,8,90510007,90510018,sparse,official_completed_subset
2005|major_research_plan|E10|90510|3,2005,major_research_plan,E10,numeric8,90510,3,^90510\d{3}$,1,9,9,1,1.000000,1,0,90510009,90510009,contiguous,official_completed_subset
2005|regional|E01|50561|3,2005,regional,E01,numeric8,50561,3,^50561\d{3}$,4,1,4,4,1.000000,1,0,50561001,50561004,contiguous,official_completed_subset
2005|regional|E02|50562|3,2005,regional,E02,numeric8,50562,3,^50562\d{3}$,3,1,3,3,1.000000,1,0,50562001,50562003,contiguous,official_completed_subset
2005|regional|E03|50563|3,2005,regional,E03,numeric8,50563,3,^50563\d{3}$,2,1,2,2,1.000000,1,0,50563001,50563002,contiguous,official_completed_subset
2005|regional|E04|50564|3,2005,regional,E04,numeric8,50564,3,^50564\d{3}$,6,1,6,6,1.000000,1,0,50564001,50564006,contiguous,official_completed_subset
2005|regional|E05|50565|3,2005,regional,E05,numeric8,50565,3,^50565\d{3}$,4,1,4,4,1.000000,1,0,50565001,50565004,contiguous,official_completed_subset
2005|regional|E06|50566|3,2005,regional,E06,numeric8,50566,3,^50566\d{3}$,1,1,1,1,1.000000,1,0,50566001,50566001,contiguous,official_completed_subset
2005|regional|E07|50567|3,2005,regional,E07,numeric8,50567,3,^50567\d{3}$,1,1,1,1,1.000000,1,0,50567001,50567001,contiguous,official_completed_subset
2005|regional|E08|50568|3,2005,regional,E08,numeric8,50568,3,^50568\d{3}$,3,2,4,3,1.000000,1,0,50568002,50568004,contiguous,official_completed_subset
2005|regional|E09|50569|3,2005,regional,E09,numeric8,50569,3,^50569\d{3}$,3,1,4,4,0.750000,2,1,50569001,50569004,moderate,official_completed_subset
2005|regional|E10|50568|3,2005,regional,E10,numeric8,50568,3,^50568\d{3}$,1,1,1,1,1.000000,1,0,50568001,50568001,contiguous,official_completed_subset
2005|regional|E10|50569|3,2005,regional,E10,numeric8,50569,3,^50569\d{3}$,1,2,2,1,1.000000,1,0,50569002,50569002,contiguous,official_completed_subset
2005|special|E01|E0524|3,2005,special,E01,alpha_numeric,E0524,3,^E0524\d{3}$,1,117,117,1,1.000000,1,0,E0524117,E0524117,contiguous,official_completed_subset
2005|special|E01|50541|3,2005,special,E01,numeric8,50541,3,^50541\d{3}$,4,1,36,36,0.111111,2,32,50541001,50541036,sparse,official_completed_subset
2005|special|E02|E0524|3,2005,special,E02,alpha_numeric,E0524,3,^E0524\d{3}$,4,207,221,15,0.266667,3,11,E0524207,E0524221,sparse,official_completed_subset
2005|special|E02|50542|3,2005,special,E02,numeric8,50542,3,^50542\d{3}$,5,4,32,29,0.172414,2,24,50542004,50542032,sparse,official_completed_subset
2005|special|E02|50552|3,2005,special,E02,numeric8,50552,3,^50552\d{3}$,1,1,1,1,1.000000,1,0,50552001,50552001,contiguous,official_completed_subset
2005|special|E03|E0524|3,2005,special,E03,alpha_numeric,E0524,3,^E0524\d{3}$,1,318,318,1,1.000000,1,0,E0524318,E0524318,contiguous,official_completed_subset
2005|special|E03|50527|3,2005,special,E03,numeric8,50527,3,^50527\d{3}$,1,301,301,1,1.000000,1,0,50527301,50527301,contiguous,official_completed_subset
2005|special|E03|50543|3,2005,special,E03,numeric8,50543,3,^50543\d{3}$,3,7,22,16,0.187500,2,13,50543007,50543022,sparse,official_completed_subset
2005|special|E04|E0524|3,2005,special,E04,alpha_numeric,E0524,3,^E0524\d{3}$,3,411,416,6,0.500000,2,3,E0524411,E0524416,moderate,official_completed_subset
2005|special|E04|50527|3,2005,special,E04,numeric8,50527,3,^50527\d{3}$,1,402,402,1,1.000000,1,0,50527402,50527402,contiguous,official_completed_subset
2005|special|E04|50544|3,2005,special,E04,numeric8,50544,3,^50544\d{3}$,5,9,25,17,0.294118,2,12,50544009,50544025,sparse,official_completed_subset
2005|special|E05|E0524|3,2005,special,E05,alpha_numeric,E0524,3,^E0524\d{3}$,3,503,508,6,0.500000,2,3,E0524503,E0524508,moderate,official_completed_subset
2005|special|E05|50545|3,2005,special,E05,numeric8,50545,3,^50545\d{3}$,6,11,35,25,0.240000,3,19,50545011,50545035,sparse,official_completed_subset
2005|special|E06|E0524|3,2005,special,E06,alpha_numeric,E0524,3,^E0524\d{3}$,2,605,619,15,0.133333,2,13,E0524605,E0524619,sparse,official_completed_subset
2005|special|E06|50546|3,2005,special,E06,numeric8,50546,3,^50546\d{3}$,5,13,30,18,0.277778,3,13,50546013,50546030,sparse,official_completed_subset
2005|special|E06|50556|3,2005,special,E06,numeric8,50556,3,^50556\d{3}$,1,2,2,1,1.000000,1,0,50556002,50556002,contiguous,official_completed_subset
2005|special|E07|E0524|3,2005,special,E07,alpha_numeric,E0524,3,^E0524\d{3}$,1,706,706,1,1.000000,1,0,E0524706,E0524706,contiguous,official_completed_subset
2005|special|E08|E0524|3,2005,special,E08,alpha_numeric,E0524,3,^E0524\d{3}$,3,812,814,3,1.000000,1,0,E0524812,E0524814,contiguous,official_completed_subset
2005|special|E08|50520|3,2005,special,E08,numeric8,50520,3,^50520\d{3}$,1,1,1,1,1.000000,1,0,50520001,50520001,contiguous,official_completed_subset
2005|special|E08|50527|3,2005,special,E08,numeric8,50527,3,^50527\d{3}$,1,803,803,1,1.000000,1,0,50527803,50527803,contiguous,official_completed_subset
2005|special|E08|50548|3,2005,special,E08,numeric8,50548,3,^50548\d{3}$,2,15,16,2,1.000000,1,0,50548015,50548016,contiguous,official_completed_subset
2005|special|E09|E0524|3,2005,special,E09,alpha_numeric,E0524,3,^E0524\d{3}$,1,909,909,1,1.000000,1,0,E0524909,E0524909,contiguous,official_completed_subset
2005|special|E09|50549|3,2005,special,E09,numeric8,50549,3,^50549\d{3}$,1,18,18,1,1.000000,1,0,50549018,50549018,contiguous,official_completed_subset
2005|special|E10|50549|3,2005,special,E10,numeric8,50549,3,^50549\d{3}$,1,17,17,1,1.000000,1,0,50549017,50549017,contiguous,official_completed_subset
2005|youth_c|E01|50501|3,2005,youth_c,E01,numeric8,50501,3,^50501\d{3}$,22,1,24,24,0.916667,3,2,50501001,50501024,dense,official_completed_subset
2005|youth_c|E02|50502|3,2005,youth_c,E02,numeric8,50502,3,^50502\d{3}$,39,1,39,39,1.000000,1,0,50502001,50502039,contiguous,official_completed_subset
2005|youth_c|E03|50503|3,2005,youth_c,E03,numeric8,50503,3,^50503\d{3}$,25,1,25,25,1.000000,1,0,50503001,50503025,contiguous,official_completed_subset
2005|youth_c|E04|50504|3,2005,youth_c,E04,numeric8,50504,3,^50504\d{3}$,21,1,21,21,1.000000,1,0,50504001,50504021,contiguous,official_completed_subset
2005|youth_c|E05|50505|3,2005,youth_c,E05,numeric8,50505,3,^50505\d{3}$,50,1,52,52,0.961538,3,2,50505001,50505052,dense,official_completed_subset
2005|youth_c|E06|50506|3,2005,youth_c,E06,numeric8,50506,3,^50506\d{3}$,32,1,32,32,1.000000,1,0,50506001,50506032,contiguous,official_completed_subset
2005|youth_c|E07|50507|3,2005,youth_c,E07,numeric8,50507,3,^50507\d{3}$,20,1,20,20,1.000000,1,0,50507001,50507020,contiguous,official_completed_subset
2005|youth_c|E08|50508|3,2005,youth_c,E08,numeric8,50508,3,^50508\d{3}$,35,2,43,42,0.833333,6,7,50508002,50508043,dense,official_completed_subset
2005|youth_c|E09|50509|3,2005,youth_c,E09,numeric8,50509,3,^50509\d{3}$,17,3,27,25,0.680000,5,8,50509003,50509027,moderate,official_completed_subset
2005|youth_c|E10|50508|3,2005,youth_c,E10,numeric8,50508,3,^50508\d{3}$,11,1,46,46,0.239130,7,35,50508001,50508046,sparse,official_completed_subset
2005|youth_c|E10|50509|3,2005,youth_c,E10,numeric8,50509,3,^50509\d{3}$,5,1,17,17,0.294118,4,12,50509001,50509017,sparse,official_completed_subset
2005|youth_c|E11|50509|3,2005,youth_c,E11,numeric8,50509,3,^50509\d{3}$,5,4,18,15,0.333333,4,10,50509004,50509018,sparse,official_completed_subset
2006|general|E01|50671|3,2006,general,E01,numeric8,50671,3,^50671\d{3}$,119,1,122,122,0.975410,4,3,50671001,50671122,dense,official_completed_subset
2006|general|E02|50672|3,2006,general,E02,numeric8,50672,3,^50672\d{3}$,136,1,137,137,0.992701,2,1,50672001,50672137,dense,official_completed_subset
2006|general|E03|50673|3,2006,general,E03,numeric8,50673,3,^50673\d{3}$,104,1,104,104,1.000000,1,0,50673001,50673104,contiguous,official_completed_subset
2006|general|E04|50674|3,2006,general,E04,numeric8,50674,3,^50674\d{3}$,105,2,111,110,0.954545,4,5,50674002,50674111,dense,official_completed_subset
2006|general|E05|50675|3,2006,general,E05,numeric8,50675,3,^50675\d{3}$,234,1,236,236,0.991525,3,2,50675001,50675236,dense,official_completed_subset
2006|general|E06|50676|3,2006,general,E06,numeric8,50676,3,^50676\d{3}$,113,1,113,113,1.000000,1,0,50676001,50676113,contiguous,official_completed_subset
2006|general|E07|50677|3,2006,general,E07,numeric8,50677,3,^50677\d{3}$,73,1,73,73,1.000000,1,0,50677001,50677073,contiguous,official_completed_subset
2006|general|E08|50678|3,2006,general,E08,numeric8,50678,3,^50678\d{3}$,138,1,183,183,0.754098,27,45,50678001,50678183,moderate,official_completed_subset
2006|general|E09|50679|3,2006,general,E09,numeric8,50679,3,^50679\d{3}$,73,1,89,89,0.820225,12,16,50679001,50679089,dense,official_completed_subset
2006|general|E10|50678|3,2006,general,E10,numeric8,50678,3,^50678\d{3}$,43,7,178,172,0.250000,24,129,50678007,50678178,sparse,official_completed_subset
2006|general|E10|50679|3,2006,general,E10,numeric8,50679,3,^50679\d{3}$,11,18,88,71,0.154930,7,60,50679018,50679088,sparse,official_completed_subset
2006|general|E11|50679|3,2006,general,E11,numeric8,50679,3,^50679\d{3}$,5,8,83,76,0.065789,5,71,50679008,50679083,sparse,official_completed_subset
2006|joint_fund|E01|50671|3,2006,joint_fund,E01,numeric8,50671,3,^50671\d{3}$,3,62,101,40,0.075000,3,37,50671062,50671101,sparse,official_completed_subset
2006|joint_fund|E02|U0634|3,2006,joint_fund,E02,alpha_numeric,U0634,3,^U0634\d{3}$,2,2,6,5,0.400000,2,3,U0634002,U0634006,moderate,official_completed_subset
2006|joint_fund|E03|U0634|3,2006,joint_fund,E03,alpha_numeric,U0634,3,^U0634\d{3}$,2,1,4,4,0.500000,2,2,U0634001,U0634004,moderate,official_completed_subset
2006|joint_fund|E04|50634|3,2006,joint_fund,E04,numeric8,50634,3,^50634\d{3}$,2,30,40,11,0.181818,2,9,50634030,50634040,sparse,official_completed_subset
2006|joint_fund|E04|50674|3,2006,joint_fund,E04,numeric8,50674,3,^50674\d{3}$,6,1,64,64,0.093750,4,58,50674001,50674064,sparse,official_completed_subset
2006|joint_fund|E05|U0635|3,2006,joint_fund,E05,alpha_numeric,U0635,3,^U0635\d{3}$,1,2,2,1,1.000000,1,0,U0635002,U0635002,contiguous,official_completed_subset
2006|joint_fund|E05|50675|3,2006,joint_fund,E05,numeric8,50675,3,^50675\d{3}$,1,21,21,1,1.000000,1,0,50675021,50675021,contiguous,official_completed_subset
2006|joint_fund|E06|U0634|3,2006,joint_fund,E06,alpha_numeric,U0634,3,^U0634\d{3}$,1,5,5,1,1.000000,1,0,U0634005,U0634005,contiguous,official_completed_subset
2006|joint_fund|E09|50639|3,2006,joint_fund,E09,numeric8,50639,3,^50639\d{3}$,5,50,100,51,0.098039,5,46,50639050,50639100,sparse,official_completed_subset
2006|joint_fund|E09|50679|3,2006,joint_fund,E09,numeric8,50679,3,^50679\d{3}$,6,90,98,9,0.666667,2,3,50679090,50679098,moderate,official_completed_subset
2006|joint_fund|E10|50639|3,2006,joint_fund,E10,numeric8,50639,3,^50639\d{3}$,1,70,70,1,1.000000,1,0,50639070,50639070,contiguous,official_completed_subset
2006|joint_fund|E10|50679|3,2006,joint_fund,E10,numeric8,50679,3,^50679\d{3}$,3,94,96,3,1.000000,1,0,50679094,50679096,contiguous,official_completed_subset
2006|key|E01|50631|3,2006,key,E01,numeric8,50631,3,^50631\d{3}$,4,10,40,31,0.129032,4,27,50631010,50631040,sparse,official_completed_subset
2006|key|E02|50632|3,2006,key,E02,numeric8,50632,3,^50632\d{3}$,7,10,70,61,0.114754,7,54,50632010,50632070,sparse,official_completed_subset
2006|key|E03|50633|3,2006,key,E03,numeric8,50633,3,^50633\d{3}$,5,10,50,41,0.121951,5,36,50633010,50633050,sparse,official_completed_subset
2006|key|E04|50634|3,2006,key,E04,numeric8,50634,3,^50634\d{3}$,4,10,60,51,0.078431,4,47,50634010,50634060,sparse,official_completed_subset
2006|key|E05|50635|3,2006,key,E05,numeric8,50635,3,^50635\d{3}$,6,10,60,51,0.117647,6,45,50635010,50635060,sparse,official_completed_subset
2006|key|E06|50636|3,2006,key,E06,numeric8,50636,3,^50636\d{3}$,5,10,50,41,0.121951,5,36,50636010,50636050,sparse,official_completed_subset
2006|key|E07|50637|3,2006,key,E07,numeric8,50637,3,^50637\d{3}$,2,10,20,11,0.181818,2,9,50637010,50637020,sparse,official_completed_subset
2006|key|E08|50638|3,2006,key,E08,numeric8,50638,3,^50638\d{3}$,4,10,50,41,0.097561,4,37,50638010,50638050,sparse,official_completed_subset
2006|key|E09|50639|3,2006,key,E09,numeric8,50639,3,^50639\d{3}$,4,10,40,31,0.129032,4,27,50639010,50639040,sparse,official_completed_subset
2006|key|E10|50638|3,2006,key,E10,numeric8,50638,3,^50638\d{3}$,1,20,20,1,1.000000,1,0,50638020,50638020,contiguous,official_completed_subset
2006|major_research_plan|E02|90601|3,2006,major_research_plan,E02,numeric8,90601,3,^90601\d{3}$,2,2,3,2,1.000000,1,0,90601002,90601003,contiguous,official_completed_subset
2006|major_research_plan|E02|90606|3,2006,major_research_plan,E02,numeric8,90606,3,^90606\d{3}$,5,8,32,25,0.200000,3,20,90606008,90606032,sparse,official_completed_subset
2006|major_research_plan|E02|90610|3,2006,major_research_plan,E02,numeric8,90610,3,^90610\d{3}$,1,11,11,1,1.000000,1,0,90610011,90610011,contiguous,official_completed_subset
2006|major_research_plan|E04|90610|3,2006,major_research_plan,E04,numeric8,90610,3,^90610\d{3}$,4,12,15,4,1.000000,1,0,90610012,90610015,contiguous,official_completed_subset
2006|major_research_plan|E05|90607|3,2006,major_research_plan,E05,numeric8,90607,3,^90607\d{3}$,1,14,14,1,1.000000,1,0,90607014,90607014,contiguous,official_completed_subset
2006|major_research_plan|E06|90610|3,2006,major_research_plan,E06,numeric8,90610,3,^90610\d{3}$,10,16,35,20,0.500000,2,10,90610016,90610035,moderate,official_completed_subset
2006|major_research_plan|E07|90610|3,2006,major_research_plan,E07,numeric8,90610,3,^90610\d{3}$,2,24,26,3,0.666667,2,1,90610024,90610026,moderate,official_completed_subset
2006|major_research_plan|E09|90610|3,2006,major_research_plan,E09,numeric8,90610,3,^90610\d{3}$,3,27,29,3,1.000000,1,0,90610027,90610029,contiguous,official_completed_subset
2006|major_research_plan|E10|90610|3,2006,major_research_plan,E10,numeric8,90610,3,^90610\d{3}$,2,30,37,8,0.250000,2,6,90610030,90610037,sparse,official_completed_subset
2006|regional|E01|50661|3,2006,regional,E01,numeric8,50661,3,^50661\d{3}$,5,1,5,5,1.000000,1,0,50661001,50661005,contiguous,official_completed_subset
2006|regional|E02|50662|3,2006,regional,E02,numeric8,50662,3,^50662\d{3}$,6,1,6,6,1.000000,1,0,50662001,50662006,contiguous,official_completed_subset
2006|regional|E03|50663|3,2006,regional,E03,numeric8,50663,3,^50663\d{3}$,3,1,3,3,1.000000,1,0,50663001,50663003,contiguous,official_completed_subset
2006|regional|E04|50664|3,2006,regional,E04,numeric8,50664,3,^50664\d{3}$,8,1,8,8,1.000000,1,0,50664001,50664008,contiguous,official_completed_subset
2006|regional|E05|50665|3,2006,regional,E05,numeric8,50665,3,^50665\d{3}$,5,1,5,5,1.000000,1,0,50665001,50665005,contiguous,official_completed_subset
2006|regional|E06|50666|3,2006,regional,E06,numeric8,50666,3,^50666\d{3}$,1,1,1,1,1.000000,1,0,50666001,50666001,contiguous,official_completed_subset
2006|regional|E07|50667|3,2006,regional,E07,numeric8,50667,3,^50667\d{3}$,2,1,2,2,1.000000,1,0,50667001,50667002,contiguous,official_completed_subset
2006|regional|E08|50668|3,2006,regional,E08,numeric8,50668,3,^50668\d{3}$,3,1,3,3,1.000000,1,0,50668001,50668003,contiguous,official_completed_subset
2006|regional|E09|50669|3,2006,regional,E09,numeric8,50669,3,^50669\d{3}$,5,1,7,7,0.714286,2,2,50669001,50669007,moderate,official_completed_subset
2006|regional|E10|50669|3,2006,regional,E10,numeric8,50669,3,^50669\d{3}$,2,3,4,2,1.000000,1,0,50669003,50669004,contiguous,official_completed_subset
2006|special|E01|E0624|3,2006,special,E01,alpha_numeric,E0624,3,^E0624\d{3}$,2,101,109,9,0.222222,2,7,E0624101,E0624109,sparse,official_completed_subset
2006|special|E01|50641|3,2006,special,E01,numeric8,50641,3,^50641\d{3}$,3,1,7,7,0.428571,2,4,50641001,50641007,moderate,official_completed_subset
2006|special|E02|E0624|3,2006,special,E02,alpha_numeric,E0624,3,^E0624\d{3}$,1,204,204,1,1.000000,1,0,E0624204,E0624204,contiguous,official_completed_subset
2006|special|E02|50642|3,2006,special,E02,numeric8,50642,3,^50642\d{3}$,9,8,42,35,0.257143,4,26,50642008,50642042,sparse,official_completed_subset
2006|special|E03|50643|3,2006,special,E03,numeric8,50643,3,^50643\d{3}$,3,12,14,3,1.000000,1,0,50643012,50643014,contiguous,official_completed_subset
2006|special|E04|E0624|3,2006,special,E04,alpha_numeric,E0624,3,^E0624\d{3}$,3,407,415,9,0.333333,3,6,E0624407,E0624415,sparse,official_completed_subset
2006|special|E04|50644|3,2006,special,E04,numeric8,50644,3,^50644\d{3}$,5,15,41,27,0.185185,2,22,50644015,50644041,sparse,official_completed_subset
2006|special|E05|E0624|3,2006,special,E05,alpha_numeric,E0624,3,^E0624\d{3}$,6,502,514,13,0.461538,4,7,E0624502,E0624514,moderate,official_completed_subset
2006|special|E05|50627|3,2006,special,E05,numeric8,50627,3,^50627\d{3}$,2,501,502,2,1.000000,1,0,50627501,50627502,contiguous,official_completed_subset
2006|special|E05|50645|3,2006,special,E05,numeric8,50645,3,^50645\d{3}$,4,18,32,15,0.266667,2,11,50645018,50645032,sparse,official_completed_subset
2006|special|E06|50646|3,2006,special,E06,numeric8,50646,3,^50646\d{3}$,7,3,37,35,0.200000,4,28,50646003,50646037,sparse,official_completed_subset
2006|special|E07|50647|3,2006,special,E07,numeric8,50647,3,^50647\d{3}$,4,2,31,30,0.133333,3,26,50647002,50647031,sparse,official_completed_subset
2006|special|E08|E0624|3,2006,special,E08,alpha_numeric,E0624,3,^E0624\d{3}$,1,808,808,1,1.000000,1,0,E0624808,E0624808,contiguous,official_completed_subset
2006|special|E08|50620|3,2006,special,E08,numeric8,50620,3,^50620\d{3}$,1,1,1,1,1.000000,1,0,50620001,50620001,contiguous,official_completed_subset
2006|special|E08|50648|3,2006,special,E08,numeric8,50648,3,^50648\d{3}$,1,27,27,1,1.000000,1,0,50648027,50648027,contiguous,official_completed_subset
2006|special|E08|50658|3,2006,special,E08,numeric8,50658,3,^50658\d{3}$,1,1,1,1,1.000000,1,0,50658001,50658001,contiguous,official_completed_subset
2006|special|E09|50649|3,2006,special,E09,numeric8,50649,3,^50649\d{3}$,2,28,29,2,1.000000,1,0,50649028,50649029,contiguous,official_completed_subset
2006|youth_c|E01|50601|3,2006,youth_c,E01,numeric8,50601,3,^50601\d{3}$,29,1,29,29,1.000000,1,0,50601001,50601029,contiguous,official_completed_subset
2006|youth_c|E02|50602|3,2006,youth_c,E02,numeric8,50602,3,^50602\d{3}$,50,1,51,51,0.980392,2,1,50602001,50602051,dense,official_completed_subset
2006|youth_c|E03|50603|3,2006,youth_c,E03,numeric8,50603,3,^50603\d{3}$,32,1,32,32,1.000000,1,0,50603001,50603032,contiguous,official_completed_subset
2006|youth_c|E04|50604|3,2006,youth_c,E04,numeric8,50604,3,^50604\d{3}$,22,1,22,22,1.000000,1,0,50604001,50604022,contiguous,official_completed_subset
2006|youth_c|E05|50605|3,2006,youth_c,E05,numeric8,50605,3,^50605\d{3}$,66,1,66,66,1.000000,1,0,50605001,50605066,contiguous,official_completed_subset
2006|youth_c|E06|50606|3,2006,youth_c,E06,numeric8,50606,3,^50606\d{3}$,38,1,38,38,1.000000,1,0,50606001,50606038,contiguous,official_completed_subset
2006|youth_c|E07|50607|3,2006,youth_c,E07,numeric8,50607,3,^50607\d{3}$,23,1,23,23,1.000000,1,0,50607001,50607023,contiguous,official_completed_subset
2006|youth_c|E08|50608|3,2006,youth_c,E08,numeric8,50608,3,^50608\d{3}$,53,2,72,71,0.746479,13,18,50608002,50608072,moderate,official_completed_subset
2006|youth_c|E09|50609|3,2006,youth_c,E09,numeric8,50609,3,^50609\d{3}$,26,2,32,31,0.838710,5,5,50609002,50609032,dense,official_completed_subset
2006|youth_c|E10|50608|3,2006,youth_c,E10,numeric8,50608,3,^50608\d{3}$,19,1,71,71,0.267606,13,52,50608001,50608071,sparse,official_completed_subset
2006|youth_c|E10|50609|3,2006,youth_c,E10,numeric8,50609,3,^50609\d{3}$,2,8,11,4,0.500000,2,2,50609008,50609011,moderate,official_completed_subset
2006|youth_c|E11|50609|3,2006,youth_c,E11,numeric8,50609,3,^50609\d{3}$,4,1,15,15,0.266667,4,11,50609001,50609015,sparse,official_completed_subset
2007|general|E01|50771|3,2007,general,E01,numeric8,50771,3,^50771\d{3}$,106,1,106,106,1.000000,1,0,50771001,50771106,contiguous,official_completed_subset
2007|general|E02|50772|3,2007,general,E02,numeric8,50772,3,^50772\d{3}$,136,1,136,136,1.000000,1,0,50772001,50772136,contiguous,official_completed_subset
2007|general|E03|50773|3,2007,general,E03,numeric8,50773,3,^50773\d{3}$,97,1,97,97,1.000000,1,0,50773001,50773097,contiguous,official_completed_subset
2007|general|E04|50774|3,2007,general,E04,numeric8,50774,3,^50774\d{3}$,107,1,107,107,1.000000,1,0,50774001,50774107,contiguous,official_completed_subset
2007|general|E05|50775|3,2007,general,E05,numeric8,50775,3,^50775\d{3}$,228,1,230,230,0.991304,3,2,50775001,50775230,dense,official_completed_subset
2007|general|E06|50776|3,2007,general,E06,numeric8,50776,3,^50776\d{3}$,102,1,103,103,0.990291,2,1,50776001,50776103,dense,official_completed_subset
2007|general|E07|50777|3,2007,general,E07,numeric8,50777,3,^50777\d{3}$,71,1,71,71,1.000000,1,0,50777001,50777071,contiguous,official_completed_subset
2007|general|E08|50778|3,2007,general,E08,numeric8,50778,3,^50778\d{3}$,143,2,186,185,0.772973,21,42,50778002,50778186,moderate,official_completed_subset
2007|general|E09|50779|3,2007,general,E09,numeric8,50779,3,^50779\d{3}$,70,1,82,82,0.853659,10,12,50779001,50779082,dense,official_completed_subset
2007|general|E10|50778|3,2007,general,E10,numeric8,50778,3,^50778\d{3}$,43,1,183,183,0.234973,21,140,50778001,50778183,sparse,official_completed_subset
2007|general|E10|50779|3,2007,general,E10,numeric8,50779,3,^50779\d{3}$,6,6,80,75,0.080000,5,69,50779006,50779080,sparse,official_completed_subset
2007|general|E11|50779|3,2007,general,E11,numeric8,50779,3,^50779\d{3}$,6,3,72,70,0.085714,5,64,50779003,50779072,sparse,official_completed_subset
2007|joint_fund|E01|U0734|3,2007,joint_fund,E01,alpha_numeric,U0734,3,^U0734\d{3}$,1,6,6,1,1.000000,1,0,U0734006,U0734006,contiguous,official_completed_subset
2007|joint_fund|E01|U0774|3,2007,joint_fund,E01,alpha_numeric,U0774,3,^U0774\d{3}$,1,1,1,1,1.000000,1,0,U0774001,U0774001,contiguous,official_completed_subset
2007|joint_fund|E01|50771|3,2007,joint_fund,E01,numeric8,50771,3,^50771\d{3}$,5,107,111,5,1.000000,1,0,50771107,50771111,contiguous,official_completed_subset
2007|joint_fund|E02|U0734|3,2007,joint_fund,E02,alpha_numeric,U0734,3,^U0734\d{3}$,5,1,5,5,1.000000,1,0,U0734001,U0734005,contiguous,official_completed_subset
2007|joint_fund|E02|50772|3,2007,joint_fund,E02,numeric8,50772,3,^50772\d{3}$,1,137,137,1,1.000000,1,0,50772137,50772137,contiguous,official_completed_subset
2007|joint_fund|E04|50734|3,2007,joint_fund,E04,numeric8,50734,3,^50734\d{3}$,3,1,4,4,0.750000,2,1,50734001,50734004,moderate,official_completed_subset
2007|joint_fund|E04|50774|3,2007,joint_fund,E04,numeric8,50774,3,^50774\d{3}$,6,108,113,6,1.000000,1,0,50774108,50774113,contiguous,official_completed_subset
2007|joint_fund|E05|U0734|3,2007,joint_fund,E05,alpha_numeric,U0734,3,^U0734\d{3}$,2,7,8,2,1.000000,1,0,U0734007,U0734008,contiguous,official_completed_subset
2007|key|E01|50731|3,2007,key,E01,numeric8,50731,3,^50731\d{3}$,8,1,8,8,1.000000,1,0,50731001,50731008,contiguous,official_completed_subset
2007|key|E02|50730|3,2007,key,E02,numeric8,50730,3,^50730\d{3}$,5,1,5,5,1.000000,1,0,50730001,50730005,contiguous,official_completed_subset
2007|key|E02|50732|3,2007,key,E02,numeric8,50732,3,^50732\d{3}$,6,1,6,6,1.000000,1,0,50732001,50732006,contiguous,official_completed_subset
2007|key|E03|50733|3,2007,key,E03,numeric8,50733,3,^50733\d{3}$,4,1,4,4,1.000000,1,0,50733001,50733004,contiguous,official_completed_subset
2007|key|E04|50734|3,2007,key,E04,numeric8,50734,3,^50734\d{3}$,4,5,8,4,1.000000,1,0,50734005,50734008,contiguous,official_completed_subset
2007|key|E05|50730|3,2007,key,E05,numeric8,50730,3,^50730\d{3}$,3,7,9,3,1.000000,1,0,50730007,50730009,contiguous,official_completed_subset
2007|key|E05|50735|3,2007,key,E05,numeric8,50735,3,^50735\d{3}$,8,1,8,8,1.000000,1,0,50735001,50735008,contiguous,official_completed_subset
2007|key|E06|50730|3,2007,key,E06,numeric8,50730,3,^50730\d{3}$,1,6,6,1,1.000000,1,0,50730006,50730006,contiguous,official_completed_subset
2007|key|E06|50736|3,2007,key,E06,numeric8,50736,3,^50736\d{3}$,7,1,7,7,1.000000,1,0,50736001,50736007,contiguous,official_completed_subset
2007|key|E07|50737|3,2007,key,E07,numeric8,50737,3,^50737\d{3}$,4,1,4,4,1.000000,1,0,50737001,50737004,contiguous,official_completed_subset
2007|key|E08|50738|3,2007,key,E08,numeric8,50738,3,^50738\d{3}$,6,1,7,7,0.857143,2,1,50738001,50738007,dense,official_completed_subset
2007|key|E09|50739|3,2007,key,E09,numeric8,50739,3,^50739\d{3}$,3,1,3,3,1.000000,1,0,50739001,50739003,contiguous,official_completed_subset
2007|key|E10|50738|3,2007,key,E10,numeric8,50738,3,^50738\d{3}$,1,6,6,1,1.000000,1,0,50738006,50738006,contiguous,official_completed_subset
2007|key|E11|50739|3,2007,key,E11,numeric8,50739,3,^50739\d{3}$,1,4,4,1,1.000000,1,0,50739004,50739004,contiguous,official_completed_subset
2007|major_research_plan|E02|90701|3,2007,major_research_plan,E02,numeric8,90701,3,^90701\d{3}$,2,2,6,5,0.400000,2,3,90701002,90701006,moderate,official_completed_subset
2007|major_research_plan|E02|90716|3,2007,major_research_plan,E02,numeric8,90716,3,^90716\d{3}$,3,22,24,3,1.000000,1,0,90716022,90716024,contiguous,official_completed_subset
2007|major_research_plan|E03|90701|3,2007,major_research_plan,E03,numeric8,90701,3,^90701\d{3}$,4,1,5,5,0.800000,2,1,90701001,90701005,dense,official_completed_subset
2007|major_research_plan|E06|90716|3,2007,major_research_plan,E06,numeric8,90716,3,^90716\d{3}$,1,25,25,1,1.000000,1,0,90716025,90716025,contiguous,official_completed_subset
2007|major_research_plan|E07|90716|3,2007,major_research_plan,E07,numeric8,90716,3,^90716\d{3}$,1,26,26,1,1.000000,1,0,90716026,90716026,contiguous,official_completed_subset
2007|major_research_plan|E08|90715|3,2007,major_research_plan,E08,numeric8,90715,3,^90715\d{3}$,33,2,40,39,0.846154,2,6,90715002,90715040,dense,official_completed_subset
2007|major_research_plan|E09|90715|3,2007,major_research_plan,E09,numeric8,90715,3,^90715\d{3}$,5,26,42,17,0.294118,2,12,90715026,90715042,sparse,official_completed_subset
2007|regional|E01|50761|3,2007,regional,E01,numeric8,50761,3,^50761\d{3}$,7,1,7,7,1.000000,1,0,50761001,50761007,contiguous,official_completed_subset
2007|regional|E02|50762|3,2007,regional,E02,numeric8,50762,3,^50762\d{3}$,6,1,6,6,1.000000,1,0,50762001,50762006,contiguous,official_completed_subset
2007|regional|E03|50763|3,2007,regional,E03,numeric8,50763,3,^50763\d{3}$,6,1,6,6,1.000000,1,0,50763001,50763006,contiguous,official_completed_subset
2007|regional|E04|50764|3,2007,regional,E04,numeric8,50764,3,^50764\d{3}$,9,1,9,9,1.000000,1,0,50764001,50764009,contiguous,official_completed_subset
2007|regional|E05|50765|3,2007,regional,E05,numeric8,50765,3,^50765\d{3}$,8,1,8,8,1.000000,1,0,50765001,50765008,contiguous,official_completed_subset
2007|regional|E06|50766|3,2007,regional,E06,numeric8,50766,3,^50766\d{3}$,2,1,2,2,1.000000,1,0,50766001,50766002,contiguous,official_completed_subset
2007|regional|E07|50767|3,2007,regional,E07,numeric8,50767,3,^50767\d{3}$,3,1,3,3,1.000000,1,0,50767001,50767003,contiguous,official_completed_subset
2007|regional|E08|50768|3,2007,regional,E08,numeric8,50768,3,^50768\d{3}$,9,1,10,10,0.900000,2,1,50768001,50768010,dense,official_completed_subset
2007|regional|E09|50769|3,2007,regional,E09,numeric8,50769,3,^50769\d{3}$,8,1,8,8,1.000000,1,0,50769001,50769008,contiguous,official_completed_subset
2007|regional|E10|50768|3,2007,regional,E10,numeric8,50768,3,^50768\d{3}$,1,6,6,1,1.000000,1,0,50768006,50768006,contiguous,official_completed_subset
2007|special|E01|50741|3,2007,special,E01,numeric8,50741,3,^50741\d{3}$,7,1,35,35,0.200000,2,28,50741001,50741035,sparse,official_completed_subset
2007|special|E02|50742|3,2007,special,E02,numeric8,50742,3,^50742\d{3}$,7,6,46,41,0.170732,3,34,50742006,50742046,sparse,official_completed_subset
2007|special|E02|50752|3,2007,special,E02,numeric8,50752,3,^50752\d{3}$,2,1,2,2,1.000000,1,0,50752001,50752002,contiguous,official_completed_subset
2007|special|E03|50743|3,2007,special,E03,numeric8,50743,3,^50743\d{3}$,6,10,42,33,0.181818,3,27,50743010,50743042,sparse,official_completed_subset
2007|special|E03|50753|3,2007,special,E03,numeric8,50753,3,^50753\d{3}$,1,3,3,1,1.000000,1,0,50753003,50753003,contiguous,official_completed_subset
2007|special|E04|50727|3,2007,special,E04,numeric8,50727,3,^50727\d{3}$,1,401,401,1,1.000000,1,0,50727401,50727401,contiguous,official_completed_subset
2007|special|E04|50744|3,2007,special,E04,numeric8,50744,3,^50744\d{3}$,4,14,44,31,0.129032,2,27,50744014,50744044,sparse,official_completed_subset
2007|special|E05|E0724|3,2007,special,E05,alpha_numeric,E0724,3,^E0724\d{3}$,5,502,507,6,0.833333,2,1,E0724502,E0724507,dense,official_completed_subset
2007|special|E05|50727|3,2007,special,E05,numeric8,50727,3,^50727\d{3}$,1,502,502,1,1.000000,1,0,50727502,50727502,contiguous,official_completed_subset
2007|special|E05|50745|3,2007,special,E05,numeric8,50745,3,^50745\d{3}$,7,17,48,32,0.218750,3,25,50745017,50745048,sparse,official_completed_subset
2007|special|E06|50720|3,2007,special,E06,numeric8,50720,3,^50720\d{3}$,1,1,1,1,1.000000,1,0,50720001,50720001,contiguous,official_completed_subset
2007|special|E06|50746|3,2007,special,E06,numeric8,50746,3,^50746\d{3}$,6,1,41,41,0.146341,4,35,50746001,50746041,sparse,official_completed_subset
2007|special|E07|E0724|3,2007,special,E07,alpha_numeric,E0724,3,^E0724\d{3}$,1,710,710,1,1.000000,1,0,E0724710,E0724710,contiguous,official_completed_subset
2007|special|E07|50747|3,2007,special,E07,numeric8,50747,3,^50747\d{3}$,5,24,47,24,0.208333,3,19,50747024,50747047,sparse,official_completed_subset
2007|special|E08|E0724|3,2007,special,E08,alpha_numeric,E0724,3,^E0724\d{3}$,1,804,804,1,1.000000,1,0,E0724804,E0724804,contiguous,official_completed_subset
2007|special|E08|50748|3,2007,special,E08,numeric8,50748,3,^50748\d{3}$,3,28,33,6,0.500000,2,3,50748028,50748033,moderate,official_completed_subset
2007|special|E09|E0724|3,2007,special,E09,alpha_numeric,E0724,3,^E0724\d{3}$,2,908,909,2,1.000000,1,0,E0724908,E0724909,contiguous,official_completed_subset
2007|special|E09|50727|3,2007,special,E09,numeric8,50727,3,^50727\d{3}$,1,904,904,1,1.000000,1,0,50727904,50727904,contiguous,official_completed_subset
2007|special|E09|50749|3,2007,special,E09,numeric8,50749,3,^50749\d{3}$,2,30,32,3,0.666667,2,1,50749030,50749032,moderate,official_completed_subset
2007|special|E10|50727|3,2007,special,E10,numeric8,50727,3,^50727\d{3}$,1,803,803,1,1.000000,1,0,50727803,50727803,contiguous,official_completed_subset
2007|special|E10|50748|3,2007,special,E10,numeric8,50748,3,^50748\d{3}$,1,27,27,1,1.000000,1,0,50748027,50748027,contiguous,official_completed_subset
2007|special|E10|50749|3,2007,special,E10,numeric8,50749,3,^50749\d{3}$,2,31,45,15,0.133333,2,13,50749031,50749045,sparse,official_completed_subset
2007|youth_c|E01|50701|3,2007,youth_c,E01,numeric8,50701,3,^50701\d{3}$,48,1,48,48,1.000000,1,0,50701001,50701048,contiguous,official_completed_subset
2007|youth_c|E02|50702|3,2007,youth_c,E02,numeric8,50702,3,^50702\d{3}$,80,1,80,80,1.000000,1,0,50702001,50702080,contiguous,official_completed_subset
2007|youth_c|E03|50703|3,2007,youth_c,E03,numeric8,50703,3,^50703\d{3}$,48,1,48,48,1.000000,1,0,50703001,50703048,contiguous,official_completed_subset
2007|youth_c|E04|50704|3,2007,youth_c,E04,numeric8,50704,3,^50704\d{3}$,41,1,41,41,1.000000,1,0,50704001,50704041,contiguous,official_completed_subset
2007|youth_c|E05|50705|3,2007,youth_c,E05,numeric8,50705,3,^50705\d{3}$,100,1,100,100,1.000000,1,0,50705001,50705100,contiguous,official_completed_subset
2007|youth_c|E06|50706|3,2007,youth_c,E06,numeric8,50706,3,^50706\d{3}$,58,1,59,59,0.983051,2,1,50706001,50706059,dense,official_completed_subset
2007|youth_c|E07|50707|3,2007,youth_c,E07,numeric8,50707,3,^50707\d{3}$,36,1,36,36,1.000000,1,0,50707001,50707036,contiguous,official_completed_subset
2007|youth_c|E08|50708|3,2007,youth_c,E08,numeric8,50708,3,^50708\d{3}$,84,1,118,118,0.711864,16,34,50708001,50708118,moderate,official_completed_subset
2007|youth_c|E09|50709|3,2007,youth_c,E09,numeric8,50709,3,^50709\d{3}$,33,2,45,44,0.750000,9,11,50709002,50709045,moderate,official_completed_subset
2007|youth_c|E10|50708|3,2007,youth_c,E10,numeric8,50708,3,^50708\d{3}$,33,6,111,106,0.311321,16,73,50708006,50708111,sparse,official_completed_subset
2007|youth_c|E10|50709|3,2007,youth_c,E10,numeric8,50709,3,^50709\d{3}$,9,1,46,46,0.195652,8,37,50709001,50709046,sparse,official_completed_subset
2007|youth_c|E11|50709|3,2007,youth_c,E11,numeric8,50709,3,^50709\d{3}$,4,5,32,28,0.142857,3,24,50709005,50709032,sparse,official_completed_subset
2008|general|E01|50871|3,2008,general,E01,numeric8,50871,3,^50871\d{3}$,126,1,126,126,1.000000,1,0,50871001,50871126,contiguous,official_completed_subset
2008|general|E02|50872|3,2008,general,E02,numeric8,50872,3,^50872\d{3}$,160,1,160,160,1.000000,1,0,50872001,50872160,contiguous,official_completed_subset
2008|general|E03|50873|3,2008,general,E03,numeric8,50873,3,^50873\d{3}$,116,1,116,116,1.000000,1,0,50873001,50873116,contiguous,official_completed_subset
2008|general|E04|50874|3,2008,general,E04,numeric8,50874,3,^50874\d{3}$,126,1,126,126,1.000000,1,0,50874001,50874126,contiguous,official_completed_subset
2008|general|E05|50875|3,2008,general,E05,numeric8,50875,3,^50875\d{3}$,272,1,272,272,1.000000,1,0,50875001,50875272,contiguous,official_completed_subset
2008|general|E06|50876|3,2008,general,E06,numeric8,50876,3,^50876\d{3}$,119,1,120,120,0.991667,2,1,50876001,50876120,dense,official_completed_subset
2008|general|E07|50877|3,2008,general,E07,numeric8,50877,3,^50877\d{3}$,83,1,83,83,1.000000,1,0,50877001,50877083,contiguous,official_completed_subset
2008|general|E08|50878|3,2008,general,E08,numeric8,50878,3,^50878\d{3}$,171,7,220,214,0.799065,26,43,50878007,50878220,moderate,official_completed_subset
2008|general|E09|50879|3,2008,general,E09,numeric8,50879,3,^50879\d{3}$,71,1,98,98,0.724490,19,27,50879001,50879098,moderate,official_completed_subset
2008|general|E10|50878|3,2008,general,E10,numeric8,50878,3,^50878\d{3}$,49,1,206,206,0.237864,26,157,50878001,50878206,sparse,official_completed_subset
2008|general|E10|50879|3,2008,general,E10,numeric8,50879,3,^50879\d{3}$,12,5,93,89,0.134831,10,77,50879005,50879093,sparse,official_completed_subset
2008|general|E11|50879|3,2008,general,E11,numeric8,50879,3,^50879\d{3}$,14,2,90,89,0.157303,10,75,50879002,50879090,sparse,official_completed_subset
2008|joint_fund|E01|50831|3,2008,joint_fund,E01,numeric8,50831,3,^50831\d{3}$,1,8,8,1,1.000000,1,0,50831008,50831008,contiguous,official_completed_subset
2008|joint_fund|E01|50871|3,2008,joint_fund,E01,numeric8,50871,3,^50871\d{3}$,4,127,130,4,1.000000,1,0,50871127,50871130,contiguous,official_completed_subset
2008|joint_fund|E04|50834|3,2008,joint_fund,E04,numeric8,50834,3,^50834\d{3}$,5,7,11,5,1.000000,1,0,50834007,50834011,contiguous,official_completed_subset
2008|joint_fund|E04|50874|3,2008,joint_fund,E04,numeric8,50874,3,^50874\d{3}$,8,127,134,8,1.000000,1,0,50874127,50874134,contiguous,official_completed_subset
2008|joint_fund|E06|50876|3,2008,joint_fund,E06,numeric8,50876,3,^50876\d{3}$,1,122,122,1,1.000000,1,0,50876122,50876122,contiguous,official_completed_subset
2008|key|E01|50831|3,2008,key,E01,numeric8,50831,3,^50831\d{3}$,7,1,7,7,1.000000,1,0,50831001,50831007,contiguous,official_completed_subset
2008|key|E02|50830|3,2008,key,E02,numeric8,50830,3,^50830\d{3}$,2,101,102,2,1.000000,1,0,50830101,50830102,contiguous,official_completed_subset
2008|key|E02|50832|3,2008,key,E02,numeric8,50832,3,^50832\d{3}$,8,1,8,8,1.000000,1,0,50832001,50832008,contiguous,official_completed_subset
2008|key|E03|50830|3,2008,key,E03,numeric8,50830,3,^50830\d{3}$,5,103,107,5,1.000000,1,0,50830103,50830107,contiguous,official_completed_subset
2008|key|E03|50833|3,2008,key,E03,numeric8,50833,3,^50833\d{3}$,6,1,6,6,1.000000,1,0,50833001,50833006,contiguous,official_completed_subset
2008|key|E04|50830|3,2008,key,E04,numeric8,50830,3,^50830\d{3}$,1,301,301,1,1.000000,1,0,50830301,50830301,contiguous,official_completed_subset
2008|key|E04|50834|3,2008,key,E04,numeric8,50834,3,^50834\d{3}$,6,1,6,6,1.000000,1,0,50834001,50834006,contiguous,official_completed_subset
2008|key|E05|50830|3,2008,key,E05,numeric8,50830,3,^50830\d{3}$,2,201,202,2,1.000000,1,0,50830201,50830202,contiguous,official_completed_subset
2008|key|E05|50835|3,2008,key,E05,numeric8,50835,3,^50835\d{3}$,9,1,9,9,1.000000,1,0,50835001,50835009,contiguous,official_completed_subset
2008|key|E06|50836|3,2008,key,E06,numeric8,50836,3,^50836\d{3}$,7,1,7,7,1.000000,1,0,50836001,50836007,contiguous,official_completed_subset
2008|key|E07|50837|3,2008,key,E07,numeric8,50837,3,^50837\d{3}$,5,1,5,5,1.000000,1,0,50837001,50837005,contiguous,official_completed_subset
2008|key|E08|50830|3,2008,key,E08,numeric8,50830,3,^50830\d{3}$,1,203,203,1,1.000000,1,0,50830203,50830203,contiguous,official_completed_subset
2008|key|E08|50838|3,2008,key,E08,numeric8,50838,3,^50838\d{3}$,7,1,9,9,0.777778,3,2,50838001,50838009,moderate,official_completed_subset
2008|key|E09|50830|3,2008,key,E09,numeric8,50830,3,^50830\d{3}$,1,304,304,1,1.000000,1,0,50830304,50830304,contiguous,official_completed_subset
2008|key|E09|50839|3,2008,key,E09,numeric8,50839,3,^50839\d{3}$,4,2,5,4,1.000000,1,0,50839002,50839005,contiguous,official_completed_subset
2008|key|E10|50830|3,2008,key,E10,numeric8,50830,3,^50830\d{3}$,2,302,303,2,1.000000,1,0,50830302,50830303,contiguous,official_completed_subset
2008|key|E10|50838|3,2008,key,E10,numeric8,50838,3,^50838\d{3}$,2,2,5,4,0.500000,2,2,50838002,50838005,moderate,official_completed_subset
2008|key|E11|50839|3,2008,key,E11,numeric8,50839,3,^50839\d{3}$,1,1,1,1,1.000000,1,0,50839001,50839001,contiguous,official_completed_subset
2008|major_research_plan|E01|90816|3,2008,major_research_plan,E01,numeric8,90816,3,^90816\d{3}$,1,17,17,1,1.000000,1,0,90816017,90816017,contiguous,official_completed_subset
2008|major_research_plan|E02|90816|3,2008,major_research_plan,E02,numeric8,90816,3,^90816\d{3}$,3,18,20,3,1.000000,1,0,90816018,90816020,contiguous,official_completed_subset
2008|major_research_plan|E03|90816|3,2008,major_research_plan,E03,numeric8,90816,3,^90816\d{3}$,1,21,21,1,1.000000,1,0,90816021,90816021,contiguous,official_completed_subset
2008|major_research_plan|E06|90810|3,2008,major_research_plan,E06,numeric8,90810,3,^90810\d{3}$,1,1,1,1,1.000000,1,0,90810001,90810001,contiguous,official_completed_subset
2008|major_research_plan|E06|90816|3,2008,major_research_plan,E06,numeric8,90816,3,^90816\d{3}$,1,22,22,1,1.000000,1,0,90816022,90816022,contiguous,official_completed_subset
2008|major_research_plan|E08|90815|3,2008,major_research_plan,E08,numeric8,90815,3,^90815\d{3}$,27,0,30,31,0.870968,3,4,90815000,90815030,dense,official_completed_subset
2008|major_research_plan|E09|90815|3,2008,major_research_plan,E09,numeric8,90815,3,^90815\d{3}$,3,18,20,3,1.000000,1,0,90815018,90815020,contiguous,official_completed_subset
2008|regional|E01|50861|3,2008,regional,E01,numeric8,50861,3,^50861\d{3}$,8,1,8,8,1.000000,1,0,50861001,50861008,contiguous,official_completed_subset
2008|regional|E02|50862|3,2008,regional,E02,numeric8,50862,3,^50862\d{3}$,9,1,9,9,1.000000,1,0,50862001,50862009,contiguous,official_completed_subset
2008|regional|E03|50863|3,2008,regional,E03,numeric8,50863,3,^50863\d{3}$,5,1,5,5,1.000000,1,0,50863001,50863005,contiguous,official_completed_subset
2008|regional|E04|50864|3,2008,regional,E04,numeric8,50864,3,^50864\d{3}$,11,1,11,11,1.000000,1,0,50864001,50864011,contiguous,official_completed_subset
2008|regional|E05|50865|3,2008,regional,E05,numeric8,50865,3,^50865\d{3}$,11,1,11,11,1.000000,1,0,50865001,50865011,contiguous,official_completed_subset
2008|regional|E06|50866|3,2008,regional,E06,numeric8,50866,3,^50866\d{3}$,3,1,3,3,1.000000,1,0,50866001,50866003,contiguous,official_completed_subset
2008|regional|E07|50867|3,2008,regional,E07,numeric8,50867,3,^50867\d{3}$,4,1,4,4,1.000000,1,0,50867001,50867004,contiguous,official_completed_subset
2008|regional|E08|50868|3,2008,regional,E08,numeric8,50868,3,^50868\d{3}$,11,1,12,12,0.916667,2,1,50868001,50868012,dense,official_completed_subset
2008|regional|E09|50869|3,2008,regional,E09,numeric8,50869,3,^50869\d{3}$,8,1,9,9,0.888889,2,1,50869001,50869009,dense,official_completed_subset
2008|regional|E10|50868|3,2008,regional,E10,numeric8,50868,3,^50868\d{3}$,1,5,5,1,1.000000,1,0,50868005,50868005,contiguous,official_completed_subset
2008|regional|E10|50869|3,2008,regional,E10,numeric8,50869,3,^50869\d{3}$,1,7,7,1,1.000000,1,0,50869007,50869007,contiguous,official_completed_subset
2008|special|E01|50824|3,2008,special,E01,numeric8,50824,3,^50824\d{3}$,2,1,2,2,1.000000,1,0,50824001,50824002,contiguous,official_completed_subset
2008|special|E01|50827|3,2008,special,E01,numeric8,50827,3,^50827\d{3}$,1,102,102,1,1.000000,1,0,50827102,50827102,contiguous,official_completed_subset
2008|special|E01|50840|3,2008,special,E01,numeric8,50840,3,^50840\d{3}$,1,1,1,1,1.000000,1,0,50840001,50840001,contiguous,official_completed_subset
2008|special|E01|50841|3,2008,special,E01,numeric8,50841,3,^50841\d{3}$,3,23,25,3,1.000000,1,0,50841023,50841025,contiguous,official_completed_subset
2008|special|E02|50820|3,2008,special,E02,numeric8,50820,3,^50820\d{3}$,1,8,8,1,1.000000,1,0,50820008,50820008,contiguous,official_completed_subset
2008|special|E02|50823|3,2008,special,E02,numeric8,50823,3,^50823\d{3}$,2,7,9,3,0.666667,2,1,50823007,50823009,moderate,official_completed_subset
2008|special|E02|50824|3,2008,special,E02,numeric8,50824,3,^50824\d{3}$,1,3,3,1,1.000000,1,0,50824003,50824003,contiguous,official_completed_subset
2008|special|E02|50827|3,2008,special,E02,numeric8,50827,3,^50827\d{3}$,1,204,204,1,1.000000,1,0,50827204,50827204,contiguous,official_completed_subset
2008|special|E02|50842|3,2008,special,E02,numeric8,50842,3,^50842\d{3}$,6,26,61,36,0.166667,3,30,50842026,50842061,sparse,official_completed_subset
2008|special|E03|50843|3,2008,special,E03,numeric8,50843,3,^50843\d{3}$,7,29,59,31,0.225806,3,24,50843029,50843059,sparse,official_completed_subset
2008|special|E03|50853|3,2008,special,E03,numeric8,50853,3,^50853\d{3}$,1,1,1,1,1.000000,1,0,50853001,50853001,contiguous,official_completed_subset
2008|special|E04|50823|3,2008,special,E04,numeric8,50823,3,^50823\d{3}$,1,6,6,1,1.000000,1,0,50823006,50823006,contiguous,official_completed_subset
2008|special|E04|50827|3,2008,special,E04,numeric8,50827,3,^50827\d{3}$,1,403,403,1,1.000000,1,0,50827403,50827403,contiguous,official_completed_subset
2008|special|E04|50844|3,2008,special,E04,numeric8,50844,3,^50844\d{3}$,5,33,62,30,0.166667,2,25,50844033,50844062,sparse,official_completed_subset
2008|special|E05|50820|3,2008,special,E05,numeric8,50820,3,^50820\d{3}$,1,7,7,1,1.000000,1,0,50820007,50820007,contiguous,official_completed_subset
2008|special|E05|50823|3,2008,special,E05,numeric8,50823,3,^50823\d{3}$,3,3,8,6,0.500000,2,3,50823003,50823008,moderate,official_completed_subset
2008|special|E05|50827|3,2008,special,E05,numeric8,50827,3,^50827\d{3}$,1,501,501,1,1.000000,1,0,50827501,50827501,contiguous,official_completed_subset
2008|special|E05|50845|3,2008,special,E05,numeric8,50845,3,^50845\d{3}$,11,5,65,61,0.180328,5,50,50845005,50845065,sparse,official_completed_subset
2008|special|E05|50855|3,2008,special,E05,numeric8,50855,3,^50855\d{3}$,1,2,2,1,1.000000,1,0,50855002,50855002,contiguous,official_completed_subset
2008|special|E06|50823|3,2008,special,E06,numeric8,50823,3,^50823\d{3}$,1,2,2,1,1.000000,1,0,50823002,50823002,contiguous,official_completed_subset
2008|special|E06|50846|3,2008,special,E06,numeric8,50846,3,^50846\d{3}$,7,21,69,49,0.142857,4,42,50846021,50846069,sparse,official_completed_subset
2008|special|E07|50823|3,2008,special,E07,numeric8,50823,3,^50823\d{3}$,1,1,1,1,1.000000,1,0,50823001,50823001,contiguous,official_completed_subset
2008|special|E07|50847|3,2008,special,E07,numeric8,50847,3,^50847\d{3}$,3,42,50,9,0.333333,2,6,50847042,50847050,sparse,official_completed_subset
2008|special|E08|M0825|3,2008,special,E08,alpha_numeric,M0825,3,^M0825\d{3}$,1,3,3,1,1.000000,1,0,M0825003,M0825003,contiguous,official_completed_subset
2008|special|E08|50848|3,2008,special,E08,numeric8,50848,3,^50848\d{3}$,10,8,67,60,0.166667,8,50,50848008,50848067,sparse,official_completed_subset
2008|special|E09|M0825|3,2008,special,E09,alpha_numeric,M0825,3,^M0825\d{3}$,1,4,4,1,1.000000,1,0,M0825004,M0825004,contiguous,official_completed_subset
2008|special|E09|50823|3,2008,special,E09,numeric8,50823,3,^50823\d{3}$,1,5,5,1,1.000000,1,0,50823005,50823005,contiguous,official_completed_subset
2008|special|E09|50824|3,2008,special,E09,numeric8,50824,3,^50824\d{3}$,1,4,4,1,1.000000,1,0,50824004,50824004,contiguous,official_completed_subset
2008|special|E09|50849|3,2008,special,E09,numeric8,50849,3,^50849\d{3}$,6,2,68,67,0.089552,3,61,50849002,50849068,sparse,official_completed_subset
2008|special|E10|50848|3,2008,special,E10,numeric8,50848,3,^50848\d{3}$,2,9,45,37,0.054054,2,35,50848009,50848045,sparse,official_completed_subset
2008|special|E11|50849|3,2008,special,E11,numeric8,50849,3,^50849\d{3}$,1,12,12,1,1.000000,1,0,50849012,50849012,contiguous,official_completed_subset
2008|youth_c|E01|50801|3,2008,youth_c,E01,numeric8,50801,3,^50801\d{3}$,70,1,70,70,1.000000,1,0,50801001,50801070,contiguous,official_completed_subset
2008|youth_c|E02|50802|3,2008,youth_c,E02,numeric8,50802,3,^50802\d{3}$,119,1,119,119,1.000000,1,0,50802001,50802119,contiguous,official_completed_subset
2008|youth_c|E03|50803|3,2008,youth_c,E03,numeric8,50803,3,^50803\d{3}$,73,1,73,73,1.000000,1,0,50803001,50803073,contiguous,official_completed_subset
2008|youth_c|E04|50804|3,2008,youth_c,E04,numeric8,50804,3,^50804\d{3}$,61,1,61,61,1.000000,1,0,50804001,50804061,contiguous,official_completed_subset
2008|youth_c|E05|50805|3,2008,youth_c,E05,numeric8,50805,3,^50805\d{3}$,150,1,150,150,1.000000,1,0,50805001,50805150,contiguous,official_completed_subset
2008|youth_c|E06|50806|3,2008,youth_c,E06,numeric8,50806,3,^50806\d{3}$,85,1,87,87,0.977011,3,2,50806001,50806087,dense,official_completed_subset
2008|youth_c|E07|50807|3,2008,youth_c,E07,numeric8,50807,3,^50807\d{3}$,57,1,58,58,0.982759,2,1,50807001,50807058,dense,official_completed_subset
2008|youth_c|E08|50808|3,2008,youth_c,E08,numeric8,50808,3,^50808\d{3}$,145,5,189,185,0.783784,27,40,50808005,50808189,moderate,official_completed_subset
2008|youth_c|E09|50809|3,2008,youth_c,E09,numeric8,50809,3,^50809\d{3}$,56,1,79,79,0.708861,15,23,50809001,50809079,moderate,official_completed_subset
2008|youth_c|E10|50808|3,2008,youth_c,E10,numeric8,50808,3,^50808\d{3}$,44,1,184,184,0.239130,27,140,50808001,50808184,sparse,official_completed_subset
2008|youth_c|E10|50809|3,2008,youth_c,E10,numeric8,50809,3,^50809\d{3}$,11,6,77,72,0.152778,9,61,50809006,50809077,sparse,official_completed_subset
2008|youth_c|E11|50809|3,2008,youth_c,E11,numeric8,50809,3,^50809\d{3}$,12,8,65,58,0.206897,9,46,50809008,50809065,sparse,official_completed_subset
2009|general|E01|50971|3,2009,general,E01,numeric8,50971,3,^50971\d{3}$,135,1,136,136,0.992647,2,1,50971001,50971136,dense,official_completed_subset
2009|general|E02|50972|3,2009,general,E02,numeric8,50972,3,^50972\d{3}$,170,1,171,171,0.994152,2,1,50972001,50972171,dense,official_completed_subset
2009|general|E03|50973|3,2009,general,E03,numeric8,50973,3,^50973\d{3}$,129,1,129,129,1.000000,1,0,50973001,50973129,contiguous,official_completed_subset
2009|general|E04|50974|3,2009,general,E04,numeric8,50974,3,^50974\d{3}$,142,1,142,142,1.000000,1,0,50974001,50974142,contiguous,official_completed_subset
2009|general|E05|50975|3,2009,general,E05,numeric8,50975,3,^50975\d{3}$,303,1,304,304,0.996711,2,1,50975001,50975304,dense,official_completed_subset
2009|general|E06|50976|3,2009,general,E06,numeric8,50976,3,^50976\d{3}$,130,1,130,130,1.000000,1,0,50976001,50976130,contiguous,official_completed_subset
2009|general|E07|50977|3,2009,general,E07,numeric8,50977,3,^50977\d{3}$,94,1,95,95,0.989474,2,1,50977001,50977095,dense,official_completed_subset
2009|general|E08|50978|3,2009,general,E08,numeric8,50978,3,^50978\d{3}$,199,2,263,262,0.759542,31,63,50978002,50978263,moderate,official_completed_subset
2009|general|E09|50979|3,2009,general,E09,numeric8,50979,3,^50979\d{3}$,79,1,117,117,0.675214,22,38,50979001,50979117,moderate,official_completed_subset
2009|general|E10|50978|3,2009,general,E10,numeric8,50978,3,^50978\d{3}$,64,1,260,260,0.246154,31,196,50978001,50978260,sparse,official_completed_subset
2009|general|E10|50979|3,2009,general,E10,numeric8,50979,3,^50979\d{3}$,15,2,118,117,0.128205,12,102,50979002,50979118,sparse,official_completed_subset
2009|general|E11|50979|3,2009,general,E11,numeric8,50979,3,^50979\d{3}$,24,9,113,105,0.228571,12,81,50979009,50979113,sparse,official_completed_subset
2009|joint_fund|E01|50971|3,2009,joint_fund,E01,numeric8,50971,3,^50971\d{3}$,1,137,137,1,1.000000,1,0,50971137,50971137,contiguous,official_completed_subset
2009|joint_fund|E04|50934|3,2009,joint_fund,E04,numeric8,50934,3,^50934\d{3}$,5,7,11,5,1.000000,1,0,50934007,50934011,contiguous,official_completed_subset
2009|joint_fund|E04|50974|3,2009,joint_fund,E04,numeric8,50974,3,^50974\d{3}$,9,143,151,9,1.000000,1,0,50974143,50974151,contiguous,official_completed_subset
2009|key|E01|50931|3,2009,key,E01,numeric8,50931,3,^50931\d{3}$,6,1,6,6,1.000000,1,0,50931001,50931006,contiguous,official_completed_subset
2009|key|E02|50932|3,2009,key,E02,numeric8,50932,3,^50932\d{3}$,7,1,7,7,1.000000,1,0,50932001,50932007,contiguous,official_completed_subset
2009|key|E03|50930|3,2009,key,E03,numeric8,50930,3,^50930\d{3}$,3,1,3,3,1.000000,1,0,50930001,50930003,contiguous,official_completed_subset
2009|key|E03|50933|3,2009,key,E03,numeric8,50933,3,^50933\d{3}$,6,1,6,6,1.000000,1,0,50933001,50933006,contiguous,official_completed_subset
2009|key|E04|50934|3,2009,key,E04,numeric8,50934,3,^50934\d{3}$,6,1,6,6,1.000000,1,0,50934001,50934006,contiguous,official_completed_subset
2009|key|E05|50930|3,2009,key,E05,numeric8,50930,3,^50930\d{3}$,1,5,5,1,1.000000,1,0,50930005,50930005,contiguous,official_completed_subset
2009|key|E05|50935|3,2009,key,E05,numeric8,50935,3,^50935\d{3}$,8,1,8,8,1.000000,1,0,50935001,50935008,contiguous,official_completed_subset
2009|key|E06|50930|3,2009,key,E06,numeric8,50930,3,^50930\d{3}$,3,4,7,4,0.750000,2,1,50930004,50930007,moderate,official_completed_subset
2009|key|E06|50936|3,2009,key,E06,numeric8,50936,3,^50936\d{3}$,6,1,6,6,1.000000,1,0,50936001,50936006,contiguous,official_completed_subset
2009|key|E07|50937|3,2009,key,E07,numeric8,50937,3,^50937\d{3}$,5,1,5,5,1.000000,1,0,50937001,50937005,contiguous,official_completed_subset
2009|key|E08|50938|3,2009,key,E08,numeric8,50938,3,^50938\d{3}$,5,1,8,8,0.625000,3,3,50938001,50938008,moderate,official_completed_subset
2009|key|E09|50939|3,2009,key,E09,numeric8,50939,3,^50939\d{3}$,3,4,6,3,1.000000,1,0,50939004,50939006,contiguous,official_completed_subset
2009|key|E10|50938|3,2009,key,E10,numeric8,50938,3,^50938\d{3}$,3,4,7,4,0.750000,2,1,50938004,50938007,moderate,official_completed_subset
2009|key|E10|50939|3,2009,key,E10,numeric8,50939,3,^50939\d{3}$,1,1,1,1,1.000000,1,0,50939001,50939001,contiguous,official_completed_subset
2009|key|E11|50939|3,2009,key,E11,numeric8,50939,3,^50939\d{3}$,2,2,3,2,1.000000,1,0,50939002,50939003,contiguous,official_completed_subset
2009|major_research_plan|E01|90923|3,2009,major_research_plan,E01,numeric8,90923,3,^90923\d{3}$,1,11,11,1,1.000000,1,0,90923011,90923011,contiguous,official_completed_subset
2009|major_research_plan|E02|90916|3,2009,major_research_plan,E02,numeric8,90916,3,^90916\d{3}$,3,2,30,29,0.103448,3,26,90916002,90916030,sparse,official_completed_subset
2009|major_research_plan|E02|90922|3,2009,major_research_plan,E02,numeric8,90922,3,^90922\d{3}$,7,24,37,14,0.500000,2,7,90922024,90922037,moderate,official_completed_subset
2009|major_research_plan|E02|90923|3,2009,major_research_plan,E02,numeric8,90923,3,^90923\d{3}$,3,12,14,3,1.000000,1,0,90923012,90923014,contiguous,official_completed_subset
2009|major_research_plan|E03|90923|3,2009,major_research_plan,E03,numeric8,90923,3,^90923\d{3}$,2,15,37,23,0.086957,2,21,90923015,90923037,sparse,official_completed_subset
2009|major_research_plan|E04|90916|3,2009,major_research_plan,E04,numeric8,90916,3,^90916\d{3}$,1,20,20,1,1.000000,1,0,90916020,90916020,contiguous,official_completed_subset
2009|major_research_plan|E05|90916|3,2009,major_research_plan,E05,numeric8,90916,3,^90916\d{3}$,1,21,21,1,1.000000,1,0,90916021,90916021,contiguous,official_completed_subset
2009|major_research_plan|E05|90923|3,2009,major_research_plan,E05,numeric8,90923,3,^90923\d{3}$,23,1,700,700,0.032857,4,677,90923001,90923700,sparse,official_completed_subset
2009|major_research_plan|E06|90916|3,2009,major_research_plan,E06,numeric8,90916,3,^90916\d{3}$,2,22,23,2,1.000000,1,0,90916022,90916023,contiguous,official_completed_subset
2009|major_research_plan|E08|90915|3,2009,major_research_plan,E08,numeric8,90915,3,^90915\d{3}$,11,0,12,13,0.846154,2,2,90915000,90915012,dense,official_completed_subset
2009|major_research_plan|E09|90915|3,2009,major_research_plan,E09,numeric8,90915,3,^90915\d{3}$,1,9,9,1,1.000000,1,0,90915009,90915009,contiguous,official_completed_subset
2009|regional|E01|50961|3,2009,regional,E01,numeric8,50961,3,^50961\d{3}$,10,1,10,10,1.000000,1,0,50961001,50961010,contiguous,official_completed_subset
2009|regional|E02|50962|3,2009,regional,E02,numeric8,50962,3,^50962\d{3}$,11,1,11,11,1.000000,1,0,50962001,50962011,contiguous,official_completed_subset
2009|regional|E03|50963|3,2009,regional,E03,numeric8,50963,3,^50963\d{3}$,6,1,6,6,1.000000,1,0,50963001,50963006,contiguous,official_completed_subset
2009|regional|E04|50964|3,2009,regional,E04,numeric8,50964,3,^50964\d{3}$,14,1,14,14,1.000000,1,0,50964001,50964014,contiguous,official_completed_subset
2009|regional|E05|50965|3,2009,regional,E05,numeric8,50965,3,^50965\d{3}$,17,1,17,17,1.000000,1,0,50965001,50965017,contiguous,official_completed_subset
2009|regional|E06|50966|3,2009,regional,E06,numeric8,50966,3,^50966\d{3}$,4,1,4,4,1.000000,1,0,50966001,50966004,contiguous,official_completed_subset
2009|regional|E07|50967|3,2009,regional,E07,numeric8,50967,3,^50967\d{3}$,4,1,4,4,1.000000,1,0,50967001,50967004,contiguous,official_completed_subset
2009|regional|E08|50968|3,2009,regional,E08,numeric8,50968,3,^50968\d{3}$,15,1,17,17,0.882353,3,2,50968001,50968017,dense,official_completed_subset
2009|regional|E09|50969|3,2009,regional,E09,numeric8,50969,3,^50969\d{3}$,8,1,9,9,0.888889,2,1,50969001,50969009,dense,official_completed_subset
2009|regional|E10|50968|3,2009,regional,E10,numeric8,50968,3,^50968\d{3}$,2,2,5,4,0.500000,2,2,50968002,50968005,moderate,official_completed_subset
2009|regional|E10|50969|3,2009,regional,E10,numeric8,50969,3,^50969\d{3}$,2,5,10,6,0.333333,2,4,50969005,50969010,sparse,official_completed_subset
2009|special|E01|50941|3,2009,special,E01,numeric8,50941,3,^50941\d{3}$,6,11,46,36,0.166667,4,30,50941011,50941046,sparse,official_completed_subset
2009|special|E01|50951|3,2009,special,E01,numeric8,50951,3,^50951\d{3}$,1,1,1,1,1.000000,1,0,50951001,50951001,contiguous,official_completed_subset
2009|special|E02|50927|3,2009,special,E02,numeric8,50927,3,^50927\d{3}$,1,201,201,1,1.000000,1,0,50927201,50927201,contiguous,official_completed_subset
2009|special|E02|50942|3,2009,special,E02,numeric8,50942,3,^50942\d{3}$,7,5,47,43,0.162791,3,36,50942005,50942047,sparse,official_completed_subset
2009|special|E02|50952|3,2009,special,E02,numeric8,50952,3,^50952\d{3}$,2,8,9,2,1.000000,1,0,50952008,50952009,contiguous,official_completed_subset
2009|special|E03|50943|3,2009,special,E03,numeric8,50943,3,^50943\d{3}$,6,10,48,39,0.153846,4,33,50943010,50943048,sparse,official_completed_subset
2009|special|E03|50955|3,2009,special,E03,numeric8,50955,3,^50955\d{3}$,1,10,10,1,1.000000,1,0,50955010,50955010,contiguous,official_completed_subset
2009|special|E04|50927|3,2009,special,E04,numeric8,50927,3,^50927\d{3}$,1,403,403,1,1.000000,1,0,50927403,50927403,contiguous,official_completed_subset
2009|special|E04|50944|3,2009,special,E04,numeric8,50944,3,^50944\d{3}$,8,3,50,48,0.166667,6,40,50944003,50944050,sparse,official_completed_subset
2009|special|E04|50954|3,2009,special,E04,numeric8,50954,3,^50954\d{3}$,6,2,7,6,1.000000,1,0,50954002,50954007,contiguous,official_completed_subset
2009|special|E05|50927|3,2009,special,E05,numeric8,50927,3,^50927\d{3}$,1,502,502,1,1.000000,1,0,50927502,50927502,contiguous,official_completed_subset
2009|special|E05|50945|3,2009,special,E05,numeric8,50945,3,^50945\d{3}$,11,1,51,51,0.215686,8,40,50945001,50945051,sparse,official_completed_subset
2009|special|E06|50946|3,2009,special,E06,numeric8,50946,3,^50946\d{3}$,5,4,52,49,0.102041,4,44,50946004,50946052,sparse,official_completed_subset
2009|special|E07|50947|3,2009,special,E07,numeric8,50947,3,^50947\d{3}$,5,12,54,43,0.116279,3,38,50947012,50947054,sparse,official_completed_subset
2009|special|E08|50927|3,2009,special,E08,numeric8,50927,3,^50927\d{3}$,1,805,805,1,1.000000,1,0,50927805,50927805,contiguous,official_completed_subset
2009|special|E08|50948|3,2009,special,E08,numeric8,50948,3,^50948\d{3}$,4,8,56,49,0.081633,3,45,50948008,50948056,sparse,official_completed_subset
2009|special|E09|50927|3,2009,special,E09,numeric8,50927,3,^50927\d{3}$,1,904,904,1,1.000000,1,0,50927904,50927904,contiguous,official_completed_subset
2009|special|E09|50949|3,2009,special,E09,numeric8,50949,3,^50949\d{3}$,3,9,57,49,0.061224,3,46,50949009,50949057,sparse,official_completed_subset
2009|special|E10|50948|3,2009,special,E10,numeric8,50948,3,^50948\d{3}$,1,55,55,1,1.000000,1,0,50948055,50948055,contiguous,official_completed_subset
2009|special|E10|50949|3,2009,special,E10,numeric8,50949,3,^50949\d{3}$,1,38,38,1,1.000000,1,0,50949038,50949038,contiguous,official_completed_subset
2009|special|E11|50949|3,2009,special,E11,numeric8,50949,3,^50949\d{3}$,1,58,58,1,1.000000,1,0,50949058,50949058,contiguous,official_completed_subset
2009|youth_c|E01|50901|3,2009,youth_c,E01,numeric8,50901,3,^50901\d{3}$,90,1,92,92,0.978261,3,2,50901001,50901092,dense,official_completed_subset
2009|youth_c|E02|50902|3,2009,youth_c,E02,numeric8,50902,3,^50902\d{3}$,150,1,151,151,0.993377,2,1,50902001,50902151,dense,official_completed_subset
2009|youth_c|E03|50903|3,2009,youth_c,E03,numeric8,50903,3,^50903\d{3}$,96,1,96,96,1.000000,1,0,50903001,50903096,contiguous,official_completed_subset
2009|youth_c|E04|50904|3,2009,youth_c,E04,numeric8,50904,3,^50904\d{3}$,83,1,83,83,1.000000,1,0,50904001,50904083,contiguous,official_completed_subset
2009|youth_c|E05|50905|3,2009,youth_c,E05,numeric8,50905,3,^50905\d{3}$,192,1,193,193,0.994819,2,1,50905001,50905193,dense,official_completed_subset
2009|youth_c|E06|50906|3,2009,youth_c,E06,numeric8,50906,3,^50906\d{3}$,102,1,104,104,0.980769,3,2,50906001,50906104,dense,official_completed_subset
2009|youth_c|E07|50907|3,2009,youth_c,E07,numeric8,50907,3,^50907\d{3}$,76,1,76,76,1.000000,1,0,50907001,50907076,contiguous,official_completed_subset
2009|youth_c|E08|50908|3,2009,youth_c,E08,numeric8,50908,3,^50908\d{3}$,183,3,246,244,0.750000,32,61,50908003,50908246,moderate,official_completed_subset
2009|youth_c|E09|50909|3,2009,youth_c,E09,numeric8,50909,3,^50909\d{3}$,68,2,109,108,0.629630,20,40,50909002,50909109,moderate,official_completed_subset
2009|youth_c|E10|50908|3,2009,youth_c,E10,numeric8,50908,3,^50908\d{3}$,63,1,241,241,0.261411,32,178,50908001,50908241,sparse,official_completed_subset
2009|youth_c|E10|50909|3,2009,youth_c,E10,numeric8,50909,3,^50909\d{3}$,15,1,110,110,0.136364,13,95,50909001,50909110,sparse,official_completed_subset
2009|youth_c|E11|50909|3,2009,youth_c,E11,numeric8,50909,3,^50909\d{3}$,27,9,96,88,0.306818,11,61,50909009,50909096,sparse,official_completed_subset
2010|general|E01|51071|3,2010,general,E01,numeric8,51071,3,^51071\d{3}$,182,1,183,183,0.994536,2,1,51071001,51071183,dense,official_completed_subset
2010|general|E02|51072|3,2010,general,E02,numeric8,51072,3,^51072\d{3}$,239,1,239,239,1.000000,1,0,51072001,51072239,contiguous,official_completed_subset
2010|general|E03|51073|3,2010,general,E03,numeric8,51073,3,^51073\d{3}$,179,1,179,179,1.000000,1,0,51073001,51073179,contiguous,official_completed_subset
2010|general|E04|51074|3,2010,general,E04,numeric8,51074,3,^51074\d{3}$,202,1,202,202,1.000000,1,0,51074001,51074202,contiguous,official_completed_subset
2010|general|E05|51075|3,2010,general,E05,numeric8,51075,3,^51075\d{3}$,420,1,421,421,0.997625,2,1,51075001,51075421,dense,official_completed_subset
2010|general|E06|51076|3,2010,general,E06,numeric8,51076,3,^51076\d{3}$,173,1,173,173,1.000000,1,0,51076001,51076173,contiguous,official_completed_subset
2010|general|E07|51077|3,2010,general,E07,numeric8,51077,3,^51077\d{3}$,139,1,139,139,1.000000,1,0,51077001,51077139,contiguous,official_completed_subset
2010|general|E08|51078|3,2010,general,E08,numeric8,51078,3,^51078\d{3}$,283,2,377,376,0.752660,43,93,51078002,51078377,moderate,official_completed_subset
2010|general|E09|51079|3,2010,general,E09,numeric8,51079,3,^51079\d{3}$,104,7,164,158,0.658228,24,54,51079007,51079164,moderate,official_completed_subset
2010|general|E10|51078|3,2010,general,E10,numeric8,51078,3,^51078\d{3}$,94,1,375,375,0.250667,43,281,51078001,51078375,sparse,official_completed_subset
2010|general|E10|51079|3,2010,general,E10,numeric8,51079,3,^51079\d{3}$,20,1,163,163,0.122699,14,143,51079001,51079163,sparse,official_completed_subset
2010|general|E11|51079|3,2010,general,E11,numeric8,51079,3,^51079\d{3}$,40,6,165,160,0.250000,17,120,51079006,51079165,sparse,official_completed_subset
2010|joint_fund|E04|51034|3,2010,joint_fund,E04,numeric8,51034,3,^51034\d{3}$,5,8,12,5,1.000000,1,0,51034008,51034012,contiguous,official_completed_subset
2010|joint_fund|E04|51074|3,2010,joint_fund,E04,numeric8,51074,3,^51074\d{3}$,10,203,212,10,1.000000,1,0,51074203,51074212,contiguous,official_completed_subset
2010|key|E01|51031|3,2010,key,E01,numeric8,51031,3,^51031\d{3}$,4,1,4,4,1.000000,1,0,51031001,51031004,contiguous,official_completed_subset
2010|key|E02|51032|3,2010,key,E02,numeric8,51032,3,^51032\d{3}$,8,1,8,8,1.000000,1,0,51032001,51032008,contiguous,official_completed_subset
2010|key|E03|51033|3,2010,key,E03,numeric8,51033,3,^51033\d{3}$,7,1,7,7,1.000000,1,0,51033001,51033007,contiguous,official_completed_subset
2010|key|E04|51034|3,2010,key,E04,numeric8,51034,3,^51034\d{3}$,7,1,7,7,1.000000,1,0,51034001,51034007,contiguous,official_completed_subset
2010|key|E05|51035|3,2010,key,E05,numeric8,51035,3,^51035\d{3}$,8,1,8,8,1.000000,1,0,51035001,51035008,contiguous,official_completed_subset
2010|key|E06|51036|3,2010,key,E06,numeric8,51036,3,^51036\d{3}$,7,1,7,7,1.000000,1,0,51036001,51036007,contiguous,official_completed_subset
2010|key|E07|51037|3,2010,key,E07,numeric8,51037,3,^51037\d{3}$,6,1,6,6,1.000000,1,0,51037001,51037006,contiguous,official_completed_subset
2010|key|E08|51038|3,2010,key,E08,numeric8,51038,3,^51038\d{3}$,7,2,9,8,0.875000,2,1,51038002,51038009,dense,official_completed_subset
2010|key|E09|51039|3,2010,key,E09,numeric8,51039,3,^51039\d{3}$,3,3,5,3,1.000000,1,0,51039003,51039005,contiguous,official_completed_subset
2010|key|E10|51038|3,2010,key,E10,numeric8,51038,3,^51038\d{3}$,2,1,3,3,0.666667,2,1,51038001,51038003,moderate,official_completed_subset
2010|key|E10|51039|3,2010,key,E10,numeric8,51039,3,^51039\d{3}$,3,1,7,7,0.428571,2,4,51039001,51039007,moderate,official_completed_subset
2010|key|E11|51039|3,2010,key,E11,numeric8,51039,3,^51039\d{3}$,1,6,6,1,1.000000,1,0,51039006,51039006,contiguous,official_completed_subset
2010|major_research_plan|E01|91026|3,2010,major_research_plan,E01,numeric8,91026,3,^91026\d{3}$,3,6,18,13,0.230769,3,10,91026006,91026018,sparse,official_completed_subset
2010|major_research_plan|E02|91016|3,2010,major_research_plan,E02,numeric8,91016,3,^91016\d{3}$,2,3,14,12,0.166667,2,10,91016003,91016014,sparse,official_completed_subset
2010|major_research_plan|E02|91022|3,2010,major_research_plan,E02,numeric8,91022,3,^91022\d{3}$,8,24,36,13,0.615385,2,5,91022024,91022036,moderate,official_completed_subset
2010|major_research_plan|E02|91023|3,2010,major_research_plan,E02,numeric8,91023,3,^91023\d{3}$,7,7,41,35,0.200000,2,28,91023007,91023041,sparse,official_completed_subset
2010|major_research_plan|E03|91016|3,2010,major_research_plan,E03,numeric8,91016,3,^91016\d{3}$,1,15,15,1,1.000000,1,0,91016015,91016015,contiguous,official_completed_subset
2010|major_research_plan|E03|91023|3,2010,major_research_plan,E03,numeric8,91023,3,^91023\d{3}$,2,13,14,2,1.000000,1,0,91023013,91023014,contiguous,official_completed_subset
2010|major_research_plan|E03|91027|3,2010,major_research_plan,E03,numeric8,91027,3,^91027\d{3}$,1,39,39,1,1.000000,1,0,91027039,91027039,contiguous,official_completed_subset
2010|major_research_plan|E04|91010|3,2010,major_research_plan,E04,numeric8,91010,3,^91010\d{3}$,1,2,2,1,1.000000,1,0,91010002,91010002,contiguous,official_completed_subset
2010|major_research_plan|E04|91026|3,2010,major_research_plan,E04,numeric8,91026,3,^91026\d{3}$,1,24,24,1,1.000000,1,0,91026024,91026024,contiguous,official_completed_subset
2010|major_research_plan|E05|91023|3,2010,major_research_plan,E05,numeric8,91023,3,^91023\d{3}$,30,15,47,33,0.909091,2,3,91023015,91023047,dense,official_completed_subset
2010|major_research_plan|E06|91010|3,2010,major_research_plan,E06,numeric8,91010,3,^91010\d{3}$,11,5,20,16,0.687500,6,5,91010005,91010020,moderate,official_completed_subset
2010|major_research_plan|E06|91016|3,2010,major_research_plan,E06,numeric8,91016,3,^91016\d{3}$,1,16,16,1,1.000000,1,0,91016016,91016016,contiguous,official_completed_subset
2010|major_research_plan|E07|91010|3,2010,major_research_plan,E07,numeric8,91010,3,^91010\d{3}$,1,1,1,1,1.000000,1,0,91010001,91010001,contiguous,official_completed_subset
2010|major_research_plan|E08|91015|3,2010,major_research_plan,E08,numeric8,91015,3,^91015\d{3}$,13,1,13,13,1.000000,1,0,91015001,91015013,contiguous,official_completed_subset
2010|major_research_plan|E09|91010|3,2010,major_research_plan,E09,numeric8,91010,3,^91010\d{3}$,3,3,14,12,0.250000,3,9,91010003,91010014,sparse,official_completed_subset
2010|regional|E01|51061|3,2010,regional,E01,numeric8,51061,3,^51061\d{3}$,16,1,17,17,0.941176,2,1,51061001,51061017,dense,official_completed_subset
2010|regional|E02|51062|3,2010,regional,E02,numeric8,51062,3,^51062\d{3}$,18,1,18,18,1.000000,1,0,51062001,51062018,contiguous,official_completed_subset
2010|regional|E03|51063|3,2010,regional,E03,numeric8,51063,3,^51063\d{3}$,9,1,9,9,1.000000,1,0,51063001,51063009,contiguous,official_completed_subset
2010|regional|E04|51064|3,2010,regional,E04,numeric8,51064,3,^51064\d{3}$,22,1,22,22,1.000000,1,0,51064001,51064022,contiguous,official_completed_subset
2010|regional|E05|51065|3,2010,regional,E05,numeric8,51065,3,^51065\d{3}$,28,1,28,28,1.000000,1,0,51065001,51065028,contiguous,official_completed_subset
2010|regional|E06|51066|3,2010,regional,E06,numeric8,51066,3,^51066\d{3}$,8,1,8,8,1.000000,1,0,51066001,51066008,contiguous,official_completed_subset
2010|regional|E07|51067|3,2010,regional,E07,numeric8,51067,3,^51067\d{3}$,9,1,9,9,1.000000,1,0,51067001,51067009,contiguous,official_completed_subset
2010|regional|E08|51068|3,2010,regional,E08,numeric8,51068,3,^51068\d{3}$,19,1,27,27,0.703704,5,8,51068001,51068027,moderate,official_completed_subset
2010|regional|E09|51069|3,2010,regional,E09,numeric8,51069,3,^51069\d{3}$,14,1,17,17,0.823529,4,3,51069001,51069017,dense,official_completed_subset
2010|regional|E10|51068|3,2010,regional,E10,numeric8,51068,3,^51068\d{3}$,8,10,25,16,0.500000,4,8,51068010,51068025,moderate,official_completed_subset
2010|regional|E10|51069|3,2010,regional,E10,numeric8,51069,3,^51069\d{3}$,3,7,14,8,0.375000,3,5,51069007,51069014,sparse,official_completed_subset
2010|special|E01|51024|3,2010,special,E01,numeric8,51024,3,^51024\d{3}$,3,801,803,3,1.000000,1,0,51024801,51024803,contiguous,official_completed_subset
2010|special|E01|51027|3,2010,special,E01,numeric8,51027,3,^51027\d{3}$,1,5,5,1,1.000000,1,0,51027005,51027005,contiguous,official_completed_subset
2010|special|E01|51041|3,2010,special,E01,numeric8,51041,3,^51041\d{3}$,10,1,11,11,0.909091,2,1,51041001,51041011,dense,official_completed_subset
2010|special|E01|51045|3,2010,special,E01,numeric8,51045,3,^51045\d{3}$,1,3,3,1,1.000000,1,0,51045003,51045003,contiguous,official_completed_subset
2010|special|E02|51042|3,2010,special,E02,numeric8,51042,3,^51042\d{3}$,13,1,13,13,1.000000,1,0,51042001,51042013,contiguous,official_completed_subset
2010|special|E02|51043|3,2010,special,E02,numeric8,51043,3,^51043\d{3}$,1,10,10,1,1.000000,1,0,51043010,51043010,contiguous,official_completed_subset
2010|special|E03|51043|3,2010,special,E03,numeric8,51043,3,^51043\d{3}$,8,1,12,12,0.666667,2,4,51043001,51043012,moderate,official_completed_subset
2010|special|E03|51070|3,2010,special,E03,numeric8,51070,3,^51070\d{3}$,1,1,1,1,1.000000,1,0,51070001,51070001,contiguous,official_completed_subset
2010|special|E03|51074|3,2010,special,E03,numeric8,51074,3,^51074\d{3}$,1,213,213,1,1.000000,1,0,51074213,51074213,contiguous,official_completed_subset
2010|special|E03|51075|3,2010,special,E03,numeric8,51075,3,^51075\d{3}$,1,422,422,1,1.000000,1,0,51075422,51075422,contiguous,official_completed_subset
2010|special|E03|51076|3,2010,special,E03,numeric8,51076,3,^51076\d{3}$,1,174,174,1,1.000000,1,0,51076174,51076174,contiguous,official_completed_subset
2010|special|E03|51079|3,2010,special,E03,numeric8,51079,3,^51079\d{3}$,1,166,166,1,1.000000,1,0,51079166,51079166,contiguous,official_completed_subset
2010|special|E04|51027|3,2010,special,E04,numeric8,51027,3,^51027\d{3}$,1,3,3,1,1.000000,1,0,51027003,51027003,contiguous,official_completed_subset
2010|special|E04|51044|3,2010,special,E04,numeric8,51044,3,^51044\d{3}$,11,1,11,11,1.000000,1,0,51044001,51044011,contiguous,official_completed_subset
2010|special|E04|51054|3,2010,special,E04,numeric8,51054,3,^51054\d{3}$,8,1,8,8,1.000000,1,0,51054001,51054008,contiguous,official_completed_subset
2010|special|E04|51075|3,2010,special,E04,numeric8,51075,3,^51075\d{3}$,1,423,423,1,1.000000,1,0,51075423,51075423,contiguous,official_completed_subset
2010|special|E05|51001|3,2010,special,E05,numeric8,51001,3,^51001\d{3}$,1,121,121,1,1.000000,1,0,51001121,51001121,contiguous,official_completed_subset
2010|special|E05|51006|3,2010,special,E05,numeric8,51006,3,^51006\d{3}$,1,132,132,1,1.000000,1,0,51006132,51006132,contiguous,official_completed_subset
2010|special|E05|51027|3,2010,special,E05,numeric8,51027,3,^51027\d{3}$,2,6,7,2,1.000000,1,0,51027006,51027007,contiguous,official_completed_subset
2010|special|E05|51045|3,2010,special,E05,numeric8,51045,3,^51045\d{3}$,10,1,11,11,0.909091,2,1,51045001,51045011,dense,official_completed_subset
2010|special|E05|51050|3,2010,special,E05,numeric8,51050,3,^51050\d{3}$,2,1,2,2,1.000000,1,0,51050001,51050002,contiguous,official_completed_subset
2010|special|E05|51051|3,2010,special,E05,numeric8,51051,3,^51051\d{3}$,1,1,1,1,1.000000,1,0,51051001,51051001,contiguous,official_completed_subset
2010|special|E05|51072|3,2010,special,E05,numeric8,51072,3,^51072\d{3}$,1,240,240,1,1.000000,1,0,51072240,51072240,contiguous,official_completed_subset
2010|special|E06|51003|3,2010,special,E06,numeric8,51003,3,^51003\d{3}$,1,125,125,1,1.000000,1,0,51003125,51003125,contiguous,official_completed_subset
2010|special|E06|51020|3,2010,special,E06,numeric8,51020,3,^51020\d{3}$,1,8,8,1,1.000000,1,0,51020008,51020008,contiguous,official_completed_subset
2010|special|E06|51027|3,2010,special,E06,numeric8,51027,3,^51027\d{3}$,1,1,1,1,1.000000,1,0,51027001,51027001,contiguous,official_completed_subset
2010|special|E06|51046|3,2010,special,E06,numeric8,51046,3,^51046\d{3}$,5,1,10,10,0.500000,2,5,51046001,51046010,moderate,official_completed_subset
2010|special|E06|51051|3,2010,special,E06,numeric8,51051,3,^51051\d{3}$,1,2,2,1,1.000000,1,0,51051002,51051002,contiguous,official_completed_subset
2010|special|E06|51071|3,2010,special,E06,numeric8,51071,3,^51071\d{3}$,1,184,184,1,1.000000,1,0,51071184,51071184,contiguous,official_completed_subset
2010|special|E06|51075|3,2010,special,E06,numeric8,51075,3,^51075\d{3}$,1,424,424,1,1.000000,1,0,51075424,51075424,contiguous,official_completed_subset
2010|special|E06|51077|3,2010,special,E06,numeric8,51077,3,^51077\d{3}$,3,140,142,3,1.000000,1,0,51077140,51077142,contiguous,official_completed_subset
2010|special|E06|51078|3,2010,special,E06,numeric8,51078,3,^51078\d{3}$,1,378,378,1,1.000000,1,0,51078378,51078378,contiguous,official_completed_subset
2010|special|E07|51024|3,2010,special,E07,numeric8,51024,3,^51024\d{3}$,1,804,804,1,1.000000,1,0,51024804,51024804,contiguous,official_completed_subset
2010|special|E07|51047|3,2010,special,E07,numeric8,51047,3,^51047\d{3}$,4,1,10,10,0.400000,2,6,51047001,51047010,moderate,official_completed_subset
2010|special|E07|51057|3,2010,special,E07,numeric8,51057,3,^51057\d{3}$,1,1,1,1,1.000000,1,0,51057001,51057001,contiguous,official_completed_subset
2010|special|E07|51071|3,2010,special,E07,numeric8,51071,3,^51071\d{3}$,1,185,185,1,1.000000,1,0,51071185,51071185,contiguous,official_completed_subset
2010|special|E07|51073|3,2010,special,E07,numeric8,51073,3,^51073\d{3}$,1,180,180,1,1.000000,1,0,51073180,51073180,contiguous,official_completed_subset
2010|special|E07|51078|3,2010,special,E07,numeric8,51078,3,^51078\d{3}$,1,379,379,1,1.000000,1,0,51078379,51078379,contiguous,official_completed_subset
2010|special|E07|51079|3,2010,special,E07,numeric8,51079,3,^51079\d{3}$,1,167,167,1,1.000000,1,0,51079167,51079167,contiguous,official_completed_subset
2010|special|E08|51006|3,2010,special,E08,numeric8,51006,3,^51006\d{3}$,1,133,133,1,1.000000,1,0,51006133,51006133,contiguous,official_completed_subset
2010|special|E08|51027|3,2010,special,E08,numeric8,51027,3,^51027\d{3}$,1,4,4,1,1.000000,1,0,51027004,51027004,contiguous,official_completed_subset
2010|special|E08|51048|3,2010,special,E08,numeric8,51048,3,^51048\d{3}$,7,1,11,11,0.636364,2,4,51048001,51048011,moderate,official_completed_subset
2010|special|E08|51050|3,2010,special,E08,numeric8,51050,3,^51050\d{3}$,1,3,3,1,1.000000,1,0,51050003,51050003,contiguous,official_completed_subset
2010|special|E08|51058|3,2010,special,E08,numeric8,51058,3,^51058\d{3}$,1,1,1,1,1.000000,1,0,51058001,51058001,contiguous,official_completed_subset
2010|special|E08|51074|3,2010,special,E08,numeric8,51074,3,^51074\d{3}$,1,214,214,1,1.000000,1,0,51074214,51074214,contiguous,official_completed_subset
2010|special|E09|51002|3,2010,special,E09,numeric8,51002,3,^51002\d{3}$,1,196,196,1,1.000000,1,0,51002196,51002196,contiguous,official_completed_subset
2010|special|E09|51004|3,2010,special,E09,numeric8,51004,3,^51004\d{3}$,1,120,120,1,1.000000,1,0,51004120,51004120,contiguous,official_completed_subset
2010|special|E09|51006|3,2010,special,E09,numeric8,51006,3,^51006\d{3}$,1,134,134,1,1.000000,1,0,51006134,51006134,contiguous,official_completed_subset
2010|special|E09|51024|3,2010,special,E09,numeric8,51024,3,^51024\d{3}$,1,805,805,1,1.000000,1,0,51024805,51024805,contiguous,official_completed_subset
2010|special|E09|51027|3,2010,special,E09,numeric8,51027,3,^51027\d{3}$,1,2,2,1,1.000000,1,0,51027002,51027002,contiguous,official_completed_subset
2010|special|E09|51049|3,2010,special,E09,numeric8,51049,3,^51049\d{3}$,2,1,11,11,0.181818,2,9,51049001,51049011,sparse,official_completed_subset
2010|special|E09|51060|3,2010,special,E09,numeric8,51060,3,^51060\d{3}$,2,1,2,2,1.000000,1,0,51060001,51060002,contiguous,official_completed_subset
2010|special|E10|51051|3,2010,special,E10,numeric8,51051,3,^51051\d{3}$,1,3,3,1,1.000000,1,0,51051003,51051003,contiguous,official_completed_subset
2010|special|E10|51071|3,2010,special,E10,numeric8,51071,3,^51071\d{3}$,1,186,186,1,1.000000,1,0,51071186,51071186,contiguous,official_completed_subset
2010|special|E11|51002|3,2010,special,E11,numeric8,51002,3,^51002\d{3}$,1,195,195,1,1.000000,1,0,51002195,51002195,contiguous,official_completed_subset
2010|special|E11|51049|3,2010,special,E11,numeric8,51049,3,^51049\d{3}$,2,2,10,9,0.222222,2,7,51049002,51049010,sparse,official_completed_subset
2010|special|E11|51072|3,2010,special,E11,numeric8,51072,3,^51072\d{3}$,1,241,241,1,1.000000,1,0,51072241,51072241,contiguous,official_completed_subset
2010|youth_c|E01|51001|3,2010,youth_c,E01,numeric8,51001,3,^51001\d{3}$,120,1,120,120,1.000000,1,0,51001001,51001120,contiguous,official_completed_subset
2010|youth_c|E02|51002|3,2010,youth_c,E02,numeric8,51002,3,^51002\d{3}$,194,1,194,194,1.000000,1,0,51002001,51002194,contiguous,official_completed_subset
2010|youth_c|E03|51003|3,2010,youth_c,E03,numeric8,51003,3,^51003\d{3}$,124,1,124,124,1.000000,1,0,51003001,51003124,contiguous,official_completed_subset
2010|youth_c|E04|51004|3,2010,youth_c,E04,numeric8,51004,3,^51004\d{3}$,119,1,119,119,1.000000,1,0,51004001,51004119,contiguous,official_completed_subset
2010|youth_c|E05|51005|3,2010,youth_c,E05,numeric8,51005,3,^51005\d{3}$,263,1,264,264,0.996212,2,1,51005001,51005264,dense,official_completed_subset
2010|youth_c|E06|51006|3,2010,youth_c,E06,numeric8,51006,3,^51006\d{3}$,129,1,131,131,0.984733,3,2,51006001,51006131,dense,official_completed_subset
2010|youth_c|E07|51007|3,2010,youth_c,E07,numeric8,51007,3,^51007\d{3}$,100,1,100,100,1.000000,1,0,51007001,51007100,contiguous,official_completed_subset
2010|youth_c|E08|51008|3,2010,youth_c,E08,numeric8,51008,3,^51008\d{3}$,244,1,321,321,0.760125,42,77,51008001,51008321,moderate,official_completed_subset
2010|youth_c|E09|51009|3,2010,youth_c,E09,numeric8,51009,3,^51009\d{3}$,93,1,154,154,0.603896,22,61,51009001,51009154,moderate,official_completed_subset
2010|youth_c|E10|51008|3,2010,youth_c,E10,numeric8,51008,3,^51008\d{3}$,78,3,322,320,0.243750,42,242,51008003,51008322,sparse,official_completed_subset
2010|youth_c|E10|51009|3,2010,youth_c,E10,numeric8,51009,3,^51009\d{3}$,19,6,155,150,0.126667,14,131,51009006,51009155,sparse,official_completed_subset
2010|youth_c|E11|51009|3,2010,youth_c,E11,numeric8,51009,3,^51009\d{3}$,44,16,156,141,0.312057,15,97,51009016,51009156,sparse,official_completed_subset
2011|general|E01|51171|3,2011,general,E01,numeric8,51171,3,^51171\d{3}$,216,1,216,216,1.000000,1,0,51171001,51171216,contiguous,official_completed_subset
2011|general|E02|51172|3,2011,general,E02,numeric8,51172,3,^51172\d{3}$,292,1,293,293,0.996587,2,1,51172001,51172293,dense,official_completed_subset
2011|general|E03|51173|3,2011,general,E03,numeric8,51173,3,^51173\d{3}$,214,1,216,216,0.990741,3,2,51173001,51173216,dense,official_completed_subset
2011|general|E04|51174|3,2011,general,E04,numeric8,51174,3,^51174\d{3}$,246,1,246,246,1.000000,1,0,51174001,51174246,contiguous,official_completed_subset
2011|general|E05|51175|3,2011,general,E05,numeric8,51175,3,^51175\d{3}$,535,1,535,535,1.000000,1,0,51175001,51175535,contiguous,official_completed_subset
2011|general|E06|51176|3,2011,general,E06,numeric8,51176,3,^51176\d{3}$,211,1,212,212,0.995283,2,1,51176001,51176212,dense,official_completed_subset
2011|general|E07|51177|3,2011,general,E07,numeric8,51177,3,^51177\d{3}$,182,1,183,183,0.994536,2,1,51177001,51177183,dense,official_completed_subset
2011|general|E08|51178|3,2011,general,E08,numeric8,51178,3,^51178\d{3}$,379,1,491,491,0.771894,46,112,51178001,51178491,moderate,official_completed_subset
2011|general|E09|51179|3,2011,general,E09,numeric8,51179,3,^51179\d{3}$,128,3,213,211,0.606635,31,83,51179003,51179213,moderate,official_completed_subset
2011|general|E10|51178|3,2011,general,E10,numeric8,51178,3,^51178\d{3}$,110,2,484,483,0.227743,43,373,51178002,51178484,sparse,official_completed_subset
2011|general|E10|51179|3,2011,general,E10,numeric8,51179,3,^51179\d{3}$,29,1,215,215,0.134884,18,186,51179001,51179215,sparse,official_completed_subset
2011|general|E11|51179|3,2011,general,E11,numeric8,51179,3,^51179\d{3}$,58,18,211,194,0.298969,20,136,51179018,51179211,sparse,official_completed_subset
2011|joint_fund|E01|U1134|3,2011,joint_fund,E01,alpha_numeric,U1134,3,^U1134\d{3}$,1,101,101,1,1.000000,1,0,U1134101,U1134101,contiguous,official_completed_subset
2011|joint_fund|E02|U1134|3,2011,joint_fund,E02,alpha_numeric,U1134,3,^U1134\d{3}$,1,102,102,1,1.000000,1,0,U1134102,U1134102,contiguous,official_completed_subset
2011|joint_fund|E03|U1134|3,2011,joint_fund,E03,alpha_numeric,U1134,3,^U1134\d{3}$,1,105,105,1,1.000000,1,0,U1134105,U1134105,contiguous,official_completed_subset
2011|joint_fund|E04|51134|3,2011,joint_fund,E04,numeric8,51134,3,^51134\d{3}$,18,8,25,18,1.000000,1,0,51134008,51134025,contiguous,official_completed_subset
2011|joint_fund|E04|51174|3,2011,joint_fund,E04,numeric8,51174,3,^51174\d{3}$,45,247,291,45,1.000000,1,0,51174247,51174291,contiguous,official_completed_subset
2011|joint_fund|E05|U1134|3,2011,joint_fund,E05,alpha_numeric,U1134,3,^U1134\d{3}$,5,103,203,101,0.049505,3,96,U1134103,U1134203,sparse,official_completed_subset
2011|joint_fund|E07|U1134|3,2011,joint_fund,E07,alpha_numeric,U1134,3,^U1134\d{3}$,5,104,205,102,0.049020,4,97,U1134104,U1134205,sparse,official_completed_subset
2011|joint_fund|E08|U1134|3,2011,joint_fund,E08,alpha_numeric,U1134,3,^U1134\d{3}$,6,107,209,103,0.058252,3,97,U1134107,U1134209,sparse,official_completed_subset
2011|key|E01|51131|3,2011,key,E01,numeric8,51131,3,^51131\d{3}$,9,1,9,9,1.000000,1,0,51131001,51131009,contiguous,official_completed_subset
2011|key|E02|51132|3,2011,key,E02,numeric8,51132,3,^51132\d{3}$,10,1,10,10,1.000000,1,0,51132001,51132010,contiguous,official_completed_subset
2011|key|E03|51133|3,2011,key,E03,numeric8,51133,3,^51133\d{3}$,9,1,9,9,1.000000,1,0,51133001,51133009,contiguous,official_completed_subset
2011|key|E04|51134|3,2011,key,E04,numeric8,51134,3,^51134\d{3}$,7,1,7,7,1.000000,1,0,51134001,51134007,contiguous,official_completed_subset
2011|key|E05|51135|3,2011,key,E05,numeric8,51135,3,^51135\d{3}$,9,1,9,9,1.000000,1,0,51135001,51135009,contiguous,official_completed_subset
2011|key|E06|51136|3,2011,key,E06,numeric8,51136,3,^51136\d{3}$,7,1,7,7,1.000000,1,0,51136001,51136007,contiguous,official_completed_subset
2011|key|E07|51137|3,2011,key,E07,numeric8,51137,3,^51137\d{3}$,6,1,6,6,1.000000,1,0,51137001,51137006,contiguous,official_completed_subset
2011|key|E08|51138|3,2011,key,E08,numeric8,51138,3,^51138\d{3}$,6,1,7,7,0.857143,2,1,51138001,51138007,dense,official_completed_subset
2011|key|E09|51139|3,2011,key,E09,numeric8,51139,3,^51139\d{3}$,5,1,7,7,0.714286,3,2,51139001,51139007,moderate,official_completed_subset
2011|key|E10|51138|3,2011,key,E10,numeric8,51138,3,^51138\d{3}$,3,6,9,4,0.750000,2,1,51138006,51138009,moderate,official_completed_subset
2011|key|E10|51139|3,2011,key,E10,numeric8,51139,3,^51139\d{3}$,1,3,3,1,1.000000,1,0,51139003,51139003,contiguous,official_completed_subset
2011|key|E11|51139|3,2011,key,E11,numeric8,51139,3,^51139\d{3}$,1,5,5,1,1.000000,1,0,51139005,51139005,contiguous,official_completed_subset
2011|major_research_plan|E01|91123|3,2011,major_research_plan,E01,numeric8,91123,3,^91123\d{3}$,1,4,4,1,1.000000,1,0,91123004,91123004,contiguous,official_completed_subset
2011|major_research_plan|E02|91116|3,2011,major_research_plan,E02,numeric8,91116,3,^91116\d{3}$,1,15,15,1,1.000000,1,0,91116015,91116015,contiguous,official_completed_subset
2011|major_research_plan|E02|91122|3,2011,major_research_plan,E02,numeric8,91122,3,^91122\d{3}$,8,20,35,16,0.500000,2,8,91122020,91122035,moderate,official_completed_subset
2011|major_research_plan|E02|91123|3,2011,major_research_plan,E02,numeric8,91123,3,^91123\d{3}$,6,5,10,6,1.000000,1,0,91123005,91123010,contiguous,official_completed_subset
2011|major_research_plan|E03|91123|3,2011,major_research_plan,E03,numeric8,91123,3,^91123\d{3}$,3,11,32,22,0.136364,2,19,91123011,91123032,sparse,official_completed_subset
2011|major_research_plan|E03|91127|3,2011,major_research_plan,E03,numeric8,91127,3,^91127\d{3}$,2,38,39,2,1.000000,1,0,91127038,91127039,contiguous,official_completed_subset
2011|major_research_plan|E05|91123|3,2011,major_research_plan,E05,numeric8,91123,3,^91123\d{3}$,18,12,37,26,0.692308,2,8,91123012,91123037,moderate,official_completed_subset
2011|regional|E01|51161|3,2011,regional,E01,numeric8,51161,3,^51161\d{3}$,25,1,25,25,1.000000,1,0,51161001,51161025,contiguous,official_completed_subset
2011|regional|E02|51162|3,2011,regional,E02,numeric8,51162,3,^51162\d{3}$,26,1,26,26,1.000000,1,0,51162001,51162026,contiguous,official_completed_subset
2011|regional|E03|51163|3,2011,regional,E03,numeric8,51163,3,^51163\d{3}$,16,1,16,16,1.000000,1,0,51163001,51163016,contiguous,official_completed_subset
2011|regional|E04|51164|3,2011,regional,E04,numeric8,51164,3,^51164\d{3}$,34,1,34,34,1.000000,1,0,51164001,51164034,contiguous,official_completed_subset
2011|regional|E05|51165|3,2011,regional,E05,numeric8,51165,3,^51165\d{3}$,44,1,44,44,1.000000,1,0,51165001,51165044,contiguous,official_completed_subset
2011|regional|E06|51166|3,2011,regional,E06,numeric8,51166,3,^51166\d{3}$,14,1,14,14,1.000000,1,0,51166001,51166014,contiguous,official_completed_subset
2011|regional|E07|51167|3,2011,regional,E07,numeric8,51167,3,^51167\d{3}$,18,1,18,18,1.000000,1,0,51167001,51167018,contiguous,official_completed_subset
2011|regional|E08|51168|3,2011,regional,E08,numeric8,51168,3,^51168\d{3}$,36,2,45,44,0.818182,5,8,51168002,51168045,dense,official_completed_subset
2011|regional|E09|51169|3,2011,regional,E09,numeric8,51169,3,^51169\d{3}$,21,1,25,25,0.840000,4,4,51169001,51169025,dense,official_completed_subset
2011|regional|E10|51168|3,2011,regional,E10,numeric8,51168,3,^51168\d{3}$,11,1,47,47,0.234043,6,36,51168001,51168047,sparse,official_completed_subset
2011|regional|E10|51169|3,2011,regional,E10,numeric8,51169,3,^51169\d{3}$,3,6,18,13,0.230769,2,10,51169006,51169018,sparse,official_completed_subset
2011|special|E01|51141|3,2011,special,E01,numeric8,51141,3,^51141\d{3}$,11,1,11,11,1.000000,1,0,51141001,51141011,contiguous,official_completed_subset
2011|special|E02|51142|3,2011,special,E02,numeric8,51142,3,^51142\d{3}$,13,1,13,13,1.000000,1,0,51142001,51142013,contiguous,official_completed_subset
2011|special|E02|51152|3,2011,special,E02,numeric8,51152,3,^51152\d{3}$,1,1,1,1,1.000000,1,0,51152001,51152001,contiguous,official_completed_subset
2011|special|E03|51127|3,2011,special,E03,numeric8,51127,3,^51127\d{3}$,1,3,3,1,1.000000,1,0,51127003,51127003,contiguous,official_completed_subset
2011|special|E03|51143|3,2011,special,E03,numeric8,51143,3,^51143\d{3}$,12,1,12,12,1.000000,1,0,51143001,51143012,contiguous,official_completed_subset
2011|special|E03|51153|3,2011,special,E03,numeric8,51153,3,^51153\d{3}$,1,1,1,1,1.000000,1,0,51153001,51153001,contiguous,official_completed_subset
2011|special|E04|51144|3,2011,special,E04,numeric8,51144,3,^51144\d{3}$,11,1,12,12,0.916667,2,1,51144001,51144012,dense,official_completed_subset
2011|special|E04|51154|3,2011,special,E04,numeric8,51154,3,^51154\d{3}$,3,1,3,3,1.000000,1,0,51154001,51154003,contiguous,official_completed_subset
2011|special|E05|51127|3,2011,special,E05,numeric8,51127,3,^51127\d{3}$,2,1,4,4,0.500000,2,2,51127001,51127004,moderate,official_completed_subset
2011|special|E05|51145|3,2011,special,E05,numeric8,51145,3,^51145\d{3}$,17,1,17,17,1.000000,1,0,51145001,51145017,contiguous,official_completed_subset
2011|special|E06|51127|3,2011,special,E06,numeric8,51127,3,^51127\d{3}$,1,2,2,1,1.000000,1,0,51127002,51127002,contiguous,official_completed_subset
2011|special|E06|51146|3,2011,special,E06,numeric8,51146,3,^51146\d{3}$,12,1,12,12,1.000000,1,0,51146001,51146012,contiguous,official_completed_subset
2011|special|E07|51147|3,2011,special,E07,numeric8,51147,3,^51147\d{3}$,9,1,11,11,0.818182,3,2,51147001,51147011,dense,official_completed_subset
2011|special|E08|51127|3,2011,special,E08,numeric8,51127,3,^51127\d{3}$,1,5,5,1,1.000000,1,0,51127005,51127005,contiguous,official_completed_subset
2011|special|E08|51148|3,2011,special,E08,numeric8,51148,3,^51148\d{3}$,7,2,10,9,0.777778,3,2,51148002,51148010,moderate,official_completed_subset
2011|special|E09|51127|3,2011,special,E09,numeric8,51127,3,^51127\d{3}$,1,6,6,1,1.000000,1,0,51127006,51127006,contiguous,official_completed_subset
2011|special|E09|51149|3,2011,special,E09,numeric8,51149,3,^51149\d{3}$,6,2,13,12,0.500000,4,6,51149002,51149013,moderate,official_completed_subset
2011|special|E10|51148|3,2011,special,E10,numeric8,51148,3,^51148\d{3}$,3,1,6,6,0.500000,3,3,51148001,51148006,moderate,official_completed_subset
2011|special|E10|51149|3,2011,special,E10,numeric8,51149,3,^51149\d{3}$,1,5,5,1,1.000000,1,0,51149005,51149005,contiguous,official_completed_subset
2011|special|E11|51149|3,2011,special,E11,numeric8,51149,3,^51149\d{3}$,2,1,3,3,0.666667,2,1,51149001,51149003,moderate,official_completed_subset
2011|youth_c|E01|51101|3,2011,youth_c,E01,numeric8,51101,3,^51101\d{3}$,178,1,178,178,1.000000,1,0,51101001,51101178,contiguous,official_completed_subset
2011|youth_c|E02|51102|3,2011,youth_c,E02,numeric8,51102,3,^51102\d{3}$,289,1,289,289,1.000000,1,0,51102001,51102289,contiguous,official_completed_subset
2011|youth_c|E03|51103|3,2011,youth_c,E03,numeric8,51103,3,^51103\d{3}$,183,1,184,184,0.994565,2,1,51103001,51103184,dense,official_completed_subset
2011|youth_c|E04|51104|3,2011,youth_c,E04,numeric8,51104,3,^51104\d{3}$,194,1,194,194,1.000000,1,0,51104001,51104194,contiguous,official_completed_subset
2011|youth_c|E05|51105|3,2011,youth_c,E05,numeric8,51105,3,^51105\d{3}$,395,1,398,398,0.992462,4,3,51105001,51105398,dense,official_completed_subset
2011|youth_c|E06|51106|3,2011,youth_c,E06,numeric8,51106,3,^51106\d{3}$,188,1,190,190,0.989474,3,2,51106001,51106190,dense,official_completed_subset
2011|youth_c|E07|51107|3,2011,youth_c,E07,numeric8,51107,3,^51107\d{3}$,156,1,156,156,1.000000,1,0,51107001,51107156,contiguous,official_completed_subset
2011|youth_c|E08|51108|3,2011,youth_c,E08,numeric8,51108,3,^51108\d{3}$,360,2,488,487,0.739220,64,127,51108002,51108488,moderate,official_completed_subset
2011|youth_c|E09|51109|3,2011,youth_c,E09,numeric8,51109,3,^51109\d{3}$,141,1,231,231,0.610390,32,90,51109001,51109231,moderate,official_completed_subset
2011|youth_c|E10|51108|3,2011,youth_c,E10,numeric8,51108,3,^51108\d{3}$,127,1,487,487,0.260780,63,360,51108001,51108487,sparse,official_completed_subset
2011|youth_c|E10|51109|3,2011,youth_c,E10,numeric8,51109,3,^51109\d{3}$,33,2,229,228,0.144737,23,195,51109002,51109229,sparse,official_completed_subset
2011|youth_c|E11|51109|3,2011,youth_c,E11,numeric8,51109,3,^51109\d{3}$,58,5,232,228,0.254386,21,170,51109005,51109232,sparse,official_completed_subset
2012|general|E01|51271|3,2012,general,E01,numeric8,51271,3,^51271\d{3}$,215,1,215,215,1.000000,1,0,51271001,51271215,contiguous,official_completed_subset
2012|general|E02|51272|3,2012,general,E02,numeric8,51272,3,^51272\d{3}$,302,1,303,303,0.996700,2,1,51272001,51272303,dense,official_completed_subset
2012|general|E03|51273|3,2012,general,E03,numeric8,51273,3,^51273\d{3}$,221,1,221,221,1.000000,1,0,51273001,51273221,contiguous,official_completed_subset
2012|general|E04|51274|3,2012,general,E04,numeric8,51274,3,^51274\d{3}$,268,1,270,270,0.992593,3,2,51274001,51274270,dense,official_completed_subset
2012|general|E05|51275|3,2012,general,E05,numeric8,51275,3,^51275\d{3}$,560,1,560,560,1.000000,1,0,51275001,51275560,contiguous,official_completed_subset
2012|general|E06|51276|3,2012,general,E06,numeric8,51276,3,^51276\d{3}$,214,1,214,214,1.000000,1,0,51276001,51276214,contiguous,official_completed_subset
2012|general|E07|51277|3,2012,general,E07,numeric8,51277,3,^51277\d{3}$,196,1,196,196,1.000000,1,0,51277001,51277196,contiguous,official_completed_subset
2012|general|E08|51278|3,2012,general,E08,numeric8,51278,3,^51278\d{3}$,412,3,526,524,0.786260,50,112,51278003,51278526,moderate,official_completed_subset
2012|general|E09|51279|3,2012,general,E09,numeric8,51279,3,^51279\d{3}$,131,2,225,224,0.584821,33,93,51279002,51279225,moderate,official_completed_subset
2012|general|E10|51278|3,2012,general,E10,numeric8,51278,3,^51278\d{3}$,114,1,527,527,0.216319,50,413,51278001,51278527,sparse,official_completed_subset
2012|general|E10|51279|3,2012,general,E10,numeric8,51279,3,^51279\d{3}$,31,1,220,220,0.140909,19,189,51279001,51279220,sparse,official_completed_subset
2012|general|E11|51279|3,2012,general,E11,numeric8,51279,3,^51279\d{3}$,63,20,224,205,0.307317,21,142,51279020,51279224,sparse,official_completed_subset
2012|joint_fund|E01|U1204|3,2012,joint_fund,E01,alpha_numeric,U1204,3,^U1204\d{3}$,2,508,521,14,0.142857,2,12,U1204508,U1204521,sparse,official_completed_subset
2012|joint_fund|E01|U1234|3,2012,joint_fund,E01,alpha_numeric,U1234,3,^U1234\d{3}$,1,207,207,1,1.000000,1,0,U1234207,U1234207,contiguous,official_completed_subset
2012|joint_fund|E02|U1204|3,2012,joint_fund,E02,alpha_numeric,U1204,3,^U1204\d{3}$,4,501,519,19,0.210526,4,15,U1204501,U1204519,sparse,official_completed_subset
2012|joint_fund|E03|U1204|3,2012,joint_fund,E03,alpha_numeric,U1204,3,^U1204\d{3}$,4,504,518,15,0.266667,4,11,U1204504,U1204518,sparse,official_completed_subset
2012|joint_fund|E04|U1204|3,2012,joint_fund,E04,alpha_numeric,U1204,3,^U1204\d{3}$,2,503,512,10,0.200000,2,8,U1204503,U1204512,sparse,official_completed_subset
2012|joint_fund|E04|U1260|3,2012,joint_fund,E04,alpha_numeric,U1260,3,^U1260\d{3}$,8,101,204,104,0.076923,2,96,U1260101,U1260204,sparse,official_completed_subset
2012|joint_fund|E04|U1261|3,2012,joint_fund,E04,alpha_numeric,U1261,3,^U1261\d{3}$,40,101,214,114,0.350877,2,74,U1261101,U1261214,sparse,official_completed_subset
2012|joint_fund|E05|U1204|3,2012,joint_fund,E05,alpha_numeric,U1204,3,^U1204\d{3}$,4,514,524,11,0.363636,4,7,U1204514,U1204524,sparse,official_completed_subset
2012|joint_fund|E05|U1234|3,2012,joint_fund,E05,alpha_numeric,U1234,3,^U1234\d{3}$,2,206,208,3,0.666667,2,1,U1234206,U1234208,moderate,official_completed_subset
2012|joint_fund|E06|U1204|3,2012,joint_fund,E06,alpha_numeric,U1204,3,^U1204\d{3}$,2,523,525,3,0.666667,2,1,U1204523,U1204525,moderate,official_completed_subset
2012|joint_fund|E07|U1204|3,2012,joint_fund,E07,alpha_numeric,U1204,3,^U1204\d{3}$,2,506,515,10,0.200000,2,8,U1204506,U1204515,sparse,official_completed_subset
2012|joint_fund|E07|U1234|3,2012,joint_fund,E07,alpha_numeric,U1234,3,^U1234\d{3}$,3,202,205,4,0.750000,2,1,U1234202,U1234205,moderate,official_completed_subset
2012|joint_fund|E08|U1204|3,2012,joint_fund,E08,alpha_numeric,U1204,3,^U1204\d{3}$,2,502,513,12,0.166667,2,10,U1204502,U1204513,sparse,official_completed_subset
2012|joint_fund|E08|U1234|3,2012,joint_fund,E08,alpha_numeric,U1234,3,^U1234\d{3}$,5,201,211,11,0.454545,3,6,U1234201,U1234211,moderate,official_completed_subset
2012|joint_fund|E09|U1204|3,2012,joint_fund,E09,alpha_numeric,U1204,3,^U1204\d{3}$,2,509,511,3,0.666667,2,1,U1204509,U1204511,moderate,official_completed_subset
2012|joint_fund|E10|U1204|3,2012,joint_fund,E10,alpha_numeric,U1204,3,^U1204\d{3}$,1,522,522,1,1.000000,1,0,U1204522,U1204522,contiguous,official_completed_subset
2012|key|E01|51231|3,2012,key,E01,numeric8,51231,3,^51231\d{3}$,8,1,8,8,1.000000,1,0,51231001,51231008,contiguous,official_completed_subset
2012|key|E02|51232|3,2012,key,E02,numeric8,51232,3,^51232\d{3}$,9,1,9,9,1.000000,1,0,51232001,51232009,contiguous,official_completed_subset
2012|key|E03|51233|3,2012,key,E03,numeric8,51233,3,^51233\d{3}$,8,1,8,8,1.000000,1,0,51233001,51233008,contiguous,official_completed_subset
2012|key|E04|51234|3,2012,key,E04,numeric8,51234,3,^51234\d{3}$,10,1,10,10,1.000000,1,0,51234001,51234010,contiguous,official_completed_subset
2012|key|E05|51235|3,2012,key,E05,numeric8,51235,3,^51235\d{3}$,10,1,10,10,1.000000,1,0,51235001,51235010,contiguous,official_completed_subset
2012|key|E06|51236|3,2012,key,E06,numeric8,51236,3,^51236\d{3}$,8,1,8,8,1.000000,1,0,51236001,51236008,contiguous,official_completed_subset
2012|key|E07|51237|3,2012,key,E07,numeric8,51237,3,^51237\d{3}$,7,1,7,7,1.000000,1,0,51237001,51237007,contiguous,official_completed_subset
2012|key|E08|51238|3,2012,key,E08,numeric8,51238,3,^51238\d{3}$,8,3,12,10,0.800000,3,2,51238003,51238012,dense,official_completed_subset
2012|key|E09|51239|3,2012,key,E09,numeric8,51239,3,^51239\d{3}$,5,4,10,7,0.714286,2,2,51239004,51239010,moderate,official_completed_subset
2012|key|E10|51238|3,2012,key,E10,numeric8,51238,3,^51238\d{3}$,4,1,6,6,0.666667,3,2,51238001,51238006,moderate,official_completed_subset
2012|key|E10|51239|3,2012,key,E10,numeric8,51239,3,^51239\d{3}$,1,3,3,1,1.000000,1,0,51239003,51239003,contiguous,official_completed_subset
2012|key|E11|51239|3,2012,key,E11,numeric8,51239,3,^51239\d{3}$,4,1,8,8,0.500000,2,4,51239001,51239008,moderate,official_completed_subset
2012|major_research_plan|E01|91222|3,2012,major_research_plan,E01,numeric8,91222,3,^91222\d{3}$,1,109,109,1,1.000000,1,0,91222109,91222109,contiguous,official_completed_subset
2012|major_research_plan|E01|91226|3,2012,major_research_plan,E01,numeric8,91226,3,^91226\d{3}$,2,114,204,91,0.021978,2,89,91226114,91226204,sparse,official_completed_subset
2012|major_research_plan|E02|91216|3,2012,major_research_plan,E02,numeric8,91216,3,^91216\d{3}$,1,122,122,1,1.000000,1,0,91216122,91216122,contiguous,official_completed_subset
2012|major_research_plan|E02|91222|3,2012,major_research_plan,E02,numeric8,91222,3,^91222\d{3}$,3,110,204,95,0.031579,2,92,91222110,91222204,sparse,official_completed_subset
2012|major_research_plan|E02|91233|3,2012,major_research_plan,E02,numeric8,91233,3,^91233\d{3}$,6,109,204,96,0.062500,2,90,91233109,91233204,sparse,official_completed_subset
2012|major_research_plan|E03|91227|3,2012,major_research_plan,E03,numeric8,91227,3,^91227\d{3}$,1,124,124,1,1.000000,1,0,91227124,91227124,contiguous,official_completed_subset
2012|major_research_plan|E03|91233|3,2012,major_research_plan,E03,numeric8,91233,3,^91233\d{3}$,11,0,207,208,0.052885,3,197,91233000,91233207,sparse,official_completed_subset
2012|major_research_plan|E04|91216|3,2012,major_research_plan,E04,numeric8,91216,3,^91216\d{3}$,1,123,123,1,1.000000,1,0,91216123,91216123,contiguous,official_completed_subset
2012|major_research_plan|E05|91223|3,2012,major_research_plan,E05,numeric8,91223,3,^91223\d{3}$,3,201,203,3,1.000000,1,0,91223201,91223203,contiguous,official_completed_subset
2012|major_research_plan|E08|91215|3,2012,major_research_plan,E08,numeric8,91215,3,^91215\d{3}$,1,0,0,1,1.000000,1,0,91215000,91215000,contiguous,official_completed_subset
2012|regional|E01|51261|3,2012,regional,E01,numeric8,51261,3,^51261\d{3}$,28,1,28,28,1.000000,1,0,51261001,51261028,contiguous,official_completed_subset
2012|regional|E02|51262|3,2012,regional,E02,numeric8,51262,3,^51262\d{3}$,32,1,32,32,1.000000,1,0,51262001,51262032,contiguous,official_completed_subset
2012|regional|E03|51263|3,2012,regional,E03,numeric8,51263,3,^51263\d{3}$,21,1,21,21,1.000000,1,0,51263001,51263021,contiguous,official_completed_subset
2012|regional|E04|51264|3,2012,regional,E04,numeric8,51264,3,^51264\d{3}$,39,1,39,39,1.000000,1,0,51264001,51264039,contiguous,official_completed_subset
2012|regional|E05|51265|3,2012,regional,E05,numeric8,51265,3,^51265\d{3}$,51,1,51,51,1.000000,1,0,51265001,51265051,contiguous,official_completed_subset
2012|regional|E06|51266|3,2012,regional,E06,numeric8,51266,3,^51266\d{3}$,16,1,16,16,1.000000,1,0,51266001,51266016,contiguous,official_completed_subset
2012|regional|E07|51267|3,2012,regional,E07,numeric8,51267,3,^51267\d{3}$,21,1,21,21,1.000000,1,0,51267001,51267021,contiguous,official_completed_subset
2012|regional|E08|51268|3,2012,regional,E08,numeric8,51268,3,^51268\d{3}$,45,3,57,55,0.818182,10,10,51268003,51268057,dense,official_completed_subset
2012|regional|E09|51269|3,2012,regional,E09,numeric8,51269,3,^51269\d{3}$,27,1,33,33,0.818182,5,6,51269001,51269033,dense,official_completed_subset
2012|regional|E10|51268|3,2012,regional,E10,numeric8,51268,3,^51268\d{3}$,13,1,58,58,0.224138,11,45,51268001,51268058,sparse,official_completed_subset
2012|regional|E10|51269|3,2012,regional,E10,numeric8,51269,3,^51269\d{3}$,5,2,32,31,0.161290,3,26,51269002,51269032,sparse,official_completed_subset
2012|special|E01|51220|3,2012,special,E01,numeric8,51220,3,^51220\d{3}$,1,2,2,1,1.000000,1,0,51220002,51220002,contiguous,official_completed_subset
2012|special|E01|51224|3,2012,special,E01,numeric8,51224,3,^51224\d{3}$,2,1,2,2,1.000000,1,0,51224001,51224002,contiguous,official_completed_subset
2012|special|E01|51227|3,2012,special,E01,numeric8,51227,3,^51227\d{3}$,1,1,1,1,1.000000,1,0,51227001,51227001,contiguous,official_completed_subset
2012|special|E01|51241|3,2012,special,E01,numeric8,51241,3,^51241\d{3}$,10,1,10,10,1.000000,1,0,51241001,51241010,contiguous,official_completed_subset
2012|special|E02|51227|3,2012,special,E02,numeric8,51227,3,^51227\d{3}$,1,2,2,1,1.000000,1,0,51227002,51227002,contiguous,official_completed_subset
2012|special|E02|51242|3,2012,special,E02,numeric8,51242,3,^51242\d{3}$,10,1,10,10,1.000000,1,0,51242001,51242010,contiguous,official_completed_subset
2012|special|E03|51220|3,2012,special,E03,numeric8,51220,3,^51220\d{3}$,1,5,5,1,1.000000,1,0,51220005,51220005,contiguous,official_completed_subset
2012|special|E03|51243|3,2012,special,E03,numeric8,51243,3,^51243\d{3}$,9,1,9,9,1.000000,1,0,51243001,51243009,contiguous,official_completed_subset
2012|special|E04|51227|3,2012,special,E04,numeric8,51227,3,^51227\d{3}$,1,3,3,1,1.000000,1,0,51227003,51227003,contiguous,official_completed_subset
2012|special|E04|51244|3,2012,special,E04,numeric8,51244,3,^51244\d{3}$,10,1,10,10,1.000000,1,0,51244001,51244010,contiguous,official_completed_subset
2012|special|E04|51254|3,2012,special,E04,numeric8,51254,3,^51254\d{3}$,4,1,4,4,1.000000,1,0,51254001,51254004,contiguous,official_completed_subset
2012|special|E05|51220|3,2012,special,E05,numeric8,51220,3,^51220\d{3}$,1,1,1,1,1.000000,1,0,51220001,51220001,contiguous,official_completed_subset
2012|special|E05|51224|3,2012,special,E05,numeric8,51224,3,^51224\d{3}$,1,3,3,1,1.000000,1,0,51224003,51224003,contiguous,official_completed_subset
2012|special|E05|51227|3,2012,special,E05,numeric8,51227,3,^51227\d{3}$,1,4,4,1,1.000000,1,0,51227004,51227004,contiguous,official_completed_subset
2012|special|E05|51245|3,2012,special,E05,numeric8,51245,3,^51245\d{3}$,17,1,17,17,1.000000,1,0,51245001,51245017,contiguous,official_completed_subset
2012|special|E06|51220|3,2012,special,E06,numeric8,51220,3,^51220\d{3}$,1,3,3,1,1.000000,1,0,51220003,51220003,contiguous,official_completed_subset
2012|special|E06|51227|3,2012,special,E06,numeric8,51227,3,^51227\d{3}$,1,5,5,1,1.000000,1,0,51227005,51227005,contiguous,official_completed_subset
2012|special|E06|51246|3,2012,special,E06,numeric8,51246,3,^51246\d{3}$,10,1,10,10,1.000000,1,0,51246001,51246010,contiguous,official_completed_subset
2012|special|E07|51247|3,2012,special,E07,numeric8,51247,3,^51247\d{3}$,9,1,9,9,1.000000,1,0,51247001,51247009,contiguous,official_completed_subset
2012|special|E08|51220|3,2012,special,E08,numeric8,51220,3,^51220\d{3}$,1,4,4,1,1.000000,1,0,51220004,51220004,contiguous,official_completed_subset
2012|special|E08|51227|3,2012,special,E08,numeric8,51227,3,^51227\d{3}$,1,6,6,1,1.000000,1,0,51227006,51227006,contiguous,official_completed_subset
2012|special|E08|51248|3,2012,special,E08,numeric8,51248,3,^51248\d{3}$,8,1,9,9,0.888889,2,1,51248001,51248009,dense,official_completed_subset
2012|special|E09|51224|3,2012,special,E09,numeric8,51224,3,^51224\d{3}$,1,5,5,1,1.000000,1,0,51224005,51224005,contiguous,official_completed_subset
2012|special|E09|51249|3,2012,special,E09,numeric8,51249,3,^51249\d{3}$,6,2,10,9,0.666667,2,3,51249002,51249010,moderate,official_completed_subset
2012|special|E10|51224|3,2012,special,E10,numeric8,51224,3,^51224\d{3}$,1,4,4,1,1.000000,1,0,51224004,51224004,contiguous,official_completed_subset
2012|special|E10|51248|3,2012,special,E10,numeric8,51248,3,^51248\d{3}$,1,2,2,1,1.000000,1,0,51248002,51248002,contiguous,official_completed_subset
2012|special|E10|51249|3,2012,special,E10,numeric8,51249,3,^51249\d{3}$,1,4,4,1,1.000000,1,0,51249004,51249004,contiguous,official_completed_subset
2012|special|E11|51249|3,2012,special,E11,numeric8,51249,3,^51249\d{3}$,3,1,6,6,0.500000,2,3,51249001,51249006,moderate,official_completed_subset
2012|youth_c|E01|51201|3,2012,youth_c,E01,numeric8,51201,3,^51201\d{3}$,192,1,192,192,1.000000,1,0,51201001,51201192,contiguous,official_completed_subset
2012|youth_c|E02|51202|3,2012,youth_c,E02,numeric8,51202,3,^51202\d{3}$,304,1,304,304,1.000000,1,0,51202001,51202304,contiguous,official_completed_subset
2012|youth_c|E03|51203|3,2012,youth_c,E03,numeric8,51203,3,^51203\d{3}$,196,1,196,196,1.000000,1,0,51203001,51203196,contiguous,official_completed_subset
2012|youth_c|E04|51204|3,2012,youth_c,E04,numeric8,51204,3,^51204\d{3}$,221,1,221,221,1.000000,1,0,51204001,51204221,contiguous,official_completed_subset
2012|youth_c|E05|51205|3,2012,youth_c,E05,numeric8,51205,3,^51205\d{3}$,434,1,435,435,0.997701,2,1,51205001,51205435,dense,official_completed_subset
2012|youth_c|E06|51206|3,2012,youth_c,E06,numeric8,51206,3,^51206\d{3}$,198,1,201,201,0.985075,4,3,51206001,51206201,dense,official_completed_subset
2012|youth_c|E07|51207|3,2012,youth_c,E07,numeric8,51207,3,^51207\d{3}$,174,1,175,175,0.994286,2,1,51207001,51207175,dense,official_completed_subset
2012|youth_c|E08|51208|3,2012,youth_c,E08,numeric8,51208,3,^51208\d{3}$,408,2,538,537,0.759777,64,129,51208002,51208538,moderate,official_completed_subset
2012|youth_c|E09|51209|3,2012,youth_c,E09,numeric8,51209,3,^51209\d{3}$,146,1,242,242,0.603306,35,96,51209001,51209242,moderate,official_completed_subset
2012|youth_c|E10|51208|3,2012,youth_c,E10,numeric8,51208,3,^51208\d{3}$,129,1,539,539,0.239332,63,410,51208001,51208539,sparse,official_completed_subset
2012|youth_c|E10|51209|3,2012,youth_c,E10,numeric8,51209,3,^51209\d{3}$,40,3,240,238,0.168067,21,198,51209003,51209240,sparse,official_completed_subset
2012|youth_c|E11|51209|3,2012,youth_c,E11,numeric8,51209,3,^51209\d{3}$,56,4,218,215,0.260465,21,159,51209004,51209218,sparse,official_completed_subset
2013|general|E01|51371|3,2013,general,E01,numeric8,51371,3,^51371\d{3}$,202,1,203,203,0.995074,2,1,51371001,51371203,dense,official_completed_subset
2013|general|E02|51372|3,2013,general,E02,numeric8,51372,3,^51372\d{3}$,282,1,283,283,0.996466,2,1,51372001,51372283,dense,official_completed_subset
2013|general|E03|51373|3,2013,general,E03,numeric8,51373,3,^51373\d{3}$,205,1,205,205,1.000000,1,0,51373001,51373205,contiguous,official_completed_subset
2013|general|E04|51374|3,2013,general,E04,numeric8,51374,3,^51374\d{3}$,269,1,269,269,1.000000,1,0,51374001,51374269,contiguous,official_completed_subset
2013|general|E05|51375|3,2013,general,E05,numeric8,51375,3,^51375\d{3}$,520,1,521,521,0.998081,2,1,51375001,51375521,dense,official_completed_subset
2013|general|E06|51376|3,2013,general,E06,numeric8,51376,3,^51376\d{3}$,204,1,204,204,1.000000,1,0,51376001,51376204,contiguous,official_completed_subset
2013|general|E07|51377|3,2013,general,E07,numeric8,51377,3,^51377\d{3}$,188,1,188,188,1.000000,1,0,51377001,51377188,contiguous,official_completed_subset
2013|general|E08|51378|3,2013,general,E08,numeric8,51378,3,^51378\d{3}$,413,1,521,521,0.792706,47,108,51378001,51378521,moderate,official_completed_subset
2013|general|E09|51379|3,2013,general,E09,numeric8,51379,3,^51379\d{3}$,136,1,225,225,0.604444,29,89,51379001,51379225,moderate,official_completed_subset
2013|general|E10|51378|3,2013,general,E10,numeric8,51378,3,^51378\d{3}$,108,3,522,520,0.207692,46,412,51378003,51378522,sparse,official_completed_subset
2013|general|E10|51379|3,2013,general,E10,numeric8,51379,3,^51379\d{3}$,30,9,218,210,0.142857,17,180,51379009,51379218,sparse,official_completed_subset
2013|general|E11|51379|3,2013,general,E11,numeric8,51379,3,^51379\d{3}$,59,2,214,213,0.276995,18,154,51379002,51379214,sparse,official_completed_subset
2013|joint_fund|E01|U1304|3,2013,joint_fund,E01,alpha_numeric,U1304,3,^U1304\d{3}$,2,518,522,5,0.400000,2,3,U1304518,U1304522,moderate,official_completed_subset
2013|joint_fund|E02|U1304|3,2013,joint_fund,E02,alpha_numeric,U1304,3,^U1304\d{3}$,6,505,524,20,0.300000,5,14,U1304505,U1304524,sparse,official_completed_subset
2013|joint_fund|E03|U1304|3,2013,joint_fund,E03,alpha_numeric,U1304,3,^U1304\d{3}$,3,504,529,26,0.115385,3,23,U1304504,U1304529,sparse,official_completed_subset
2013|joint_fund|E04|U1304|3,2013,joint_fund,E04,alpha_numeric,U1304,3,^U1304\d{3}$,3,502,519,18,0.166667,3,15,U1304502,U1304519,sparse,official_completed_subset
2013|joint_fund|E04|U1360|3,2013,joint_fund,E04,alpha_numeric,U1360,3,^U1360\d{3}$,11,101,205,105,0.104762,2,94,U1360101,U1360205,sparse,official_completed_subset
2013|joint_fund|E04|U1361|3,2013,joint_fund,E04,alpha_numeric,U1361,3,^U1361\d{3}$,44,101,214,114,0.385965,2,70,U1361101,U1361214,sparse,official_completed_subset
2013|joint_fund|E05|U1304|3,2013,joint_fund,E05,alpha_numeric,U1304,3,^U1304\d{3}$,4,507,523,17,0.235294,3,13,U1304507,U1304523,sparse,official_completed_subset
2013|joint_fund|E05|U1334|3,2013,joint_fund,E05,alpha_numeric,U1334,3,^U1334\d{3}$,3,205,208,4,0.750000,2,1,U1334205,U1334208,moderate,official_completed_subset
2013|joint_fund|E06|U1304|3,2013,joint_fund,E06,alpha_numeric,U1304,3,^U1304\d{3}$,3,513,528,16,0.187500,3,13,U1304513,U1304528,sparse,official_completed_subset
2013|joint_fund|E07|U1304|3,2013,joint_fund,E07,alpha_numeric,U1304,3,^U1304\d{3}$,2,501,525,25,0.080000,2,23,U1304501,U1304525,sparse,official_completed_subset
2013|joint_fund|E08|U1304|3,2013,joint_fund,E08,alpha_numeric,U1304,3,^U1304\d{3}$,3,515,527,13,0.230769,2,10,U1304515,U1304527,sparse,official_completed_subset
2013|joint_fund|E08|U1334|3,2013,joint_fund,E08,alpha_numeric,U1334,3,^U1334\d{3}$,4,201,209,9,0.444444,4,5,U1334201,U1334209,moderate,official_completed_subset
2013|joint_fund|E09|U1304|3,2013,joint_fund,E09,alpha_numeric,U1304,3,^U1304\d{3}$,3,503,511,9,0.333333,3,6,U1304503,U1304511,sparse,official_completed_subset
2013|key|E01|51331|3,2013,key,E01,numeric8,51331,3,^51331\d{3}$,8,1,8,8,1.000000,1,0,51331001,51331008,contiguous,official_completed_subset
2013|key|E02|51332|3,2013,key,E02,numeric8,51332,3,^51332\d{3}$,9,1,9,9,1.000000,1,0,51332001,51332009,contiguous,official_completed_subset
2013|key|E03|51333|3,2013,key,E03,numeric8,51333,3,^51333\d{3}$,8,1,8,8,1.000000,1,0,51333001,51333008,contiguous,official_completed_subset
2013|key|E04|51334|3,2013,key,E04,numeric8,51334,3,^51334\d{3}$,8,1,8,8,1.000000,1,0,51334001,51334008,contiguous,official_completed_subset
2013|key|E05|51335|3,2013,key,E05,numeric8,51335,3,^51335\d{3}$,11,1,11,11,1.000000,1,0,51335001,51335011,contiguous,official_completed_subset
2013|key|E06|51336|3,2013,key,E06,numeric8,51336,3,^51336\d{3}$,11,1,11,11,1.000000,1,0,51336001,51336011,contiguous,official_completed_subset
2013|key|E07|51337|3,2013,key,E07,numeric8,51337,3,^51337\d{3}$,9,1,9,9,1.000000,1,0,51337001,51337009,contiguous,official_completed_subset
2013|key|E08|51338|3,2013,key,E08,numeric8,51338,3,^51338\d{3}$,8,1,9,9,0.888889,2,1,51338001,51338009,dense,official_completed_subset
2013|key|E09|51339|3,2013,key,E09,numeric8,51339,3,^51339\d{3}$,5,1,7,7,0.714286,3,2,51339001,51339007,moderate,official_completed_subset
2013|key|E10|51338|3,2013,key,E10,numeric8,51338,3,^51338\d{3}$,2,5,10,6,0.333333,2,4,51338005,51338010,sparse,official_completed_subset
2013|key|E10|51339|3,2013,key,E10,numeric8,51339,3,^51339\d{3}$,1,2,2,1,1.000000,1,0,51339002,51339002,contiguous,official_completed_subset
2013|key|E11|51339|3,2013,key,E11,numeric8,51339,3,^51339\d{3}$,2,5,8,4,0.500000,2,2,51339005,51339008,moderate,official_completed_subset
2013|major_research_plan|E01|91326|3,2013,major_research_plan,E01,numeric8,91326,3,^91326\d{3}$,1,114,114,1,1.000000,1,0,91326114,91326114,contiguous,official_completed_subset
2013|major_research_plan|E02|91333|3,2013,major_research_plan,E02,numeric8,91333,3,^91333\d{3}$,11,105,207,103,0.106796,7,92,91333105,91333207,sparse,official_completed_subset
2013|major_research_plan|E03|91333|3,2013,major_research_plan,E03,numeric8,91333,3,^91333\d{3}$,12,102,208,107,0.112150,8,95,91333102,91333208,sparse,official_completed_subset
2013|major_research_plan|E05|91323|3,2013,major_research_plan,E05,numeric8,91323,3,^91323\d{3}$,6,0,106,107,0.056075,2,101,91323000,91323106,sparse,official_completed_subset
2013|major_research_plan|E06|91334|3,2013,major_research_plan,E06,numeric8,91334,3,^91334\d{3}$,2,110,111,2,1.000000,1,0,91334110,91334111,contiguous,official_completed_subset
2013|major_research_plan|E10|91334|3,2013,major_research_plan,E10,numeric8,91334,3,^91334\d{3}$,1,112,112,1,1.000000,1,0,91334112,91334112,contiguous,official_completed_subset
2013|regional|E01|51361|3,2013,regional,E01,numeric8,51361,3,^51361\d{3}$,28,1,28,28,1.000000,1,0,51361001,51361028,contiguous,official_completed_subset
2013|regional|E02|51362|3,2013,regional,E02,numeric8,51362,3,^51362\d{3}$,31,1,31,31,1.000000,1,0,51362001,51362031,contiguous,official_completed_subset
2013|regional|E03|51363|3,2013,regional,E03,numeric8,51363,3,^51363\d{3}$,20,1,20,20,1.000000,1,0,51363001,51363020,contiguous,official_completed_subset
2013|regional|E04|51364|3,2013,regional,E04,numeric8,51364,3,^51364\d{3}$,40,1,40,40,1.000000,1,0,51364001,51364040,contiguous,official_completed_subset
2013|regional|E05|51365|3,2013,regional,E05,numeric8,51365,3,^51365\d{3}$,53,1,54,54,0.981481,2,1,51365001,51365054,dense,official_completed_subset
2013|regional|E06|51366|3,2013,regional,E06,numeric8,51366,3,^51366\d{3}$,15,1,15,15,1.000000,1,0,51366001,51366015,contiguous,official_completed_subset
2013|regional|E07|51367|3,2013,regional,E07,numeric8,51367,3,^51367\d{3}$,19,1,19,19,1.000000,1,0,51367001,51367019,contiguous,official_completed_subset
2013|regional|E08|51368|3,2013,regional,E08,numeric8,51368,3,^51368\d{3}$,49,1,60,60,0.816667,7,11,51368001,51368060,dense,official_completed_subset
2013|regional|E09|51369|3,2013,regional,E09,numeric8,51369,3,^51369\d{3}$,25,1,31,31,0.806452,7,6,51369001,51369031,dense,official_completed_subset
2013|regional|E10|51368|3,2013,regional,E10,numeric8,51368,3,^51368\d{3}$,12,4,61,58,0.206897,7,46,51368004,51368061,sparse,official_completed_subset
2013|regional|E10|51369|3,2013,regional,E10,numeric8,51369,3,^51369\d{3}$,5,4,30,27,0.185185,5,22,51369004,51369030,sparse,official_completed_subset
2013|regional|E11|51369|3,2013,regional,E11,numeric8,51369,3,^51369\d{3}$,1,8,8,1,1.000000,1,0,51369008,51369008,contiguous,official_completed_subset
2013|special|E01|51341|3,2013,special,E01,numeric8,51341,3,^51341\d{3}$,10,1,10,10,1.000000,1,0,51341001,51341010,contiguous,official_completed_subset
2013|special|E02|51323|3,2013,special,E02,numeric8,51323,3,^51323\d{3}$,2,1,2,2,1.000000,1,0,51323001,51323002,contiguous,official_completed_subset
2013|special|E02|51342|3,2013,special,E02,numeric8,51342,3,^51342\d{3}$,10,1,10,10,1.000000,1,0,51342001,51342010,contiguous,official_completed_subset
2013|special|E02|51352|3,2013,special,E02,numeric8,51352,3,^51352\d{3}$,3,1,3,3,1.000000,1,0,51352001,51352003,contiguous,official_completed_subset
2013|special|E03|51323|3,2013,special,E03,numeric8,51323,3,^51323\d{3}$,1,3,3,1,1.000000,1,0,51323003,51323003,contiguous,official_completed_subset
2013|special|E03|51343|3,2013,special,E03,numeric8,51343,3,^51343\d{3}$,8,1,8,8,1.000000,1,0,51343001,51343008,contiguous,official_completed_subset
2013|special|E03|51353|3,2013,special,E03,numeric8,51353,3,^51353\d{3}$,3,1,3,3,1.000000,1,0,51353001,51353003,contiguous,official_completed_subset
2013|special|E04|51323|3,2013,special,E04,numeric8,51323,3,^51323\d{3}$,1,4,4,1,1.000000,1,0,51323004,51323004,contiguous,official_completed_subset
2013|special|E04|51327|3,2013,special,E04,numeric8,51327,3,^51327\d{3}$,1,7,7,1,1.000000,1,0,51327007,51327007,contiguous,official_completed_subset
2013|special|E04|51344|3,2013,special,E04,numeric8,51344,3,^51344\d{3}$,12,1,12,12,1.000000,1,0,51344001,51344012,contiguous,official_completed_subset
2013|special|E04|51354|3,2013,special,E04,numeric8,51354,3,^51354\d{3}$,1,1,1,1,1.000000,1,0,51354001,51354001,contiguous,official_completed_subset
2013|special|E05|51323|3,2013,special,E05,numeric8,51323,3,^51323\d{3}$,5,5,9,5,1.000000,1,0,51323005,51323009,contiguous,official_completed_subset
2013|special|E05|51327|3,2013,special,E05,numeric8,51327,3,^51327\d{3}$,2,5,6,2,1.000000,1,0,51327005,51327006,contiguous,official_completed_subset
2013|special|E05|51345|3,2013,special,E05,numeric8,51345,3,^51345\d{3}$,16,1,16,16,1.000000,1,0,51345001,51345016,contiguous,official_completed_subset
2013|special|E05|51355|3,2013,special,E05,numeric8,51355,3,^51355\d{3}$,1,1,1,1,1.000000,1,0,51355001,51355001,contiguous,official_completed_subset
2013|special|E06|51323|3,2013,special,E06,numeric8,51323,3,^51323\d{3}$,2,10,11,2,1.000000,1,0,51323010,51323011,contiguous,official_completed_subset
2013|special|E06|51327|3,2013,special,E06,numeric8,51327,3,^51327\d{3}$,1,1,1,1,1.000000,1,0,51327001,51327001,contiguous,official_completed_subset
2013|special|E06|51346|3,2013,special,E06,numeric8,51346,3,^51346\d{3}$,9,1,9,9,1.000000,1,0,51346001,51346009,contiguous,official_completed_subset
2013|special|E06|51356|3,2013,special,E06,numeric8,51356,3,^51356\d{3}$,1,1,1,1,1.000000,1,0,51356001,51356001,contiguous,official_completed_subset
2013|special|E07|51323|3,2013,special,E07,numeric8,51323,3,^51323\d{3}$,1,12,12,1,1.000000,1,0,51323012,51323012,contiguous,official_completed_subset
2013|special|E07|51327|3,2013,special,E07,numeric8,51327,3,^51327\d{3}$,1,2,2,1,1.000000,1,0,51327002,51327002,contiguous,official_completed_subset
2013|special|E07|51347|3,2013,special,E07,numeric8,51347,3,^51347\d{3}$,10,1,10,10,1.000000,1,0,51347001,51347010,contiguous,official_completed_subset
2013|special|E08|51323|3,2013,special,E08,numeric8,51323,3,^51323\d{3}$,1,13,13,1,1.000000,1,0,51323013,51323013,contiguous,official_completed_subset
2013|special|E08|51327|3,2013,special,E08,numeric8,51327,3,^51327\d{3}$,1,3,3,1,1.000000,1,0,51327003,51327003,contiguous,official_completed_subset
2013|special|E08|51348|3,2013,special,E08,numeric8,51348,3,^51348\d{3}$,7,1,10,10,0.700000,2,3,51348001,51348010,moderate,official_completed_subset
2013|special|E09|51323|3,2013,special,E09,numeric8,51323,3,^51323\d{3}$,1,14,14,1,1.000000,1,0,51323014,51323014,contiguous,official_completed_subset
2013|special|E09|51349|3,2013,special,E09,numeric8,51349,3,^51349\d{3}$,11,1,15,15,0.733333,5,4,51349001,51349015,moderate,official_completed_subset
2013|special|E10|51320|3,2013,special,E10,numeric8,51320,3,^51320\d{3}$,1,1,1,1,1.000000,1,0,51320001,51320001,contiguous,official_completed_subset
2013|special|E10|51327|3,2013,special,E10,numeric8,51327,3,^51327\d{3}$,1,4,4,1,1.000000,1,0,51327004,51327004,contiguous,official_completed_subset
2013|special|E10|51348|3,2013,special,E10,numeric8,51348,3,^51348\d{3}$,5,7,12,6,0.833333,2,1,51348007,51348012,dense,official_completed_subset
2013|special|E10|51349|3,2013,special,E10,numeric8,51349,3,^51349\d{3}$,1,5,5,1,1.000000,1,0,51349005,51349005,contiguous,official_completed_subset
2013|special|E11|51349|3,2013,special,E11,numeric8,51349,3,^51349\d{3}$,2,2,9,8,0.250000,2,6,51349002,51349009,sparse,official_completed_subset
2013|youth_c|E01|51301|3,2013,youth_c,E01,numeric8,51301,3,^51301\d{3}$,215,1,215,215,1.000000,1,0,51301001,51301215,contiguous,official_completed_subset
2013|youth_c|E02|51302|3,2013,youth_c,E02,numeric8,51302,3,^51302\d{3}$,327,1,330,330,0.990909,4,3,51302001,51302330,dense,official_completed_subset
2013|youth_c|E03|51303|3,2013,youth_c,E03,numeric8,51303,3,^51303\d{3}$,216,1,218,218,0.990826,3,2,51303001,51303218,dense,official_completed_subset
2013|youth_c|E04|51304|3,2013,youth_c,E04,numeric8,51304,3,^51304\d{3}$,260,1,260,260,1.000000,1,0,51304001,51304260,contiguous,official_completed_subset
2013|youth_c|E05|51305|3,2013,youth_c,E05,numeric8,51305,3,^51305\d{3}$,478,1,478,478,1.000000,1,0,51305001,51305478,contiguous,official_completed_subset
2013|youth_c|E06|51306|3,2013,youth_c,E06,numeric8,51306,3,^51306\d{3}$,215,1,216,216,0.995370,2,1,51306001,51306216,dense,official_completed_subset
2013|youth_c|E07|51307|3,2013,youth_c,E07,numeric8,51307,3,^51307\d{3}$,187,1,187,187,1.000000,1,0,51307001,51307187,contiguous,official_completed_subset
2013|youth_c|E08|51308|3,2013,youth_c,E08,numeric8,51308,3,^51308\d{3}$,446,3,576,574,0.777003,73,128,51308003,51308576,moderate,official_completed_subset
2013|youth_c|E09|51309|3,2013,youth_c,E09,numeric8,51309,3,^51309\d{3}$,151,1,264,264,0.571970,41,113,51309001,51309264,moderate,official_completed_subset
2013|youth_c|E10|51308|3,2013,youth_c,E10,numeric8,51308,3,^51308\d{3}$,126,1,564,564,0.223404,71,438,51308001,51308564,sparse,official_completed_subset
2013|youth_c|E10|51309|3,2013,youth_c,E10,numeric8,51309,3,^51309\d{3}$,45,3,253,251,0.179283,28,206,51309003,51309253,sparse,official_completed_subset
2013|youth_c|E11|51309|3,2013,youth_c,E11,numeric8,51309,3,^51309\d{3}$,67,35,241,207,0.323671,21,140,51309035,51309241,sparse,official_completed_subset
2014|general|E01|51471|3,2014,general,E01,numeric8,51471,3,^51471\d{3}$,189,1,189,189,1.000000,1,0,51471001,51471189,contiguous,official_completed_subset
2014|general|E02|51472|3,2014,general,E02,numeric8,51472,3,^51472\d{3}$,276,1,276,276,1.000000,1,0,51472001,51472276,contiguous,official_completed_subset
2014|general|E03|51473|3,2014,general,E03,numeric8,51473,3,^51473\d{3}$,187,1,187,187,1.000000,1,0,51473001,51473187,contiguous,official_completed_subset
2014|general|E04|51474|3,2014,general,E04,numeric8,51474,3,^51474\d{3}$,257,1,257,257,1.000000,1,0,51474001,51474257,contiguous,official_completed_subset
2014|general|E05|51475|3,2014,general,E05,numeric8,51475,3,^51475\d{3}$,483,1,485,485,0.995876,3,2,51475001,51475485,dense,official_completed_subset
2014|general|E06|51476|3,2014,general,E06,numeric8,51476,3,^51476\d{3}$,189,1,190,190,0.994737,2,1,51476001,51476190,dense,official_completed_subset
2014|general|E07|51477|3,2014,general,E07,numeric8,51477,3,^51477\d{3}$,184,1,184,184,1.000000,1,0,51477001,51477184,contiguous,official_completed_subset
2014|general|E08|51478|3,2014,general,E08,numeric8,51478,3,^51478\d{3}$,377,1,488,488,0.772541,45,111,51478001,51478488,moderate,official_completed_subset
2014|general|E09|51479|3,2014,general,E09,numeric8,51479,3,^51479\d{3}$,128,1,217,217,0.589862,29,89,51479001,51479217,moderate,official_completed_subset
2014|general|E10|51478|3,2014,general,E10,numeric8,51478,3,^51478\d{3}$,110,6,487,482,0.228216,43,372,51478006,51478487,sparse,official_completed_subset
2014|general|E10|51479|3,2014,general,E10,numeric8,51479,3,^51479\d{3}$,28,5,219,215,0.130233,16,187,51479005,51479219,sparse,official_completed_subset
2014|general|E11|51479|3,2014,general,E11,numeric8,51479,3,^51479\d{3}$,63,14,207,194,0.324742,18,131,51479014,51479207,sparse,official_completed_subset
2014|joint_fund|E01|U1404|3,2014,joint_fund,E01,alpha_numeric,U1404,3,^U1404\d{3}$,2,501,502,2,1.000000,1,0,U1404501,U1404502,contiguous,official_completed_subset
2014|joint_fund|E01|U1407|3,2014,joint_fund,E01,alpha_numeric,U1407,3,^U1407\d{3}$,1,136,136,1,1.000000,1,0,U1407136,U1407136,contiguous,official_completed_subset
2014|joint_fund|E01|U1435|3,2014,joint_fund,E01,alpha_numeric,U1435,3,^U1435\d{3}$,2,201,207,7,0.285714,2,5,U1435201,U1435207,sparse,official_completed_subset
2014|joint_fund|E02|U1404|3,2014,joint_fund,E02,alpha_numeric,U1404,3,^U1404\d{3}$,4,503,506,4,1.000000,1,0,U1404503,U1404506,contiguous,official_completed_subset
2014|joint_fund|E02|U1435|3,2014,joint_fund,E02,alpha_numeric,U1435,3,^U1435\d{3}$,5,202,210,9,0.555556,3,4,U1435202,U1435210,moderate,official_completed_subset
2014|joint_fund|E03|U1404|3,2014,joint_fund,E03,alpha_numeric,U1404,3,^U1404\d{3}$,3,507,509,3,1.000000,1,0,U1404507,U1404509,contiguous,official_completed_subset
2014|joint_fund|E04|U1404|3,2014,joint_fund,E04,alpha_numeric,U1404,3,^U1404\d{3}$,3,510,512,3,1.000000,1,0,U1404510,U1404512,contiguous,official_completed_subset
2014|joint_fund|E04|U1407|3,2014,joint_fund,E04,alpha_numeric,U1407,3,^U1407\d{3}$,1,137,137,1,1.000000,1,0,U1407137,U1407137,contiguous,official_completed_subset
2014|joint_fund|E04|U1435|3,2014,joint_fund,E04,alpha_numeric,U1435,3,^U1435\d{3}$,3,203,205,3,1.000000,1,0,U1435203,U1435205,contiguous,official_completed_subset
2014|joint_fund|E04|U1460|3,2014,joint_fund,E04,alpha_numeric,U1460,3,^U1460\d{3}$,12,101,204,104,0.115385,2,92,U1460101,U1460204,sparse,official_completed_subset
2014|joint_fund|E05|U1404|3,2014,joint_fund,E05,alpha_numeric,U1404,3,^U1404\d{3}$,6,513,518,6,1.000000,1,0,U1404513,U1404518,contiguous,official_completed_subset
2014|joint_fund|E05|U1434|3,2014,joint_fund,E05,alpha_numeric,U1434,3,^U1434\d{3}$,1,201,201,1,1.000000,1,0,U1434201,U1434201,contiguous,official_completed_subset
2014|joint_fund|E06|U1404|3,2014,joint_fund,E06,alpha_numeric,U1404,3,^U1404\d{3}$,3,519,521,3,1.000000,1,0,U1404519,U1404521,contiguous,official_completed_subset
2014|joint_fund|E07|U1404|3,2014,joint_fund,E07,alpha_numeric,U1404,3,^U1404\d{3}$,1,522,522,1,1.000000,1,0,U1404522,U1404522,contiguous,official_completed_subset
2014|joint_fund|E07|U1434|3,2014,joint_fund,E07,alpha_numeric,U1434,3,^U1434\d{3}$,2,202,203,2,1.000000,1,0,U1434202,U1434203,contiguous,official_completed_subset
2014|joint_fund|E08|U1404|3,2014,joint_fund,E08,alpha_numeric,U1404,3,^U1404\d{3}$,4,524,527,4,1.000000,1,0,U1404524,U1404527,contiguous,official_completed_subset
2014|joint_fund|E08|U1434|3,2014,joint_fund,E08,alpha_numeric,U1434,3,^U1434\d{3}$,8,204,211,8,1.000000,1,0,U1434204,U1434211,contiguous,official_completed_subset
2014|joint_fund|E09|U1404|3,2014,joint_fund,E09,alpha_numeric,U1404,3,^U1404\d{3}$,2,528,529,2,1.000000,1,0,U1404528,U1404529,contiguous,official_completed_subset
2014|joint_fund|E10|U1404|3,2014,joint_fund,E10,alpha_numeric,U1404,3,^U1404\d{3}$,1,523,523,1,1.000000,1,0,U1404523,U1404523,contiguous,official_completed_subset
2014|key|E01|51431|3,2014,key,E01,numeric8,51431,3,^51431\d{3}$,9,1,9,9,1.000000,1,0,51431001,51431009,contiguous,official_completed_subset
2014|key|E02|51432|3,2014,key,E02,numeric8,51432,3,^51432\d{3}$,9,1,10,10,0.900000,2,1,51432001,51432010,dense,official_completed_subset
2014|key|E03|51433|3,2014,key,E03,numeric8,51433,3,^51433\d{3}$,9,1,9,9,1.000000,1,0,51433001,51433009,contiguous,official_completed_subset
2014|key|E04|51434|3,2014,key,E04,numeric8,51434,3,^51434\d{3}$,9,1,9,9,1.000000,1,0,51434001,51434009,contiguous,official_completed_subset
2014|key|E05|51435|3,2014,key,E05,numeric8,51435,3,^51435\d{3}$,12,1,12,12,1.000000,1,0,51435001,51435012,contiguous,official_completed_subset
2014|key|E06|51436|3,2014,key,E06,numeric8,51436,3,^51436\d{3}$,9,1,9,9,1.000000,1,0,51436001,51436009,contiguous,official_completed_subset
2014|key|E07|51437|3,2014,key,E07,numeric8,51437,3,^51437\d{3}$,8,1,8,8,1.000000,1,0,51437001,51437008,contiguous,official_completed_subset
2014|key|E08|51438|3,2014,key,E08,numeric8,51438,3,^51438\d{3}$,8,1,10,10,0.800000,3,2,51438001,51438010,dense,official_completed_subset
2014|key|E09|51439|3,2014,key,E09,numeric8,51439,3,^51439\d{3}$,5,2,8,7,0.714286,3,2,51439002,51439008,moderate,official_completed_subset
2014|key|E10|51438|3,2014,key,E10,numeric8,51438,3,^51438\d{3}$,3,6,11,6,0.500000,3,3,51438006,51438011,moderate,official_completed_subset
2014|key|E10|51439|3,2014,key,E10,numeric8,51439,3,^51439\d{3}$,2,1,7,7,0.285714,2,5,51439001,51439007,sparse,official_completed_subset
2014|key|E11|51439|3,2014,key,E11,numeric8,51439,3,^51439\d{3}$,1,4,4,1,1.000000,1,0,51439004,51439004,contiguous,official_completed_subset
2014|major_research_plan|E02|91433|3,2014,major_research_plan,E02,numeric8,91433,3,^91433\d{3}$,10,105,206,102,0.098039,2,92,91433105,91433206,sparse,official_completed_subset
2014|major_research_plan|E03|91433|3,2014,major_research_plan,E03,numeric8,91433,3,^91433\d{3}$,8,101,201,101,0.079208,3,93,91433101,91433201,sparse,official_completed_subset
2014|major_research_plan|E04|91434|3,2014,major_research_plan,E04,numeric8,91434,3,^91434\d{3}$,1,133,133,1,1.000000,1,0,91434133,91434133,contiguous,official_completed_subset
2014|major_research_plan|E05|91423|3,2014,major_research_plan,E05,numeric8,91423,3,^91423\d{3}$,3,101,103,3,1.000000,1,0,91423101,91423103,contiguous,official_completed_subset
2014|major_research_plan|E06|91434|3,2014,major_research_plan,E06,numeric8,91434,3,^91434\d{3}$,1,134,134,1,1.000000,1,0,91434134,91434134,contiguous,official_completed_subset
2014|major_research_plan|E06|91441|3,2014,major_research_plan,E06,numeric8,91441,3,^91441\d{3}$,28,110,205,96,0.291667,2,68,91441110,91441205,sparse,official_completed_subset
2014|regional|E01|51461|3,2014,regional,E01,numeric8,51461,3,^51461\d{3}$,35,1,35,35,1.000000,1,0,51461001,51461035,contiguous,official_completed_subset
2014|regional|E02|51462|3,2014,regional,E02,numeric8,51462,3,^51462\d{3}$,37,1,37,37,1.000000,1,0,51462001,51462037,contiguous,official_completed_subset
2014|regional|E03|51463|3,2014,regional,E03,numeric8,51463,3,^51463\d{3}$,23,1,23,23,1.000000,1,0,51463001,51463023,contiguous,official_completed_subset
2014|regional|E04|51464|3,2014,regional,E04,numeric8,51464,3,^51464\d{3}$,44,1,44,44,1.000000,1,0,51464001,51464044,contiguous,official_completed_subset
2014|regional|E05|51465|3,2014,regional,E05,numeric8,51465,3,^51465\d{3}$,59,1,59,59,1.000000,1,0,51465001,51465059,contiguous,official_completed_subset
2014|regional|E06|51466|3,2014,regional,E06,numeric8,51466,3,^51466\d{3}$,17,1,17,17,1.000000,1,0,51466001,51466017,contiguous,official_completed_subset
2014|regional|E07|51467|3,2014,regional,E07,numeric8,51467,3,^51467\d{3}$,22,1,22,22,1.000000,1,0,51467001,51467022,contiguous,official_completed_subset
2014|regional|E08|51468|3,2014,regional,E08,numeric8,51468,3,^51468\d{3}$,54,1,64,64,0.843750,9,10,51468001,51468064,dense,official_completed_subset
2014|regional|E09|51469|3,2014,regional,E09,numeric8,51469,3,^51469\d{3}$,30,1,35,35,0.857143,5,5,51469001,51469035,dense,official_completed_subset
2014|regional|E10|51468|3,2014,regional,E10,numeric8,51468,3,^51468\d{3}$,12,11,66,56,0.214286,9,44,51468011,51468066,sparse,official_completed_subset
2014|regional|E10|51469|3,2014,regional,E10,numeric8,51469,3,^51469\d{3}$,5,6,30,25,0.200000,4,20,51469006,51469030,sparse,official_completed_subset
2014|youth_c|E01|51401|3,2014,youth_c,E01,numeric8,51401,3,^51401\d{3}$,241,1,243,243,0.991770,3,2,51401001,51401243,dense,official_completed_subset
2014|youth_c|E02|51402|3,2014,youth_c,E02,numeric8,51402,3,^51402\d{3}$,366,1,366,366,1.000000,1,0,51402001,51402366,contiguous,official_completed_subset
2014|youth_c|E03|51403|3,2014,youth_c,E03,numeric8,51403,3,^51403\d{3}$,244,1,245,245,0.995918,2,1,51403001,51403245,dense,official_completed_subset
2014|youth_c|E04|51404|3,2014,youth_c,E04,numeric8,51404,3,^51404\d{3}$,308,1,309,309,0.996764,2,1,51404001,51404309,dense,official_completed_subset
2014|youth_c|E05|51405|3,2014,youth_c,E05,numeric8,51405,3,^51405\d{3}$,522,1,524,524,0.996183,3,2,51405001,51405524,dense,official_completed_subset
2014|youth_c|E06|51406|3,2014,youth_c,E06,numeric8,51406,3,^51406\d{3}$,239,1,241,241,0.991701,3,2,51406001,51406241,dense,official_completed_subset
2014|youth_c|E07|51407|3,2014,youth_c,E07,numeric8,51407,3,^51407\d{3}$,199,1,200,200,0.995000,2,1,51407001,51407200,dense,official_completed_subset
2014|youth_c|E08|51408|3,2014,youth_c,E08,numeric8,51408,3,^51408\d{3}$,480,2,621,620,0.774194,85,140,51408002,51408621,moderate,official_completed_subset
2014|youth_c|E09|51409|3,2014,youth_c,E09,numeric8,51409,3,^51409\d{3}$,166,1,286,286,0.580420,50,120,51409001,51409286,moderate,official_completed_subset
2014|youth_c|E10|51408|3,2014,youth_c,E10,numeric8,51408,3,^51408\d{3}$,139,1,619,619,0.224556,84,480,51408001,51408619,sparse,official_completed_subset
2014|youth_c|E10|51409|3,2014,youth_c,E10,numeric8,51409,3,^51409\d{3}$,45,3,287,285,0.157895,32,240,51409003,51409287,sparse,official_completed_subset
2014|youth_c|E11|51409|3,2014,youth_c,E11,numeric8,51409,3,^51409\d{3}$,75,22,276,255,0.294118,25,180,51409022,51409276,sparse,official_completed_subset
2015|general|E01|51571|3,2015,general,E01,numeric8,51571,3,^51571\d{3}$,214,1,214,214,1.000000,1,0,51571001,51571214,contiguous,official_completed_subset
2015|general|E02|51572|3,2015,general,E02,numeric8,51572,3,^51572\d{3}$,301,1,303,303,0.993399,3,2,51572001,51572303,dense,official_completed_subset
2015|general|E03|51573|3,2015,general,E03,numeric8,51573,3,^51573\d{3}$,217,1,217,217,1.000000,1,0,51573001,51573217,contiguous,official_completed_subset
2015|general|E04|51574|3,2015,general,E04,numeric8,51574,3,^51574\d{3}$,296,1,296,296,1.000000,1,0,51574001,51574296,contiguous,official_completed_subset
2015|general|E05|51575|3,2015,general,E05,numeric8,51575,3,^51575\d{3}$,545,1,545,545,1.000000,1,0,51575001,51575545,contiguous,official_completed_subset
2015|general|E06|51576|3,2015,general,E06,numeric8,51576,3,^51576\d{3}$,214,1,215,215,0.995349,2,1,51576001,51576215,dense,official_completed_subset
2015|general|E07|51577|3,2015,general,E07,numeric8,51577,3,^51577\d{3}$,191,1,191,191,1.000000,1,0,51577001,51577191,contiguous,official_completed_subset
2015|general|E08|51578|3,2015,general,E08,numeric8,51578,3,^51578\d{3}$,441,1,560,560,0.787500,43,119,51578001,51578560,moderate,official_completed_subset
2015|general|E09|51579|3,2015,general,E09,numeric8,51579,3,^51579\d{3}$,145,2,252,251,0.577689,30,106,51579002,51579252,moderate,official_completed_subset
2015|general|E10|51578|3,2015,general,E10,numeric8,51578,3,^51578\d{3}$,119,2,556,555,0.214414,42,436,51578002,51578556,sparse,official_completed_subset
2015|general|E10|51579|3,2015,general,E10,numeric8,51579,3,^51579\d{3}$,38,1,253,253,0.150198,22,215,51579001,51579253,sparse,official_completed_subset
2015|general|E11|51579|3,2015,general,E11,numeric8,51579,3,^51579\d{3}$,68,21,246,226,0.300885,17,158,51579021,51579246,sparse,official_completed_subset
2015|joint_fund|E01|U1504|3,2015,joint_fund,E01,alpha_numeric,U1504,3,^U1504\d{3}$,4,504,531,28,0.142857,4,24,U1504504,U1504531,sparse,official_completed_subset
2015|joint_fund|E01|U1508|3,2015,joint_fund,E01,alpha_numeric,U1508,3,^U1508\d{3}$,3,213,216,4,0.750000,2,1,U1508213,U1508216,moderate,official_completed_subset
2015|joint_fund|E01|U1537|3,2015,joint_fund,E01,alpha_numeric,U1537,3,^U1537\d{3}$,5,107,212,106,0.047170,3,101,U1537107,U1537212,sparse,official_completed_subset
2015|joint_fund|E01|U1564|3,2015,joint_fund,E01,alpha_numeric,U1564,3,^U1564\d{3}$,1,203,203,1,1.000000,1,0,U1564203,U1564203,contiguous,official_completed_subset
2015|joint_fund|E02|U1504|3,2015,joint_fund,E02,alpha_numeric,U1504,3,^U1504\d{3}$,5,511,532,22,0.227273,4,17,U1504511,U1504532,sparse,official_completed_subset
2015|joint_fund|E02|U1510|3,2015,joint_fund,E02,alpha_numeric,U1510,3,^U1510\d{3}$,11,119,204,86,0.127907,4,75,U1510119,U1510204,sparse,official_completed_subset
2015|joint_fund|E02|U1537|3,2015,joint_fund,E02,alpha_numeric,U1537,3,^U1537\d{3}$,4,104,204,101,0.039604,2,97,U1537104,U1537204,sparse,official_completed_subset
2015|joint_fund|E03|U1504|3,2015,joint_fund,E03,alpha_numeric,U1504,3,^U1504\d{3}$,2,510,527,18,0.111111,2,16,U1504510,U1504527,sparse,official_completed_subset
2015|joint_fund|E03|U1510|3,2015,joint_fund,E03,alpha_numeric,U1510,3,^U1510\d{3}$,3,123,207,85,0.035294,2,82,U1510123,U1510207,sparse,official_completed_subset
2015|joint_fund|E03|U1537|3,2015,joint_fund,E03,alpha_numeric,U1537,3,^U1537\d{3}$,1,101,101,1,1.000000,1,0,U1537101,U1537101,contiguous,official_completed_subset
2015|joint_fund|E04|U1504|3,2015,joint_fund,E04,alpha_numeric,U1504,3,^U1504\d{3}$,4,515,529,15,0.266667,4,11,U1504515,U1504529,sparse,official_completed_subset
2015|joint_fund|E04|U1508|3,2015,joint_fund,E04,alpha_numeric,U1508,3,^U1508\d{3}$,3,210,217,8,0.375000,3,5,U1508210,U1508217,sparse,official_completed_subset
2015|joint_fund|E04|U1510|3,2015,joint_fund,E04,alpha_numeric,U1510,3,^U1510\d{3}$,5,112,131,20,0.250000,3,15,U1510112,U1510131,sparse,official_completed_subset
2015|joint_fund|E04|U1537|3,2015,joint_fund,E04,alpha_numeric,U1537,3,^U1537\d{3}$,1,207,207,1,1.000000,1,0,U1537207,U1537207,contiguous,official_completed_subset
2015|joint_fund|E04|U1560|3,2015,joint_fund,E04,alpha_numeric,U1560,3,^U1560\d{3}$,18,101,208,108,0.166667,2,90,U1560101,U1560208,sparse,official_completed_subset
2015|joint_fund|E05|U1504|3,2015,joint_fund,E05,alpha_numeric,U1504,3,^U1504\d{3}$,5,503,522,20,0.250000,4,15,U1504503,U1504522,sparse,official_completed_subset
2015|joint_fund|E05|U1508|3,2015,joint_fund,E05,alpha_numeric,U1508,3,^U1508\d{3}$,6,206,218,13,0.461538,3,7,U1508206,U1508218,moderate,official_completed_subset
2015|joint_fund|E05|U1509|3,2015,joint_fund,E05,alpha_numeric,U1509,3,^U1509\d{3}$,4,201,204,4,1.000000,1,0,U1509201,U1509204,contiguous,official_completed_subset
2015|joint_fund|E05|U1510|3,2015,joint_fund,E05,alpha_numeric,U1510,3,^U1510\d{3}$,5,113,206,94,0.053191,3,89,U1510113,U1510206,sparse,official_completed_subset
2015|joint_fund|E05|U1534|3,2015,joint_fund,E05,alpha_numeric,U1534,3,^U1534\d{3}$,3,204,210,7,0.428571,2,4,U1534204,U1534210,moderate,official_completed_subset
2015|joint_fund|E05|U1537|3,2015,joint_fund,E05,alpha_numeric,U1537,3,^U1537\d{3}$,14,102,215,114,0.122807,6,100,U1537102,U1537215,sparse,official_completed_subset
2015|joint_fund|E05|U1564|3,2015,joint_fund,E05,alpha_numeric,U1564,3,^U1564\d{3}$,6,201,210,10,0.600000,4,4,U1564201,U1564210,moderate,official_completed_subset
2015|joint_fund|E06|U1504|3,2015,joint_fund,E06,alpha_numeric,U1504,3,^U1504\d{3}$,3,501,524,24,0.125000,3,21,U1504501,U1504524,sparse,official_completed_subset
2015|joint_fund|E06|U1508|3,2015,joint_fund,E06,alpha_numeric,U1508,3,^U1508\d{3}$,1,212,212,1,1.000000,1,0,U1508212,U1508212,contiguous,official_completed_subset
2015|joint_fund|E06|U1510|3,2015,joint_fund,E06,alpha_numeric,U1510,3,^U1510\d{3}$,4,129,136,8,0.500000,2,4,U1510129,U1510136,moderate,official_completed_subset
2015|joint_fund|E06|U1564|3,2015,joint_fund,E06,alpha_numeric,U1564,3,^U1564\d{3}$,1,209,209,1,1.000000,1,0,U1564209,U1564209,contiguous,official_completed_subset
2015|joint_fund|E07|U1504|3,2015,joint_fund,E07,alpha_numeric,U1504,3,^U1504\d{3}$,2,506,518,13,0.153846,2,11,U1504506,U1504518,sparse,official_completed_subset
2015|joint_fund|E07|U1510|3,2015,joint_fund,E07,alpha_numeric,U1510,3,^U1510\d{3}$,2,128,208,81,0.024691,2,79,U1510128,U1510208,sparse,official_completed_subset
2015|joint_fund|E07|U1534|3,2015,joint_fund,E07,alpha_numeric,U1534,3,^U1534\d{3}$,1,209,209,1,1.000000,1,0,U1534209,U1534209,contiguous,official_completed_subset
2015|joint_fund|E07|U1564|3,2015,joint_fund,E07,alpha_numeric,U1564,3,^U1564\d{3}$,2,205,206,2,1.000000,1,0,U1564205,U1564206,contiguous,official_completed_subset
2015|joint_fund|E08|U1504|3,2015,joint_fund,E08,alpha_numeric,U1504,3,^U1504\d{3}$,5,502,528,27,0.185185,5,22,U1504502,U1504528,sparse,official_completed_subset
2015|joint_fund|E08|U1534|3,2015,joint_fund,E08,alpha_numeric,U1534,3,^U1534\d{3}$,4,202,207,6,0.666667,2,2,U1534202,U1534207,moderate,official_completed_subset
2015|joint_fund|E09|U1504|3,2015,joint_fund,E09,alpha_numeric,U1504,3,^U1504\d{3}$,2,512,530,19,0.105263,2,17,U1504512,U1504530,sparse,official_completed_subset
2015|key|E01|51531|3,2015,key,E01,numeric8,51531,3,^51531\d{3}$,9,1,9,9,1.000000,1,0,51531001,51531009,contiguous,official_completed_subset
2015|key|E02|51532|3,2015,key,E02,numeric8,51532,3,^51532\d{3}$,10,1,10,10,1.000000,1,0,51532001,51532010,contiguous,official_completed_subset
2015|key|E03|51533|3,2015,key,E03,numeric8,51533,3,^51533\d{3}$,9,1,9,9,1.000000,1,0,51533001,51533009,contiguous,official_completed_subset
2015|key|E04|51534|3,2015,key,E04,numeric8,51534,3,^51534\d{3}$,9,1,9,9,1.000000,1,0,51534001,51534009,contiguous,official_completed_subset
2015|key|E05|51535|3,2015,key,E05,numeric8,51535,3,^51535\d{3}$,12,1,12,12,1.000000,1,0,51535001,51535012,contiguous,official_completed_subset
2015|key|E06|51536|3,2015,key,E06,numeric8,51536,3,^51536\d{3}$,9,1,9,9,1.000000,1,0,51536001,51536009,contiguous,official_completed_subset
2015|key|E07|51537|3,2015,key,E07,numeric8,51537,3,^51537\d{3}$,10,1,10,10,1.000000,1,0,51537001,51537010,contiguous,official_completed_subset
2015|key|E08|51538|3,2015,key,E08,numeric8,51538,3,^51538\d{3}$,9,1,10,10,0.900000,2,1,51538001,51538010,dense,official_completed_subset
2015|key|E09|51539|3,2015,key,E09,numeric8,51539,3,^51539\d{3}$,7,2,9,8,0.875000,2,1,51539002,51539009,dense,official_completed_subset
2015|key|E10|51538|3,2015,key,E10,numeric8,51538,3,^51538\d{3}$,4,8,13,6,0.666667,2,2,51538008,51538013,moderate,official_completed_subset
2015|key|E10|51539|3,2015,key,E10,numeric8,51539,3,^51539\d{3}$,1,1,1,1,1.000000,1,0,51539001,51539001,contiguous,official_completed_subset
2015|key|E11|51539|3,2015,key,E11,numeric8,51539,3,^51539\d{3}$,1,8,8,1,1.000000,1,0,51539008,51539008,contiguous,official_completed_subset
2015|major_research_plan|E01|91545|3,2015,major_research_plan,E01,numeric8,91545,3,^91545\d{3}$,1,131,131,1,1.000000,1,0,91545131,91545131,contiguous,official_completed_subset
2015|major_research_plan|E05|91523|3,2015,major_research_plan,E05,numeric8,91523,3,^91523\d{3}$,2,101,102,2,1.000000,1,0,91523101,91523102,contiguous,official_completed_subset
2015|major_research_plan|E06|91534|3,2015,major_research_plan,E06,numeric8,91534,3,^91534\d{3}$,1,206,206,1,1.000000,1,0,91534206,91534206,contiguous,official_completed_subset
2015|major_research_plan|E06|91541|3,2015,major_research_plan,E06,numeric8,91541,3,^91541\d{3}$,25,0,206,207,0.120773,7,182,91541000,91541206,sparse,official_completed_subset
2015|major_research_plan|E07|91536|3,2015,major_research_plan,E07,numeric8,91536,3,^91536\d{3}$,1,224,224,1,1.000000,1,0,91536224,91536224,contiguous,official_completed_subset
2015|major_research_plan|E08|91515|3,2015,major_research_plan,E08,numeric8,91515,3,^91515\d{3}$,4,101,104,4,1.000000,1,0,91515101,91515104,contiguous,official_completed_subset
2015|major_research_plan|E09|91547|3,2015,major_research_plan,E09,numeric8,91547,3,^91547\d{3}$,17,0,210,211,0.080569,10,194,91547000,91547210,sparse,official_completed_subset
2015|major_research_plan|E10|91544|3,2015,major_research_plan,E10,numeric8,91544,3,^91544\d{3}$,1,110,110,1,1.000000,1,0,91544110,91544110,contiguous,official_completed_subset
2015|major_research_plan|E10|91547|3,2015,major_research_plan,E10,numeric8,91547,3,^91547\d{3}$,7,105,211,107,0.065421,5,100,91547105,91547211,sparse,official_completed_subset
2015|regional|E01|51561|3,2015,regional,E01,numeric8,51561,3,^51561\d{3}$,33,1,33,33,1.000000,1,0,51561001,51561033,contiguous,official_completed_subset
2015|regional|E02|51562|3,2015,regional,E02,numeric8,51562,3,^51562\d{3}$,37,1,38,38,0.973684,2,1,51562001,51562038,dense,official_completed_subset
2015|regional|E03|51563|3,2015,regional,E03,numeric8,51563,3,^51563\d{3}$,23,1,23,23,1.000000,1,0,51563001,51563023,contiguous,official_completed_subset
2015|regional|E04|51564|3,2015,regional,E04,numeric8,51564,3,^51564\d{3}$,45,1,45,45,1.000000,1,0,51564001,51564045,contiguous,official_completed_subset
2015|regional|E05|51565|3,2015,regional,E05,numeric8,51565,3,^51565\d{3}$,60,1,60,60,1.000000,1,0,51565001,51565060,contiguous,official_completed_subset
2015|regional|E06|51566|3,2015,regional,E06,numeric8,51566,3,^51566\d{3}$,17,1,17,17,1.000000,1,0,51566001,51566017,contiguous,official_completed_subset
2015|regional|E07|51567|3,2015,regional,E07,numeric8,51567,3,^51567\d{3}$,22,1,22,22,1.000000,1,0,51567001,51567022,contiguous,official_completed_subset
2015|regional|E08|51568|3,2015,regional,E08,numeric8,51568,3,^51568\d{3}$,49,1,64,64,0.765625,11,15,51568001,51568064,moderate,official_completed_subset
2015|regional|E09|51569|3,2015,regional,E09,numeric8,51569,3,^51569\d{3}$,30,1,35,35,0.857143,6,5,51569001,51569035,dense,official_completed_subset
2015|regional|E10|51568|3,2015,regional,E10,numeric8,51568,3,^51568\d{3}$,18,10,68,59,0.305085,11,41,51568010,51568068,sparse,official_completed_subset
2015|regional|E10|51569|3,2015,regional,E10,numeric8,51569,3,^51569\d{3}$,5,6,24,19,0.263158,5,14,51569006,51569024,sparse,official_completed_subset
2015|youth_c|E01|51501|3,2015,youth_c,E01,numeric8,51501,3,^51501\d{3}$,228,1,231,231,0.987013,4,3,51501001,51501231,dense,official_completed_subset
2015|youth_c|E02|51502|3,2015,youth_c,E02,numeric8,51502,3,^51502\d{3}$,352,1,353,353,0.997167,2,1,51502001,51502353,dense,official_completed_subset
2015|youth_c|E03|51503|3,2015,youth_c,E03,numeric8,51503,3,^51503\d{3}$,232,1,232,232,1.000000,1,0,51503001,51503232,contiguous,official_completed_subset
2015|youth_c|E04|51504|3,2015,youth_c,E04,numeric8,51504,3,^51504\d{3}$,298,1,299,299,0.996656,2,1,51504001,51504299,dense,official_completed_subset
2015|youth_c|E05|51505|3,2015,youth_c,E05,numeric8,51505,3,^51505\d{3}$,505,1,506,506,0.998024,2,1,51505001,51505506,dense,official_completed_subset
2015|youth_c|E06|51506|3,2015,youth_c,E06,numeric8,51506,3,^51506\d{3}$,227,1,227,227,1.000000,1,0,51506001,51506227,contiguous,official_completed_subset
2015|youth_c|E07|51507|3,2015,youth_c,E07,numeric8,51507,3,^51507\d{3}$,193,1,193,193,1.000000,1,0,51507001,51507193,contiguous,official_completed_subset
2015|youth_c|E08|51508|3,2015,youth_c,E08,numeric8,51508,3,^51508\d{3}$,446,1,585,585,0.762393,72,139,51508001,51508585,moderate,official_completed_subset
2015|youth_c|E09|51509|3,2015,youth_c,E09,numeric8,51509,3,^51509\d{3}$,155,1,274,274,0.565693,43,119,51509001,51509274,moderate,official_completed_subset
2015|youth_c|E10|51508|3,2015,youth_c,E10,numeric8,51508,3,^51508\d{3}$,139,2,582,581,0.239243,71,442,51508002,51508582,sparse,official_completed_subset
2015|youth_c|E10|51509|3,2015,youth_c,E10,numeric8,51509,3,^51509\d{3}$,42,2,271,270,0.155556,33,228,51509002,51509271,sparse,official_completed_subset
2015|youth_c|E11|51509|3,2015,youth_c,E11,numeric8,51509,3,^51509\d{3}$,77,6,259,254,0.303150,26,177,51509006,51509259,sparse,official_completed_subset
2016|general|E01|51671|3,2016,general,E01,numeric8,51671,3,^51671\d{3}$,219,1,219,219,1.000000,1,0,51671001,51671219,contiguous,official_completed_subset
2016|general|E02|51672|3,2016,general,E02,numeric8,51672,3,^51672\d{3}$,314,1,315,315,0.996825,2,1,51672001,51672315,dense,official_completed_subset
2016|general|E03|51673|3,2016,general,E03,numeric8,51673,3,^51673\d{3}$,220,1,220,220,1.000000,1,0,51673001,51673220,contiguous,official_completed_subset
2016|general|E04|51674|3,2016,general,E04,numeric8,51674,3,^51674\d{3}$,305,1,305,305,1.000000,1,0,51674001,51674305,contiguous,official_completed_subset
2016|general|E05|51675|3,2016,general,E05,numeric8,51675,3,^51675\d{3}$,539,1,540,540,0.998148,2,1,51675001,51675540,dense,official_completed_subset
2016|general|E06|51676|3,2016,general,E06,numeric8,51676,3,^51676\d{3}$,213,1,213,213,1.000000,1,0,51676001,51676213,contiguous,official_completed_subset
2016|general|E07|51677|3,2016,general,E07,numeric8,51677,3,^51677\d{3}$,195,1,195,195,1.000000,1,0,51677001,51677195,contiguous,official_completed_subset
2016|general|E08|51678|3,2016,general,E08,numeric8,51678,3,^51678\d{3}$,459,1,579,579,0.792746,52,120,51678001,51678579,moderate,official_completed_subset
2016|general|E09|51679|3,2016,general,E09,numeric8,51679,3,^51679\d{3}$,141,3,265,263,0.536122,38,122,51679003,51679265,moderate,official_completed_subset
2016|general|E10|51678|3,2016,general,E10,numeric8,51678,3,^51678\d{3}$,120,3,565,563,0.213144,51,443,51678003,51678565,sparse,official_completed_subset
2016|general|E10|51679|3,2016,general,E10,numeric8,51679,3,^51679\d{3}$,39,1,258,258,0.151163,23,219,51679001,51679258,sparse,official_completed_subset
2016|general|E11|51679|3,2016,general,E11,numeric8,51679,3,^51679\d{3}$,85,14,251,238,0.357143,20,153,51679014,51679251,sparse,official_completed_subset
2016|joint_fund|E01|U1608|3,2016,joint_fund,E01,alpha_numeric,U1608,3,^U1608\d{3}$,1,257,257,1,1.000000,1,0,U1608257,U1608257,contiguous,official_completed_subset
2016|joint_fund|E01|U1610|3,2016,joint_fund,E01,alpha_numeric,U1610,3,^U1610\d{3}$,2,253,256,4,0.500000,2,2,U1610253,U1610256,moderate,official_completed_subset
2016|joint_fund|E01|U1637|3,2016,joint_fund,E01,alpha_numeric,U1637,3,^U1637\d{3}$,1,201,201,1,1.000000,1,0,U1637201,U1637201,contiguous,official_completed_subset
2016|joint_fund|E01|U1664|3,2016,joint_fund,E01,alpha_numeric,U1664,3,^U1664\d{3}$,1,253,253,1,1.000000,1,0,U1664253,U1664253,contiguous,official_completed_subset
2016|joint_fund|E02|U1610|3,2016,joint_fund,E02,alpha_numeric,U1610,3,^U1610\d{3}$,5,114,255,142,0.035211,4,137,U1610114,U1610255,sparse,official_completed_subset
2016|joint_fund|E02|U1637|3,2016,joint_fund,E02,alpha_numeric,U1637,3,^U1637\d{3}$,1,202,202,1,1.000000,1,0,U1637202,U1637202,contiguous,official_completed_subset
2016|joint_fund|E02|U1664|3,2016,joint_fund,E02,alpha_numeric,U1664,3,^U1664\d{3}$,3,255,259,5,0.600000,2,2,U1664255,U1664259,moderate,official_completed_subset
2016|joint_fund|E03|U1608|3,2016,joint_fund,E03,alpha_numeric,U1608,3,^U1608\d{3}$,1,255,255,1,1.000000,1,0,U1608255,U1608255,contiguous,official_completed_subset
2016|joint_fund|E03|U1664|3,2016,joint_fund,E03,alpha_numeric,U1664,3,^U1664\d{3}$,1,251,251,1,1.000000,1,0,U1664251,U1664251,contiguous,official_completed_subset
2016|joint_fund|E04|U1608|3,2016,joint_fund,E04,alpha_numeric,U1608,3,^U1608\d{3}$,2,252,254,3,0.666667,2,1,U1608252,U1608254,moderate,official_completed_subset
2016|joint_fund|E04|U1610|3,2016,joint_fund,E04,alpha_numeric,U1610,3,^U1610\d{3}$,3,120,251,132,0.022727,3,129,U1610120,U1610251,sparse,official_completed_subset
2016|joint_fund|E04|U1660|3,2016,joint_fund,E04,alpha_numeric,U1660,3,^U1660\d{3}$,24,101,206,106,0.226415,2,82,U1660101,U1660206,sparse,official_completed_subset
2016|joint_fund|E04|U1664|3,2016,joint_fund,E04,alpha_numeric,U1664,3,^U1664\d{3}$,1,254,254,1,1.000000,1,0,U1664254,U1664254,contiguous,official_completed_subset
2016|joint_fund|E05|U1608|3,2016,joint_fund,E05,alpha_numeric,U1608,3,^U1608\d{3}$,4,251,259,9,0.444444,4,5,U1608251,U1608259,moderate,official_completed_subset
2016|joint_fund|E05|U1609|3,2016,joint_fund,E05,alpha_numeric,U1609,3,^U1609\d{3}$,5,205,209,5,1.000000,1,0,U1609205,U1609209,contiguous,official_completed_subset
2016|joint_fund|E05|U1610|3,2016,joint_fund,E05,alpha_numeric,U1610,3,^U1610\d{3}$,6,109,124,16,0.375000,4,10,U1610109,U1610124,sparse,official_completed_subset
2016|joint_fund|E05|U1613|3,2016,joint_fund,E05,alpha_numeric,U1613,3,^U1613\d{3}$,8,201,208,8,1.000000,1,0,U1613201,U1613208,contiguous,official_completed_subset
2016|joint_fund|E05|U1637|3,2016,joint_fund,E05,alpha_numeric,U1637,3,^U1637\d{3}$,19,101,601,501,0.037924,3,482,U1637101,U1637601,sparse,official_completed_subset
2016|joint_fund|E05|U1664|3,2016,joint_fund,E05,alpha_numeric,U1664,3,^U1664\d{3}$,2,252,258,7,0.285714,2,5,U1664252,U1664258,sparse,official_completed_subset
2016|joint_fund|E06|U1608|3,2016,joint_fund,E06,alpha_numeric,U1608,3,^U1608\d{3}$,1,258,258,1,1.000000,1,0,U1608258,U1608258,contiguous,official_completed_subset
2016|joint_fund|E06|U1610|3,2016,joint_fund,E06,alpha_numeric,U1610,3,^U1610\d{3}$,4,110,254,145,0.027586,3,141,U1610110,U1610254,sparse,official_completed_subset
2016|joint_fund|E07|U1610|3,2016,joint_fund,E07,alpha_numeric,U1610,3,^U1610\d{3}$,2,121,122,2,1.000000,1,0,U1610121,U1610122,contiguous,official_completed_subset
2016|key|E01|51631|3,2016,key,E01,numeric8,51631,3,^51631\d{3}$,9,1,9,9,1.000000,1,0,51631001,51631009,contiguous,official_completed_subset
2016|key|E02|51632|3,2016,key,E02,numeric8,51632,3,^51632\d{3}$,10,1,10,10,1.000000,1,0,51632001,51632010,contiguous,official_completed_subset
2016|key|E03|51633|3,2016,key,E03,numeric8,51633,3,^51633\d{3}$,9,1,9,9,1.000000,1,0,51633001,51633009,contiguous,official_completed_subset
2016|key|E04|51634|3,2016,key,E04,numeric8,51634,3,^51634\d{3}$,9,1,10,10,0.900000,2,1,51634001,51634010,dense,official_completed_subset
2016|key|E05|51635|3,2016,key,E05,numeric8,51635,3,^51635\d{3}$,11,1,11,11,1.000000,1,0,51635001,51635011,contiguous,official_completed_subset
2016|key|E06|51636|3,2016,key,E06,numeric8,51636,3,^51636\d{3}$,9,1,9,9,1.000000,1,0,51636001,51636009,contiguous,official_completed_subset
2016|key|E07|51637|3,2016,key,E07,numeric8,51637,3,^51637\d{3}$,10,1,10,10,1.000000,1,0,51637001,51637010,contiguous,official_completed_subset
2016|key|E08|51638|3,2016,key,E08,numeric8,51638,3,^51638\d{3}$,9,2,13,12,0.750000,3,3,51638002,51638013,moderate,official_completed_subset
2016|key|E09|51639|3,2016,key,E09,numeric8,51639,3,^51639\d{3}$,6,2,9,8,0.750000,2,2,51639002,51639009,moderate,official_completed_subset
2016|key|E10|51638|3,2016,key,E10,numeric8,51638,3,^51638\d{3}$,4,1,11,11,0.363636,3,7,51638001,51638011,sparse,official_completed_subset
2016|key|E10|51639|3,2016,key,E10,numeric8,51639,3,^51639\d{3}$,1,1,1,1,1.000000,1,0,51639001,51639001,contiguous,official_completed_subset
2016|key|E11|51639|3,2016,key,E11,numeric8,51639,3,^51639\d{3}$,2,3,4,2,1.000000,1,0,51639003,51639004,contiguous,official_completed_subset
2016|major_research_plan|E02|91622|3,2016,major_research_plan,E02,numeric8,91622,3,^91622\d{3}$,5,122,126,5,1.000000,1,0,91622122,91622126,contiguous,official_completed_subset
2016|major_research_plan|E04|91634|3,2016,major_research_plan,E04,numeric8,91634,3,^91634\d{3}$,2,106,111,6,0.333333,2,4,91634106,91634111,sparse,official_completed_subset
2016|major_research_plan|E05|91623|3,2016,major_research_plan,E05,numeric8,91623,3,^91623\d{3}$,4,0,106,107,0.037383,2,103,91623000,91623106,sparse,official_completed_subset
2016|major_research_plan|E05|91648|3,2016,major_research_plan,E05,numeric8,91648,3,^91648\d{3}$,18,0,203,204,0.088235,3,186,91648000,91648203,sparse,official_completed_subset
2016|major_research_plan|E06|91634|3,2016,major_research_plan,E06,numeric8,91634,3,^91634\d{3}$,1,114,114,1,1.000000,1,0,91634114,91634114,contiguous,official_completed_subset
2016|major_research_plan|E06|91641|3,2016,major_research_plan,E06,numeric8,91641,3,^91641\d{3}$,29,0,205,206,0.140777,8,177,91641000,91641205,sparse,official_completed_subset
2016|major_research_plan|E09|91647|3,2016,major_research_plan,E09,numeric8,91647,3,^91647\d{3}$,21,0,212,213,0.098592,5,192,91647000,91647212,sparse,official_completed_subset
2016|major_research_plan|E10|91644|3,2016,major_research_plan,E10,numeric8,91644,3,^91644\d{3}$,1,110,110,1,1.000000,1,0,91644110,91644110,contiguous,official_completed_subset
2016|major_research_plan|E10|91647|3,2016,major_research_plan,E10,numeric8,91647,3,^91647\d{3}$,5,115,208,94,0.053191,2,89,91647115,91647208,sparse,official_completed_subset
2016|regional|E01|51661|3,2016,regional,E01,numeric8,51661,3,^51661\d{3}$,33,1,33,33,1.000000,1,0,51661001,51661033,contiguous,official_completed_subset
2016|regional|E02|51662|3,2016,regional,E02,numeric8,51662,3,^51662\d{3}$,38,1,39,39,0.974359,2,1,51662001,51662039,dense,official_completed_subset
2016|regional|E03|51663|3,2016,regional,E03,numeric8,51663,3,^51663\d{3}$,22,1,22,22,1.000000,1,0,51663001,51663022,contiguous,official_completed_subset
2016|regional|E04|51664|3,2016,regional,E04,numeric8,51664,3,^51664\d{3}$,47,1,47,47,1.000000,1,0,51664001,51664047,contiguous,official_completed_subset
2016|regional|E05|51665|3,2016,regional,E05,numeric8,51665,3,^51665\d{3}$,58,1,58,58,1.000000,1,0,51665001,51665058,contiguous,official_completed_subset
2016|regional|E06|51666|3,2016,regional,E06,numeric8,51666,3,^51666\d{3}$,17,1,18,18,0.944444,2,1,51666001,51666018,dense,official_completed_subset
2016|regional|E07|51667|3,2016,regional,E07,numeric8,51667,3,^51667\d{3}$,21,1,21,21,1.000000,1,0,51667001,51667021,contiguous,official_completed_subset
2016|regional|E08|51668|3,2016,regional,E08,numeric8,51668,3,^51668\d{3}$,51,1,68,68,0.750000,11,17,51668001,51668068,moderate,official_completed_subset
2016|regional|E09|51669|3,2016,regional,E09,numeric8,51669,3,^51669\d{3}$,29,1,35,35,0.828571,4,6,51669001,51669035,dense,official_completed_subset
2016|regional|E10|51668|3,2016,regional,E10,numeric8,51668,3,^51668\d{3}$,17,5,67,63,0.269841,10,46,51668005,51668067,sparse,official_completed_subset
2016|regional|E10|51669|3,2016,regional,E10,numeric8,51669,3,^51669\d{3}$,5,11,28,18,0.277778,3,13,51669011,51669028,sparse,official_completed_subset
2016|youth_c|E01|51601|3,2016,youth_c,E01,numeric8,51601,3,^51601\d{3}$,228,1,229,229,0.995633,2,1,51601001,51601229,dense,official_completed_subset
2016|youth_c|E02|51602|3,2016,youth_c,E02,numeric8,51602,3,^51602\d{3}$,357,1,358,358,0.997207,2,1,51602001,51602358,dense,official_completed_subset
2016|youth_c|E03|51603|3,2016,youth_c,E03,numeric8,51603,3,^51603\d{3}$,236,1,236,236,1.000000,1,0,51603001,51603236,contiguous,official_completed_subset
2016|youth_c|E04|51604|3,2016,youth_c,E04,numeric8,51604,3,^51604\d{3}$,310,1,311,311,0.996785,2,1,51604001,51604311,dense,official_completed_subset
2016|youth_c|E05|51605|3,2016,youth_c,E05,numeric8,51605,3,^51605\d{3}$,497,1,499,499,0.995992,3,2,51605001,51605499,dense,official_completed_subset
2016|youth_c|E06|51606|3,2016,youth_c,E06,numeric8,51606,3,^51606\d{3}$,227,1,227,227,1.000000,1,0,51606001,51606227,contiguous,official_completed_subset
2016|youth_c|E07|51607|3,2016,youth_c,E07,numeric8,51607,3,^51607\d{3}$,188,1,188,188,1.000000,1,0,51607001,51607188,contiguous,official_completed_subset
2016|youth_c|E08|51608|3,2016,youth_c,E08,numeric8,51608,3,^51608\d{3}$,409,1,548,548,0.746350,78,139,51608001,51608548,moderate,official_completed_subset
2016|youth_c|E09|51609|3,2016,youth_c,E09,numeric8,51609,3,^51609\d{3}$,154,2,270,269,0.572491,36,115,51609002,51609270,moderate,official_completed_subset
2016|youth_c|E10|51608|3,2016,youth_c,E10,numeric8,51608,3,^51608\d{3}$,139,2,547,546,0.254579,77,407,51608002,51608547,sparse,official_completed_subset
2016|youth_c|E10|51609|3,2016,youth_c,E10,numeric8,51609,3,^51609\d{3}$,37,1,271,271,0.136531,26,234,51609001,51609271,sparse,official_completed_subset
2016|youth_c|E11|51609|3,2016,youth_c,E11,numeric8,51609,3,^51609\d{3}$,79,22,269,248,0.318548,23,169,51609022,51609269,sparse,official_completed_subset
2017|general|E01|51771|3,2017,general,E01,numeric8,51771,3,^51771\d{3}$,237,1,238,238,0.995798,2,1,51771001,51771238,dense,official_completed_subset
2017|general|E02|51772|3,2017,general,E02,numeric8,51772,3,^51772\d{3}$,339,1,339,339,1.000000,1,0,51772001,51772339,contiguous,official_completed_subset
2017|general|E03|51773|3,2017,general,E03,numeric8,51773,3,^51773\d{3}$,231,1,231,231,1.000000,1,0,51773001,51773231,contiguous,official_completed_subset
2017|general|E04|51774|3,2017,general,E04,numeric8,51774,3,^51774\d{3}$,343,1,344,344,0.997093,2,1,51774001,51774344,dense,official_completed_subset
2017|general|E05|51775|3,2017,general,E05,numeric8,51775,3,^51775\d{3}$,564,1,565,565,0.998230,2,1,51775001,51775565,dense,official_completed_subset
2017|general|E06|51776|3,2017,general,E06,numeric8,51776,3,^51776\d{3}$,228,1,228,228,1.000000,1,0,51776001,51776228,contiguous,official_completed_subset
2017|general|E07|51777|3,2017,general,E07,numeric8,51777,3,^51777\d{3}$,217,1,217,217,1.000000,1,0,51777001,51777217,contiguous,official_completed_subset
2017|general|E08|51778|3,2017,general,E08,numeric8,51778,3,^51778\d{3}$,509,1,642,642,0.792835,55,133,51778001,51778642,moderate,official_completed_subset
2017|general|E09|51779|3,2017,general,E09,numeric8,51779,3,^51779\d{3}$,158,4,280,277,0.570397,34,119,51779004,51779280,moderate,official_completed_subset
2017|general|E10|51778|3,2017,general,E10,numeric8,51778,3,^51778\d{3}$,133,6,643,638,0.208464,54,505,51778006,51778643,sparse,official_completed_subset
2017|general|E10|51779|3,2017,general,E10,numeric8,51779,3,^51779\d{3}$,39,1,275,275,0.141818,23,236,51779001,51779275,sparse,official_completed_subset
2017|general|E11|51779|3,2017,general,E11,numeric8,51779,3,^51779\d{3}$,83,3,267,265,0.313208,21,182,51779003,51779267,sparse,official_completed_subset
2017|joint_fund|E01|U1706|3,2017,joint_fund,E01,alpha_numeric,U1706,3,^U1706\d{3}$,1,221,221,1,1.000000,1,0,U1706221,U1706221,contiguous,official_completed_subset
2017|joint_fund|E01|U1708|3,2017,joint_fund,E01,alpha_numeric,U1708,3,^U1708\d{3}$,2,252,253,2,1.000000,1,0,U1708252,U1708253,contiguous,official_completed_subset
2017|joint_fund|E01|U1710|3,2017,joint_fund,E01,alpha_numeric,U1710,3,^U1710\d{3}$,2,118,124,7,0.285714,2,5,U1710118,U1710124,sparse,official_completed_subset
2017|joint_fund|E01|U1737|3,2017,joint_fund,E01,alpha_numeric,U1737,3,^U1737\d{3}$,4,102,108,7,0.571429,3,3,U1737102,U1737108,moderate,official_completed_subset
2017|joint_fund|E01|U1764|3,2017,joint_fund,E01,alpha_numeric,U1764,3,^U1764\d{3}$,2,252,253,2,1.000000,1,0,U1764252,U1764253,contiguous,official_completed_subset
2017|joint_fund|E02|U1710|3,2017,joint_fund,E02,alpha_numeric,U1710,3,^U1710\d{3}$,7,109,256,148,0.047297,6,141,U1710109,U1710256,sparse,official_completed_subset
2017|joint_fund|E02|U1737|3,2017,joint_fund,E02,alpha_numeric,U1737,3,^U1737\d{3}$,1,109,109,1,1.000000,1,0,U1737109,U1737109,contiguous,official_completed_subset
2017|joint_fund|E02|U1764|3,2017,joint_fund,E02,alpha_numeric,U1764,3,^U1764\d{3}$,2,255,256,2,1.000000,1,0,U1764255,U1764256,contiguous,official_completed_subset
2017|joint_fund|E03|U1706|3,2017,joint_fund,E03,alpha_numeric,U1706,3,^U1706\d{3}$,1,225,225,1,1.000000,1,0,U1706225,U1706225,contiguous,official_completed_subset
2017|joint_fund|E03|U1708|3,2017,joint_fund,E03,alpha_numeric,U1708,3,^U1708\d{3}$,1,258,258,1,1.000000,1,0,U1708258,U1708258,contiguous,official_completed_subset
2017|joint_fund|E03|U1710|3,2017,joint_fund,E03,alpha_numeric,U1710,3,^U1710\d{3}$,1,115,115,1,1.000000,1,0,U1710115,U1710115,contiguous,official_completed_subset
2017|joint_fund|E04|U1708|3,2017,joint_fund,E04,alpha_numeric,U1708,3,^U1708\d{3}$,2,251,259,9,0.222222,2,7,U1708251,U1708259,sparse,official_completed_subset
2017|joint_fund|E04|U1710|3,2017,joint_fund,E04,alpha_numeric,U1710,3,^U1710\d{3}$,9,111,258,148,0.060811,5,139,U1710111,U1710258,sparse,official_completed_subset
2017|joint_fund|E04|U1760|3,2017,joint_fund,E04,alpha_numeric,U1760,3,^U1760\d{3}$,26,101,206,106,0.245283,2,80,U1760101,U1760206,sparse,official_completed_subset
2017|joint_fund|E04|U1764|3,2017,joint_fund,E04,alpha_numeric,U1764,3,^U1764\d{3}$,1,254,254,1,1.000000,1,0,U1764254,U1764254,contiguous,official_completed_subset
2017|joint_fund|E05|U1708|3,2017,joint_fund,E05,alpha_numeric,U1708,3,^U1708\d{3}$,4,254,257,4,1.000000,1,0,U1708254,U1708257,contiguous,official_completed_subset
2017|joint_fund|E05|U1709|3,2017,joint_fund,E05,alpha_numeric,U1709,3,^U1709\d{3}$,3,206,210,5,0.600000,3,2,U1709206,U1709210,moderate,official_completed_subset
2017|joint_fund|E05|U1710|3,2017,joint_fund,E05,alpha_numeric,U1710,3,^U1710\d{3}$,2,113,119,7,0.285714,2,5,U1710113,U1710119,sparse,official_completed_subset
2017|joint_fund|E05|U1713|3,2017,joint_fund,E05,alpha_numeric,U1713,3,^U1713\d{3}$,6,201,207,7,0.857143,2,1,U1713201,U1713207,dense,official_completed_subset
2017|joint_fund|E05|U1734|3,2017,joint_fund,E05,alpha_numeric,U1734,3,^U1734\d{3}$,1,201,201,1,1.000000,1,0,U1734201,U1734201,contiguous,official_completed_subset
2017|joint_fund|E05|U1737|3,2017,joint_fund,E05,alpha_numeric,U1737,3,^U1737\d{3}$,19,101,214,114,0.166667,5,95,U1737101,U1737214,sparse,official_completed_subset
2017|joint_fund|E05|U1764|3,2017,joint_fund,E05,alpha_numeric,U1764,3,^U1764\d{3}$,3,251,259,9,0.333333,3,6,U1764251,U1764259,sparse,official_completed_subset
2017|joint_fund|E06|U1709|3,2017,joint_fund,E06,alpha_numeric,U1709,3,^U1709\d{3}$,1,209,209,1,1.000000,1,0,U1709209,U1709209,contiguous,official_completed_subset
2017|joint_fund|E06|U1710|3,2017,joint_fund,E06,alpha_numeric,U1710,3,^U1710\d{3}$,4,108,251,144,0.027778,4,140,U1710108,U1710251,sparse,official_completed_subset
2017|joint_fund|E06|U1737|3,2017,joint_fund,E06,alpha_numeric,U1737,3,^U1737\d{3}$,2,104,113,10,0.200000,2,8,U1737104,U1737113,sparse,official_completed_subset
2017|joint_fund|E07|U1734|3,2017,joint_fund,E07,alpha_numeric,U1734,3,^U1734\d{3}$,2,202,203,2,1.000000,1,0,U1734202,U1734203,contiguous,official_completed_subset
2017|joint_fund|E07|U1737|3,2017,joint_fund,E07,alpha_numeric,U1737,3,^U1737\d{3}$,1,111,111,1,1.000000,1,0,U1737111,U1737111,contiguous,official_completed_subset
2017|joint_fund|E07|U1764|3,2017,joint_fund,E07,alpha_numeric,U1764,3,^U1764\d{3}$,1,258,258,1,1.000000,1,0,U1764258,U1764258,contiguous,official_completed_subset
2017|joint_fund|E07|U1766|3,2017,joint_fund,E07,alpha_numeric,U1766,3,^U1766\d{3}$,23,201,223,23,1.000000,1,0,U1766201,U1766223,contiguous,official_completed_subset
2017|joint_fund|E08|U1734|3,2017,joint_fund,E08,alpha_numeric,U1734,3,^U1734\d{3}$,5,204,208,5,1.000000,1,0,U1734204,U1734208,contiguous,official_completed_subset
2017|joint_fund|E09|U1706|3,2017,joint_fund,E09,alpha_numeric,U1706,3,^U1706\d{3}$,2,222,223,2,1.000000,1,0,U1706222,U1706223,contiguous,official_completed_subset
2017|joint_fund|E09|U1765|3,2017,joint_fund,E09,alpha_numeric,U1765,3,^U1765\d{3}$,17,101,207,107,0.158879,2,90,U1765101,U1765207,sparse,official_completed_subset
2017|joint_fund|E11|U1706|3,2017,joint_fund,E11,alpha_numeric,U1706,3,^U1706\d{3}$,6,224,230,7,0.857143,2,1,U1706224,U1706230,dense,official_completed_subset
2017|joint_fund|E11|U1709|3,2017,joint_fund,E11,alpha_numeric,U1709,3,^U1709\d{3}$,1,207,207,1,1.000000,1,0,U1709207,U1709207,contiguous,official_completed_subset
2017|joint_fund|E11|U1713|3,2017,joint_fund,E11,alpha_numeric,U1713,3,^U1713\d{3}$,1,205,205,1,1.000000,1,0,U1713205,U1713205,contiguous,official_completed_subset
2017|key|E01|51731|3,2017,key,E01,numeric8,51731,3,^51731\d{3}$,10,1,10,10,1.000000,1,0,51731001,51731010,contiguous,official_completed_subset
2017|key|E02|51732|3,2017,key,E02,numeric8,51732,3,^51732\d{3}$,10,1,11,11,0.909091,2,1,51732001,51732011,dense,official_completed_subset
2017|key|E03|51733|3,2017,key,E03,numeric8,51733,3,^51733\d{3}$,10,1,10,10,1.000000,1,0,51733001,51733010,contiguous,official_completed_subset
2017|key|E04|51734|3,2017,key,E04,numeric8,51734,3,^51734\d{3}$,10,1,10,10,1.000000,1,0,51734001,51734010,contiguous,official_completed_subset
2017|key|E05|51735|3,2017,key,E05,numeric8,51735,3,^51735\d{3}$,13,1,13,13,1.000000,1,0,51735001,51735013,contiguous,official_completed_subset
2017|key|E06|51736|3,2017,key,E06,numeric8,51736,3,^51736\d{3}$,10,1,10,10,1.000000,1,0,51736001,51736010,contiguous,official_completed_subset
2017|key|E07|51737|3,2017,key,E07,numeric8,51737,3,^51737\d{3}$,11,1,11,11,1.000000,1,0,51737001,51737011,contiguous,official_completed_subset
2017|key|E08|51738|3,2017,key,E08,numeric8,51738,3,^51738\d{3}$,10,1,11,11,0.909091,2,1,51738001,51738011,dense,official_completed_subset
2017|key|E09|51739|3,2017,key,E09,numeric8,51739,3,^51739\d{3}$,7,3,11,9,0.777778,3,2,51739003,51739011,moderate,official_completed_subset
2017|key|E10|51738|3,2017,key,E10,numeric8,51738,3,^51738\d{3}$,3,5,13,9,0.333333,2,6,51738005,51738013,sparse,official_completed_subset
2017|key|E10|51739|3,2017,key,E10,numeric8,51739,3,^51739\d{3}$,2,2,4,3,0.666667,2,1,51739002,51739004,moderate,official_completed_subset
2017|key|E11|51739|3,2017,key,E11,numeric8,51739,3,^51739\d{3}$,2,1,10,10,0.200000,2,8,51739001,51739010,sparse,official_completed_subset
2017|major_research_plan|E05|91748|3,2017,major_research_plan,E05,numeric8,91748,3,^91748\d{3}$,21,0,211,212,0.099057,9,191,91748000,91748211,sparse,official_completed_subset
2017|major_research_plan|E06|91741|3,2017,major_research_plan,E06,numeric8,91741,3,^91741\d{3}$,28,107,205,99,0.282828,2,71,91741107,91741205,sparse,official_completed_subset
2017|major_research_plan|E06|91752|3,2017,major_research_plan,E06,numeric8,91752,3,^91752\d{3}$,1,115,115,1,1.000000,1,0,91752115,91752115,contiguous,official_completed_subset
2017|major_research_plan|E07|91746|3,2017,major_research_plan,E07,numeric8,91746,3,^91746\d{3}$,1,118,118,1,1.000000,1,0,91746118,91746118,contiguous,official_completed_subset
2017|major_research_plan|E09|91747|3,2017,major_research_plan,E09,numeric8,91747,3,^91747\d{3}$,6,102,207,106,0.056604,3,100,91747102,91747207,sparse,official_completed_subset
2017|major_research_plan|E10|91747|3,2017,major_research_plan,E10,numeric8,91747,3,^91747\d{3}$,2,104,206,103,0.019417,2,101,91747104,91747206,sparse,official_completed_subset
2017|regional|E01|51761|3,2017,regional,E01,numeric8,51761,3,^51761\d{3}$,37,1,37,37,1.000000,1,0,51761001,51761037,contiguous,official_completed_subset
2017|regional|E02|51762|3,2017,regional,E02,numeric8,51762,3,^51762\d{3}$,43,1,43,43,1.000000,1,0,51762001,51762043,contiguous,official_completed_subset
2017|regional|E03|51763|3,2017,regional,E03,numeric8,51763,3,^51763\d{3}$,24,1,24,24,1.000000,1,0,51763001,51763024,contiguous,official_completed_subset
2017|regional|E04|51764|3,2017,regional,E04,numeric8,51764,3,^51764\d{3}$,51,1,52,52,0.980769,2,1,51764001,51764052,dense,official_completed_subset
2017|regional|E05|51765|3,2017,regional,E05,numeric8,51765,3,^51765\d{3}$,63,1,63,63,1.000000,1,0,51765001,51765063,contiguous,official_completed_subset
2017|regional|E06|51766|3,2017,regional,E06,numeric8,51766,3,^51766\d{3}$,18,1,18,18,1.000000,1,0,51766001,51766018,contiguous,official_completed_subset
2017|regional|E07|51767|3,2017,regional,E07,numeric8,51767,3,^51767\d{3}$,24,1,24,24,1.000000,1,0,51767001,51767024,contiguous,official_completed_subset
2017|regional|E08|51768|3,2017,regional,E08,numeric8,51768,3,^51768\d{3}$,57,1,73,73,0.780822,13,16,51768001,51768073,moderate,official_completed_subset
2017|regional|E09|51769|3,2017,regional,E09,numeric8,51769,3,^51769\d{3}$,32,1,37,37,0.864865,5,5,51769001,51769037,dense,official_completed_subset
2017|regional|E10|51768|3,2017,regional,E10,numeric8,51768,3,^51768\d{3}$,17,2,74,73,0.232877,13,56,51768002,51768074,sparse,official_completed_subset
2017|regional|E10|51769|3,2017,regional,E10,numeric8,51769,3,^51769\d{3}$,4,3,34,32,0.125000,3,28,51769003,51769034,sparse,official_completed_subset
2017|regional|E11|51769|3,2017,regional,E11,numeric8,51769,3,^51769\d{3}$,1,6,6,1,1.000000,1,0,51769006,51769006,contiguous,official_completed_subset
2017|youth_c|E01|51701|3,2017,youth_c,E01,numeric8,51701,3,^51701\d{3}$,242,1,244,244,0.991803,3,2,51701001,51701244,dense,official_completed_subset
2017|youth_c|E02|51702|3,2017,youth_c,E02,numeric8,51702,3,^51702\d{3}$,378,1,380,380,0.994737,3,2,51702001,51702380,dense,official_completed_subset
2017|youth_c|E03|51703|3,2017,youth_c,E03,numeric8,51703,3,^51703\d{3}$,260,1,260,260,1.000000,1,0,51703001,51703260,contiguous,official_completed_subset
2017|youth_c|E04|51704|3,2017,youth_c,E04,numeric8,51704,3,^51704\d{3}$,338,1,339,339,0.997050,2,1,51704001,51704339,dense,official_completed_subset
2017|youth_c|E05|51705|3,2017,youth_c,E05,numeric8,51705,3,^51705\d{3}$,544,1,546,546,0.996337,3,2,51705001,51705546,dense,official_completed_subset
2017|youth_c|E06|51706|3,2017,youth_c,E06,numeric8,51706,3,^51706\d{3}$,248,1,249,249,0.995984,2,1,51706001,51706249,dense,official_completed_subset
2017|youth_c|E07|51707|3,2017,youth_c,E07,numeric8,51707,3,^51707\d{3}$,204,1,204,204,1.000000,1,0,51707001,51707204,contiguous,official_completed_subset
2017|youth_c|E08|51708|3,2017,youth_c,E08,numeric8,51708,3,^51708\d{3}$,403,1,567,567,0.710758,77,164,51708001,51708567,moderate,official_completed_subset
2017|youth_c|E09|51709|3,2017,youth_c,E09,numeric8,51709,3,^51709\d{3}$,154,3,290,288,0.534722,40,134,51709003,51709290,moderate,official_completed_subset
2017|youth_c|E10|51708|3,2017,youth_c,E10,numeric8,51708,3,^51708\d{3}$,159,5,563,559,0.284436,72,400,51708005,51708563,sparse,official_completed_subset
2017|youth_c|E10|51709|3,2017,youth_c,E10,numeric8,51709,3,^51709\d{3}$,45,1,291,291,0.154639,30,246,51709001,51709291,sparse,official_completed_subset
2017|youth_c|E11|51709|3,2017,youth_c,E11,numeric8,51709,3,^51709\d{3}$,91,4,289,286,0.318182,25,195,51709004,51709289,sparse,official_completed_subset
2018|general|E01|51871|3,2018,general,E01,numeric8,51871,3,^51871\d{3}$,250,1,250,250,1.000000,1,0,51871001,51871250,contiguous,official_completed_subset
2018|general|E02|51872|3,2018,general,E02,numeric8,51872,3,^51872\d{3}$,340,1,341,341,0.997067,2,1,51872001,51872341,dense,official_completed_subset
2018|general|E03|51873|3,2018,general,E03,numeric8,51873,3,^51873\d{3}$,240,1,240,240,1.000000,1,0,51873001,51873240,contiguous,official_completed_subset
2018|general|E04|51874|3,2018,general,E04,numeric8,51874,3,^51874\d{3}$,371,1,372,372,0.997312,2,1,51874001,51874372,dense,official_completed_subset
2018|general|E05|51875|3,2018,general,E05,numeric8,51875,3,^51875\d{3}$,585,1,586,586,0.998294,2,1,51875001,51875586,dense,official_completed_subset
2018|general|E06|51876|3,2018,general,E06,numeric8,51876,3,^51876\d{3}$,226,1,226,226,1.000000,1,0,51876001,51876226,contiguous,official_completed_subset
2018|general|E07|51877|3,2018,general,E07,numeric8,51877,3,^51877\d{3}$,216,1,216,216,1.000000,1,0,51877001,51877216,contiguous,official_completed_subset
2018|general|E08|51878|3,2018,general,E08,numeric8,51878,3,^51878\d{3}$,519,2,674,673,0.771174,61,154,51878002,51878674,moderate,official_completed_subset
2018|general|E09|51879|3,2018,general,E09,numeric8,51879,3,^51879\d{3}$,162,5,291,287,0.564460,36,125,51879005,51879291,moderate,official_completed_subset
2018|general|E10|51878|3,2018,general,E10,numeric8,51878,3,^51878\d{3}$,156,1,676,676,0.230769,63,520,51878001,51878676,sparse,official_completed_subset
2018|general|E10|51879|3,2018,general,E10,numeric8,51879,3,^51879\d{3}$,41,1,290,290,0.141379,21,249,51879001,51879290,sparse,official_completed_subset
2018|general|E11|51879|3,2018,general,E11,numeric8,51879,3,^51879\d{3}$,89,15,292,278,0.320144,21,189,51879015,51879292,sparse,official_completed_subset
2018|joint_fund|E01|U1806|3,2018,joint_fund,E01,alpha_numeric,U1806,3,^U1806\d{3}$,2,219,220,2,1.000000,1,0,U1806219,U1806220,contiguous,official_completed_subset
2018|joint_fund|E01|U1808|3,2018,joint_fund,E01,alpha_numeric,U1808,3,^U1808\d{3}$,1,208,208,1,1.000000,1,0,U1808208,U1808208,contiguous,official_completed_subset
2018|joint_fund|E01|U1809|3,2018,joint_fund,E01,alpha_numeric,U1809,3,^U1809\d{3}$,2,215,216,2,1.000000,1,0,U1809215,U1809216,contiguous,official_completed_subset
2018|joint_fund|E01|U1810|3,2018,joint_fund,E01,alpha_numeric,U1810,3,^U1810\d{3}$,4,108,112,5,0.800000,2,1,U1810108,U1810112,dense,official_completed_subset
2018|joint_fund|E01|U1837|3,2018,joint_fund,E01,alpha_numeric,U1837,3,^U1837\d{3}$,1,201,201,1,1.000000,1,0,U1837201,U1837201,contiguous,official_completed_subset
2018|joint_fund|E01|U1867|3,2018,joint_fund,E01,alpha_numeric,U1867,3,^U1867\d{3}$,2,201,202,2,1.000000,1,0,U1867201,U1867202,contiguous,official_completed_subset
2018|joint_fund|E02|U1806|3,2018,joint_fund,E02,alpha_numeric,U1806,3,^U1806\d{3}$,3,221,223,3,1.000000,1,0,U1806221,U1806223,contiguous,official_completed_subset
2018|joint_fund|E02|U1808|3,2018,joint_fund,E02,alpha_numeric,U1808,3,^U1808\d{3}$,2,209,210,2,1.000000,1,0,U1808209,U1808210,contiguous,official_completed_subset
2018|joint_fund|E02|U1809|3,2018,joint_fund,E02,alpha_numeric,U1809,3,^U1809\d{3}$,1,217,217,1,1.000000,1,0,U1809217,U1809217,contiguous,official_completed_subset
2018|joint_fund|E02|U1810|3,2018,joint_fund,E02,alpha_numeric,U1810,3,^U1810\d{3}$,6,113,204,92,0.065217,2,86,U1810113,U1810204,sparse,official_completed_subset
2018|joint_fund|E02|U1837|3,2018,joint_fund,E02,alpha_numeric,U1837,3,^U1837\d{3}$,3,202,601,400,0.007500,2,397,U1837202,U1837601,sparse,official_completed_subset
2018|joint_fund|E02|U1864|3,2018,joint_fund,E02,alpha_numeric,U1864,3,^U1864\d{3}$,1,207,207,1,1.000000,1,0,U1864207,U1864207,contiguous,official_completed_subset
2018|joint_fund|E03|U1808|3,2018,joint_fund,E03,alpha_numeric,U1808,3,^U1808\d{3}$,1,211,211,1,1.000000,1,0,U1808211,U1808211,contiguous,official_completed_subset
2018|joint_fund|E03|U1809|3,2018,joint_fund,E03,alpha_numeric,U1809,3,^U1809\d{3}$,1,218,218,1,1.000000,1,0,U1809218,U1809218,contiguous,official_completed_subset
2018|joint_fund|E03|U1810|3,2018,joint_fund,E03,alpha_numeric,U1810,3,^U1810\d{3}$,1,118,118,1,1.000000,1,0,U1810118,U1810118,contiguous,official_completed_subset
2018|joint_fund|E03|U1837|3,2018,joint_fund,E03,alpha_numeric,U1837,3,^U1837\d{3}$,2,204,205,2,1.000000,1,0,U1837204,U1837205,contiguous,official_completed_subset
2018|joint_fund|E03|U1864|3,2018,joint_fund,E03,alpha_numeric,U1864,3,^U1864\d{3}$,1,208,208,1,1.000000,1,0,U1864208,U1864208,contiguous,official_completed_subset
2018|joint_fund|E04|U1808|3,2018,joint_fund,E04,alpha_numeric,U1808,3,^U1808\d{3}$,1,212,212,1,1.000000,1,0,U1808212,U1808212,contiguous,official_completed_subset
2018|joint_fund|E04|U1810|3,2018,joint_fund,E04,alpha_numeric,U1810,3,^U1810\d{3}$,8,119,208,90,0.088889,2,82,U1810119,U1810208,sparse,official_completed_subset
2018|joint_fund|E04|U1860|3,2018,joint_fund,E04,alpha_numeric,U1860,3,^U1860\d{3}$,20,101,206,106,0.188679,2,86,U1860101,U1860206,sparse,official_completed_subset
2018|joint_fund|E04|U1864|3,2018,joint_fund,E04,alpha_numeric,U1864,3,^U1864\d{3}$,1,209,209,1,1.000000,1,0,U1864209,U1864209,contiguous,official_completed_subset
2018|joint_fund|E05|U1808|3,2018,joint_fund,E05,alpha_numeric,U1808,3,^U1808\d{3}$,5,213,217,5,1.000000,1,0,U1808213,U1808217,contiguous,official_completed_subset
2018|joint_fund|E05|U1809|3,2018,joint_fund,E05,alpha_numeric,U1809,3,^U1809\d{3}$,3,219,221,3,1.000000,1,0,U1809219,U1809221,contiguous,official_completed_subset
2018|joint_fund|E05|U1810|3,2018,joint_fund,E05,alpha_numeric,U1810,3,^U1810\d{3}$,2,123,124,2,1.000000,1,0,U1810123,U1810124,contiguous,official_completed_subset
2018|joint_fund|E05|U1813|3,2018,joint_fund,E05,alpha_numeric,U1813,3,^U1813\d{3}$,6,219,224,6,1.000000,1,0,U1813219,U1813224,contiguous,official_completed_subset
2018|joint_fund|E05|U1834|3,2018,joint_fund,E05,alpha_numeric,U1834,3,^U1834\d{3}$,2,201,202,2,1.000000,1,0,U1834201,U1834202,contiguous,official_completed_subset
2018|joint_fund|E05|U1837|3,2018,joint_fund,E05,alpha_numeric,U1837,3,^U1837\d{3}$,6,206,602,397,0.015113,2,391,U1837206,U1837602,sparse,official_completed_subset
2018|joint_fund|E05|U1864|3,2018,joint_fund,E05,alpha_numeric,U1864,3,^U1864\d{3}$,2,210,211,2,1.000000,1,0,U1864210,U1864211,contiguous,official_completed_subset
2018|joint_fund|E06|U1810|3,2018,joint_fund,E06,alpha_numeric,U1810,3,^U1810\d{3}$,6,125,209,85,0.070588,2,79,U1810125,U1810209,sparse,official_completed_subset
2018|joint_fund|E06|U1837|3,2018,joint_fund,E06,alpha_numeric,U1837,3,^U1837\d{3}$,1,211,211,1,1.000000,1,0,U1837211,U1837211,contiguous,official_completed_subset
2018|joint_fund|E06|U1864|3,2018,joint_fund,E06,alpha_numeric,U1864,3,^U1864\d{3}$,2,212,213,2,1.000000,1,0,U1864212,U1864213,contiguous,official_completed_subset
2018|joint_fund|E06|U1865|3,2018,joint_fund,E06,alpha_numeric,U1865,3,^U1865\d{3}$,1,101,101,1,1.000000,1,0,U1865101,U1865101,contiguous,official_completed_subset
2018|joint_fund|E07|U1806|3,2018,joint_fund,E07,alpha_numeric,U1806,3,^U1806\d{3}$,1,224,224,1,1.000000,1,0,U1806224,U1806224,contiguous,official_completed_subset
2018|joint_fund|E07|U1834|3,2018,joint_fund,E07,alpha_numeric,U1834,3,^U1834\d{3}$,3,203,205,3,1.000000,1,0,U1834203,U1834205,contiguous,official_completed_subset
2018|joint_fund|E07|U1864|3,2018,joint_fund,E07,alpha_numeric,U1864,3,^U1864\d{3}$,1,214,214,1,1.000000,1,0,U1864214,U1864214,contiguous,official_completed_subset
2018|joint_fund|E07|U1866|3,2018,joint_fund,E07,alpha_numeric,U1866,3,^U1866\d{3}$,12,201,212,12,1.000000,1,0,U1866201,U1866212,contiguous,official_completed_subset
2018|joint_fund|E08|U1806|3,2018,joint_fund,E08,alpha_numeric,U1806,3,^U1806\d{3}$,1,225,225,1,1.000000,1,0,U1806225,U1806225,contiguous,official_completed_subset
2018|joint_fund|E08|U1834|3,2018,joint_fund,E08,alpha_numeric,U1834,3,^U1834\d{3}$,4,206,209,4,1.000000,1,0,U1834206,U1834209,contiguous,official_completed_subset
2018|joint_fund|E08|U1839|3,2018,joint_fund,E08,alpha_numeric,U1839,3,^U1839\d{3}$,2,201,202,2,1.000000,1,0,U1839201,U1839202,contiguous,official_completed_subset
2018|joint_fund|E09|U1806|3,2018,joint_fund,E09,alpha_numeric,U1806,3,^U1806\d{3}$,1,226,226,1,1.000000,1,0,U1806226,U1806226,contiguous,official_completed_subset
2018|joint_fund|E09|U1865|3,2018,joint_fund,E09,alpha_numeric,U1865,3,^U1865\d{3}$,7,102,204,103,0.067961,2,96,U1865102,U1865204,sparse,official_completed_subset
2018|joint_fund|E11|U1806|3,2018,joint_fund,E11,alpha_numeric,U1806,3,^U1806\d{3}$,4,227,230,4,1.000000,1,0,U1806227,U1806230,contiguous,official_completed_subset
2018|joint_fund|E11|U1813|3,2018,joint_fund,E11,alpha_numeric,U1813,3,^U1813\d{3}$,1,225,225,1,1.000000,1,0,U1813225,U1813225,contiguous,official_completed_subset
2018|key|E01|51831|3,2018,key,E01,numeric8,51831,3,^51831\d{3}$,12,1,12,12,1.000000,1,0,51831001,51831012,contiguous,official_completed_subset
2018|key|E02|51832|3,2018,key,E02,numeric8,51832,3,^51832\d{3}$,11,1,11,11,1.000000,1,0,51832001,51832011,contiguous,official_completed_subset
2018|key|E03|51833|3,2018,key,E03,numeric8,51833,3,^51833\d{3}$,11,1,11,11,1.000000,1,0,51833001,51833011,contiguous,official_completed_subset
2018|key|E04|51834|3,2018,key,E04,numeric8,51834,3,^51834\d{3}$,10,1,10,10,1.000000,1,0,51834001,51834010,contiguous,official_completed_subset
2018|key|E05|51835|3,2018,key,E05,numeric8,51835,3,^51835\d{3}$,13,1,13,13,1.000000,1,0,51835001,51835013,contiguous,official_completed_subset
2018|key|E06|51836|3,2018,key,E06,numeric8,51836,3,^51836\d{3}$,10,1,10,10,1.000000,1,0,51836001,51836010,contiguous,official_completed_subset
2018|key|E07|51837|3,2018,key,E07,numeric8,51837,3,^51837\d{3}$,11,1,11,11,1.000000,1,0,51837001,51837011,contiguous,official_completed_subset
2018|key|E08|51838|3,2018,key,E08,numeric8,51838,3,^51838\d{3}$,10,1,12,12,0.833333,3,2,51838001,51838012,dense,official_completed_subset
2018|key|E09|51839|3,2018,key,E09,numeric8,51839,3,^51839\d{3}$,7,1,10,10,0.700000,3,3,51839001,51839010,moderate,official_completed_subset
2018|key|E10|51838|3,2018,key,E10,numeric8,51838,3,^51838\d{3}$,3,5,13,9,0.333333,3,6,51838005,51838013,sparse,official_completed_subset
2018|key|E10|51839|3,2018,key,E10,numeric8,51839,3,^51839\d{3}$,1,11,11,1,1.000000,1,0,51839011,51839011,contiguous,official_completed_subset
2018|key|E11|51839|3,2018,key,E11,numeric8,51839,3,^51839\d{3}$,3,2,5,4,0.750000,2,1,51839002,51839005,moderate,official_completed_subset
2018|major_research_plan|E01|91856|3,2018,major_research_plan,E01,numeric8,91856,3,^91856\d{3}$,1,127,127,1,1.000000,1,0,91856127,91856127,contiguous,official_completed_subset
2018|major_research_plan|E01|91860|3,2018,major_research_plan,E01,numeric8,91860,3,^91860\d{3}$,16,0,202,203,0.078818,3,187,91860000,91860202,sparse,official_completed_subset
2018|major_research_plan|E02|91833|3,2018,major_research_plan,E02,numeric8,91833,3,^91833\d{3}$,1,302,302,1,1.000000,1,0,91833302,91833302,contiguous,official_completed_subset
2018|major_research_plan|E02|91860|3,2018,major_research_plan,E02,numeric8,91860,3,^91860\d{3}$,4,116,203,88,0.045455,2,84,91860116,91860203,sparse,official_completed_subset
2018|major_research_plan|E03|91833|3,2018,major_research_plan,E03,numeric8,91833,3,^91833\d{3}$,2,0,305,306,0.006536,2,304,91833000,91833305,sparse,official_completed_subset
2018|major_research_plan|E03|91856|3,2018,major_research_plan,E03,numeric8,91856,3,^91856\d{3}$,1,128,128,1,1.000000,1,0,91856128,91856128,contiguous,official_completed_subset
2018|major_research_plan|E03|91860|3,2018,major_research_plan,E03,numeric8,91860,3,^91860\d{3}$,3,119,204,86,0.034884,2,83,91860119,91860204,sparse,official_completed_subset
2018|major_research_plan|E04|91845|3,2018,major_research_plan,E04,numeric8,91845,3,^91845\d{3}$,1,113,113,1,1.000000,1,0,91845113,91845113,contiguous,official_completed_subset
2018|major_research_plan|E04|91860|3,2018,major_research_plan,E04,numeric8,91860,3,^91860\d{3}$,3,121,123,3,1.000000,1,0,91860121,91860123,contiguous,official_completed_subset
2018|major_research_plan|E05|91848|3,2018,major_research_plan,E05,numeric8,91848,3,^91848\d{3}$,9,101,204,104,0.086538,2,95,91848101,91848204,sparse,official_completed_subset
2018|major_research_plan|E05|91860|3,2018,major_research_plan,E05,numeric8,91860,3,^91860\d{3}$,18,124,208,85,0.211765,2,67,91860124,91860208,sparse,official_completed_subset
2018|major_research_plan|E06|91841|3,2018,major_research_plan,E06,numeric8,91841,3,^91841\d{3}$,1,0,0,1,1.000000,1,0,91841000,91841000,contiguous,official_completed_subset
2018|major_research_plan|E06|91860|3,2018,major_research_plan,E06,numeric8,91860,3,^91860\d{3}$,1,138,138,1,1.000000,1,0,91860138,91860138,contiguous,official_completed_subset
2018|major_research_plan|E09|91847|3,2018,major_research_plan,E09,numeric8,91847,3,^91847\d{3}$,3,0,302,303,0.009901,2,300,91847000,91847302,sparse,official_completed_subset
2018|regional|E01|51861|3,2018,regional,E01,numeric8,51861,3,^51861\d{3}$,34,1,34,34,1.000000,1,0,51861001,51861034,contiguous,official_completed_subset
2018|regional|E02|51862|3,2018,regional,E02,numeric8,51862,3,^51862\d{3}$,35,1,36,36,0.972222,2,1,51862001,51862036,dense,official_completed_subset
2018|regional|E03|51863|3,2018,regional,E03,numeric8,51863,3,^51863\d{3}$,22,1,22,22,1.000000,1,0,51863001,51863022,contiguous,official_completed_subset
2018|regional|E04|51864|3,2018,regional,E04,numeric8,51864,3,^51864\d{3}$,45,1,46,46,0.978261,2,1,51864001,51864046,dense,official_completed_subset
2018|regional|E05|51865|3,2018,regional,E05,numeric8,51865,3,^51865\d{3}$,59,1,59,59,1.000000,1,0,51865001,51865059,contiguous,official_completed_subset
2018|regional|E06|51866|3,2018,regional,E06,numeric8,51866,3,^51866\d{3}$,17,1,17,17,1.000000,1,0,51866001,51866017,contiguous,official_completed_subset
2018|regional|E07|51867|3,2018,regional,E07,numeric8,51867,3,^51867\d{3}$,22,1,22,22,1.000000,1,0,51867001,51867022,contiguous,official_completed_subset
2018|regional|E08|51868|3,2018,regional,E08,numeric8,51868,3,^51868\d{3}$,58,1,76,76,0.763158,11,18,51868001,51868076,moderate,official_completed_subset
2018|regional|E09|51869|3,2018,regional,E09,numeric8,51869,3,^51869\d{3}$,26,1,31,31,0.838710,5,5,51869001,51869031,dense,official_completed_subset
2018|regional|E10|51868|3,2018,regional,E10,numeric8,51868,3,^51868\d{3}$,18,3,72,70,0.257143,10,52,51868003,51868072,sparse,official_completed_subset
2018|regional|E10|51869|3,2018,regional,E10,numeric8,51869,3,^51869\d{3}$,6,6,32,27,0.222222,5,21,51869006,51869032,sparse,official_completed_subset
2018|youth_c|E01|51801|3,2018,youth_c,E01,numeric8,51801,3,^51801\d{3}$,237,1,238,238,0.995798,2,1,51801001,51801238,dense,official_completed_subset
2018|youth_c|E02|51802|3,2018,youth_c,E02,numeric8,51802,3,^51802\d{3}$,361,1,361,361,1.000000,1,0,51802001,51802361,contiguous,official_completed_subset
2018|youth_c|E03|51803|3,2018,youth_c,E03,numeric8,51803,3,^51803\d{3}$,246,1,246,246,1.000000,1,0,51803001,51803246,contiguous,official_completed_subset
2018|youth_c|E04|51804|3,2018,youth_c,E04,numeric8,51804,3,^51804\d{3}$,355,1,356,356,0.997191,2,1,51804001,51804356,dense,official_completed_subset
2018|youth_c|E05|51805|3,2018,youth_c,E05,numeric8,51805,3,^51805\d{3}$,556,1,557,557,0.998205,2,1,51805001,51805557,dense,official_completed_subset
2018|youth_c|E06|51806|3,2018,youth_c,E06,numeric8,51806,3,^51806\d{3}$,251,1,251,251,1.000000,1,0,51806001,51806251,contiguous,official_completed_subset
2018|youth_c|E07|51807|3,2018,youth_c,E07,numeric8,51807,3,^51807\d{3}$,205,1,206,206,0.995146,2,1,51807001,51807206,dense,official_completed_subset
2018|youth_c|E08|51808|3,2018,youth_c,E08,numeric8,51808,3,^51808\d{3}$,401,4,563,560,0.716071,76,159,51808004,51808563,moderate,official_completed_subset
2018|youth_c|E09|51809|3,2018,youth_c,E09,numeric8,51809,3,^51809\d{3}$,161,2,297,296,0.543919,44,135,51809002,51809297,moderate,official_completed_subset
2018|youth_c|E10|51808|3,2018,youth_c,E10,numeric8,51808,3,^51808\d{3}$,161,1,564,564,0.285461,76,403,51808001,51808564,sparse,official_completed_subset
2018|youth_c|E10|51809|3,2018,youth_c,E10,numeric8,51809,3,^51809\d{3}$,46,1,298,298,0.154362,27,252,51809001,51809298,sparse,official_completed_subset
2018|youth_c|E11|51809|3,2018,youth_c,E11,numeric8,51809,3,^51809\d{3}$,91,21,296,276,0.329710,28,185,51809021,51809296,sparse,official_completed_subset
2019|general|E01|51971|3,2019,general,E01,numeric8,51971,3,^51971\d{3}$,251,1,251,251,1.000000,1,0,51971001,51971251,contiguous,official_completed_subset
2019|general|E02|51972|3,2019,general,E02,numeric8,51972,3,^51972\d{3}$,349,1,351,351,0.994302,2,2,51972001,51972351,dense,official_completed_subset
2019|general|E03|51973|3,2019,general,E03,numeric8,51973,3,^51973\d{3}$,245,1,246,246,0.995935,2,1,51973001,51973246,dense,official_completed_subset
2019|general|E04|51974|3,2019,general,E04,numeric8,51974,3,^51974\d{3}$,379,1,380,380,0.997368,2,1,51974001,51974380,dense,official_completed_subset
2019|general|E05|51975|3,2019,general,E05,numeric8,51975,3,^51975\d{3}$,597,1,599,599,0.996661,3,2,51975001,51975599,dense,official_completed_subset
2019|general|E06|51976|3,2019,general,E06,numeric8,51976,3,^51976\d{3}$,238,1,238,238,1.000000,1,0,51976001,51976238,contiguous,official_completed_subset
2019|general|E07|51977|3,2019,general,E07,numeric8,51977,3,^51977\d{3}$,220,1,221,221,0.995475,2,1,51977001,51977221,dense,official_completed_subset
2019|general|E08|51978|3,2019,general,E08,numeric8,51978,3,^51978\d{3}$,512,2,678,677,0.756278,59,165,51978002,51978678,moderate,official_completed_subset
2019|general|E09|51979|3,2019,general,E09,numeric8,51979,3,^51979\d{3}$,155,1,297,297,0.521886,37,142,51979001,51979297,moderate,official_completed_subset
2019|general|E10|51978|3,2019,general,E10,numeric8,51978,3,^51978\d{3}$,164,1,676,676,0.242604,58,512,51978001,51978676,sparse,official_completed_subset
2019|general|E10|51979|3,2019,general,E10,numeric8,51979,3,^51979\d{3}$,44,6,294,289,0.152249,27,245,51979006,51979294,sparse,official_completed_subset
2019|general|E11|51979|3,2019,general,E11,numeric8,51979,3,^51979\d{3}$,96,13,283,271,0.354244,22,175,51979013,51979283,sparse,official_completed_subset
2019|joint_fund|E01|U1906|3,2019,joint_fund,E01,alpha_numeric,U1906,3,^U1906\d{3}$,1,226,226,1,1.000000,1,0,U1906226,U1906226,contiguous,official_completed_subset
2019|joint_fund|E01|U1908|3,2019,joint_fund,E01,alpha_numeric,U1908,3,^U1908\d{3}$,2,219,220,2,1.000000,1,0,U1908219,U1908220,contiguous,official_completed_subset
2019|joint_fund|E01|U1964|3,2019,joint_fund,E01,alpha_numeric,U1964,3,^U1964\d{3}$,1,204,204,1,1.000000,1,0,U1964204,U1964204,contiguous,official_completed_subset
2019|joint_fund|E01|U1967|3,2019,joint_fund,E01,alpha_numeric,U1967,3,^U1967\d{3}$,2,211,212,2,1.000000,1,0,U1967211,U1967212,contiguous,official_completed_subset
2019|joint_fund|E01|U19A2|3,2019,joint_fund,E01,other,U19A2,3,^U19A2\d{3}$,3,84,86,3,1.000000,1,0,U19A2084,U19A2086,contiguous,official_completed_subset
2019|joint_fund|E02|U1906|3,2019,joint_fund,E02,alpha_numeric,U1906,3,^U1906\d{3}$,1,227,227,1,1.000000,1,0,U1906227,U1906227,contiguous,official_completed_subset
2019|joint_fund|E02|U1909|3,2019,joint_fund,E02,alpha_numeric,U1909,3,^U1909\d{3}$,4,211,214,4,1.000000,1,0,U1909211,U1909214,contiguous,official_completed_subset
2019|joint_fund|E02|U1910|3,2019,joint_fund,E02,alpha_numeric,U1910,3,^U1910\d{3}$,3,208,210,3,1.000000,1,0,U1910208,U1910210,contiguous,official_completed_subset
2019|joint_fund|E02|U1937|3,2019,joint_fund,E02,alpha_numeric,U1937,3,^U1937\d{3}$,1,201,201,1,1.000000,1,0,U1937201,U1937201,contiguous,official_completed_subset
2019|joint_fund|E02|U1964|3,2019,joint_fund,E02,alpha_numeric,U1964,3,^U1964\d{3}$,1,205,205,1,1.000000,1,0,U1964205,U1964205,contiguous,official_completed_subset
2019|joint_fund|E02|U19A2|3,2019,joint_fund,E02,other,U19A2,3,^U19A2\d{3}$,7,87,93,7,1.000000,1,0,U19A2087,U19A2093,contiguous,official_completed_subset
2019|joint_fund|E03|U1908|3,2019,joint_fund,E03,alpha_numeric,U1908,3,^U1908\d{3}$,1,221,221,1,1.000000,1,0,U1908221,U1908221,contiguous,official_completed_subset
2019|joint_fund|E03|U19A2|3,2019,joint_fund,E03,other,U19A2,3,^U19A2\d{3}$,3,94,96,3,1.000000,1,0,U19A2094,U19A2096,contiguous,official_completed_subset
2019|joint_fund|E04|U1908|3,2019,joint_fund,E04,alpha_numeric,U1908,3,^U1908\d{3}$,6,222,227,6,1.000000,1,0,U1908222,U1908227,contiguous,official_completed_subset
2019|joint_fund|E04|U1960|3,2019,joint_fund,E04,alpha_numeric,U1960,3,^U1960\d{3}$,20,101,205,105,0.190476,2,85,U1960101,U1960205,sparse,official_completed_subset
2019|joint_fund|E04|U1967|3,2019,joint_fund,E04,alpha_numeric,U1967,3,^U1967\d{3}$,2,213,214,2,1.000000,1,0,U1967213,U1967214,contiguous,official_completed_subset
2019|joint_fund|E04|U19A2|3,2019,joint_fund,E04,other,U19A2,3,^U19A2\d{3}$,3,97,99,3,1.000000,1,0,U19A2097,U19A2099,contiguous,official_completed_subset
2019|joint_fund|E04|U19A20|3,2019,joint_fund,E04,other,U19A20,3,^U19A20\d{3}$,1,100,100,1,1.000000,1,0,U19A20100,U19A20100,contiguous,official_completed_subset
2019|joint_fund|E04|U19B2|3,2019,joint_fund,E04,other,U19B2,3,^U19B2\d{3}$,4,9,12,4,1.000000,1,0,U19B2009,U19B2012,contiguous,official_completed_subset
2019|joint_fund|E05|U1908|3,2019,joint_fund,E05,alpha_numeric,U1908,3,^U1908\d{3}$,6,228,233,6,1.000000,1,0,U1908228,U1908233,contiguous,official_completed_subset
2019|joint_fund|E05|U1909|3,2019,joint_fund,E05,alpha_numeric,U1909,3,^U1909\d{3}$,6,215,221,7,0.857143,2,1,U1909215,U1909221,dense,official_completed_subset
2019|joint_fund|E05|U1910|3,2019,joint_fund,E05,alpha_numeric,U1910,3,^U1910\d{3}$,3,211,213,3,1.000000,1,0,U1910211,U1910213,contiguous,official_completed_subset
2019|joint_fund|E05|U1913|3,2019,joint_fund,E05,alpha_numeric,U1913,3,^U1913\d{3}$,4,213,216,4,1.000000,1,0,U1913213,U1913216,contiguous,official_completed_subset
2019|joint_fund|E05|U1934|3,2019,joint_fund,E05,alpha_numeric,U1934,3,^U1934\d{3}$,3,201,203,3,1.000000,1,0,U1934201,U1934203,contiguous,official_completed_subset
2019|joint_fund|E05|U1937|3,2019,joint_fund,E05,alpha_numeric,U1937,3,^U1937\d{3}$,10,202,603,402,0.024876,2,392,U1937202,U1937603,sparse,official_completed_subset
2019|joint_fund|E05|U1964|3,2019,joint_fund,E05,alpha_numeric,U1964,3,^U1964\d{3}$,1,206,206,1,1.000000,1,0,U1964206,U1964206,contiguous,official_completed_subset
2019|joint_fund|E05|U19A20|3,2019,joint_fund,E05,other,U19A20,3,^U19A20\d{3}$,4,101,104,4,1.000000,1,0,U19A20101,U19A20104,contiguous,official_completed_subset
2019|joint_fund|E06|U1906|3,2019,joint_fund,E06,alpha_numeric,U1906,3,^U1906\d{3}$,1,228,228,1,1.000000,1,0,U1906228,U1906228,contiguous,official_completed_subset
2019|joint_fund|E06|U1910|3,2019,joint_fund,E06,alpha_numeric,U1910,3,^U1910\d{3}$,2,214,215,2,1.000000,1,0,U1910214,U1910215,contiguous,official_completed_subset
2019|joint_fund|E06|U1965|3,2019,joint_fund,E06,alpha_numeric,U1965,3,^U1965\d{3}$,1,102,102,1,1.000000,1,0,U1965102,U1965102,contiguous,official_completed_subset
2019|joint_fund|E07|U1910|3,2019,joint_fund,E07,alpha_numeric,U1910,3,^U1910\d{3}$,1,216,216,1,1.000000,1,0,U1910216,U1910216,contiguous,official_completed_subset
2019|joint_fund|E07|U1934|3,2019,joint_fund,E07,alpha_numeric,U1934,3,^U1934\d{3}$,1,204,204,1,1.000000,1,0,U1934204,U1934204,contiguous,official_completed_subset
2019|joint_fund|E07|U1964|3,2019,joint_fund,E07,alpha_numeric,U1964,3,^U1964\d{3}$,1,207,207,1,1.000000,1,0,U1964207,U1964207,contiguous,official_completed_subset
2019|joint_fund|E07|U1965|3,2019,joint_fund,E07,alpha_numeric,U1965,3,^U1965\d{3}$,2,103,104,2,1.000000,1,0,U1965103,U1965104,contiguous,official_completed_subset
2019|joint_fund|E07|U1966|3,2019,joint_fund,E07,alpha_numeric,U1966,3,^U1966\d{3}$,12,203,214,12,1.000000,1,0,U1966203,U1966214,contiguous,official_completed_subset
2019|joint_fund|E07|U19A20|3,2019,joint_fund,E07,other,U19A20,3,^U19A20\d{3}$,2,105,106,2,1.000000,1,0,U19A20105,U19A20106,contiguous,official_completed_subset
2019|joint_fund|E08|U1934|3,2019,joint_fund,E08,alpha_numeric,U1934,3,^U1934\d{3}$,13,205,217,13,1.000000,1,0,U1934205,U1934217,contiguous,official_completed_subset
2019|joint_fund|E08|U1939|3,2019,joint_fund,E08,alpha_numeric,U1939,3,^U1939\d{3}$,3,208,210,3,1.000000,1,0,U1939208,U1939210,contiguous,official_completed_subset
2019|joint_fund|E08|U1965|3,2019,joint_fund,E08,alpha_numeric,U1965,3,^U1965\d{3}$,1,105,105,1,1.000000,1,0,U1965105,U1965105,contiguous,official_completed_subset
2019|joint_fund|E08|U19A20|3,2019,joint_fund,E08,other,U19A20,3,^U19A20\d{3}$,2,109,110,2,1.000000,1,0,U19A20109,U19A20110,contiguous,official_completed_subset
2019|joint_fund|E09|U1906|3,2019,joint_fund,E09,alpha_numeric,U1906,3,^U1906\d{3}$,1,229,229,1,1.000000,1,0,U1906229,U1906229,contiguous,official_completed_subset
2019|joint_fund|E09|U1934|3,2019,joint_fund,E09,alpha_numeric,U1934,3,^U1934\d{3}$,1,218,218,1,1.000000,1,0,U1934218,U1934218,contiguous,official_completed_subset
2019|joint_fund|E09|U1965|3,2019,joint_fund,E09,alpha_numeric,U1965,3,^U1965\d{3}$,11,106,207,102,0.107843,2,91,U1965106,U1965207,sparse,official_completed_subset
2019|joint_fund|E09|U19A20|3,2019,joint_fund,E09,other,U19A20,3,^U19A20\d{3}$,1,111,111,1,1.000000,1,0,U19A20111,U19A20111,contiguous,official_completed_subset
2019|joint_fund|E10|U19A20|3,2019,joint_fund,E10,other,U19A20,3,^U19A20\d{3}$,2,107,108,2,1.000000,1,0,U19A20107,U19A20108,contiguous,official_completed_subset
2019|joint_fund|E11|U1906|3,2019,joint_fund,E11,alpha_numeric,U1906,3,^U1906\d{3}$,5,230,234,5,1.000000,1,0,U1906230,U1906234,contiguous,official_completed_subset
2019|joint_fund|E11|U19B2|3,2019,joint_fund,E11,other,U19B2,3,^U19B2\d{3}$,1,13,13,1,1.000000,1,0,U19B2013,U19B2013,contiguous,official_completed_subset
2019|key|E01|51931|3,2019,key,E01,numeric8,51931,3,^51931\d{3}$,12,1,12,12,1.000000,1,0,51931001,51931012,contiguous,official_completed_subset
2019|key|E02|51932|3,2019,key,E02,numeric8,51932,3,^51932\d{3}$,11,1,11,11,1.000000,1,0,51932001,51932011,contiguous,official_completed_subset
2019|key|E03|51933|3,2019,key,E03,numeric8,51933,3,^51933\d{3}$,11,1,11,11,1.000000,1,0,51933001,51933011,contiguous,official_completed_subset
2019|key|E04|51934|3,2019,key,E04,numeric8,51934,3,^51934\d{3}$,10,1,10,10,1.000000,1,0,51934001,51934010,contiguous,official_completed_subset
2019|key|E05|51935|3,2019,key,E05,numeric8,51935,3,^51935\d{3}$,14,1,14,14,1.000000,1,0,51935001,51935014,contiguous,official_completed_subset
2019|key|E06|51936|3,2019,key,E06,numeric8,51936,3,^51936\d{3}$,11,1,11,11,1.000000,1,0,51936001,51936011,contiguous,official_completed_subset
2019|key|E07|51937|3,2019,key,E07,numeric8,51937,3,^51937\d{3}$,11,1,11,11,1.000000,1,0,51937001,51937011,contiguous,official_completed_subset
2019|key|E08|51938|3,2019,key,E08,numeric8,51938,3,^51938\d{3}$,10,2,13,12,0.833333,3,2,51938002,51938013,dense,official_completed_subset
2019|key|E09|51939|3,2019,key,E09,numeric8,51939,3,^51939\d{3}$,7,4,11,8,0.875000,2,1,51939004,51939011,dense,official_completed_subset
2019|key|E10|51938|3,2019,key,E10,numeric8,51938,3,^51938\d{3}$,4,1,14,14,0.285714,4,10,51938001,51938014,sparse,official_completed_subset
2019|key|E10|51939|3,2019,key,E10,numeric8,51939,3,^51939\d{3}$,1,9,9,1,1.000000,1,0,51939009,51939009,contiguous,official_completed_subset
2019|key|E11|51939|3,2019,key,E11,numeric8,51939,3,^51939\d{3}$,3,1,3,3,1.000000,1,0,51939001,51939003,contiguous,official_completed_subset
2019|major_research_plan|E01|91960|3,2019,major_research_plan,E01,numeric8,91960,3,^91960\d{3}$,3,101,202,102,0.029412,2,99,91960101,91960202,sparse,official_completed_subset
2019|major_research_plan|E01|91963|3,2019,major_research_plan,E01,numeric8,91963,3,^91963\d{3}$,5,110,201,92,0.054348,2,87,91963110,91963201,sparse,official_completed_subset
2019|major_research_plan|E02|91960|3,2019,major_research_plan,E02,numeric8,91960,3,^91960\d{3}$,4,102,105,4,1.000000,1,0,91960102,91960105,contiguous,official_completed_subset
2019|major_research_plan|E02|91963|3,2019,major_research_plan,E02,numeric8,91963,3,^91963\d{3}$,20,114,211,98,0.204082,2,78,91963114,91963211,sparse,official_completed_subset
2019|major_research_plan|E03|91963|3,2019,major_research_plan,E03,numeric8,91963,3,^91963\d{3}$,4,124,212,89,0.044944,2,85,91963124,91963212,sparse,official_completed_subset
2019|major_research_plan|E04|91962|3,2019,major_research_plan,E04,numeric8,91962,3,^91962\d{3}$,1,223,223,1,1.000000,1,0,91962223,91962223,contiguous,official_completed_subset
2019|major_research_plan|E05|91948|3,2019,major_research_plan,E05,numeric8,91948,3,^91948\d{3}$,3,201,203,3,1.000000,1,0,91948201,91948203,contiguous,official_completed_subset
2019|major_research_plan|E05|91960|3,2019,major_research_plan,E05,numeric8,91960,3,^91960\d{3}$,6,106,204,99,0.060606,2,93,91960106,91960204,sparse,official_completed_subset
2019|major_research_plan|E05|91963|3,2019,major_research_plan,E05,numeric8,91963,3,^91963\d{3}$,1,127,127,1,1.000000,1,0,91963127,91963127,contiguous,official_completed_subset
2019|major_research_plan|E06|91941|3,2019,major_research_plan,E06,numeric8,91941,3,^91941\d{3}$,6,0,105,106,0.056604,2,100,91941000,91941105,sparse,official_completed_subset
2019|major_research_plan|E06|91960|3,2019,major_research_plan,E06,numeric8,91960,3,^91960\d{3}$,1,110,110,1,1.000000,1,0,91960110,91960110,contiguous,official_completed_subset
2019|regional|E01|51961|3,2019,regional,E01,numeric8,51961,3,^51961\d{3}$,35,1,35,35,1.000000,1,0,51961001,51961035,contiguous,official_completed_subset
2019|regional|E02|51962|3,2019,regional,E02,numeric8,51962,3,^51962\d{3}$,36,1,36,36,1.000000,1,0,51962001,51962036,contiguous,official_completed_subset
2019|regional|E03|51963|3,2019,regional,E03,numeric8,51963,3,^51963\d{3}$,21,1,21,21,1.000000,1,0,51963001,51963021,contiguous,official_completed_subset
2019|regional|E04|51964|3,2019,regional,E04,numeric8,51964,3,^51964\d{3}$,46,1,46,46,1.000000,1,0,51964001,51964046,contiguous,official_completed_subset
2019|regional|E05|51965|3,2019,regional,E05,numeric8,51965,3,^51965\d{3}$,58,1,59,59,0.983051,2,1,51965001,51965059,dense,official_completed_subset
2019|regional|E06|51966|3,2019,regional,E06,numeric8,51966,3,^51966\d{3}$,19,1,19,19,1.000000,1,0,51966001,51966019,contiguous,official_completed_subset
2019|regional|E07|51967|3,2019,regional,E07,numeric8,51967,3,^51967\d{3}$,20,1,20,20,1.000000,1,0,51967001,51967020,contiguous,official_completed_subset
2019|regional|E08|51968|3,2019,regional,E08,numeric8,51968,3,^51968\d{3}$,58,1,74,74,0.783784,9,16,51968001,51968074,moderate,official_completed_subset
2019|regional|E09|51969|3,2019,regional,E09,numeric8,51969,3,^51969\d{3}$,27,2,30,29,0.931034,3,2,51969002,51969030,dense,official_completed_subset
2019|regional|E10|51968|3,2019,regional,E10,numeric8,51968,3,^51968\d{3}$,18,7,76,70,0.257143,9,52,51968007,51968076,sparse,official_completed_subset
2019|regional|E10|51969|3,2019,regional,E10,numeric8,51969,3,^51969\d{3}$,3,8,32,25,0.120000,2,22,51969008,51969032,sparse,official_completed_subset
2019|regional|E11|51969|3,2019,regional,E11,numeric8,51969,3,^51969\d{3}$,2,1,5,5,0.400000,2,3,51969001,51969005,moderate,official_completed_subset
2019|youth_c|E01|51901|3,2019,youth_c,E01,numeric8,51901,3,^51901\d{3}$,253,1,254,254,0.996063,2,1,51901001,51901254,dense,official_completed_subset
2019|youth_c|E02|51902|3,2019,youth_c,E02,numeric8,51902,3,^51902\d{3}$,353,1,360,360,0.980556,8,7,51902001,51902360,dense,official_completed_subset
2019|youth_c|E03|51903|3,2019,youth_c,E03,numeric8,51903,3,^51903\d{3}$,258,1,258,258,1.000000,1,0,51903001,51903258,contiguous,official_completed_subset
2019|youth_c|E04|51904|3,2019,youth_c,E04,numeric8,51904,3,^51904\d{3}$,359,1,360,360,0.997222,2,1,51904001,51904360,dense,official_completed_subset
2019|youth_c|E05|51905|3,2019,youth_c,E05,numeric8,51905,3,^51905\d{3}$,557,1,558,558,0.998208,2,1,51905001,51905558,dense,official_completed_subset
2019|youth_c|E06|51906|3,2019,youth_c,E06,numeric8,51906,3,^51906\d{3}$,265,1,265,265,1.000000,1,0,51906001,51906265,contiguous,official_completed_subset
2019|youth_c|E07|51907|3,2019,youth_c,E07,numeric8,51907,3,^51907\d{3}$,206,1,206,206,1.000000,1,0,51907001,51907206,contiguous,official_completed_subset
2019|youth_c|E08|51908|3,2019,youth_c,E08,numeric8,51908,3,^51908\d{3}$,432,2,568,567,0.761905,70,135,51908002,51908568,moderate,official_completed_subset
2019|youth_c|E09|51909|3,2019,youth_c,E09,numeric8,51909,3,^51909\d{3}$,158,2,289,288,0.548611,43,130,51909002,51909289,moderate,official_completed_subset
2019|youth_c|E10|51908|3,2019,youth_c,E10,numeric8,51908,3,^51908\d{3}$,135,1,567,567,0.238095,70,432,51908001,51908567,sparse,official_completed_subset
2019|youth_c|E10|51909|3,2019,youth_c,E10,numeric8,51909,3,^51909\d{3}$,43,1,284,284,0.151408,31,241,51909001,51909284,sparse,official_completed_subset
2019|youth_c|E11|51909|3,2019,youth_c,E11,numeric8,51909,3,^51909\d{3}$,90,6,292,287,0.313589,32,197,51909006,51909292,sparse,official_completed_subset
2020|general|E01|52071|3,2020,general,E01,numeric8,52071,3,^52071\d{3}$,239,1,347,347,0.688761,30,108,52071001,52071347,moderate,official_completed_subset
2020|general|E02|52072|3,2020,general,E02,numeric8,52072,3,^52072\d{3}$,316,1,418,418,0.755981,32,102,52072001,52072418,moderate,official_completed_subset
2020|general|E03|52073|3,2020,general,E03,numeric8,52073,3,^52073\d{3}$,221,1,316,316,0.699367,53,95,52073001,52073316,moderate,official_completed_subset
2020|general|E04|52074|3,2020,general,E04,numeric8,52074,3,^52074\d{3}$,366,1,366,366,1.000000,1,0,52074001,52074366,contiguous,official_completed_subset
2020|general|E05|52075|3,2020,general,E05,numeric8,52075,3,^52075\d{3}$,559,1,561,561,0.996435,3,2,52075001,52075561,dense,official_completed_subset
2020|general|E06|52076|3,2020,general,E06,numeric8,52076,3,^52076\d{3}$,219,1,219,219,1.000000,1,0,52076001,52076219,contiguous,official_completed_subset
2020|general|E07|52077|3,2020,general,E07,numeric8,52077,3,^52077\d{3}$,223,1,223,223,1.000000,1,0,52077001,52077223,contiguous,official_completed_subset
2020|general|E08|52078|3,2020,general,E08,numeric8,52078,3,^52078\d{3}$,509,1,509,509,1.000000,1,0,52078001,52078509,contiguous,official_completed_subset
2020|general|E09|52079|3,2020,general,E09,numeric8,52079,3,^52079\d{3}$,150,1,151,151,0.993377,2,1,52079001,52079151,dense,official_completed_subset
2020|general|E10|52070|3,2020,general,E10,numeric8,52070,3,^52070\d{3}$,196,1,196,196,1.000000,1,0,52070001,52070196,contiguous,official_completed_subset
2020|general|E11|52071|3,2020,general,E11,numeric8,52071,3,^52071\d{3}$,110,31,350,320,0.343750,29,210,52071031,52071350,sparse,official_completed_subset
2020|general|E12|52072|3,2020,general,E12,numeric8,52072,3,^52072\d{3}$,102,11,414,404,0.252475,31,302,52072011,52072414,sparse,official_completed_subset
2020|general|E13|52073|3,2020,general,E13,numeric8,52073,3,^52073\d{3}$,94,3,309,307,0.306189,51,213,52073003,52073309,sparse,official_completed_subset
2020|joint_fund|E01|U2006|3,2020,joint_fund,E01,alpha_numeric,U2006,3,^U2006\d{3}$,1,219,219,1,1.000000,1,0,U2006219,U2006219,contiguous,official_completed_subset
2020|joint_fund|E01|U2037|3,2020,joint_fund,E01,alpha_numeric,U2037,3,^U2037\d{3}$,1,601,601,1,1.000000,1,0,U2037601,U2037601,contiguous,official_completed_subset
2020|joint_fund|E01|U2067|3,2020,joint_fund,E01,alpha_numeric,U2067,3,^U2067\d{3}$,4,216,219,4,1.000000,1,0,U2067216,U2067219,contiguous,official_completed_subset
2020|joint_fund|E01|U20A20|3,2020,joint_fund,E01,other,U20A20,3,^U20A20\d{3}$,8,230,237,8,1.000000,1,0,U20A20230,U20A20237,contiguous,official_completed_subset
2020|joint_fund|E01|U20B2|3,2020,joint_fund,E01,other,U20B2,3,^U20B2\d{3}$,3,25,27,3,1.000000,1,0,U20B2025,U20B2027,contiguous,official_completed_subset
2020|joint_fund|E02|U20A20|3,2020,joint_fund,E02,other,U20A20,3,^U20A20\d{3}$,17,238,254,17,1.000000,1,0,U20A20238,U20A20254,contiguous,official_completed_subset
2020|joint_fund|E03|U2006|3,2020,joint_fund,E03,alpha_numeric,U2006,3,^U2006\d{3}$,1,220,220,1,1.000000,1,0,U2006220,U2006220,contiguous,official_completed_subset
2020|joint_fund|E03|U2037|3,2020,joint_fund,E03,alpha_numeric,U2037,3,^U2037\d{3}$,1,201,201,1,1.000000,1,0,U2037201,U2037201,contiguous,official_completed_subset
2020|joint_fund|E03|U20A20|3,2020,joint_fund,E03,other,U20A20,3,^U20A20\d{3}$,10,255,264,10,1.000000,1,0,U20A20255,U20A20264,contiguous,official_completed_subset
2020|joint_fund|E03|U20B2|3,2020,joint_fund,E03,other,U20B2,3,^U20B2\d{3}$,1,28,28,1,1.000000,1,0,U20B2028,U20B2028,contiguous,official_completed_subset
2020|joint_fund|E04|U20A20|3,2020,joint_fund,E04,other,U20A20,3,^U20A20\d{3}$,16,265,280,16,1.000000,1,0,U20A20265,U20A20280,contiguous,official_completed_subset
2020|joint_fund|E04|U20B2|3,2020,joint_fund,E04,other,U20B2,3,^U20B2\d{3}$,2,29,30,2,1.000000,1,0,U20B2029,U20B2030,contiguous,official_completed_subset
2020|joint_fund|E05|U2013|3,2020,joint_fund,E05,alpha_numeric,U2013,3,^U2013\d{3}$,4,211,214,4,1.000000,1,0,U2013211,U2013214,contiguous,official_completed_subset
2020|joint_fund|E05|U2037|3,2020,joint_fund,E05,alpha_numeric,U2037,3,^U2037\d{3}$,6,202,603,402,0.014925,2,396,U2037202,U2037603,sparse,official_completed_subset
2020|joint_fund|E05|U2067|3,2020,joint_fund,E05,alpha_numeric,U2067,3,^U2067\d{3}$,2,220,221,2,1.000000,1,0,U2067220,U2067221,contiguous,official_completed_subset
2020|joint_fund|E05|U20A20|3,2020,joint_fund,E05,other,U20A20,3,^U20A20\d{3}$,17,281,297,17,1.000000,1,0,U20A20281,U20A20297,contiguous,official_completed_subset
2020|joint_fund|E05|U20B2|3,2020,joint_fund,E05,other,U20B2,3,^U20B2\d{3}$,3,31,33,3,1.000000,1,0,U20B2031,U20B2033,contiguous,official_completed_subset
2020|joint_fund|E06|U2006|3,2020,joint_fund,E06,alpha_numeric,U2006,3,^U2006\d{3}$,1,221,221,1,1.000000,1,0,U2006221,U2006221,contiguous,official_completed_subset
2020|joint_fund|E06|U20A20|3,2020,joint_fund,E06,other,U20A20,3,^U20A20\d{3}$,7,298,304,7,1.000000,1,0,U20A20298,U20A20304,contiguous,official_completed_subset
2020|joint_fund|E06|U20B2|3,2020,joint_fund,E06,other,U20B2,3,^U20B2\d{3}$,3,34,36,3,1.000000,1,0,U20B2034,U20B2036,contiguous,official_completed_subset
2020|joint_fund|E07|U2006|3,2020,joint_fund,E07,alpha_numeric,U2006,3,^U2006\d{3}$,1,222,222,1,1.000000,1,0,U2006222,U2006222,contiguous,official_completed_subset
2020|joint_fund|E07|U2034|3,2020,joint_fund,E07,alpha_numeric,U2034,3,^U2034\d{3}$,1,201,201,1,1.000000,1,0,U2034201,U2034201,contiguous,official_completed_subset
2020|joint_fund|E07|U2066|3,2020,joint_fund,E07,alpha_numeric,U2066,3,^U2066\d{3}$,14,204,217,14,1.000000,1,0,U2066204,U2066217,contiguous,official_completed_subset
2020|joint_fund|E07|U20A20|3,2020,joint_fund,E07,other,U20A20,3,^U20A20\d{3}$,6,305,310,6,1.000000,1,0,U20A20305,U20A20310,contiguous,official_completed_subset
2020|joint_fund|E08|U2006|3,2020,joint_fund,E08,alpha_numeric,U2006,3,^U2006\d{3}$,3,223,225,3,1.000000,1,0,U2006223,U2006225,contiguous,official_completed_subset
2020|joint_fund|E08|U2034|3,2020,joint_fund,E08,alpha_numeric,U2034,3,^U2034\d{3}$,6,202,207,6,1.000000,1,0,U2034202,U2034207,contiguous,official_completed_subset
2020|joint_fund|E08|U2039|3,2020,joint_fund,E08,alpha_numeric,U2039,3,^U2039\d{3}$,2,208,209,2,1.000000,1,0,U2039208,U2039209,contiguous,official_completed_subset
2020|joint_fund|E08|U20A20|3,2020,joint_fund,E08,other,U20A20,3,^U20A20\d{3}$,5,311,315,5,1.000000,1,0,U20A20311,U20A20315,contiguous,official_completed_subset
2020|joint_fund|E09|U2040|3,2020,joint_fund,E09,alpha_numeric,U2040,3,^U2040\d{3}$,13,212,224,13,1.000000,1,0,U2040212,U2040224,contiguous,official_completed_subset
2020|joint_fund|E09|U20A20|3,2020,joint_fund,E09,other,U20A20,3,^U20A20\d{3}$,5,316,320,5,1.000000,1,0,U20A20316,U20A20320,contiguous,official_completed_subset
2020|joint_fund|E10|U20A20|3,2020,joint_fund,E10,other,U20A20,3,^U20A20\d{3}$,6,321,326,6,1.000000,1,0,U20A20321,U20A20326,contiguous,official_completed_subset
2020|joint_fund|E10|U20B2|3,2020,joint_fund,E10,other,U20B2,3,^U20B2\d{3}$,1,37,37,1,1.000000,1,0,U20B2037,U20B2037,contiguous,official_completed_subset
2020|joint_fund|E11|U2006|3,2020,joint_fund,E11,alpha_numeric,U2006,3,^U2006\d{3}$,4,226,229,4,1.000000,1,0,U2006226,U2006229,contiguous,official_completed_subset
2020|joint_fund|E11|U20A20|3,2020,joint_fund,E11,other,U20A20,3,^U20A20\d{3}$,3,327,329,3,1.000000,1,0,U20A20327,U20A20329,contiguous,official_completed_subset
2020|joint_fund|E12|U2034|3,2020,joint_fund,E12,alpha_numeric,U2034,3,^U2034\d{3}$,3,208,210,3,1.000000,1,0,U2034208,U2034210,contiguous,official_completed_subset
2020|joint_fund|E12|U20A20|3,2020,joint_fund,E12,other,U20A20,3,^U20A20\d{3}$,5,330,334,5,1.000000,1,0,U20A20330,U20A20334,contiguous,official_completed_subset
2020|joint_fund|E13|U2006|3,2020,joint_fund,E13,alpha_numeric,U2006,3,^U2006\d{3}$,1,230,230,1,1.000000,1,0,U2006230,U2006230,contiguous,official_completed_subset
2020|joint_fund|E13|U2037|3,2020,joint_fund,E13,alpha_numeric,U2037,3,^U2037\d{3}$,1,206,206,1,1.000000,1,0,U2037206,U2037206,contiguous,official_completed_subset
2020|joint_fund|E13|U20A20|3,2020,joint_fund,E13,other,U20A20,3,^U20A20\d{3}$,6,335,340,6,1.000000,1,0,U20A20335,U20A20340,contiguous,official_completed_subset
2020|major_research_plan|E01|92060|3,2020,major_research_plan,E01,numeric8,92060,3,^92060\d{3}$,3,101,103,3,1.000000,1,0,92060101,92060103,contiguous,official_completed_subset
2020|major_research_plan|E01|92061|3,2020,major_research_plan,E01,numeric8,92061,3,^92061\d{3}$,1,125,125,1,1.000000,1,0,92061125,92061125,contiguous,official_completed_subset
2020|major_research_plan|E01|92066|3,2020,major_research_plan,E01,numeric8,92066,3,^92066\d{3}$,3,101,202,102,0.029412,2,99,92066101,92066202,sparse,official_completed_subset
2020|major_research_plan|E02|92060|3,2020,major_research_plan,E02,numeric8,92060,3,^92060\d{3}$,2,201,202,2,1.000000,1,0,92060201,92060202,contiguous,official_completed_subset
2020|major_research_plan|E02|92061|3,2020,major_research_plan,E02,numeric8,92061,3,^92061\d{3}$,1,126,126,1,1.000000,1,0,92061126,92061126,contiguous,official_completed_subset
2020|major_research_plan|E02|92063|3,2020,major_research_plan,E02,numeric8,92063,3,^92063\d{3}$,1,0,0,1,1.000000,1,0,92063000,92063000,contiguous,official_completed_subset
2020|major_research_plan|E02|92064|3,2020,major_research_plan,E02,numeric8,92064,3,^92064\d{3}$,1,5,5,1,1.000000,1,0,92064005,92064005,contiguous,official_completed_subset
2020|major_research_plan|E02|92066|3,2020,major_research_plan,E02,numeric8,92066,3,^92066\d{3}$,3,102,203,102,0.029412,2,99,92066102,92066203,sparse,official_completed_subset
2020|major_research_plan|E03|92056|3,2020,major_research_plan,E03,numeric8,92056,3,^92056\d{3}$,1,120,120,1,1.000000,1,0,92056120,92056120,contiguous,official_completed_subset
2020|major_research_plan|E03|92066|3,2020,major_research_plan,E03,numeric8,92066,3,^92066\d{3}$,2,104,204,101,0.019802,2,99,92066104,92066204,sparse,official_completed_subset
2020|major_research_plan|E04|92060|3,2020,major_research_plan,E04,numeric8,92060,3,^92060\d{3}$,1,104,104,1,1.000000,1,0,92060104,92060104,contiguous,official_completed_subset
2020|major_research_plan|E04|92062|3,2020,major_research_plan,E04,numeric8,92062,3,^92062\d{3}$,3,109,223,115,0.026087,2,112,92062109,92062223,sparse,official_completed_subset
2020|major_research_plan|E04|92066|3,2020,major_research_plan,E04,numeric8,92066,3,^92066\d{3}$,1,205,205,1,1.000000,1,0,92066205,92066205,contiguous,official_completed_subset
2020|major_research_plan|E05|92048|3,2020,major_research_plan,E05,numeric8,92048,3,^92048\d{3}$,3,201,302,102,0.029412,2,99,92048201,92048302,sparse,official_completed_subset
2020|major_research_plan|E05|92060|3,2020,major_research_plan,E05,numeric8,92060,3,^92060\d{3}$,9,105,203,99,0.090909,2,90,92060105,92060203,sparse,official_completed_subset
2020|major_research_plan|E07|92066|3,2020,major_research_plan,E07,numeric8,92066,3,^92066\d{3}$,7,0,207,208,0.033654,3,201,92066000,92066207,sparse,official_completed_subset
2020|major_research_plan|E09|92047|3,2020,major_research_plan,E09,numeric8,92047,3,^92047\d{3}$,8,0,303,304,0.026316,3,296,92047000,92047303,sparse,official_completed_subset
2020|major_research_plan|E13|92060|3,2020,major_research_plan,E13,numeric8,92060,3,^92060\d{3}$,1,113,113,1,1.000000,1,0,92060113,92060113,contiguous,official_completed_subset
2020|major_research_plan|E13|92066|3,2020,major_research_plan,E13,numeric8,92066,3,^92066\d{3}$,1,208,208,1,1.000000,1,0,92066208,92066208,contiguous,official_completed_subset
2020|regional|E01|52061|3,2020,regional,E01,numeric8,52061,3,^52061\d{3}$,40,2,41,40,1.000000,1,0,52061002,52061041,contiguous,official_completed_subset
2020|regional|E02|52062|3,2020,regional,E02,numeric8,52062,3,^52062\d{3}$,37,1,48,48,0.770833,6,11,52062001,52062048,moderate,official_completed_subset
2020|regional|E03|52063|3,2020,regional,E03,numeric8,52063,3,^52063\d{3}$,21,1,30,30,0.700000,4,9,52063001,52063030,moderate,official_completed_subset
2020|regional|E04|52064|3,2020,regional,E04,numeric8,52064,3,^52064\d{3}$,49,1,49,49,1.000000,1,0,52064001,52064049,contiguous,official_completed_subset
2020|regional|E05|52065|3,2020,regional,E05,numeric8,52065,3,^52065\d{3}$,65,1,66,66,0.984848,2,1,52065001,52065066,dense,official_completed_subset
2020|regional|E06|52066|3,2020,regional,E06,numeric8,52066,3,^52066\d{3}$,17,1,17,17,1.000000,1,0,52066001,52066017,contiguous,official_completed_subset
2020|regional|E07|52067|3,2020,regional,E07,numeric8,52067,3,^52067\d{3}$,21,1,21,21,1.000000,1,0,52067001,52067021,contiguous,official_completed_subset
2020|regional|E08|52068|3,2020,regional,E08,numeric8,52068,3,^52068\d{3}$,67,1,68,68,0.985294,2,1,52068001,52068068,dense,official_completed_subset
2020|regional|E09|52069|3,2020,regional,E09,numeric8,52069,3,^52069\d{3}$,29,1,29,29,1.000000,1,0,52069001,52069029,contiguous,official_completed_subset
2020|regional|E10|52060|3,2020,regional,E10,numeric8,52060,3,^52060\d{3}$,23,1,23,23,1.000000,1,0,52060001,52060023,contiguous,official_completed_subset
2020|regional|E11|52061|3,2020,regional,E11,numeric8,52061,3,^52061\d{3}$,2,1,42,42,0.047619,2,40,52061001,52061042,sparse,official_completed_subset
2020|regional|E12|52062|3,2020,regional,E12,numeric8,52062,3,^52062\d{3}$,10,14,39,26,0.384615,5,16,52062014,52062039,sparse,official_completed_subset
2020|regional|E13|52063|3,2020,regional,E13,numeric8,52063,3,^52063\d{3}$,9,14,29,16,0.562500,3,7,52063014,52063029,moderate,official_completed_subset
2020|youth_c|E01|52001|3,2020,youth_c,E01,numeric8,52001,3,^52001\d{3}$,244,1,340,340,0.717647,36,96,52001001,52001340,moderate,official_completed_subset
2020|youth_c|E02|52002|3,2020,youth_c,E02,numeric8,52002,3,^52002\d{3}$,330,1,414,414,0.797101,37,84,52002001,52002414,moderate,official_completed_subset
2020|youth_c|E03|52003|3,2020,youth_c,E03,numeric8,52003,3,^52003\d{3}$,240,2,307,306,0.784314,48,66,52003002,52003307,moderate,official_completed_subset
2020|youth_c|E04|52004|3,2020,youth_c,E04,numeric8,52004,3,^52004\d{3}$,343,1,343,343,1.000000,1,0,52004001,52004343,contiguous,official_completed_subset
2020|youth_c|E05|52005|3,2020,youth_c,E05,numeric8,52005,3,^52005\d{3}$,521,1,523,523,0.996176,3,2,52005001,52005523,dense,official_completed_subset
2020|youth_c|E06|52006|3,2020,youth_c,E06,numeric8,52006,3,^52006\d{3}$,250,1,250,250,1.000000,1,0,52006001,52006250,contiguous,official_completed_subset
2020|youth_c|E07|52007|3,2020,youth_c,E07,numeric8,52007,3,^52007\d{3}$,199,1,200,200,0.995000,2,1,52007001,52007200,dense,official_completed_subset
2020|youth_c|E08|52008|3,2020,youth_c,E08,numeric8,52008,3,^52008\d{3}$,410,1,414,414,0.990338,5,4,52008001,52008414,dense,official_completed_subset
2020|youth_c|E09|52009|3,2020,youth_c,E09,numeric8,52009,3,^52009\d{3}$,149,1,149,149,1.000000,1,0,52009001,52009149,contiguous,official_completed_subset
2020|youth_c|E10|52000|3,2020,youth_c,E10,numeric8,52000,3,^52000\d{3}$,185,1,187,187,0.989305,3,2,52000001,52000187,dense,official_completed_subset
2020|youth_c|E11|52001|3,2020,youth_c,E11,numeric8,52001,3,^52001\d{3}$,94,10,338,329,0.285714,34,235,52001010,52001338,sparse,official_completed_subset
2020|youth_c|E12|52002|3,2020,youth_c,E12,numeric8,52002,3,^52002\d{3}$,81,8,409,402,0.201493,33,321,52002008,52002409,sparse,official_completed_subset
2020|youth_c|E13|52003|3,2020,youth_c,E13,numeric8,52003,3,^52003\d{3}$,66,1,305,305,0.216393,47,239,52003001,52003305,sparse,official_completed_subset
2021|general|E02|52172|3,2021,general,E02,numeric8,52172,3,^52172\d{3}$,1,211,211,1,1.000000,1,0,52172211,52172211,contiguous,official_completed_subset
2021|general|E07|52177|3,2021,general,E07,numeric8,52177,3,^52177\d{3}$,1,91,91,1,1.000000,1,0,52177091,52177091,contiguous,official_completed_subset
2021|major_research_plan|E01|92163|3,2021,major_research_plan,E01,numeric8,92163,3,^92163\d{3}$,3,107,109,3,1.000000,1,0,92163107,92163109,contiguous,official_completed_subset
2021|major_research_plan|E01|92166|3,2021,major_research_plan,E01,numeric8,92166,3,^92166\d{3}$,2,102,103,2,1.000000,1,0,92166102,92166103,contiguous,official_completed_subset
2021|major_research_plan|E02|92163|3,2021,major_research_plan,E02,numeric8,92163,3,^92163\d{3}$,16,110,125,16,1.000000,1,0,92163110,92163125,contiguous,official_completed_subset
2021|major_research_plan|E02|92166|3,2021,major_research_plan,E02,numeric8,92166,3,^92166\d{3}$,1,104,104,1,1.000000,1,0,92166104,92166104,contiguous,official_completed_subset
2021|major_research_plan|E03|92161|3,2021,major_research_plan,E03,numeric8,92161,3,^92161\d{3}$,1,126,126,1,1.000000,1,0,92161126,92161126,contiguous,official_completed_subset
2021|major_research_plan|E03|92163|3,2021,major_research_plan,E03,numeric8,92163,3,^92163\d{3}$,3,126,128,3,1.000000,1,0,92163126,92163128,contiguous,official_completed_subset
2021|major_research_plan|E04|92162|3,2021,major_research_plan,E04,numeric8,92162,3,^92162\d{3}$,1,109,109,1,1.000000,1,0,92162109,92162109,contiguous,official_completed_subset
2021|major_research_plan|E05|92166|3,2021,major_research_plan,E05,numeric8,92166,3,^92166\d{3}$,1,105,105,1,1.000000,1,0,92166105,92166105,contiguous,official_completed_subset
2021|major_research_plan|E05|92167|3,2021,major_research_plan,E05,numeric8,92167,3,^92167\d{3}$,1,201,201,1,1.000000,1,0,92167201,92167201,contiguous,official_completed_subset
2021|major_research_plan|E07|92166|3,2021,major_research_plan,E07,numeric8,92166,3,^92166\d{3}$,6,106,111,6,1.000000,1,0,92166106,92166111,contiguous,official_completed_subset
2021|major_research_plan|E13|92163|3,2021,major_research_plan,E13,numeric8,92163,3,^92163\d{3}$,6,129,134,6,1.000000,1,0,92163129,92163134,contiguous,official_completed_subset
2021|major_research_plan|E13|92166|3,2021,major_research_plan,E13,numeric8,92166,3,^92166\d{3}$,1,112,112,1,1.000000,1,0,92166112,92166112,contiguous,official_completed_subset
2021|youth_c|E01|52101|3,2021,youth_c,E01,numeric8,52101,3,^52101\d{3}$,293,1,295,295,0.993220,3,2,52101001,52101295,dense,official_completed_subset
2021|youth_c|E02|52102|3,2021,youth_c,E02,numeric8,52102,3,^52102\d{3}$,372,1,373,373,0.997319,2,1,52102001,52102373,dense,official_completed_subset
2021|youth_c|E03|52103|3,2021,youth_c,E03,numeric8,52103,3,^52103\d{3}$,277,1,277,277,1.000000,1,0,52103001,52103277,contiguous,official_completed_subset
2021|youth_c|E04|52104|3,2021,youth_c,E04,numeric8,52104,3,^52104\d{3}$,404,1,406,406,0.995074,3,2,52104001,52104406,dense,official_completed_subset
2021|youth_c|E05|52105|3,2021,youth_c,E05,numeric8,52105,3,^52105\d{3}$,589,1,596,596,0.988255,8,7,52105001,52105596,dense,official_completed_subset
2021|youth_c|E06|52106|3,2021,youth_c,E06,numeric8,52106,3,^52106\d{3}$,285,1,285,285,1.000000,1,0,52106001,52106285,contiguous,official_completed_subset
2021|youth_c|E07|52107|3,2021,youth_c,E07,numeric8,52107,3,^52107\d{3}$,241,1,241,241,1.000000,1,0,52107001,52107241,contiguous,official_completed_subset
2021|youth_c|E08|52108|3,2021,youth_c,E08,numeric8,52108,3,^52108\d{3}$,480,1,483,483,0.993789,4,3,52108001,52108483,dense,official_completed_subset
2021|youth_c|E09|52109|3,2021,youth_c,E09,numeric8,52109,3,^52109\d{3}$,169,1,169,169,1.000000,1,0,52109001,52109169,contiguous,official_completed_subset
2021|youth_c|E10|52100|3,2021,youth_c,E10,numeric8,52100,3,^52100\d{3}$,219,1,220,220,0.995455,2,1,52100001,52100220,dense,official_completed_subset
2021|youth_c|E11|52101|3,2021,youth_c,E11,numeric8,52101,3,^52101\d{3}$,110,296,405,110,1.000000,1,0,52101296,52101405,contiguous,official_completed_subset
2021|youth_c|E12|52102|3,2021,youth_c,E12,numeric8,52102,3,^52102\d{3}$,105,374,478,105,1.000000,1,0,52102374,52102478,contiguous,official_completed_subset
2021|youth_c|E13|52103|3,2021,youth_c,E13,numeric8,52103,3,^52103\d{3}$,88,278,365,88,1.000000,1,0,52103278,52103365,contiguous,official_completed_subset
2022|major_research_plan|E09|92247|3,2022,major_research_plan,E09,numeric8,92247,3,^92247\d{3}$,1,1,1,1,1.000000,1,0,92247001,92247001,contiguous,official_completed_subset
2022|youth_c|E01|52201|3,2022,youth_c,E01,numeric8,52201,3,^52201\d{3}$,4,205,300,96,0.041667,4,92,52201205,52201300,sparse,official_completed_subset
2022|youth_c|E02|52202|3,2022,youth_c,E02,numeric8,52202,3,^52202\d{3}$,8,40,339,300,0.026667,8,292,52202040,52202339,sparse,official_completed_subset
2022|youth_c|E03|52203|3,2022,youth_c,E03,numeric8,52203,3,^52203\d{3}$,10,5,286,282,0.035461,10,272,52203005,52203286,sparse,official_completed_subset
2022|youth_c|E04|52204|3,2022,youth_c,E04,numeric8,52204,3,^52204\d{3}$,7,301,369,69,0.101449,6,62,52204301,52204369,sparse,official_completed_subset
2022|youth_c|E05|52205|3,2022,youth_c,E05,numeric8,52205,3,^52205\d{3}$,8,44,584,541,0.014787,6,533,52205044,52205584,sparse,official_completed_subset
2022|youth_c|E06|52206|3,2022,youth_c,E06,numeric8,52206,3,^52206\d{3}$,2,38,288,251,0.007968,2,249,52206038,52206288,sparse,official_completed_subset
2022|youth_c|E07|52207|3,2022,youth_c,E07,numeric8,52207,3,^52207\d{3}$,11,1,253,253,0.043478,8,242,52207001,52207253,sparse,official_completed_subset
2022|youth_c|E08|52208|3,2022,youth_c,E08,numeric8,52208,3,^52208\d{3}$,10,176,483,308,0.032468,7,298,52208176,52208483,sparse,official_completed_subset
2022|youth_c|E09|52209|3,2022,youth_c,E09,numeric8,52209,3,^52209\d{3}$,3,26,74,49,0.061224,3,46,52209026,52209074,sparse,official_completed_subset
2022|youth_c|E10|52200|3,2022,youth_c,E10,numeric8,52200,3,^52200\d{3}$,5,123,183,61,0.081967,5,56,52200123,52200183,sparse,official_completed_subset
2022|youth_c|E13|52203|3,2022,youth_c,E13,numeric8,52203,3,^52203\d{3}$,2,313,327,15,0.133333,2,13,52203313,52203327,sparse,official_completed_subset
2023|youth_c|E01|52301|3,2023,youth_c,E01,numeric8,52301,3,^52301\d{3}$,1,227,227,1,1.000000,1,0,52301227,52301227,contiguous,official_completed_subset
2023|youth_c|E02|52302|3,2023,youth_c,E02,numeric8,52302,3,^52302\d{3}$,3,227,282,56,0.053571,3,53,52302227,52302282,sparse,official_completed_subset
2023|youth_c|E05|52305|3,2023,youth_c,E05,numeric8,52305,3,^52305\d{3}$,3,117,264,148,0.020270,2,145,52305117,52305264,sparse,official_completed_subset
2023|youth_c|E07|52307|3,2023,youth_c,E07,numeric8,52307,3,^52307\d{3}$,1,63,63,1,1.000000,1,0,52307063,52307063,contiguous,official_completed_subset
2023|youth_c|E08|52308|3,2023,youth_c,E08,numeric8,52308,3,^52308\d{3}$,1,358,358,1,1.000000,1,0,52308358,52308358,contiguous,official_completed_subset
2023|youth_c|E12|52302|3,2023,youth_c,E12,numeric8,52302,3,^52302\d{3}$,1,423,423,1,1.000000,1,0,52302423,52302423,contiguous,official_completed_subset
2023|youth_c|E13|52303|3,2023,youth_c,E13,numeric8,52303,3,^52303\d{3}$,1,335,335,1,1.000000,1,0,52303335,52303335,contiguous,official_completed_subset
