discipline_root,candidate_approval_number,approval_year,project_type_contexts,discipline_scope_contexts,segment_ids,max_segment_density,priority,context_risk,next_probe_policy,exact_web_query,funding_web_query,crossref_filter,institution_site_query,status,selected_for_first_batch,warning,crossref_strict_http_status,crossref_strict_total_results,crossref_strict_exact_nsfc_work_count,crossref_fallback_http_status,crossref_fallback_total_results,crossref_fallback_exact_award_count,openalex_award_count,openalex_work_count,openalex_award_http_statuses,openalex_work_http_statuses,confirmed_sources,publication_evidence_count,existence_status,evidence_level,project_title_candidate,lead_investigator_candidate,institution_candidate,candidate_identity_source,official_confirmation_status,requires_web_review,next_action,source_errors,retrieved_at,warning
E,51875186,2018,general,E05,2018|general|E05|51875|3,0.998294,P1,false,immediate_probe,"""51875186""","""51875186"" ""National Natural Science Foundation of China""","award.number:51875186,award.funder:501100001809","site:edu.cn OR site:ac.cn ""51875186""",queued,true,bibliographic/aggregator evidence only; API channels may share provenance; no PI or project fact inferred,200,5,5,,0,0,0,0,200,200,crossref,5,confirmed_bibliographic,C_bibliographic,,,,,not_checked,true,official_or_institutional_confirmation,,2026-08-27T07:33:47+00:00,bibliographic/aggregator evidence only; API channels may share provenance; no PI or project fact inferred
E,51775530,2017,general,E05,2017|general|E05|51775|3,0.998230,P1,false,immediate_probe,"""51775530""","""51775530"" ""National Natural Science Foundation of China""","award.number:51775530,award.funder:501100001809","site:edu.cn OR site:ac.cn ""51775530""",queued,true,bibliographic/aggregator evidence only; API channels may share provenance; no PI or project fact inferred,200,4,4,,0,0,0,0,200,200,crossref,4,confirmed_bibliographic,C_bibliographic,,,,,not_checked,true,official_or_institutional_confirmation,,2026-08-27T07:33:47+00:00,bibliographic/aggregator evidence only; API channels may share provenance; no PI or project fact inferred
E,51905129,2019,youth_c,E05,2019|youth_c|E05|51905|3,0.998208,P1,false,immediate_probe,"""51905129""","""51905129"" ""National Natural Science Foundation of China""","award.number:51905129,award.funder:501100001809","site:edu.cn OR site:ac.cn ""51905129""",queued,true,bibliographic/aggregator evidence only; API channels may share provenance; no PI or project fact inferred,200,0,0,200,0,0,0,0,200,200,,0,no_match_all_sources,E_negative_probe_only,,,,,not_checked,true,exact_web_and_institution_search,,2026-08-27T07:33:47+00:00,bibliographic/aggregator evidence only; API channels may share provenance; no PI or project fact inferred
E,51805101,2018,youth_c,E05,2018|youth_c|E05|51805|3,0.998205,P1,false,immediate_probe,"""51805101""","""51805101"" ""National Natural Science Foundation of China""","award.number:51805101,award.funder:501100001809","site:edu.cn OR site:ac.cn ""51805101""",queued,true,bibliographic/aggregator evidence only; API channels may share provenance; no PI or project fact inferred,200,0,0,200,0,0,0,0,200,200,,0,no_match_all_sources,E_negative_probe_only,,,,,not_checked,true,exact_web_and_institution_search,,2026-08-27T07:33:47+00:00,bibliographic/aggregator evidence only; API channels may share provenance; no PI or project fact inferred
E,51675468,2016,general,E05,2016|general|E05|51675|3,0.998148,P1,false,immediate_probe,"""51675468""","""51675468"" ""National Natural Science Foundation of China""","award.number:51675468,award.funder:501100001809","site:edu.cn OR site:ac.cn ""51675468""",queued,true,bibliographic/aggregator evidence only; API channels may share provenance; no PI or project fact inferred,200,1,1,,0,0,0,0,200,200,crossref,1,confirmed_bibliographic,C_bibliographic,,,,,not_checked,true,official_or_institutional_confirmation,,2026-08-27T07:33:47+00:00,bibliographic/aggregator evidence only; API channels may share provenance; no PI or project fact inferred
E,51375019,2013,general,E05,2013|general|E05|51375|3,0.998081,P1,false,immediate_probe,"""51375019""","""51375019"" ""National Natural Science Foundation of China""","award.number:51375019,award.funder:501100001809","site:edu.cn OR site:ac.cn ""51375019""",queued,true,bibliographic/aggregator evidence only; API channels may share provenance; no PI or project fact inferred,200,1,1,,0,0,0,0,200,200,crossref,1,confirmed_bibliographic,C_bibliographic,,,,,not_checked,true,official_or_institutional_confirmation,,2026-08-27T07:33:47+00:00,bibliographic/aggregator evidence only; API channels may share provenance; no PI or project fact inferred
E,51505496,2015,youth_c,E05,2015|youth_c|E05|51505|3,0.998024,P1,false,immediate_probe,"""51505496""","""51505496"" ""National Natural Science Foundation of China""","award.number:51505496,award.funder:501100001809","site:edu.cn OR site:ac.cn ""51505496""",queued,true,bibliographic/aggregator evidence only; API channels may share provenance; no PI or project fact inferred,200,2,2,,0,0,0,0,200,200,crossref,2,confirmed_bibliographic,C_bibliographic,,,,,not_checked,true,official_or_institutional_confirmation,,2026-08-27T07:33:47+00:00,bibliographic/aggregator evidence only; API channels may share provenance; no PI or project fact inferred
E,51205070,2012,youth_c,E05,2012|youth_c|E05|51205|3,0.997701,P1,false,immediate_probe,"""51205070""","""51205070"" ""National Natural Science Foundation of China""","award.number:51205070,award.funder:501100001809","site:edu.cn OR site:ac.cn ""51205070""",queued,true,bibliographic/aggregator evidence only; API channels may share provenance; no PI or project fact inferred,200,3,3,,0,0,0,0,200,200,crossref,3,confirmed_bibliographic,C_bibliographic,,,,,not_checked,true,official_or_institutional_confirmation,,2026-08-27T07:33:47+00:00,bibliographic/aggregator evidence only; API channels may share provenance; no PI or project fact inferred
E,51075251,2010,general,E05,2010|general|E05|51075|3,0.997625,P1,false,immediate_probe,"""51075251""","""51075251"" ""National Natural Science Foundation of China""","award.number:51075251,award.funder:501100001809","site:edu.cn OR site:ac.cn ""51075251""",queued,true,bibliographic/aggregator evidence only; API channels may share provenance; no PI or project fact inferred,200,0,0,200,0,0,0,0,200,200,,0,no_match_all_sources,E_negative_probe_only,,,,,not_checked,true,exact_web_and_institution_search,,2026-08-27T07:33:47+00:00,bibliographic/aggregator evidence only; API channels may share provenance; no PI or project fact inferred
E,51974216,2019,general,E04,2019|general|E04|51974|3,0.997368,P1,false,immediate_probe,"""51974216""","""51974216"" ""National Natural Science Foundation of China""","award.number:51974216,award.funder:501100001809","site:edu.cn OR site:ac.cn ""51974216""",queued,true,bibliographic/aggregator evidence only; API channels may share provenance; no PI or project fact inferred,200,14,14,,0,0,0,0,200,200,crossref,14,confirmed_bibliographic,C_bibliographic,,,,,not_checked,true,official_or_institutional_confirmation,,2026-08-27T07:33:47+00:00,bibliographic/aggregator evidence only; API channels may share provenance; no PI or project fact inferred
B,22078194,2020,general,B08,2020|general|B08|22078|3,0.997326,P1,false,immediate_probe,"""22078194""","""22078194"" ""National Natural Science Foundation of China""","award.number:22078194,award.funder:501100001809","site:edu.cn OR site:ac.cn ""22078194""",queued,true,bibliographic/aggregator evidence only; API channels may share provenance; no PI or project fact inferred,200,2,2,,0,0,0,0,200,200,crossref,2,confirmed_bibliographic,C_bibliographic,,,,,not_checked,true,official_or_institutional_confirmation,,2026-08-27T07:33:47+00:00,bibliographic/aggregator evidence only; API channels may share provenance; no PI or project fact inferred
E,51874094,2018,general,E04,2018|general|E04|51874|3,0.997312,P1,false,immediate_probe,"""51874094""","""51874094"" ""National Natural Science Foundation of China""","award.number:51874094,award.funder:501100001809","site:edu.cn OR site:ac.cn ""51874094""",queued,true,bibliographic/aggregator evidence only; API channels may share provenance; no PI or project fact inferred,200,8,8,,0,0,0,0,200,200,crossref,8,confirmed_bibliographic,C_bibliographic,,,,,not_checked,true,official_or_institutional_confirmation,,2026-08-27T07:33:47+00:00,bibliographic/aggregator evidence only; API channels may share provenance; no PI or project fact inferred
E,51904231,2019,youth_c,E04,2019|youth_c|E04|51904|3,0.997222,P1,false,immediate_probe,"""51904231""","""51904231"" ""National Natural Science Foundation of China""","award.number:51904231,award.funder:501100001809","site:edu.cn OR site:ac.cn ""51904231""",queued,true,bibliographic/aggregator evidence only; API channels may share provenance; no PI or project fact inferred,200,2,2,,0,0,0,0,200,200,crossref,1,confirmed_bibliographic,C_bibliographic,,,,,not_checked,true,official_or_institutional_confirmation,,2026-08-27T07:33:47+00:00,bibliographic/aggregator evidence only; API channels may share provenance; no PI or project fact inferred
E,51602158,2016,youth_c,E02,2016|youth_c|E02|51602|3,0.997207,P1,false,immediate_probe,"""51602158""","""51602158"" ""National Natural Science Foundation of China""","award.number:51602158,award.funder:501100001809","site:edu.cn OR site:ac.cn ""51602158""",queued,true,bibliographic/aggregator evidence only; API channels may share provenance; no PI or project fact inferred,200,7,6,,0,0,0,0,200,200,crossref,6,confirmed_bibliographic,C_bibliographic,,,,,not_checked,true,official_or_institutional_confirmation,,2026-08-27T07:33:47+00:00,bibliographic/aggregator evidence only; API channels may share provenance; no PI or project fact inferred
E,51804047,2018,youth_c,E04,2018|youth_c|E04|51804|3,0.997191,P1,false,immediate_probe,"""51804047""","""51804047"" ""National Natural Science Foundation of China""","award.number:51804047,award.funder:501100001809","site:edu.cn OR site:ac.cn ""51804047""",queued,true,bibliographic/aggregator evidence only; API channels may share provenance; no PI or project fact inferred,200,3,1,,0,0,0,0,200,200,crossref,1,confirmed_bibliographic,C_bibliographic,,,,,not_checked,true,official_or_institutional_confirmation,,2026-08-27T07:33:47+00:00,bibliographic/aggregator evidence only; API channels may share provenance; no PI or project fact inferred
E,51502303,2015,youth_c,E02,2015|youth_c|E02|51502|3,0.997167,P1,false,immediate_probe,"""51502303""","""51502303"" ""National Natural Science Foundation of China""","award.number:51502303,award.funder:501100001809","site:edu.cn OR site:ac.cn ""51502303""",queued,true,bibliographic/aggregator evidence only; API channels may share provenance; no PI or project fact inferred,200,2,2,,0,0,0,0,200,200,crossref,2,confirmed_bibliographic,C_bibliographic,,,,,not_checked,true,official_or_institutional_confirmation,,2026-08-27T07:33:47+00:00,bibliographic/aggregator evidence only; API channels may share provenance; no PI or project fact inferred
E,51774189,2017,general,E04,2017|general|E04|51774|3,0.997093,P1,false,immediate_probe,"""51774189""","""51774189"" ""National Natural Science Foundation of China""","award.number:51774189,award.funder:501100001809","site:edu.cn OR site:ac.cn ""51774189""",queued,true,bibliographic/aggregator evidence only; API channels may share provenance; no PI or project fact inferred,200,10,10,,0,0,0,0,200,200,crossref,10,confirmed_bibliographic,C_bibliographic,,,,,not_checked,true,official_or_institutional_confirmation,,2026-08-27T07:33:47+00:00,bibliographic/aggregator evidence only; API channels may share provenance; no PI or project fact inferred
E,51872101,2018,general,E02,2018|general|E02|51872|3,0.997067,P1,false,immediate_probe,"""51872101""","""51872101"" ""National Natural Science Foundation of China""","award.number:51872101,award.funder:501100001809","site:edu.cn OR site:ac.cn ""51872101""",queued,true,bibliographic/aggregator evidence only; API channels may share provenance; no PI or project fact inferred,200,27,27,,0,0,0,0,200,200,crossref,27,confirmed_bibliographic,C_bibliographic,,,,,not_checked,true,official_or_institutional_confirmation,,2026-08-27T07:33:47+00:00,bibliographic/aggregator evidence only; API channels may share provenance; no PI or project fact inferred
E,51704165,2017,youth_c,E04,2017|youth_c|E04|51704|3,0.997050,P1,false,immediate_probe,"""51704165""","""51704165"" ""National Natural Science Foundation of China""","award.number:51704165,award.funder:501100001809","site:edu.cn OR site:ac.cn ""51704165""",queued,true,bibliographic/aggregator evidence only; API channels may share provenance; no PI or project fact inferred,200,0,0,200,0,0,0,0,200,200,,0,no_match_all_sources,E_negative_probe_only,,,,,not_checked,true,exact_web_and_institution_search,,2026-08-27T07:33:47+00:00,bibliographic/aggregator evidence only; API channels may share provenance; no PI or project fact inferred
E,51672191,2016,general,E02,2016|general|E02|51672|3,0.996825,P1,false,immediate_probe,"""51672191""","""51672191"" ""National Natural Science Foundation of China""","award.number:51672191,award.funder:501100001809","site:edu.cn OR site:ac.cn ""51672191""",queued,true,bibliographic/aggregator evidence only; API channels may share provenance; no PI or project fact inferred,200,12,12,,0,0,0,0,200,200,crossref,12,confirmed_bibliographic,C_bibliographic,,,,,not_checked,true,official_or_institutional_confirmation,,2026-08-27T07:33:47+00:00,bibliographic/aggregator evidence only; API channels may share provenance; no PI or project fact inferred
E,51604146,2016,youth_c,E04,2016|youth_c|E04|51604|3,0.996785,P1,false,immediate_probe,"""51604146""","""51604146"" ""National Natural Science Foundation of China""","award.number:51604146,award.funder:501100001809","site:edu.cn OR site:ac.cn ""51604146""",queued,true,bibliographic/aggregator evidence only; API channels may share provenance; no PI or project fact inferred,200,0,0,200,0,0,0,0,200,200,,0,no_match_all_sources,E_negative_probe_only,,,,,not_checked,true,exact_web_and_institution_search,,2026-08-27T07:33:47+00:00,bibliographic/aggregator evidence only; API channels may share provenance; no PI or project fact inferred
E,51404224,2014,youth_c,E04,2014|youth_c|E04|51404|3,0.996764,P1,false,immediate_probe,"""51404224""","""51404224"" ""National Natural Science Foundation of China""","award.number:51404224,award.funder:501100001809","site:edu.cn OR site:ac.cn ""51404224""",queued,true,bibliographic/aggregator evidence only; API channels may share provenance; no PI or project fact inferred,200,0,0,200,0,0,0,0,200,200,,0,no_match_all_sources,E_negative_probe_only,,,,,not_checked,true,exact_web_and_institution_search,,2026-08-27T07:33:47+00:00,bibliographic/aggregator evidence only; API channels may share provenance; no PI or project fact inferred
E,50975236,2009,general,E05,2009|general|E05|50975|3,0.996711,P1,false,immediate_probe,"""50975236""","""50975236"" ""National Natural Science Foundation of China""","award.number:50975236,award.funder:501100001809","site:edu.cn OR site:ac.cn ""50975236""",queued,true,bibliographic/aggregator evidence only; API channels may share provenance; no PI or project fact inferred,200,2,3,,0,0,0,0,200,200,crossref,2,confirmed_bibliographic,C_bibliographic,,,,,not_checked,true,official_or_institutional_confirmation,,2026-08-27T07:33:47+00:00,bibliographic/aggregator evidence only; API channels may share provenance; no PI or project fact inferred
E,51272082,2012,general,E02,2012|general|E02|51272|3,0.996700,P1,false,immediate_probe,"""51272082""","""51272082"" ""National Natural Science Foundation of China""","award.number:51272082,award.funder:501100001809","site:edu.cn OR site:ac.cn ""51272082""",queued,true,bibliographic/aggregator evidence only; API channels may share provenance; no PI or project fact inferred,200,2,2,,0,0,0,0,200,200,crossref,2,confirmed_bibliographic,C_bibliographic,,,,,not_checked,true,official_or_institutional_confirmation,,2026-08-27T07:33:47+00:00,bibliographic/aggregator evidence only; API channels may share provenance; no PI or project fact inferred
E,51975033,2019,general,E05,2019|general|E05|51975|3,0.996661,P1,false,immediate_probe,"""51975033""","""51975033"" ""National Natural Science Foundation of China""","award.number:51975033,award.funder:501100001809","site:edu.cn OR site:ac.cn ""51975033""",queued,true,bibliographic/aggregator evidence only; API channels may share provenance; no PI or project fact inferred,200,6,6,,0,0,0,0,200,200,crossref,6,confirmed_bibliographic,C_bibliographic,,,,,not_checked,true,official_or_institutional_confirmation,,2026-08-27T07:33:47+00:00,bibliographic/aggregator evidence only; API channels may share provenance; no PI or project fact inferred
E,51975359,2019,general,E05,2019|general|E05|51975|3,0.996661,P1,false,immediate_probe,"""51975359""","""51975359"" ""National Natural Science Foundation of China""","award.number:51975359,award.funder:501100001809","site:edu.cn OR site:ac.cn ""51975359""",queued,true,bibliographic/aggregator evidence only; API channels may share provenance; no PI or project fact inferred,200,4,4,,0,0,0,0,200,200,crossref,4,confirmed_bibliographic,C_bibliographic,,,,,not_checked,true,official_or_institutional_confirmation,,2026-08-27T07:33:47+00:00,bibliographic/aggregator evidence only; API channels may share provenance; no PI or project fact inferred
E,51504102,2015,youth_c,E04,2015|youth_c|E04|51504|3,0.996656,P1,false,immediate_probe,"""51504102""","""51504102"" ""National Natural Science Foundation of China""","award.number:51504102,award.funder:501100001809","site:edu.cn OR site:ac.cn ""51504102""",queued,true,bibliographic/aggregator evidence only; API channels may share provenance; no PI or project fact inferred,200,4,4,,0,0,0,0,200,200,crossref,4,confirmed_bibliographic,C_bibliographic,,,,,not_checked,true,official_or_institutional_confirmation,,2026-08-27T07:33:47+00:00,bibliographic/aggregator evidence only; API channels may share provenance; no PI or project fact inferred
E,51172056,2011,general,E02,2011|general|E02|51172|3,0.996587,P1,false,immediate_probe,"""51172056""","""51172056"" ""National Natural Science Foundation of China""","award.number:51172056,award.funder:501100001809","site:edu.cn OR site:ac.cn ""51172056""",queued,true,bibliographic/aggregator evidence only; API channels may share provenance; no PI or project fact inferred,200,0,0,200,0,0,0,0,200,200,,0,no_match_all_sources,E_negative_probe_only,,,,,not_checked,true,exact_web_and_institution_search,,2026-08-27T07:33:47+00:00,bibliographic/aggregator evidence only; API channels may share provenance; no PI or project fact inferred
E,51372147,2013,general,E02,2013|general|E02|51372|3,0.996466,P1,false,immediate_probe,"""51372147""","""51372147"" ""National Natural Science Foundation of China""","award.number:51372147,award.funder:501100001809","site:edu.cn OR site:ac.cn ""51372147""",queued,true,bibliographic/aggregator evidence only; API channels may share provenance; no PI or project fact inferred,200,10,10,,0,0,0,0,200,200,crossref,10,confirmed_bibliographic,C_bibliographic,,,,,not_checked,true,official_or_institutional_confirmation,,2026-08-27T07:33:47+00:00,bibliographic/aggregator evidence only; API channels may share provenance; no PI or project fact inferred
E,52075115,2020,general,E05,2020|general|E05|52075|3,0.996435,P1,false,immediate_probe,"""52075115""","""52075115"" ""National Natural Science Foundation of China""","award.number:52075115,award.funder:501100001809","site:edu.cn OR site:ac.cn ""52075115""",queued,true,bibliographic/aggregator evidence only; API channels may share provenance; no PI or project fact inferred,200,9,9,,0,0,0,0,200,200,crossref,9,confirmed_bibliographic,C_bibliographic,,,,,not_checked,true,official_or_institutional_confirmation,,2026-08-27T07:33:47+00:00,bibliographic/aggregator evidence only; API channels may share provenance; no PI or project fact inferred
E,52075345,2020,general,E05,2020|general|E05|52075|3,0.996435,P1,false,immediate_probe,"""52075345""","""52075345"" ""National Natural Science Foundation of China""","award.number:52075345,award.funder:501100001809","site:edu.cn OR site:ac.cn ""52075345""",queued,true,bibliographic/aggregator evidence only; API channels may share provenance; no PI or project fact inferred,200,9,9,,0,0,0,0,200,200,crossref,7,confirmed_bibliographic,C_bibliographic,,,,,not_checked,true,official_or_institutional_confirmation,,2026-08-27T07:33:47+00:00,bibliographic/aggregator evidence only; API channels may share provenance; no PI or project fact inferred
E,51705150,2017,youth_c,E05,2017|youth_c|E05|51705|3,0.996337,P1,false,immediate_probe,"""51705150""","""51705150"" ""National Natural Science Foundation of China""","award.number:51705150,award.funder:501100001809","site:edu.cn OR site:ac.cn ""51705150""",queued,true,bibliographic/aggregator evidence only; API channels may share provenance; no PI or project fact inferred,200,1,1,,0,0,0,0,200,200,crossref,1,confirmed_bibliographic,C_bibliographic,,,,,not_checked,true,official_or_institutional_confirmation,,2026-08-27T07:33:47+00:00,bibliographic/aggregator evidence only; API channels may share provenance; no PI or project fact inferred
E,51705367,2017,youth_c,E05,2017|youth_c|E05|51705|3,0.996337,P1,false,immediate_probe,"""51705367""","""51705367"" ""National Natural Science Foundation of China""","award.number:51705367,award.funder:501100001809","site:edu.cn OR site:ac.cn ""51705367""",queued,true,bibliographic/aggregator evidence only; API channels may share provenance; no PI or project fact inferred,200,0,0,200,0,0,0,0,200,200,,0,no_match_all_sources,E_negative_probe_only,,,,,not_checked,true,exact_web_and_institution_search,,2026-08-27T07:33:47+00:00,bibliographic/aggregator evidence only; API channels may share provenance; no PI or project fact inferred
B,22001188,2020,youth_c,B01,2020|youth_c|B01|22001|3,0.996337,P1,false,immediate_probe,"""22001188""","""22001188"" ""National Natural Science Foundation of China""","award.number:22001188,award.funder:501100001809","site:edu.cn OR site:ac.cn ""22001188""",queued,true,bibliographic/aggregator evidence only; API channels may share provenance; no PI or project fact inferred,200,3,3,,0,0,0,0,200,200,crossref,3,confirmed_bibliographic,C_bibliographic,,,,,not_checked,true,official_or_institutional_confirmation,,2026-08-27T07:33:47+00:00,bibliographic/aggregator evidence only; API channels may share provenance; no PI or project fact inferred
E,51005126,2010,youth_c,E05,2010|youth_c|E05|51005|3,0.996212,P1,false,immediate_probe,"""51005126""","""51005126"" ""National Natural Science Foundation of China""","award.number:51005126,award.funder:501100001809","site:edu.cn OR site:ac.cn ""51005126""",queued,true,bibliographic/aggregator evidence only; API channels may share provenance; no PI or project fact inferred,200,0,0,200,0,0,0,0,200,200,,0,no_match_all_sources,E_negative_probe_only,,,,,not_checked,true,exact_web_and_institution_search,,2026-08-27T07:33:47+00:00,bibliographic/aggregator evidence only; API channels may share provenance; no PI or project fact inferred
E,51405295,2014,youth_c,E05,2014|youth_c|E05|51405|3,0.996183,P1,false,immediate_probe,"""51405295""","""51405295"" ""National Natural Science Foundation of China""","award.number:51405295,award.funder:501100001809","site:edu.cn OR site:ac.cn ""51405295""",queued,true,bibliographic/aggregator evidence only; API channels may share provenance; no PI or project fact inferred,200,0,0,200,0,0,0,0,200,200,,0,no_match_all_sources,E_negative_probe_only,,,,,not_checked,true,exact_web_and_institution_search,,2026-08-27T07:33:47+00:00,bibliographic/aggregator evidence only; API channels may share provenance; no PI or project fact inferred
E,51405515,2014,youth_c,E05,2014|youth_c|E05|51405|3,0.996183,P1,false,immediate_probe,"""51405515""","""51405515"" ""National Natural Science Foundation of China""","award.number:51405515,award.funder:501100001809","site:edu.cn OR site:ac.cn ""51405515""",queued,true,bibliographic/aggregator evidence only; API channels may share provenance; no PI or project fact inferred,200,9,9,,0,0,0,0,200,200,crossref,9,confirmed_bibliographic,C_bibliographic,,,,,not_checked,true,official_or_institutional_confirmation,,2026-08-27T07:33:47+00:00,bibliographic/aggregator evidence only; API channels may share provenance; no PI or project fact inferred
E,52005324,2020,youth_c,E05,2020|youth_c|E05|52005|3,0.996176,P1,false,immediate_probe,"""52005324""","""52005324"" ""National Natural Science Foundation of China""","award.number:52005324,award.funder:501100001809","site:edu.cn OR site:ac.cn ""52005324""",queued,true,bibliographic/aggregator evidence only; API channels may share provenance; no PI or project fact inferred,200,0,0,200,0,0,0,0,200,200,,0,no_match_all_sources,E_negative_probe_only,,,,,not_checked,true,exact_web_and_institution_search,,2026-08-27T07:33:47+00:00,bibliographic/aggregator evidence only; API channels may share provenance; no PI or project fact inferred
E,52005411,2020,youth_c,E05,2020|youth_c|E05|52005|3,0.996176,P1,false,immediate_probe,"""52005411""","""52005411"" ""National Natural Science Foundation of China""","award.number:52005411,award.funder:501100001809","site:edu.cn OR site:ac.cn ""52005411""",queued,true,bibliographic/aggregator evidence only; API channels may share provenance; no PI or project fact inferred,200,15,14,,0,0,0,0,200,200,crossref,14,confirmed_bibliographic,C_bibliographic,,,,,not_checked,true,official_or_institutional_confirmation,,2026-08-27T07:33:47+00:00,bibliographic/aggregator evidence only; API channels may share provenance; no PI or project fact inferred
B,21908213,2019,youth_c,B08,2019|youth_c|B08|21908|3,0.996109,P1,false,immediate_probe,"""21908213""","""21908213"" ""National Natural Science Foundation of China""","award.number:21908213,award.funder:501100001809","site:edu.cn OR site:ac.cn ""21908213""",queued,true,bibliographic/aggregator evidence only; API channels may share provenance; no PI or project fact inferred,200,0,0,200,0,0,0,0,200,200,,0,no_match_all_sources,E_negative_probe_only,,,,,not_checked,true,exact_web_and_institution_search,,2026-08-27T07:33:47+00:00,bibliographic/aggregator evidence only; API channels may share provenance; no PI or project fact inferred
E,51901142,2019,youth_c,E01,2019|youth_c|E01|51901|3,0.996063,P1,false,immediate_probe,"""51901142""","""51901142"" ""National Natural Science Foundation of China""","award.number:51901142,award.funder:501100001809","site:edu.cn OR site:ac.cn ""51901142""",queued,true,bibliographic/aggregator evidence only; API channels may share provenance; no PI or project fact inferred,200,0,0,200,0,0,0,0,200,200,,0,no_match_all_sources,E_negative_probe_only,,,,,not_checked,true,exact_web_and_institution_search,,2026-08-27T07:33:47+00:00,bibliographic/aggregator evidence only; API channels may share provenance; no PI or project fact inferred
E,51605246,2016,youth_c,E05,2016|youth_c|E05|51605|3,0.995992,P1,false,immediate_probe,"""51605246""","""51605246"" ""National Natural Science Foundation of China""","award.number:51605246,award.funder:501100001809","site:edu.cn OR site:ac.cn ""51605246""",queued,true,bibliographic/aggregator evidence only; API channels may share provenance; no PI or project fact inferred,200,0,0,200,0,0,0,0,200,200,,0,no_match_all_sources,E_negative_probe_only,,,,,not_checked,true,exact_web_and_institution_search,,2026-08-27T07:33:47+00:00,bibliographic/aggregator evidence only; API channels may share provenance; no PI or project fact inferred
E,51605448,2016,youth_c,E05,2016|youth_c|E05|51605|3,0.995992,P1,false,immediate_probe,"""51605448""","""51605448"" ""National Natural Science Foundation of China""","award.number:51605448,award.funder:501100001809","site:edu.cn OR site:ac.cn ""51605448""",queued,true,bibliographic/aggregator evidence only; API channels may share provenance; no PI or project fact inferred,200,4,4,,0,0,0,0,200,200,crossref,4,confirmed_bibliographic,C_bibliographic,,,,,not_checked,true,official_or_institutional_confirmation,,2026-08-27T07:33:47+00:00,bibliographic/aggregator evidence only; API channels may share provenance; no PI or project fact inferred
E,51706003,2017,youth_c,E06,2017|youth_c|E06|51706|3,0.995984,P1,false,immediate_probe,"""51706003""","""51706003"" ""National Natural Science Foundation of China""","award.number:51706003,award.funder:501100001809","site:edu.cn OR site:ac.cn ""51706003""",queued,true,bibliographic/aggregator evidence only; API channels may share provenance; no PI or project fact inferred,200,1,1,,0,0,0,0,200,200,crossref,1,confirmed_bibliographic,C_bibliographic,,,,,not_checked,true,official_or_institutional_confirmation,,2026-08-27T07:33:47+00:00,bibliographic/aggregator evidence only; API channels may share provenance; no PI or project fact inferred
E,51973174,2019,general,E03,2019|general|E03|51973|3,0.995935,P1,false,immediate_probe,"""51973174""","""51973174"" ""National Natural Science Foundation of China""","award.number:51973174,award.funder:501100001809","site:edu.cn OR site:ac.cn ""51973174""",queued,true,bibliographic/aggregator evidence only; API channels may share provenance; no PI or project fact inferred,200,3,3,,0,0,0,0,200,200,crossref,3,confirmed_bibliographic,C_bibliographic,,,,,not_checked,true,official_or_institutional_confirmation,,2026-08-27T07:33:47+00:00,bibliographic/aggregator evidence only; API channels may share provenance; no PI or project fact inferred
E,51403158,2014,youth_c,E03,2014|youth_c|E03|51403|3,0.995918,P1,false,immediate_probe,"""51403158""","""51403158"" ""National Natural Science Foundation of China""","award.number:51403158,award.funder:501100001809","site:edu.cn OR site:ac.cn ""51403158""",queued,true,bibliographic/aggregator evidence only; API channels may share provenance; no PI or project fact inferred,200,14,14,,0,0,0,0,200,200,crossref,14,confirmed_bibliographic,C_bibliographic,,,,,not_checked,true,official_or_institutional_confirmation,,2026-08-27T07:33:47+00:00,bibliographic/aggregator evidence only; API channels may share provenance; no PI or project fact inferred
E,51475123,2014,general,E05,2014|general|E05|51475|3,0.995876,P1,false,immediate_probe,"""51475123""","""51475123"" ""National Natural Science Foundation of China""","award.number:51475123,award.funder:501100001809","site:edu.cn OR site:ac.cn ""51475123""",queued,true,bibliographic/aggregator evidence only; API channels may share provenance; no PI or project fact inferred,200,0,0,200,0,0,0,0,200,200,,0,no_match_all_sources,E_negative_probe_only,,,,,not_checked,true,exact_web_and_institution_search,,2026-08-27T07:33:47+00:00,bibliographic/aggregator evidence only; API channels may share provenance; no PI or project fact inferred
E,51475283,2014,general,E05,2014|general|E05|51475|3,0.995876,P1,false,immediate_probe,"""51475283""","""51475283"" ""National Natural Science Foundation of China""","award.number:51475283,award.funder:501100001809","site:edu.cn OR site:ac.cn ""51475283""",queued,true,bibliographic/aggregator evidence only; API channels may share provenance; no PI or project fact inferred,200,0,0,200,0,0,0,0,200,200,,0,no_match_all_sources,E_negative_probe_only,,,,,not_checked,true,exact_web_and_institution_search,,2026-08-27T07:33:47+00:00,bibliographic/aggregator evidence only; API channels may share provenance; no PI or project fact inferred
E,51771187,2017,general,E01,2017|general|E01|51771|3,0.995798,P1,false,immediate_probe,"""51771187""","""51771187"" ""National Natural Science Foundation of China""","award.number:51771187,award.funder:501100001809","site:edu.cn OR site:ac.cn ""51771187""",queued,true,bibliographic/aggregator evidence only; API channels may share provenance; no PI or project fact inferred,200,9,9,,0,0,0,0,200,200,crossref,9,confirmed_bibliographic,C_bibliographic,,,,,not_checked,true,official_or_institutional_confirmation,,2026-08-27T07:33:47+00:00,bibliographic/aggregator evidence only; API channels may share provenance; no PI or project fact inferred
E,51801223,2018,youth_c,E01,2018|youth_c|E01|51801|3,0.995798,P1,false,immediate_probe,"""51801223""","""51801223"" ""National Natural Science Foundation of China""","award.number:51801223,award.funder:501100001809","site:edu.cn OR site:ac.cn ""51801223""",queued,true,bibliographic/aggregator evidence only; API channels may share provenance; no PI or project fact inferred,200,0,0,200,0,0,0,0,200,200,,0,no_match_all_sources,E_negative_probe_only,,,,,not_checked,true,exact_web_and_institution_search,,2026-08-27T07:33:47+00:00,bibliographic/aggregator evidence only; API channels may share provenance; no PI or project fact inferred
E,51601096,2016,youth_c,E01,2016|youth_c|E01|51601|3,0.995633,P1,false,immediate_probe,"""51601096""","""51601096"" ""National Natural Science Foundation of China""","award.number:51601096,award.funder:501100001809","site:edu.cn OR site:ac.cn ""51601096""",queued,true,bibliographic/aggregator evidence only; API channels may share provenance; no PI or project fact inferred,200,3,3,,0,0,0,0,200,200,crossref,3,confirmed_bibliographic,C_bibliographic,,,,,not_checked,true,official_or_institutional_confirmation,,2026-08-27T07:33:47+00:00,bibliographic/aggregator evidence only; API channels may share provenance; no PI or project fact inferred
E,51977129,2019,general,E07,2019|general|E07|51977|3,0.995475,P1,false,immediate_probe,"""51977129""","""51977129"" ""National Natural Science Foundation of China""","award.number:51977129,award.funder:501100001809","site:edu.cn OR site:ac.cn ""51977129""",queued,true,bibliographic/aggregator evidence only; API channels may share provenance; no PI or project fact inferred,200,2,2,,0,0,0,0,200,200,crossref,2,confirmed_bibliographic,C_bibliographic,,,,,not_checked,true,official_or_institutional_confirmation,,2026-08-27T07:33:47+00:00,bibliographic/aggregator evidence only; API channels may share provenance; no PI or project fact inferred
E,52100193,2021,youth_c,E10,2021|youth_c|E10|52100|3,0.995455,P1,false,immediate_probe,"""52100193""","""52100193"" ""National Natural Science Foundation of China""","award.number:52100193,award.funder:501100001809","site:edu.cn OR site:ac.cn ""52100193""",queued,true,bibliographic/aggregator evidence only; API channels may share provenance; no PI or project fact inferred,200,3,4,,0,0,0,0,200,200,crossref,2,confirmed_bibliographic,C_bibliographic,,,,,not_checked,true,official_or_institutional_confirmation,,2026-08-27T07:33:47+00:00,bibliographic/aggregator evidence only; API channels may share provenance; no PI or project fact inferred
E,51306192,2013,youth_c,E06,2013|youth_c|E06|51306|3,0.995370,P1,false,immediate_probe,"""51306192""","""51306192"" ""National Natural Science Foundation of China""","award.number:51306192,award.funder:501100001809","site:edu.cn OR site:ac.cn ""51306192""",queued,true,bibliographic/aggregator evidence only; API channels may share provenance; no PI or project fact inferred,200,0,0,200,0,0,0,0,200,200,,0,no_match_all_sources,E_negative_probe_only,,,,,not_checked,true,exact_web_and_institution_search,,2026-08-27T07:33:47+00:00,bibliographic/aggregator evidence only; API channels may share provenance; no PI or project fact inferred
B,21976137,2019,general,B06,2019|general|B06|21976|3,0.995370,P1,false,immediate_probe,"""21976137""","""21976137"" ""National Natural Science Foundation of China""","award.number:21976137,award.funder:501100001809","site:edu.cn OR site:ac.cn ""21976137""",queued,true,bibliographic/aggregator evidence only; API channels may share provenance; no PI or project fact inferred,200,0,0,200,0,0,0,0,200,200,,0,no_match_all_sources,E_negative_probe_only,,,,,not_checked,true,exact_web_and_institution_search,,2026-08-27T07:33:47+00:00,bibliographic/aggregator evidence only; API channels may share provenance; no PI or project fact inferred
E,51576057,2015,general,E06,2015|general|E06|51576|3,0.995349,P1,false,immediate_probe,"""51576057""","""51576057"" ""National Natural Science Foundation of China""","award.number:51576057,award.funder:501100001809","site:edu.cn OR site:ac.cn ""51576057""",queued,true,bibliographic/aggregator evidence only; API channels may share provenance; no PI or project fact inferred,200,12,12,,0,0,0,0,200,200,crossref,12,confirmed_bibliographic,C_bibliographic,,,,,not_checked,true,official_or_institutional_confirmation,,2026-08-27T07:33:47+00:00,bibliographic/aggregator evidence only; API channels may share provenance; no PI or project fact inferred
E,51176037,2011,general,E06,2011|general|E06|51176|3,0.995283,P1,false,immediate_probe,"""51176037""","""51176037"" ""National Natural Science Foundation of China""","award.number:51176037,award.funder:501100001809","site:edu.cn OR site:ac.cn ""51176037""",queued,true,bibliographic/aggregator evidence only; API channels may share provenance; no PI or project fact inferred,200,10,8,,0,0,0,0,200,200,crossref,8,confirmed_bibliographic,C_bibliographic,,,,,not_checked,true,official_or_institutional_confirmation,,2026-08-27T07:33:47+00:00,bibliographic/aggregator evidence only; API channels may share provenance; no PI or project fact inferred
E,51807031,2018,youth_c,E07,2018|youth_c|E07|51807|3,0.995146,P1,false,immediate_probe,"""51807031""","""51807031"" ""National Natural Science Foundation of China""","award.number:51807031,award.funder:501100001809","site:edu.cn OR site:ac.cn ""51807031""",queued,true,bibliographic/aggregator evidence only; API channels may share provenance; no PI or project fact inferred,200,6,6,,0,0,0,0,200,200,crossref,6,confirmed_bibliographic,C_bibliographic,,,,,not_checked,true,official_or_institutional_confirmation,,2026-08-27T07:33:47+00:00,bibliographic/aggregator evidence only; API channels may share provenance; no PI or project fact inferred
E,51371058,2013,general,E01,2013|general|E01|51371|3,0.995074,P1,false,immediate_probe,"""51371058""","""51371058"" ""National Natural Science Foundation of China""","award.number:51371058,award.funder:501100001809","site:edu.cn OR site:ac.cn ""51371058""",queued,true,bibliographic/aggregator evidence only; API channels may share provenance; no PI or project fact inferred,200,1,1,,0,0,0,0,200,200,crossref,1,confirmed_bibliographic,C_bibliographic,,,,,not_checked,true,official_or_institutional_confirmation,,2026-08-27T07:33:47+00:00,bibliographic/aggregator evidence only; API channels may share provenance; no PI or project fact inferred
E,52104154,2021,youth_c,E04,2021|youth_c|E04|52104|3,0.995074,P1,false,immediate_probe,"""52104154""","""52104154"" ""National Natural Science Foundation of China""","award.number:52104154,award.funder:501100001809","site:edu.cn OR site:ac.cn ""52104154""",queued,true,bibliographic/aggregator evidence only; API channels may share provenance; no PI or project fact inferred,200,0,0,200,0,0,0,0,200,200,,0,no_match_all_sources,E_negative_probe_only,,,,,not_checked,true,exact_web_and_institution_search,,2026-08-27T07:33:47+00:00,bibliographic/aggregator evidence only; API channels may share provenance; no PI or project fact inferred
E,52104367,2021,youth_c,E04,2021|youth_c|E04|52104|3,0.995074,P1,false,immediate_probe,"""52104367""","""52104367"" ""National Natural Science Foundation of China""","award.number:52104367,award.funder:501100001809","site:edu.cn OR site:ac.cn ""52104367""",queued,true,bibliographic/aggregator evidence only; API channels may share provenance; no PI or project fact inferred,200,0,0,200,0,0,0,0,200,200,,0,no_match_all_sources,E_negative_probe_only,,,,,not_checked,true,exact_web_and_institution_search,,2026-08-27T07:33:47+00:00,bibliographic/aggregator evidence only; API channels may share provenance; no PI or project fact inferred
E,51407099,2014,youth_c,E07,2014|youth_c|E07|51407|3,0.995000,P1,false,immediate_probe,"""51407099""","""51407099"" ""National Natural Science Foundation of China""","award.number:51407099,award.funder:501100001809","site:edu.cn OR site:ac.cn ""51407099""",queued,true,bibliographic/aggregator evidence only; API channels may share provenance; no PI or project fact inferred,200,3,3,,0,0,0,0,200,200,crossref,3,confirmed_bibliographic,C_bibliographic,,,,,not_checked,true,official_or_institutional_confirmation,,2026-08-27T07:33:47+00:00,bibliographic/aggregator evidence only; API channels may share provenance; no PI or project fact inferred
E,52007116,2020,youth_c,E07,2020|youth_c|E07|52007|3,0.995000,P1,false,immediate_probe,"""52007116""","""52007116"" ""National Natural Science Foundation of China""","award.number:52007116,award.funder:501100001809","site:edu.cn OR site:ac.cn ""52007116""",queued,true,bibliographic/aggregator evidence only; API channels may share provenance; no PI or project fact inferred,200,1,1,,0,0,0,0,200,200,crossref,1,confirmed_bibliographic,C_bibliographic,,,,,not_checked,true,official_or_institutional_confirmation,,2026-08-27T07:33:47+00:00,bibliographic/aggregator evidence only; API channels may share provenance; no PI or project fact inferred
E,50905106,2009,youth_c,E05,2009|youth_c|E05|50905|3,0.994819,P1,false,immediate_probe,"""50905106""","""50905106"" ""National Natural Science Foundation of China""","award.number:50905106,award.funder:501100001809","site:edu.cn OR site:ac.cn ""50905106""",queued,true,bibliographic/aggregator evidence only; API channels may share provenance; no PI or project fact inferred,200,0,0,200,0,0,0,0,200,200,,0,no_match_all_sources,E_negative_probe_only,,,,,not_checked,true,exact_web_and_institution_search,,2026-08-27T07:33:47+00:00,bibliographic/aggregator evidence only; API channels may share provenance; no PI or project fact inferred
E,51476024,2014,general,E06,2014|general|E06|51476|3,0.994737,P1,false,immediate_probe,"""51476024""","""51476024"" ""National Natural Science Foundation of China""","award.number:51476024,award.funder:501100001809","site:edu.cn OR site:ac.cn ""51476024""",queued,true,bibliographic/aggregator evidence only; API channels may share provenance; no PI or project fact inferred,200,0,0,200,0,0,0,0,200,200,,0,no_match_all_sources,E_negative_probe_only,,,,,not_checked,true,exact_web_and_institution_search,,2026-08-27T07:33:47+00:00,bibliographic/aggregator evidence only; API channels may share provenance; no PI or project fact inferred
E,51702049,2017,youth_c,E02,2017|youth_c|E02|51702|3,0.994737,P1,false,immediate_probe,"""51702049""","""51702049"" ""National Natural Science Foundation of China""","award.number:51702049,award.funder:501100001809","site:edu.cn OR site:ac.cn ""51702049""",queued,true,bibliographic/aggregator evidence only; API channels may share provenance; no PI or project fact inferred,200,0,0,200,0,0,0,0,200,200,,0,no_match_all_sources,E_negative_probe_only,,,,,not_checked,true,exact_web_and_institution_search,,2026-08-27T07:33:47+00:00,bibliographic/aggregator evidence only; API channels may share provenance; no PI or project fact inferred
E,51702252,2017,youth_c,E02,2017|youth_c|E02|51702|3,0.994737,P1,false,immediate_probe,"""51702252""","""51702252"" ""National Natural Science Foundation of China""","award.number:51702252,award.funder:501100001809","site:edu.cn OR site:ac.cn ""51702252""",queued,true,bibliographic/aggregator evidence only; API channels may share provenance; no PI or project fact inferred,200,4,4,,0,0,0,0,200,200,crossref,4,confirmed_bibliographic,C_bibliographic,,,,,not_checked,true,official_or_institutional_confirmation,,2026-08-27T07:33:47+00:00,bibliographic/aggregator evidence only; API channels may share provenance; no PI or project fact inferred
B,22106044,2021,youth_c,B06,2021|youth_c|B06|22106|3,0.994709,P1,false,immediate_probe,"""22106044""","""22106044"" ""National Natural Science Foundation of China""","award.number:22106044,award.funder:501100001809","site:edu.cn OR site:ac.cn ""22106044""",queued,true,bibliographic/aggregator evidence only; API channels may share provenance; no PI or project fact inferred,200,5,5,,0,0,0,0,200,200,crossref,5,confirmed_bibliographic,C_bibliographic,,,,,not_checked,true,official_or_institutional_confirmation,,2026-08-27T07:33:47+00:00,bibliographic/aggregator evidence only; API channels may share provenance; no PI or project fact inferred
E,51103029,2011,youth_c,E03,2011|youth_c|E03|51103|3,0.994565,P1,false,immediate_probe,"""51103029""","""51103029"" ""National Natural Science Foundation of China""","award.number:51103029,award.funder:501100001809","site:edu.cn OR site:ac.cn ""51103029""",queued,true,bibliographic/aggregator evidence only; API channels may share provenance; no PI or project fact inferred,200,0,0,200,0,0,0,0,200,200,,0,no_match_all_sources,E_negative_probe_only,,,,,not_checked,true,exact_web_and_institution_search,,2026-08-27T07:33:47+00:00,bibliographic/aggregator evidence only; API channels may share provenance; no PI or project fact inferred
E,51071077,2010,general,E01,2010|general|E01|51071|3,0.994536,P1,false,immediate_probe,"""51071077""","""51071077"" ""National Natural Science Foundation of China""","award.number:51071077,award.funder:501100001809","site:edu.cn OR site:ac.cn ""51071077""",queued,true,bibliographic/aggregator evidence only; API channels may share provenance; no PI or project fact inferred,200,0,0,200,0,0,0,0,200,200,,0,no_match_all_sources,E_negative_probe_only,,,,,not_checked,true,exact_web_and_institution_search,,2026-08-27T07:33:47+00:00,bibliographic/aggregator evidence only; API channels may share provenance; no PI or project fact inferred
E,51177054,2011,general,E07,2011|general|E07|51177|3,0.994536,P1,false,immediate_probe,"""51177054""","""51177054"" ""National Natural Science Foundation of China""","award.number:51177054,award.funder:501100001809","site:edu.cn OR site:ac.cn ""51177054""",queued,true,bibliographic/aggregator evidence only; API channels may share provenance; no PI or project fact inferred,200,1,1,,0,0,0,0,200,200,crossref,1,confirmed_bibliographic,C_bibliographic,,,,,not_checked,true,official_or_institutional_confirmation,,2026-08-27T07:33:47+00:00,bibliographic/aggregator evidence only; API channels may share provenance; no PI or project fact inferred
E,51972310,2019,general,E02,2019|general|E02|51972|3,0.994302,P1,false,immediate_probe,"""51972310""","""51972310"" ""National Natural Science Foundation of China""","award.number:51972310,award.funder:501100001809","site:edu.cn OR site:ac.cn ""51972310""",queued,true,bibliographic/aggregator evidence only; API channels may share provenance; no PI or project fact inferred,200,11,11,,0,0,0,0,200,200,crossref,11,confirmed_bibliographic,C_bibliographic,,,,,not_checked,true,official_or_institutional_confirmation,,2026-08-27T07:33:47+00:00,bibliographic/aggregator evidence only; API channels may share provenance; no PI or project fact inferred
E,51972311,2019,general,E02,2019|general|E02|51972|3,0.994302,P1,false,immediate_probe,"""51972311""","""51972311"" ""National Natural Science Foundation of China""","award.number:51972311,award.funder:501100001809","site:edu.cn OR site:ac.cn ""51972311""",queued,true,bibliographic/aggregator evidence only; API channels may share provenance; no PI or project fact inferred,200,2,2,,0,0,0,0,200,200,crossref,2,confirmed_bibliographic,C_bibliographic,,,,,not_checked,true,official_or_institutional_confirmation,,2026-08-27T07:33:47+00:00,bibliographic/aggregator evidence only; API channels may share provenance; no PI or project fact inferred
E,51207155,2012,youth_c,E07,2012|youth_c|E07|51207|3,0.994286,P1,false,immediate_probe,"""51207155""","""51207155"" ""National Natural Science Foundation of China""","award.number:51207155,award.funder:501100001809","site:edu.cn OR site:ac.cn ""51207155""",queued,true,bibliographic/aggregator evidence only; API channels may share provenance; no PI or project fact inferred,200,0,0,200,0,0,0,0,200,200,,0,no_match_all_sources,E_negative_probe_only,,,,,not_checked,true,exact_web_and_institution_search,,2026-08-27T07:33:47+00:00,bibliographic/aggregator evidence only; API channels may share provenance; no PI or project fact inferred
E,50972046,2009,general,E02,2009|general|E02|50972|3,0.994152,P1,false,immediate_probe,"""50972046""","""50972046"" ""National Natural Science Foundation of China""","award.number:50972046,award.funder:501100001809","site:edu.cn OR site:ac.cn ""50972046""",queued,true,bibliographic/aggregator evidence only; API channels may share provenance; no PI or project fact inferred,200,1,1,,0,0,0,0,200,200,crossref,1,confirmed_bibliographic,C_bibliographic,,,,,not_checked,true,official_or_institutional_confirmation,,2026-08-27T07:33:47+00:00,bibliographic/aggregator evidence only; API channels may share provenance; no PI or project fact inferred
E,50375094,2003,general,E05,2003|general|E05|50375|3,0.993939,P1,false,immediate_probe,"""50375094""","""50375094"" ""National Natural Science Foundation of China""","award.number:50375094,award.funder:501100001809","site:edu.cn OR site:ac.cn ""50375094""",queued,true,bibliographic/aggregator evidence only; API channels may share provenance; no PI or project fact inferred,200,0,0,200,0,0,0,0,200,200,,0,no_match_all_sources,E_negative_probe_only,,,,,not_checked,true,exact_web_and_institution_search,,2026-08-27T07:33:47+00:00,bibliographic/aggregator evidence only; API channels may share provenance; no PI or project fact inferred
E,52108229,2021,youth_c,E08,2021|youth_c|E08|52108|3,0.993789,P1,false,immediate_probe,"""52108229""","""52108229"" ""National Natural Science Foundation of China""","award.number:52108229,award.funder:501100001809","site:edu.cn OR site:ac.cn ""52108229""",queued,true,bibliographic/aggregator evidence only; API channels may share provenance; no PI or project fact inferred,200,2,2,,0,0,0,0,200,200,crossref,2,confirmed_bibliographic,C_bibliographic,,,,,not_checked,true,official_or_institutional_confirmation,,2026-08-27T07:33:47+00:00,bibliographic/aggregator evidence only; API channels may share provenance; no PI or project fact inferred
E,52108449,2021,youth_c,E08,2021|youth_c|E08|52108|3,0.993789,P1,false,immediate_probe,"""52108449""","""52108449"" ""National Natural Science Foundation of China""","award.number:52108449,award.funder:501100001809","site:edu.cn OR site:ac.cn ""52108449""",queued,true,bibliographic/aggregator evidence only; API channels may share provenance; no PI or project fact inferred,200,6,6,,0,0,0,0,200,200,crossref,6,confirmed_bibliographic,C_bibliographic,,,,,not_checked,true,official_or_institutional_confirmation,,2026-08-27T07:33:47+00:00,bibliographic/aggregator evidence only; API channels may share provenance; no PI or project fact inferred
E,52108479,2021,youth_c,E08,2021|youth_c|E08|52108|3,0.993789,P1,false,immediate_probe,"""52108479""","""52108479"" ""National Natural Science Foundation of China""","award.number:52108479,award.funder:501100001809","site:edu.cn OR site:ac.cn ""52108479""",queued,true,bibliographic/aggregator evidence only; API channels may share provenance; no PI or project fact inferred,200,6,6,,0,0,0,0,200,200,crossref,6,confirmed_bibliographic,C_bibliographic,,,,,not_checked,true,official_or_institutional_confirmation,,2026-08-27T07:33:47+00:00,bibliographic/aggregator evidence only; API channels may share provenance; no PI or project fact inferred
B,22101011,2021,youth_c,B01,2021|youth_c|B01|22101|3,0.993548,P1,false,immediate_probe,"""22101011""","""22101011"" ""National Natural Science Foundation of China""","award.number:22101011,award.funder:501100001809","site:edu.cn OR site:ac.cn ""22101011""",queued,true,bibliographic/aggregator evidence only; API channels may share provenance; no PI or project fact inferred,200,1,1,,0,0,0,0,200,200,crossref,1,confirmed_bibliographic,C_bibliographic,,,,,not_checked,true,official_or_institutional_confirmation,,2026-08-27T07:33:47+00:00,bibliographic/aggregator evidence only; API channels may share provenance; no PI or project fact inferred
B,22101129,2021,youth_c,B01,2021|youth_c|B01|22101|3,0.993548,P1,false,immediate_probe,"""22101129""","""22101129"" ""National Natural Science Foundation of China""","award.number:22101129,award.funder:501100001809","site:edu.cn OR site:ac.cn ""22101129""",queued,true,bibliographic/aggregator evidence only; API channels may share provenance; no PI or project fact inferred,200,2,2,,0,0,0,0,200,200,crossref,2,confirmed_bibliographic,C_bibliographic,,,,,not_checked,true,official_or_institutional_confirmation,,2026-08-27T07:33:47+00:00,bibliographic/aggregator evidence only; API channels may share provenance; no PI or project fact inferred
E,51572142,2015,general,E02,2015|general|E02|51572|3,0.993399,P1,false,immediate_probe,"""51572142""","""51572142"" ""National Natural Science Foundation of China""","award.number:51572142,award.funder:501100001809","site:edu.cn OR site:ac.cn ""51572142""",queued,true,bibliographic/aggregator evidence only; API channels may share provenance; no PI or project fact inferred,200,0,0,200,0,0,0,0,200,200,,0,no_match_all_sources,E_negative_probe_only,,,,,not_checked,true,exact_web_and_institution_search,,2026-08-27T07:33:47+00:00,bibliographic/aggregator evidence only; API channels may share provenance; no PI or project fact inferred
E,51572297,2015,general,E02,2015|general|E02|51572|3,0.993399,P1,false,immediate_probe,"""51572297""","""51572297"" ""National Natural Science Foundation of China""","award.number:51572297,award.funder:501100001809","site:edu.cn OR site:ac.cn ""51572297""",queued,true,bibliographic/aggregator evidence only; API channels may share provenance; no PI or project fact inferred,200,0,0,200,0,0,0,0,200,200,,0,no_match_all_sources,E_negative_probe_only,,,,,not_checked,true,exact_web_and_institution_search,,2026-08-27T07:33:47+00:00,bibliographic/aggregator evidence only; API channels may share provenance; no PI or project fact inferred
E,50902047,2009,youth_c,E02,2009|youth_c|E02|50902|3,0.993377,P1,false,immediate_probe,"""50902047""","""50902047"" ""National Natural Science Foundation of China""","award.number:50902047,award.funder:501100001809","site:edu.cn OR site:ac.cn ""50902047""",queued,true,bibliographic/aggregator evidence only; API channels may share provenance; no PI or project fact inferred,200,0,0,200,1,1,0,0,200,200,,0,award_number_only,D_award_only,,,,,not_checked,true,exact_web_and_institution_search,,2026-08-27T07:33:47+00:00,bibliographic/aggregator evidence only; API channels may share provenance; no PI or project fact inferred
E,52079144,2020,general,E09,2020|general|E09|52079|3,0.993377,P1,false,immediate_probe,"""52079144""","""52079144"" ""National Natural Science Foundation of China""","award.number:52079144,award.funder:501100001809","site:edu.cn OR site:ac.cn ""52079144""",queued,true,bibliographic/aggregator evidence only; API channels may share provenance; no PI or project fact inferred,200,2,1,,0,0,0,0,200,200,crossref,1,confirmed_bibliographic,C_bibliographic,,,,,not_checked,true,official_or_institutional_confirmation,,2026-08-27T07:33:47+00:00,bibliographic/aggregator evidence only; API channels may share provenance; no PI or project fact inferred
B,22077109,2020,general,B07,2020|general|B07|22077|3,0.993103,P1,false,immediate_probe,"""22077109""","""22077109"" ""National Natural Science Foundation of China""","award.number:22077109,award.funder:501100001809","site:edu.cn OR site:ac.cn ""22077109""",queued,true,bibliographic/aggregator evidence only; API channels may share provenance; no PI or project fact inferred,200,10,10,,0,0,0,0,200,200,crossref,10,confirmed_bibliographic,C_bibliographic,,,,,not_checked,true,official_or_institutional_confirmation,,2026-08-27T07:33:47+00:00,bibliographic/aggregator evidence only; API channels may share provenance; no PI or project fact inferred
E,50672091,2006,general,E02,2006|general|E02|50672|3,0.992701,P1,false,immediate_probe,"""50672091""","""50672091"" ""National Natural Science Foundation of China""","award.number:50672091,award.funder:501100001809","site:edu.cn OR site:ac.cn ""50672091""",queued,true,bibliographic/aggregator evidence only; API channels may share provenance; no PI or project fact inferred,200,1,1,,0,0,0,0,200,200,crossref,1,confirmed_bibliographic,C_bibliographic,,,,,not_checked,true,official_or_institutional_confirmation,,2026-08-27T07:33:47+00:00,bibliographic/aggregator evidence only; API channels may share provenance; no PI or project fact inferred
B,22004067,2020,youth_c,B04,2020|youth_c|B04|22004|3,0.992701,P1,false,immediate_probe,"""22004067""","""22004067"" ""National Natural Science Foundation of China""","award.number:22004067,award.funder:501100001809","site:edu.cn OR site:ac.cn ""22004067""",queued,true,bibliographic/aggregator evidence only; API channels may share provenance; no PI or project fact inferred,200,1,1,,0,0,0,0,200,200,crossref,1,confirmed_bibliographic,C_bibliographic,,,,,not_checked,true,official_or_institutional_confirmation,,2026-08-27T07:33:47+00:00,bibliographic/aggregator evidence only; API channels may share provenance; no PI or project fact inferred
E,50971006,2009,general,E01,2009|general|E01|50971|3,0.992647,P1,false,immediate_probe,"""50971006""","""50971006"" ""National Natural Science Foundation of China""","award.number:50971006,award.funder:501100001809","site:edu.cn OR site:ac.cn ""50971006""",queued,true,bibliographic/aggregator evidence only; API channels may share provenance; no PI or project fact inferred,200,0,0,200,0,0,0,0,200,200,,0,no_match_all_sources,E_negative_probe_only,,,,,not_checked,true,exact_web_and_institution_search,,2026-08-27T07:33:47+00:00,bibliographic/aggregator evidence only; API channels may share provenance; no PI or project fact inferred
E,51274134,2012,general,E04,2012|general|E04|51274|3,0.992593,P1,false,immediate_probe,"""51274134""","""51274134"" ""National Natural Science Foundation of China""","award.number:51274134,award.funder:501100001809","site:edu.cn OR site:ac.cn ""51274134""",queued,true,bibliographic/aggregator evidence only; API channels may share provenance; no PI or project fact inferred,200,0,0,200,0,0,0,0,200,200,,0,no_match_all_sources,E_negative_probe_only,,,,,not_checked,true,exact_web_and_institution_search,,2026-08-27T07:33:47+00:00,bibliographic/aggregator evidence only; API channels may share provenance; no PI or project fact inferred
E,51274190,2012,general,E04,2012|general|E04|51274|3,0.992593,P1,false,immediate_probe,"""51274190""","""51274190"" ""National Natural Science Foundation of China""","award.number:51274190,award.funder:501100001809","site:edu.cn OR site:ac.cn ""51274190""",queued,true,bibliographic/aggregator evidence only; API channels may share provenance; no PI or project fact inferred,200,0,0,200,0,0,0,0,200,200,,0,no_match_all_sources,E_negative_probe_only,,,,,not_checked,true,exact_web_and_institution_search,,2026-08-27T07:33:47+00:00,bibliographic/aggregator evidence only; API channels may share provenance; no PI or project fact inferred
E,51105077,2011,youth_c,E05,2011|youth_c|E05|51105|3,0.992462,P1,false,immediate_probe,"""51105077""","""51105077"" ""National Natural Science Foundation of China""","award.number:51105077,award.funder:501100001809","site:edu.cn OR site:ac.cn ""51105077""",queued,true,bibliographic/aggregator evidence only; API channels may share provenance; no PI or project fact inferred,200,0,0,200,0,0,0,0,200,200,,0,no_match_all_sources,E_negative_probe_only,,,,,not_checked,true,exact_web_and_institution_search,,2026-08-27T07:33:47+00:00,bibliographic/aggregator evidence only; API channels may share provenance; no PI or project fact inferred
E,51105098,2011,youth_c,E05,2011|youth_c|E05|51105|3,0.992462,P1,false,immediate_probe,"""51105098""","""51105098"" ""National Natural Science Foundation of China""","award.number:51105098,award.funder:501100001809","site:edu.cn OR site:ac.cn ""51105098""",queued,true,bibliographic/aggregator evidence only; API channels may share provenance; no PI or project fact inferred,200,0,0,200,0,0,0,0,200,200,,0,no_match_all_sources,E_negative_probe_only,,,,,not_checked,true,exact_web_and_institution_search,,2026-08-27T07:33:47+00:00,bibliographic/aggregator evidence only; API channels may share provenance; no PI or project fact inferred
E,51105357,2011,youth_c,E05,2011|youth_c|E05|51105|3,0.992462,P1,false,immediate_probe,"""51105357""","""51105357"" ""National Natural Science Foundation of China""","award.number:51105357,award.funder:501100001809","site:edu.cn OR site:ac.cn ""51105357""",queued,true,bibliographic/aggregator evidence only; API channels may share provenance; no PI or project fact inferred,200,0,0,200,0,0,0,0,200,200,,0,no_match_all_sources,E_negative_probe_only,,,,,not_checked,true,exact_web_and_institution_search,,2026-08-27T07:33:47+00:00,bibliographic/aggregator evidence only; API channels may share provenance; no PI or project fact inferred
E,51701178,2017,youth_c,E01,2017|youth_c|E01|51701|3,0.991803,P1,false,immediate_probe,"""51701178""","""51701178"" ""National Natural Science Foundation of China""","award.number:51701178,award.funder:501100001809","site:edu.cn OR site:ac.cn ""51701178""",queued,true,bibliographic/aggregator evidence only; API channels may share provenance; no PI or project fact inferred,200,3,3,,0,0,0,0,200,200,crossref,3,confirmed_bibliographic,C_bibliographic,,,,,not_checked,true,official_or_institutional_confirmation,,2026-08-27T07:33:47+00:00,bibliographic/aggregator evidence only; API channels may share provenance; no PI or project fact inferred
E,51701197,2017,youth_c,E01,2017|youth_c|E01|51701|3,0.991803,P1,false,immediate_probe,"""51701197""","""51701197"" ""National Natural Science Foundation of China""","award.number:51701197,award.funder:501100001809","site:edu.cn OR site:ac.cn ""51701197""",queued,true,bibliographic/aggregator evidence only; API channels may share provenance; no PI or project fact inferred,200,0,0,200,0,0,0,0,200,200,,0,no_match_all_sources,E_negative_probe_only,,,,,not_checked,true,exact_web_and_institution_search,,2026-08-27T07:33:47+00:00,bibliographic/aggregator evidence only; API channels may share provenance; no PI or project fact inferred
E,51401218,2014,youth_c,E01,2014|youth_c|E01|51401|3,0.991770,P1,false,immediate_probe,"""51401218""","""51401218"" ""National Natural Science Foundation of China""","award.number:51401218,award.funder:501100001809","site:edu.cn OR site:ac.cn ""51401218""",queued,true,bibliographic/aggregator evidence only; API channels may share provenance; no PI or project fact inferred,200,3,3,,0,0,0,0,200,200,crossref,3,confirmed_bibliographic,C_bibliographic,,,,,not_checked,true,official_or_institutional_confirmation,,2026-08-27T07:33:47+00:00,bibliographic/aggregator evidence only; API channels may share provenance; no PI or project fact inferred
E,51401229,2014,youth_c,E01,2014|youth_c|E01|51401|3,0.991770,P1,false,immediate_probe,"""51401229""","""51401229"" ""National Natural Science Foundation of China""","award.number:51401229,award.funder:501100001809","site:edu.cn OR site:ac.cn ""51401229""",queued,true,bibliographic/aggregator evidence only; API channels may share provenance; no PI or project fact inferred,200,2,2,,0,0,0,0,200,200,crossref,2,confirmed_bibliographic,C_bibliographic,,,,,not_checked,true,official_or_institutional_confirmation,,2026-08-27T07:33:47+00:00,bibliographic/aggregator evidence only; API channels may share provenance; no PI or project fact inferred
E,51406162,2014,youth_c,E06,2014|youth_c|E06|51406|3,0.991701,P1,false,immediate_probe,"""51406162""","""51406162"" ""National Natural Science Foundation of China""","award.number:51406162,award.funder:501100001809","site:edu.cn OR site:ac.cn ""51406162""",queued,true,bibliographic/aggregator evidence only; API channels may share provenance; no PI or project fact inferred,200,1,0,200,1,1,0,0,200,200,,0,award_number_only,D_award_only,,,,,not_checked,true,exact_web_and_institution_search,,2026-08-27T07:33:47+00:00,bibliographic/aggregator evidence only; API channels may share provenance; no PI or project fact inferred
E,51406211,2014,youth_c,E06,2014|youth_c|E06|51406|3,0.991701,P1,false,immediate_probe,"""51406211""","""51406211"" ""National Natural Science Foundation of China""","award.number:51406211,award.funder:501100001809","site:edu.cn OR site:ac.cn ""51406211""",queued,true,bibliographic/aggregator evidence only; API channels may share provenance; no PI or project fact inferred,200,1,1,,0,0,0,0,200,200,crossref,1,confirmed_bibliographic,C_bibliographic,,,,,not_checked,true,official_or_institutional_confirmation,,2026-08-27T07:33:47+00:00,bibliographic/aggregator evidence only; API channels may share provenance; no PI or project fact inferred
E,50876024,2008,general,E06,2008|general|E06|50876|3,0.991667,P1,false,immediate_probe,"""50876024""","""50876024"" ""National Natural Science Foundation of China""","award.number:50876024,award.funder:501100001809","site:edu.cn OR site:ac.cn ""50876024""",queued,true,bibliographic/aggregator evidence only; API channels may share provenance; no PI or project fact inferred,200,0,0,200,0,0,0,0,200,200,,0,no_match_all_sources,E_negative_probe_only,,,,,not_checked,true,exact_web_and_institution_search,,2026-08-27T07:33:47+00:00,bibliographic/aggregator evidence only; API channels may share provenance; no PI or project fact inferred
E,50675013,2006,general,E05,2006|general|E05|50675|3,0.991525,P1,false,immediate_probe,"""50675013""","""50675013"" ""National Natural Science Foundation of China""","award.number:50675013,award.funder:501100001809","site:edu.cn OR site:ac.cn ""50675013""",queued,true,bibliographic/aggregator evidence only; API channels may share provenance; no PI or project fact inferred,200,0,0,200,0,0,0,0,200,200,,0,no_match_all_sources,E_negative_probe_only,,,,,not_checked,true,exact_web_and_institution_search,,2026-08-27T07:33:47+00:00,bibliographic/aggregator evidence only; API channels may share provenance; no PI or project fact inferred
E,50675021,2006,general,E05,2006|general|E05|50675|3,0.991525,P1,false,immediate_probe,"""50675021""","""50675021"" ""National Natural Science Foundation of China""","award.number:50675021,award.funder:501100001809","site:edu.cn OR site:ac.cn ""50675021""",queued,true,bibliographic/aggregator evidence only; API channels may share provenance; no PI or project fact inferred,200,0,0,200,0,0,0,0,200,200,,0,no_match_all_sources,E_negative_probe_only,,,,,not_checked,true,exact_web_and_institution_search,,2026-08-27T07:33:47+00:00,bibliographic/aggregator evidence only; API channels may share provenance; no PI or project fact inferred
E,50575112,2005,general,E05,2005|general|E05|50575|3,0.991489,P1,false,immediate_probe,"""50575112""","""50575112"" ""National Natural Science Foundation of China""","award.number:50575112,award.funder:501100001809","site:edu.cn OR site:ac.cn ""50575112""",queued,true,bibliographic/aggregator evidence only; API channels may share provenance; no PI or project fact inferred,200,0,0,200,0,0,0,0,200,200,,0,no_match_all_sources,E_negative_probe_only,,,,,not_checked,true,exact_web_and_institution_search,,2026-08-27T07:33:47+00:00,bibliographic/aggregator evidence only; API channels may share provenance; no PI or project fact inferred
E,50575146,2005,general,E05,2005|general|E05|50575|3,0.991489,P1,false,immediate_probe,"""50575146""","""50575146"" ""National Natural Science Foundation of China""","award.number:50575146,award.funder:501100001809","site:edu.cn OR site:ac.cn ""50575146""",queued,true,bibliographic/aggregator evidence only; API channels may share provenance; no PI or project fact inferred,200,0,0,200,0,0,0,0,200,200,,0,no_match_all_sources,E_negative_probe_only,,,,,not_checked,true,exact_web_and_institution_search,,2026-08-27T07:33:47+00:00,bibliographic/aggregator evidence only; API channels may share provenance; no PI or project fact inferred
E,50775046,2007,general,E05,2007|general|E05|50775|3,0.991304,P1,false,immediate_probe,"""50775046""","""50775046"" ""National Natural Science Foundation of China""","award.number:50775046,award.funder:501100001809","site:edu.cn OR site:ac.cn ""50775046""",queued,true,bibliographic/aggregator evidence only; API channels may share provenance; no PI or project fact inferred,200,0,0,200,0,0,0,0,200,200,,0,no_match_all_sources,E_negative_probe_only,,,,,not_checked,true,exact_web_and_institution_search,,2026-08-27T07:33:47+00:00,bibliographic/aggregator evidence only; API channels may share provenance; no PI or project fact inferred
E,50775103,2007,general,E05,2007|general|E05|50775|3,0.991304,P1,false,immediate_probe,"""50775103""","""50775103"" ""National Natural Science Foundation of China""","award.number:50775103,award.funder:501100001809","site:edu.cn OR site:ac.cn ""50775103""",queued,true,bibliographic/aggregator evidence only; API channels may share provenance; no PI or project fact inferred,200,0,0,200,0,0,0,0,200,200,,0,no_match_all_sources,E_negative_probe_only,,,,,not_checked,true,exact_web_and_institution_search,,2026-08-27T07:33:47+00:00,bibliographic/aggregator evidence only; API channels may share provenance; no PI or project fact inferred
B,21973019,2019,general,B03,2019|general|B03|21973|3,0.991150,P1,false,immediate_probe,"""21973019""","""21973019"" ""National Natural Science Foundation of China""","award.number:21973019,award.funder:501100001809","site:edu.cn OR site:ac.cn ""21973019""",queued,true,bibliographic/aggregator evidence only; API channels may share provenance; no PI or project fact inferred,200,0,0,200,0,0,0,0,200,200,,0,no_match_all_sources,E_negative_probe_only,,,,,not_checked,true,exact_web_and_institution_search,,2026-08-27T07:33:47+00:00,bibliographic/aggregator evidence only; API channels may share provenance; no PI or project fact inferred
E,51302176,2013,youth_c,E02,2013|youth_c|E02|51302|3,0.990909,P1,false,immediate_probe,"""51302176""","""51302176"" ""National Natural Science Foundation of China""","award.number:51302176,award.funder:501100001809","site:edu.cn OR site:ac.cn ""51302176""",queued,true,bibliographic/aggregator evidence only; API channels may share provenance; no PI or project fact inferred,200,0,0,200,0,0,0,0,200,200,,0,no_match_all_sources,E_negative_probe_only,,,,,not_checked,true,exact_web_and_institution_search,,2026-08-27T07:33:47+00:00,bibliographic/aggregator evidence only; API channels may share provenance; no PI or project fact inferred
E,51302192,2013,youth_c,E02,2013|youth_c|E02|51302|3,0.990909,P1,false,immediate_probe,"""51302192""","""51302192"" ""National Natural Science Foundation of China""","award.number:51302192,award.funder:501100001809","site:edu.cn OR site:ac.cn ""51302192""",queued,true,bibliographic/aggregator evidence only; API channels may share provenance; no PI or project fact inferred,200,1,1,,0,0,0,0,200,200,crossref,1,confirmed_bibliographic,C_bibliographic,,,,,not_checked,true,official_or_institutional_confirmation,,2026-08-27T07:33:47+00:00,bibliographic/aggregator evidence only; API channels may share provenance; no PI or project fact inferred
E,51302240,2013,youth_c,E02,2013|youth_c|E02|51302|3,0.990909,P1,false,immediate_probe,"""51302240""","""51302240"" ""National Natural Science Foundation of China""","award.number:51302240,award.funder:501100001809","site:edu.cn OR site:ac.cn ""51302240""",queued,true,bibliographic/aggregator evidence only; API channels may share provenance; no PI or project fact inferred,200,0,0,200,0,0,0,0,200,200,,0,no_match_all_sources,E_negative_probe_only,,,,,not_checked,true,exact_web_and_institution_search,,2026-08-27T07:33:47+00:00,bibliographic/aggregator evidence only; API channels may share provenance; no PI or project fact inferred
E,51303042,2013,youth_c,E03,2013|youth_c|E03|51303|3,0.990826,P1,false,immediate_probe,"""51303042""","""51303042"" ""National Natural Science Foundation of China""","award.number:51303042,award.funder:501100001809","site:edu.cn OR site:ac.cn ""51303042""",queued,true,bibliographic/aggregator evidence only; API channels may share provenance; no PI or project fact inferred,200,0,0,200,0,0,0,0,200,200,,0,no_match_all_sources,E_negative_probe_only,,,,,not_checked,true,exact_web_and_institution_search,,2026-08-27T07:33:47+00:00,bibliographic/aggregator evidence only; API channels may share provenance; no PI or project fact inferred
E,51303119,2013,youth_c,E03,2013|youth_c|E03|51303|3,0.990826,P1,false,immediate_probe,"""51303119""","""51303119"" ""National Natural Science Foundation of China""","award.number:51303119,award.funder:501100001809","site:edu.cn OR site:ac.cn ""51303119""",queued,true,bibliographic/aggregator evidence only; API channels may share provenance; no PI or project fact inferred,200,2,5,,0,0,0,0,200,200,crossref,1,confirmed_bibliographic,C_bibliographic,,,,,not_checked,true,official_or_institutional_confirmation,,2026-08-27T07:33:47+00:00,bibliographic/aggregator evidence only; API channels may share provenance; no PI or project fact inferred
E,51173050,2011,general,E03,2011|general|E03|51173|3,0.990741,P1,false,immediate_probe,"""51173050""","""51173050"" ""National Natural Science Foundation of China""","award.number:51173050,award.funder:501100001809","site:edu.cn OR site:ac.cn ""51173050""",queued,true,bibliographic/aggregator evidence only; API channels may share provenance; no PI or project fact inferred,200,3,3,,0,0,0,0,200,200,crossref,3,confirmed_bibliographic,C_bibliographic,,,,,not_checked,true,official_or_institutional_confirmation,,2026-08-27T07:33:47+00:00,bibliographic/aggregator evidence only; API channels may share provenance; no PI or project fact inferred
E,51173172,2011,general,E03,2011|general|E03|51173|3,0.990741,P1,false,immediate_probe,"""51173172""","""51173172"" ""National Natural Science Foundation of China""","award.number:51173172,award.funder:501100001809","site:edu.cn OR site:ac.cn ""51173172""",queued,true,bibliographic/aggregator evidence only; API channels may share provenance; no PI or project fact inferred,200,18,18,,0,0,0,0,200,200,crossref,18,confirmed_bibliographic,C_bibliographic,,,,,not_checked,true,official_or_institutional_confirmation,,2026-08-27T07:33:47+00:00,bibliographic/aggregator evidence only; API channels may share provenance; no PI or project fact inferred
B,22007002,2020,youth_c,B07,2020|youth_c|B07|22007|3,0.990654,P1,false,immediate_probe,"""22007002""","""22007002"" ""National Natural Science Foundation of China""","award.number:22007002,award.funder:501100001809","site:edu.cn OR site:ac.cn ""22007002""",queued,true,bibliographic/aggregator evidence only; API channels may share provenance; no PI or project fact inferred,200,0,0,200,0,0,0,0,200,200,,0,no_match_all_sources,E_negative_probe_only,,,,,not_checked,true,exact_web_and_institution_search,,2026-08-27T07:33:47+00:00,bibliographic/aggregator evidence only; API channels may share provenance; no PI or project fact inferred
E,52008101,2020,youth_c,E08,2020|youth_c|E08|52008|3,0.990338,P1,false,immediate_probe,"""52008101""","""52008101"" ""National Natural Science Foundation of China""","award.number:52008101,award.funder:501100001809","site:edu.cn OR site:ac.cn ""52008101""",queued,true,bibliographic/aggregator evidence only; API channels may share provenance; no PI or project fact inferred,200,1,1,,0,0,0,0,200,200,crossref,1,confirmed_bibliographic,C_bibliographic,,,,,not_checked,true,official_or_institutional_confirmation,,2026-08-27T07:33:47+00:00,bibliographic/aggregator evidence only; API channels may share provenance; no PI or project fact inferred
E,52008257,2020,youth_c,E08,2020|youth_c|E08|52008|3,0.990338,P1,false,immediate_probe,"""52008257""","""52008257"" ""National Natural Science Foundation of China""","award.number:52008257,award.funder:501100001809","site:edu.cn OR site:ac.cn ""52008257""",queued,true,bibliographic/aggregator evidence only; API channels may share provenance; no PI or project fact inferred,200,0,0,200,0,0,0,0,200,200,,0,no_match_all_sources,E_negative_probe_only,,,,,not_checked,true,exact_web_and_institution_search,,2026-08-27T07:33:47+00:00,bibliographic/aggregator evidence only; API channels may share provenance; no PI or project fact inferred
E,52008370,2020,youth_c,E08,2020|youth_c|E08|52008|3,0.990338,P1,false,immediate_probe,"""52008370""","""52008370"" ""National Natural Science Foundation of China""","award.number:52008370,award.funder:501100001809","site:edu.cn OR site:ac.cn ""52008370""",queued,true,bibliographic/aggregator evidence only; API channels may share provenance; no PI or project fact inferred,200,0,0,200,0,0,0,0,200,200,,0,no_match_all_sources,E_negative_probe_only,,,,,not_checked,true,exact_web_and_institution_search,,2026-08-27T07:33:47+00:00,bibliographic/aggregator evidence only; API channels may share provenance; no PI or project fact inferred
E,52008397,2020,youth_c,E08,2020|youth_c|E08|52008|3,0.990338,P1,false,immediate_probe,"""52008397""","""52008397"" ""National Natural Science Foundation of China""","award.number:52008397,award.funder:501100001809","site:edu.cn OR site:ac.cn ""52008397""",queued,true,bibliographic/aggregator evidence only; API channels may share provenance; no PI or project fact inferred,200,5,5,,0,0,0,0,200,200,crossref,5,confirmed_bibliographic,C_bibliographic,,,,,not_checked,true,official_or_institutional_confirmation,,2026-08-27T07:33:47+00:00,bibliographic/aggregator evidence only; API channels may share provenance; no PI or project fact inferred
E,50776049,2007,general,E06,2007|general|E06|50776|3,0.990291,P1,false,immediate_probe,"""50776049""","""50776049"" ""National Natural Science Foundation of China""","award.number:50776049,award.funder:501100001809","site:edu.cn OR site:ac.cn ""50776049""",queued,true,bibliographic/aggregator evidence only; API channels may share provenance; no PI or project fact inferred,200,0,0,200,0,0,0,0,200,200,,0,no_match_all_sources,E_negative_probe_only,,,,,not_checked,true,exact_web_and_institution_search,,2026-08-27T07:33:47+00:00,bibliographic/aggregator evidence only; API channels may share provenance; no PI or project fact inferred
B,22103023,2021,youth_c,B03,2021|youth_c|B03|22103|3,0.989899,P1,false,immediate_probe,"""22103023""","""22103023"" ""National Natural Science Foundation of China""","award.number:22103023,award.funder:501100001809","site:edu.cn OR site:ac.cn ""22103023""",queued,true,bibliographic/aggregator evidence only; API channels may share provenance; no PI or project fact inferred,200,1,1,,0,0,0,0,200,200,crossref,1,confirmed_bibliographic,C_bibliographic,,,,,not_checked,true,official_or_institutional_confirmation,,2026-08-27T07:33:47+00:00,bibliographic/aggregator evidence only; API channels may share provenance; no PI or project fact inferred
E,50573017,2005,general,E03,2005|general|E03|50573|3,0.989474,P1,false,immediate_probe,"""50573017""","""50573017"" ""National Natural Science Foundation of China""","award.number:50573017,award.funder:501100001809","site:edu.cn OR site:ac.cn ""50573017""",queued,true,bibliographic/aggregator evidence only; API channels may share provenance; no PI or project fact inferred,200,0,0,200,0,0,0,0,200,200,,0,no_match_all_sources,E_negative_probe_only,,,,,not_checked,true,exact_web_and_institution_search,,2026-08-27T07:33:47+00:00,bibliographic/aggregator evidence only; API channels may share provenance; no PI or project fact inferred
E,50977051,2009,general,E07,2009|general|E07|50977|3,0.989474,P1,false,immediate_probe,"""50977051""","""50977051"" ""National Natural Science Foundation of China""","award.number:50977051,award.funder:501100001809","site:edu.cn OR site:ac.cn ""50977051""",queued,true,bibliographic/aggregator evidence only; API channels may share provenance; no PI or project fact inferred,200,0,0,200,0,0,0,0,200,200,,0,no_match_all_sources,E_negative_probe_only,,,,,not_checked,true,exact_web_and_institution_search,,2026-08-27T07:33:47+00:00,bibliographic/aggregator evidence only; API channels may share provenance; no PI or project fact inferred
E,51106004,2011,youth_c,E06,2011|youth_c|E06|51106|3,0.989474,P1,false,immediate_probe,"""51106004""","""51106004"" ""National Natural Science Foundation of China""","award.number:51106004,award.funder:501100001809","site:edu.cn OR site:ac.cn ""51106004""",queued,true,bibliographic/aggregator evidence only; API channels may share provenance; no PI or project fact inferred,200,0,0,200,0,0,0,0,200,200,,0,no_match_all_sources,E_negative_probe_only,,,,,not_checked,true,exact_web_and_institution_search,,2026-08-27T07:33:47+00:00,bibliographic/aggregator evidence only; API channels may share provenance; no PI or project fact inferred
E,51106081,2011,youth_c,E06,2011|youth_c|E06|51106|3,0.989474,P1,false,immediate_probe,"""51106081""","""51106081"" ""National Natural Science Foundation of China""","award.number:51106081,award.funder:501100001809","site:edu.cn OR site:ac.cn ""51106081""",queued,true,bibliographic/aggregator evidence only; API channels may share provenance; no PI or project fact inferred,200,0,0,200,0,0,0,0,200,200,,0,no_match_all_sources,E_negative_probe_only,,,,,not_checked,true,exact_web_and_institution_search,,2026-08-27T07:33:47+00:00,bibliographic/aggregator evidence only; API channels may share provenance; no PI or project fact inferred
E,59975073,1999,general,E05,1999|general|E05|59975|3,0.988764,P1,false,immediate_probe,"""59975073""","""59975073"" ""National Natural Science Foundation of China""","award.number:59975073,award.funder:501100001809","site:edu.cn OR site:ac.cn ""59975073""",queued,true,bibliographic/aggregator evidence only; API channels may share provenance; no PI or project fact inferred,200,0,0,200,0,0,0,0,200,200,,0,no_match_all_sources,E_negative_probe_only,,,,,not_checked,true,exact_web_and_institution_search,,2026-08-27T07:33:47+00:00,bibliographic/aggregator evidence only; API channels may share provenance; no PI or project fact inferred
E,52105012,2021,youth_c,E05,2021|youth_c|E05|52105|3,0.988255,P1,false,immediate_probe,"""52105012""","""52105012"" ""National Natural Science Foundation of China""","award.number:52105012,award.funder:501100001809","site:edu.cn OR site:ac.cn ""52105012""",queued,true,bibliographic/aggregator evidence only; API channels may share provenance; no PI or project fact inferred,200,22,22,,0,0,0,0,200,200,crossref,22,confirmed_bibliographic,C_bibliographic,,,,,not_checked,true,official_or_institutional_confirmation,,2026-08-27T07:33:47+00:00,bibliographic/aggregator evidence only; API channels may share provenance; no PI or project fact inferred
E,52105199,2021,youth_c,E05,2021|youth_c|E05|52105|3,0.988255,P1,false,immediate_probe,"""52105199""","""52105199"" ""National Natural Science Foundation of China""","award.number:52105199,award.funder:501100001809","site:edu.cn OR site:ac.cn ""52105199""",queued,true,bibliographic/aggregator evidence only; API channels may share provenance; no PI or project fact inferred,200,3,3,,0,0,0,0,200,200,crossref,3,confirmed_bibliographic,C_bibliographic,,,,,not_checked,true,official_or_institutional_confirmation,,2026-08-27T07:33:47+00:00,bibliographic/aggregator evidence only; API channels may share provenance; no PI or project fact inferred
E,52105285,2021,youth_c,E05,2021|youth_c|E05|52105|3,0.988255,P1,false,immediate_probe,"""52105285""","""52105285"" ""National Natural Science Foundation of China""","award.number:52105285,award.funder:501100001809","site:edu.cn OR site:ac.cn ""52105285""",queued,true,bibliographic/aggregator evidence only; API channels may share provenance; no PI or project fact inferred,200,4,4,,0,0,0,0,200,200,crossref,4,confirmed_bibliographic,C_bibliographic,,,,,not_checked,true,official_or_institutional_confirmation,,2026-08-27T07:33:47+00:00,bibliographic/aggregator evidence only; API channels may share provenance; no PI or project fact inferred
E,52105358,2021,youth_c,E05,2021|youth_c|E05|52105|3,0.988255,P1,false,immediate_probe,"""52105358""","""52105358"" ""National Natural Science Foundation of China""","award.number:52105358,award.funder:501100001809","site:edu.cn OR site:ac.cn ""52105358""",queued,true,bibliographic/aggregator evidence only; API channels may share provenance; no PI or project fact inferred,200,0,0,200,0,0,0,0,200,200,,0,no_match_all_sources,E_negative_probe_only,,,,,not_checked,true,exact_web_and_institution_search,,2026-08-27T07:33:47+00:00,bibliographic/aggregator evidence only; API channels may share provenance; no PI or project fact inferred
E,52105380,2021,youth_c,E05,2021|youth_c|E05|52105|3,0.988255,P1,false,immediate_probe,"""52105380""","""52105380"" ""National Natural Science Foundation of China""","award.number:52105380,award.funder:501100001809","site:edu.cn OR site:ac.cn ""52105380""",queued,true,bibliographic/aggregator evidence only; API channels may share provenance; no PI or project fact inferred,200,0,0,200,0,0,0,0,200,200,,0,no_match_all_sources,E_negative_probe_only,,,,,not_checked,true,exact_web_and_institution_search,,2026-08-27T07:33:47+00:00,bibliographic/aggregator evidence only; API channels may share provenance; no PI or project fact inferred
E,52105436,2021,youth_c,E05,2021|youth_c|E05|52105|3,0.988255,P1,false,immediate_probe,"""52105436""","""52105436"" ""National Natural Science Foundation of China""","award.number:52105436,award.funder:501100001809","site:edu.cn OR site:ac.cn ""52105436""",queued,true,bibliographic/aggregator evidence only; API channels may share provenance; no PI or project fact inferred,200,5,5,,0,0,0,0,200,200,crossref,2,confirmed_bibliographic,C_bibliographic,,,,,not_checked,true,official_or_institutional_confirmation,,2026-08-27T07:33:47+00:00,bibliographic/aggregator evidence only; API channels may share provenance; no PI or project fact inferred
E,52105476,2021,youth_c,E05,2021|youth_c|E05|52105|3,0.988255,P1,false,immediate_probe,"""52105476""","""52105476"" ""National Natural Science Foundation of China""","award.number:52105476,award.funder:501100001809","site:edu.cn OR site:ac.cn ""52105476""",queued,true,bibliographic/aggregator evidence only; API channels may share provenance; no PI or project fact inferred,200,4,4,,0,0,0,0,200,200,crossref,4,confirmed_bibliographic,C_bibliographic,,,,,not_checked,true,official_or_institutional_confirmation,,2026-08-27T07:33:47+00:00,bibliographic/aggregator evidence only; API channels may share provenance; no PI or project fact inferred
E,51501135,2015,youth_c,E01,2015|youth_c|E01|51501|3,0.987013,P1,false,immediate_probe,"""51501135""","""51501135"" ""National Natural Science Foundation of China""","award.number:51501135,award.funder:501100001809","site:edu.cn OR site:ac.cn ""51501135""",queued,true,bibliographic/aggregator evidence only; API channels may share provenance; no PI or project fact inferred,200,0,0,200,0,0,0,0,200,200,,0,no_match_all_sources,E_negative_probe_only,,,,,not_checked,true,exact_web_and_institution_search,,2026-08-27T07:33:47+00:00,bibliographic/aggregator evidence only; API channels may share provenance; no PI or project fact inferred
E,51501187,2015,youth_c,E01,2015|youth_c|E01|51501|3,0.987013,P1,false,immediate_probe,"""51501187""","""51501187"" ""National Natural Science Foundation of China""","award.number:51501187,award.funder:501100001809","site:edu.cn OR site:ac.cn ""51501187""",queued,true,bibliographic/aggregator evidence only; API channels may share provenance; no PI or project fact inferred,200,0,0,200,0,0,0,0,200,200,,0,no_match_all_sources,E_negative_probe_only,,,,,not_checked,true,exact_web_and_institution_search,,2026-08-27T07:33:47+00:00,bibliographic/aggregator evidence only; API channels may share provenance; no PI or project fact inferred
E,51501191,2015,youth_c,E01,2015|youth_c|E01|51501|3,0.987013,P1,false,immediate_probe,"""51501191""","""51501191"" ""National Natural Science Foundation of China""","award.number:51501191,award.funder:501100001809","site:edu.cn OR site:ac.cn ""51501191""",queued,true,bibliographic/aggregator evidence only; API channels may share provenance; no PI or project fact inferred,200,4,4,,0,0,0,0,200,200,crossref,4,confirmed_bibliographic,C_bibliographic,,,,,not_checked,true,official_or_institutional_confirmation,,2026-08-27T07:33:47+00:00,bibliographic/aggregator evidence only; API channels may share provenance; no PI or project fact inferred
B,22102075,2021,youth_c,B02,2021|youth_c|B02|22102|3,0.986425,P1,false,immediate_probe,"""22102075""","""22102075"" ""National Natural Science Foundation of China""","award.number:22102075,award.funder:501100001809","site:edu.cn OR site:ac.cn ""22102075""",queued,true,bibliographic/aggregator evidence only; API channels may share provenance; no PI or project fact inferred,200,0,0,200,0,0,0,0,200,200,,0,no_match_all_sources,E_negative_probe_only,,,,,not_checked,true,exact_web_and_institution_search,,2026-08-27T07:33:47+00:00,bibliographic/aggregator evidence only; API channels may share provenance; no PI or project fact inferred
B,22102144,2021,youth_c,B02,2021|youth_c|B02|22102|3,0.986425,P1,false,immediate_probe,"""22102144""","""22102144"" ""National Natural Science Foundation of China""","award.number:22102144,award.funder:501100001809","site:edu.cn OR site:ac.cn ""22102144""",queued,true,bibliographic/aggregator evidence only; API channels may share provenance; no PI or project fact inferred,200,0,0,200,0,0,0,0,200,200,,0,no_match_all_sources,E_negative_probe_only,,,,,not_checked,true,exact_web_and_institution_search,,2026-08-27T07:33:47+00:00,bibliographic/aggregator evidence only; API channels may share provenance; no PI or project fact inferred
B,22102216,2021,youth_c,B02,2021|youth_c|B02|22102|3,0.986425,P1,false,immediate_probe,"""22102216""","""22102216"" ""National Natural Science Foundation of China""","award.number:22102216,award.funder:501100001809","site:edu.cn OR site:ac.cn ""22102216""",queued,true,bibliographic/aggregator evidence only; API channels may share provenance; no PI or project fact inferred,200,0,0,200,0,0,0,0,200,200,,0,no_match_all_sources,E_negative_probe_only,,,,,not_checked,true,exact_web_and_institution_search,,2026-08-27T07:33:47+00:00,bibliographic/aggregator evidence only; API channels may share provenance; no PI or project fact inferred
E,52068003,2020,regional,E08,2020|regional|E08|52068|3,0.985294,P1,false,immediate_probe,"""52068003""","""52068003"" ""National Natural Science Foundation of China""","award.number:52068003,award.funder:501100001809","site:edu.cn OR site:ac.cn ""52068003""",queued,true,bibliographic/aggregator evidence only; API channels may share provenance; no PI or project fact inferred,200,4,4,,0,0,0,0,200,200,crossref,2,confirmed_bibliographic,C_bibliographic,,,,,not_checked,true,official_or_institutional_confirmation,,2026-08-27T07:33:47+00:00,bibliographic/aggregator evidence only; API channels may share provenance; no PI or project fact inferred
E,59171010,1991,general,E01,1991|general|E01|59171|3,0.985075,P1,false,immediate_probe,"""59171010""","""59171010"" ""National Natural Science Foundation of China""","award.number:59171010,award.funder:501100001809","site:edu.cn OR site:ac.cn ""59171010""",queued,true,bibliographic/aggregator evidence only; API channels may share provenance; no PI or project fact inferred,200,0,0,200,0,0,0,0,200,200,,0,no_match_all_sources,E_negative_probe_only,,,,,not_checked,true,exact_web_and_institution_search,,2026-08-27T07:33:47+00:00,bibliographic/aggregator evidence only; API channels may share provenance; no PI or project fact inferred
E,51206111,2012,youth_c,E06,2012|youth_c|E06|51206|3,0.985075,P1,false,immediate_probe,"""51206111""","""51206111"" ""National Natural Science Foundation of China""","award.number:51206111,award.funder:501100001809","site:edu.cn OR site:ac.cn ""51206111""",queued,true,bibliographic/aggregator evidence only; API channels may share provenance; no PI or project fact inferred,200,0,0,200,0,0,0,0,200,200,,0,no_match_all_sources,E_negative_probe_only,,,,,not_checked,true,exact_web_and_institution_search,,2026-08-27T07:33:47+00:00,bibliographic/aggregator evidence only; API channels may share provenance; no PI or project fact inferred
E,51206121,2012,youth_c,E06,2012|youth_c|E06|51206|3,0.985075,P1,false,immediate_probe,"""51206121""","""51206121"" ""National Natural Science Foundation of China""","award.number:51206121,award.funder:501100001809","site:edu.cn OR site:ac.cn ""51206121""",queued,true,bibliographic/aggregator evidence only; API channels may share provenance; no PI or project fact inferred,200,0,0,200,0,0,0,0,200,200,,0,no_match_all_sources,E_negative_probe_only,,,,,not_checked,true,exact_web_and_institution_search,,2026-08-27T07:33:47+00:00,bibliographic/aggregator evidence only; API channels may share provenance; no PI or project fact inferred
E,51206158,2012,youth_c,E06,2012|youth_c|E06|51206|3,0.985075,P1,false,immediate_probe,"""51206158""","""51206158"" ""National Natural Science Foundation of China""","award.number:51206158,award.funder:501100001809","site:edu.cn OR site:ac.cn ""51206158""",queued,true,bibliographic/aggregator evidence only; API channels may share provenance; no PI or project fact inferred,200,0,0,200,0,0,0,0,200,200,,0,no_match_all_sources,E_negative_probe_only,,,,,not_checked,true,exact_web_and_institution_search,,2026-08-27T07:33:47+00:00,bibliographic/aggregator evidence only; API channels may share provenance; no PI or project fact inferred
B,21901112,2019,youth_c,B01,2019|youth_c|B01|21901|3,0.984962,P1,false,immediate_probe,"""21901112""","""21901112"" ""National Natural Science Foundation of China""","award.number:21901112,award.funder:501100001809","site:edu.cn OR site:ac.cn ""21901112""",queued,true,bibliographic/aggregator evidence only; API channels may share provenance; no PI or project fact inferred,200,2,2,,0,0,0,0,200,200,crossref,2,confirmed_bibliographic,C_bibliographic,,,,,not_checked,true,official_or_institutional_confirmation,,2026-08-27T07:33:47+00:00,bibliographic/aggregator evidence only; API channels may share provenance; no PI or project fact inferred
B,21901126,2019,youth_c,B01,2019|youth_c|B01|21901|3,0.984962,P1,false,immediate_probe,"""21901126""","""21901126"" ""National Natural Science Foundation of China""","award.number:21901126,award.funder:501100001809","site:edu.cn OR site:ac.cn ""21901126""",queued,true,bibliographic/aggregator evidence only; API channels may share provenance; no PI or project fact inferred,200,0,0,200,0,0,0,0,200,200,,0,no_match_all_sources,E_negative_probe_only,,,,,not_checked,true,exact_web_and_institution_search,,2026-08-27T07:33:47+00:00,bibliographic/aggregator evidence only; API channels may share provenance; no PI or project fact inferred
B,21901129,2019,youth_c,B01,2019|youth_c|B01|21901|3,0.984962,P1,false,immediate_probe,"""21901129""","""21901129"" ""National Natural Science Foundation of China""","award.number:21901129,award.funder:501100001809","site:edu.cn OR site:ac.cn ""21901129""",queued,true,bibliographic/aggregator evidence only; API channels may share provenance; no PI or project fact inferred,200,0,0,200,0,0,0,0,200,200,,0,no_match_all_sources,E_negative_probe_only,,,,,not_checked,true,exact_web_and_institution_search,,2026-08-27T07:33:47+00:00,bibliographic/aggregator evidence only; API channels may share provenance; no PI or project fact inferred
B,21901231,2019,youth_c,B01,2019|youth_c|B01|21901|3,0.984962,P1,false,immediate_probe,"""21901231""","""21901231"" ""National Natural Science Foundation of China""","award.number:21901231,award.funder:501100001809","site:edu.cn OR site:ac.cn ""21901231""",queued,true,bibliographic/aggregator evidence only; API channels may share provenance; no PI or project fact inferred,200,2,2,,0,0,0,0,200,200,crossref,2,confirmed_bibliographic,C_bibliographic,,,,,not_checked,true,official_or_institutional_confirmation,,2026-08-27T07:33:47+00:00,bibliographic/aggregator evidence only; API channels may share provenance; no PI or project fact inferred
E,52065039,2020,regional,E05,2020|regional|E05|52065|3,0.984848,P1,false,immediate_probe,"""52065039""","""52065039"" ""National Natural Science Foundation of China""","award.number:52065039,award.funder:501100001809","site:edu.cn OR site:ac.cn ""52065039""",queued,true,bibliographic/aggregator evidence only; API channels may share provenance; no PI or project fact inferred,200,2,2,,0,0,0,0,200,200,crossref,2,confirmed_bibliographic,C_bibliographic,,,,,not_checked,true,official_or_institutional_confirmation,,2026-08-27T07:33:47+00:00,bibliographic/aggregator evidence only; API channels may share provenance; no PI or project fact inferred
E,51006019,2010,youth_c,E06,2010|youth_c|E06|51006|3,0.984733,P1,false,immediate_probe,"""51006019""","""51006019"" ""National Natural Science Foundation of China""","award.number:51006019,award.funder:501100001809","site:edu.cn OR site:ac.cn ""51006019""",queued,true,bibliographic/aggregator evidence only; API channels may share provenance; no PI or project fact inferred,200,0,0,200,0,0,0,0,200,200,,0,no_match_all_sources,E_negative_probe_only,,,,,not_checked,true,exact_web_and_institution_search,,2026-08-27T07:33:47+00:00,bibliographic/aggregator evidence only; API channels may share provenance; no PI or project fact inferred
E,51006124,2010,youth_c,E06,2010|youth_c|E06|51006|3,0.984733,P1,false,immediate_probe,"""51006124""","""51006124"" ""National Natural Science Foundation of China""","award.number:51006124,award.funder:501100001809","site:edu.cn OR site:ac.cn ""51006124""",queued,true,bibliographic/aggregator evidence only; API channels may share provenance; no PI or project fact inferred,200,0,0,200,0,0,0,0,200,200,,0,no_match_all_sources,E_negative_probe_only,,,,,not_checked,true,exact_web_and_institution_search,,2026-08-27T07:33:47+00:00,bibliographic/aggregator evidence only; API channels may share provenance; no PI or project fact inferred
E,50706037,2007,youth_c,E06,2007|youth_c|E06|50706|3,0.983051,P1,false,immediate_probe,"""50706037""","""50706037"" ""National Natural Science Foundation of China""","award.number:50706037,award.funder:501100001809","site:edu.cn OR site:ac.cn ""50706037""",queued,true,bibliographic/aggregator evidence only; API channels may share provenance; no PI or project fact inferred,200,0,0,200,0,0,0,0,200,200,,0,no_match_all_sources,E_negative_probe_only,,,,,not_checked,true,exact_web_and_institution_search,,2026-08-27T07:33:47+00:00,bibliographic/aggregator evidence only; API channels may share provenance; no PI or project fact inferred
E,51965048,2019,regional,E05,2019|regional|E05|51965|3,0.983051,P1,false,immediate_probe,"""51965048""","""51965048"" ""National Natural Science Foundation of China""","award.number:51965048,award.funder:501100001809","site:edu.cn OR site:ac.cn ""51965048""",queued,true,bibliographic/aggregator evidence only; API channels may share provenance; no PI or project fact inferred,200,0,0,200,1,1,0,0,200,200,crossref,1,confirmed_bibliographic,C_bibliographic,,,,,not_checked,true,official_or_institutional_confirmation,,2026-08-27T07:33:47+00:00,bibliographic/aggregator evidence only; API channels may share provenance; no PI or project fact inferred
E,50807010,2008,youth_c,E07,2008|youth_c|E07|50807|3,0.982759,P1,false,immediate_probe,"""50807010""","""50807010"" ""National Natural Science Foundation of China""","award.number:50807010,award.funder:501100001809","site:edu.cn OR site:ac.cn ""50807010""",queued,true,bibliographic/aggregator evidence only; API channels may share provenance; no PI or project fact inferred,200,0,0,200,0,0,0,0,200,200,,0,no_match_all_sources,E_negative_probe_only,,,,,not_checked,true,exact_web_and_institution_search,,2026-08-27T07:33:47+00:00,bibliographic/aggregator evidence only; API channels may share provenance; no PI or project fact inferred
E,50175010,2001,general,E05,2001|general|E05|50175|3,0.982456,P1,false,immediate_probe,"""50175010""","""50175010"" ""National Natural Science Foundation of China""","award.number:50175010,award.funder:501100001809","site:edu.cn OR site:ac.cn ""50175010""",queued,true,bibliographic/aggregator evidence only; API channels may share provenance; no PI or project fact inferred,200,0,0,200,0,0,0,0,200,200,,0,no_match_all_sources,E_negative_probe_only,,,,,not_checked,true,exact_web_and_institution_search,,2026-08-27T07:33:47+00:00,bibliographic/aggregator evidence only; API channels may share provenance; no PI or project fact inferred
E,50175104,2001,general,E05,2001|general|E05|50175|3,0.982456,P1,false,immediate_probe,"""50175104""","""50175104"" ""National Natural Science Foundation of China""","award.number:50175104,award.funder:501100001809","site:edu.cn OR site:ac.cn ""50175104""",queued,true,bibliographic/aggregator evidence only; API channels may share provenance; no PI or project fact inferred,200,0,0,200,0,0,0,0,200,200,,0,no_match_all_sources,E_negative_probe_only,,,,,not_checked,true,exact_web_and_institution_search,,2026-08-27T07:33:47+00:00,bibliographic/aggregator evidence only; API channels may share provenance; no PI or project fact inferred
E,51365030,2013,regional,E05,2013|regional|E05|51365|3,0.981481,P1,false,immediate_probe,"""51365030""","""51365030"" ""National Natural Science Foundation of China""","award.number:51365030,award.funder:501100001809","site:edu.cn OR site:ac.cn ""51365030""",queued,true,bibliographic/aggregator evidence only; API channels may share provenance; no PI or project fact inferred,200,6,6,,0,0,0,0,200,200,crossref,6,confirmed_bibliographic,C_bibliographic,,,,,not_checked,true,official_or_institutional_confirmation,,2026-08-27T07:33:47+00:00,bibliographic/aggregator evidence only; API channels may share provenance; no PI or project fact inferred
E,50906090,2009,youth_c,E06,2009|youth_c|E06|50906|3,0.980769,P1,false,immediate_probe,"""50906090""","""50906090"" ""National Natural Science Foundation of China""","award.number:50906090,award.funder:501100001809","site:edu.cn OR site:ac.cn ""50906090""",queued,true,bibliographic/aggregator evidence only; API channels may share provenance; no PI or project fact inferred,200,0,0,200,0,0,0,0,200,200,,0,no_match_all_sources,E_negative_probe_only,,,,,not_checked,true,exact_web_and_institution_search,,2026-08-27T07:33:47+00:00,bibliographic/aggregator evidence only; API channels may share provenance; no PI or project fact inferred
E,50906101,2009,youth_c,E06,2009|youth_c|E06|50906|3,0.980769,P1,false,immediate_probe,"""50906101""","""50906101"" ""National Natural Science Foundation of China""","award.number:50906101,award.funder:501100001809","site:edu.cn OR site:ac.cn ""50906101""",queued,true,bibliographic/aggregator evidence only; API channels may share provenance; no PI or project fact inferred,200,0,0,200,0,0,0,0,200,200,,0,no_match_all_sources,E_negative_probe_only,,,,,not_checked,true,exact_web_and_institution_search,,2026-08-27T07:33:47+00:00,bibliographic/aggregator evidence only; API channels may share provenance; no PI or project fact inferred
E,51764014,2017,regional,E04,2017|regional|E04|51764|3,0.980769,P1,false,immediate_probe,"""51764014""","""51764014"" ""National Natural Science Foundation of China""","award.number:51764014,award.funder:501100001809","site:edu.cn OR site:ac.cn ""51764014""",queued,true,bibliographic/aggregator evidence only; API channels may share provenance; no PI or project fact inferred,200,5,5,,0,0,0,0,200,200,crossref,5,confirmed_bibliographic,C_bibliographic,,,,,not_checked,true,official_or_institutional_confirmation,,2026-08-27T07:33:47+00:00,bibliographic/aggregator evidence only; API channels may share provenance; no PI or project fact inferred
E,51902002,2019,youth_c,E02,2019|youth_c|E02|51902|3,0.980556,P1,false,immediate_probe,"""51902002""","""51902002"" ""National Natural Science Foundation of China""","award.number:51902002,award.funder:501100001809","site:edu.cn OR site:ac.cn ""51902002""",queued,true,bibliographic/aggregator evidence only; API channels may share provenance; no PI or project fact inferred,200,0,0,200,0,0,0,0,200,200,,0,no_match_all_sources,E_negative_probe_only,,,,,not_checked,true,exact_web_and_institution_search,,2026-08-27T07:33:47+00:00,bibliographic/aggregator evidence only; API channels may share provenance; no PI or project fact inferred
E,51902186,2019,youth_c,E02,2019|youth_c|E02|51902|3,0.980556,P1,false,immediate_probe,"""51902186""","""51902186"" ""National Natural Science Foundation of China""","award.number:51902186,award.funder:501100001809","site:edu.cn OR site:ac.cn ""51902186""",queued,true,bibliographic/aggregator evidence only; API channels may share provenance; no PI or project fact inferred,200,0,0,200,0,0,0,0,200,200,,0,no_match_all_sources,E_negative_probe_only,,,,,not_checked,true,exact_web_and_institution_search,,2026-08-27T07:33:47+00:00,bibliographic/aggregator evidence only; API channels may share provenance; no PI or project fact inferred
E,51902206,2019,youth_c,E02,2019|youth_c|E02|51902|3,0.980556,P1,false,immediate_probe,"""51902206""","""51902206"" ""National Natural Science Foundation of China""","award.number:51902206,award.funder:501100001809","site:edu.cn OR site:ac.cn ""51902206""",queued,true,bibliographic/aggregator evidence only; API channels may share provenance; no PI or project fact inferred,200,0,0,200,0,0,0,0,200,200,,0,no_match_all_sources,E_negative_probe_only,,,,,not_checked,true,exact_web_and_institution_search,,2026-08-27T07:33:47+00:00,bibliographic/aggregator evidence only; API channels may share provenance; no PI or project fact inferred
E,51902214,2019,youth_c,E02,2019|youth_c|E02|51902|3,0.980556,P1,false,immediate_probe,"""51902214""","""51902214"" ""National Natural Science Foundation of China""","award.number:51902214,award.funder:501100001809","site:edu.cn OR site:ac.cn ""51902214""",queued,true,bibliographic/aggregator evidence only; API channels may share provenance; no PI or project fact inferred,200,0,0,200,0,0,0,0,200,200,,0,no_match_all_sources,E_negative_probe_only,,,,,not_checked,true,exact_web_and_institution_search,,2026-08-27T07:33:47+00:00,bibliographic/aggregator evidence only; API channels may share provenance; no PI or project fact inferred
E,51902225,2019,youth_c,E02,2019|youth_c|E02|51902|3,0.980556,P1,false,immediate_probe,"""51902225""","""51902225"" ""National Natural Science Foundation of China""","award.number:51902225,award.funder:501100001809","site:edu.cn OR site:ac.cn ""51902225""",queued,true,bibliographic/aggregator evidence only; API channels may share provenance; no PI or project fact inferred,200,0,0,200,0,0,0,0,200,200,,0,no_match_all_sources,E_negative_probe_only,,,,,not_checked,true,exact_web_and_institution_search,,2026-08-27T07:33:47+00:00,bibliographic/aggregator evidence only; API channels may share provenance; no PI or project fact inferred
E,51902302,2019,youth_c,E02,2019|youth_c|E02|51902|3,0.980556,P1,false,immediate_probe,"""51902302""","""51902302"" ""National Natural Science Foundation of China""","award.number:51902302,award.funder:501100001809","site:edu.cn OR site:ac.cn ""51902302""",queued,true,bibliographic/aggregator evidence only; API channels may share provenance; no PI or project fact inferred,200,0,0,200,0,0,0,0,200,200,,0,no_match_all_sources,E_negative_probe_only,,,,,not_checked,true,exact_web_and_institution_search,,2026-08-27T07:33:47+00:00,bibliographic/aggregator evidence only; API channels may share provenance; no PI or project fact inferred
E,51902352,2019,youth_c,E02,2019|youth_c|E02|51902|3,0.980556,P1,false,immediate_probe,"""51902352""","""51902352"" ""National Natural Science Foundation of China""","award.number:51902352,award.funder:501100001809","site:edu.cn OR site:ac.cn ""51902352""",queued,true,bibliographic/aggregator evidence only; API channels may share provenance; no PI or project fact inferred,200,1,1,,0,0,0,0,200,200,crossref,1,confirmed_bibliographic,C_bibliographic,,,,,not_checked,true,official_or_institutional_confirmation,,2026-08-27T07:33:47+00:00,bibliographic/aggregator evidence only; API channels may share provenance; no PI or project fact inferred
E,50602015,2006,youth_c,E02,2006|youth_c|E02|50602|3,0.980392,P1,false,immediate_probe,"""50602015""","""50602015"" ""National Natural Science Foundation of China""","award.number:50602015,award.funder:501100001809","site:edu.cn OR site:ac.cn ""50602015""",queued,true,bibliographic/aggregator evidence only; API channels may share provenance; no PI or project fact inferred,200,0,0,200,0,0,0,0,200,200,,0,no_match_all_sources,E_negative_probe_only,,,,,not_checked,true,exact_web_and_institution_search,,2026-08-27T07:33:47+00:00,bibliographic/aggregator evidence only; API channels may share provenance; no PI or project fact inferred
B,22061042,2020,regional,B01,2020|regional|B01|22061|3,0.979592,P2,false,next_probe_batch,"""22061042""","""22061042"" ""National Natural Science Foundation of China""","award.number:22061042,award.funder:501100001809","site:edu.cn OR site:ac.cn ""22061042""",queued,true,bibliographic/aggregator evidence only; API channels may share provenance; no PI or project fact inferred,200,1,1,,0,0,0,0,200,200,crossref,1,confirmed_bibliographic,C_bibliographic,,,,,not_checked,true,official_or_institutional_confirmation,,2026-08-27T07:33:47+00:00,bibliographic/aggregator evidence only; API channels may share provenance; no PI or project fact inferred
E,59876042,1998,general,E06,1998|general|E06|59876|3,0.979167,P2,false,next_probe_batch,"""59876042""","""59876042"" ""National Natural Science Foundation of China""","award.number:59876042,award.funder:501100001809","site:edu.cn OR site:ac.cn ""59876042""",queued,true,bibliographic/aggregator evidence only; API channels may share provenance; no PI or project fact inferred,200,0,0,200,0,0,0,0,200,200,,0,no_match_all_sources,E_negative_probe_only,,,,,not_checked,true,exact_web_and_institution_search,,2026-08-27T07:33:47+00:00,bibliographic/aggregator evidence only; API channels may share provenance; no PI or project fact inferred
E,50901004,2009,youth_c,E01,2009|youth_c|E01|50901|3,0.978261,P2,false,next_probe_batch,"""50901004""","""50901004"" ""National Natural Science Foundation of China""","award.number:50901004,award.funder:501100001809","site:edu.cn OR site:ac.cn ""50901004""",queued,true,bibliographic/aggregator evidence only; API channels may share provenance; no PI or project fact inferred,200,0,0,200,0,0,0,0,200,200,,0,no_match_all_sources,E_negative_probe_only,,,,,not_checked,true,exact_web_and_institution_search,,2026-08-27T07:33:47+00:00,bibliographic/aggregator evidence only; API channels may share provenance; no PI or project fact inferred
E,50901085,2009,youth_c,E01,2009|youth_c|E01|50901|3,0.978261,P2,false,next_probe_batch,"""50901085""","""50901085"" ""National Natural Science Foundation of China""","award.number:50901085,award.funder:501100001809","site:edu.cn OR site:ac.cn ""50901085""",queued,true,bibliographic/aggregator evidence only; API channels may share provenance; no PI or project fact inferred,200,0,0,200,0,0,0,0,200,200,,0,no_match_all_sources,E_negative_probe_only,,,,,not_checked,true,exact_web_and_institution_search,,2026-08-27T07:33:47+00:00,bibliographic/aggregator evidence only; API channels may share provenance; no PI or project fact inferred
E,51864002,2018,regional,E04,2018|regional|E04|51864|3,0.978261,P2,false,next_probe_batch,"""51864002""","""51864002"" ""National Natural Science Foundation of China""","award.number:51864002,award.funder:501100001809","site:edu.cn OR site:ac.cn ""51864002""",queued,true,bibliographic/aggregator evidence only; API channels may share provenance; no PI or project fact inferred,200,0,0,200,0,0,0,0,200,200,,0,no_match_all_sources,E_negative_probe_only,,,,,not_checked,true,exact_web_and_institution_search,,2026-08-27T07:33:47+00:00,bibliographic/aggregator evidence only; API channels may share provenance; no PI or project fact inferred
E,50806054,2008,youth_c,E06,2008|youth_c|E06|50806|3,0.977011,P2,false,next_probe_batch,"""50806054""","""50806054"" ""National Natural Science Foundation of China""","award.number:50806054,award.funder:501100001809","site:edu.cn OR site:ac.cn ""50806054""",queued,true,bibliographic/aggregator evidence only; API channels may share provenance; no PI or project fact inferred,200,0,0,200,0,0,0,0,200,200,,0,no_match_all_sources,E_negative_probe_only,,,,,not_checked,true,exact_web_and_institution_search,,2026-08-27T07:33:47+00:00,bibliographic/aggregator evidence only; API channels may share provenance; no PI or project fact inferred
E,50806074,2008,youth_c,E06,2008|youth_c|E06|50806|3,0.977011,P2,false,next_probe_batch,"""50806074""","""50806074"" ""National Natural Science Foundation of China""","award.number:50806074,award.funder:501100001809","site:edu.cn OR site:ac.cn ""50806074""",queued,true,bibliographic/aggregator evidence only; API channels may share provenance; no PI or project fact inferred,200,0,0,200,0,0,0,0,200,200,,0,no_match_all_sources,E_negative_probe_only,,,,,not_checked,true,exact_web_and_institution_search,,2026-08-27T07:33:47+00:00,bibliographic/aggregator evidence only; API channels may share provenance; no PI or project fact inferred
E,50272013,2002,general,E02,2002|general|E02|50272|3,0.976190,P2,false,next_probe_batch,"""50272013""","""50272013"" ""National Natural Science Foundation of China""","award.number:50272013,award.funder:501100001809","site:edu.cn OR site:ac.cn ""50272013""",queued,true,bibliographic/aggregator evidence only; API channels may share provenance; no PI or project fact inferred,200,0,0,200,0,0,0,0,200,200,,0,no_match_all_sources,E_negative_probe_only,,,,,not_checked,true,exact_web_and_institution_search,,2026-08-27T07:33:47+00:00,bibliographic/aggregator evidence only; API channels may share provenance; no PI or project fact inferred
E,50272073,2002,general,E02,2002|general|E02|50272|3,0.976190,P2,false,next_probe_batch,"""50272073""","""50272073"" ""National Natural Science Foundation of China""","award.number:50272073,award.funder:501100001809","site:edu.cn OR site:ac.cn ""50272073""",queued,true,bibliographic/aggregator evidence only; API channels may share provenance; no PI or project fact inferred,200,0,0,200,0,0,0,0,200,200,,0,no_match_all_sources,E_negative_probe_only,,,,,not_checked,true,exact_web_and_institution_search,,2026-08-27T07:33:47+00:00,bibliographic/aggregator evidence only; API channels may share provenance; no PI or project fact inferred
E,59272076,1992,general,E02,1992|general|E02|59272|3,0.975610,P2,false,next_probe_batch,"""59272076""","""59272076"" ""National Natural Science Foundation of China""","award.number:59272076,award.funder:501100001809","site:edu.cn OR site:ac.cn ""59272076""",queued,true,bibliographic/aggregator evidence only; API channels may share provenance; no PI or project fact inferred,200,0,0,200,0,0,0,0,200,200,,0,no_match_all_sources,E_negative_probe_only,,,,,not_checked,true,exact_web_and_institution_search,,2026-08-27T07:33:47+00:00,bibliographic/aggregator evidence only; API channels may share provenance; no PI or project fact inferred
E,50671062,2006,general,E01,2006|general|E01|50671|3,0.975410,P2,false,next_probe_batch,"""50671062""","""50671062"" ""National Natural Science Foundation of China""","award.number:50671062,award.funder:501100001809","site:edu.cn OR site:ac.cn ""50671062""",queued,true,bibliographic/aggregator evidence only; API channels may share provenance; no PI or project fact inferred,200,4,4,,0,0,0,0,200,200,crossref,4,confirmed_bibliographic,C_bibliographic,,,,,not_checked,true,official_or_institutional_confirmation,,2026-08-27T07:33:47+00:00,bibliographic/aggregator evidence only; API channels may share provenance; no PI or project fact inferred
E,50671089,2006,general,E01,2006|general|E01|50671|3,0.975410,P2,false,next_probe_batch,"""50671089""","""50671089"" ""National Natural Science Foundation of China""","award.number:50671089,award.funder:501100001809","site:edu.cn OR site:ac.cn ""50671089""",queued,true,bibliographic/aggregator evidence only; API channels may share provenance; no PI or project fact inferred,200,0,0,200,0,0,0,0,200,200,,0,no_match_all_sources,E_negative_probe_only,,,,,not_checked,true,exact_web_and_institution_search,,2026-08-27T07:33:47+00:00,bibliographic/aggregator evidence only; API channels may share provenance; no PI or project fact inferred
E,50671101,2006,general,E01,2006|general|E01|50671|3,0.975410,P2,false,next_probe_batch,"""50671101""","""50671101"" ""National Natural Science Foundation of China""","award.number:50671101,award.funder:501100001809","site:edu.cn OR site:ac.cn ""50671101""",queued,true,bibliographic/aggregator evidence only; API channels may share provenance; no PI or project fact inferred,200,0,0,200,0,0,0,0,200,200,,0,no_match_all_sources,E_negative_probe_only,,,,,not_checked,true,exact_web_and_institution_search,,2026-08-27T07:33:47+00:00,bibliographic/aggregator evidence only; API channels may share provenance; no PI or project fact inferred
B,21766012,2017,regional,B08,2017|regional|B08|21766|3,0.975000,P2,false,next_probe_batch,"""21766012""","""21766012"" ""National Natural Science Foundation of China""","award.number:21766012,award.funder:501100001809","site:edu.cn OR site:ac.cn ""21766012""",queued,true,bibliographic/aggregator evidence only; API channels may share provenance; no PI or project fact inferred,200,16,16,,0,0,0,0,200,200,crossref,16,confirmed_bibliographic,C_bibliographic,,,,,not_checked,true,official_or_institutional_confirmation,,2026-08-27T07:33:47+00:00,bibliographic/aggregator evidence only; API channels may share provenance; no PI or project fact inferred
E,50376032,2003,general,E06,2003|general|E06|50376|3,0.974359,P2,false,next_probe_batch,"""50376032""","""50376032"" ""National Natural Science Foundation of China""","award.number:50376032,award.funder:501100001809","site:edu.cn OR site:ac.cn ""50376032""",queued,true,bibliographic/aggregator evidence only; API channels may share provenance; no PI or project fact inferred,200,0,0,200,0,0,0,0,200,200,,0,no_match_all_sources,E_negative_probe_only,,,,,not_checked,true,exact_web_and_institution_search,,2026-08-27T07:33:47+00:00,bibliographic/aggregator evidence only; API channels may share provenance; no PI or project fact inferred
E,50376064,2003,general,E06,2003|general|E06|50376|3,0.974359,P2,false,next_probe_batch,"""50376064""","""50376064"" ""National Natural Science Foundation of China""","award.number:50376064,award.funder:501100001809","site:edu.cn OR site:ac.cn ""50376064""",queued,true,bibliographic/aggregator evidence only; API channels may share provenance; no PI or project fact inferred,200,0,0,200,0,0,0,0,200,200,,0,no_match_all_sources,E_negative_probe_only,,,,,not_checked,true,exact_web_and_institution_search,,2026-08-27T07:33:47+00:00,bibliographic/aggregator evidence only; API channels may share provenance; no PI or project fact inferred
E,51662003,2016,regional,E02,2016|regional|E02|51662|3,0.974359,P2,false,next_probe_batch,"""51662003""","""51662003"" ""National Natural Science Foundation of China""","award.number:51662003,award.funder:501100001809","site:edu.cn OR site:ac.cn ""51662003""",queued,true,bibliographic/aggregator evidence only; API channels may share provenance; no PI or project fact inferred,200,6,6,,0,0,0,0,200,200,crossref,6,confirmed_bibliographic,C_bibliographic,,,,,not_checked,true,official_or_institutional_confirmation,,2026-08-27T07:33:47+00:00,bibliographic/aggregator evidence only; API channels may share provenance; no PI or project fact inferred
E,51562017,2015,regional,E02,2015|regional|E02|51562|3,0.973684,P2,false,next_probe_batch,"""51562017""","""51562017"" ""National Natural Science Foundation of China""","award.number:51562017,award.funder:501100001809","site:edu.cn OR site:ac.cn ""51562017""",queued,true,bibliographic/aggregator evidence only; API channels may share provenance; no PI or project fact inferred,200,0,0,200,0,0,0,0,200,200,,0,no_match_all_sources,E_negative_probe_only,,,,,not_checked,true,exact_web_and_institution_search,,2026-08-27T07:33:47+00:00,bibliographic/aggregator evidence only; API channels may share provenance; no PI or project fact inferred
E,51862030,2018,regional,E02,2018|regional|E02|51862|3,0.972222,P2,false,next_probe_batch,"""51862030""","""51862030"" ""National Natural Science Foundation of China""","award.number:51862030,award.funder:501100001809","site:edu.cn OR site:ac.cn ""51862030""",queued,true,bibliographic/aggregator evidence only; API channels may share provenance; no PI or project fact inferred,200,5,5,,0,0,0,0,200,200,crossref,5,confirmed_bibliographic,C_bibliographic,,,,,not_checked,true,official_or_institutional_confirmation,,2026-08-27T07:33:47+00:00,bibliographic/aggregator evidence only; API channels may share provenance; no PI or project fact inferred
E,50173004,2001,general,E03,2001|general|E03|50173|3,0.970588,P2,false,next_probe_batch,"""50173004""","""50173004"" ""National Natural Science Foundation of China""","award.number:50173004,award.funder:501100001809","site:edu.cn OR site:ac.cn ""50173004""",queued,true,bibliographic/aggregator evidence only; API channels may share provenance; no PI or project fact inferred,200,0,0,200,0,0,0,0,200,200,,0,no_match_all_sources,E_negative_probe_only,,,,,not_checked,true,exact_web_and_institution_search,,2026-08-27T07:33:47+00:00,bibliographic/aggregator evidence only; API channels may share provenance; no PI or project fact inferred
E,59373132,1993,general,E03,1993|general|E03|59373|3,0.968750,P2,false,next_probe_batch,"""59373132""","""59373132"" ""National Natural Science Foundation of China""","award.number:59373132,award.funder:501100001809","site:edu.cn OR site:ac.cn ""59373132""",queued,true,bibliographic/aggregator evidence only; API channels may share provenance; no PI or project fact inferred,200,0,0,200,0,0,0,0,200,200,,0,no_match_all_sources,E_negative_probe_only,,,,,not_checked,true,exact_web_and_institution_search,,2026-08-27T07:33:47+00:00,bibliographic/aggregator evidence only; API channels may share provenance; no PI or project fact inferred
E,50403006,2004,youth_c,E03,2004|youth_c|E03|50403|3,0.966667,P2,false,next_probe_batch,"""50403006""","""50403006"" ""National Natural Science Foundation of China""","award.number:50403006,award.funder:501100001809","site:edu.cn OR site:ac.cn ""50403006""",queued,true,bibliographic/aggregator evidence only; API channels may share provenance; no PI or project fact inferred,200,0,0,200,1,1,0,0,200,200,,0,award_number_only,D_award_only,,,,,not_checked,true,exact_web_and_institution_search,,2026-08-27T07:33:47+00:00,bibliographic/aggregator evidence only; API channels may share provenance; no PI or project fact inferred
E,50177020,2001,general,E07,2001|general|E07|50177|3,0.965517,P2,false,next_probe_batch,"""50177020""","""50177020"" ""National Natural Science Foundation of China""","award.number:50177020,award.funder:501100001809","site:edu.cn OR site:ac.cn ""50177020""",queued,true,bibliographic/aggregator evidence only; API channels may share provenance; no PI or project fact inferred,200,0,0,200,0,0,0,0,200,200,,0,no_match_all_sources,E_negative_probe_only,,,,,not_checked,true,exact_web_and_institution_search,,2026-08-27T07:33:47+00:00,bibliographic/aggregator evidence only; API channels may share provenance; no PI or project fact inferred
E,50571022,2005,general,E01,2005|general|E01|50571|3,0.964912,P2,false,next_probe_batch,"""50571022""","""50571022"" ""National Natural Science Foundation of China""","award.number:50571022,award.funder:501100001809","site:edu.cn OR site:ac.cn ""50571022""",queued,true,bibliographic/aggregator evidence only; API channels may share provenance; no PI or project fact inferred,200,0,0,200,0,0,0,0,200,200,,0,no_match_all_sources,E_negative_probe_only,,,,,not_checked,true,exact_web_and_institution_search,,2026-08-27T07:33:47+00:00,bibliographic/aggregator evidence only; API channels may share provenance; no PI or project fact inferred
E,50571058,2005,general,E01,2005|general|E01|50571|3,0.964912,P2,false,next_probe_batch,"""50571058""","""50571058"" ""National Natural Science Foundation of China""","award.number:50571058,award.funder:501100001809","site:edu.cn OR site:ac.cn ""50571058""",queued,true,bibliographic/aggregator evidence only; API channels may share provenance; no PI or project fact inferred,200,0,0,200,0,0,0,0,200,200,,0,no_match_all_sources,E_negative_probe_only,,,,,not_checked,true,exact_web_and_institution_search,,2026-08-27T07:33:47+00:00,bibliographic/aggregator evidence only; API channels may share provenance; no PI or project fact inferred
E,50571060,2005,general,E01,2005|general|E01|50571|3,0.964912,P2,false,next_probe_batch,"""50571060""","""50571060"" ""National Natural Science Foundation of China""","award.number:50571060,award.funder:501100001809","site:edu.cn OR site:ac.cn ""50571060""",queued,true,bibliographic/aggregator evidence only; API channels may share provenance; no PI or project fact inferred,200,0,0,200,0,0,0,0,200,200,,0,no_match_all_sources,E_negative_probe_only,,,,,not_checked,true,exact_web_and_institution_search,,2026-08-27T07:33:47+00:00,bibliographic/aggregator evidence only; API channels may share provenance; no PI or project fact inferred
E,50571061,2005,general,E01,2005|general|E01|50571|3,0.964912,P2,false,next_probe_batch,"""50571061""","""50571061"" ""National Natural Science Foundation of China""","award.number:50571061,award.funder:501100001809","site:edu.cn OR site:ac.cn ""50571061""",queued,true,bibliographic/aggregator evidence only; API channels may share provenance; no PI or project fact inferred,200,0,0,200,0,0,0,0,200,200,,0,no_match_all_sources,E_negative_probe_only,,,,,not_checked,true,exact_web_and_institution_search,,2026-08-27T07:33:47+00:00,bibliographic/aggregator evidence only; API channels may share provenance; no PI or project fact inferred
E,50205026,2002,youth_c,E05,2002|youth_c|E05|50205|3,0.964286,P2,false,next_probe_batch,"""50205026""","""50205026"" ""National Natural Science Foundation of China""","award.number:50205026,award.funder:501100001809","site:edu.cn OR site:ac.cn ""50205026""",queued,true,bibliographic/aggregator evidence only; API channels may share provenance; no PI or project fact inferred,200,0,0,200,0,0,0,0,200,200,,0,no_match_all_sources,E_negative_probe_only,,,,,not_checked,true,exact_web_and_institution_search,,2026-08-27T07:33:47+00:00,bibliographic/aggregator evidence only; API channels may share provenance; no PI or project fact inferred
E,50306009,2003,youth_c,E06,2003|youth_c|E06|50306|3,0.962963,P2,false,next_probe_batch,"""50306009""","""50306009"" ""National Natural Science Foundation of China""","award.number:50306009,award.funder:501100001809","site:edu.cn OR site:ac.cn ""50306009""",queued,true,bibliographic/aggregator evidence only; API channels may share provenance; no PI or project fact inferred,200,0,0,200,0,0,0,0,200,200,,0,no_match_all_sources,E_negative_probe_only,,,,,not_checked,true,exact_web_and_institution_search,,2026-08-27T07:33:47+00:00,bibliographic/aggregator evidence only; API channels may share provenance; no PI or project fact inferred
E,50505002,2005,youth_c,E05,2005|youth_c|E05|50505|3,0.961538,P2,false,next_probe_batch,"""50505002""","""50505002"" ""National Natural Science Foundation of China""","award.number:50505002,award.funder:501100001809","site:edu.cn OR site:ac.cn ""50505002""",queued,true,bibliographic/aggregator evidence only; API channels may share provenance; no PI or project fact inferred,200,0,0,200,0,0,0,0,200,200,,0,no_match_all_sources,E_negative_probe_only,,,,,not_checked,true,exact_web_and_institution_search,,2026-08-27T07:33:47+00:00,bibliographic/aggregator evidence only; API channels may share provenance; no PI or project fact inferred
E,50505050,2005,youth_c,E05,2005|youth_c|E05|50505|3,0.961538,P2,false,next_probe_batch,"""50505050""","""50505050"" ""National Natural Science Foundation of China""","award.number:50505050,award.funder:501100001809","site:edu.cn OR site:ac.cn ""50505050""",queued,true,bibliographic/aggregator evidence only; API channels may share provenance; no PI or project fact inferred,200,0,0,200,0,0,0,0,200,200,,0,no_match_all_sources,E_negative_probe_only,,,,,not_checked,true,exact_web_and_institution_search,,2026-08-27T07:33:47+00:00,bibliographic/aggregator evidence only; API channels may share provenance; no PI or project fact inferred
